"FLOAT_NUM","CYCLE_NUMBER","CHLA_FINAL","CHLA_FINAL_QC","CHLA_FLUORESCENCE","CHLA_FLUORESCENCE_QC","CHLA_FLUORESCENCE_ADJUSTED","CHLA_FLUORESCENCE_ADJUSTED_QC","DOXY_FINAL","DOXY_FINAL_QC","PRES","CHLA","CHLA_ADJUSTED","DOXY","LONGITUDE","LATITUDE","MLD","MIN_FLUOCHLA_CYCLE1","MIN_FLUOCHLA_CYCLE2","MIN_FLUOCHLA_CYCLE3","MIN_FLUOCHLA_CYCLE4","MIN_FLUOCHLA_CYCLE5","MEDIAN_FIRST5","CHLA_NOLUT","NEAREST_INDICES","PHYSIO_RATIO","MATCHED_LAT","MATCHED_LON","SCALE_CHLA","DARK_CHLA","DATE_TIME","DOXY_SLOPE","DOXY_DRIFT"
"3902693",2,0.0684739981089054,5,0.1314,1,0.0803,1,191.704156204224,1,7.55999994277954,0.131400004029274,0.065700002014637,183.853607177734,-92.905,26.2209,9.83523356352051,53,53,53,53,53,53,0.0803,8040,1.1727079215133,26,-93,0.0073,46,2026-05-31 23:19:53.002495,1.0427,0
"3902693",2,0.0746989070278969,1,0.1387,1,0.0876,1,192.219348902893,1,11.8000001907349,0.138699993491173,0.069350004196167,184.347702026367,-92.905,26.2209,9.83523356352051,53,53,53,53,53,53,0.0876,8040,1.1727079215133,26,-93,0.0073,46,2026-05-31 23:19:53.002495,1.0427,0
"3902693",2,0.0560241802709226,1,0.1168,1,0.0657,1,193.374550912476,1,16.7900009155273,0.116800002753735,0.0584000013768673,185.455596923828,-92.905,26.2209,9.83523356352051,53,53,53,53,53,53,0.0657,8040,1.1727079215133,26,-93,0.0073,46,2026-05-31 23:19:53.002495,1.0427,0
"3902693",2,0.0684739981089054,1,0.1314,1,0.0803,1,191.235564889526,1,21.9699993133545,0.131400004029274,0.065700002014637,183.404205322266,-92.905,26.2209,9.83523356352051,53,53,53,53,53,53,0.0803,8040,1.1727079215133,26,-93,0.0073,46,2026-05-31 23:19:53.002495,1.0427,0
"3902693",2,0.0684739981089054,1,0.1314,1,0.0803,1,199.374674000549,1,26.9599990844727,0.131400004029274,0.065700002014637,191.210006713867,-92.905,26.2209,9.83523356352051,53,53,53,53,53,53,0.0803,8040,1.1727079215133,26,-93,0.0073,46,2026-05-31 23:19:53.002495,1.0427,0
"3902693",2,0.0995985427038625,1,0.1679,1,0.1168,1,200.516320401001,1,31.8600006103516,0.167899996042252,0.0839500054717064,192.304901123047,-92.905,26.2209,9.83523356352051,53,53,53,53,53,53,0.1168,8040,1.1727079215133,26,-93,0.0073,46,2026-05-31 23:19:53.002495,1.0427,0
"3902693",2,0.130723087298819,1,0.2044,1,0.1533,1,198.092348379517,1,36.9300003051758,0.20440000295639,0.102200001478195,189.980194091797,-92.905,26.2209,9.83523356352051,53,53,53,53,53,53,0.1533,8040,1.1727079215133,26,-93,0.0073,46,2026-05-31 23:19:53.002495,1.0427,0
"3902693",2,0.298795628111587,1,0.4015,1,0.3504,1,194.776983685303,1,41.8300018310547,0.40149998664856,0.200750008225441,186.800598144531,-92.905,26.2209,9.83523356352051,53,53,53,53,53,53,0.3504,8040,1.1727079215133,26,-93,0.0073,46,2026-05-31 23:19:53.002495,1.0427,0
"3902693",2,0.373494535139484,1,0.4891,1,0.438,1,192.901170585632,1,46.6599998474121,0.489100009202957,0.244550004601479,185.001602172852,-92.905,26.2209,9.83523356352051,53,53,53,53,53,53,0.438,8040,1.1727079215133,26,-93,0.0073,46,2026-05-31 23:19:53.002495,1.0427,0
"3902693",2,0.566466711628218,1,0.7154,1,0.6643,1,191.680274784851,1,51.8499984741211,0.715399980545044,0.357700020074844,183.830703735352,-92.905,26.2209,9.83523356352051,53,53,53,53,53,53,0.6643,8040,1.1727079215133,26,-93,0.0073,46,2026-05-31 23:19:53.002495,1.0427,0
"3902693",2,0.759438888116951,1,0.9417,1,0.8906,1,185.559519503784,1,56.8899993896484,0.941699981689453,0.470850020647049,177.960601806641,-92.905,26.2209,9.83523356352051,53,53,53,53,53,53,0.8906,8040,1.1727079215133,26,-93,0.0073,46,2026-05-31 23:19:53.002495,1.0427,0
"3902693",2,0.435743624329398,1,0.5621,1,0.511,1,171.346049661255,1,61.5900001525879,0.562099993228912,0.281049996614456,164.329193115234,-92.905,26.2209,9.83523356352051,53,53,53,53,53,53,0.511,8040,1.1727079215133,26,-93,0.0073,46,2026-05-31 23:19:53.002495,1.0427,0
"3902693",2,0.317470354868562,1,0.4234,1,0.3723,1,165.067543365479,1,66.9400024414062,0.423400014638901,0.21170000731945,158.307800292969,-92.905,26.2209,9.83523356352051,53,53,53,53,53,53,0.3723,8040,1.1727079215133,26,-93,0.0073,46,2026-05-31 23:19:53.002495,1.0427,0
"3902693",2,0.273895992435622,1,0.3723,1,0.3212,1,157.235090135193,1,71.9599990844727,0.372299998998642,0.186149999499321,150.796096801758,-92.905,26.2209,9.83523356352051,53,53,53,53,53,53,0.3212,8040,1.1727079215133,26,-93,0.0073,46,2026-05-31 23:19:53.002495,1.0427,0
"3902693",2,0.205421994326716,1,0.292,1,0.2409,1,150.414995887756,1,76.8300018310547,0.291999995708466,0.145999997854233,144.255294799805,-92.905,26.2209,9.83523356352051,53,53,53,53,53,53,0.2409,8040,1.1727079215133,26,-93,0.0073,46,2026-05-31 23:19:53.002495,1.0427,0
"3902693",2,0.161847631893777,1,0.2409,1,0.1898,1,147.889484080505,1,81.870002746582,0.240899994969368,0.120450004935265,141.833206176758,-92.905,26.2209,9.83523356352051,53,53,53,53,53,53,0.1898,8040,1.1727079215133,26,-93,0.0073,46,2026-05-31 23:19:53.002495,1.0427,0
"3902693",2,0.105823451622854,4,0.1752,1,0.1241,1,144.666081147766,1,86.6800003051758,0.175200000405312,0.0876000002026558,138.741806030273,-92.905,26.2209,9.83523356352051,53,53,53,53,53,53,0.1241,8040,1.1727079215133,26,-93,0.0073,46,2026-05-31 23:19:53.002495,1.0427,0
"3902693",2,0.143172905136802,1,0.219,1,0.1679,1,130.910988182068,1,91.6500015258789,0.218999996781349,0.109500005841255,125.550003051758,-92.905,26.2209,9.83523356352051,53,53,53,53,53,53,0.1679,8040,1.1727079215133,26,-93,0.0073,46,2026-05-31 23:19:53.002495,1.0427,0
"3902693",2,0.124498178379828,4,0.1971,1,0.146,1,126.543218180847,1,96.8600006103516,0.19709999859333,0.0985499992966652,121.361099243164,-92.905,26.2209,9.83523356352051,53,53,53,53,53,53,0.146,8040,1.1727079215133,26,-93,0.0073,46,2026-05-31 23:19:53.002495,1.0427,0
"3902693",2,0.161847631893777,1,0.2409,1,0.1898,1,119.805189463806,1,101.73999786377,0.240899994969368,0.120450004935265,114.899002075195,-92.905,26.2209,9.83523356352051,53,53,53,53,53,53,0.1898,8040,1.1727079215133,26,-93,0.0073,46,2026-05-31 23:19:53.002495,1.0427,0
"3902693",2,0.149397814055794,1,0.2263,1,0.1752,1,122.859155237579,1,111.910003662109,0.226300001144409,0.113150000572205,117.827903747559,-92.905,26.2209,9.83523356352051,53,53,53,53,53,53,0.1752,8040,1.1727079215133,26,-93,0.0073,46,2026-05-31 23:19:53.002495,1.0427,0
"3902693",2,0.105823451622854,1,0.1752,1,0.1241,1,121.757642668152,1,121.589996337891,0.175200000405312,0.0876000002026558,116.771499633789,-92.905,26.2209,9.83523356352051,53,53,53,53,53,53,0.1241,8040,1.1727079215133,26,-93,0.0073,46,2026-05-31 23:19:53.002495,1.0427,0
"3902693",2,0.0684739981089054,1,0.1314,1,0.0803,1,121.1198210289,1,131.619995117188,0.131400004029274,0.065700002014637,116.159797668457,-92.905,26.2209,9.83523356352051,53,53,53,53,53,53,0.0803,8040,1.1727079215133,26,-93,0.0073,46,2026-05-31 23:19:53.002495,1.0427,0
"3902693",2,0.0373494535139484,1,0.0949,1,0.0438,1,122.165862200165,1,141.559997558594,0.0948999971151352,0.0474500022828579,117.16300201416,-92.905,26.2209,9.83523356352051,53,53,53,53,53,53,0.0438,8040,1.1727079215133,26,-93,0.0073,46,2026-05-31 23:19:53.002495,1.0427,0
"3902693",2,0.0124498178379828,1,0.0657,1,0.0146,1,117.720099715424,1,151.729995727539,0.065700002014637,0.0328500010073185,112.899299621582,-92.905,26.2209,9.83523356352051,53,53,53,53,53,53,0.0146,8040,1.1727079215133,26,-93,0.0073,46,2026-05-31 23:19:53.002495,1.0427,0
"3902693",2,0.0124498178379828,1,0.0657,1,0.0146,1,115.775466442871,1,161.169998168945,0.065700002014637,0.0328500010073185,111.034301757812,-92.905,26.2209,9.83523356352051,53,53,53,53,53,53,0.0146,8040,1.1727079215133,26,-93,0.0073,46,2026-05-31 23:19:53.002495,1.0427,0
"3902693",2,0,1,0.0438,1,-0.0073,1,113.558583398437,1,171.830001831055,0.0438000001013279,0.0219000000506639,108.908203125,-92.905,26.2209,9.83523356352051,53,53,53,53,53,53,0,8040,1.1727079215133,26,-93,0.0073,46,2026-05-31 23:19:53.002495,1.0427,0
"3902693",2,0,1,0.0438,1,-0.0073,1,113.493414648437,1,181.350006103516,0.0438000001013279,0.0219000000506639,108.845703125,-92.905,26.2209,9.83523356352051,53,53,53,53,53,53,0,8040,1.1727079215133,26,-93,0.0073,46,2026-05-31 23:19:53.002495,1.0427,0
"3902693",2,0,1,0.0438,1,-0.0073,1,112.108809410858,1,191.240005493164,0.0438000001013279,0.0219000000506639,107.517799377441,-92.905,26.2209,9.83523356352051,53,53,53,53,53,53,0,8040,1.1727079215133,26,-93,0.0073,46,2026-05-31 23:19:53.002495,1.0427,0
"3902693",2,0,1,0.0438,1,-0.0073,1,113.182995972443,1,201.610000610352,0.0438000001013279,0.0219000000506639,108.547996520996,-92.905,26.2209,9.83523356352051,53,53,53,53,53,53,0,8040,1.1727079215133,26,-93,0.0073,46,2026-05-31 23:19:53.002495,1.0427,0
"3902693",2,0,1,0.0365,1,-0.0146,1,111.32699124527,1,211.100006103516,0.0364999994635582,0.0182499997317791,106.767997741699,-92.905,26.2209,9.83523356352051,53,53,53,53,53,53,0,8040,1.1727079215133,26,-93,0.0073,46,2026-05-31 23:19:53.002495,1.0427,0
"3902693",2,0,1,0.0511,1,0,1,114.8233758255,1,221.839996337891,0.0511000007390976,0.0255500003695488,110.121200561523,-92.905,26.2209,9.83523356352051,53,53,53,53,53,53,0,8040,1.1727079215133,26,-93,0.0073,46,2026-05-31 23:19:53.002495,1.0427,0
"3902693",2,0,1,0.0438,1,-0.0073,1,114.453945700836,1,231.759994506836,0.0438000001013279,0.0219000000506639,109.766899108887,-92.905,26.2209,9.83523356352051,53,53,53,53,53,53,0,8040,1.1727079215133,26,-93,0.0073,46,2026-05-31 23:19:53.002495,1.0427,0
"3902693",2,0,1,0.0438,1,-0.0073,1,110.787081834412,1,241.889999389648,0.0438000001013279,0.0219000000506639,106.250198364258,-92.905,26.2209,9.83523356352051,53,53,53,53,53,53,0,8040,1.1727079215133,26,-93,0.0073,46,2026-05-31 23:19:53.002495,1.0427,0
"3902693",2,0,1,0.0438,1,-0.0073,1,110.10432144165,1,251.220001220703,0.0438000001013279,0.0219000000506639,105.595397949219,-92.905,26.2209,9.83523356352051,53,53,53,53,53,53,0,8040,1.1727079215133,26,-93,0.0073,46,2026-05-31 23:19:53.002495,1.0427,0
"3902693",2,0,1,0.0511,1,0,1,108.936916201782,1,261.700012207031,0.0511000007390976,0.0255500003695488,104.475799560547,-92.905,26.2209,9.83523356352051,53,53,53,53,53,53,0,8040,1.1727079215133,26,-93,0.0073,46,2026-05-31 23:19:53.002495,1.0427,0
"3902693",2,0,1,0.0438,1,-0.0073,1,109.334292837524,1,271.279998779297,0.0438000001013279,0.0219000000506639,104.856903076172,-92.905,26.2209,9.83523356352051,53,53,53,53,53,53,0,8040,1.1727079215133,26,-93,0.0073,46,2026-05-31 23:19:53.002495,1.0427,0
"3902693",2,0,1,0.0438,1,-0.0073,1,109.431990276337,1,281.019989013672,0.0438000001013279,0.0219000000506639,104.95059967041,-92.905,26.2209,9.83523356352051,53,53,53,53,53,53,0,8040,1.1727079215133,26,-93,0.0073,46,2026-05-31 23:19:53.002495,1.0427,0
"3902693",2,0,1,0.0511,1,0,1,106.384070431519,1,290.970001220703,0.0511000007390976,0.0255500003695488,102.027496337891,-92.905,26.2209,9.83523356352051,53,53,53,53,53,53,0,8040,1.1727079215133,26,-93,0.0073,46,2026-05-31 23:19:53.002495,1.0427,0
"3902693",2,0,1,0.0438,1,-0.0073,1,105.788904412079,1,301.029998779297,0.0438000001013279,0.0219000000506639,101.456703186035,-92.905,26.2209,9.83523356352051,53,53,53,53,53,53,0,8040,1.1727079215133,26,-93,0.0073,46,2026-05-31 23:19:53.002495,1.0427,0
"3902693",2,0,1,0.0511,1,0,1,107.979511531067,1,311.239990234375,0.0511000007390976,0.0255500003695488,103.557601928711,-92.905,26.2209,9.83523356352051,53,53,53,53,53,53,0,8040,1.1727079215133,26,-93,0.0073,46,2026-05-31 23:19:53.002495,1.0427,0
"3902693",2,0,1,0.0511,1,0,1,108.909701566315,1,321.350006103516,0.0511000007390976,0.0255500003695488,104.449699401855,-92.905,26.2209,9.83523356352051,53,53,53,53,53,53,0,8040,1.1727079215133,26,-93,0.0073,46,2026-05-31 23:19:53.002495,1.0427,0
"3902693",2,0,1,0.0438,1,-0.0073,1,108.308895331573,1,331.519989013672,0.0438000001013279,0.0219000000506639,103.873497009277,-92.905,26.2209,9.83523356352051,53,53,53,53,53,53,0,8040,1.1727079215133,26,-93,0.0073,46,2026-05-31 23:19:53.002495,1.0427,0
"3902693",2,0,1,0.0584,1,0.0073,1,107.611958826447,1,341.799987792969,0.0584000013768673,0.0292000006884336,103.205101013184,-92.905,26.2209,9.83523356352051,53,53,53,53,53,53,0,8040,1.1727079215133,26,-93,0.0073,46,2026-05-31 23:19:53.002495,1.0427,0
"3902693",2,0,1,0.0511,1,0,1,106.10952957077,1,350.920013427734,0.0511000007390976,0.0255500003695488,101.764198303223,-92.905,26.2209,9.83523356352051,53,53,53,53,53,53,0,8040,1.1727079215133,26,-93,0.0073,46,2026-05-31 23:19:53.002495,1.0427,0
"3902693",2,0,1,0.0511,1,0,1,104.997699146271,1,360.029998779297,0.0511000007390976,0.0255500003695488,100.697898864746,-92.905,26.2209,9.83523356352051,53,53,53,53,53,53,0,8040,1.1727079215133,26,-93,0.0073,46,2026-05-31 23:19:53.002495,1.0427,0
"3902693",2,0,1,0.0511,1,0,1,103.534274087524,1,381.320007324219,0.0511000007390976,0.0255500003695488,99.2944030761719,-92.905,26.2209,9.83523356352051,53,53,53,53,53,53,0,8040,1.1727079215133,26,-93,0.0073,46,2026-05-31 23:19:53.002495,1.0427,0
"3902693",2,0,1,0.0511,1,0,1,102.855992455292,1,401.630004882812,0.0511000007390976,0.0255500003695488,98.6438980102539,-92.905,26.2209,9.83523356352051,53,53,53,53,53,53,0,8040,1.1727079215133,26,-93,0.0073,46,2026-05-31 23:19:53.002495,1.0427,0
"3902693",2,0,1,0.0438,1,-0.0073,1,104.594698205566,1,451.209991455078,0.0438000001013279,0.0219000000506639,100.311401367188,-92.905,26.2209,9.83523356352051,53,53,53,53,53,53,0,8040,1.1727079215133,26,-93,0.0073,46,2026-05-31 23:19:53.002495,1.0427,0
"3902693",2,0,1,0.0511,1,0,1,108.201810792541,1,501.790008544922,0.0511000007390976,0.0255500003695488,103.770797729492,-92.905,26.2209,9.83523356352051,53,53,53,53,53,53,0,8040,1.1727079215133,26,-93,0.0073,46,2026-05-31 23:19:53.002495,1.0427,0
"3902693",2,0,1,0.0511,1,0,1,113.077064933014,1,551.419982910156,0.0511000007390976,0.0255500003695488,108.446403503418,-92.905,26.2209,9.83523356352051,53,53,53,53,53,53,0,8040,1.1727079215133,26,-93,0.0073,46,2026-05-31 23:19:53.002495,1.0427,0
"3902693",2,0,1,0.0584,1,0.0073,1,118.705554314423,1,601.640014648438,0.0584000013768673,0.0292000006884336,113.844398498535,-92.905,26.2209,9.83523356352051,53,53,53,53,53,53,0,8040,1.1727079215133,26,-93,0.0073,46,2026-05-31 23:19:53.002495,1.0427,0
"3902693",2,0,1,0.0511,1,0,1,124.065660136414,1,651.510009765625,0.0511000007390976,0.0255500003695488,118.985000610352,-92.905,26.2209,9.83523356352051,53,53,53,53,53,53,0,8040,1.1727079215133,26,-93,0.0073,46,2026-05-31 23:19:53.002495,1.0427,0
"3902693",2,0,1,0.0511,1,0,1,129.227125371552,1,701.030029296875,0.0511000007390976,0.0255500003695488,123.935096740723,-92.905,26.2209,9.83523356352051,53,53,53,53,53,53,0,8040,1.1727079215133,26,-93,0.0073,46,2026-05-31 23:19:53.002495,1.0427,0
"3902693",2,0,1,0.0511,1,0,1,134.329785992432,1,751.409973144531,0.0511000007390976,0.0255500003695488,128.828796386719,-92.905,26.2209,9.83523356352051,53,53,53,53,53,53,0,8040,1.1727079215133,26,-93,0.0073,46,2026-05-31 23:19:53.002495,1.0427,0
"3902693",2,0,1,0.0584,1,0.0073,1,140.035965560913,1,801.799987792969,0.0584000013768673,0.0292000006884336,134.301300048828,-92.905,26.2209,9.83523356352051,53,53,53,53,53,53,0,8040,1.1727079215133,26,-93,0.0073,46,2026-05-31 23:19:53.002495,1.0427,0
"3902693",2,0,1,0.0511,1,0,1,148.089779342651,1,851.580017089844,0.0511000007390976,0.0255500003695488,142.025299072266,-92.905,26.2209,9.83523356352051,53,53,53,53,53,53,0,8040,1.1727079215133,26,-93,0.0073,46,2026-05-31 23:19:53.002495,1.0427,0
"3902693",2,0,1,0.0584,1,0.0073,1,157.245829614258,1,900.919982910156,0.0584000013768673,0.0292000006884336,150.806396484375,-92.905,26.2209,9.83523356352051,53,53,53,53,53,53,0,8040,1.1727079215133,26,-93,0.0073,46,2026-05-31 23:19:53.002495,1.0427,0
"3902693",2,0,1,0.0511,1,0,1,163.810562915039,1,951.599975585938,0.0511000007390976,0.0255500003695488,157.102294921875,-92.905,26.2209,9.83523356352051,53,53,53,53,53,53,0,8040,1.1727079215133,26,-93,0.0073,46,2026-05-31 23:19:53.002495,1.0427,0
"3902693",2,0,1,0.0511,1,0,1,170.289698590088,1,998.950012207031,0.0511000007390976,0.0255500003695488,163.316101074219,-92.905,26.2209,9.83523356352051,53,53,53,53,53,53,0,8040,1.1727079215133,26,-93,0.0073,46,2026-05-31 23:19:53.002495,1.0427,0
"3902693",2,0,1,0.0584,1,0.0073,1,182.46311289978,1,1099.66003417969,0.0584000013768673,0.0292000006884336,174.990997314453,-92.905,26.2209,9.83523356352051,53,53,53,53,53,53,0,8040,1.1727079215133,26,-93,0.0073,46,2026-05-31 23:19:53.002495,1.0427,0
"3902693",2,0,1,0.0511,1,0,1,189.66327333374,1,1199.72998046875,0.0511000007390976,0.0255500003695488,181.896301269531,-92.905,26.2209,9.83523356352051,53,53,53,53,53,53,0,8040,1.1727079215133,26,-93,0.0073,46,2026-05-31 23:19:53.002495,1.0427,0
"3902693",2,0,1,0.0511,1,0,1,192.981135951233,1,1300.06994628906,0.0511000007390976,0.0255500003695488,185.07829284668,-92.905,26.2209,9.83523356352051,53,53,53,53,53,53,0,8040,1.1727079215133,26,-93,0.0073,46,2026-05-31 23:19:53.002495,1.0427,0
"3902693",2,0,1,0.0584,1,0.0073,1,195.398330168152,1,1400,0.0584000013768673,0.0292000006884336,187.396499633789,-92.905,26.2209,9.83523356352051,53,53,53,53,53,53,0,8040,1.1727079215133,26,-93,0.0073,46,2026-05-31 23:19:53.002495,1.0427,0
"3902693",2,0,1,0.0511,1,0,1,197.34505565033,1,1499.23999023438,0.0511000007390976,0.0255500003695488,189.26350402832,-92.905,26.2209,9.83523356352051,53,53,53,53,53,53,0,8040,1.1727079215133,26,-93,0.0073,46,2026-05-31 23:19:53.002495,1.0427,0
"3902693",2,0,1,0.0511,1,0,1,198.090996000671,1,1599.23999023438,0.0511000007390976,0.0255500003695488,189.978897094727,-92.905,26.2209,9.83523356352051,53,53,53,53,53,53,0,8040,1.1727079215133,26,-93,0.0073,46,2026-05-31 23:19:53.002495,1.0427,0
"3902693",2,0,1,0.0511,1,0,1,198.946224472046,1,1699.91003417969,0.0511000007390976,0.0255500003695488,190.799102783203,-92.905,26.2209,9.83523356352051,53,53,53,53,53,53,0,8040,1.1727079215133,26,-93,0.0073,46,2026-05-31 23:19:53.002495,1.0427,0
"3902693",2,0,1,0.0438,1,-0.0073,1,199.319306019592,1,1799.13000488281,0.0438000001013279,0.0219000000506639,191.15690612793,-92.905,26.2209,9.83523356352051,53,53,53,53,53,53,0,8040,1.1727079215133,26,-93,0.0073,46,2026-05-31 23:19:53.002495,1.0427,0
"3902693",3,0.0746989070278969,1,0.1387,1,0.0876,1,187.137331947327,1,7.90999984741211,0.138699993491173,0.11827328056097,179.47380065918,-93.1809,26.2953,9.53715195631633,53,53,53,53,53,53,0.0876,8040,1.1727079215133,26,-93,0.0073,46,2026-06-11 07:19:05.000778,1.0427,0
"3902693",3,0.0497992713519312,1,0.1095,1,0.0584,1,192.495552394104,1,11.7799997329712,0.109499998390675,0.093373641371727,184.612594604492,-93.1809,26.2953,9.53715195631633,53,53,53,53,53,53,0.0584,8040,1.1727079215133,26,-93,0.0073,46,2026-06-11 07:19:05.000778,1.0427,0
"3902693",3,0.0373494535139484,1,0.0949,1,0.0438,1,192.843097846985,1,16.7399997711182,0.0948999971151352,0.080923818051815,184.945907592773,-93.1809,26.2953,9.53715195631633,53,53,53,53,53,53,0.0438,8040,1.1727079215133,26,-93,0.0073,46,2026-06-11 07:19:05.000778,1.0427,0
"3902693",3,0.0684739981089054,1,0.1314,1,0.0803,1,194.21226210022,1,21.7299995422363,0.131400004029274,0.112048365175724,186.259002685547,-93.1809,26.2953,9.53715195631633,53,53,53,53,53,53,0.0803,8040,1.1727079215133,26,-93,0.0073,46,2026-06-11 07:19:05.000778,1.0427,0
"3902693",3,0.0684739981089054,1,0.1314,1,0.0803,1,195.987553675842,1,26.6100006103516,0.131400004029274,0.112048365175724,187.96159362793,-93.1809,26.2953,9.53715195631633,53,53,53,53,53,53,0.0803,8040,1.1727079215133,26,-93,0.0073,46,2026-06-11 07:19:05.000778,1.0427,0
"3902693",3,0.0933736337848711,1,0.1606,1,0.1095,1,200.932566699219,1,31.9099998474121,0.160600006580353,0.136948004364967,192.7041015625,-93.1809,26.2953,9.53715195631633,53,53,53,53,53,53,0.1095,8040,1.1727079215133,26,-93,0.0073,46,2026-06-11 07:19:05.000778,1.0427,0
"3902693",3,0.0995985427038625,1,0.1679,1,0.1168,1,207.002536177063,1,36.9300003051758,0.167899996042252,0.143172919750214,198.525497436523,-93.1809,26.2953,9.53715195631633,53,53,53,53,53,53,0.1168,8040,1.1727079215133,26,-93,0.0073,46,2026-06-11 07:19:05.000778,1.0427,0
"3902693",3,0.0995985427038625,1,0.1679,1,0.1168,1,209.590527886963,1,41.9099998474121,0.167899996042252,0.143172919750214,201.007507324219,-93.1809,26.2953,9.53715195631633,53,53,53,53,53,53,0.1168,8040,1.1727079215133,26,-93,0.0073,46,2026-06-11 07:19:05.000778,1.0427,0
"3902693",3,0.0933736337848711,1,0.1606,1,0.1095,1,208.143975743103,1,46.5499992370605,0.160600006580353,0.136948004364967,199.620193481445,-93.1809,26.2953,9.53715195631633,53,53,53,53,53,53,0.1095,8040,1.1727079215133,26,-93,0.0073,46,2026-06-11 07:19:05.000778,1.0427,0
"3902693",3,0.124498178379828,1,0.1971,1,0.146,1,206.188706408691,1,51.8899993896484,0.19709999859333,0.168072536587715,197.744995117188,-93.1809,26.2953,9.53715195631633,53,53,53,53,53,53,0.146,8040,1.1727079215133,26,-93,0.0073,46,2026-06-11 07:19:05.000778,1.0427,0
"3902693",3,0.186747267569742,1,0.2701,1,0.219,1,200.81109125824,1,56.7900009155273,0.270099997520447,0.230321630835533,192.587600708008,-93.1809,26.2953,9.53715195631633,53,53,53,53,53,53,0.219,8040,1.1727079215133,26,-93,0.0073,46,2026-06-11 07:19:05.000778,1.0427,0
"3902693",3,0.205421994326716,1,0.292,1,0.2409,1,195.481334408569,1,61.810001373291,0.291999995708466,0.24899634718895,187.476104736328,-93.1809,26.2953,9.53715195631633,53,53,53,53,53,53,0.2409,8040,1.1727079215133,26,-93,0.0073,46,2026-06-11 07:19:05.000778,1.0427,0
"3902693",3,0.342369990544527,1,0.4526,1,0.4015,1,186.994170713806,1,66.7300033569336,0.452600002288818,0.385944366455078,179.336502075195,-93.1809,26.2953,9.53715195631633,53,53,53,53,53,53,0.4015,8040,1.1727079215133,26,-93,0.0073,46,2026-06-11 07:19:05.000778,1.0427,0
"3902693",3,0.429518715410407,1,0.5548,1,0.5037,1,172.957973872375,1,71.5899963378906,0.554799973964691,0.473093122243881,165.875106811523,-93.1809,26.2953,9.53715195631633,53,53,53,53,53,53,0.5037,8040,1.1727079215133,26,-93,0.0073,46,2026-06-11 07:19:05.000778,1.0427,0
"3902693",3,0.361044717301501,1,0.4745,1,0.4234,1,153.088171554565,1,76.620002746582,0.474500000476837,0.404619067907333,146.819000244141,-93.1809,26.2953,9.53715195631633,53,53,53,53,53,53,0.4234,8040,1.1727079215133,26,-93,0.0073,46,2026-06-11 07:19:05.000778,1.0427,0
"3902693",3,0.305020537030579,1,0.4088,1,0.3577,1,135.088359152222,1,81.9000015258789,0.408800005912781,0.348594903945923,129.556304931641,-93.1809,26.2953,9.53715195631633,53,53,53,53,53,53,0.3577,8040,1.1727079215133,26,-93,0.0073,46,2026-06-11 07:19:05.000778,1.0427,0
"3902693",3,0.255221265678648,1,0.3504,1,0.2993,1,124.607653801727,1,86.75,0.350400000810623,0.298795640468597,119.50479888916,-93.1809,26.2953,9.53715195631633,53,53,53,53,53,53,0.2993,8040,1.1727079215133,26,-93,0.0073,46,2026-06-11 07:19:05.000778,1.0427,0
"3902693",3,0.205421994326716,1,0.292,1,0.2409,1,124.029790276337,1,91.7900009155273,0.291999995708466,0.24899634718895,118.95059967041,-93.1809,26.2953,9.53715195631633,53,53,53,53,53,53,0.2409,8040,1.1727079215133,26,-93,0.0073,46,2026-06-11 07:19:05.000778,1.0427,0
"3902693",3,0.155622722974785,1,0.2336,1,0.1825,1,122.097773902893,1,96.7200012207031,0.233600005507469,0.199197083711624,117.097702026367,-93.1809,26.2953,9.53715195631633,53,53,53,53,53,53,0.1825,8040,1.1727079215133,26,-93,0.0073,46,2026-06-11 07:19:05.000778,1.0427,0
"3902693",3,0.174297449731759,1,0.2555,1,0.2044,1,115.007100469208,1,101.919998168945,0.255499988794327,0.217871829867363,110.297401428223,-93.1809,26.2953,9.53715195631633,53,53,53,53,53,53,0.2044,8040,1.1727079215133,26,-93,0.0073,46,2026-06-11 07:19:05.000778,1.0427,0
"3902693",3,0.062249089189914,1,0.1241,1,0.073,1,117.705501979065,1,111.830001831055,0.124099999666214,0.105823449790478,112.885299682617,-93.1809,26.2953,9.53715195631633,53,53,53,53,53,53,0.073,8040,1.1727079215133,26,-93,0.0073,46,2026-06-11 07:19:05.000778,1.0427,0
"3902693",3,0,1,0.0511,1,0,1,117.50270083847,1,121.620002746582,0.0511000007390976,0.0435743629932404,112.690803527832,-93.1809,26.2953,9.53715195631633,53,53,53,53,53,53,0,8040,1.1727079215133,26,-93,0.0073,46,2026-06-11 07:19:05.000778,1.0427,0
"3902693",3,0,1,0.0511,1,0,1,116.40890478363,1,131.649993896484,0.0511000007390976,0.0435743629932404,111.641799926758,-93.1809,26.2953,9.53715195631633,53,53,53,53,53,53,0,8040,1.1727079215133,26,-93,0.0073,46,2026-06-11 07:19:05.000778,1.0427,0
"3902693",3,0.00622490891899141,1,0.0584,1,0.0073,1,114.843709239197,1,141.330001831055,0.0584000013768673,0.049799270927906,110.140701293945,-93.1809,26.2953,9.53715195631633,53,53,53,53,53,53,0.0073,8040,1.1727079215133,26,-93,0.0073,46,2026-06-11 07:19:05.000778,1.0427,0
"3902693",3,0,1,0.0511,1,0,1,113.388096157074,1,151.419998168945,0.0511000007390976,0.0435743629932404,108.744697570801,-93.1809,26.2953,9.53715195631633,53,53,53,53,53,53,0,8040,1.1727079215133,26,-93,0.0073,46,2026-06-11 07:19:05.000778,1.0427,0
"3902693",3,0,1,0.0511,1,0,1,111.526562586975,1,161.660003662109,0.0511000007390976,0.0435743629932404,106.959396362305,-93.1809,26.2953,9.53715195631633,53,53,53,53,53,53,0,8040,1.1727079215133,26,-93,0.0073,46,2026-06-11 07:19:05.000778,1.0427,0
"3902693",3,-0.0124498178379828,1,0.0365,1,-0.0146,1,111.532194847107,1,171.869995117188,0.0364999994635582,0.0311245433986187,106.964797973633,-93.1809,26.2953,9.53715195631633,53,53,53,53,53,53,-0.0146,8040,1.1727079215133,26,-93,0.0073,46,2026-06-11 07:19:05.000778,1.0427,0
"3902693",3,-0.00622490891899141,1,0.0438,1,-0.0073,1,110.511912515259,1,181.679992675781,0.0438000001013279,0.0373494550585747,105.986297607422,-93.1809,26.2953,9.53715195631633,53,53,53,53,53,53,-0.0073,8040,1.1727079215133,26,-93,0.0073,46,2026-06-11 07:19:05.000778,1.0427,0
"3902693",3,0,1,0.0511,1,0,1,107.379747423553,1,191.410003662109,0.0511000007390976,0.0435743629932404,102.982398986816,-93.1809,26.2953,9.53715195631633,53,53,53,53,53,53,0,8040,1.1727079215133,26,-93,0.0073,46,2026-06-11 07:19:05.000778,1.0427,0
"3902693",3,-0.0124498178379828,1,0.0365,1,-0.0146,1,107.877534210968,1,201.889999389648,0.0364999994635582,0.0311245433986187,103.459800720215,-93.1809,26.2953,9.53715195631633,53,53,53,53,53,53,-0.0146,8040,1.1727079215133,26,-93,0.0073,46,2026-06-11 07:19:05.000778,1.0427,0
"3902693",3,0,1,0.0438,1,-0.0073,1,109.735830027008,1,211.399993896484,0.0438000001013279,0.0373494550585747,105.241996765137,-93.1809,26.2953,9.53715195631633,53,53,53,53,53,53,0,8040,1.1727079215133,26,-93,0.0073,46,2026-06-11 07:19:05.000778,1.0427,0
"3902693",3,0,1,0.0365,1,-0.0146,1,108.524528160858,1,221.089996337891,0.0364999994635582,0.0311245433986187,104.080299377441,-93.1809,26.2953,9.53715195631633,53,53,53,53,53,53,0,8040,1.1727079215133,26,-93,0.0073,46,2026-06-11 07:19:05.000778,1.0427,0
"3902693",3,0,1,0.0365,1,-0.0146,1,105.162967796326,1,231.800003051758,0.0364999994635582,0.0311245433986187,100.856399536133,-93.1809,26.2953,9.53715195631633,53,53,53,53,53,53,0,8040,1.1727079215133,26,-93,0.0073,46,2026-06-11 07:19:05.000778,1.0427,0
"3902693",3,0,1,0.0438,1,-0.0073,1,104.806257987976,1,241.619995117188,0.0438000001013279,0.0373494550585747,100.514297485352,-93.1809,26.2953,9.53715195631633,53,53,53,53,53,53,0,8040,1.1727079215133,26,-93,0.0073,46,2026-06-11 07:19:05.000778,1.0427,0
"3902693",3,0,1,0.0438,1,-0.0073,1,105.076526922607,1,251.449996948242,0.0438000001013279,0.0373494550585747,100.773498535156,-93.1809,26.2953,9.53715195631633,53,53,53,53,53,53,0,8040,1.1727079215133,26,-93,0.0073,46,2026-06-11 07:19:05.000778,1.0427,0
"3902693",3,0,1,0.0438,1,-0.0073,1,105.209163466644,1,261.220001220703,0.0438000001013279,0.0373494550585747,100.900703430176,-93.1809,26.2953,9.53715195631633,53,53,53,53,53,53,0,8040,1.1727079215133,26,-93,0.0073,46,2026-06-11 07:19:05.000778,1.0427,0
"3902693",3,0,1,0.0511,1,0,1,105.107496398163,1,271.269989013672,0.0511000007390976,0.0435743629932404,100.803199768066,-93.1809,26.2953,9.53715195631633,53,53,53,53,53,53,0,8040,1.1727079215133,26,-93,0.0073,46,2026-06-11 07:19:05.000778,1.0427,0
"3902693",3,0,1,0.0511,1,0,1,104.439126907349,1,281.320007324219,0.0511000007390976,0.0435743629932404,100.162200927734,-93.1809,26.2953,9.53715195631633,53,53,53,53,53,53,0,8040,1.1727079215133,26,-93,0.0073,46,2026-06-11 07:19:05.000778,1.0427,0
"3902693",3,0,1,0.0511,1,0,1,104.025386487579,1,291.660003662109,0.0511000007390976,0.0435743629932404,99.7654037475586,-93.1809,26.2953,9.53715195631633,53,53,53,53,53,53,0,8040,1.1727079215133,26,-93,0.0073,46,2026-06-11 07:19:05.000778,1.0427,0
"3902693",3,0,1,0.0438,1,-0.0073,1,103.764711487579,1,301.230010986328,0.0438000001013279,0.0373494550585747,99.5154037475586,-93.1809,26.2953,9.53715195631633,53,53,53,53,53,53,0,8040,1.1727079215133,26,-93,0.0073,46,2026-06-11 07:19:05.000778,1.0427,0
"3902693",3,0,1,0.0438,1,-0.0073,1,103.293097208405,1,311.769989013672,0.0438000001013279,0.0373494550585747,99.063102722168,-93.1809,26.2953,9.53715195631633,53,53,53,53,53,53,0,8040,1.1727079215133,26,-93,0.0073,46,2026-06-11 07:19:05.000778,1.0427,0
"3902693",3,0,1,0.0584,1,0.0073,1,102.620758087921,1,321.390014648438,0.0584000013768673,0.049799270927906,98.4182968139648,-93.1809,26.2953,9.53715195631633,53,53,53,53,53,53,0,8040,1.1727079215133,26,-93,0.0073,46,2026-06-11 07:19:05.000778,1.0427,0
"3902693",3,0,1,0.0511,1,0,1,101.64448375473,1,331.380004882812,0.0511000007390976,0.0435743629932404,97.4820022583008,-93.1809,26.2953,9.53715195631633,53,53,53,53,53,53,0,8040,1.1727079215133,26,-93,0.0073,46,2026-06-11 07:19:05.000778,1.0427,0
"3902693",3,0,1,0.0438,1,-0.0073,1,102.128189891815,1,341.510009765625,0.0438000001013279,0.0373494550585747,97.9458999633789,-93.1809,26.2953,9.53715195631633,53,53,53,53,53,53,0,8040,1.1727079215133,26,-93,0.0073,46,2026-06-11 07:19:05.000778,1.0427,0
"3902693",3,0,1,0.0511,1,0,1,102.453198348999,1,351.809997558594,0.0511000007390976,0.0435743629932404,98.2575988769531,-93.1809,26.2953,9.53715195631633,53,53,53,53,53,53,0,8040,1.1727079215133,26,-93,0.0073,46,2026-06-11 07:19:05.000778,1.0427,0
"3902693",3,0,1,0.0584,1,0.0073,1,102.545478317261,1,361.119995117188,0.0584000013768673,0.049799270927906,98.3460998535156,-93.1809,26.2953,9.53715195631633,53,53,53,53,53,53,0,8040,1.1727079215133,26,-93,0.0073,46,2026-06-11 07:19:05.000778,1.0427,0
"3902693",3,0,1,0.0438,1,-0.0073,1,102.585620103455,1,381.679992675781,0.0438000001013279,0.0373494550585747,98.3845977783203,-93.1809,26.2953,9.53715195631633,53,53,53,53,53,53,0,8040,1.1727079215133,26,-93,0.0073,46,2026-06-11 07:19:05.000778,1.0427,0
"3902693",3,0,1,0.0584,1,0.0073,1,103.187675299835,1,401.290008544922,0.0584000013768673,0.049799270927906,98.9619979858398,-93.1809,26.2953,9.53715195631633,53,53,53,53,53,53,0,8040,1.1727079215133,26,-93,0.0073,46,2026-06-11 07:19:05.000778,1.0427,0
"3902693",3,0,1,0.0511,1,0,1,106.012349217987,1,451.910003662109,0.0511000007390976,0.0435743629932404,101.670997619629,-93.1809,26.2953,9.53715195631633,53,53,53,53,53,53,0,8040,1.1727079215133,26,-93,0.0073,46,2026-06-11 07:19:05.000778,1.0427,0
"3902693",3,0,1,0.0584,1,0.0073,1,110.265938668823,1,501.450012207031,0.0584000013768673,0.049799270927906,105.750396728516,-93.1809,26.2953,9.53715195631633,53,53,53,53,53,53,0,8040,1.1727079215133,26,-93,0.0073,46,2026-06-11 07:19:05.000778,1.0427,0
"3902693",3,0,1,0.0511,1,0,1,118.823274915314,1,550.799987792969,0.0511000007390976,0.0435743629932404,113.957298278809,-93.1809,26.2953,9.53715195631633,53,53,53,53,53,53,0,8040,1.1727079215133,26,-93,0.0073,46,2026-06-11 07:19:05.000778,1.0427,0
"3902693",3,0,1,0.0438,1,-0.0073,1,123.914464181519,1,601.340026855469,0.0438000001013279,0.0373494550585747,118.839996337891,-93.1809,26.2953,9.53715195631633,53,53,53,53,53,53,0,8040,1.1727079215133,26,-93,0.0073,46,2026-06-11 07:19:05.000778,1.0427,0
"3902693",3,0,1,0.0511,1,0,1,128.553234992981,1,651.22998046875,0.0511000007390976,0.0435743629932404,123.288803100586,-93.1809,26.2953,9.53715195631633,53,53,53,53,53,53,0,8040,1.1727079215133,26,-93,0.0073,46,2026-06-11 07:19:05.000778,1.0427,0
"3902693",3,0,1,0.0365,1,-0.0146,1,133.887367185974,1,701.260009765625,0.0364999994635582,0.0311245433986187,128.404495239258,-93.1809,26.2953,9.53715195631633,53,53,53,53,53,53,0,8040,1.1727079215133,26,-93,0.0073,46,2026-06-11 07:19:05.000778,1.0427,0
"3902693",3,0,1,0.0584,1,0.0073,1,140.125747605896,1,751.700012207031,0.0584000013768673,0.049799270927906,134.387405395508,-93.1809,26.2953,9.53715195631633,53,53,53,53,53,53,0,8040,1.1727079215133,26,-93,0.0073,46,2026-06-11 07:19:05.000778,1.0427,0
"3902693",3,0,1,0.0584,1,0.0073,1,148.416975471497,1,801.559997558594,0.0584000013768673,0.049799270927906,142.339096069336,-93.1809,26.2953,9.53715195631633,53,53,53,53,53,53,0,8040,1.1727079215133,26,-93,0.0073,46,2026-06-11 07:19:05.000778,1.0427,0
"3902693",3,0,1,0.0511,1,0,1,153.352696856689,1,851.429992675781,0.0511000007390976,0.0435743629932404,147.072692871094,-93.1809,26.2953,9.53715195631633,53,53,53,53,53,53,0,8040,1.1727079215133,26,-93,0.0073,46,2026-06-11 07:19:05.000778,1.0427,0
"3902693",3,0,1,0.0438,1,-0.0073,1,159.976139309692,1,901.640014648438,0.0438000001013279,0.0373494550585747,153.424896240234,-93.1809,26.2953,9.53715195631633,53,53,53,53,53,53,0,8040,1.1727079215133,26,-93,0.0073,46,2026-06-11 07:19:05.000778,1.0427,0
"3902693",3,0,1,0.0584,1,0.0073,1,165.41236815033,1,951.5,0.0584000013768673,0.049799270927906,158.63850402832,-93.1809,26.2953,9.53715195631633,53,53,53,53,53,53,0,8040,1.1727079215133,26,-93,0.0073,46,2026-06-11 07:19:05.000778,1.0427,0
"3902693",3,0,1,0.0511,1,0,1,172.766938427734,1,998.890014648438,0.0511000007390976,0.0435743629932404,165.69189453125,-93.1809,26.2953,9.53715195631633,53,53,53,53,53,53,0,8040,1.1727079215133,26,-93,0.0073,46,2026-06-11 07:19:05.000778,1.0427,0
"3902693",3,0,1,0.0438,1,-0.0073,1,183.732805711365,1,1100.03002929688,0.0438000001013279,0.0373494550585747,176.208694458008,-93.1809,26.2953,9.53715195631633,53,53,53,53,53,53,0,8040,1.1727079215133,26,-93,0.0073,46,2026-06-11 07:19:05.000778,1.0427,0
"3902693",3,0,1,0.0511,1,0,1,189.378398707581,1,1198.85998535156,0.0511000007390976,0.0435743629932404,181.623092651367,-93.1809,26.2953,9.53715195631633,53,53,53,53,53,53,0,8040,1.1727079215133,26,-93,0.0073,46,2026-06-11 07:19:05.000778,1.0427,0
"3902693",3,0,1,0.0438,1,-0.0073,1,192.472832429504,1,1299.81994628906,0.0438000001013279,0.0373494550585747,184.590805053711,-93.1809,26.2953,9.53715195631633,53,53,53,53,53,53,0,8040,1.1727079215133,26,-93,0.0073,46,2026-06-11 07:19:05.000778,1.0427,0
"3902693",3,0,1,0.0511,1,0,1,195.054969134521,1,1400,0.0511000007390976,0.0435743629932404,187.067199707031,-93.1809,26.2953,9.53715195631633,53,53,53,53,53,53,0,8040,1.1727079215133,26,-93,0.0073,46,2026-06-11 07:19:05.000778,1.0427,0
"3902693",3,0,1,0.0511,1,0,1,196.466884469604,1,1499.41003417969,0.0511000007390976,0.0435743629932404,188.421295166016,-93.1809,26.2953,9.53715195631633,53,53,53,53,53,53,0,8040,1.1727079215133,26,-93,0.0073,46,2026-06-11 07:19:05.000778,1.0427,0
"3902693",3,0,1,0.0438,1,-0.0073,1,197.48352333374,1,1599.21997070312,0.0438000001013279,0.0373494550585747,189.396301269531,-93.1809,26.2953,9.53715195631633,53,53,53,53,53,53,0,8040,1.1727079215133,26,-93,0.0073,46,2026-06-11 07:19:05.000778,1.0427,0
"3902693",3,0,1,0.0511,1,0,1,197.89058936615,1,1699.7900390625,0.0511000007390976,0.0435743629932404,189.786697387695,-93.1809,26.2953,9.53715195631633,53,53,53,53,53,53,0,8040,1.1727079215133,26,-93,0.0073,46,2026-06-11 07:19:05.000778,1.0427,0
"3902693",3,0,1,0.0511,1,0,1,198.44551018219,1,1799.94995117188,0.0511000007390976,0.0435743629932404,190.318893432617,-93.1809,26.2953,9.53715195631633,53,53,53,53,53,53,0,8040,1.1727079215133,26,-93,0.0073,46,2026-06-11 07:19:05.000778,1.0427,0
"3902693",4,0.0124498178379828,5,0.0657,1,0.0146,1,183.523330183411,1,7.57999992370605,0.065700002014637,0.491767823696136,176.007797241211,-93.106,26.1123,15.7958767264386,53,53,53,53,53,53,0.0146,8040,1.1727079215133,26,-93,0.0073,46,2026-06-21 14:56:44.001584,1.0427,0
"3902693",4,0.0124498178379828,5,0.0657,1,0.0146,1,183.489552532959,1,11.8299999237061,0.065700002014637,0.491767823696136,175.975402832031,-93.106,26.1123,15.7958767264386,53,53,53,53,53,53,0.0146,8040,1.1727079215133,26,-93,0.0073,46,2026-06-21 14:56:44.001584,1.0427,0
"3902693",4,0.0186747267569742,1,0.073,1,0.0219,1,183.73885164032,1,16.6399993896484,0.0729999989271164,0.491767823696136,176.214492797852,-93.106,26.1123,15.7958767264386,53,53,53,53,53,53,0.0219,8040,1.1727079215133,26,-93,0.0073,46,2026-06-21 14:56:44.001584,1.0427,0
"3902693",4,0.0248996356759656,1,0.0803,1,0.0292,1,184.467083782959,1,21.8999996185303,0.0803000032901764,0.491767823696136,176.912902832031,-93.106,26.1123,15.7958767264386,53,53,53,53,53,53,0.0292,8040,1.1727079215133,26,-93,0.0073,46,2026-06-21 14:56:44.001584,1.0427,0
"3902693",4,0.0497992713519312,1,0.1095,1,0.0584,1,191.042763397217,1,26.9300003051758,0.109499998390675,0.491767823696136,183.219299316406,-93.106,26.1123,15.7958767264386,53,53,53,53,53,53,0.0584,8040,1.1727079215133,26,-93,0.0073,46,2026-06-21 14:56:44.001584,1.0427,0
"3902693",4,0.0684739981089054,1,0.1314,1,0.0803,1,195.752430680847,1,31.6000003814697,0.131400004029274,0.491767823696136,187.736099243164,-93.106,26.1123,15.7958767264386,53,53,53,53,53,53,0.0803,8040,1.1727079215133,26,-93,0.0073,46,2026-06-21 14:56:44.001584,1.0427,0
"3902693",4,0.0684739981089054,1,0.1314,1,0.0803,1,198.176816371155,1,36.75,0.131400004029274,0.491767823696136,190.06120300293,-93.106,26.1123,15.7958767264386,53,53,53,53,53,53,0.0803,8040,1.1727079215133,26,-93,0.0073,46,2026-06-21 14:56:44.001584,1.0427,0
"3902693",4,0.0933736337848711,1,0.1606,1,0.1095,1,193.609992114258,1,41.9199981689453,0.160600006580353,0.491767823696136,185.681396484375,-93.106,26.1123,15.7958767264386,53,53,53,53,53,53,0.1095,8040,1.1727079215133,26,-93,0.0073,46,2026-06-21 14:56:44.001584,1.0427,0
"3902693",4,0.0809238159468883,1,0.146,1,0.0949,1,189.063405809021,1,46.8199996948242,0.145999997854233,0.491767823696136,181.320999145508,-93.106,26.1123,15.7958767264386,53,53,53,53,53,53,0.0949,8040,1.1727079215133,26,-93,0.0073,46,2026-06-21 14:56:44.001584,1.0427,0
"3902693",4,0.130723087298819,1,0.2044,1,0.1533,1,187.834904866028,1,51.8800010681152,0.20440000295639,0.491767823696136,180.142807006836,-93.106,26.1123,15.7958767264386,53,53,53,53,53,53,0.1533,8040,1.1727079215133,26,-93,0.0073,46,2026-06-21 14:56:44.001584,1.0427,0
"3902693",4,0.230321630002682,1,0.3212,1,0.2701,1,192.88271459198,1,56.7900009155273,0.321200013160706,0.491767823696136,184.983901977539,-93.106,26.1123,15.7958767264386,53,53,53,53,53,53,0.2701,8040,1.1727079215133,26,-93,0.0073,46,2026-06-21 14:56:44.001584,1.0427,0
"3902693",4,0.610041074061158,1,0.7665,1,0.7154,1,182.253016868591,1,61.939998626709,0.766499996185303,0.491767823696136,174.789505004883,-93.106,26.1123,15.7958767264386,53,53,53,53,53,53,0.7154,8040,1.1727079215133,26,-93,0.0073,46,2026-06-21 14:56:44.001584,1.0427,0
"3902693",4,0.373494535139484,1,0.4891,1,0.438,1,193.935310823059,1,66.7900009155273,0.489100009202957,0.491767823696136,185.993392944336,-93.106,26.1123,15.7958767264386,53,53,53,53,53,53,0.438,8040,1.1727079215133,26,-93,0.0073,46,2026-06-21 14:56:44.001584,1.0427,0
"3902693",4,0.497992713519312,1,0.6351,1,0.584,1,189.101145133972,1,71.9800033569336,0.63510000705719,0.541567087173462,181.357192993164,-93.106,26.1123,15.7958767264386,53,53,53,53,53,53,0.584,8040,1.1727079215133,26,-93,0.0073,46,2026-06-21 14:56:44.001584,1.0427,0
"3902693",4,0.448193442167381,1,0.5767,1,0.5256,1,157.920046154785,1,76.9100036621094,0.57669997215271,0.491767823696136,151.453002929688,-93.106,26.1123,15.7958767264386,53,53,53,53,53,53,0.5256,8040,1.1727079215133,26,-93,0.0073,46,2026-06-21 14:56:44.001584,1.0427,0
"3902693",4,0.336145081625536,1,0.4453,1,0.3942,1,173.51550398407,1,81.870002746582,0.44530001282692,0.379719465970993,166.409805297852,-93.106,26.1123,15.7958767264386,53,53,53,53,53,53,0.3942,8040,1.1727079215133,26,-93,0.0073,46,2026-06-21 14:56:44.001584,1.0427,0
"3902693",4,0.298795628111587,1,0.4015,1,0.3504,1,165.547908331299,1,86.9499969482422,0.40149998664856,0.342370003461838,158.768493652344,-93.106,26.1123,15.7958767264386,53,53,53,53,53,53,0.3504,8040,1.1727079215133,26,-93,0.0073,46,2026-06-21 14:56:44.001584,1.0427,0
"3902693",4,0.317470354868562,1,0.4234,1,0.3723,1,143.980075045776,1,91.9000015258789,0.423400014638901,0.361044734716415,138.083892822266,-93.106,26.1123,15.7958767264386,53,53,53,53,53,53,0.3723,8040,1.1727079215133,26,-93,0.0073,46,2026-06-21 14:56:44.001584,1.0427,0
"3902693",4,0.298795628111587,1,0.4015,1,0.3504,1,137.545170114136,1,96.9100036621094,0.40149998664856,0.342370003461838,131.912506103516,-93.106,26.1123,15.7958767264386,53,53,53,53,53,53,0.3504,8040,1.1727079215133,26,-93,0.0073,46,2026-06-21 14:56:44.001584,1.0427,0
"3902693",4,0.242771447840665,1,0.3358,1,0.2847,1,134.651668067932,1,101.660003662109,0.335799992084503,0.286345839500427,129.137496948242,-93.106,26.1123,15.7958767264386,53,53,53,53,53,53,0.2847,8040,1.1727079215133,26,-93,0.0073,46,2026-06-21 14:56:44.001584,1.0427,0
"3902693",4,0.180522358650751,1,0.2628,1,0.2117,1,130.363044049835,1,111.900001525879,0.262800008058548,0.224096730351448,125.02449798584,-93.106,26.1123,15.7958767264386,53,53,53,53,53,53,0.2117,8040,1.1727079215133,26,-93,0.0073,46,2026-06-21 14:56:44.001584,1.0427,0
"3902693",4,0.124498178379828,1,0.1971,1,0.146,1,129.011603914642,1,120.599998474121,0.19709999859333,0.168072536587715,123.728401184082,-93.106,26.1123,15.7958767264386,53,53,53,53,53,53,0.146,8040,1.1727079215133,26,-93,0.0073,46,2026-06-21 14:56:44.001584,1.0427,0
"3902693",4,0.0435743624329398,1,0.1022,1,0.0511,1,129.742429442596,1,131.669998168945,0.102200001478195,0.0871487259864807,124.429298400879,-93.106,26.1123,15.7958767264386,53,53,53,53,53,53,0.0511,8040,1.1727079215133,26,-93,0.0073,46,2026-06-21 14:56:44.001584,1.0427,0
"3902693",4,0.0186747267569742,1,0.073,1,0.0219,1,129.345577848053,1,141.940002441406,0.0729999989271164,0.0622490867972374,124.048698425293,-93.106,26.1123,15.7958767264386,53,53,53,53,53,53,0.0219,8040,1.1727079215133,26,-93,0.0073,46,2026-06-21 14:56:44.001584,1.0427,0
"3902693",4,0.00622490891899141,1,0.0584,1,0.0073,1,128.246785946655,1,151.5,0.0584000013768673,0.049799270927906,122.994903564453,-93.106,26.1123,15.7958767264386,53,53,53,53,53,53,0.0073,8040,1.1727079215133,26,-93,0.0073,46,2026-06-21 14:56:44.001584,1.0427,0
"3902693",4,-0.0124498178379828,1,0.0365,1,-0.0146,1,126.960403189087,1,161.850006103516,0.0364999994635582,0.0311245433986187,121.761199951172,-93.106,26.1123,15.7958767264386,53,53,53,53,53,53,-0.0146,8040,1.1727079215133,26,-93,0.0073,46,2026-06-21 14:56:44.001584,1.0427,0
"3902693",4,-0.00622490891899141,1,0.0438,1,-0.0073,1,124.5414429245,1,171.679992675781,0.0438000001013279,0.0373494550585747,119.441299438477,-93.106,26.1123,15.7958767264386,53,53,53,53,53,53,-0.0073,8040,1.1727079215133,26,-93,0.0073,46,2026-06-21 14:56:44.001584,1.0427,0
"3902693",4,-0.00622490891899141,1,0.0438,1,-0.0073,1,122.86926625824,1,181.729995727539,0.0438000001013279,0.0373494550585747,117.837600708008,-93.106,26.1123,15.7958767264386,53,53,53,53,53,53,-0.0073,8040,1.1727079215133,26,-93,0.0073,46,2026-06-21 14:56:44.001584,1.0427,0
"3902693",4,-0.0124498178379828,1,0.0365,1,-0.0146,1,122.021133798218,1,191.710006713867,0.0364999994635582,0.0311245433986187,117.024200439453,-93.106,26.1123,15.7958767264386,53,53,53,53,53,53,-0.0146,8040,1.1727079215133,26,-93,0.0073,46,2026-06-21 14:56:44.001584,1.0427,0
"3902693",4,-0.00622490891899141,1,0.0438,1,-0.0073,1,121.073315106964,1,201.479995727539,0.0438000001013279,0.0373494550585747,116.115196228027,-93.106,26.1123,15.7958767264386,53,53,53,53,53,53,-0.0073,8040,1.1727079215133,26,-93,0.0073,46,2026-06-21 14:56:44.001584,1.0427,0
"3902693",4,-0.00622490891899141,1,0.0438,1,-0.0073,1,120.463758185577,1,211.690002441406,0.0438000001013279,0.0373494550585747,115.530601501465,-93.106,26.1123,15.7958767264386,53,53,53,53,53,53,-0.0073,8040,1.1727079215133,26,-93,0.0073,46,2026-06-21 14:56:44.001584,1.0427,0
"3902693",4,-0.0124498178379828,1,0.0365,1,-0.0146,1,119.223984767151,1,221.210006713867,0.0364999994635582,0.0311245433986187,114.341598510742,-93.106,26.1123,15.7958767264386,53,53,53,53,53,53,-0.0146,8040,1.1727079215133,26,-93,0.0073,46,2026-06-21 14:56:44.001584,1.0427,0
"3902693",4,0,1,0.0438,1,-0.0073,1,117.318037484741,1,231.429992675781,0.0438000001013279,0.0373494550585747,112.513702392578,-93.106,26.1123,15.7958767264386,53,53,53,53,53,53,0,8040,1.1727079215133,26,-93,0.0073,46,2026-06-21 14:56:44.001584,1.0427,0
"3902693",4,0,1,0.0365,1,-0.0146,1,116.327054042816,1,241.389999389648,0.0364999994635582,0.0311245433986187,111.563301086426,-93.106,26.1123,15.7958767264386,53,53,53,53,53,53,0,8040,1.1727079215133,26,-93,0.0073,46,2026-06-21 14:56:44.001584,1.0427,0
"3902693",4,0,1,0.0292,1,-0.0219,1,115.538147821045,1,251.169998168945,0.0292000006884336,0.024899635463953,110.806701660156,-93.106,26.1123,15.7958767264386,53,53,53,53,53,53,0,8040,1.1727079215133,26,-93,0.0073,46,2026-06-21 14:56:44.001584,1.0427,0
"3902693",4,0,1,0.0438,1,-0.0073,1,113.676614250946,1,261.179992675781,0.0438000001013279,0.0373494550585747,109.02140045166,-93.106,26.1123,15.7958767264386,53,53,53,53,53,53,0,8040,1.1727079215133,26,-93,0.0073,46,2026-06-21 14:56:44.001584,1.0427,0
"3902693",4,0,1,0.0511,1,0,1,112.629745742035,1,271.119995117188,0.0511000007390976,0.0435743629932404,108.017402648926,-93.106,26.1123,15.7958767264386,53,53,53,53,53,53,0,8040,1.1727079215133,26,-93,0.0073,46,2026-06-21 14:56:44.001584,1.0427,0
"3902693",4,0,1,0.0511,1,0,1,112.636205339813,1,281.100006103516,0.0511000007390976,0.0435743629932404,108.023597717285,-93.106,26.1123,15.7958767264386,53,53,53,53,53,53,0,8040,1.1727079215133,26,-93,0.0073,46,2026-06-21 14:56:44.001584,1.0427,0
"3902693",4,0,1,0.0511,1,0,1,111.132320288086,1,291.380004882812,0.0511000007390976,0.0435743629932404,106.581298828125,-93.106,26.1123,15.7958767264386,53,53,53,53,53,53,0,8040,1.1727079215133,26,-93,0.0073,46,2026-06-21 14:56:44.001584,1.0427,0
"3902693",4,0,1,0.0511,1,0,1,109.45263394165,1,301.119995117188,0.0511000007390976,0.0435743629932404,104.970397949219,-93.106,26.1123,15.7958767264386,53,53,53,53,53,53,0,8040,1.1727079215133,26,-93,0.0073,46,2026-06-21 14:56:44.001584,1.0427,0
"3902693",4,0,1,0.0511,1,0,1,108.385328601837,1,311.779998779297,0.0511000007390976,0.0435743629932404,103.946800231934,-93.106,26.1123,15.7958767264386,53,53,53,53,53,53,0,8040,1.1727079215133,26,-93,0.0073,46,2026-06-21 14:56:44.001584,1.0427,0
"3902693",4,0,1,0.0511,1,0,1,108.285125284576,1,321.709991455078,0.0511000007390976,0.0435743629932404,103.850700378418,-93.106,26.1123,15.7958767264386,53,53,53,53,53,53,0,8040,1.1727079215133,26,-93,0.0073,46,2026-06-21 14:56:44.001584,1.0427,0
"3902693",4,0,1,0.0511,1,0,1,108.831915917206,1,331,0.0511000007390976,0.0435743629932404,104.375099182129,-93.106,26.1123,15.7958767264386,53,53,53,53,53,53,0,8040,1.1727079215133,26,-93,0.0073,46,2026-06-21 14:56:44.001584,1.0427,0
"3902693",4,0,1,0.0511,1,0,1,108.070637999725,1,341.700012207031,0.0511000007390976,0.0435743629932404,103.644996643066,-93.106,26.1123,15.7958767264386,53,53,53,53,53,53,0,8040,1.1727079215133,26,-93,0.0073,46,2026-06-21 14:56:44.001584,1.0427,0
"3902693",4,0,1,0.0438,1,-0.0073,1,107.810177789307,1,351.790008544922,0.0438000001013279,0.0373494550585747,103.395202636719,-93.106,26.1123,15.7958767264386,53,53,53,53,53,53,0,8040,1.1727079215133,26,-93,0.0073,46,2026-06-21 14:56:44.001584,1.0427,0
"3902693",4,0,1,0.0511,1,0,1,107.41217269516,1,361.059997558594,0.0511000007390976,0.0435743629932404,103.013496398926,-93.106,26.1123,15.7958767264386,53,53,53,53,53,53,0,8040,1.1727079215133,26,-93,0.0073,46,2026-06-21 14:56:44.001584,1.0427,0
"3902693",4,0,1,0.0438,1,-0.0073,1,107.349096154785,1,381.299987792969,0.0438000001013279,0.0373494550585747,102.953002929688,-93.106,26.1123,15.7958767264386,53,53,53,53,53,53,0,8040,1.1727079215133,26,-93,0.0073,46,2026-06-21 14:56:44.001584,1.0427,0
"3902693",4,0,1,0.0511,1,0,1,106.808454868317,1,400.859985351562,0.0511000007390976,0.0435743629932404,102.434501647949,-93.106,26.1123,15.7958767264386,53,53,53,53,53,53,0,8040,1.1727079215133,26,-93,0.0073,46,2026-06-21 14:56:44.001584,1.0427,0
"3902693",4,0,1,0.0511,1,0,1,107.582556519318,1,449.440002441406,0.0511000007390976,0.0435743629932404,103.176902770996,-93.106,26.1123,15.7958767264386,53,53,53,53,53,53,0,8040,1.1727079215133,26,-93,0.0073,46,2026-06-21 14:56:44.001584,1.0427,0
"3902693",4,0,1,0.0511,1,0,1,111.033684139252,1,501.299987792969,0.0511000007390976,0.0435743629932404,106.486701965332,-93.106,26.1123,15.7958767264386,53,53,53,53,53,53,0,8040,1.1727079215133,26,-93,0.0073,46,2026-06-21 14:56:44.001584,1.0427,0
"3902693",4,0,1,0.0511,1,0,1,114.718900582123,1,551.390014648438,0.0511000007390976,0.0435743629932404,110.021003723145,-93.106,26.1123,15.7958767264386,53,53,53,53,53,53,0,8040,1.1727079215133,26,-93,0.0073,46,2026-06-21 14:56:44.001584,1.0427,0
"3902693",4,0,1,0.0511,1,0,1,119.04578896637,1,600.849975585938,0.0511000007390976,0.0435743629932404,114.170700073242,-93.106,26.1123,15.7958767264386,53,53,53,53,53,53,0,8040,1.1727079215133,26,-93,0.0073,46,2026-06-21 14:56:44.001584,1.0427,0
"3902693",4,0,1,0.0511,1,0,1,127.217848390198,1,651.619995117188,0.0511000007390976,0.0435743629932404,122.008102416992,-93.106,26.1123,15.7958767264386,53,53,53,53,53,53,0,8040,1.1727079215133,26,-93,0.0073,46,2026-06-21 14:56:44.001584,1.0427,0
"3902693",4,0,1,0.0511,1,0,1,135.77465164032,1,701.25,0.0511000007390976,0.0435743629932404,130.214492797852,-93.106,26.1123,15.7958767264386,53,53,53,53,53,53,0,8040,1.1727079215133,26,-93,0.0073,46,2026-06-21 14:56:44.001584,1.0427,0
"3902693",4,0,1,0.0511,1,0,1,141.406911772156,1,751.799987792969,0.0511000007390976,0.0435743629932404,135.616104125977,-93.106,26.1123,15.7958767264386,53,53,53,53,53,53,0,8040,1.1727079215133,26,-93,0.0073,46,2026-06-21 14:56:44.001584,1.0427,0
"3902693",4,0,1,0.0511,1,0,1,147.113711843872,1,801.320007324219,0.0511000007390976,0.0435743629932404,141.089202880859,-93.106,26.1123,15.7958767264386,53,53,53,53,53,53,0,8040,1.1727079215133,26,-93,0.0073,46,2026-06-21 14:56:44.001584,1.0427,0
"3902693",4,0,1,0.0511,1,0,1,151.31714394989,1,851.400024414062,0.0511000007390976,0.0435743629932404,145.120498657227,-93.106,26.1123,15.7958767264386,53,53,53,53,53,53,0,8040,1.1727079215133,26,-93,0.0073,46,2026-06-21 14:56:44.001584,1.0427,0
"3902693",4,0,1,0.0584,1,0.0073,1,156.733978086853,1,901.440002441406,0.0584000013768673,0.049799270927906,150.315505981445,-93.106,26.1123,15.7958767264386,53,53,53,53,53,53,0,8040,1.1727079215133,26,-93,0.0073,46,2026-06-21 14:56:44.001584,1.0427,0
"3902693",4,0,1,0.0511,1,0,1,164.330974205017,1,951.380004882812,0.0511000007390976,0.0435743629932404,157.60139465332,-93.106,26.1123,15.7958767264386,53,53,53,53,53,53,0,8040,1.1727079215133,26,-93,0.0073,46,2026-06-21 14:56:44.001584,1.0427,0
"3902693",4,0,1,0.0365,1,-0.0146,1,170.508879425049,1,999.190002441406,0.0364999994635582,0.0311245433986187,163.526306152344,-93.106,26.1123,15.7958767264386,53,53,53,53,53,53,0,8040,1.1727079215133,26,-93,0.0073,46,2026-06-21 14:56:44.001584,1.0427,0
"3902693",4,0,1,0.0511,1,0,1,180.428291868591,1,1100.10998535156,0.0511000007390976,0.0435743629932404,173.039505004883,-93.106,26.1123,15.7958767264386,53,53,53,53,53,53,0,8040,1.1727079215133,26,-93,0.0073,46,2026-06-21 14:56:44.001584,1.0427,0
"3902693",4,0,1,0.0511,1,0,1,186.504832316589,1,1199.08996582031,0.0511000007390976,0.0435743629932404,178.867202758789,-93.106,26.1123,15.7958767264386,53,53,53,53,53,53,0,8040,1.1727079215133,26,-93,0.0073,46,2026-06-21 14:56:44.001584,1.0427,0
"3902693",4,0,1,0.0584,1,0.0073,1,191.474856393433,1,1298.81005859375,0.0584000013768673,0.049799270927906,183.633697509766,-93.106,26.1123,15.7958767264386,53,53,53,53,53,53,0,8040,1.1727079215133,26,-93,0.0073,46,2026-06-21 14:56:44.001584,1.0427,0
"3902693",4,0,1,0.0511,1,0,1,194.133426368713,1,1399.46997070312,0.0511000007390976,0.0435743629932404,186.183395385742,-93.106,26.1123,15.7958767264386,53,53,53,53,53,53,0,8040,1.1727079215133,26,-93,0.0073,46,2026-06-21 14:56:44.001584,1.0427,0
"3902693",4,0,1,0.0438,1,-0.0073,1,195.576525968933,1,1499.63000488281,0.0438000001013279,0.0373494550585747,187.567398071289,-93.106,26.1123,15.7958767264386,53,53,53,53,53,53,0,8040,1.1727079215133,26,-93,0.0073,46,2026-06-21 14:56:44.001584,1.0427,0
"3902693",4,0,1,0.0511,1,0,1,196.506819421387,1,1599.26000976562,0.0511000007390976,0.0435743629932404,188.459594726562,-93.106,26.1123,15.7958767264386,53,53,53,53,53,53,0,8040,1.1727079215133,26,-93,0.0073,46,2026-06-21 14:56:44.001584,1.0427,0
"3902693",4,0,1,0.0511,1,0,1,197.521899072266,1,1699.31994628906,0.0511000007390976,0.0435743629932404,189.43310546875,-93.106,26.1123,15.7958767264386,53,53,53,53,53,53,0,8040,1.1727079215133,26,-93,0.0073,46,2026-06-21 14:56:44.001584,1.0427,0
"3902693",4,0,1,0.0584,1,0.0073,1,198.270448718262,1,1799.38000488281,0.0584000013768673,0.049799270927906,190.151000976562,-93.106,26.1123,15.7958767264386,53,53,53,53,53,53,0,8040,1.1727079215133,26,-93,0.0073,46,2026-06-21 14:56:44.001584,1.0427,0
"3902693",5,0.0186747267569742,5,0.073,1,0.0219,1,184.473861587524,1,7.6399998664856,0.0729999989271164,0.497992694377899,176.919403076172,-92.9282,26.188,13.9083067516427,53,53,53,53,53,53,0.0219,8040,1.1727079215133,26,-93,0.0073,46,2026-07-01 22:36:53.002412,1.0427,0
"3902693",5,0.0124498178379828,5,0.0657,1,0.0146,1,184.175749559021,1,11,0.065700002014637,0.497992694377899,176.633499145508,-92.9282,26.188,13.9083067516427,53,53,53,53,53,53,0.0146,8040,1.1727079215133,26,-93,0.0073,46,2026-07-01 22:36:53.002412,1.0427,0
"3902693",5,0.0124498178379828,1,0.0657,1,0.0146,1,184.57740607605,1,16.6100006103516,0.065700002014637,0.497992694377899,177.018707275391,-92.9282,26.188,13.9083067516427,53,53,53,53,53,53,0.0146,8040,1.1727079215133,26,-93,0.0073,46,2026-07-01 22:36:53.002412,1.0427,0
"3902693",5,0.0186747267569742,1,0.073,1,0.0219,1,185.471089837646,1,21.7600002288818,0.0729999989271164,0.497992694377899,177.875793457031,-92.9282,26.188,13.9083067516427,53,53,53,53,53,53,0.0219,8040,1.1727079215133,26,-93,0.0073,46,2026-07-01 22:36:53.002412,1.0427,0
"3902693",5,0.031124544594957,1,0.0876,1,0.0365,1,186.873522610474,1,26.9099998474121,0.0876000002026558,0.497992694377899,179.220794677734,-92.9282,26.188,13.9083067516427,53,53,53,53,53,53,0.0365,8040,1.1727079215133,26,-93,0.0073,46,2026-07-01 22:36:53.002412,1.0427,0
"3902693",5,0.0373494535139484,1,0.0949,1,0.0438,1,193.274252133179,1,31.8700008392334,0.0948999971151352,0.497992694377899,185.359405517578,-92.9282,26.188,13.9083067516427,53,53,53,53,53,53,0.0438,8040,1.1727079215133,26,-93,0.0073,46,2026-07-01 22:36:53.002412,1.0427,0
"3902693",5,0.0560241802709226,1,0.1168,1,0.0657,1,202.456156706238,1,36.7999992370605,0.116800002753735,0.497992694377899,194.165298461914,-92.9282,26.188,13.9083067516427,53,53,53,53,53,53,0.0657,8040,1.1727079215133,26,-93,0.0073,46,2026-07-01 22:36:53.002412,1.0427,0
"3902693",5,0.0684739981089054,1,0.1314,1,0.0803,1,204.913906378174,1,41.9199981689453,0.131400004029274,0.497992694377899,196.522399902344,-92.9282,26.188,13.9083067516427,53,53,53,53,53,53,0.0803,8040,1.1727079215133,26,-93,0.0073,46,2026-07-01 22:36:53.002412,1.0427,0
"3902693",5,0.0809238159468883,1,0.146,1,0.0949,1,200.937880752563,1,46.560001373291,0.145999997854233,0.497992694377899,192.709197998047,-92.9282,26.188,13.9083067516427,53,53,53,53,53,53,0.0949,8040,1.1727079215133,26,-93,0.0073,46,2026-07-01 22:36:53.002412,1.0427,0
"3902693",5,0.105823451622854,1,0.1752,1,0.1241,1,199.034335931396,1,51.3199996948242,0.175200000405312,0.497992694377899,190.883605957031,-92.9282,26.188,13.9083067516427,53,53,53,53,53,53,0.1241,8040,1.1727079215133,26,-93,0.0073,46,2026-07-01 22:36:53.002412,1.0427,0
"3902693",5,0.124498178379828,1,0.1971,1,0.146,1,197.157886418152,1,56.3800010681152,0.19709999859333,0.497992694377899,189.083999633789,-92.9282,26.188,13.9083067516427,53,53,53,53,53,53,0.146,8040,1.1727079215133,26,-93,0.0073,46,2026-07-01 22:36:53.002412,1.0427,0
"3902693",5,0.143172905136802,1,0.219,1,0.1679,1,194.601715386963,1,61.7799987792969,0.218999996781349,0.497992694377899,186.632507324219,-92.9282,26.188,13.9083067516427,53,53,53,53,53,53,0.1679,8040,1.1727079215133,26,-93,0.0073,46,2026-07-01 22:36:53.002412,1.0427,0
"3902693",5,0.149397814055794,1,0.2263,1,0.1752,1,192.976458311462,1,66.9100036621094,0.226300001144409,0.497992694377899,185.073806762695,-92.9282,26.188,13.9083067516427,53,53,53,53,53,53,0.1752,8040,1.1727079215133,26,-93,0.0073,46,2026-07-01 22:36:53.002412,1.0427,0
"3902693",5,0.186747267569742,1,0.2701,1,0.219,1,192.046260321045,1,71.9599990844727,0.270099997520447,0.497992694377899,184.181701660156,-92.9282,26.188,13.9083067516427,53,53,53,53,53,53,0.219,8040,1.1727079215133,26,-93,0.0073,46,2026-07-01 22:36:53.002412,1.0427,0
"3902693",5,0.305020537030579,1,0.4088,1,0.3577,1,190.716808274841,1,76.8199996948242,0.408800005912781,0.497992694377899,182.906692504883,-92.9282,26.188,13.9083067516427,53,53,53,53,53,53,0.3577,8040,1.1727079215133,26,-93,0.0073,46,2026-07-01 22:36:53.002412,1.0427,0
"3902693",5,0.35481980838251,1,0.4672,1,0.4161,1,188.62650789032,1,81.6800003051758,0.467200011014938,0.497992694377899,180.901992797852,-92.9282,26.188,13.9083067516427,53,53,53,53,53,53,0.4161,8040,1.1727079215133,26,-93,0.0073,46,2026-07-01 22:36:53.002412,1.0427,0
"3902693",5,0.529117258114269,1,0.6716,1,0.6205,1,186.105785095215,1,85.9400024414062,0.671599984169006,0.497992694377899,178.484497070312,-92.9282,26.188,13.9083067516427,53,53,53,53,53,53,0.6205,8040,1.1727079215133,26,-93,0.0073,46,2026-07-01 22:36:53.002412,1.0427,0
"3902693",5,0.367269626220493,1,0.4818,1,0.4307,1,174.314203019714,1,91.5,0.481799989938736,0.497992694377899,167.175796508789,-92.9282,26.188,13.9083067516427,53,53,53,53,53,53,0.4307,8040,1.1727079215133,26,-93,0.0073,46,2026-07-01 22:36:53.002412,1.0427,0
"3902693",5,0.423293806491416,1,0.5475,1,0.4964,1,165.785131491089,1,96.5299987792969,0.547500014305115,0.497992694377899,158.996002197266,-92.9282,26.188,13.9083067516427,53,53,53,53,53,53,0.4964,8040,1.1727079215133,26,-93,0.0073,46,2026-07-01 22:36:53.002412,1.0427,0
"3902693",5,0.616265982980149,1,0.7738,1,0.7227,1,147.376566560364,1,101.73999786377,0.773800015449524,0.628715813159943,141.341293334961,-92.9282,26.188,13.9083067516427,53,53,53,53,53,53,0.7227,8040,1.1727079215133,26,-93,0.0073,46,2026-07-01 22:36:53.002412,1.0427,0
"3902693",5,0.48554289568133,1,0.6205,1,0.5694,1,129.368417140198,1,111.959999084473,0.620500028133392,0.497992694377899,124.070602416992,-92.9282,26.188,13.9083067516427,53,53,53,53,53,53,0.5694,8040,1.1727079215133,26,-93,0.0073,46,2026-07-01 22:36:53.002412,1.0427,0
"3902693",5,0.292570719192596,1,0.3942,1,0.3431,1,121.626056206512,1,121.620002746582,0.394199997186661,0.305020540952682,116.645301818848,-92.9282,26.188,13.9083067516427,53,53,53,53,53,53,0.3431,8040,1.1727079215133,26,-93,0.0073,46,2026-07-01 22:36:53.002412,1.0427,0
"3902693",5,0.211646903245708,1,0.2993,1,0.2482,1,123.161014151001,1,131.580001831055,0.299299985170364,0.224096730351448,118.117401123047,-92.9282,26.188,13.9083067516427,53,53,53,53,53,53,0.2482,8040,1.1727079215133,26,-93,0.0073,46,2026-07-01 22:36:53.002412,1.0427,0
"3902693",5,0.186747267569742,1,0.2701,1,0.219,1,120.77719187088,1,141.740005493164,0.270099997520447,0.199197083711624,115.831199645996,-92.9282,26.188,13.9083067516427,53,53,53,53,53,53,0.219,8040,1.1727079215133,26,-93,0.0073,46,2026-07-01 22:36:53.002412,1.0427,0
"3902693",5,0.112048360541845,1,0.1825,1,0.1314,1,122.067846554565,1,151.110000610352,0.182500004768372,0.124498173594475,117.069000244141,-92.9282,26.188,13.9083067516427,53,53,53,53,53,53,0.1314,8040,1.1727079215133,26,-93,0.0073,46,2026-07-01 22:36:53.002412,1.0427,0
"3902693",5,0.031124544594957,1,0.0876,1,0.0365,1,120.649145459747,1,161.550003051758,0.0876000002026558,0.0435743629932404,115.708396911621,-92.9282,26.188,13.9083067516427,53,53,53,53,53,53,0.0365,8040,1.1727079215133,26,-93,0.0073,46,2026-07-01 22:36:53.002412,1.0427,0
"3902693",5,0.00622490891899141,1,0.0584,1,0.0073,1,125.211793252563,1,171.339996337891,0.0584000013768673,0.0186747275292873,120.084197998047,-92.9282,26.188,13.9083067516427,53,53,53,53,53,53,0.0073,8040,1.1727079215133,26,-93,0.0073,46,2026-07-01 22:36:53.002412,1.0427,0
"3902693",5,-0.00622490891899141,1,0.0438,1,-0.0073,1,125.29927625351,1,181.100006103516,0.0438000001013279,0.00622490886598825,120.168098449707,-92.9282,26.188,13.9083067516427,53,53,53,53,53,53,-0.0073,8040,1.1727079215133,26,-93,0.0073,46,2026-07-01 22:36:53.002412,1.0427,0
"3902693",5,-0.00622490891899141,1,0.0438,1,-0.0073,1,123.371953430176,1,191.630004882812,0.0438000001013279,0.00622490886598825,118.319702148438,-92.9282,26.188,13.9083067516427,53,53,53,53,53,53,-0.0073,8040,1.1727079215133,26,-93,0.0073,46,2026-07-01 22:36:53.002412,1.0427,0
"3902693",5,-0.0124498178379828,1,0.0365,1,-0.0146,1,121.772972280121,1,201.419998168945,0.0364999994635582,0,116.786201477051,-92.9282,26.188,13.9083067516427,53,53,53,53,53,53,-0.0146,8040,1.1727079215133,26,-93,0.0073,46,2026-07-01 22:36:53.002412,1.0427,0
"3902693",5,0,1,0.0365,1,-0.0146,1,118.575638438416,1,211.110000610352,0.0364999994635582,0,113.719802856445,-92.9282,26.188,13.9083067516427,53,53,53,53,53,53,0,8040,1.1727079215133,26,-93,0.0073,46,2026-07-01 22:36:53.002412,1.0427,0
"3902693",5,0,1,0.0438,1,-0.0073,1,114.403374687195,1,221.75,0.0438000001013279,0.00622490886598825,109.718399047852,-92.9282,26.188,13.9083067516427,53,53,53,53,53,53,0,8040,1.1727079215133,26,-93,0.0073,46,2026-07-01 22:36:53.002412,1.0427,0
"3902693",5,0,1,0.0292,1,-0.0219,1,113.877856178284,1,231.690002441406,0.0292000006884336,-0.00622490886598825,109.214401245117,-92.9282,26.188,13.9083067516427,53,53,53,53,53,53,0,8040,1.1727079215133,26,-93,0.0073,46,2026-07-01 22:36:53.002412,1.0427,0
"3902693",5,0,1,0.0365,1,-0.0146,1,109.93696853714,1,241.149993896484,0.0364999994635582,0,105.434898376465,-92.9282,26.188,13.9083067516427,53,53,53,53,53,53,0,8040,1.1727079215133,26,-93,0.0073,46,2026-07-01 22:36:53.002412,1.0427,0
"3902693",5,0,1,0.0365,1,-0.0146,1,108.825344947052,1,251.009994506836,0.0364999994635582,0,104.368797302246,-92.9282,26.188,13.9083067516427,53,53,53,53,53,53,0,8040,1.1727079215133,26,-93,0.0073,46,2026-07-01 22:36:53.002412,1.0427,0
"3902693",5,0,1,0.0365,1,-0.0146,1,107.867630024719,1,261.540008544922,0.0364999994635582,0,103.450302124023,-92.9282,26.188,13.9083067516427,53,53,53,53,53,53,0,8040,1.1727079215133,26,-93,0.0073,46,2026-07-01 22:36:53.002412,1.0427,0
"3902693",5,0,1,0.0438,1,-0.0073,1,107.035551097107,1,271.380004882812,0.0438000001013279,0.00622490886598825,102.652297973633,-92.9282,26.188,13.9083067516427,53,53,53,53,53,53,0,8040,1.1727079215133,26,-93,0.0073,46,2026-07-01 22:36:53.002412,1.0427,0
"3902693",5,0,1,0.0365,1,-0.0146,1,106.225165917206,1,281.309997558594,0.0364999994635582,0,101.875099182129,-92.9282,26.188,13.9083067516427,53,53,53,53,53,53,0,8040,1.1727079215133,26,-93,0.0073,46,2026-07-01 22:36:53.002412,1.0427,0
"3902693",5,0,1,0.0511,1,0,1,105.61039040451,1,291.679992675781,0.0511000007390976,0.0124498177319765,101.285499572754,-92.9282,26.188,13.9083067516427,53,53,53,53,53,53,0,8040,1.1727079215133,26,-93,0.0073,46,2026-07-01 22:36:53.002412,1.0427,0
"3902693",5,0,1,0.0438,1,-0.0073,1,104.816583798218,1,301.380004882812,0.0438000001013279,0.00622490886598825,100.524200439453,-92.9282,26.188,13.9083067516427,53,53,53,53,53,53,0,8040,1.1727079215133,26,-93,0.0073,46,2026-07-01 22:36:53.002412,1.0427,0
"3902693",5,0,1,0.0438,1,-0.0073,1,104.241432985687,1,311.489990234375,0.0438000001013279,0.00622490886598825,99.9726028442383,-92.9282,26.188,13.9083067516427,53,53,53,53,53,53,0,8040,1.1727079215133,26,-93,0.0073,46,2026-07-01 22:36:53.002412,1.0427,0
"3902693",5,0,1,0.0438,1,-0.0073,1,103.6471977211,1,321.040008544922,0.0438000001013279,0.00622490886598825,99.402702331543,-92.9282,26.188,13.9083067516427,53,53,53,53,53,53,0,8040,1.1727079215133,26,-93,0.0073,46,2026-07-01 22:36:53.002412,1.0427,0
"3902693",5,0,1,0.0438,1,-0.0073,1,103.355449828339,1,331.529998779297,0.0438000001013279,0.00622490886598825,99.1229019165039,-92.9282,26.188,13.9083067516427,53,53,53,53,53,53,0,8040,1.1727079215133,26,-93,0.0073,46,2026-07-01 22:36:53.002412,1.0427,0
"3902693",5,0,1,0.0438,1,-0.0073,1,102.967770544434,1,341.079986572266,0.0438000001013279,0.00622490886598825,98.7510986328125,-92.9282,26.188,13.9083067516427,53,53,53,53,53,53,0,8040,1.1727079215133,26,-93,0.0073,46,2026-07-01 22:36:53.002412,1.0427,0
"3902693",5,0,1,0.0511,1,0,1,102.758398433685,1,351.859985351562,0.0511000007390976,0.0124498177319765,98.5503005981445,-92.9282,26.188,13.9083067516427,53,53,53,53,53,53,0,8040,1.1727079215133,26,-93,0.0073,46,2026-07-01 22:36:53.002412,1.0427,0
"3902693",5,0,1,0.0438,1,-0.0073,1,102.58968519516,1,361.559997558594,0.0438000001013279,0.00622490886598825,98.3884963989258,-92.9282,26.188,13.9083067516427,53,53,53,53,53,53,0,8040,1.1727079215133,26,-93,0.0073,46,2026-07-01 22:36:53.002412,1.0427,0
"3902693",5,0,1,0.0511,1,0,1,102.33443562088,1,381.420013427734,0.0511000007390976,0.0124498177319765,98.1436996459961,-92.9282,26.188,13.9083067516427,53,53,53,53,53,53,0,8040,1.1727079215133,26,-93,0.0073,46,2026-07-01 22:36:53.002412,1.0427,0
"3902693",5,0,1,0.0511,1,0,1,102.44600687561,1,401.540008544922,0.0511000007390976,0.0124498177319765,98.2507019042969,-92.9282,26.188,13.9083067516427,53,53,53,53,53,53,0,8040,1.1727079215133,26,-93,0.0073,46,2026-07-01 22:36:53.002412,1.0427,0
"3902693",5,0,1,0.0438,1,-0.0073,1,103.459407985687,1,451.869995117188,0.0438000001013279,0.00622490886598825,99.2226028442383,-92.9282,26.188,13.9083067516427,53,53,53,53,53,53,0,8040,1.1727079215133,26,-93,0.0073,46,2026-07-01 22:36:53.002412,1.0427,0
"3902693",5,0,1,0.0511,1,0,1,106.764558242035,1,501.739990234375,0.0511000007390976,0.0124498177319765,102.392402648926,-92.9282,26.188,13.9083067516427,53,53,53,53,53,53,0,8040,1.1727079215133,26,-93,0.0073,46,2026-07-01 22:36:53.002412,1.0427,0
"3902693",5,0,1,0.0584,1,0.0073,1,110.550184836578,1,551.77001953125,0.0584000013768673,0.0186747275292873,106.023002624512,-92.9282,26.188,13.9083067516427,53,53,53,53,53,53,0,8040,1.1727079215133,26,-93,0.0073,46,2026-07-01 22:36:53.002412,1.0427,0
"3902693",5,0,1,0.0438,1,-0.0073,1,116.556759567261,1,601.580017089844,0.0438000001013279,0.00622490886598825,111.783599853516,-92.9282,26.188,13.9083067516427,53,53,53,53,53,53,0,8040,1.1727079215133,26,-93,0.0073,46,2026-07-01 22:36:53.002412,1.0427,0
"3902693",5,0,1,0.0584,1,0.0073,1,125.639304071045,1,651.659973144531,0.0584000013768673,0.0186747275292873,120.494201660156,-92.9282,26.188,13.9083067516427,53,53,53,53,53,53,0,8040,1.1727079215133,26,-93,0.0073,46,2026-07-01 22:36:53.002412,1.0427,0
"3902693",5,0,1,0.0511,1,0,1,131.916776194763,1,701.669982910156,0.0511000007390976,0.0124498177319765,126.514602661133,-92.9282,26.188,13.9083067516427,53,53,53,53,53,53,0,8040,1.1727079215133,26,-93,0.0073,46,2026-07-01 22:36:53.002412,1.0427,0
"3902693",5,0,1,0.0511,1,0,1,138.82425002594,1,751.169982910156,0.0511000007390976,0.0124498177319765,133.139205932617,-92.9282,26.188,13.9083067516427,53,53,53,53,53,53,0,8040,1.1727079215133,26,-93,0.0073,46,2026-07-01 22:36:53.002412,1.0427,0
"3902693",5,0,1,0.0438,1,-0.0073,1,146.37370605011,1,801.549987792969,0.0438000001013279,0.00622490886598825,140.379501342773,-92.9282,26.188,13.9083067516427,53,53,53,53,53,53,0,8040,1.1727079215133,26,-93,0.0073,46,2026-07-01 22:36:53.002412,1.0427,0
"3902693",5,0,1,0.0511,1,0,1,152.02930664978,1,850.929992675781,0.0511000007390976,0.0124498177319765,145.803497314453,-92.9282,26.188,13.9083067516427,53,53,53,53,53,53,0,8040,1.1727079215133,26,-93,0.0073,46,2026-07-01 22:36:53.002412,1.0427,0
"3902693",5,0,1,0.0511,1,0,1,159.256785136414,1,901.460021972656,0.0511000007390976,0.0124498177319765,152.735000610352,-92.9282,26.188,13.9083067516427,53,53,53,53,53,53,0,8040,1.1727079215133,26,-93,0.0073,46,2026-07-01 22:36:53.002412,1.0427,0
"3902693",5,0,1,0.0584,1,0.0073,1,167.4797258255,1,950.950012207031,0.0584000013768673,0.0186747275292873,160.621200561523,-92.9282,26.188,13.9083067516427,53,53,53,53,53,53,0,8040,1.1727079215133,26,-93,0.0073,46,2026-07-01 22:36:53.002412,1.0427,0
"3902693",5,0,1,0.0438,1,-0.0073,1,173.0116712677,1,999.280029296875,0.0438000001013279,0.00622490886598825,165.926605224609,-92.9282,26.188,13.9083067516427,53,53,53,53,53,53,0,8040,1.1727079215133,26,-93,0.0073,46,2026-07-01 22:36:53.002412,1.0427,0
"3902693",5,0,1,0.0584,1,0.0073,1,182.417132019043,1,1099.63000488281,0.0584000013768673,0.0186747275292873,174.946899414062,-92.9282,26.188,13.9083067516427,53,53,53,53,53,53,0,8040,1.1727079215133,26,-93,0.0073,46,2026-07-01 22:36:53.002412,1.0427,0
"3902693",5,0,1,0.0438,1,-0.0073,1,189.920193493652,1,1199.96997070312,0.0438000001013279,0.00622490886598825,182.142700195312,-92.9282,26.188,13.9083067516427,53,53,53,53,53,53,0,8040,1.1727079215133,26,-93,0.0073,46,2026-07-01 22:36:53.002412,1.0427,0
"3902693",5,0,1,0.0511,1,0,1,194.591898707581,1,1299.03002929688,0.0511000007390976,0.0124498177319765,186.623092651367,-92.9282,26.188,13.9083067516427,53,53,53,53,53,53,0,8040,1.1727079215133,26,-93,0.0073,46,2026-07-01 22:36:53.002412,1.0427,0
"3902693",5,0,1,0.0511,1,0,1,197.049441545105,1,1399.52001953125,0.0511000007390976,0.0124498177319765,188.979995727539,-92.9282,26.188,13.9083067516427,53,53,53,53,53,53,0,8040,1.1727079215133,26,-93,0.0073,46,2026-07-01 22:36:53.002412,1.0427,0
"3902693",5,0,1,0.0438,1,-0.0073,1,197.890175697327,1,1499.94995117188,0.0438000001013279,0.00622490886598825,189.78630065918,-92.9282,26.188,13.9083067516427,53,53,53,53,53,53,0,8040,1.1727079215133,26,-93,0.0073,46,2026-07-01 22:36:53.002412,1.0427,0
"3902693",5,0,1,0.0584,1,0.0073,1,198.271705635071,1,1599.77001953125,0.0584000013768673,0.0186747275292873,190.152206420898,-92.9282,26.188,13.9083067516427,53,53,53,53,53,53,0,8040,1.1727079215133,26,-93,0.0073,46,2026-07-01 22:36:53.002412,1.0427,0
"3902693",5,0,1,0.0438,1,-0.0073,1,198.640189094543,1,1699.05004882812,0.0438000001013279,0.00622490886598825,190.505599975586,-92.9282,26.188,13.9083067516427,53,53,53,53,53,53,0,8040,1.1727079215133,26,-93,0.0073,46,2026-07-01 22:36:53.002412,1.0427,0
"3902693",5,0,1,0.0584,1,0.0073,1,199.166646313477,1,1798.30004882812,0.0584000013768673,0.0186747275292873,191.010498046875,-92.9282,26.188,13.9083067516427,53,53,53,53,53,53,0,8040,1.1727079215133,26,-93,0.0073,46,2026-07-01 22:36:53.002412,1.0427,0
"3902693",5,0,1,0.0511,1,0,1,199.338382516479,1,1899.73999023438,0.0511000007390976,0.0124498177319765,191.175201416016,-92.9282,26.188,13.9083067516427,53,53,53,53,53,53,0,8040,1.1727079215133,26,-93,0.0073,46,2026-07-01 22:36:53.002412,1.0427,0
"3902693",6,0.031124544594957,1,0.0876,1,0.0365,1,182.013088951111,1,7.86999988555908,0.0876000002026558,0.0435743629932404,174.55940246582,-93.2396,26.3958,12.2193055666336,53,53,53,53,53,53,0.0365,8040,1.1727079215133,26,-93,0.0073,46,2026-07-12 06:10:33.000658,1.0427,0
"3902693",6,0.0373494535139484,1,0.0949,1,0.0438,1,182.3382008255,1,11.7200002670288,0.0948999971151352,0.049799270927906,174.871200561523,-93.2396,26.3958,12.2193055666336,53,53,53,53,53,53,0.0438,8040,1.1727079215133,26,-93,0.0073,46,2026-07-12 06:10:33.000658,1.0427,0
"3902693",6,0.031124544594957,1,0.0876,1,0.0365,1,186.402433372498,1,17,0.0876000002026558,0.0435743629932404,178.768997192383,-93.2396,26.3958,12.2193055666336,53,53,53,53,53,53,0.0365,8040,1.1727079215133,26,-93,0.0073,46,2026-07-12 06:10:33.000658,1.0427,0
"3902693",6,0.0373494535139484,1,0.0949,1,0.0438,1,185.716331808472,1,21.9599990844727,0.0948999971151352,0.049799270927906,178.110992431641,-93.2396,26.3958,12.2193055666336,53,53,53,53,53,53,0.0438,8040,1.1727079215133,26,-93,0.0073,46,2026-07-12 06:10:33.000658,1.0427,0
"3902693",6,0.0435743624329398,1,0.1022,1,0.0511,1,187.133577107239,1,26.8999996185303,0.102200001478195,0.056024182587862,179.470199584961,-93.2396,26.3958,12.2193055666336,53,53,53,53,53,53,0.0511,8040,1.1727079215133,26,-93,0.0073,46,2026-07-12 06:10:33.000658,1.0427,0
"3902693",6,0.0560241802709226,1,0.1168,1,0.0657,1,190.837456378174,1,31.9799995422363,0.116800002753735,0.0684740021824837,183.022399902344,-93.2396,26.3958,12.2193055666336,53,53,53,53,53,53,0.0657,8040,1.1727079215133,26,-93,0.0073,46,2026-07-12 06:10:33.000658,1.0427,0
"3902693",6,0.0871487248658797,1,0.1533,1,0.1022,1,199.327531665039,1,36.8899993896484,0.153300002217293,0.0995985418558121,191.164794921875,-93.2396,26.3958,12.2193055666336,53,53,53,53,53,53,0.1022,8040,1.1727079215133,26,-93,0.0073,46,2026-07-12 06:10:33.000658,1.0427,0
"3902693",6,0.0933736337848711,1,0.1606,1,0.1095,1,204.672212413025,1,41.7299995422363,0.160600006580353,0.105823449790478,196.290603637695,-93.2396,26.3958,12.2193055666336,53,53,53,53,53,53,0.1095,8040,1.1727079215133,26,-93,0.0073,46,2026-07-12 06:10:33.000658,1.0427,0
"3902693",6,0.0871487248658797,1,0.1533,1,0.1022,1,205.971625738525,1,46.9799995422363,0.153300002217293,0.0995985418558121,197.536804199219,-93.2396,26.3958,12.2193055666336,53,53,53,53,53,53,0.1022,8040,1.1727079215133,26,-93,0.0073,46,2026-07-12 06:10:33.000658,1.0427,0
"3902693",6,0.0933736337848711,1,0.1606,1,0.1095,1,205.310757972717,1,51.810001373291,0.160600006580353,0.105823449790478,196.90299987793,-93.2396,26.3958,12.2193055666336,53,53,53,53,53,53,0.1095,8040,1.1727079215133,26,-93,0.0073,46,2026-07-12 06:10:33.000658,1.0427,0
"3902693",6,0.0995985427038625,1,0.1679,1,0.1168,1,208.028243934631,1,56.9099998474121,0.167899996042252,0.112048365175724,199.509201049805,-93.2396,26.3958,12.2193055666336,53,53,53,53,53,53,0.1168,8040,1.1727079215133,26,-93,0.0073,46,2026-07-12 06:10:33.000658,1.0427,0
"3902693",6,0.124498178379828,1,0.1971,1,0.146,1,207.167383203125,1,61.7900009155273,0.19709999859333,0.136948004364967,198.68359375,-93.2396,26.3958,12.2193055666336,53,53,53,53,53,53,0.146,8040,1.1727079215133,26,-93,0.0073,46,2026-07-12 06:10:33.000658,1.0427,0
"3902693",6,0.149397814055794,1,0.2263,1,0.1752,1,201.486135136414,1,66.7799987792969,0.226300001144409,0.16184763610363,193.235000610352,-93.2396,26.3958,12.2193055666336,53,53,53,53,53,53,0.1752,8040,1.1727079215133,26,-93,0.0073,46,2026-07-12 06:10:33.000658,1.0427,0
"3902693",6,0.168072540812768,1,0.2482,1,0.1971,1,194.109974528503,1,71.9000015258789,0.248199999332428,0.180522367358208,186.160903930664,-93.2396,26.3958,12.2193055666336,53,53,53,53,53,53,0.1971,8040,1.1727079215133,26,-93,0.0073,46,2026-07-12 06:10:33.000658,1.0427,0
"3902693",6,0.199197085407725,1,0.2847,1,0.2336,1,189.284464064026,1,76.5699996948242,0.284700006246567,0.211646899580956,181.533004760742,-93.2396,26.3958,12.2193055666336,53,53,53,53,53,53,0.2336,8040,1.1727079215133,26,-93,0.0073,46,2026-07-12 06:10:33.000658,1.0427,0
"3902693",6,0.31124544594957,1,0.4161,1,0.365,1,178.953276127624,1,81.8300018310547,0.41609999537468,0.32369527220726,171.624893188477,-93.2396,26.3958,12.2193055666336,53,53,53,53,53,53,0.365,8040,1.1727079215133,26,-93,0.0073,46,2026-07-12 06:10:33.000658,1.0427,0
"3902693",6,0.684739981089055,1,0.8541,1,0.803,1,158.422208285522,1,86.7300033569336,0.854099988937378,0.697189807891846,151.934600830078,-93.2396,26.3958,12.2193055666336,53,53,53,53,53,53,0.803,8040,1.1727079215133,26,-93,0.0073,46,2026-07-12 06:10:33.000658,1.0427,0
"3902693",6,0.497992713519312,1,0.6351,1,0.584,1,142.409565447998,1,91.4700012207031,0.63510000705719,0.510442554950714,136.577697753906,-93.2396,26.3958,12.2193055666336,53,53,53,53,53,53,0.584,8040,1.1727079215133,26,-93,0.0073,46,2026-07-12 06:10:33.000658,1.0427,0
"3902693",6,0.342369990544527,1,0.4526,1,0.4015,1,126.516632003784,1,96.629997253418,0.452600002288818,0.354819804430008,121.335601806641,-93.2396,26.3958,12.2193055666336,53,53,53,53,53,53,0.4015,8040,1.1727079215133,26,-93,0.0073,46,2026-07-12 06:10:33.000658,1.0427,0
"3902693",6,0.286345810273605,1,0.3869,1,0.3358,1,125.317835664368,1,101.430000305176,0.386900007724762,0.298795640468597,120.185897827148,-93.2396,26.3958,12.2193055666336,53,53,53,53,53,53,0.3358,8040,1.1727079215133,26,-93,0.0073,46,2026-07-12 06:10:33.000658,1.0427,0
"3902693",6,0.280120901354613,1,0.3796,1,0.3285,1,120.351041386414,1,111.769996643066,0.379599988460541,0.292570739984512,115.422500610352,-93.2396,26.3958,12.2193055666336,53,53,53,53,53,53,0.3285,8040,1.1727079215133,26,-93,0.0073,46,2026-07-12 06:10:33.000658,1.0427,0
"3902693",6,0.211646903245708,1,0.2993,1,0.2482,1,120.37335563736,1,121.480003356934,0.299299985170364,0.224096730351448,115.443901062012,-93.2396,26.3958,12.2193055666336,53,53,53,53,53,53,0.2482,8040,1.1727079215133,26,-93,0.0073,46,2026-07-12 06:10:33.000658,1.0427,0
"3902693",6,0.130723087298819,1,0.2044,1,0.1533,1,120.903671113586,1,131.720001220703,0.20440000295639,0.143172919750214,115.952499389648,-93.2396,26.3958,12.2193055666336,53,53,53,53,53,53,0.1533,8040,1.1727079215133,26,-93,0.0073,46,2026-07-12 06:10:33.000658,1.0427,0
"3902693",6,0.0933736337848711,1,0.1606,1,0.1095,1,121.295105237579,1,141.300003051758,0.160600006580353,0.105823449790478,116.327903747559,-93.2396,26.3958,12.2193055666336,53,53,53,53,53,53,0.1095,8040,1.1727079215133,26,-93,0.0073,46,2026-07-12 06:10:33.000658,1.0427,0
"3902693",6,0.0435743624329398,1,0.1022,1,0.0511,1,118.897098889923,1,151.809997558594,0.102200001478195,0.056024182587862,114.028099060059,-93.2396,26.3958,12.2193055666336,53,53,53,53,53,53,0.0511,8040,1.1727079215133,26,-93,0.0073,46,2026-07-12 06:10:33.000658,1.0427,0
"3902693",6,0.031124544594957,1,0.0876,1,0.0365,1,119.847622338867,1,161.570007324219,0.0876000002026558,0.0435743629932404,114.939697265625,-93.2396,26.3958,12.2193055666336,53,53,53,53,53,53,0.0365,8040,1.1727079215133,26,-93,0.0073,46,2026-07-12 06:10:33.000658,1.0427,0
"3902693",6,0.0124498178379828,1,0.0657,1,0.0146,1,121.797370785522,1,171.669998168945,0.065700002014637,0.024899635463953,116.809600830078,-93.2396,26.3958,12.2193055666336,53,53,53,53,53,53,0.0146,8040,1.1727079215133,26,-93,0.0073,46,2026-07-12 06:10:33.000658,1.0427,0
"3902693",6,0.0124498178379828,1,0.0657,1,0.0146,1,122.082444290924,1,181.619995117188,0.065700002014637,0.024899635463953,117.083000183105,-93.2396,26.3958,12.2193055666336,53,53,53,53,53,53,0.0146,8040,1.1727079215133,26,-93,0.0073,46,2026-07-12 06:10:33.000658,1.0427,0
"3902693",6,0,1,0.0511,1,0,1,121.427312202454,1,191.539993286133,0.0511000007390976,0.0124498177319765,116.454696655273,-93.2396,26.3958,12.2193055666336,53,53,53,53,53,53,0,8040,1.1727079215133,26,-93,0.0073,46,2026-07-12 06:10:33.000658,1.0427,0
"3902693",6,0,1,0.0511,1,0,1,118.779903330231,1,201.440002441406,0.0511000007390976,0.0124498177319765,113.915702819824,-93.2396,26.3958,12.2193055666336,53,53,53,53,53,53,0,8040,1.1727079215133,26,-93,0.0073,46,2026-07-12 06:10:33.000658,1.0427,0
"3902693",6,0,1,0.0365,1,-0.0146,1,115.533247436523,1,211,0.0364999994635582,0,110.802001953125,-93.2396,26.3958,12.2193055666336,53,53,53,53,53,53,0,8040,1.1727079215133,26,-93,0.0073,46,2026-07-12 06:10:33.000658,1.0427,0
"3902693",6,0,1,0.0365,1,-0.0146,1,115.229296313477,1,221.550003051758,0.0364999994635582,0,110.510498046875,-93.2396,26.3958,12.2193055666336,53,53,53,53,53,53,0,8040,1.1727079215133,26,-93,0.0073,46,2026-07-12 06:10:33.000658,1.0427,0
"3902693",6,0,1,0.0365,1,-0.0146,1,112.795428060913,1,231.589996337891,0.0364999994635582,0,108.176300048828,-93.2396,26.3958,12.2193055666336,53,53,53,53,53,53,0,8040,1.1727079215133,26,-93,0.0073,46,2026-07-12 06:10:33.000658,1.0427,0
"3902693",6,0,1,0.0438,1,-0.0073,1,110.634636917877,1,241.279998779297,0.0438000001013279,0.00622490886598825,106.103996276855,-93.2396,26.3958,12.2193055666336,53,53,53,53,53,53,0,8040,1.1727079215133,26,-93,0.0073,46,2026-07-12 06:10:33.000658,1.0427,0
"3902693",6,0,1,0.0438,1,-0.0073,1,110.058650812531,1,251.25,0.0438000001013279,0.00622490886598825,105.551597595215,-93.2396,26.3958,12.2193055666336,53,53,53,53,53,53,0,8040,1.1727079215133,26,-93,0.0073,46,2026-07-12 06:10:33.000658,1.0427,0
"3902693",6,0,1,0.0438,1,-0.0073,1,108.745268209076,1,261.529998779297,0.0438000001013279,0.00622490886598825,104.291999816895,-93.2396,26.3958,12.2193055666336,53,53,53,53,53,53,0,8040,1.1727079215133,26,-93,0.0073,46,2026-07-12 06:10:33.000658,1.0427,0
"3902693",6,0,1,0.0365,1,-0.0146,1,108.944529299164,1,270.869995117188,0.0364999994635582,0,104.483100891113,-93.2396,26.3958,12.2193055666336,53,53,53,53,53,53,0,8040,1.1727079215133,26,-93,0.0073,46,2026-07-12 06:10:33.000658,1.0427,0
"3902693",6,0,1,0.0438,1,-0.0073,1,106.306077947998,1,281.489990234375,0.0438000001013279,0.00622490886598825,101.952697753906,-93.2396,26.3958,12.2193055666336,53,53,53,53,53,53,0,8040,1.1727079215133,26,-93,0.0073,46,2026-07-12 06:10:33.000658,1.0427,0
"3902693",6,0,1,0.0511,1,0,1,106.532863925171,1,290.359985351562,0.0511000007390976,0.0124498177319765,102.170196533203,-93.2396,26.3958,12.2193055666336,53,53,53,53,53,53,0,8040,1.1727079215133,26,-93,0.0073,46,2026-07-12 06:10:33.000658,1.0427,0
"3902693",6,0,1,0.0511,1,0,1,106.382718052673,1,301.679992675781,0.0511000007390976,0.0124498177319765,102.02619934082,-93.2396,26.3958,12.2193055666336,53,53,53,53,53,53,0,8040,1.1727079215133,26,-93,0.0073,46,2026-07-12 06:10:33.000658,1.0427,0
"3902693",6,0,1,0.0438,1,-0.0073,1,106.713048518372,1,311.149993896484,0.0438000001013279,0.00622490886598825,102.343002319336,-93.2396,26.3958,12.2193055666336,53,53,53,53,53,53,0,8040,1.1727079215133,26,-93,0.0073,46,2026-07-12 06:10:33.000658,1.0427,0
"3902693",6,0,1,0.0438,1,-0.0073,1,107.005941955566,1,321.679992675781,0.0438000001013279,0.00622490886598825,102.623901367188,-93.2396,26.3958,12.2193055666336,53,53,53,53,53,53,0,8040,1.1727079215133,26,-93,0.0073,46,2026-07-12 06:10:33.000658,1.0427,0
"3902693",6,0,1,0.0511,1,0,1,107.433969860077,1,331.519989013672,0.0511000007390976,0.0124498177319765,103.034400939941,-93.2396,26.3958,12.2193055666336,53,53,53,53,53,53,0,8040,1.1727079215133,26,-93,0.0073,46,2026-07-12 06:10:33.000658,1.0427,0
"3902693",6,0,1,0.0584,1,0.0073,1,107.085079983521,1,341.589996337891,0.0584000013768673,0.0186747275292873,102.699798583984,-93.2396,26.3958,12.2193055666336,53,53,53,53,53,53,0,8040,1.1727079215133,26,-93,0.0073,46,2026-07-12 06:10:33.000658,1.0427,0
"3902693",6,0,1,0.0438,1,-0.0073,1,106.815129255676,1,351.079986572266,0.0438000001013279,0.00622490886598825,102.440902709961,-93.2396,26.3958,12.2193055666336,53,53,53,53,53,53,0,8040,1.1727079215133,26,-93,0.0073,46,2026-07-12 06:10:33.000658,1.0427,0
"3902693",6,0,1,0.0511,1,0,1,106.6449602211,1,361.690002441406,0.0511000007390976,0.0124498177319765,102.277702331543,-93.2396,26.3958,12.2193055666336,53,53,53,53,53,53,0,8040,1.1727079215133,26,-93,0.0073,46,2026-07-12 06:10:33.000658,1.0427,0
"3902693",6,0,1,0.0438,1,-0.0073,1,103.749588710022,1,381.820007324219,0.0438000001013279,0.00622490886598825,99.5009002685547,-93.2396,26.3958,12.2193055666336,53,53,53,53,53,53,0,8040,1.1727079215133,26,-93,0.0073,46,2026-07-12 06:10:33.000658,1.0427,0
"3902693",6,0,1,0.0438,1,-0.0073,1,104.565709567261,1,400.890014648438,0.0438000001013279,0.00622490886598825,100.283599853516,-93.2396,26.3958,12.2193055666336,53,53,53,53,53,53,0,8040,1.1727079215133,26,-93,0.0073,46,2026-07-12 06:10:33.000658,1.0427,0
"3902693",6,0,1,0.0511,1,0,1,102.850781819153,1,450.920013427734,0.0511000007390976,0.0124498177319765,98.6389007568359,-93.2396,26.3958,12.2193055666336,53,53,53,53,53,53,0,8040,1.1727079215133,26,-93,0.0073,46,2026-07-12 06:10:33.000658,1.0427,0
"3902693",6,0,1,0.0511,1,0,1,104.737549187469,1,500.829986572266,0.0511000007390976,0.0124498177319765,100.448402404785,-93.2396,26.3958,12.2193055666336,53,53,53,53,53,53,0,8040,1.1727079215133,26,-93,0.0073,46,2026-07-12 06:10:33.000658,1.0427,0
"3902693",6,0,1,0.0511,1,0,1,108.074392839813,1,551.700012207031,0.0511000007390976,0.0124498177319765,103.648597717285,-93.2396,26.3958,12.2193055666336,53,53,53,53,53,53,0,8040,1.1727079215133,26,-93,0.0073,46,2026-07-12 06:10:33.000658,1.0427,0
"3902693",6,0,1,0.0584,1,0.0073,1,113.594031634521,1,601.489990234375,0.0584000013768673,0.0186747275292873,108.942199707031,-93.2396,26.3958,12.2193055666336,53,53,53,53,53,53,0,8040,1.1727079215133,26,-93,0.0073,46,2026-07-12 06:10:33.000658,1.0427,0
"3902693",6,0,1,0.0511,1,0,1,120.93568271637,1,651.179992675781,0.0511000007390976,0.0124498177319765,115.983200073242,-93.2396,26.3958,12.2193055666336,53,53,53,53,53,53,0,8040,1.1727079215133,26,-93,0.0073,46,2026-07-12 06:10:33.000658,1.0427,0
"3902693",6,0,1,0.0511,1,0,1,128.777721926117,1,701.849975585938,0.0511000007390976,0.0124498177319765,123.504096984863,-93.2396,26.3958,12.2193055666336,53,53,53,53,53,53,0,8040,1.1727079215133,26,-93,0.0073,46,2026-07-12 06:10:33.000658,1.0427,0
"3902693",6,0,1,0.0438,1,-0.0073,1,134.702247036743,1,751.599975585938,0.0438000001013279,0.00622490886598825,129.186004638672,-93.2396,26.3958,12.2193055666336,53,53,53,53,53,53,0,8040,1.1727079215133,26,-93,0.0073,46,2026-07-12 06:10:33.000658,1.0427,0
"3902693",6,0,1,0.0511,1,0,1,141.383444021606,1,801.5,0.0511000007390976,0.0124498177319765,135.593597412109,-93.2396,26.3958,12.2193055666336,53,53,53,53,53,53,0,8040,1.1727079215133,26,-93,0.0073,46,2026-07-12 06:10:33.000658,1.0427,0
"3902693",6,0,1,0.0584,1,0.0073,1,148.013871113586,1,851.77001953125,0.0584000013768673,0.0186747275292873,141.952499389648,-93.2396,26.3958,12.2193055666336,53,53,53,53,53,53,0,8040,1.1727079215133,26,-93,0.0073,46,2026-07-12 06:10:33.000658,1.0427,0
"3902693",6,0,1,0.0511,1,0,1,155.411001548767,1,901.25,0.0511000007390976,0.0124498177319765,149.04670715332,-93.2396,26.3958,12.2193055666336,53,53,53,53,53,53,0,8040,1.1727079215133,26,-93,0.0073,46,2026-07-12 06:10:33.000658,1.0427,0
"3902693",6,0,1,0.0584,1,0.0073,1,163.115917498779,1,951.179992675781,0.0584000013768673,0.0186747275292873,156.436096191406,-93.2396,26.3958,12.2193055666336,53,53,53,53,53,53,0,8040,1.1727079215133,26,-93,0.0073,46,2026-07-12 06:10:33.000658,1.0427,0
"3902693",6,0,1,0.0511,1,0,1,170.698117001343,1,999.27001953125,0.0511000007390976,0.0124498177319765,163.707794189453,-93.2396,26.3958,12.2193055666336,53,53,53,53,53,53,0,8040,1.1727079215133,26,-93,0.0073,46,2026-07-12 06:10:33.000658,1.0427,0
"3902693",6,0,1,0.0511,1,0,1,179.767312730408,1,1099.21997070312,0.0511000007390976,0.0124498177319765,172.40559387207,-93.2396,26.3958,12.2193055666336,53,53,53,53,53,53,0,8040,1.1727079215133,26,-93,0.0073,46,2026-07-12 06:10:33.000658,1.0427,0
"3902693",6,0,1,0.0511,1,0,1,186.793350410461,1,1200.18994140625,0.0511000007390976,0.0124498177319765,179.143905639648,-93.2396,26.3958,12.2193055666336,53,53,53,53,53,53,0,8040,1.1727079215133,26,-93,0.0073,46,2026-07-12 06:10:33.000658,1.0427,0
"3902693",6,0,1,0.0511,1,0,1,192.502855239868,1,1299.88000488281,0.0511000007390976,0.0124498177319765,184.619598388672,-93.2396,26.3958,12.2193055666336,53,53,53,53,53,53,0,8040,1.1727079215133,26,-93,0.0073,46,2026-07-12 06:10:33.000658,1.0427,0
"3902693",6,0,1,0.0511,1,0,1,196.154294032288,1,1399.31994628906,0.0511000007390976,0.0124498177319765,188.121505737305,-93.2396,26.3958,12.2193055666336,53,53,53,53,53,53,0,8040,1.1727079215133,26,-93,0.0073,46,2026-07-12 06:10:33.000658,1.0427,0
"3902693",6,0,1,0.0511,1,0,1,197.621895555115,1,1499.94995117188,0.0511000007390976,0.0124498177319765,189.529006958008,-93.2396,26.3958,12.2193055666336,53,53,53,53,53,53,0,8040,1.1727079215133,26,-93,0.0073,46,2026-07-12 06:10:33.000658,1.0427,0
"3902693",6,0,1,0.0511,1,0,1,198.071712669373,1,1599,0.0511000007390976,0.0124498177319765,189.960403442383,-93.2396,26.3958,12.2193055666336,53,53,53,53,53,53,0,8040,1.1727079215133,26,-93,0.0073,46,2026-07-12 06:10:33.000658,1.0427,0
"3902693",6,0,1,0.0584,1,0.0073,1,198.612043704224,1,1698.75,0.0584000013768673,0.0186747275292873,190.478607177734,-93.2396,26.3958,12.2193055666336,53,53,53,53,53,53,0,8040,1.1727079215133,26,-93,0.0073,46,2026-07-12 06:10:33.000658,1.0427,0
"3902693",6,0,1,0.0584,1,0.0073,1,199.056435392761,1,1799.16003417969,0.0584000013768673,0.0186747275292873,190.904800415039,-93.2396,26.3958,12.2193055666336,53,53,53,53,53,53,0,8040,1.1727079215133,26,-93,0.0073,46,2026-07-12 06:10:33.000658,1.0427,0
"3902693",6,0,1,0.0511,1,0,1,199.069465960693,1,1899.68994140625,0.0511000007390976,0.0124498177319765,190.917297363281,-93.2396,26.3958,12.2193055666336,53,53,53,53,53,53,0,8040,1.1727079215133,26,-93,0.0073,46,2026-07-12 06:10:33.000658,1.0427,0
"3902693",7,0.0186747267569742,5,0.073,1,0.0219,1,182.375208274841,1,7.55999994277954,0.0729999989271164,0.64739054441452,174.906692504883,-93.3008,26.4066,23.9411872519299,53,53,53,53,53,53,0.0219,8040,1.1727079215133,26,-93,0.0073,46,2026-07-22 14:02:06.001505,1.0427,0
"3902693",7,0.0124498178379828,5,0.0657,1,0.0146,1,182.452691627502,1,11.6800003051758,0.065700002014637,0.64739054441452,174.981002807617,-93.3008,26.4066,23.9411872519299,53,53,53,53,53,53,0.0146,8040,1.1727079215133,26,-93,0.0073,46,2026-07-22 14:02:06.001505,1.0427,0
"3902693",7,0.0248996356759656,5,0.0803,1,0.0292,1,182.470733952332,1,16.6000003814697,0.0803000032901764,0.64739054441452,174.998306274414,-93.3008,26.4066,23.9411872519299,53,53,53,53,53,53,0.0292,8040,1.1727079215133,26,-93,0.0073,46,2026-07-22 14:02:06.001505,1.0427,0
"3902693",7,0.0248996356759656,5,0.0803,1,0.0292,1,182.556952081299,1,21.5499992370605,0.0803000032901764,0.64739054441452,175.080993652344,-93.3008,26.4066,23.9411872519299,53,53,53,53,53,53,0.0292,8040,1.1727079215133,26,-93,0.0073,46,2026-07-22 14:02:06.001505,1.0427,0
"3902693",7,0.0248996356759656,1,0.0803,1,0.0292,1,184.156259393311,1,26.8299999237061,0.0803000032901764,0.64739054441452,176.614807128906,-93.3008,26.4066,23.9411872519299,53,53,53,53,53,53,0.0292,8040,1.1727079215133,26,-93,0.0073,46,2026-07-22 14:02:06.001505,1.0427,0
"3902693",7,0.0497992713519312,1,0.1095,1,0.0584,1,187.83854833374,1,31.8600006103516,0.109499998390675,0.64739054441452,180.146301269531,-93.3008,26.4066,23.9411872519299,53,53,53,53,53,53,0.0584,8040,1.1727079215133,26,-93,0.0073,46,2026-07-22 14:02:06.001505,1.0427,0
"3902693",7,0.0497992713519312,1,0.1095,1,0.0584,1,194.044598944092,1,36.689998626709,0.109499998390675,0.64739054441452,186.098205566406,-93.3008,26.4066,23.9411872519299,53,53,53,53,53,53,0.0584,8040,1.1727079215133,26,-93,0.0073,46,2026-07-22 14:02:06.001505,1.0427,0
"3902693",7,0.0871487248658797,1,0.1533,1,0.1022,1,203.729302061462,1,41.8499984741211,0.153300002217293,0.64739054441452,195.386306762695,-93.3008,26.4066,23.9411872519299,53,53,53,53,53,53,0.1022,8040,1.1727079215133,26,-93,0.0073,46,2026-07-22 14:02:06.001505,1.0427,0
"3902693",7,0.0995985427038625,1,0.1679,1,0.1168,1,207.924397149658,1,46.9000015258789,0.167899996042252,0.64739054441452,199.409606933594,-93.3008,26.4066,23.9411872519299,53,53,53,53,53,53,0.1168,8040,1.1727079215133,26,-93,0.0073,46,2026-07-22 14:02:06.001505,1.0427,0
"3902693",7,0.0995985427038625,1,0.1679,1,0.1168,1,208.162224902344,1,51.9799995422363,0.167899996042252,0.64739054441452,199.6376953125,-93.3008,26.4066,23.9411872519299,53,53,53,53,53,53,0.1168,8040,1.1727079215133,26,-93,0.0073,46,2026-07-22 14:02:06.001505,1.0427,0
"3902693",7,0.124498178379828,1,0.1971,1,0.146,1,205.356738853455,1,56.5699996948242,0.19709999859333,0.64739054441452,196.94709777832,-93.3008,26.4066,23.9411872519299,53,53,53,53,53,53,0.146,8040,1.1727079215133,26,-93,0.0073,46,2026-07-22 14:02:06.001505,1.0427,0
"3902693",7,0.168072540812768,1,0.2482,1,0.1971,1,198.839036515808,1,61.7200012207031,0.248199999332428,0.64739054441452,190.696304321289,-93.3008,26.4066,23.9411872519299,53,53,53,53,53,53,0.1971,8040,1.1727079215133,26,-93,0.0073,46,2026-07-22 14:02:06.001505,1.0427,0
"3902693",7,0.510442531357295,1,0.6497,1,0.5986,1,169.065047949219,1,66.5500030517578,0.649699985980988,0.64739054441452,162.1416015625,-93.3008,26.4066,23.9411872519299,53,53,53,53,53,53,0.5986,8040,1.1727079215133,26,-93,0.0073,46,2026-07-22 14:02:06.001505,1.0427,0
"3902693",7,0.865262339739805,1,1.0658,1,1.0147,1,161.480032316589,1,71.9700012207031,1.06579995155334,0.64739054441452,154.867202758789,-93.3008,26.4066,23.9411872519299,53,53,53,53,53,53,1.0147,8040,1.1727079215133,26,-93,0.0073,46,2026-07-22 14:02:06.001505,1.0427,0
"3902693",7,0.715864525684012,1,0.8906,1,0.8395,1,152.665147451782,1,76.4800033569336,0.890600025653839,0.64739054441452,146.413299560547,-93.3008,26.4066,23.9411872519299,53,53,53,53,53,53,0.8395,8040,1.1727079215133,26,-93,0.0073,46,2026-07-22 14:02:06.001505,1.0427,0
"3902693",7,0.634940709737123,1,0.7957,1,0.7446,1,152.1038625,1,81.6600036621094,0.795700013637543,0.64739054441452,145.875,-93.3008,26.4066,23.9411872519299,53,53,53,53,53,53,0.7446,8040,1.1727079215133,26,-93,0.0073,46,2026-07-22 14:02:06.001505,1.0427,0
"3902693",7,0.473093077843347,1,0.6059,1,0.5548,1,144.504352548218,1,86.9400024414062,0.60589998960495,0.485542923212051,138.586700439453,-93.3008,26.4066,23.9411872519299,53,53,53,53,53,53,0.5548,8040,1.1727079215133,26,-93,0.0073,46,2026-07-22 14:02:06.001505,1.0427,0
"3902693",7,0.429518715410407,1,0.5548,1,0.5037,1,143.479488038635,1,91.8199996948242,0.554799973964691,0.441968530416489,137.603805541992,-93.3008,26.4066,23.9411872519299,53,53,53,53,53,53,0.5037,8040,1.1727079215133,26,-93,0.0073,46,2026-07-22 14:02:06.001505,1.0427,0
"3902693",7,0.329920172706544,1,0.438,1,0.3869,1,148.922065104675,1,96.9000015258789,0.437999993562698,0.342370003461838,142.823501586914,-93.3008,26.4066,23.9411872519299,53,53,53,53,53,53,0.3869,8040,1.1727079215133,26,-93,0.0073,46,2026-07-22 14:02:06.001505,1.0427,0
"3902693",7,0.361044717301501,1,0.4745,1,0.4234,1,145.035710151672,1,101.75,0.474500000476837,0.373494565486908,139.096298217773,-93.3008,26.4066,23.9411872519299,53,53,53,53,53,53,0.4234,8040,1.1727079215133,26,-93,0.0073,46,2026-07-22 14:02:06.001505,1.0427,0
"3902693",7,0.211646903245708,1,0.2993,1,0.2482,1,131.609070231628,1,111.730003356934,0.299299985170364,0.224096730351448,126.219497680664,-93.3008,26.4066,23.9411872519299,53,53,53,53,53,53,0.2482,8040,1.1727079215133,26,-93,0.0073,46,2026-07-22 14:02:06.001505,1.0427,0
"3902693",7,0.186747267569742,1,0.2701,1,0.219,1,131.413667398834,1,121.819999694824,0.270099997520447,0.199197083711624,126.032096862793,-93.3008,26.4066,23.9411872519299,53,53,53,53,53,53,0.219,8040,1.1727079215133,26,-93,0.0073,46,2026-07-22 14:02:06.001505,1.0427,0
"3902693",7,0.168072540812768,1,0.2482,1,0.1971,1,133.033188796997,1,131.580001831055,0.248199999332428,0.180522367358208,127.585296630859,-93.3008,26.4066,23.9411872519299,53,53,53,53,53,53,0.1971,8040,1.1727079215133,26,-93,0.0073,46,2026-07-22 14:02:06.001505,1.0427,0
"3902693",7,0.0809238159468883,1,0.146,1,0.0949,1,137.390632987976,1,141.690002441406,0.145999997854233,0.093373641371727,131.764297485352,-93.3008,26.4066,23.9411872519299,53,53,53,53,53,53,0.0949,8040,1.1727079215133,26,-93,0.0073,46,2026-07-22 14:02:06.001505,1.0427,0
"3902693",7,0.0373494535139484,1,0.0949,1,0.0438,1,133.306695485687,1,151.610000610352,0.0948999971151352,0.049799270927906,127.847602844238,-93.3008,26.4066,23.9411872519299,53,53,53,53,53,53,0.0438,8040,1.1727079215133,26,-93,0.0073,46,2026-07-22 14:02:06.001505,1.0427,0
"3902693",7,0.0497992713519312,1,0.1095,1,0.0584,1,121.486228189087,1,161.929992675781,0.109499998390675,0.0622490867972374,116.511199951172,-93.3008,26.4066,23.9411872519299,53,53,53,53,53,53,0.0584,8040,1.1727079215133,26,-93,0.0073,46,2026-07-22 14:02:06.001505,1.0427,0
"3902693",7,0.0435743624329398,1,0.1022,1,0.0511,1,123.10919417572,1,171.279998779297,0.102200001478195,0.056024182587862,118.06770324707,-93.3008,26.4066,23.9411872519299,53,53,53,53,53,53,0.0511,8040,1.1727079215133,26,-93,0.0073,46,2026-07-22 14:02:06.001505,1.0427,0
"3902693",7,0.0124498178379828,1,0.0657,1,0.0146,1,121.40197498703,1,181.300003051758,0.065700002014637,0.024899635463953,116.430397033691,-93.3008,26.4066,23.9411872519299,53,53,53,53,53,53,0.0146,8040,1.1727079215133,26,-93,0.0073,46,2026-07-22 14:02:06.001505,1.0427,0
"3902693",7,0.00622490891899141,1,0.0584,1,0.0073,1,121.298024784851,1,191.729995727539,0.0584000013768673,0.0186747275292873,116.330703735352,-93.3008,26.4066,23.9411872519299,53,53,53,53,53,53,0.0073,8040,1.1727079215133,26,-93,0.0073,46,2026-07-22 14:02:06.001505,1.0427,0
"3902693",7,0.00622490891899141,1,0.0584,1,0.0073,1,121.039640873718,1,201.710006713867,0.0584000013768673,0.0186747275292873,116.082901000977,-93.3008,26.4066,23.9411872519299,53,53,53,53,53,53,0.0073,8040,1.1727079215133,26,-93,0.0073,46,2026-07-22 14:02:06.001505,1.0427,0
"3902693",7,-0.0124498178379828,1,0.0365,1,-0.0146,1,118.87051271286,1,211.470001220703,0.0364999994635582,0,114.002601623535,-93.3008,26.4066,23.9411872519299,53,53,53,53,53,53,-0.0146,8040,1.1727079215133,26,-93,0.0073,46,2026-07-22 14:02:06.001505,1.0427,0
"3902693",7,0,1,0.0438,1,-0.0073,1,128.901910079956,1,221.419998168945,0.0438000001013279,0.00622490886598825,123.623199462891,-93.3008,26.4066,23.9411872519299,53,53,53,53,53,53,0,8040,1.1727079215133,26,-93,0.0073,46,2026-07-22 14:02:06.001505,1.0427,0
"3902693",7,0,1,0.0511,1,0,1,130.483898987579,1,231.559997558594,0.0511000007390976,0.0124498177319765,125.140403747559,-93.3008,26.4066,23.9411872519299,53,53,53,53,53,53,0,8040,1.1727079215133,26,-93,0.0073,46,2026-07-22 14:02:06.001505,1.0427,0
"3902693",7,0,1,0.0438,1,-0.0073,1,129.095960533905,1,241.699996948242,0.0438000001013279,0.00622490886598825,123.809303283691,-93.3008,26.4066,23.9411872519299,53,53,53,53,53,53,0,8040,1.1727079215133,26,-93,0.0073,46,2026-07-22 14:02:06.001505,1.0427,0
"3902693",7,0,1,0.0438,1,-0.0073,1,127.126188925171,1,251.130004882812,0.0438000001013279,0.00622490886598825,121.920196533203,-93.3008,26.4066,23.9411872519299,53,53,53,53,53,53,0,8040,1.1727079215133,26,-93,0.0073,46,2026-07-22 14:02:06.001505,1.0427,0
"3902693",7,0,1,0.0438,1,-0.0073,1,125.601763625336,1,261.739990234375,0.0438000001013279,0.00622490886598825,120.458198547363,-93.3008,26.4066,23.9411872519299,53,53,53,53,53,53,0,8040,1.1727079215133,26,-93,0.0073,46,2026-07-22 14:02:06.001505,1.0427,0
"3902693",7,0,1,0.0438,1,-0.0073,1,123.114921897888,1,271.170013427734,0.0438000001013279,0.00622490886598825,118.073196411133,-93.3008,26.4066,23.9411872519299,53,53,53,53,53,53,0,8040,1.1727079215133,26,-93,0.0073,46,2026-07-22 14:02:06.001505,1.0427,0
"3902693",7,0,1,0.0365,1,-0.0146,1,121.054548861694,1,281.760009765625,0.0364999994635582,0,116.097198486328,-93.3008,26.4066,23.9411872519299,53,53,53,53,53,53,0,8040,1.1727079215133,26,-93,0.0073,46,2026-07-22 14:02:06.001505,1.0427,0
"3902693",7,0,1,0.0365,1,-0.0146,1,118.233104742432,1,291.720001220703,0.0364999994635582,0,113.391296386719,-93.3008,26.4066,23.9411872519299,53,53,53,53,53,53,0,8040,1.1727079215133,26,-93,0.0073,46,2026-07-22 14:02:06.001505,1.0427,0
"3902693",7,0,1,0.0511,1,0,1,116.396701553345,1,301.589996337891,0.0511000007390976,0.0124498177319765,111.630096435547,-93.3008,26.4066,23.9411872519299,53,53,53,53,53,53,0,8040,1.1727079215133,26,-93,0.0073,46,2026-07-22 14:02:06.001505,1.0427,0
"3902693",7,0,1,0.0511,1,0,1,111.923835805511,1,309.429992675781,0.0511000007390976,0.0124498177319765,107.340400695801,-93.3008,26.4066,23.9411872519299,53,53,53,53,53,53,0,8040,1.1727079215133,26,-93,0.0073,46,2026-07-22 14:02:06.001505,1.0427,0
"3902693",7,0,1,0.0438,1,-0.0073,1,111.510819306183,1,321.429992675781,0.0438000001013279,0.00622490886598825,106.944297790527,-93.3008,26.4066,23.9411872519299,53,53,53,53,53,53,0,8040,1.1727079215133,26,-93,0.0073,46,2026-07-22 14:02:06.001505,1.0427,0
"3902693",7,0,1,0.0511,1,0,1,109.997658526611,1,331.230010986328,0.0511000007390976,0.0124498177319765,105.493103027344,-93.3008,26.4066,23.9411872519299,53,53,53,53,53,53,0,8040,1.1727079215133,26,-93,0.0073,46,2026-07-22 14:02:06.001505,1.0427,0
"3902693",7,0,1,0.0511,1,0,1,108.055626594543,1,341.559997558594,0.0511000007390976,0.0124498177319765,103.630599975586,-93.3008,26.4066,23.9411872519299,53,53,53,53,53,53,0,8040,1.1727079215133,26,-93,0.0073,46,2026-07-22 14:02:06.001505,1.0427,0
"3902693",7,0,1,0.0365,1,-0.0146,1,107.443874046326,1,351.320007324219,0.0364999994635582,0,103.043899536133,-93.3008,26.4066,23.9411872519299,53,53,53,53,53,53,0,8040,1.1727079215133,26,-93,0.0073,46,2026-07-22 14:02:06.001505,1.0427,0
"3902693",7,0,1,0.0511,1,0,1,109.200097080231,1,361.390014648438,0.0511000007390976,0.0124498177319765,104.728202819824,-93.3008,26.4066,23.9411872519299,53,53,53,53,53,53,0,8040,1.1727079215133,26,-93,0.0073,46,2026-07-22 14:02:06.001505,1.0427,0
"3902693",7,0,1,0.0438,1,-0.0073,1,105.715287271881,1,381.279998779297,0.0438000001013279,0.00622490886598825,101.386100769043,-93.3008,26.4066,23.9411872519299,53,53,53,53,53,53,0,8040,1.1727079215133,26,-93,0.0073,46,2026-07-22 14:02:06.001505,1.0427,0
"3902693",7,0,1,0.0365,1,-0.0146,1,103.274537797546,1,401.410003662109,0.0364999994635582,0,99.0453033447266,-93.3008,26.4066,23.9411872519299,53,53,53,53,53,53,0,8040,1.1727079215133,26,-93,0.0073,46,2026-07-22 14:02:06.001505,1.0427,0
"3902693",7,0,1,0.0438,1,-0.0073,1,103.354304283905,1,451.890014648438,0.0438000001013279,0.00622490886598825,99.1218032836914,-93.3008,26.4066,23.9411872519299,53,53,53,53,53,53,0,8040,1.1727079215133,26,-93,0.0073,46,2026-07-22 14:02:06.001505,1.0427,0
"3902693",7,0,1,0.0584,1,0.0073,1,104.69927686615,1,501.089996337891,0.0584000013768673,0.0186747275292873,100.411697387695,-93.3008,26.4066,23.9411872519299,53,53,53,53,53,53,0,8040,1.1727079215133,26,-93,0.0073,46,2026-07-22 14:02:06.001505,1.0427,0
"3902693",7,0,1,0.0438,1,-0.0073,1,108.294512384796,1,551.539978027344,0.0438000001013279,0.00622490886598825,103.859703063965,-93.3008,26.4066,23.9411872519299,53,53,53,53,53,53,0,8040,1.1727079215133,26,-93,0.0073,46,2026-07-22 14:02:06.001505,1.0427,0
"3902693",7,0,1,0.0438,1,-0.0073,1,112.500243534851,1,601.190002441406,0.0438000001013279,0.00622490886598825,107.893203735352,-93.3008,26.4066,23.9411872519299,53,53,53,53,53,53,0,8040,1.1727079215133,26,-93,0.0073,46,2026-07-22 14:02:06.001505,1.0427,0
"3902693",7,0,1,0.0584,1,0.0073,1,114.690954071045,1,650.960021972656,0.0584000013768673,0.0186747275292873,109.994201660156,-93.3008,26.4066,23.9411872519299,53,53,53,53,53,53,0,8040,1.1727079215133,26,-93,0.0073,46,2026-07-22 14:02:06.001505,1.0427,0
"3902693",7,0,1,0.0511,1,0,1,121.693619462585,1,701.070007324219,0.0511000007390976,0.0124498177319765,116.710098266602,-93.3008,26.4066,23.9411872519299,53,53,53,53,53,53,0,8040,1.1727079215133,26,-93,0.0073,46,2026-07-22 14:02:06.001505,1.0427,0
"3902693",7,0,1,0.0584,1,0.0073,1,127.962857985687,1,749.97998046875,0.0584000013768673,0.0186747275292873,122.722602844238,-93.3008,26.4066,23.9411872519299,53,53,53,53,53,53,0,8040,1.1727079215133,26,-93,0.0073,46,2026-07-22 14:02:06.001505,1.0427,0
"3902693",7,0,1,0.0438,1,-0.0073,1,134.852281536865,1,801.400024414062,0.0438000001013279,0.00622490886598825,129.329895019531,-93.3008,26.4066,23.9411872519299,53,53,53,53,53,53,0,8040,1.1727079215133,26,-93,0.0073,46,2026-07-22 14:02:06.001505,1.0427,0
"3902693",7,0,1,0.0511,1,0,1,139.452056106567,1,851.359985351562,0.0511000007390976,0.0124498177319765,133.741302490234,-93.3008,26.4066,23.9411872519299,53,53,53,53,53,53,0,8040,1.1727079215133,26,-93,0.0073,46,2026-07-22 14:02:06.001505,1.0427,0
"3902693",7,0,1,0.0511,1,0,1,146.035340863037,1,901.429992675781,0.0511000007390976,0.0124498177319765,140.054992675781,-93.3008,26.4066,23.9411872519299,53,53,53,53,53,53,0,8040,1.1727079215133,26,-93,0.0073,46,2026-07-22 14:02:06.001505,1.0427,0
"3902693",7,0,1,0.0511,1,0,1,152.713737628174,1,951.299987792969,0.0511000007390976,0.0124498177319765,146.459899902344,-93.3008,26.4066,23.9411872519299,53,53,53,53,53,53,0,8040,1.1727079215133,26,-93,0.0073,46,2026-07-22 14:02:06.001505,1.0427,0
"3902693",7,0,1,0.0584,1,0.0073,1,158.690488427734,1,999.320007324219,0.0584000013768673,0.0186747275292873,152.19189453125,-93.3008,26.4066,23.9411872519299,53,53,53,53,53,53,0,8040,1.1727079215133,26,-93,0.0073,46,2026-07-22 14:02:06.001505,1.0427,0
"3902693",7,0,1,0.0438,1,-0.0073,1,171.304555496216,1,1099.58996582031,0.0438000001013279,0.00622490886598825,164.289398193359,-93.3008,26.4066,23.9411872519299,53,53,53,53,53,53,0,8040,1.1727079215133,26,-93,0.0073,46,2026-07-22 14:02:06.001505,1.0427,0
"3902693",7,0,1,0.0438,1,-0.0073,1,181.21948122406,1,1200.03002929688,0.0438000001013279,0.00622490886598825,173.798294067383,-93.3008,26.4066,23.9411872519299,53,53,53,53,53,53,0,8040,1.1727079215133,26,-93,0.0073,46,2026-07-22 14:02:06.001505,1.0427,0
"3902693",7,0,1,0.0511,1,0,1,187.104063427734,1,1299.35998535156,0.0511000007390976,0.0124498177319765,179.44189453125,-93.3008,26.4066,23.9411872519299,53,53,53,53,53,53,0,8040,1.1727079215133,26,-93,0.0073,46,2026-07-22 14:02:06.001505,1.0427,0
"3902693",7,0,1,0.0511,1,0,1,191.764838238525,1,1399.25,0.0511000007390976,0.0124498177319765,183.911804199219,-93.3008,26.4066,23.9411872519299,53,53,53,53,53,53,0,8040,1.1727079215133,26,-93,0.0073,46,2026-07-22 14:02:06.001505,1.0427,0
"3902693",7,0,1,0.0511,1,0,1,194.826719406128,1,1500.25,0.0511000007390976,0.0124498177319765,186.848297119141,-93.3008,26.4066,23.9411872519299,53,53,53,53,53,53,0,8040,1.1727079215133,26,-93,0.0073,46,2026-07-22 14:02:06.001505,1.0427,0
"3902693",7,0,1,0.0511,1,0,1,196.50526020813,1,1599.43005371094,0.0511000007390976,0.0124498177319765,188.458099365234,-93.3008,26.4066,23.9411872519299,53,53,53,53,53,53,0,8040,1.1727079215133,26,-93,0.0073,46,2026-07-22 14:02:06.001505,1.0427,0
"3902693",7,0,1,0.0584,1,0.0073,1,197.767141043091,1,1698.82995605469,0.0584000013768673,0.0186747275292873,189.668304443359,-93.3008,26.4066,23.9411872519299,53,53,53,53,53,53,0,8040,1.1727079215133,26,-93,0.0073,46,2026-07-22 14:02:06.001505,1.0427,0
"3902693",7,0,1,0.0438,1,-0.0073,1,198.471889524841,1,1799.33996582031,0.0438000001013279,0.00622490886598825,190.344192504883,-93.3008,26.4066,23.9411872519299,53,53,53,53,53,53,0,8040,1.1727079215133,26,-93,0.0073,46,2026-07-22 14:02:06.001505,1.0427,0
"3902693",7,0,1,0.0584,1,0.0073,1,198.742158459473,1,1898.42004394531,0.0584000013768673,0.0186747275292873,190.603393554688,-93.3008,26.4066,23.9411872519299,53,53,53,53,53,53,0,8040,1.1727079215133,26,-93,0.0073,46,2026-07-22 14:02:06.001505,1.0427,0
"3902693",8,0.0127384154691878,5,0.0657,1,0.0146,1,181.259320713806,1,7.71000003814697,0.065700002014637,0.324829608201981,173.836502075195,-93.3464,26.5106,9.83502450918369,53,53,53,53,53,53,0.0146,7812,1.14613941077013,27,-93,0.0073,46,2026-08-01 21:35:53.002304,1.0427,0
"3902693",8,0,1,0.0511,1,0,1,182.573116986084,1,11.9300003051758,0.0511000007390976,0.324829608201981,175.096496582031,-93.3464,26.5106,9.83502450918369,53,53,53,53,53,53,0,7812,1.14613941077013,27,-93,0.0073,46,2026-08-01 21:35:53.002304,1.0427,0
"3902693",8,0.00636920773459388,1,0.0584,1,0.0073,1,183.211773918152,1,16.4300003051758,0.0584000013768673,0.324829608201981,175.708999633789,-93.3464,26.5106,9.83502450918369,53,53,53,53,53,53,0.0073,7812,1.14613941077013,27,-93,0.0073,46,2026-08-01 21:35:53.002304,1.0427,0
"3902693",8,0.0191076232037816,1,0.073,1,0.0219,1,183.909028630066,1,21.7099990844727,0.0729999989271164,0.324829608201981,176.377700805664,-93.3464,26.5106,9.83502450918369,53,53,53,53,53,53,0.0219,7812,1.14613941077013,27,-93,0.0073,46,2026-08-01 21:35:53.002304,1.0427,0
"3902693",8,0.0127384154691878,1,0.0657,1,0.0146,1,184.767582362366,1,26.7600002288818,0.065700002014637,0.324829608201981,177.201095581055,-93.3464,26.5106,9.83502450918369,53,53,53,53,53,53,0.0146,7812,1.14613941077013,27,-93,0.0073,46,2026-08-01 21:35:53.002304,1.0427,0
"3902693",8,0.0127384154691878,1,0.0657,1,0.0146,1,185.814673616028,1,31.6100006103516,0.065700002014637,0.324829608201981,178.205307006836,-93.3464,26.5106,9.83502450918369,53,53,53,53,53,53,0.0146,7812,1.14613941077013,27,-93,0.0073,46,2026-08-01 21:35:53.002304,1.0427,0
"3902693",8,0.0254768309383755,1,0.0803,1,0.0292,1,199.078121185303,1,36.8400001525879,0.0803000032901764,0.324829608201981,190.925598144531,-93.3464,26.5106,9.83502450918369,53,53,53,53,53,53,0.0292,7812,1.14613941077013,27,-93,0.0073,46,2026-08-01 21:35:53.002304,1.0427,0
"3902693",8,0.0382152464075633,1,0.0949,1,0.0438,1,206.16159519043,1,41.8300018310547,0.0948999971151352,0.324829608201981,197.718994140625,-93.3464,26.5106,9.83502450918369,53,53,53,53,53,53,0.0438,7812,1.14613941077013,27,-93,0.0073,46,2026-08-01 21:35:53.002304,1.0427,0
"3902693",8,0.050953661876751,1,0.1095,1,0.0584,1,213.136226564026,1,46.810001373291,0.109499998390675,0.324829608201981,204.408004760742,-93.3464,26.5106,9.83502450918369,53,53,53,53,53,53,0.0584,7812,1.14613941077013,27,-93,0.0073,46,2026-08-01 21:35:53.002304,1.0427,0
"3902693",8,0.0636920773459388,1,0.1241,1,0.073,1,212.835823446655,1,51.8199996948242,0.124099999666214,0.324829608201981,204.119903564453,-93.3464,26.5106,9.83502450918369,53,53,53,53,53,53,0.073,7812,1.14613941077013,27,-93,0.0073,46,2026-08-01 21:35:53.002304,1.0427,0
"3902693",8,0.0700612850805327,1,0.1314,1,0.0803,1,211.815429742432,1,56.439998626709,0.131400004029274,0.324829608201981,203.141296386719,-93.3464,26.5106,9.83502450918369,53,53,53,53,53,53,0.0803,7812,1.14613941077013,27,-93,0.0073,46,2026-08-01 21:35:53.002304,1.0427,0
"3902693",8,0.0891689082843143,1,0.1533,1,0.1022,1,209.758079670715,1,61.7700004577637,0.153300002217293,0.324829608201981,201.168197631836,-93.3464,26.5106,9.83502450918369,53,53,53,53,53,53,0.1022,7812,1.14613941077013,27,-93,0.0073,46,2026-08-01 21:35:53.002304,1.0427,0
"3902693",8,0.108276531488096,1,0.1752,1,0.1241,1,206.216342668152,1,66.879997253418,0.175200000405312,0.324829608201981,197.771499633789,-93.3464,26.5106,9.83502450918369,53,53,53,53,53,53,0.1241,7812,1.14613941077013,27,-93,0.0073,46,2026-08-01 21:35:53.002304,1.0427,0
"3902693",8,0.152860985630253,1,0.2263,1,0.1752,1,201.307525666809,1,71.9100036621094,0.226300001144409,0.324829608201981,193.063705444336,-93.3464,26.5106,9.83502450918369,53,53,53,53,53,53,0.1752,7812,1.14613941077013,27,-93,0.0073,46,2026-08-01 21:35:53.002304,1.0427,0
"3902693",8,0.133753362426471,1,0.2044,1,0.1533,1,194.061066145325,1,76.5699996948242,0.20440000295639,0.324829608201981,186.113998413086,-93.3464,26.5106,9.83502450918369,53,53,53,53,53,53,0.1533,7812,1.14613941077013,27,-93,0.0073,46,2026-08-01 21:35:53.002304,1.0427,0
"3902693",8,0.171968608834035,1,0.2482,1,0.1971,1,188.40754980011,1,81.7200012207031,0.248199999332428,0.324829608201981,180.692001342773,-93.3464,26.5106,9.83502450918369,53,53,53,53,53,53,0.1971,7812,1.14613941077013,27,-93,0.0073,46,2026-08-01 21:35:53.002304,1.0427,0
"3902693",8,0.210183855241598,1,0.292,1,0.2409,1,191.30730460968,1,86.6999969482422,0.291999995708466,0.324829608201981,183.473007202148,-93.3464,26.5106,9.83502450918369,53,53,53,53,53,53,0.2409,7812,1.14613941077013,27,-93,0.0073,46,2026-08-01 21:35:53.002304,1.0427,0
"3902693",8,0.203814647507004,1,0.2847,1,0.2336,1,188.54924728241,1,91.620002746582,0.284700006246567,0.324829608201981,180.827896118164,-93.3464,26.5106,9.83502450918369,53,53,53,53,53,53,0.2336,7812,1.14613941077013,27,-93,0.0073,46,2026-08-01 21:35:53.002304,1.0427,0
"3902693",8,0.3120911789951,1,0.4088,1,0.3577,1,186.135712443542,1,96.8399963378906,0.408800005912781,0.324829608201981,178.513198852539,-93.3464,26.5106,9.83502450918369,53,53,53,53,53,53,0.3577,7812,1.14613941077013,27,-93,0.0073,46,2026-08-01 21:35:53.002304,1.0427,0
"3902693",8,0.292983555791319,1,0.3869,1,0.3358,1,188.195671810913,1,101.819999694824,0.386900007724762,0.324829608201981,180.488800048828,-93.3464,26.5106,9.83502450918369,53,53,53,53,53,53,0.3358,7812,1.14613941077013,27,-93,0.0073,46,2026-08-01 21:35:53.002304,1.0427,0
"3902693",8,0.458582956890759,1,0.5767,1,0.5256,1,171.788261633301,1,111.699996948242,0.57669997215271,0.471321374177933,164.753295898438,-93.3464,26.5106,9.83502450918369,53,53,53,53,53,53,0.5256,7812,1.14613941077013,27,-93,0.0073,46,2026-08-01 21:35:53.002304,1.0427,0
"3902693",8,0.324829594464288,1,0.4234,1,0.3723,1,159.063044934082,1,121.879997253418,0.423400014638901,0.337568014860153,152.549194335938,-93.3464,26.5106,9.83502450918369,53,53,53,53,53,53,0.3723,7812,1.14613941077013,27,-93,0.0073,46,2026-08-01 21:35:53.002304,1.0427,0
"3902693",8,0.191076232037816,1,0.2701,1,0.219,1,148.741673677063,1,131.720001220703,0.270099997520447,0.203814655542374,142.650497436523,-93.3464,26.5106,9.83502450918369,53,53,53,53,53,53,0.219,7812,1.14613941077013,27,-93,0.0073,46,2026-08-01 21:35:53.002304,1.0427,0
"3902693",8,0.165599401099441,1,0.2409,1,0.1898,1,143.590224000549,1,141.320007324219,0.240899994969368,0.178337827324867,137.710006713867,-93.3464,26.5106,9.83502450918369,53,53,53,53,53,53,0.1898,7812,1.14613941077013,27,-93,0.0073,46,2026-08-01 21:35:53.002304,1.0427,0
"3902693",8,0.0955381160189082,1,0.1606,1,0.1095,1,135.923970175171,1,151.050003051758,0.160600006580353,0.108276531100273,130.357696533203,-93.3464,26.5106,9.83502450918369,53,53,53,53,53,53,0.1095,7812,1.14613941077013,27,-93,0.0073,46,2026-08-01 21:35:53.002304,1.0427,0
"3902693",8,0.0636920773459388,1,0.1241,1,0.073,1,134.421445457459,1,161.020004272461,0.124099999666214,0.0764304921030998,128.916702270508,-93.3464,26.5106,9.83502450918369,53,53,53,53,53,53,0.073,7812,1.14613941077013,27,-93,0.0073,46,2026-08-01 21:35:53.002304,1.0427,0
"3902693",8,0.0382152464075633,1,0.0949,1,0.0438,1,134.508506834412,1,171.630004882812,0.0948999971151352,0.0509536638855934,129.000198364258,-93.3464,26.5106,9.83502450918369,53,53,53,53,53,53,0.0438,7812,1.14613941077013,27,-93,0.0073,46,2026-08-01 21:35:53.002304,1.0427,0
"3902693",8,0.00636920773459388,1,0.0584,1,0.0073,1,137.071471580505,1,180.910003662109,0.0584000013768673,0.019107623025775,131.458206176758,-93.3464,26.5106,9.83502450918369,53,53,53,53,53,53,0.0073,7812,1.14613941077013,27,-93,0.0073,46,2026-08-01 21:35:53.002304,1.0427,0
"3902693",8,0.0191076232037816,1,0.073,1,0.0219,1,130.071821198273,1,191.429992675781,0.0729999989271164,0.0318460389971733,124.74520111084,-93.3464,26.5106,9.83502450918369,53,53,53,53,53,53,0.0219,7812,1.14613941077013,27,-93,0.0073,46,2026-08-01 21:35:53.002304,1.0427,0
"3902693",8,0.00636920773459388,1,0.0584,1,0.0073,1,127.971091586304,1,201.389999389648,0.0584000013768673,0.019107623025775,122.730499267578,-93.3464,26.5106,9.83502450918369,53,53,53,53,53,53,0.0073,7812,1.14613941077013,27,-93,0.0073,46,2026-08-01 21:35:53.002304,1.0427,0
"3902693",8,0,1,0.0438,1,-0.0073,1,129.979437812805,1,211.699996948242,0.0438000001013279,0.00636920798569918,124.656600952148,-93.3464,26.5106,9.83502450918369,53,53,53,53,53,53,0,7812,1.14613941077013,27,-93,0.0073,46,2026-08-01 21:35:53.002304,1.0427,0
"3902693",8,0,1,0.0365,1,-0.0146,1,129.742015773773,1,220.289993286133,0.0364999994635582,0,124.428901672363,-93.3464,26.5106,9.83502450918369,53,53,53,53,53,53,0,7812,1.14613941077013,27,-93,0.0073,46,2026-08-01 21:35:53.002304,1.0427,0
"3902693",8,0,1,0.0438,1,-0.0073,1,128.037302463531,1,231.380004882812,0.0438000001013279,0.00636920798569918,122.793998718262,-93.3464,26.5106,9.83502450918369,53,53,53,53,53,53,0,7812,1.14613941077013,27,-93,0.0073,46,2026-08-01 21:35:53.002304,1.0427,0
"3902693",8,0,1,0.0438,1,-0.0073,1,121.283633882904,1,241.119995117188,0.0438000001013279,0.00636920798569918,116.316902160645,-93.3464,26.5106,9.83502450918369,53,53,53,53,53,53,0,7812,1.14613941077013,27,-93,0.0073,46,2026-08-01 21:35:53.002304,1.0427,0
"3902693",8,0,1,0.0511,1,0,1,119.317513697052,1,251.360000610352,0.0511000007390976,0.0127384159713984,114.431297302246,-93.3464,26.5106,9.83502450918369,53,53,53,53,53,53,0,7812,1.14613941077013,27,-93,0.0073,46,2026-08-01 21:35:53.002304,1.0427,0
"3902693",8,0,1,0.0438,1,-0.0073,1,119.353908598328,1,261.040008544922,0.0438000001013279,0.00636920798569918,114.466201782227,-93.3464,26.5106,9.83502450918369,53,53,53,53,53,53,0,7812,1.14613941077013,27,-93,0.0073,46,2026-08-01 21:35:53.002304,1.0427,0
"3902693",8,0,1,0.0438,1,-0.0073,1,116.680319262695,1,270.989990234375,0.0438000001013279,0.00636920798569918,111.902099609375,-93.3464,26.5106,9.83502450918369,53,53,53,53,53,53,0,7812,1.14613941077013,27,-93,0.0073,46,2026-08-01 21:35:53.002304,1.0427,0
"3902693",8,0,1,0.0438,1,-0.0073,1,117.476313540649,1,281.350006103516,0.0438000001013279,0.00636920798569918,112.665496826172,-93.3464,26.5106,9.83502450918369,53,53,53,53,53,53,0,7812,1.14613941077013,27,-93,0.0073,46,2026-08-01 21:35:53.002304,1.0427,0
"3902693",8,0,1,0.0438,1,-0.0073,1,115.328354086304,1,291.510009765625,0.0438000001013279,0.00636920798569918,110.605499267578,-93.3464,26.5106,9.83502450918369,53,53,53,53,53,53,0,7812,1.14613941077013,27,-93,0.0073,46,2026-08-01 21:35:53.002304,1.0427,0
"3902693",8,0,1,0.0438,1,-0.0073,1,112.499615076447,1,301.519989013672,0.0438000001013279,0.00636920798569918,107.892601013184,-93.3464,26.5106,9.83502450918369,53,53,53,53,53,53,0,7812,1.14613941077013,27,-93,0.0073,46,2026-08-01 21:35:53.002304,1.0427,0
"3902693",8,0,1,0.0438,1,-0.0073,1,110.346962071991,1,311.690002441406,0.0438000001013279,0.00636920798569918,105.828102111816,-93.3464,26.5106,9.83502450918369,53,53,53,53,53,53,0,7812,1.14613941077013,27,-93,0.0073,46,2026-08-01 21:35:53.002304,1.0427,0
"3902693",8,0,1,0.0438,1,-0.0073,1,108.809187997437,1,321.779998779297,0.0438000001013279,0.00636920798569918,104.353302001953,-93.3464,26.5106,9.83502450918369,53,53,53,53,53,53,0,7812,1.14613941077013,27,-93,0.0073,46,2026-08-01 21:35:53.002304,1.0427,0
"3902693",8,0,1,0.0365,1,-0.0146,1,108.329021910858,1,331.089996337891,0.0364999994635582,0,103.892799377441,-93.3464,26.5106,9.83502450918369,53,53,53,53,53,53,0,7812,1.14613941077013,27,-93,0.0073,46,2026-08-01 21:35:53.002304,1.0427,0
"3902693",8,0,1,0.0438,1,-0.0073,1,107.239298902893,1,341.649993896484,0.0438000001013279,0.00636920798569918,102.847702026367,-93.3464,26.5106,9.83502450918369,53,53,53,53,53,53,0,7812,1.14613941077013,27,-93,0.0073,46,2026-08-01 21:35:53.002304,1.0427,0
"3902693",8,0,1,0.0365,1,-0.0146,1,106.877895544434,1,351.339996337891,0.0364999994635582,0,102.501098632812,-93.3464,26.5106,9.83502450918369,53,53,53,53,53,53,0,7812,1.14613941077013,27,-93,0.0073,46,2026-08-01 21:35:53.002304,1.0427,0
"3902693",8,0,1,0.0438,1,-0.0073,1,106.66717105484,1,361.190002441406,0.0438000001013279,0.00636920798569918,102.299003601074,-93.3464,26.5106,9.83502450918369,53,53,53,53,53,53,0,7812,1.14613941077013,27,-93,0.0073,46,2026-08-01 21:35:53.002304,1.0427,0
"3902693",8,0,1,0.0511,1,0,1,106.472810349274,1,381.75,0.0511000007390976,0.0127384159713984,102.112602233887,-93.3464,26.5106,9.83502450918369,53,53,53,53,53,53,0,7812,1.14613941077013,27,-93,0.0073,46,2026-08-01 21:35:53.002304,1.0427,0
"3902693",8,0,1,0.0438,1,-0.0073,1,107.694955111694,1,401.679992675781,0.0438000001013279,0.00636920798569918,103.284698486328,-93.3464,26.5106,9.83502450918369,53,53,53,53,53,53,0,7812,1.14613941077013,27,-93,0.0073,46,2026-08-01 21:35:53.002304,1.0427,0
"3902693",8,0,1,0.0438,1,-0.0073,1,105.773885051727,1,451.079986572266,0.0438000001013279,0.00636920798569918,101.44229888916,-93.3464,26.5106,9.83502450918369,53,53,53,53,53,53,0,7812,1.14613941077013,27,-93,0.0073,46,2026-08-01 21:35:53.002304,1.0427,0
"3902693",8,0,1,0.0511,1,0,1,104.239658982849,1,501.179992675781,0.0511000007390976,0.0127384159713984,99.9709014892578,-93.3464,26.5106,9.83502450918369,53,53,53,53,53,53,0,7812,1.14613941077013,27,-93,0.0073,46,2026-08-01 21:35:53.002304,1.0427,0
"3902693",8,0,1,0.0438,1,-0.0073,1,104.785304071045,1,551.820007324219,0.0438000001013279,0.00636920798569918,100.494201660156,-93.3464,26.5106,9.83502450918369,53,53,53,53,53,53,0,7812,1.14613941077013,27,-93,0.0073,46,2026-08-01 21:35:53.002304,1.0427,0
"3902693",8,0,1,0.0438,1,-0.0073,1,108.054274215698,1,601.280029296875,0.0438000001013279,0.00636920798569918,103.629302978516,-93.3464,26.5106,9.83502450918369,53,53,53,53,53,53,0,7812,1.14613941077013,27,-93,0.0073,46,2026-08-01 21:35:53.002304,1.0427,0
"3902693",8,0,1,0.0584,1,0.0073,1,113.675572123718,1,651.700012207031,0.0584000013768673,0.019107623025775,109.020401000977,-93.3464,26.5106,9.83502450918369,53,53,53,53,53,53,0,7812,1.14613941077013,27,-93,0.0073,46,2026-08-01 21:35:53.002304,1.0427,0
"3902693",8,0,1,0.0511,1,0,1,119.837718152618,1,701.260009765625,0.0511000007390976,0.0127384159713984,114.930198669434,-93.3464,26.5106,9.83502450918369,53,53,53,53,53,53,0,7812,1.14613941077013,27,-93,0.0073,46,2026-08-01 21:35:53.002304,1.0427,0
"3902693",8,0,1,0.0438,1,-0.0073,1,122.789499771881,1,751.530029296875,0.0438000001013279,0.00636920798569918,117.761100769043,-93.3464,26.5106,9.83502450918369,53,53,53,53,53,53,0,7812,1.14613941077013,27,-93,0.0073,46,2026-08-01 21:35:53.002304,1.0427,0
"3902693",8,0,1,0.0511,1,0,1,131.336931832123,1,801.359985351562,0.0511000007390976,0.0127384159713984,125.958503723145,-93.3464,26.5106,9.83502450918369,53,53,53,53,53,53,0,7812,1.14613941077013,27,-93,0.0073,46,2026-08-01 21:35:53.002304,1.0427,0
"3902693",8,0,1,0.0584,1,0.0073,1,137.278433274841,1,851.739990234375,0.0584000013768673,0.019107623025775,131.656692504883,-93.3464,26.5106,9.83502450918369,53,53,53,53,53,53,0,7812,1.14613941077013,27,-93,0.0073,46,2026-08-01 21:35:53.002304,1.0427,0
"3902693",8,0,1,0.0511,1,0,1,141.973192570496,1,901.409973144531,0.0511000007390976,0.0127384159713984,136.159194946289,-93.3464,26.5106,9.83502450918369,53,53,53,53,53,53,0,7812,1.14613941077013,27,-93,0.0073,46,2026-08-01 21:35:53.002304,1.0427,0
"3902693",8,0,1,0.0511,1,0,1,149.68249977417,1,951.320007324219,0.0511000007390976,0.0127384159713984,143.552795410156,-93.3464,26.5106,9.83502450918369,53,53,53,53,53,53,0,7812,1.14613941077013,27,-93,0.0073,46,2026-08-01 21:35:53.002304,1.0427,0
"3902693",8,0,1,0.0511,1,0,1,154.534707788086,1,999.039978027344,0.0511000007390976,0.0127384159713984,148.206298828125,-93.3464,26.5106,9.83502450918369,53,53,53,53,53,53,0,7812,1.14613941077013,27,-93,0.0073,46,2026-08-01 21:35:53.002304,1.0427,0
"3902693",8,0,1,0.0511,1,0,1,167.979596867371,1,1099.7099609375,0.0511000007390976,0.0127384159713984,161.100601196289,-93.3464,26.5106,9.83502450918369,53,53,53,53,53,53,0,7812,1.14613941077013,27,-93,0.0073,46,2026-08-01 21:35:53.002304,1.0427,0
"3902693",8,0,1,0.0584,1,0.0073,1,178.646620246887,1,1198.94995117188,0.0584000013768673,0.019107623025775,171.330795288086,-93.3464,26.5106,9.83502450918369,53,53,53,53,53,53,0,7812,1.14613941077013,27,-93,0.0073,46,2026-08-01 21:35:53.002304,1.0427,0
"3902693",8,0,1,0.0511,1,0,1,184.088783644104,1,1300.09997558594,0.0511000007390976,0.0127384159713984,176.550094604492,-93.3464,26.5106,9.83502450918369,53,53,53,53,53,53,0,7812,1.14613941077013,27,-93,0.0073,46,2026-08-01 21:35:53.002304,1.0427,0
"3902693",8,0,1,0.0511,1,0,1,190.509846580505,1,1399.40002441406,0.0511000007390976,0.0127384159713984,182.708206176758,-93.3464,26.5106,9.83502450918369,53,53,53,53,53,53,0,7812,1.14613941077013,27,-93,0.0073,46,2026-08-01 21:35:53.002304,1.0427,0
"3902693",8,0,1,0.0511,1,0,1,193.943552378845,1,1499.23999023438,0.0511000007390976,0.0127384159713984,186.00129699707,-93.3464,26.5106,9.83502450918369,53,53,53,53,53,53,0,7812,1.14613941077013,27,-93,0.0073,46,2026-08-01 21:35:53.002304,1.0427,0
"3902693",8,0,1,0.0438,1,-0.0073,1,196.553850384521,4,1599.4599609375,0.0438000001013279,0.00636920798569918,188.504699707031,-93.3464,26.5106,9.83502450918369,53,53,53,53,53,53,0,7812,1.14613941077013,27,-93,0.0073,46,2026-08-01 21:35:53.002304,1.0427,0
"3902693",9,0.0191076232037816,1,0.073,1,0.0219,1,181.015637956238,1,7.98999977111816,0.0729999989271164,0.0318460389971733,173.602798461914,-93.2761,26.5212,13.9079668330979,53,53,53,53,53,53,0.0219,7812,1.14613941077013,27,-93,0.0073,46,2026-08-12 04:24:25.000464,1.0427,0
"3902693",9,0.0127384154691878,1,0.0657,1,0.0146,1,181.18863107605,1,11.5900001525879,0.065700002014637,0.0254768319427967,173.768707275391,-93.2761,26.5212,13.9079668330979,53,53,53,53,53,53,0.0146,7812,1.14613941077013,27,-93,0.0073,46,2026-08-12 04:24:25.000464,1.0427,0
"3902693",9,0.0254768309383755,1,0.0803,1,0.0292,1,181.477865135193,1,16.3899993896484,0.0803000032901764,0.0382152460515499,174.046096801758,-93.2761,26.5212,13.9079668330979,53,53,53,53,53,53,0.0292,7812,1.14613941077013,27,-93,0.0073,46,2026-08-12 04:24:25.000464,1.0427,0
"3902693",9,0.0191076232037816,1,0.073,1,0.0219,1,181.591830895996,1,21.7199993133545,0.0729999989271164,0.0318460389971733,174.155395507812,-93.2761,26.5212,13.9079668330979,53,53,53,53,53,53,0.0219,7812,1.14613941077013,27,-93,0.0073,46,2026-08-12 04:24:25.000464,1.0427,0
"3902693",9,0.0191076232037816,1,0.073,1,0.0219,1,181.872314268494,1,26.7099990844727,0.0729999989271164,0.0318460389971733,174.424392700195,-93.2761,26.5212,13.9079668330979,53,53,53,53,53,53,0.0219,7812,1.14613941077013,27,-93,0.0073,46,2026-08-12 04:24:25.000464,1.0427,0
"3902693",9,0.0318460386729694,1,0.0876,1,0.0365,1,184.490121954346,1,31.9699993133545,0.0876000002026558,0.0445844568312168,176.934997558594,-93.2761,26.5212,13.9079668330979,53,53,53,53,53,53,0.0365,7812,1.14613941077013,27,-93,0.0073,46,2026-08-12 04:24:25.000464,1.0427,0
"3902693",9,0.050953661876751,1,0.1095,1,0.0584,1,191.217936233521,1,36.9599990844727,0.109499998390675,0.0636920779943466,183.387298583984,-93.2761,26.5212,13.9079668330979,53,53,53,53,53,53,0.0584,7812,1.14613941077013,27,-93,0.0073,46,2026-08-12 04:24:25.000464,1.0427,0
"3902693",9,0.0636920773459388,1,0.1241,1,0.073,1,212.74906436615,1,41.939998626709,0.124099999666214,0.0764304921030998,204.036697387695,-93.2761,26.5212,13.9079668330979,53,53,53,53,53,53,0.073,7812,1.14613941077013,27,-93,0.0073,46,2026-08-12 04:24:25.000464,1.0427,0
"3902693",9,0.050953661876751,1,0.1095,1,0.0584,1,214.081634838867,1,46.4900016784668,0.109499998390675,0.0636920779943466,205.314697265625,-93.2761,26.5212,13.9079668330979,53,53,53,53,53,53,0.0584,7812,1.14613941077013,27,-93,0.0073,46,2026-08-12 04:24:25.000464,1.0427,0
"3902693",9,0.0636920773459388,1,0.1241,1,0.073,1,214.191750297546,1,51.6300010681152,0.124099999666214,0.0764304921030998,205.420303344727,-93.2761,26.5212,13.9079668330979,53,53,53,53,53,53,0.073,7812,1.14613941077013,27,-93,0.0073,46,2026-08-12 04:24:25.000464,1.0427,0
"3902693",9,0.0827997005497205,1,0.146,1,0.0949,1,213.350697938538,1,56.6800003051758,0.145999997854233,0.0955381244421005,204.613693237305,-93.2761,26.5212,13.9079668330979,53,53,53,53,53,53,0.0949,7812,1.14613941077013,27,-93,0.0073,46,2026-08-12 04:24:25.000464,1.0427,0
"3902693",9,0.101907323753502,1,0.1679,1,0.1168,1,211.87965978241,1,61.8899993896484,0.167899996042252,0.11464574187994,203.202896118164,-93.2761,26.5212,13.9079668330979,53,53,53,53,53,53,0.1168,7812,1.14613941077013,27,-93,0.0073,46,2026-08-12 04:24:25.000464,1.0427,0
"3902693",9,0.0891689082843143,1,0.1533,1,0.1022,1,207.940975723267,1,66.7699966430664,0.153300002217293,0.101907327771187,199.425506591797,-93.2761,26.5212,13.9079668330979,53,53,53,53,53,53,0.1022,7812,1.14613941077013,27,-93,0.0073,46,2026-08-12 04:24:25.000464,1.0427,0
"3902693",9,0.146491777895659,1,0.219,1,0.1679,1,206.028552932739,1,71.9100036621094,0.218999996781349,0.159230202436447,197.591400146484,-93.2761,26.5212,13.9079668330979,53,53,53,53,53,53,0.1679,7812,1.14613941077013,27,-93,0.0073,46,2026-08-12 04:24:25.000464,1.0427,0
"3902693",9,0.216553062976192,1,0.2993,1,0.2482,1,199.500317950439,1,76.9000015258789,0.299299985170364,0.22929148375988,191.330505371094,-93.2761,26.5212,13.9079668330979,53,53,53,53,53,53,0.2482,7812,1.14613941077013,27,-93,0.0073,46,2026-08-12 04:24:25.000464,1.0427,0
"3902693",9,0.210183855241598,1,0.292,1,0.2409,1,191.718745985413,1,81.6800003051758,0.291999995708466,0.222922295331955,183.867599487305,-93.2761,26.5212,13.9079668330979,53,53,53,53,53,53,0.2409,7812,1.14613941077013,27,-93,0.0073,46,2026-08-12 04:24:25.000464,1.0427,0
"3902693",9,0.267506724852943,1,0.3577,1,0.3066,1,182.535170826721,1,86.9800033569336,0.357699990272522,0.280245155096054,175.060104370117,-93.2761,26.5212,13.9079668330979,53,53,53,53,53,53,0.3066,7812,1.14613941077013,27,-93,0.0073,46,2026-08-12 04:24:25.000464,1.0427,0
"3902693",9,0.324829594464288,1,0.4234,1,0.3723,1,168.290007588196,1,91.870002746582,0.423400014638901,0.337568014860153,161.398300170898,-93.2761,26.5212,13.9079668330979,53,53,53,53,53,53,0.3723,7812,1.14613941077013,27,-93,0.0073,46,2026-08-12 04:24:25.000464,1.0427,0
"3902693",9,0.324829594464288,1,0.4234,1,0.3723,1,173.478798831177,1,96.7900009155273,0.423400014638901,0.337568014860153,166.374603271484,-93.2761,26.5212,13.9079668330979,53,53,53,53,53,53,0.3723,7812,1.14613941077013,27,-93,0.0073,46,2026-08-12 04:24:25.000464,1.0427,0
"3902693",9,0.280245140322131,1,0.3723,1,0.3212,1,166.022656947327,1,101.639999389648,0.372299998998642,0.292983591556549,159.22380065918,-93.2761,26.5212,13.9079668330979,53,53,53,53,53,53,0.3212,7812,1.14613941077013,27,-93,0.0073,46,2026-08-12 04:24:25.000464,1.0427,0
"3902693",9,0.356675633137257,1,0.4599,1,0.4088,1,146.315521939087,1,111.809997558594,0.459899991750717,0.369414061307907,140.323699951172,-93.2761,26.5212,13.9079668330979,53,53,53,53,53,53,0.4088,7812,1.14613941077013,27,-93,0.0073,46,2026-08-12 04:24:25.000464,1.0427,0
"3902693",9,0.267506724852943,1,0.3577,1,0.3066,1,143.157701425171,1,121.769996643066,0.357699990272522,0.280245155096054,137.295196533203,-93.2761,26.5212,13.9079668330979,53,53,53,53,53,53,0.3066,7812,1.14613941077013,27,-93,0.0073,46,2026-08-12 04:24:25.000464,1.0427,0
"3902693",9,0.19744543977241,1,0.2774,1,0.2263,1,143.557066853333,1,131.699996948242,0.277399986982346,0.210183873772621,137.678207397461,-93.2761,26.5212,13.9079668330979,53,53,53,53,53,53,0.2263,7812,1.14613941077013,27,-93,0.0073,46,2026-08-12 04:24:25.000464,1.0427,0
"3902693",9,0.171968608834035,1,0.2482,1,0.1971,1,141.968610392761,1,141.369995117188,0.248199999332428,0.184707030653954,136.154800415039,-93.2761,26.5212,13.9079668330979,53,53,53,53,53,53,0.1971,7812,1.14613941077013,27,-93,0.0073,46,2026-08-12 04:24:25.000464,1.0427,0
"3902693",9,0.101907323753502,1,0.1679,1,0.1168,1,142.918919052124,1,151.809997558594,0.167899996042252,0.11464574187994,137.066192626953,-93.2761,26.5212,13.9079668330979,53,53,53,53,53,53,0.1168,7812,1.14613941077013,27,-93,0.0073,46,2026-08-12 04:24:25.000464,1.0427,0
"3902693",9,0.0445844541421572,1,0.1022,1,0.0511,1,143.485629429626,1,161.550003051758,0.102200001478195,0.05732287093997,137.60969543457,-93.2761,26.5212,13.9079668330979,53,53,53,53,53,53,0.0511,7812,1.14613941077013,27,-93,0.0073,46,2026-08-12 04:24:25.000464,1.0427,0
"3902693",9,0.0254768309383755,1,0.0803,1,0.0292,1,145.112461628723,1,171.440002441406,0.0803000032901764,0.0382152460515499,139.169906616211,-93.2761,26.5212,13.9079668330979,53,53,53,53,53,53,0.0292,7812,1.14613941077013,27,-93,0.0073,46,2026-08-12 04:24:25.000464,1.0427,0
"3902693",9,0.00636920773459388,1,0.0584,1,0.0073,1,143.831917965698,1,181.440002441406,0.0584000013768673,0.019107623025775,137.941802978516,-93.2761,26.5212,13.9079668330979,53,53,53,53,53,53,0.0073,7812,1.14613941077013,27,-93,0.0073,46,2026-08-12 04:24:25.000464,1.0427,0
"3902693",9,0,1,0.0511,1,0,1,144.125543278503,1,191.869995117188,0.0511000007390976,0.0127384159713984,138.223403930664,-93.2761,26.5212,13.9079668330979,53,53,53,53,53,53,0,7812,1.14613941077013,27,-93,0.0073,46,2026-08-12 04:24:25.000464,1.0427,0
"3902693",9,0,1,0.0365,1,-0.0146,1,145.014644862366,1,201.649993896484,0.0364999994635582,0,139.076095581055,-93.2761,26.5212,13.9079668330979,53,53,53,53,53,53,0,7812,1.14613941077013,27,-93,0.0073,46,2026-08-12 04:24:25.000464,1.0427,0
"3902693",9,0,1,0.0365,1,-0.0146,1,146.138583055115,1,210.770004272461,0.0364999994635582,0,140.154006958008,-93.2761,26.5212,13.9079668330979,53,53,53,53,53,53,0,7812,1.14613941077013,27,-93,0.0073,46,2026-08-12 04:24:25.000464,1.0427,0
"3902693",9,0,1,0.0365,1,-0.0146,1,145.602834197998,1,221.399993896484,0.0364999994635582,0,139.640197753906,-93.2761,26.5212,13.9079668330979,53,53,53,53,53,53,0,7812,1.14613941077013,27,-93,0.0073,46,2026-08-12 04:24:25.000464,1.0427,0
"3902693",9,0,1,0.0365,1,-0.0146,1,145.63265017395,1,231,0.0364999994635582,0,139.668792724609,-93.2761,26.5212,13.9079668330979,53,53,53,53,53,53,0,7812,1.14613941077013,27,-93,0.0073,46,2026-08-12 04:24:25.000464,1.0427,0
"3902693",9,0,1,0.0365,1,-0.0146,1,143.878630722046,1,239.889999389648,0.0364999994635582,0,137.986602783203,-93.2761,26.5212,13.9079668330979,53,53,53,53,53,53,0,7812,1.14613941077013,27,-93,0.0073,46,2026-08-12 04:24:25.000464,1.0427,0
"3902693",9,0,1,0.0365,1,-0.0146,1,139.534742140198,1,251.839996337891,0.0364999994635582,0,133.820602416992,-93.2761,26.5212,13.9079668330979,53,53,53,53,53,53,0,7812,1.14613941077013,27,-93,0.0073,46,2026-08-12 04:24:25.000464,1.0427,0
"3902693",9,0,1,0.0365,1,-0.0146,1,137.540158357239,1,261.380004882812,0.0364999994635582,0,131.907699584961,-93.2761,26.5212,13.9079668330979,53,53,53,53,53,53,0,7812,1.14613941077013,27,-93,0.0073,46,2026-08-12 04:24:25.000464,1.0427,0
"3902693",9,0,1,0.0511,1,0,1,135.471861972046,1,271.299987792969,0.0511000007390976,0.0127384159713984,129.924102783203,-93.2761,26.5212,13.9079668330979,53,53,53,53,53,53,0,7812,1.14613941077013,27,-93,0.0073,46,2026-08-12 04:24:25.000464,1.0427,0
"3902693",9,0,1,0.0365,1,-0.0146,1,133.631083439636,1,281.410003662109,0.0364999994635582,0,128.158706665039,-93.2761,26.5212,13.9079668330979,53,53,53,53,53,53,0,7812,1.14613941077013,27,-93,0.0073,46,2026-08-12 04:24:25.000464,1.0427,0
"3902693",9,0,1,0.0438,1,-0.0073,1,132.267432118988,1,291.109985351562,0.0438000001013279,0.00636920798569918,126.850898742676,-93.2761,26.5212,13.9079668330979,53,53,53,53,53,53,0,7812,1.14613941077013,27,-93,0.0073,46,2026-08-12 04:24:25.000464,1.0427,0
"3902693",9,0,1,0.0438,1,-0.0073,1,128.693055055237,1,301.109985351562,0.0438000001013279,0.00636920798569918,123.422897338867,-93.2761,26.5212,13.9079668330979,53,53,53,53,53,53,0,7812,1.14613941077013,27,-93,0.0073,46,2026-08-12 04:24:25.000464,1.0427,0
"3902693",9,0,1,0.0365,1,-0.0146,1,126.807854855347,1,311.380004882812,0.0364999994635582,0,121.614898681641,-93.2761,26.5212,13.9079668330979,53,53,53,53,53,53,0,7812,1.14613941077013,27,-93,0.0073,46,2026-08-12 04:24:25.000464,1.0427,0
"3902693",9,0,1,0.0438,1,-0.0073,1,124.762596641541,1,321.609985351562,0.0438000001013279,0.00636920798569918,119.653396606445,-93.2761,26.5212,13.9079668330979,53,53,53,53,53,53,0,7812,1.14613941077013,27,-93,0.0073,46,2026-08-12 04:24:25.000464,1.0427,0
"3902693",9,0,1,0.0365,1,-0.0146,1,120.840172949219,1,330.980010986328,0.0364999994635582,0,115.8916015625,-93.2761,26.5212,13.9079668330979,53,53,53,53,53,53,0,7812,1.14613941077013,27,-93,0.0073,46,2026-08-12 04:24:25.000464,1.0427,0
"3902693",9,0,1,0.0438,1,-0.0073,1,119.643047195435,1,341.489990234375,0.0438000001013279,0.00636920798569918,114.743499755859,-93.2761,26.5212,13.9079668330979,53,53,53,53,53,53,0,7812,1.14613941077013,27,-93,0.0073,46,2026-08-12 04:24:25.000464,1.0427,0
"3902693",9,0,1,0.0438,1,-0.0073,1,120.551344603729,1,351.149993896484,0.0438000001013279,0.00636920798569918,115.614601135254,-93.2761,26.5212,13.9079668330979,53,53,53,53,53,53,0,7812,1.14613941077013,27,-93,0.0073,46,2026-08-12 04:24:25.000464,1.0427,0
"3902693",9,0,1,0.0438,1,-0.0073,1,118.226334893036,1,361.040008544922,0.0438000001013279,0.00636920798569918,113.384803771973,-93.2761,26.5212,13.9079668330979,53,53,53,53,53,53,0,7812,1.14613941077013,27,-93,0.0073,46,2026-08-12 04:24:25.000464,1.0427,0
"3902693",9,0,1,0.0438,1,-0.0073,1,114.073052176666,1,381.079986572266,0.0438000001013279,0.00636920798569918,109.40160369873,-93.2761,26.5212,13.9079668330979,53,53,53,53,53,53,0,7812,1.14613941077013,27,-93,0.0073,46,2026-08-12 04:24:25.000464,1.0427,0
"3902693",9,0,1,0.0438,1,-0.0073,1,109.388610736084,1,401.359985351562,0.0438000001013279,0.00636920798569918,104.908996582031,-93.2761,26.5212,13.9079668330979,53,53,53,53,53,53,0,7812,1.14613941077013,27,-93,0.0073,46,2026-08-12 04:24:25.000464,1.0427,0
"3902693",9,0,1,0.0511,1,0,1,106.192008769989,1,451.410003662109,0.0511000007390976,0.0127384159713984,101.843299865723,-93.2761,26.5212,13.9079668330979,53,53,53,53,53,53,0,7812,1.14613941077013,27,-93,0.0073,46,2026-08-12 04:24:25.000464,1.0427,0
"3902693",9,0,1,0.0511,1,0,1,103.955834439087,1,501.320007324219,0.0511000007390976,0.0127384159713984,99.6986999511719,-93.2761,26.5212,13.9079668330979,53,53,53,53,53,53,0,7812,1.14613941077013,27,-93,0.0073,46,2026-08-12 04:24:25.000464,1.0427,0
"3902693",9,0,1,0.0511,1,0,1,103.259208185577,1,551.609985351562,0.0511000007390976,0.0127384159713984,99.0306015014648,-93.2761,26.5212,13.9079668330979,53,53,53,53,53,53,0,7812,1.14613941077013,27,-93,0.0073,46,2026-08-12 04:24:25.000464,1.0427,0
"3902693",9,0,1,0.0511,1,0,1,106.003280324554,1,601.510009765625,0.0511000007390976,0.0127384159713984,101.662300109863,-93.2761,26.5212,13.9079668330979,53,53,53,53,53,53,0,7812,1.14613941077013,27,-93,0.0073,46,2026-08-12 04:24:25.000464,1.0427,0
"3902693",9,0,1,0.0511,1,0,1,111.219286203003,1,651.450012207031,0.0511000007390976,0.0127384159713984,106.664703369141,-93.2761,26.5212,13.9079668330979,53,53,53,53,53,53,0,7812,1.14613941077013,27,-93,0.0073,46,2026-08-12 04:24:25.000464,1.0427,0
"3902693",9,0,1,0.0511,1,0,1,116.265640132904,1,701.530029296875,0.0511000007390976,0.0127384159713984,111.504402160645,-93.2761,26.5212,13.9079668330979,53,53,53,53,53,53,0,7812,1.14613941077013,27,-93,0.0073,46,2026-08-12 04:24:25.000464,1.0427,0
"3902693",9,0,1,0.0511,1,0,1,122.695135549164,1,751.679992675781,0.0511000007390976,0.0127384159713984,117.670600891113,-93.2761,26.5212,13.9079668330979,53,53,53,53,53,53,0,7812,1.14613941077013,27,-93,0.0073,46,2026-08-12 04:24:25.000464,1.0427,0
"3902693",9,0,1,0.0584,1,0.0073,1,127.667768921661,1,799.52001953125,0.0584000013768673,0.019107623025775,122.439598083496,-93.2761,26.5212,13.9079668330979,53,53,53,53,53,53,0,7812,1.14613941077013,27,-93,0.0073,46,2026-08-12 04:24:25.000464,1.0427,0
"3902693",9,0,1,0.0584,1,0.0073,1,134.180165161133,1,851.159973144531,0.0584000013768673,0.019107623025775,128.685302734375,-93.2761,26.5212,13.9079668330979,53,53,53,53,53,53,0,7812,1.14613941077013,27,-93,0.0073,46,2026-08-12 04:24:25.000464,1.0427,0
"3902693",9,0,1,0.0511,1,0,1,140.095915719604,1,901.650024414062,0.0511000007390976,0.0127384159713984,134.358795166016,-93.2761,26.5212,13.9079668330979,53,53,53,53,53,53,0,7812,1.14613941077013,27,-93,0.0073,46,2026-08-12 04:24:25.000464,1.0427,0
"3902693",9,0,1,0.0438,1,-0.0073,1,145.877589848328,1,951.539978027344,0.0438000001013279,0.00636920798569918,139.903701782227,-93.2761,26.5212,13.9079668330979,53,53,53,53,53,53,0,7812,1.14613941077013,27,-93,0.0073,46,2026-08-12 04:24:25.000464,1.0427,0
"3902693",9,0,1,0.0511,1,0,1,152.237954840088,1,999.099975585938,0.0511000007390976,0.0127384159713984,146.003601074219,-93.2761,26.5212,13.9079668330979,53,53,53,53,53,53,0,7812,1.14613941077013,27,-93,0.0073,46,2026-08-12 04:24:25.000464,1.0427,0
"3902693",9,0,1,0.0511,1,0,1,163.82485039978,1,1099.78002929688,0.0511000007390976,0.0127384159713984,157.115997314453,-93.2761,26.5212,13.9079668330979,53,53,53,53,53,53,0,7812,1.14613941077013,27,-93,0.0073,46,2026-08-12 04:24:25.000464,1.0427,0
"3902693",9,0,1,0.0584,1,0.0073,1,175.757827661133,1,1199.43005371094,0.0584000013768673,0.019107623025775,168.560302734375,-93.2761,26.5212,13.9079668330979,53,53,53,53,53,53,0,7812,1.14613941077013,27,-93,0.0073,46,2026-08-12 04:24:25.000464,1.0427,0
"3902693",9,0,1,0.0511,1,0,1,183.639077902222,1,1299.93005371094,0.0511000007390976,0.0127384159713984,176.118804931641,-93.2761,26.5212,13.9079668330979,53,53,53,53,53,53,0,7812,1.14613941077013,27,-93,0.0073,46,2026-08-12 04:24:25.000464,1.0427,0
"3902693",9,0,1,0.0584,1,0.0073,1,188.874152322388,1,1399.81994628906,0.0584000013768673,0.019107623025775,181.139495849609,-93.2761,26.5212,13.9079668330979,53,53,53,53,53,53,0,7812,1.14613941077013,27,-93,0.0073,46,2026-08-12 04:24:25.000464,1.0427,0
"3902693",9,0,1,0.0511,1,0,1,192.281081019592,1,1499.58996582031,0.0511000007390976,0.0127384159713984,184.40690612793,-93.2761,26.5212,13.9079668330979,53,53,53,53,53,53,0,7812,1.14613941077013,27,-93,0.0073,46,2026-08-12 04:24:25.000464,1.0427,0
"3902693",9,0,1,0.0438,1,-0.0073,1,195.115030665588,4,1599.08996582031,0.0438000001013279,0.00636920798569918,187.124801635742,-93.2761,26.5212,13.9079668330979,53,53,53,53,53,53,0,7812,1.14613941077013,27,-93,0.0073,46,2026-08-12 04:24:25.000464,1.0427,0
"3902693",11,0,5,0.0511,1,0,1,181.29873062439,1,7.59999990463257,0.0511000007390976,0.295413762331009,173.874298095703,-93.5668,26.4743,21.8550278847751,53,53,53,53,53,53,0,8039,1.18613289235474,26,-94,0.0073,46,2026-09-01 17:57:20.001907,1.0427,0
"3902693",11,0,5,0.0511,1,0,1,181.147025538635,1,11.8900003433228,0.0511000007390976,0.295413762331009,173.728805541992,-93.5668,26.4743,21.8550278847751,53,53,53,53,53,53,0,8039,1.18613289235474,26,-94,0.0073,46,2026-09-01 17:57:20.001907,1.0427,0
"3902693",11,0.00615445372694104,5,0.0584,1,0.0073,1,181.272764950562,1,16.6200008392334,0.0584000013768673,0.295413762331009,173.849395751953,-93.5668,26.4743,21.8550278847751,53,53,53,53,53,53,0.0073,8039,1.18613289235474,26,-94,0.0073,46,2026-09-01 17:57:20.001907,1.0427,0
"3902693",11,0.00615445372694104,5,0.0584,1,0.0073,1,182.210679455566,1,21.8299999237061,0.0584000013768673,0.295413762331009,174.748901367188,-93.5668,26.4743,21.8550278847751,53,53,53,53,53,53,0.0073,8039,1.18613289235474,26,-94,0.0073,46,2026-09-01 17:57:20.001907,1.0427,0
"3902693",11,0.110780167084939,1,0.1825,1,0.1314,1,192.183168791199,1,26.9400005340576,0.182500004768372,0.295413762331009,184.313003540039,-93.5668,26.4743,21.8550278847751,53,53,53,53,53,53,0.1314,8039,1.18613289235474,26,-94,0.0073,46,2026-09-01 17:57:20.001907,1.0427,0
"3902693",11,0.0307722686347052,1,0.0876,1,0.0365,1,203.145376696777,1,31.8899993896484,0.0876000002026558,0.295413762331009,194.826293945312,-93.5668,26.4743,21.8550278847751,53,53,53,53,53,53,0.0365,8039,1.18613289235474,26,-94,0.0073,46,2026-09-01 17:57:20.001907,1.0427,0
"3902693",11,0.0307722686347052,1,0.0876,1,0.0365,1,217.453417596436,1,36.9500007629395,0.0876000002026558,0.295413762331009,208.548400878906,-93.5668,26.4743,21.8550278847751,53,53,53,53,53,53,0.0365,8039,1.18613289235474,26,-94,0.0073,46,2026-09-01 17:57:20.001907,1.0427,0
"3902693",11,0.0492356298155283,1,0.1095,1,0.0584,1,219.043226435852,1,41.8600006103516,0.109499998390675,0.295413762331009,210.073104858398,-93.5668,26.4743,21.8550278847751,53,53,53,53,53,53,0.0584,8039,1.18613289235474,26,-94,0.0073,46,2026-09-01 17:57:20.001907,1.0427,0
"3902693",11,0.0615445372694104,1,0.1241,1,0.073,1,219.217874230957,1,46.560001373291,0.124099999666214,0.295413762331009,210.240600585938,-93.5668,26.4743,21.8550278847751,53,53,53,53,53,53,0.073,8039,1.18613289235474,26,-94,0.0073,46,2026-09-01 17:57:20.001907,1.0427,0
"3902693",11,0.0800078984502335,1,0.146,1,0.0949,1,218.480366360474,1,51.8899993896484,0.145999997854233,0.295413762331009,209.533294677734,-93.5668,26.4743,21.8550278847751,53,53,53,53,53,53,0.0949,8039,1.18613289235474,26,-94,0.0073,46,2026-09-01 17:57:20.001907,1.0427,0
"3902693",11,0.0800078984502335,1,0.146,1,0.0949,1,217.054163540649,1,56.5900001525879,0.145999997854233,0.295413762331009,208.165496826172,-93.5668,26.4743,21.8550278847751,53,53,53,53,53,53,0.0949,8039,1.18613289235474,26,-94,0.0073,46,2026-09-01 17:57:20.001907,1.0427,0
"3902693",11,0.123089074538821,1,0.1971,1,0.146,1,212.706313284302,1,61.7099990844727,0.19709999859333,0.295413762331009,203.995697021484,-93.5668,26.4743,21.8550278847751,53,53,53,53,53,53,0.146,8039,1.18613289235474,26,-94,0.0073,46,2026-09-01 17:57:20.001907,1.0427,0
"3902693",11,0.141552435719644,1,0.219,1,0.1679,1,206.340522866821,1,66.7399978637695,0.218999996781349,0.295413762331009,197.890594482422,-93.5668,26.4743,21.8550278847751,53,53,53,53,53,53,0.1679,8039,1.18613289235474,26,-94,0.0073,46,2026-09-01 17:57:20.001907,1.0427,0
"3902693",11,0.160015796900467,1,0.2409,1,0.1898,1,198.091202835083,1,71.879997253418,0.240899994969368,0.295413762331009,189.979095458984,-93.5668,26.4743,21.8550278847751,53,53,53,53,53,53,0.1898,8039,1.18613289235474,26,-94,0.0073,46,2026-09-01 17:57:20.001907,1.0427,0
"3902693",11,0.221560334169877,1,0.3139,1,0.2628,1,179.418749015808,1,76.870002746582,0.313899993896484,0.295413762331009,172.071304321289,-93.5668,26.4743,21.8550278847751,53,53,53,53,53,53,0.2628,8039,1.18613289235474,26,-94,0.0073,46,2026-09-01 17:57:20.001907,1.0427,0
"3902693",11,0.209251426715995,1,0.2993,1,0.2482,1,167.012184593201,1,81.8099975585938,0.299299985170364,0.295413762331009,160.172805786133,-93.5668,26.4743,21.8550278847751,53,53,53,53,53,53,0.2482,8039,1.18613289235474,26,-94,0.0073,46,2026-09-01 17:57:20.001907,1.0427,0
"3902693",11,0.258487056531524,1,0.3577,1,0.3066,1,156.983802235413,1,86.6100006103516,0.357699990272522,0.295413762331009,150.555099487305,-93.5668,26.4743,21.8550278847751,53,53,53,53,53,53,0.3066,8039,1.18613289235474,26,-94,0.0073,46,2026-09-01 17:57:20.001907,1.0427,0
"3902693",11,0.283104871439288,1,0.3869,1,0.3358,1,154.537412545776,1,91.6699981689453,0.386900007724762,0.295413762331009,148.208892822266,-93.5668,26.4743,21.8550278847751,53,53,53,53,53,53,0.3358,8039,1.18613289235474,26,-94,0.0073,46,2026-09-01 17:57:20.001907,1.0427,0
"3902693",11,0.387730584797285,1,0.511,1,0.4599,1,148.406347364807,1,97,0.510999977588654,0.400039494037628,142.328903198242,-93.5668,26.4743,21.8550278847751,53,53,53,53,53,53,0.4599,8039,1.18613289235474,26,-94,0.0073,46,2026-09-01 17:57:20.001907,1.0427,0
"3902693",11,0.338494954981757,1,0.4526,1,0.4015,1,142.154411335754,1,101.5,0.452600002288818,0.350803852081299,136.332992553711,-93.5668,26.4743,21.8550278847751,53,53,53,53,53,53,0.4015,8039,1.18613289235474,26,-94,0.0073,46,2026-09-01 17:57:20.001907,1.0427,0
"3902693",11,0.246178149077642,1,0.3431,1,0.292,1,144.263804127502,1,111.779998779297,0.343100011348724,0.258487045764923,138.356002807617,-93.5668,26.4743,21.8550278847751,53,53,53,53,53,53,0.292,8039,1.18613289235474,26,-94,0.0073,46,2026-09-01 17:57:20.001907,1.0427,0
"3902693",11,0.166170250627408,1,0.2482,1,0.1971,1,147.297014863586,1,121.769996643066,0.248199999332428,0.178479164838791,141.264999389648,-93.5668,26.4743,21.8550278847751,53,53,53,53,53,53,0.1971,8039,1.18613289235474,26,-94,0.0073,46,2026-09-01 17:57:20.001907,1.0427,0
"3902693",11,0.141552435719644,1,0.219,1,0.1679,1,146.09895039978,1,131.630004882812,0.218999996781349,0.153861343860626,140.115997314453,-93.5668,26.4743,21.8550278847751,53,53,53,53,53,53,0.1679,8039,1.18613289235474,26,-94,0.0073,46,2026-09-01 17:57:20.001907,1.0427,0
"3902693",11,0.0923168059041156,1,0.1606,1,0.1095,1,143.223188381958,1,141.820007324219,0.160600006580353,0.104625709354877,137.358001708984,-93.5668,26.4743,21.8550278847751,53,53,53,53,53,53,0.1095,8039,1.18613289235474,26,-94,0.0073,46,2026-09-01 17:57:20.001907,1.0427,0
"3902693",11,0.0553900835424693,1,0.1168,1,0.0657,1,142.98690393219,1,151.910003662109,0.116800002753735,0.0676989927887917,137.131393432617,-93.5668,26.4743,21.8550278847751,53,53,53,53,53,53,0.0657,8039,1.18613289235474,26,-94,0.0073,46,2026-09-01 17:57:20.001907,1.0427,0
"3902693",11,0.0246178149077642,1,0.0803,1,0.0292,1,142.638547052002,1,161.050003051758,0.0803000032901764,0.0369267202913761,136.797302246094,-93.5668,26.4743,21.8550278847751,53,53,53,53,53,53,0.0292,8039,1.18613289235474,26,-94,0.0073,46,2026-09-01 17:57:20.001907,1.0427,0
"3902693",11,0,1,0.0511,1,0,1,143.682392596436,1,171.479995727539,0.0511000007390976,0.0123089076951146,137.798400878906,-93.5668,26.4743,21.8550278847751,53,53,53,53,53,53,0,8039,1.18613289235474,26,-94,0.0073,46,2026-09-01 17:57:20.001907,1.0427,0
"3902693",11,0,1,0.0511,1,0,1,144.62353690033,1,181.539993286133,0.0511000007390976,0.0123089076951146,138.70100402832,-93.5668,26.4743,21.8550278847751,53,53,53,53,53,53,0,8039,1.18613289235474,26,-94,0.0073,46,2026-09-01 17:57:20.001907,1.0427,0
"3902693",11,-0.0123089074538821,1,0.0365,1,-0.0146,1,145.71462024231,1,191.899993896484,0.0364999994635582,0,139.747406005859,-93.5668,26.4743,21.8550278847751,53,53,53,53,53,53,-0.0146,8039,1.18613289235474,26,-94,0.0073,46,2026-09-01 17:57:20.001907,1.0427,0
"3902693",11,0,1,0.0438,1,-0.0073,1,146.912668795776,1,201.630004882812,0.0438000001013279,0.00615445384755731,140.896392822266,-93.5668,26.4743,21.8550278847751,53,53,53,53,53,53,0,8039,1.18613289235474,26,-94,0.0073,46,2026-09-01 17:57:20.001907,1.0427,0
"3902693",11,0,1,0.0365,1,-0.0146,1,147.130704086304,1,211.919998168945,0.0364999994635582,0,141.105499267578,-93.5668,26.4743,21.8550278847751,53,53,53,53,53,53,0,8039,1.18613289235474,26,-94,0.0073,46,2026-09-01 17:57:20.001907,1.0427,0
"3902693",11,0,1,0.0365,1,-0.0146,1,147.290141596985,1,221.130004882812,0.0364999994635582,0,141.258407592773,-93.5668,26.4743,21.8550278847751,53,53,53,53,53,53,0,8039,1.18613289235474,26,-94,0.0073,46,2026-09-01 17:57:20.001907,1.0427,0
"3902693",11,0,1,0.0365,1,-0.0146,1,146.813722395325,1,231.770004272461,0.0364999994635582,0,140.801498413086,-93.5668,26.4743,21.8550278847751,53,53,53,53,53,53,0,8039,1.18613289235474,26,-94,0.0073,46,2026-09-01 17:57:20.001907,1.0427,0
"3902693",11,0,1,0.0365,1,-0.0146,1,146.463583557129,1,241.580001831055,0.0364999994635582,0,140.465698242188,-93.5668,26.4743,21.8550278847751,53,53,53,53,53,53,0,8039,1.18613289235474,26,-94,0.0073,46,2026-09-01 17:57:20.001907,1.0427,0
"3902693",11,0,1,0.0438,1,-0.0073,1,145.409316740417,1,251.220001220703,0.0438000001013279,0.00615445384755731,139.454605102539,-93.5668,26.4743,21.8550278847751,53,53,53,53,53,53,0,8039,1.18613289235474,26,-94,0.0073,46,2026-09-01 17:57:20.001907,1.0427,0
"3902693",11,0,1,0.0292,1,-0.0219,1,144.087056167603,1,260.920013427734,0.0292000006884336,-0.00615445384755731,138.186492919922,-93.5668,26.4743,21.8550278847751,53,53,53,53,53,53,0,8039,1.18613289235474,26,-94,0.0073,46,2026-09-01 17:57:20.001907,1.0427,0
"3902693",11,0,1,0.0365,1,-0.0146,1,141.640268719482,1,271.399993896484,0.0364999994635582,0,135.839904785156,-93.5668,26.4743,21.8550278847751,53,53,53,53,53,53,0,8039,1.18613289235474,26,-94,0.0073,46,2026-09-01 17:57:20.001907,1.0427,0
"3902693",11,0,1,0.0365,1,-0.0146,1,140.422077676392,1,281.329986572266,0.0364999994635582,0,134.671600341797,-93.5668,26.4743,21.8550278847751,53,53,53,53,53,53,0,8039,1.18613289235474,26,-94,0.0073,46,2026-09-01 17:57:20.001907,1.0427,0
"3902693",11,0,1,0.0438,1,-0.0073,1,138.528635920715,1,291.220001220703,0.0438000001013279,0.00615445384755731,132.855697631836,-93.5668,26.4743,21.8550278847751,53,53,53,53,53,53,0,8039,1.18613289235474,26,-94,0.0073,46,2026-09-01 17:57:20.001907,1.0427,0
"3902693",11,0,1,0.0365,1,-0.0146,1,136.630500614929,1,301.320007324219,0.0364999994635582,0,131.035293579102,-93.5668,26.4743,21.8550278847751,53,53,53,53,53,53,0,8039,1.18613289235474,26,-94,0.0073,46,2026-09-01 17:57:20.001907,1.0427,0
"3902693",11,0,1,0.0365,1,-0.0146,1,134.872726322937,1,311.839996337891,0.0364999994635582,0,129.349502563477,-93.5668,26.4743,21.8550278847751,53,53,53,53,53,53,0,8039,1.18613289235474,26,-94,0.0073,46,2026-09-01 17:57:20.001907,1.0427,0
"3902693",11,0,1,0.0438,1,-0.0073,1,133.26540019989,1,321.070007324219,0.0438000001013279,0.00615445384755731,127.807998657227,-93.5668,26.4743,21.8550278847751,53,53,53,53,53,53,0,8039,1.18613289235474,26,-94,0.0073,46,2026-09-01 17:57:20.001907,1.0427,0
"3902693",11,0,1,0.0438,1,-0.0073,1,132.128232559967,1,331.440002441406,0.0438000001013279,0.00615445384755731,126.717399597168,-93.5668,26.4743,21.8550278847751,53,53,53,53,53,53,0,8039,1.18613289235474,26,-94,0.0073,46,2026-09-01 17:57:20.001907,1.0427,0
"3902693",11,0,1,0.0438,1,-0.0073,1,130.467423831177,1,341.070007324219,0.0438000001013279,0.00615445384755731,125.124603271484,-93.5668,26.4743,21.8550278847751,53,53,53,53,53,53,0,8039,1.18613289235474,26,-94,0.0073,46,2026-09-01 17:57:20.001907,1.0427,0
"3902693",11,0,1,0.0365,1,-0.0146,1,128.787840901947,1,351.010009765625,0.0364999994635582,0,123.513801574707,-93.5668,26.4743,21.8550278847751,53,53,53,53,53,53,0,8039,1.18613289235474,26,-94,0.0073,46,2026-09-01 17:57:20.001907,1.0427,0
"3902693",11,0,1,0.0438,1,-0.0073,1,127.042985805511,1,361.049987792969,0.0438000001013279,0.00615445384755731,121.840400695801,-93.5668,26.4743,21.8550278847751,53,53,53,53,53,53,0,8039,1.18613289235474,26,-94,0.0073,46,2026-09-01 17:57:20.001907,1.0427,0
"3902693",11,0,1,0.0365,1,-0.0146,1,122.388479668427,1,380.980010986328,0.0364999994635582,0,117.376502990723,-93.5668,26.4743,21.8550278847751,53,53,53,53,53,53,0,8039,1.18613289235474,26,-94,0.0073,46,2026-09-01 17:57:20.001907,1.0427,0
"3902693",11,0,1,0.0438,1,-0.0073,1,116.746633557129,1,401.609985351562,0.0438000001013279,0.00615445384755731,111.965698242188,-93.5668,26.4743,21.8550278847751,53,53,53,53,53,53,0,8039,1.18613289235474,26,-94,0.0073,46,2026-09-01 17:57:20.001907,1.0427,0
"3902693",11,0,1,0.0438,1,-0.0073,1,108.728999887085,1,451.230010986328,0.0438000001013279,0.00615445384755731,104.276397705078,-93.5668,26.4743,21.8550278847751,53,53,53,53,53,53,0,8039,1.18613289235474,26,-94,0.0073,46,2026-09-01 17:57:20.001907,1.0427,0
"3902693",11,0,1,0.0511,1,0,1,105.576294547272,1,501.049987792969,0.0511000007390976,0.0123089076951146,101.252799987793,-93.5668,26.4743,21.8550278847751,53,53,53,53,53,53,0,8039,1.18613289235474,26,-94,0.0073,46,2026-09-01 17:57:20.001907,1.0427,0
"3902693",11,0,1,0.0511,1,0,1,105.256496726227,1,551.619995117188,0.0511000007390976,0.0123089076951146,100.946098327637,-93.5668,26.4743,21.8550278847751,53,53,53,53,53,53,0,8039,1.18613289235474,26,-94,0.0073,46,2026-09-01 17:57:20.001907,1.0427,0
"3902693",11,0,1,0.0438,1,-0.0073,1,107.221885036469,1,601.830017089844,0.0438000001013279,0.00615445384755731,102.831001281738,-93.5668,26.4743,21.8550278847751,53,53,53,53,53,53,0,8039,1.18613289235474,26,-94,0.0073,46,2026-09-01 17:57:20.001907,1.0427,0
"3902693",11,0,1,0.0511,1,0,1,111.28601416626,1,651.830017089844,0.0511000007390976,0.0123089076951146,106.728698730469,-93.5668,26.4743,21.8550278847751,53,53,53,53,53,53,0,8039,1.18613289235474,26,-94,0.0073,46,2026-09-01 17:57:20.001907,1.0427,0
"3902693",11,0,1,0.0438,1,-0.0073,1,114.811069178009,1,701.719970703125,0.0438000001013279,0.00615445384755731,110.109397888184,-93.5668,26.4743,21.8550278847751,53,53,53,53,53,53,0,8039,1.18613289235474,26,-94,0.0073,46,2026-09-01 17:57:20.001907,1.0427,0
"3902693",11,0,1,0.0511,1,0,1,120.845590419769,1,751.179992675781,0.0511000007390976,0.0123089076951146,115.896797180176,-93.5668,26.4743,21.8550278847751,53,53,53,53,53,53,0,8039,1.18613289235474,26,-94,0.0073,46,2026-09-01 17:57:20.001907,1.0427,0
"3902693",11,0,1,0.0584,1,0.0073,1,128.745925112915,1,801.260009765625,0.0584000013768673,0.0184633601456881,123.473602294922,-93.5668,26.4743,21.8550278847751,53,53,53,53,53,53,0,8039,1.18613289235474,26,-94,0.0073,46,2026-09-01 17:57:20.001907,1.0427,0
"3902693",11,0,1,0.0511,1,0,1,136.791704173279,1,851.669982910156,0.0511000007390976,0.0123089076951146,131.189895629883,-93.5668,26.4743,21.8550278847751,53,53,53,53,53,53,0,8039,1.18613289235474,26,-94,0.0073,46,2026-09-01 17:57:20.001907,1.0427,0
"3902693",11,0,1,0.0511,1,0,1,143.365522277832,1,901.72998046875,0.0511000007390976,0.0123089076951146,137.494506835938,-93.5668,26.4743,21.8550278847751,53,53,53,53,53,53,0,8039,1.18613289235474,26,-94,0.0073,46,2026-09-01 17:57:20.001907,1.0427,0
"3902693",11,0,1,0.0438,1,-0.0073,1,148.849704881287,1,951.119995117188,0.0438000001013279,0.00615445384755731,142.754104614258,-93.5668,26.4743,21.8550278847751,53,53,53,53,53,53,0,8039,1.18613289235474,26,-94,0.0073,46,2026-09-01 17:57:20.001907,1.0427,0
"3902693",11,0,1,0.0511,1,0,1,154.880153076172,1,999.460021972656,0.0511000007390976,0.0123089076951146,148.53759765625,-93.5668,26.4743,21.8550278847751,53,53,53,53,53,53,0,8039,1.18613289235474,26,-94,0.0073,46,2026-09-01 17:57:20.001907,1.0427,0
"3902693",11,0,1,0.0511,1,0,1,167.535714309692,1,1099.40002441406,0.0511000007390976,0.0123089076951146,160.674896240234,-93.5668,26.4743,21.8550278847751,53,53,53,53,53,53,0,8039,1.18613289235474,26,-94,0.0073,46,2026-09-01 17:57:20.001907,1.0427,0
"3902693",11,0,1,0.0584,1,0.0073,1,179.805593006897,1,1199.7900390625,0.0584000013768673,0.0184633601456881,172.442306518555,-93.5668,26.4743,21.8550278847751,53,53,53,53,53,53,0,8039,1.18613289235474,26,-94,0.0073,46,2026-09-01 17:57:20.001907,1.0427,0
"3902693",11,0,1,0.0511,1,0,1,187.251504542541,1,1298.76000976562,0.0511000007390976,0.0123089076951146,179.583297729492,-93.5668,26.4743,21.8550278847751,53,53,53,53,53,53,0,8039,1.18613289235474,26,-94,0.0073,46,2026-09-01 17:57:20.001907,1.0427,0
"3902693",11,0,1,0.0511,1,0,1,191.174771482849,1,1398.38000488281,0.0511000007390976,0.0123089076951146,183.345901489258,-93.5668,26.4743,21.8550278847751,53,53,53,53,53,53,0,8039,1.18613289235474,26,-94,0.0073,46,2026-09-01 17:57:20.001907,1.0427,0
"3902693",11,0,1,0.0584,1,0.0073,1,196.582727650452,1,1498.15002441406,0.0584000013768673,0.0184633601456881,188.53239440918,-93.5668,26.4743,21.8550278847751,53,53,53,53,53,53,0,8039,1.18613289235474,26,-94,0.0073,46,2026-09-01 17:57:20.001907,1.0427,0
"3902693",11,0,1,0.0365,1,-0.0146,1,197.075820887756,1,1595.56994628906,0.0364999994635582,0,189.005294799805,-93.5668,26.4743,21.8550278847751,53,53,53,53,53,53,0,8039,1.18613289235474,26,-94,0.0073,46,2026-09-01 17:57:20.001907,1.0427,0
