"FLOAT_NUM","CYCLE_NUMBER","CHLA_FINAL","CHLA_FINAL_QC","CHLA_FLUORESCENCE","CHLA_FLUORESCENCE_QC","CHLA_FLUORESCENCE_ADJUSTED","CHLA_FLUORESCENCE_ADJUSTED_QC","DOXY_FINAL","DOXY_FINAL_QC","PRES","CHLA","CHLA_ADJUSTED","DOXY","LONGITUDE","LATITUDE","MLD","MIN_FLUOCHLA_CYCLE1","MIN_FLUOCHLA_CYCLE2","MIN_FLUOCHLA_CYCLE3","MIN_FLUOCHLA_CYCLE4","MIN_FLUOCHLA_CYCLE5","MEDIAN_FIRST5","CHLA_NOLUT","NEAREST_INDICES","PHYSIO_RATIO","MATCHED_LAT","MATCHED_LON","SCALE_CHLA","DARK_CHLA","DATE_TIME","DOXY_SLOPE","DOXY_DRIFT"
"2904010",1,0.0307722686347052,5,0.0365,1,0.0365,1,201.972109585191,1,7.96000003814697,0.0364999994635582,0.0438000001013279,191.565200805664,-93.9537,26.0498,13.9084468515461,51,51,51,51,51,51,0.0365,8039,1.18613289235474,26,-94,0.0073,51,2025-05-22 23:25:29.002504,1.0543,1.13
"2904010",1,0.0246178149077642,5,0.0292,1,0.0292,1,202.531962696137,1,11.5900001525879,0.0292000006884336,0.0364999994635582,192.096206665039,-93.9537,26.0498,13.9084468515461,51,51,51,51,51,51,0.0292,8039,1.18613289235474,26,-94,0.0073,51,2025-05-22 23:25:29.002504,1.0543,1.13
"2904010",1,0.0184633611808231,1,0.0219,1,0.0219,1,202.85109505711,1,16.6200008392334,0.0219000000506639,0.0292000006884336,192.398895263672,-93.9537,26.0498,13.9084468515461,51,51,51,51,51,51,0.0219,8039,1.18613289235474,26,-94,0.0073,51,2025-05-22 23:25:29.002504,1.0543,1.13
"2904010",1,0.0123089074538821,1,0.0146,1,0.0146,1,203.223912183347,1,21.7000007629395,0.0146000003442168,0.0219000000506639,192.752502441406,-93.9537,26.0498,13.9084468515461,51,51,51,51,51,51,0.0146,8039,1.18613289235474,26,-94,0.0073,51,2025-05-22 23:25:29.002504,1.0543,1.13
"2904010",1,0.0246178149077642,1,0.0292,1,0.0292,1,204.001271445443,1,26.6200008392334,0.0292000006884336,0.0364999994635582,193.489807128906,-93.9537,26.0498,13.9084468515461,51,51,51,51,51,51,0.0292,8039,1.18613289235474,26,-94,0.0073,51,2025-05-22 23:25:29.002504,1.0543,1.13
"2904010",1,0.0184633611808231,1,0.0219,1,0.0219,1,206.446671223496,1,31.9200000762939,0.0219000000506639,0.0292000006884336,195.809204101562,-93.9537,26.0498,13.9084468515461,51,51,51,51,51,51,0.0219,8039,1.18613289235474,26,-94,0.0073,51,2025-05-22 23:25:29.002504,1.0543,1.13
"2904010",1,0.0246178149077642,1,0.0292,1,0.0292,1,207.345798537222,1,36.9000015258789,0.0292000006884336,0.0364999994635582,196.662002563477,-93.9537,26.0498,13.9084468515461,51,51,51,51,51,51,0.0292,8039,1.18613289235474,26,-94,0.0073,51,2025-05-22 23:25:29.002504,1.0543,1.13
"2904010",1,0.0307722686347052,1,0.0365,1,0.0365,1,207.701321350406,1,41.689998626709,0.0364999994635582,0.0438000001013279,196.999206542969,-93.9537,26.0498,13.9084468515461,51,51,51,51,51,51,0.0365,8039,1.18613289235474,26,-94,0.0073,51,2025-05-22 23:25:29.002504,1.0543,1.13
"2904010",1,0.0307722686347052,1,0.0365,1,0.0365,1,207.642585036955,1,46.5099983215332,0.0364999994635582,0.0438000001013279,196.943496704102,-93.9537,26.0498,13.9084468515461,51,51,51,51,51,51,0.0365,8039,1.18613289235474,26,-94,0.0073,51,2025-05-22 23:25:29.002504,1.0543,1.13
"2904010",1,0.0369267223616462,1,0.0438,1,0.0438,1,207.868633774367,1,51.4599990844727,0.0438000001013279,0.0511000007390976,197.157897949219,-93.9537,26.0498,13.9084468515461,51,51,51,51,51,51,0.0438,8039,1.18613289235474,26,-94,0.0073,51,2025-05-22 23:25:29.002504,1.0543,1.13
"2904010",1,0.0492356298155283,1,0.0584,1,0.0584,1,209.533633708774,1,56.6800003051758,0.0584000013768673,0.065700002014637,198.737106323242,-93.9537,26.0498,13.9084468515461,51,51,51,51,51,51,0.0584,8039,1.18613289235474,26,-94,0.0073,51,2025-05-22 23:25:29.002504,1.0543,1.13
"2904010",1,0.0738534447232925,1,0.0876,1,0.0876,1,210.62813045294,1,61.6800003051758,0.0876000002026558,0.0948999971151352,199.775207519531,-93.9537,26.0498,13.9084468515461,51,51,51,51,51,51,0.0876,8039,1.18613289235474,26,-94,0.0073,51,2025-05-22 23:25:29.002504,1.0543,1.13
"2904010",1,0.110780167084939,1,0.1314,1,0.1314,1,210.698659074733,1,66.8899993896484,0.131400004029274,0.138699993491173,199.842102050781,-93.9537,26.0498,13.9084468515461,51,51,51,51,51,51,0.1314,8039,1.18613289235474,26,-94,0.0073,51,2025-05-22 23:25:29.002504,1.0543,1.13
"2904010",1,0.135397981992703,1,0.1606,1,0.1606,1,210.450988424072,1,71.6699981689453,0.160600006580353,0.167899996042252,199.607192993164,-93.9537,26.0498,13.9084468515461,51,51,51,51,51,51,0.1606,8039,1.18613289235474,26,-94,0.0073,51,2025-05-22 23:25:29.002504,1.0543,1.13
"2904010",1,0.166170250627408,1,0.1971,1,0.1971,1,210.911837625685,1,76.8899993896484,0.19709999859333,0.20440000295639,200.044296264648,-93.9537,26.0498,13.9084468515461,51,51,51,51,51,51,0.1971,8039,1.18613289235474,26,-94,0.0073,51,2025-05-22 23:25:29.002504,1.0543,1.13
"2904010",1,0.153861343173526,1,0.1825,1,0.1825,1,209.145742376647,1,81.8899993896484,0.182500004768372,0.18979999423027,198.369201660156,-93.9537,26.0498,13.9084468515461,51,51,51,51,51,51,0.1825,8039,1.18613289235474,26,-94,0.0073,51,2025-05-22 23:25:29.002504,1.0543,1.13
"2904010",1,0.17847915808129,1,0.2117,1,0.2117,1,208.733285076117,1,86.879997253418,0.21170000731945,0.218999996781349,197.977996826172,-93.9537,26.0498,13.9084468515461,51,51,51,51,51,51,0.2117,8039,1.18613289235474,26,-94,0.0073,51,2025-05-22 23:25:29.002504,1.0543,1.13
"2904010",1,0.172324704354349,1,0.2044,1,0.2044,1,208.255463316111,1,91.8600006103516,0.20440000295639,0.21170000731945,197.524795532227,-93.9537,26.0498,13.9084468515461,51,51,51,51,51,51,0.2044,8039,1.18613289235474,26,-94,0.0073,51,2025-05-22 23:25:29.002504,1.0543,1.13
"2904010",1,0.190788065535172,1,0.2263,1,0.2263,1,207.298564952919,1,96.8099975585938,0.226300001144409,0.233600005507469,196.617202758789,-93.9537,26.0498,13.9084468515461,51,51,51,51,51,51,0.2263,8039,1.18613289235474,26,-94,0.0073,51,2025-05-22 23:25:29.002504,1.0543,1.13
"2904010",1,0.227714787896818,1,0.2701,1,0.2701,1,205.765677482509,1,101.580001831055,0.270099997520447,0.277399986982346,195.163299560547,-93.9537,26.0498,13.9084468515461,51,51,51,51,51,51,0.2701,8039,1.18613289235474,26,-94,0.0073,51,2025-05-22 23:25:29.002504,1.0543,1.13
"2904010",1,0.510819659336106,1,0.6059,1,0.6059,1,202.09957269433,1,111.75,0.60589998960495,0.613200008869171,191.686096191406,-93.9537,26.0498,13.9084468515461,51,51,51,51,51,51,0.6059,8039,1.18613289235474,26,-94,0.0073,51,2025-05-22 23:25:29.002504,1.0543,1.13
"2904010",1,0.363112769889521,1,0.4307,1,0.4307,1,194.14047242331,1,121.569999694824,0.4307000041008,0.437999993562698,184.137100219727,-93.9537,26.0498,13.9084468515461,51,51,51,51,51,51,0.4307,8039,1.18613289235474,26,-94,0.0073,51,2025-05-22 23:25:29.002504,1.0543,1.13
"2904010",1,0.258487056531524,1,0.3066,1,0.3066,1,181.502898497284,1,131.929992675781,0.306600004434586,0.313899993896484,172.150695800781,-93.9537,26.0498,13.9084468515461,51,51,51,51,51,51,0.3066,8039,1.18613289235474,26,-94,0.0073,51,2025-05-22 23:25:29.002504,1.0543,1.13
"2904010",1,0.227714787896818,1,0.2701,1,0.2701,1,167.793077161932,1,141.110000610352,0.270099997520447,0.277399986982346,159.14729309082,-93.9537,26.0498,13.9084468515461,51,51,51,51,51,51,0.2701,8039,1.18613289235474,26,-94,0.0073,51,2025-05-22 23:25:29.002504,1.0543,1.13
"2904010",1,0.233869241623759,1,0.2774,1,0.2774,1,152.283537215417,1,151.660003662109,0.277399986982346,0.284700006246567,144.436904907227,-93.9537,26.0498,13.9084468515461,51,51,51,51,51,51,0.2774,8039,1.18613289235474,26,-94,0.0073,51,2025-05-22 23:25:29.002504,1.0543,1.13
"2904010",1,0.172324704354349,1,0.2044,1,0.2044,1,142.997552895989,1,161.399993896484,0.20440000295639,0.21170000731945,135.62939453125,-93.9537,26.0498,13.9084468515461,51,51,51,51,51,51,0.2044,8039,1.18613289235474,26,-94,0.0073,51,2025-05-22 23:25:29.002504,1.0543,1.13
"2904010",1,0.141552435719644,1,0.1679,1,0.1679,1,138.176445399556,1,171.130004882812,0.167899996042252,0.175200000405312,131.056701660156,-93.9537,26.0498,13.9084468515461,51,51,51,51,51,51,0.1679,8039,1.18613289235474,26,-94,0.0073,51,2025-05-22 23:25:29.002504,1.0543,1.13
"2904010",1,0.0430811760885873,1,0.0511,1,0.0511,1,135.434452174566,1,181.550003051758,0.0511000007390976,0.0584000013768673,128.455993652344,-93.9537,26.0498,13.9084468515461,51,51,51,51,51,51,0.0511,8039,1.18613289235474,26,-94,0.0073,51,2025-05-22 23:25:29.002504,1.0543,1.13
"2904010",1,0.0307722686347052,1,0.0365,1,0.0365,1,134.27912771165,1,191.440002441406,0.0364999994635582,0.0438000001013279,127.360198974609,-93.9537,26.0498,13.9084468515461,51,51,51,51,51,51,0.0365,8039,1.18613289235474,26,-94,0.0073,51,2025-05-22 23:25:29.002504,1.0543,1.13
"2904010",1,0.0430811760885873,1,0.0511,1,0.0511,1,132.186926069351,1,201.300003051758,0.0511000007390976,0.0584000013768673,125.375801086426,-93.9537,26.0498,13.9084468515461,51,51,51,51,51,51,0.0511,8039,1.18613289235474,26,-94,0.0073,51,2025-05-22 23:25:29.002504,1.0543,1.13
"2904010",1,0.0184633611808231,1,0.0219,1,0.0219,1,132.542867163595,1,210.039993286133,0.0219000000506639,0.0292000006884336,125.713401794434,-93.9537,26.0498,13.9084468515461,51,51,51,51,51,51,0.0219,8039,1.18613289235474,26,-94,0.0073,51,2025-05-22 23:25:29.002504,1.0543,1.13
"2904010",1,0,1,0,1,0,1,131.945063090329,1,221.110000610352,0,0.00730000017210841,125.14640045166,-93.9537,26.0498,13.9084468515461,51,51,51,51,51,51,0,8039,1.18613289235474,26,-94,0.0073,51,2025-05-22 23:25:29.002504,1.0543,1.13
"2904010",1,0,1,-0.0073,1,-0.0073,1,129.74447034645,1,231.800003051758,-0.00730000017210841,0,123.059196472168,-93.9537,26.0498,13.9084468515461,51,51,51,51,51,51,0,8039,1.18613289235474,26,-94,0.0073,51,2025-05-22 23:25:29.002504,1.0543,1.13
"2904010",1,0,1,-0.0073,1,-0.0073,1,126.735324226047,1,241.289993286133,-0.00730000017210841,0,120.205101013184,-93.9537,26.0498,13.9084468515461,51,51,51,51,51,51,0,8039,1.18613289235474,26,-94,0.0073,51,2025-05-22 23:25:29.002504,1.0543,1.13
"2904010",1,0,1,-0.0073,1,-0.0073,1,126.080585665436,1,251.539993286133,-0.00730000017210841,0,119.584098815918,-93.9537,26.0498,13.9084468515461,51,51,51,51,51,51,0,8039,1.18613289235474,26,-94,0.0073,51,2025-05-22 23:25:29.002504,1.0543,1.13
"2904010",1,0,1,0,1,0,1,124.928736152863,1,261.089996337891,0,0,118.491600036621,-93.9537,26.0498,13.9084468515461,51,51,51,51,51,51,0,8039,1.18613289235474,26,-94,0.0073,51,2025-05-22 23:25:29.002504,1.0543,1.13
"2904010",1,0,1,-0.0073,1,-0.0073,1,123.108023050041,1,271.130004882812,-0.00730000017210841,0,116.764701843262,-93.9537,26.0498,13.9084468515461,51,51,51,51,51,51,0,8039,1.18613289235474,26,-94,0.0073,51,2025-05-22 23:25:29.002504,1.0543,1.13
"2904010",1,0,1,-0.0073,1,-0.0073,1,122.499995222407,1,281.369995117188,-0.00730000017210841,0,116.188003540039,-93.9537,26.0498,13.9084468515461,51,51,51,51,51,51,0,8039,1.18613289235474,26,-94,0.0073,51,2025-05-22 23:25:29.002504,1.0543,1.13
"2904010",1,0,1,-0.0073,1,-0.0073,1,123.226420721593,1,290.779998779297,-0.00730000017210841,0,116.876998901367,-93.9537,26.0498,13.9084468515461,51,51,51,51,51,51,0,8039,1.18613289235474,26,-94,0.0073,51,2025-05-22 23:25:29.002504,1.0543,1.13
"2904010",1,0,1,-0.0073,1,-0.0073,1,122.521182766865,1,301.440002441406,-0.00730000017210841,0,116.208099365234,-93.9537,26.0498,13.9084468515461,51,51,51,51,51,51,0,8039,1.18613289235474,26,-94,0.0073,51,2025-05-22 23:25:29.002504,1.0543,1.13
"2904010",1,0,1,-0.0073,1,-0.0073,1,120.824144112042,1,311.230010986328,-0.00730000017210841,0,114.598503112793,-93.9537,26.0498,13.9084468515461,51,51,51,51,51,51,0,8039,1.18613289235474,26,-94,0.0073,51,2025-05-22 23:25:29.002504,1.0543,1.13
"2904010",1,0,1,-0.0073,1,-0.0073,1,120.429825730553,1,321.149993896484,-0.00730000017210841,0,114.224502563477,-93.9537,26.0498,13.9084468515461,51,51,51,51,51,51,0,8039,1.18613289235474,26,-94,0.0073,51,2025-05-22 23:25:29.002504,1.0543,1.13
"2904010",1,0,1,-0.0073,1,-0.0073,1,119.758114611549,1,331.179992675781,-0.00730000017210841,0,113.58740234375,-93.9537,26.0498,13.9084468515461,51,51,51,51,51,51,0,8039,1.18613289235474,26,-94,0.0073,51,2025-05-22 23:25:29.002504,1.0543,1.13
"2904010",1,0,1,-0.0073,1,-0.0073,1,117.009694337196,1,341.299987792969,-0.00730000017210841,0,110.980598449707,-93.9537,26.0498,13.9084468515461,51,51,51,51,51,51,0,8039,1.18613289235474,26,-94,0.0073,51,2025-05-22 23:25:29.002504,1.0543,1.13
"2904010",1,0,1,0,1,0,1,117.328207320445,1,351.440002441406,0,0,111.282699584961,-93.9537,26.0498,13.9084468515461,51,51,51,51,51,51,0,8039,1.18613289235474,26,-94,0.0073,51,2025-05-22 23:25:29.002504,1.0543,1.13
"2904010",1,0,1,-0.0073,1,-0.0073,1,117.952998565941,1,361.440002441406,-0.00730000017210841,0,111.875297546387,-93.9537,26.0498,13.9084468515461,51,51,51,51,51,51,0,8039,1.18613289235474,26,-94,0.0073,51,2025-05-22 23:25:29.002504,1.0543,1.13
"2904010",1,0,1,-0.0073,1,-0.0073,1,119.423256491497,1,381.790008544922,-0.00730000017210841,0,113.269798278809,-93.9537,26.0498,13.9084468515461,51,51,51,51,51,51,0,8039,1.18613289235474,26,-94,0.0073,51,2025-05-22 23:25:29.002504,1.0543,1.13
"2904010",1,0,1,-0.0073,1,-0.0073,1,116.878434523052,1,401.559997558594,-0.00730000017210841,0,110.856101989746,-93.9537,26.0498,13.9084468515461,51,51,51,51,51,51,0,8039,1.18613289235474,26,-94,0.0073,51,2025-05-22 23:25:29.002504,1.0543,1.13
"2904010",1,0,1,0,1,0,1,120.187118145544,1,451.850006103516,0,0,113.994300842285,-93.9537,26.0498,13.9084468515461,51,51,51,51,51,51,0,8039,1.18613289235474,26,-94,0.0073,51,2025-05-22 23:25:29.002504,1.0543,1.13
"2904010",1,0,1,0,1,0,1,116.882231228057,1,500.899993896484,0,0,110.859703063965,-93.9537,26.0498,13.9084468515461,51,51,51,51,51,51,0,8039,1.18613289235474,26,-94,0.0073,51,2025-05-22 23:25:29.002504,1.0543,1.13
"2904010",1,0,1,0,1,0,1,118.466454654704,1,551.27001953125,0,0,112.362297058105,-93.9537,26.0498,13.9084468515461,51,51,51,51,51,51,0,8039,1.18613289235474,26,-94,0.0073,51,2025-05-22 23:25:29.002504,1.0543,1.13
"2904010",1,0,1,0,1,0,1,121.72854015835,1,601.539978027344,0,0,115.456298828125,-93.9537,26.0498,13.9084468515461,51,51,51,51,51,51,0,8039,1.18613289235474,26,-94,0.0073,51,2025-05-22 23:25:29.002504,1.0543,1.13
"2904010",1,0,1,0,1,0,1,127.416736248094,1,651.369995117188,0,0,120.851402282715,-93.9537,26.0498,13.9084468515461,51,51,51,51,51,51,0,8039,1.18613289235474,26,-94,0.0073,51,2025-05-22 23:25:29.002504,1.0543,1.13
"2904010",1,0,1,0.0073,1,0.0073,1,136.686254772722,1,699.169982910156,0.00730000017210841,0,129.643295288086,-93.9537,26.0498,13.9084468515461,51,51,51,51,51,51,0,8039,1.18613289235474,26,-94,0.0073,51,2025-05-22 23:25:29.002504,1.0543,1.13
"2904010",1,0,1,0,1,0,1,144.058104523372,1,750.859985351562,0,0,136.635299682617,-93.9537,26.0498,13.9084468515461,51,51,51,51,51,51,0,8039,1.18613289235474,26,-94,0.0073,51,2025-05-22 23:25:29.002504,1.0543,1.13
"2904010",1,0,1,0,1,0,1,151.200527112665,1,800.840026855469,0,0,143.409698486328,-93.9537,26.0498,13.9084468515461,51,51,51,51,51,51,0,8039,1.18613289235474,26,-94,0.0073,51,2025-05-22 23:25:29.002504,1.0543,1.13
"2904010",1,0,1,0,1,0,1,155.720842263829,1,851.390014648438,0,0,147.69709777832,-93.9537,26.0498,13.9084468515461,51,51,51,51,51,51,0,8039,1.18613289235474,26,-94,0.0073,51,2025-05-22 23:25:29.002504,1.0543,1.13
"2904010",1,0,1,0,1,0,1,161.618315629256,1,901.609985351562,0,0,153.29069519043,-93.9537,26.0498,13.9084468515461,51,51,51,51,51,51,0,8039,1.18613289235474,26,-94,0.0073,51,2025-05-22 23:25:29.002504,1.0543,1.13
"2904010",1,0,1,0.0073,1,0.0073,1,172.561481244817,1,951.739990234375,0.00730000017210841,0,163.669998168945,-93.9537,26.0498,13.9084468515461,51,51,51,51,51,51,0,8039,1.18613289235474,26,-94,0.0073,51,2025-05-22 23:25:29.002504,1.0543,1.13
"2904010",1,0,1,0.0073,1,0.0073,1,180.25141765379,1,999.539978027344,0.00730000017210841,0,170.96369934082,-93.9537,26.0498,13.9084468515461,51,51,51,51,51,51,0,8039,1.18613289235474,26,-94,0.0073,51,2025-05-22 23:25:29.002504,1.0543,1.13
"2904010",1,0,1,0.0073,1,0.0073,1,190.917504242632,1,1099.7900390625,0.00730000017210841,0,181.080200195312,-93.9537,26.0498,13.9084468515461,51,51,51,51,51,51,0,8039,1.18613289235474,26,-94,0.0073,51,2025-05-22 23:25:29.002504,1.0543,1.13
"2904010",1,0,1,0.0073,1,0.0073,1,200.25091519916,1,1199.91003417969,0.00730000017210841,0,189.932693481445,-93.9537,26.0498,13.9084468515461,51,51,51,51,51,51,0,8039,1.18613289235474,26,-94,0.0073,51,2025-05-22 23:25:29.002504,1.0543,1.13
"2904010",1,0,1,0,1,0,1,206.698540772489,1,1300.18994140625,0,0,196.048095703125,-93.9537,26.0498,13.9084468515461,51,51,51,51,51,51,0,8039,1.18613289235474,26,-94,0.0073,51,2025-05-22 23:25:29.002504,1.0543,1.13
"2904010",1,0,1,0,1,0,1,211.156129852401,4,1399.7099609375,0,0,200.276000976562,-93.9537,26.0498,13.9084468515461,51,51,51,51,51,51,0,8039,1.18613289235474,26,-94,0.0073,51,2025-05-22 23:25:29.002504,1.0543,1.13
"2904010",2,0.0123089074538821,5,0.0146,1,0.0146,1,201.050513199879,1,7.8899998664856,0.0146000003442168,0.0219000000506639,190.687896728516,-94.0384,26.035,11.3950742709002,51,51,51,51,51,51,0.0146,8039,1.18613289235474,26,-94,0.0073,51,2025-05-23 12:25:12.001324,1.0543,1.13
"2904010",2,0.00615445372694104,1,0.0073,1,0.0073,1,201.545219278775,1,11.4700002670288,0.00730000017210841,0.0146000003442168,191.157104492188,-94.0384,26.035,11.3950742709002,51,51,51,51,51,51,0.0073,8039,1.18613289235474,26,-94,0.0073,51,2025-05-23 12:25:12.001324,1.0543,1.13
"2904010",2,0.0123089074538821,1,0.0146,1,0.0146,1,203.122728370359,1,16.6000003814697,0.0146000003442168,0.0219000000506639,192.653305053711,-94.0384,26.035,11.3950742709002,51,51,51,51,51,51,0.0146,8039,1.18613289235474,26,-94,0.0073,51,2025-05-23 12:25:12.001324,1.0543,1.13
"2904010",2,0.0184633611808231,1,0.0219,1,0.0219,1,204.370546025363,1,21.4599990844727,0.0219000000506639,0.0292000006884336,193.836807250977,-94.0384,26.035,11.3950742709002,51,51,51,51,51,51,0.0219,8039,1.18613289235474,26,-94,0.0073,51,2025-05-23 12:25:12.001324,1.0543,1.13
"2904010",2,0.0246178149077642,1,0.0292,1,0.0292,1,206.077096985527,1,26.7000007629395,0.0292000006884336,0.0364999994635582,195.45539855957,-94.0384,26.035,11.3950742709002,51,51,51,51,51,51,0.0292,8039,1.18613289235474,26,-94,0.0073,51,2025-05-23 12:25:12.001324,1.0543,1.13
"2904010",2,0.0307722686347052,1,0.0365,1,0.0365,1,206.707698422096,1,31.8799991607666,0.0364999994635582,0.0438000001013279,196.053497314453,-94.0384,26.035,11.3950742709002,51,51,51,51,51,51,0.0365,8039,1.18613289235474,26,-94,0.0073,51,2025-05-23 12:25:12.001324,1.0543,1.13
"2904010",2,0.0246178149077642,4,0.0292,1,0.0292,1,207.036134994476,1,36.7799987792969,0.0292000006884336,0.0364999994635582,196.365005493164,-94.0384,26.035,11.3950742709002,51,51,51,51,51,51,0.0292,8039,1.18613289235474,26,-94,0.0073,51,2025-05-23 12:25:12.001324,1.0543,1.13
"2904010",2,0.0369267223616462,1,0.0438,1,0.0438,1,207.763312710447,1,41.6300010681152,0.0438000001013279,0.0511000007390976,197.054702758789,-94.0384,26.035,11.3950742709002,51,51,51,51,51,51,0.0438,8039,1.18613289235474,26,-94,0.0073,51,2025-05-23 12:25:12.001324,1.0543,1.13
"2904010",2,0.0615445372694104,1,0.073,1,0.073,1,210.986753168527,1,46.9599990844727,0.0729999989271164,0.0803000032901764,200.111999511719,-94.0384,26.035,11.3950742709002,51,51,51,51,51,51,0.073,8039,1.18613289235474,26,-94,0.0073,51,2025-05-23 12:25:12.001324,1.0543,1.13
"2904010",2,0.0800078984502335,1,0.0949,1,0.0949,1,209.562755797426,1,51.5,0.0948999971151352,0.102200001478195,198.76139831543,-94.0384,26.035,11.3950742709002,51,51,51,51,51,51,0.0949,8039,1.18613289235474,26,-94,0.0073,51,2025-05-23 12:25:12.001324,1.0543,1.13
"2904010",2,0.0861623521771745,1,0.1022,1,0.1022,1,210.361846884866,1,56.7599983215332,0.102200001478195,0.109499998390675,199.519302368164,-94.0384,26.035,11.3950742709002,51,51,51,51,51,51,0.1022,8039,1.18613289235474,26,-94,0.0073,51,2025-05-23 12:25:12.001324,1.0543,1.13
"2904010",2,0.0923168059041156,1,0.1095,1,0.1095,1,211.510449828047,1,61.6500015258789,0.109499998390675,0.116800002753735,200.608703613281,-94.0384,26.035,11.3950742709002,51,51,51,51,51,51,0.1095,8039,1.18613289235474,26,-94,0.0073,51,2025-05-23 12:25:12.001324,1.0543,1.13
"2904010",2,0.110780167084939,1,0.1314,1,0.1314,1,209.798396771006,1,66.8899993896484,0.131400004029274,0.138699993491173,198.984893798828,-94.0384,26.035,11.3950742709002,51,51,51,51,51,51,0.1314,8039,1.18613289235474,26,-94,0.0073,51,2025-05-23 12:25:12.001324,1.0543,1.13
"2904010",2,0.153861343173526,1,0.1825,1,0.1825,1,205.292774684442,1,71.7600021362305,0.182500004768372,0.18979999423027,194.711502075195,-94.0384,26.035,11.3950742709002,51,51,51,51,51,51,0.1825,8039,1.18613289235474,26,-94,0.0073,51,2025-05-23 12:25:12.001324,1.0543,1.13
"2904010",2,0.184633611808231,1,0.219,1,0.219,1,201.11008707338,1,76.5699996948242,0.218999996781349,0.226300001144409,190.744400024414,-94.0384,26.035,11.3950742709002,51,51,51,51,51,51,0.219,8039,1.18613289235474,26,-94,0.0073,51,2025-05-23 12:25:12.001324,1.0543,1.13
"2904010",2,0.172324704354349,4,0.2044,1,0.2044,1,202.520377466295,1,81.8899993896484,0.20440000295639,0.21170000731945,192.082000732422,-94.0384,26.035,11.3950742709002,51,51,51,51,51,51,0.2044,8039,1.18613289235474,26,-94,0.0073,51,2025-05-23 12:25:12.001324,1.0543,1.13
"2904010",2,0.233869241623759,1,0.2774,1,0.2774,1,202.395019750303,1,86.6100006103516,0.277399986982346,0.284700006246567,191.963104248047,-94.0384,26.035,11.3950742709002,51,51,51,51,51,51,0.2774,8039,1.18613289235474,26,-94,0.0073,51,2025-05-23 12:25:12.001324,1.0543,1.13
"2904010",2,0.350803862435639,1,0.4161,1,0.4161,1,200.748654007738,1,91.6999969482422,0.41609999537468,0.423400014638901,190.401596069336,-94.0384,26.035,11.3950742709002,51,51,51,51,51,51,0.4161,8039,1.18613289235474,26,-94,0.0073,51,2025-05-23 12:25:12.001324,1.0543,1.13
"2904010",2,0.461584029520578,1,0.5475,1,0.5475,1,201.188741317924,1,96.6699981689453,0.547500014305115,0.554799973964691,190.819000244141,-94.0384,26.035,11.3950742709002,51,51,51,51,51,51,0.5475,8039,1.18613289235474,26,-94,0.0073,51,2025-05-23 12:25:12.001324,1.0543,1.13
"2904010",2,0.393885038524226,1,0.4672,1,0.4672,1,203.131689387788,1,101.559997558594,0.467200011014938,0.474500000476837,192.661804199219,-94.0384,26.035,11.3950742709002,51,51,51,51,51,51,0.4672,8039,1.18613289235474,26,-94,0.0073,51,2025-05-23 12:25:12.001324,1.0543,1.13
"2904010",2,0.393885038524226,1,0.4672,1,0.4672,1,199.753047968957,1,111.910003662109,0.467200011014938,0.474500000476837,189.457305908203,-94.0384,26.035,11.3950742709002,51,51,51,51,51,51,0.4672,8039,1.18613289235474,26,-94,0.0073,51,2025-05-23 12:25:12.001324,1.0543,1.13
"2904010",2,0.332340501254816,1,0.3942,1,0.3942,1,199.621351579954,1,121.839996337891,0.394199997186661,0.40149998664856,189.332397460938,-94.0384,26.035,11.3950742709002,51,51,51,51,51,51,0.3942,8039,1.18613289235474,26,-94,0.0073,51,2025-05-23 12:25:12.001324,1.0543,1.13
"2904010",2,0.246178149077642,1,0.292,1,0.292,1,192.545027563409,1,131.479995727539,0.291999995708466,0.299299985170364,182.620803833008,-94.0384,26.035,11.3950742709002,51,51,51,51,51,51,0.292,8039,1.18613289235474,26,-94,0.0073,51,2025-05-23 12:25:12.001324,1.0543,1.13
"2904010",2,0.184633611808231,1,0.219,1,0.219,1,178.127924944145,1,141.179992675781,0.218999996781349,0.226300001144409,168.946792602539,-94.0384,26.035,11.3950742709002,51,51,51,51,51,51,0.219,8039,1.18613289235474,26,-94,0.0073,51,2025-05-23 12:25:12.001324,1.0543,1.13
"2904010",2,0.135397981992703,1,0.1606,1,0.1606,1,154.970870139019,1,151.820007324219,0.160600006580353,0.167899996042252,146.983306884766,-94.0384,26.035,11.3950742709002,51,51,51,51,51,51,0.1606,8039,1.18613289235474,26,-94,0.0073,51,2025-05-23 12:25:12.001324,1.0543,1.13
"2904010",2,0.129243528265762,1,0.1533,1,0.1533,1,144.436494322978,1,161.410003662109,0.153300002217293,0.160600006580353,136.991897583008,-94.0384,26.035,11.3950742709002,51,51,51,51,51,51,0.1533,8039,1.18613289235474,26,-94,0.0073,51,2025-05-23 12:25:12.001324,1.0543,1.13
"2904010",2,0.110780167084939,1,0.1314,1,0.1314,1,140.557033384275,1,171.100006103516,0.131400004029274,0.138699993491173,133.312393188477,-94.0384,26.035,11.3950742709002,51,51,51,51,51,51,0.1314,8039,1.18613289235474,26,-94,0.0073,51,2025-05-23 12:25:12.001324,1.0543,1.13
"2904010",2,0.0923168059041156,1,0.1095,1,0.1095,1,135.915934228105,1,181.779998779297,0.109499998390675,0.116800002753735,128.910507202148,-94.0384,26.035,11.3950742709002,51,51,51,51,51,51,0.1095,8039,1.18613289235474,26,-94,0.0073,51,2025-05-23 12:25:12.001324,1.0543,1.13
"2904010",2,0.0615445372694104,1,0.073,1,0.073,1,135.894424568675,1,190.970001220703,0.0729999989271164,0.0803000032901764,128.890106201172,-94.0384,26.035,11.3950742709002,51,51,51,51,51,51,0.073,8039,1.18613289235474,26,-94,0.0073,51,2025-05-23 12:25:12.001324,1.0543,1.13
"2904010",2,0.0369267223616462,1,0.0438,1,0.0438,1,133.757366703853,1,201.149993896484,0.0438000001013279,0.0511000007390976,126.86319732666,-94.0384,26.035,11.3950742709002,51,51,51,51,51,51,0.0438,8039,1.18613289235474,26,-94,0.0073,51,2025-05-23 12:25:12.001324,1.0543,1.13
"2904010",2,0.0369267223616462,1,0.0438,1,0.0438,1,133.812620948665,1,211.119995117188,0.0438000001013279,0.0511000007390976,126.915603637695,-94.0384,26.035,11.3950742709002,51,51,51,51,51,51,0.0438,8039,1.18613289235474,26,-94,0.0073,51,2025-05-23 12:25:12.001324,1.0543,1.13
"2904010",2,0.0123089074538821,1,0.0146,1,0.0146,1,136.105820922388,1,221.710006713867,0.0146000003442168,0.0219000000506639,129.090606689453,-94.0384,26.035,11.3950742709002,51,51,51,51,51,51,0.0146,8039,1.18613289235474,26,-94,0.0073,51,2025-05-23 12:25:12.001324,1.0543,1.13
"2904010",2,0,1,0,1,0,1,134.721987249692,1,231.410003662109,0,0.00730000017210841,127.778099060059,-94.0384,26.035,11.3950742709002,51,51,51,51,51,51,0,8039,1.18613289235474,26,-94,0.0073,51,2025-05-23 12:25:12.001324,1.0543,1.13
"2904010",2,0,1,0,1,0,1,133.865542433105,1,241.080001831055,0,0.00730000017210841,126.965797424316,-94.0384,26.035,11.3950742709002,51,51,51,51,51,51,0,8039,1.18613289235474,26,-94,0.0073,51,2025-05-23 12:25:12.001324,1.0543,1.13
"2904010",2,0,1,-0.0073,1,-0.0073,1,134.422452773922,1,251.669998168945,-0.00730000017210841,0,127.494003295898,-94.0384,26.035,11.3950742709002,51,51,51,51,51,51,0,8039,1.18613289235474,26,-94,0.0073,51,2025-05-23 12:25:12.001324,1.0543,1.13
"2904010",2,0,1,-0.0073,1,-0.0073,1,134.449971302311,1,261.350006103516,-0.00730000017210841,0,127.52010345459,-94.0384,26.035,11.3950742709002,51,51,51,51,51,51,0,8039,1.18613289235474,26,-94,0.0073,51,2025-05-23 12:25:12.001324,1.0543,1.13
"2904010",2,0,1,-0.0073,1,-0.0073,1,132.641559153902,1,271.010009765625,-0.00730000017210841,0,125.804901123047,-94.0384,26.035,11.3950742709002,51,51,51,51,51,51,0,8039,1.18613289235474,26,-94,0.0073,51,2025-05-23 12:25:12.001324,1.0543,1.13
"2904010",2,0,1,-0.0073,1,-0.0073,1,126.749674106254,1,281.779998779297,-0.00730000017210841,0,120.216697692871,-94.0384,26.035,11.3950742709002,51,51,51,51,51,51,0,8039,1.18613289235474,26,-94,0.0073,51,2025-05-23 12:25:12.001324,1.0543,1.13
"2904010",2,0,1,-0.0073,1,-0.0073,1,124.107911468941,1,290.880004882812,-0.00730000017210841,0,117.711097717285,-94.0384,26.035,11.3950742709002,51,51,51,51,51,51,0,8039,1.18613289235474,26,-94,0.0073,51,2025-05-23 12:25:12.001324,1.0543,1.13
"2904010",2,0,1,-0.0073,1,-0.0073,1,120.620676032791,1,301.260009765625,-0.00730000017210841,0,114.403602600098,-94.0384,26.035,11.3950742709002,51,51,51,51,51,51,0,8039,1.18613289235474,26,-94,0.0073,51,2025-05-23 12:25:12.001324,1.0543,1.13
"2904010",2,0,1,-0.0073,1,-0.0073,1,120.543284696449,1,311.880004882812,-0.00730000017210841,0,114.330200195312,-94.0384,26.035,11.3950742709002,51,51,51,51,51,51,0,8039,1.18613289235474,26,-94,0.0073,51,2025-05-23 12:25:12.001324,1.0543,1.13
"2904010",2,0,1,-0.0073,1,-0.0073,1,119.581720871097,1,321.720001220703,-0.00730000017210841,0,113.418197631836,-94.0384,26.035,11.3950742709002,51,51,51,51,51,51,0,8039,1.18613289235474,26,-94,0.0073,51,2025-05-23 12:25:12.001324,1.0543,1.13
"2904010",2,0,1,-0.0073,1,-0.0073,1,118.998989286162,1,331.720001220703,-0.00730000017210841,0,112.865501403809,-94.0384,26.035,11.3950742709002,51,51,51,51,51,51,0,8039,1.18613289235474,26,-94,0.0073,51,2025-05-23 12:25:12.001324,1.0543,1.13
"2904010",2,0,1,-0.0073,1,-0.0073,1,119.344921561332,1,341.820007324219,-0.00730000017210841,0,113.193603515625,-94.0384,26.035,11.3950742709002,51,51,51,51,51,51,0,8039,1.18613289235474,26,-94,0.0073,51,2025-05-23 12:25:12.001324,1.0543,1.13
"2904010",2,0,1,0,1,0,1,118.5157861291,1,351.480010986328,0,0,112.407203674316,-94.0384,26.035,11.3950742709002,51,51,51,51,51,51,0,8039,1.18613289235474,26,-94,0.0073,51,2025-05-23 12:25:12.001324,1.0543,1.13
"2904010",2,0,1,0,1,0,1,118.265899229247,1,361.369995117188,0,0,112.170196533203,-94.0384,26.035,11.3950742709002,51,51,51,51,51,51,0,8039,1.18613289235474,26,-94,0.0073,51,2025-05-23 12:25:12.001324,1.0543,1.13
"2904010",2,0,4,-0.0073,1,-0.0073,1,119.123293237986,1,381.859985351562,-0.00730000017210841,0,112.9833984375,-94.0384,26.035,11.3950742709002,51,51,51,51,51,51,0,8039,1.18613289235474,26,-94,0.0073,51,2025-05-23 12:25:12.001324,1.0543,1.13
"2904010",2,0,4,-0.0073,1,-0.0073,1,118.131789639859,1,401.25,-0.00730000017210841,0,112.042999267578,-94.0384,26.035,11.3950742709002,51,51,51,51,51,51,0,8039,1.18613289235474,26,-94,0.0073,51,2025-05-23 12:25:12.001324,1.0543,1.13
"2904010",2,0,1,0,1,0,1,114.117060775583,1,451.799987792969,0,0,108.235198974609,-94.0384,26.035,11.3950742709002,51,51,51,51,51,51,0,8039,1.18613289235474,26,-94,0.0073,51,2025-05-23 12:25:12.001324,1.0543,1.13
"2904010",2,0,1,0,1,0,1,114.095760260186,1,501.529998779297,0,0,108.214996337891,-94.0384,26.035,11.3950742709002,51,51,51,51,51,51,0,8039,1.18613289235474,26,-94,0.0073,51,2025-05-23 12:25:12.001324,1.0543,1.13
"2904010",2,0,1,0.0073,1,0.0073,1,118.644305137596,1,551.210021972656,0.00730000017210841,0,112.529098510742,-94.0384,26.035,11.3950742709002,51,51,51,51,51,51,0,8039,1.18613289235474,26,-94,0.0073,51,2025-05-23 12:25:12.001324,1.0543,1.13
"2904010",2,0,1,0,1,0,1,120.697850181099,1,600.880004882812,0,0,114.47679901123,-94.0384,26.035,11.3950742709002,51,51,51,51,51,51,0,8039,1.18613289235474,26,-94,0.0073,51,2025-05-23 12:25:12.001324,1.0543,1.13
"2904010",2,0,1,0,1,0,1,129.212304878999,1,651.630004882812,0,0,122.552398681641,-94.0384,26.035,11.3950742709002,51,51,51,51,51,51,0,8039,1.18613289235474,26,-94,0.0073,51,2025-05-23 12:25:12.001324,1.0543,1.13
"2904010",2,0,1,0,1,0,1,136.698036384836,1,701.659973144531,0,0,129.652297973633,-94.0384,26.035,11.3950742709002,51,51,51,51,51,51,0,8039,1.18613289235474,26,-94,0.0073,51,2025-05-23 12:25:12.001324,1.0543,1.13
"2904010",2,0,1,0,1,0,1,144.483728698511,1,751.890014648438,0,0,137.036697387695,-94.0384,26.035,11.3950742709002,51,51,51,51,51,51,0,8039,1.18613289235474,26,-94,0.0073,51,2025-05-23 12:25:12.001324,1.0543,1.13
"2904010",2,0,1,0,1,0,1,150.269231829193,1,801.52001953125,0,0,142.524002075195,-94.0384,26.035,11.3950742709002,51,51,51,51,51,51,0,8039,1.18613289235474,26,-94,0.0073,51,2025-05-23 12:25:12.001324,1.0543,1.13
"2904010",2,0,1,0,1,0,1,156.992568981443,1,850.929992675781,0,0,148.900802612305,-94.0384,26.035,11.3950742709002,51,51,51,51,51,51,0,8039,1.18613289235474,26,-94,0.0073,51,2025-05-23 12:25:12.001324,1.0543,1.13
"2904010",2,0,1,0,1,0,1,163.579898160001,1,901.809997558594,0,0,155.14860534668,-94.0384,26.035,11.3950742709002,51,51,51,51,51,51,0,8039,1.18613289235474,26,-94,0.0073,51,2025-05-23 12:25:12.001324,1.0543,1.13
"2904010",2,0,1,0,1,0,1,170.635774325284,1,949.820007324219,0,0,161.840805053711,-94.0384,26.035,11.3950742709002,51,51,51,51,51,51,0,8039,1.18613289235474,26,-94,0.0073,51,2025-05-23 12:25:12.001324,1.0543,1.13
"2904010",2,0,1,0,1,0,1,177.639251866211,1,1000.16998291016,0,0,168.483306884766,-94.0384,26.035,11.3950742709002,51,51,51,51,51,51,0,8039,1.18613289235474,26,-94,0.0073,51,2025-05-23 12:25:12.001324,1.0543,1.13
"2904010",2,0,1,0,1,0,1,191.983379305837,1,1099.85998535156,0,0,182.088104248047,-94.0384,26.035,11.3950742709002,51,51,51,51,51,51,0,8039,1.18613289235474,26,-94,0.0073,51,2025-05-23 12:25:12.001324,1.0543,1.13
"2904010",2,0,1,0,1,0,1,200.004712593093,1,1199.78002929688,0,0,189.695999145508,-94.0384,26.035,11.3950742709002,51,51,51,51,51,51,0,8039,1.18613289235474,26,-94,0.0073,51,2025-05-23 12:25:12.001324,1.0543,1.13
"2904010",2,0,1,0,1,0,1,205.768384304293,1,1299.25,0,0,195.16259765625,-94.0384,26.035,11.3950742709002,51,51,51,51,51,51,0,8039,1.18613289235474,26,-94,0.0073,51,2025-05-23 12:25:12.001324,1.0543,1.13
"2904010",2,0,1,0.0073,1,0.0073,1,209.089784609995,4,1399.63000488281,0.00730000017210841,0,198.312805175781,-94.0384,26.035,11.3950742709002,51,51,51,51,51,51,0,8039,1.18613289235474,26,-94,0.0073,51,2025-05-23 12:25:12.001324,1.0543,1.13
"2904010",3,0.0123089074538821,1,0.0146,1,0.0146,1,200.886974460065,1,7.25,0.0146000003442168,0.0219000000506639,190.529602050781,-94.1292,26.0087,9.93473096963855,51,51,51,51,51,51,0.0146,8039,1.18613289235474,26,-94,0.0073,51,2025-05-24 01:23:20.000141,1.0543,1.13
"2904010",3,0.0184633611808231,1,0.0219,1,0.0219,1,201.596869440491,1,11.7700004577637,0.0219000000506639,0.0292000006884336,191.202896118164,-94.1292,26.0087,9.93473096963855,51,51,51,51,51,51,0.0219,8039,1.18613289235474,26,-94,0.0073,51,2025-05-24 01:23:20.000141,1.0543,1.13
"2904010",3,0.0123089074538821,1,0.0146,1,0.0146,1,202.539159502895,1,16.3799991607666,0.0146000003442168,0.0219000000506639,192.096603393555,-94.1292,26.0087,9.93473096963855,51,51,51,51,51,51,0.0146,8039,1.18613289235474,26,-94,0.0073,51,2025-05-24 01:23:20.000141,1.0543,1.13
"2904010",3,0.0184633611808231,1,0.0219,1,0.0219,1,203.806078707849,1,21.2099990844727,0.0219000000506639,0.0292000006884336,193.298202514648,-94.1292,26.0087,9.93473096963855,51,51,51,51,51,51,0.0219,8039,1.18613289235474,26,-94,0.0073,51,2025-05-24 01:23:20.000141,1.0543,1.13
"2904010",3,0.0123089074538821,1,0.0146,1,0.0146,1,204.635960017204,1,26.5100002288818,0.0146000003442168,0.0219000000506639,194.085296630859,-94.1292,26.0087,9.93473096963855,51,51,51,51,51,51,0.0146,8039,1.18613289235474,26,-94,0.0073,51,2025-05-24 01:23:20.000141,1.0543,1.13
"2904010",3,0.0246178149077642,1,0.0292,1,0.0292,1,206.248825324461,1,31.7000007629395,0.0292000006884336,0.0364999994635582,195.615005493164,-94.1292,26.0087,9.93473096963855,51,51,51,51,51,51,0.0292,8039,1.18613289235474,26,-94,0.0073,51,2025-05-24 01:23:20.000141,1.0543,1.13
"2904010",3,0.0430811760885873,1,0.0511,1,0.0511,1,206.917502153276,1,36.8199996948242,0.0511000007390976,0.0584000013768673,196.249206542969,-94.1292,26.0087,9.93473096963855,51,51,51,51,51,51,0.0511,8039,1.18613289235474,26,-94,0.0073,51,2025-05-24 01:23:20.000141,1.0543,1.13
"2904010",3,0.0430811760885873,1,0.0511,1,0.0511,1,207.564138050121,1,41.5499992370605,0.0511000007390976,0.0584000013768673,196.862503051758,-94.1292,26.0087,9.93473096963855,51,51,51,51,51,51,0.0511,8039,1.18613289235474,26,-94,0.0073,51,2025-05-24 01:23:20.000141,1.0543,1.13
"2904010",3,0.0615445372694104,1,0.073,1,0.073,1,208.822305235373,1,46.939998626709,0.0729999989271164,0.0803000032901764,198.055801391602,-94.1292,26.0087,9.93473096963855,51,51,51,51,51,51,0.073,8039,1.18613289235474,26,-94,0.0073,51,2025-05-24 01:23:20.000141,1.0543,1.13
"2904010",3,0.0800078984502335,1,0.0949,1,0.0949,1,210.748521806851,1,51.8400001525879,0.0948999971151352,0.102200001478195,199.882705688477,-94.1292,26.0087,9.93473096963855,51,51,51,51,51,51,0.0949,8039,1.18613289235474,26,-94,0.0073,51,2025-05-24 01:23:20.000141,1.0543,1.13
"2904010",3,0.0923168059041156,1,0.1095,1,0.1095,1,212.578257014077,1,56.7299995422363,0.109499998390675,0.116800002753735,201.618103027344,-94.1292,26.0087,9.93473096963855,51,51,51,51,51,51,0.1095,8039,1.18613289235474,26,-94,0.0073,51,2025-05-24 01:23:20.000141,1.0543,1.13
"2904010",3,0.0800078984502335,4,0.0949,1,0.0949,1,211.514082206705,1,61.5800018310547,0.0948999971151352,0.102200001478195,200.608795166016,-94.1292,26.0087,9.93473096963855,51,51,51,51,51,51,0.0949,8039,1.18613289235474,26,-94,0.0073,51,2025-05-24 01:23:20.000141,1.0543,1.13
"2904010",3,0.11693462081188,1,0.1387,1,0.1387,1,209.632784089286,1,66.8000030517578,0.138699993491173,0.145999997854233,198.824493408203,-94.1292,26.0087,9.93473096963855,51,51,51,51,51,51,0.1387,8039,1.18613289235474,26,-94,0.0073,51,2025-05-24 01:23:20.000141,1.0543,1.13
"2904010",3,0.110780167084939,1,0.1314,1,0.1314,1,211.236157316351,1,71.629997253418,0.131400004029274,0.138699993491173,200.345199584961,-94.1292,26.0087,9.93473096963855,51,51,51,51,51,51,0.1314,8039,1.18613289235474,26,-94,0.0073,51,2025-05-24 01:23:20.000141,1.0543,1.13
"2904010",3,0.129243528265762,1,0.1533,1,0.1533,1,212.37834415228,1,76.7300033569336,0.153300002217293,0.160600006580353,201.428497314453,-94.1292,26.0087,9.93473096963855,51,51,51,51,51,51,0.1533,8039,1.18613289235474,26,-94,0.0073,51,2025-05-24 01:23:20.000141,1.0543,1.13
"2904010",3,0.129243528265762,1,0.1533,1,0.1533,1,211.093920907922,1,81.8899993896484,0.153300002217293,0.160600006580353,200.210296630859,-94.1292,26.0087,9.93473096963855,51,51,51,51,51,51,0.1533,8039,1.18613289235474,26,-94,0.0073,51,2025-05-24 01:23:20.000141,1.0543,1.13
"2904010",3,0.147706889446585,1,0.1752,1,0.1752,1,210.532585026629,1,86.5999984741211,0.175200000405312,0.182500004768372,199.67790222168,-94.1292,26.0087,9.93473096963855,51,51,51,51,51,51,0.1752,8039,1.18613289235474,26,-94,0.0073,51,2025-05-24 01:23:20.000141,1.0543,1.13
"2904010",3,0.166170250627408,1,0.1971,1,0.1971,1,209.225702555241,1,91.7300033569336,0.19709999859333,0.20440000295639,198.438400268555,-94.1292,26.0087,9.93473096963855,51,51,51,51,51,51,0.1971,8039,1.18613289235474,26,-94,0.0073,51,2025-05-24 01:23:20.000141,1.0543,1.13
"2904010",3,0.209251426715995,1,0.2482,1,0.2482,1,206.539604743752,1,96.6399993896484,0.248199999332428,0.255499988794327,195.89079284668,-94.1292,26.0087,9.93473096963855,51,51,51,51,51,51,0.2482,8039,1.18613289235474,26,-94,0.0073,51,2025-05-24 01:23:20.000141,1.0543,1.13
"2904010",3,0.436966214612814,1,0.5183,1,0.5183,1,201.652856625349,1,101.800003051758,0.518299996852875,0.525600016117096,191.255996704102,-94.1292,26.0087,9.93473096963855,51,51,51,51,51,51,0.5183,8039,1.18613289235474,26,-94,0.0073,51,2025-05-24 01:23:20.000141,1.0543,1.13
"2904010",3,0.375421677343403,1,0.4453,1,0.4453,1,194.87216500812,1,111.690002441406,0.44530001282692,0.452600002288818,184.824905395508,-94.1292,26.0087,9.93473096963855,51,51,51,51,51,51,0.4453,8039,1.18613289235474,26,-94,0.0073,51,2025-05-24 01:23:20.000141,1.0543,1.13
"2904010",3,0.240023695350701,1,0.2847,1,0.2847,1,189.924571046862,1,121.709999084473,0.284700006246567,0.291999995708466,180.132400512695,-94.1292,26.0087,9.93473096963855,51,51,51,51,51,51,0.2847,8039,1.18613289235474,26,-94,0.0073,51,2025-05-24 01:23:20.000141,1.0543,1.13
"2904010",3,0.166170250627408,1,0.1971,1,0.1971,1,183.184775815814,1,131.75,0.19709999859333,0.20440000295639,173.740097045898,-94.1292,26.0087,9.93473096963855,51,51,51,51,51,51,0.1971,8039,1.18613289235474,26,-94,0.0073,51,2025-05-24 01:23:20.000141,1.0543,1.13
"2904010",3,0.147706889446585,1,0.1752,1,0.1752,1,170.578730231954,1,141.639999389648,0.175200000405312,0.182500004768372,161.783996582031,-94.1292,26.0087,9.93473096963855,51,51,51,51,51,51,0.1752,8039,1.18613289235474,26,-94,0.0073,51,2025-05-24 01:23:20.000141,1.0543,1.13
"2904010",3,0.0738534447232925,4,0.0876,1,0.0876,1,160.748603279429,1,151.369995117188,0.0876000002026558,0.0948999971151352,152.460693359375,-94.1292,26.0087,9.93473096963855,51,51,51,51,51,51,0.0876,8039,1.18613289235474,26,-94,0.0073,51,2025-05-24 01:23:20.000141,1.0543,1.13
"2904010",3,0.0676989909963514,1,0.0803,1,0.0803,1,147.327220183659,1,161.300003051758,0.0803000032901764,0.0876000002026558,139.731292724609,-94.1292,26.0087,9.93473096963855,51,51,51,51,51,51,0.0803,8039,1.18613289235474,26,-94,0.0073,51,2025-05-24 01:23:20.000141,1.0543,1.13
"2904010",3,0.104625713357998,1,0.1241,1,0.1241,1,141.092693207688,1,171.770004272461,0.124099999666214,0.131400004029274,133.818206787109,-94.1292,26.0087,9.93473096963855,51,51,51,51,51,51,0.1241,8039,1.18613289235474,26,-94,0.0073,51,2025-05-24 01:23:20.000141,1.0543,1.13
"2904010",3,0.0553900835424693,1,0.0657,1,0.0657,1,138.684423756923,1,181.399993896484,0.065700002014637,0.0729999989271164,131.534103393555,-94.1292,26.0087,9.93473096963855,51,51,51,51,51,51,0.0657,8039,1.18613289235474,26,-94,0.0073,51,2025-05-24 01:23:20.000141,1.0543,1.13
"2904010",3,0.0553900835424693,1,0.0657,1,0.0657,1,133.989455879068,1,191.259994506836,0.065700002014637,0.0729999989271164,127.081199645996,-94.1292,26.0087,9.93473096963855,51,51,51,51,51,51,0.0657,8039,1.18613289235474,26,-94,0.0073,51,2025-05-24 01:23:20.000141,1.0543,1.13
"2904010",3,0.0430811760885873,1,0.0511,1,0.0511,1,134.616166451646,1,201.460006713867,0.0511000007390976,0.0584000013768673,127.675598144531,-94.1292,26.0087,9.93473096963855,51,51,51,51,51,51,0.0511,8039,1.18613289235474,26,-94,0.0073,51,2025-05-24 01:23:20.000141,1.0543,1.13
"2904010",3,0.0246178149077642,1,0.0292,1,0.0292,1,135.364560665799,1,211.369995117188,0.0292000006884336,0.0364999994635582,128.385406494141,-94.1292,26.0087,9.93473096963855,51,51,51,51,51,51,0.0292,8039,1.18613289235474,26,-94,0.0073,51,2025-05-24 01:23:20.000141,1.0543,1.13
"2904010",3,0,1,0,1,0,1,135.618658826045,1,221.410003662109,0,0.00730000017210841,128.626403808594,-94.1292,26.0087,9.93473096963855,51,51,51,51,51,51,0,8039,1.18613289235474,26,-94,0.0073,51,2025-05-24 01:23:20.000141,1.0543,1.13
"2904010",3,0,1,0,1,0,1,132.143374987987,1,231.570007324219,0,0.00730000017210841,125.330299377441,-94.1292,26.0087,9.93473096963855,51,51,51,51,51,51,0,8039,1.18613289235474,26,-94,0.0073,51,2025-05-24 01:23:20.000141,1.0543,1.13
"2904010",3,-0.00615445372694104,1,-0.0073,1,-0.0073,1,128.598927670703,1,241.630004882812,-0.00730000017210841,0,121.968597412109,-94.1292,26.0087,9.93473096963855,51,51,51,51,51,51,-0.0073,8039,1.18613289235474,26,-94,0.0073,51,2025-05-24 01:23:20.000141,1.0543,1.13
"2904010",3,0,1,0,1,0,1,129.26117723505,1,250.990005493164,0,0,122.596702575684,-94.1292,26.0087,9.93473096963855,51,51,51,51,51,51,0,8039,1.18613289235474,26,-94,0.0073,51,2025-05-24 01:23:20.000141,1.0543,1.13
"2904010",3,0,1,-0.0073,1,-0.0073,1,129.569050442821,1,261.510009765625,-0.00730000017210841,0,122.888702392578,-94.1292,26.0087,9.93473096963855,51,51,51,51,51,51,0,8039,1.18613289235474,26,-94,0.0073,51,2025-05-24 01:23:20.000141,1.0543,1.13
"2904010",3,0,1,-0.0073,1,-0.0073,1,126.981436985387,1,271.869995117188,-0.00730000017210841,0,120.434501647949,-94.1292,26.0087,9.93473096963855,51,51,51,51,51,51,0,8039,1.18613289235474,26,-94,0.0073,51,2025-05-24 01:23:20.000141,1.0543,1.13
"2904010",3,0,1,-0.0073,1,-0.0073,1,127.631660566779,1,281.690002441406,-0.00730000017210841,0,121.051200866699,-94.1292,26.0087,9.93473096963855,51,51,51,51,51,51,0,8039,1.18613289235474,26,-94,0.0073,51,2025-05-24 01:23:20.000141,1.0543,1.13
"2904010",3,0,1,0,1,0,1,130.485494697042,1,291.820007324219,0,0,123.75789642334,-94.1292,26.0087,9.93473096963855,51,51,51,51,51,51,0,8039,1.18613289235474,26,-94,0.0073,51,2025-05-24 01:23:20.000141,1.0543,1.13
"2904010",3,0,1,-0.0073,1,-0.0073,1,132.43384873012,1,301.190002441406,-0.00730000017210841,0,125.605796813965,-94.1292,26.0087,9.93473096963855,51,51,51,51,51,51,0,8039,1.18613289235474,26,-94,0.0073,51,2025-05-24 01:23:20.000141,1.0543,1.13
"2904010",3,0,1,-0.0073,1,-0.0073,1,130.598740040209,1,310.880004882812,-0.00730000017210841,0,123.865303039551,-94.1292,26.0087,9.93473096963855,51,51,51,51,51,51,0,8039,1.18613289235474,26,-94,0.0073,51,2025-05-24 01:23:20.000141,1.0543,1.13
"2904010",3,0,1,0,1,0,1,127.324310227831,1,321.579986572266,0,0,120.759696960449,-94.1292,26.0087,9.93473096963855,51,51,51,51,51,51,0,8039,1.18613289235474,26,-94,0.0073,51,2025-05-24 01:23:20.000141,1.0543,1.13
"2904010",3,0,1,-0.0073,1,-0.0073,1,126.007099086134,1,329.380004882812,-0.00730000017210841,0,119.510398864746,-94.1292,26.0087,9.93473096963855,51,51,51,51,51,51,0,8039,1.18613289235474,26,-94,0.0073,51,2025-05-24 01:23:20.000141,1.0543,1.13
"2904010",3,0,1,-0.0073,1,-0.0073,1,124.204778293562,1,341.679992675781,-0.00730000017210841,0,117.801002502441,-94.1292,26.0087,9.93473096963855,51,51,51,51,51,51,0,8039,1.18613289235474,26,-94,0.0073,51,2025-05-24 01:23:20.000141,1.0543,1.13
"2904010",3,0,1,-0.0073,1,-0.0073,1,122.765786980662,1,351.799987792969,-0.00730000017210841,0,116.43620300293,-94.1292,26.0087,9.93473096963855,51,51,51,51,51,51,0,8039,1.18613289235474,26,-94,0.0073,51,2025-05-24 01:23:20.000141,1.0543,1.13
"2904010",3,0,1,-0.0073,1,-0.0073,1,120.079375447878,1,361.190002441406,-0.00730000017210841,0,113.888298034668,-94.1292,26.0087,9.93473096963855,51,51,51,51,51,51,0,8039,1.18613289235474,26,-94,0.0073,51,2025-05-24 01:23:20.000141,1.0543,1.13
"2904010",3,0,1,-0.0073,1,-0.0073,1,118.405575812273,1,381.760009765625,-0.00730000017210841,0,112.300796508789,-94.1292,26.0087,9.93473096963855,51,51,51,51,51,51,0,8039,1.18613289235474,26,-94,0.0073,51,2025-05-24 01:23:20.000141,1.0543,1.13
"2904010",3,0,1,0,1,0,1,114.868834777043,1,401.579986572266,0,0,108.946403503418,-94.1292,26.0087,9.93473096963855,51,51,51,51,51,51,0,8039,1.18613289235474,26,-94,0.0073,51,2025-05-24 01:23:20.000141,1.0543,1.13
"2904010",3,0,1,-0.0073,1,-0.0073,1,114.956660651222,1,451.730010986328,-0.00730000017210841,0,109.02970123291,-94.1292,26.0087,9.93473096963855,51,51,51,51,51,51,0,8039,1.18613289235474,26,-94,0.0073,51,2025-05-24 01:23:20.000141,1.0543,1.13
"2904010",3,0,1,0.0073,1,0.0073,1,113.317442755231,1,499.480010986328,0.00730000017210841,0,107.474998474121,-94.1292,26.0087,9.93473096963855,51,51,51,51,51,51,0,8039,1.18613289235474,26,-94,0.0073,51,2025-05-24 01:23:20.000141,1.0543,1.13
"2904010",3,0,1,0,1,0,1,116.2087142933,1,551.219970703125,0,0,110.21720123291,-94.1292,26.0087,9.93473096963855,51,51,51,51,51,51,0,8039,1.18613289235474,26,-94,0.0073,51,2025-05-24 01:23:20.000141,1.0543,1.13
"2904010",3,0,1,-0.0073,1,-0.0073,1,120.872784645718,1,600.960021972656,-0.00730000017210841,0,114.640800476074,-94.1292,26.0087,9.93473096963855,51,51,51,51,51,51,0,8039,1.18613289235474,26,-94,0.0073,51,2025-05-24 01:23:20.000141,1.0543,1.13
"2904010",3,0,1,0,1,0,1,127.304384903565,1,651.049987792969,0,0,120.740798950195,-94.1292,26.0087,9.93473096963855,51,51,51,51,51,51,0,8039,1.18613289235474,26,-94,0.0073,51,2025-05-24 01:23:20.000141,1.0543,1.13
"2904010",3,0,1,0,1,0,1,134.349624013387,1,700.960021972656,0,0,127.422798156738,-94.1292,26.0087,9.93473096963855,51,51,51,51,51,51,0,8039,1.18613289235474,26,-94,0.0073,51,2025-05-24 01:23:20.000141,1.0543,1.13
"2904010",3,0,1,0,1,0,1,144.518626272885,1,751.849975585938,0,0,137.067504882812,-94.1292,26.0087,9.93473096963855,51,51,51,51,51,51,0,8039,1.18613289235474,26,-94,0.0073,51,2025-05-24 01:23:20.000141,1.0543,1.13
"2904010",3,0,1,0,1,0,1,149.203144818394,1,801.489990234375,0,0,141.510498046875,-94.1292,26.0087,9.93473096963855,51,51,51,51,51,51,0,8039,1.18613289235474,26,-94,0.0073,51,2025-05-24 01:23:20.000141,1.0543,1.13
"2904010",3,0,1,0,1,0,1,154.256068693234,1,851.789978027344,0,0,146.30290222168,-94.1292,26.0087,9.93473096963855,51,51,51,51,51,51,0,8039,1.18613289235474,26,-94,0.0073,51,2025-05-24 01:23:20.000141,1.0543,1.13
"2904010",3,0,1,0,1,0,1,160.605642898782,1,901.549987792969,0,0,152.325103759766,-94.1292,26.0087,9.93473096963855,51,51,51,51,51,51,0,8039,1.18613289235474,26,-94,0.0073,51,2025-05-24 01:23:20.000141,1.0543,1.13
"2904010",3,0,1,0,1,0,1,168.797806840492,1,951.260009765625,0,0,160.09489440918,-94.1292,26.0087,9.93473096963855,51,51,51,51,51,51,0,8039,1.18613289235474,26,-94,0.0073,51,2025-05-24 01:23:20.000141,1.0543,1.13
"2904010",3,0,1,0,1,0,1,177.364489654709,1,1000.07000732422,0,0,168.21989440918,-94.1292,26.0087,9.93473096963855,51,51,51,51,51,51,0,8039,1.18613289235474,26,-94,0.0073,51,2025-05-24 01:23:20.000141,1.0543,1.13
"2904010",3,0,1,0,1,0,1,189.640098230003,1,1099.16003417969,0,0,179.862594604492,-94.1292,26.0087,9.93473096963855,51,51,51,51,51,51,0,8039,1.18613289235474,26,-94,0.0073,51,2025-05-24 01:23:20.000141,1.0543,1.13
"2904010",3,0,1,0.0073,1,0.0073,1,197.706918448371,1,1199.85998535156,0.00730000017210841,0,187.51350402832,-94.1292,26.0087,9.93473096963855,51,51,51,51,51,51,0,8039,1.18613289235474,26,-94,0.0073,51,2025-05-24 01:23:20.000141,1.0543,1.13
"2904010",3,0,1,0,1,0,1,205.464586441382,1,1300.2900390625,0,0,194.871200561523,-94.1292,26.0087,9.93473096963855,51,51,51,51,51,51,0,8039,1.18613289235474,26,-94,0.0073,51,2025-05-24 01:23:20.000141,1.0543,1.13
"2904010",3,0,1,0,1,0,1,209.298775484445,4,1399.40002441406,0,0,198.507705688477,-94.1292,26.0087,9.93473096963855,51,51,51,51,51,51,0,8039,1.18613289235474,26,-94,0.0073,51,2025-05-24 01:23:20.000141,1.0543,1.13
"2904010",4,0.00615445372694104,5,0.0073,1,0.0073,1,200.93456147771,1,7.5,0.00730000017210841,0.0106146894395351,190.571395874023,-94.2164,25.9697,15.8953832519773,51,51,51,51,51,51,0.0073,8039,1.18613289235474,26,-94,0.0073,51,2025-05-24 14:59:04.001588,1.0543,1.13
"2904010",4,0,5,0,1,0,1,201.110232392853,1,11.6800003051758,0,0.0106146894395351,190.738006591797,-94.2164,25.9697,15.8953832519773,51,51,51,51,51,51,0,8039,1.18613289235474,26,-94,0.0073,51,2025-05-24 14:59:04.001588,1.0543,1.13
"2904010",4,0,1,0,1,0,1,201.734838303523,1,16.9799995422363,0,0.00730000017210841,191.33039855957,-94.2164,25.9697,15.8953832519773,51,51,51,51,51,51,0,8039,1.18613289235474,26,-94,0.0073,51,2025-05-24 14:59:04.001588,1.0543,1.13
"2904010",4,0.00615445372694104,1,0.0073,1,0.0073,1,203.412568746058,1,21.7299995422363,0.00730000017210841,0.0146000003442168,192.921600341797,-94.2164,25.9697,15.8953832519773,51,51,51,51,51,51,0.0073,8039,1.18613289235474,26,-94,0.0073,51,2025-05-24 14:59:04.001588,1.0543,1.13
"2904010",4,0.0184633611808231,1,0.0219,1,0.0219,1,205.386569900413,1,26.8799991607666,0.0219000000506639,0.0292000006884336,194.793792724609,-94.2164,25.9697,15.8953832519773,51,51,51,51,51,51,0.0219,8039,1.18613289235474,26,-94,0.0073,51,2025-05-24 14:59:04.001588,1.0543,1.13
"2904010",4,0.0184633611808231,1,0.0219,1,0.0219,1,206.620208002011,1,31.9599990844727,0.0219000000506639,0.0292000006884336,195.963806152344,-94.2164,25.9697,15.8953832519773,51,51,51,51,51,51,0.0219,8039,1.18613289235474,26,-94,0.0073,51,2025-05-24 14:59:04.001588,1.0543,1.13
"2904010",4,0.0369267223616462,1,0.0438,1,0.0438,1,207.171434020385,1,36.6399993896484,0.0438000001013279,0.0511000007390976,196.486602783203,-94.2164,25.9697,15.8953832519773,51,51,51,51,51,51,0.0438,8039,1.18613289235474,26,-94,0.0073,51,2025-05-24 14:59:04.001588,1.0543,1.13
"2904010",4,0.0307722686347052,1,0.0365,1,0.0365,1,208.78410235276,1,41.8400001525879,0.0364999994635582,0.0438000001013279,198.016098022461,-94.2164,25.9697,15.8953832519773,51,51,51,51,51,51,0.0365,8039,1.18613289235474,26,-94,0.0073,51,2025-05-24 14:59:04.001588,1.0543,1.13
"2904010",4,0.0369267223616462,1,0.0438,1,0.0438,1,210.242835405706,1,46.7799987792969,0.0438000001013279,0.0511000007390976,199.399597167969,-94.2164,25.9697,15.8953832519773,51,51,51,51,51,51,0.0438,8039,1.18613289235474,26,-94,0.0073,51,2025-05-24 14:59:04.001588,1.0543,1.13
"2904010",4,0.0492356298155283,1,0.0584,1,0.0584,1,210.464262166866,1,51.939998626709,0.0584000013768673,0.065700002014637,199.609603881836,-94.2164,25.9697,15.8953832519773,51,51,51,51,51,51,0.0584,8039,1.18613289235474,26,-94,0.0073,51,2025-05-24 14:59:04.001588,1.0543,1.13
"2904010",4,0.0553900835424693,1,0.0657,1,0.0657,1,208.202613765342,1,56.5499992370605,0.065700002014637,0.0729999989271164,197.464599609375,-94.2164,25.9697,15.8953832519773,51,51,51,51,51,51,0.0657,8039,1.18613289235474,26,-94,0.0073,51,2025-05-24 14:59:04.001588,1.0543,1.13
"2904010",4,0.0738534447232925,1,0.0876,1,0.0876,1,206.403318212923,1,61.9199981689453,0.0876000002026558,0.0948999971151352,195.758102416992,-94.2164,25.9697,15.8953832519773,51,51,51,51,51,51,0.0876,8039,1.18613289235474,26,-94,0.0073,51,2025-05-24 14:59:04.001588,1.0543,1.13
"2904010",4,0.0984712596310566,1,0.1168,1,0.1168,1,208.267354104433,1,66.8199996948242,0.116800002753735,0.124099999666214,197.526000976562,-94.2164,25.9697,15.8953832519773,51,51,51,51,51,51,0.1168,8039,1.18613289235474,26,-94,0.0073,51,2025-05-24 14:59:04.001588,1.0543,1.13
"2904010",4,0.110780167084939,1,0.1314,1,0.1314,1,211.061244031259,1,71.5599975585938,0.131400004029274,0.138699993491173,200.175796508789,-94.2164,25.9697,15.8953832519773,51,51,51,51,51,51,0.1314,8039,1.18613289235474,26,-94,0.0073,51,2025-05-24 14:59:04.001588,1.0543,1.13
"2904010",4,0.11693462081188,1,0.1387,1,0.1387,1,210.361343690434,1,76.8199996948242,0.138699993491173,0.145999997854233,199.511993408203,-94.2164,25.9697,15.8953832519773,51,51,51,51,51,51,0.1387,8039,1.18613289235474,26,-94,0.0073,51,2025-05-24 14:59:04.001588,1.0543,1.13
"2904010",4,0.129243528265762,1,0.1533,1,0.1533,1,209.518158692564,1,81.7699966430664,0.153300002217293,0.160600006580353,198.712295532227,-94.2164,25.9697,15.8953832519773,51,51,51,51,51,51,0.1533,8039,1.18613289235474,26,-94,0.0073,51,2025-05-24 14:59:04.001588,1.0543,1.13
"2904010",4,0.141552435719644,1,0.1679,1,0.1679,1,210.530160881806,1,86.7900009155273,0.167899996042252,0.175200000405312,199.672103881836,-94.2164,25.9697,15.8953832519773,51,51,51,51,51,51,0.1679,8039,1.18613289235474,26,-94,0.0073,51,2025-05-24 14:59:04.001588,1.0543,1.13
"2904010",4,0.135397981992703,1,0.1606,1,0.1606,1,210.120948524753,1,91.5299987792969,0.160600006580353,0.167899996042252,199.283996582031,-94.2164,25.9697,15.8953832519773,51,51,51,51,51,51,0.1606,8039,1.18613289235474,26,-94,0.0073,51,2025-05-24 14:59:04.001588,1.0543,1.13
"2904010",4,0.166170250627408,1,0.1971,1,0.1971,1,209.031785633155,1,96.75,0.19709999859333,0.20440000295639,198.251007080078,-94.2164,25.9697,15.8953832519773,51,51,51,51,51,51,0.1971,8039,1.18613289235474,26,-94,0.0073,51,2025-05-24 14:59:04.001588,1.0543,1.13
"2904010",4,0.196942519262113,1,0.2336,1,0.2336,1,208.100129679852,1,101.889999389648,0.233600005507469,0.240899994969368,197.367401123047,-94.2164,25.9697,15.8953832519773,51,51,51,51,51,51,0.2336,8039,1.18613289235474,26,-94,0.0073,51,2025-05-24 14:59:04.001588,1.0543,1.13
"2904010",4,0.252332602804583,1,0.2993,1,0.2993,1,206.012881197748,1,111.410003662109,0.299299985170364,0.306600004434586,195.387802124023,-94.2164,25.9697,15.8953832519773,51,51,51,51,51,51,0.2993,8039,1.18613289235474,26,-94,0.0073,51,2025-05-24 14:59:04.001588,1.0543,1.13
"2904010",4,0.29541377889317,1,0.3504,1,0.3504,1,198.394983315301,1,121.540000915527,0.350400000810623,0.357699990272522,188.162796020508,-94.2164,25.9697,15.8953832519773,51,51,51,51,51,51,0.3504,8039,1.18613289235474,26,-94,0.0073,51,2025-05-24 14:59:04.001588,1.0543,1.13
"2904010",4,0.196942519262113,1,0.2336,1,0.2336,1,191.550269134654,1,131.779998779297,0.233600005507469,0.240899994969368,181.671096801758,-94.2164,25.9697,15.8953832519773,51,51,51,51,51,51,0.2336,8039,1.18613289235474,26,-94,0.0073,51,2025-05-24 14:59:04.001588,1.0543,1.13
"2904010",4,0.135397981992703,1,0.1606,1,0.1606,1,180.934784150125,1,141.850006103516,0.160600006580353,0.167899996042252,171.603103637695,-94.2164,25.9697,15.8953832519773,51,51,51,51,51,51,0.1606,8039,1.18613289235474,26,-94,0.0073,51,2025-05-24 14:59:04.001588,1.0543,1.13
"2904010",4,0.104625713357998,1,0.1241,1,0.1241,1,154.996416060865,1,151.720001220703,0.124099999666214,0.131400004029274,147.002502441406,-94.2164,25.9697,15.8953832519773,51,51,51,51,51,51,0.1241,8039,1.18613289235474,26,-94,0.0073,51,2025-05-24 14:59:04.001588,1.0543,1.13
"2904010",4,0.0738534447232925,1,0.0876,1,0.0876,1,149.87550993984,1,161.690002441406,0.0876000002026558,0.0948999971151352,142.145706176758,-94.2164,25.9697,15.8953832519773,51,51,51,51,51,51,0.0876,8039,1.18613289235474,26,-94,0.0073,51,2025-05-24 14:59:04.001588,1.0543,1.13
"2904010",4,0.0430811760885873,4,0.0511,1,0.0511,1,144.823446739035,1,171.699996948242,0.0511000007390976,0.0584000013768673,137.354202270508,-94.2164,25.9697,15.8953832519773,51,51,51,51,51,51,0.0511,8039,1.18613289235474,26,-94,0.0073,51,2025-05-24 14:59:04.001588,1.0543,1.13
"2904010",4,0.0676989909963514,1,0.0803,1,0.0803,1,138.52785097626,1,181.75,0.0803000032901764,0.0876000002026558,131.38330078125,-94.2164,25.9697,15.8953832519773,51,51,51,51,51,51,0.0803,8039,1.18613289235474,26,-94,0.0073,51,2025-05-24 14:59:04.001588,1.0543,1.13
"2904010",4,0.0307722686347052,1,0.0365,1,0.0365,1,136.255664572225,1,191.429992675781,0.0364999994635582,0.0438000001013279,129.228302001953,-94.2164,25.9697,15.8953832519773,51,51,51,51,51,51,0.0365,8039,1.18613289235474,26,-94,0.0073,51,2025-05-24 14:59:04.001588,1.0543,1.13
"2904010",4,0.0123089074538821,1,0.0146,1,0.0146,1,132.776949279158,1,201.139999389648,0.0146000003442168,0.0219000000506639,125.929000854492,-94.2164,25.9697,15.8953832519773,51,51,51,51,51,51,0.0146,8039,1.18613289235474,26,-94,0.0073,51,2025-05-24 14:59:04.001588,1.0543,1.13
"2904010",4,0.0123089074538821,1,0.0146,1,0.0146,1,130.690859172903,1,211.630004882812,0.0146000003442168,0.0219000000506639,123.950500488281,-94.2164,25.9697,15.8953832519773,51,51,51,51,51,51,0.0146,8039,1.18613289235474,26,-94,0.0073,51,2025-05-24 14:59:04.001588,1.0543,1.13
"2904010",4,0.00615445372694104,1,0.0073,1,0.0073,1,134.250339004299,1,220.960006713867,0.00730000017210841,0.0146000003442168,127.326400756836,-94.2164,25.9697,15.8953832519773,51,51,51,51,51,51,0.0073,8039,1.18613289235474,26,-94,0.0073,51,2025-05-24 14:59:04.001588,1.0543,1.13
"2904010",4,0,1,0,1,0,1,133.066905233748,1,231.410003662109,0,0.00730000017210841,126.204002380371,-94.2164,25.9697,15.8953832519773,51,51,51,51,51,51,0,8039,1.18613289235474,26,-94,0.0073,51,2025-05-24 14:59:04.001588,1.0543,1.13
"2904010",4,0,1,-0.0073,1,-0.0073,1,130.714058866981,1,241.729995727539,-0.00730000017210841,0,123.972503662109,-94.2164,25.9697,15.8953832519773,51,51,51,51,51,51,0,8039,1.18613289235474,26,-94,0.0073,51,2025-05-24 14:59:04.001588,1.0543,1.13
"2904010",4,0,1,-0.0073,1,-0.0073,1,128.773047291479,1,251.270004272461,-0.00730000017210841,0,122.13159942627,-94.2164,25.9697,15.8953832519773,51,51,51,51,51,51,0,8039,1.18613289235474,26,-94,0.0073,51,2025-05-24 14:59:04.001588,1.0543,1.13
"2904010",4,0,1,-0.0073,1,-0.0073,1,127.196537982988,1,261.25,-0.00730000017210841,0,120.63639831543,-94.2164,25.9697,15.8953832519773,51,51,51,51,51,51,0,8039,1.18613289235474,26,-94,0.0073,51,2025-05-24 14:59:04.001588,1.0543,1.13
"2904010",4,0,1,-0.0073,1,-0.0073,1,128.02106830313,1,271.489990234375,-0.00730000017210841,0,121.418403625488,-94.2164,25.9697,15.8953832519773,51,51,51,51,51,51,0,8039,1.18613289235474,26,-94,0.0073,51,2025-05-24 14:59:04.001588,1.0543,1.13
"2904010",4,0,1,-0.0146,1,-0.0146,1,127.857632732887,1,281.549987792969,-0.0146000003442168,0,121.263397216797,-94.2164,25.9697,15.8953832519773,51,51,51,51,51,51,0,8039,1.18613289235474,26,-94,0.0073,51,2025-05-24 14:59:04.001588,1.0543,1.13
"2904010",4,0,1,-0.0073,1,-0.0073,1,129.880462646969,1,291.600006103516,-0.00730000017210841,0,123.181900024414,-94.2164,25.9697,15.8953832519773,51,51,51,51,51,51,0,8039,1.18613289235474,26,-94,0.0073,51,2025-05-24 14:59:04.001588,1.0543,1.13
"2904010",4,0,1,-0.0073,1,-0.0073,1,131.235866965368,1,301.529998779297,-0.00730000017210841,0,124.467399597168,-94.2164,25.9697,15.8953832519773,51,51,51,51,51,51,0,8039,1.18613289235474,26,-94,0.0073,51,2025-05-24 14:59:04.001588,1.0543,1.13
"2904010",4,0,1,-0.0073,1,-0.0073,1,130.332583176079,1,311.779998779297,-0.00730000017210841,0,123.610702514648,-94.2164,25.9697,15.8953832519773,51,51,51,51,51,51,0,8039,1.18613289235474,26,-94,0.0073,51,2025-05-24 14:59:04.001588,1.0543,1.13
"2904010",4,0,1,-0.0073,1,-0.0073,1,128.575141995465,1,321.579986572266,-0.00730000017210841,0,121.943901062012,-94.2164,25.9697,15.8953832519773,51,51,51,51,51,51,0,8039,1.18613289235474,26,-94,0.0073,51,2025-05-24 14:59:04.001588,1.0543,1.13
"2904010",4,0,1,-0.0073,1,-0.0073,1,125.690150634717,1,331.350006103516,-0.00730000017210841,0,119.207702636719,-94.2164,25.9697,15.8953832519773,51,51,51,51,51,51,0,8039,1.18613289235474,26,-94,0.0073,51,2025-05-24 14:59:04.001588,1.0543,1.13
"2904010",4,0,1,-0.0073,1,-0.0073,1,124.87162938929,1,341.239990234375,-0.00730000017210841,0,118.431396484375,-94.2164,25.9697,15.8953832519773,51,51,51,51,51,51,0,8039,1.18613289235474,26,-94,0.0073,51,2025-05-24 14:59:04.001588,1.0543,1.13
"2904010",4,0,1,-0.0073,1,-0.0073,1,124.280021101751,1,351.299987792969,-0.00730000017210841,0,117.870300292969,-94.2164,25.9697,15.8953832519773,51,51,51,51,51,51,0,8039,1.18613289235474,26,-94,0.0073,51,2025-05-24 14:59:04.001588,1.0543,1.13
"2904010",4,0,1,-0.0073,1,-0.0073,1,121.80022800397,1,361.320007324219,-0.00730000017210841,0,115.518402099609,-94.2164,25.9697,15.8953832519773,51,51,51,51,51,51,0,8039,1.18613289235474,26,-94,0.0073,51,2025-05-24 14:59:04.001588,1.0543,1.13
"2904010",4,0,1,0,1,0,1,118.735986024935,1,380.970001220703,0,0,112.612197875977,-94.2164,25.9697,15.8953832519773,51,51,51,51,51,51,0,8039,1.18613289235474,26,-94,0.0073,51,2025-05-24 14:59:04.001588,1.0543,1.13
"2904010",4,0,1,-0.0073,1,-0.0073,1,116.934478296417,1,401.519989013672,-0.00730000017210841,0,110.903602600098,-94.2164,25.9697,15.8953832519773,51,51,51,51,51,51,0,8039,1.18613289235474,26,-94,0.0073,51,2025-05-24 14:59:04.001588,1.0543,1.13
"2904010",4,0,1,-0.0073,1,-0.0073,1,114.39700773451,1,451.470001220703,-0.00730000017210841,0,108.497001647949,-94.2164,25.9697,15.8953832519773,51,51,51,51,51,51,0,8039,1.18613289235474,26,-94,0.0073,51,2025-05-24 14:59:04.001588,1.0543,1.13
"2904010",4,0,1,0,1,0,1,118.130670289855,1,501.230010986328,0,0,112.038101196289,-94.2164,25.9697,15.8953832519773,51,51,51,51,51,51,0,8039,1.18613289235474,26,-94,0.0073,51,2025-05-24 14:59:04.001588,1.0543,1.13
"2904010",4,0,1,-0.0073,1,-0.0073,1,115.41142320677,1,551.580017089844,-0.00730000017210841,0,109.459098815918,-94.2164,25.9697,15.8953832519773,51,51,51,51,51,51,0,8039,1.18613289235474,26,-94,0.0073,51,2025-05-24 14:59:04.001588,1.0543,1.13
"2904010",4,0,1,0,1,0,1,121.000055753754,1,600.789978027344,0,0,114.759498596191,-94.2164,25.9697,15.8953832519773,51,51,51,51,51,51,0,8039,1.18613289235474,26,-94,0.0073,51,2025-05-24 14:59:04.001588,1.0543,1.13
"2904010",4,0,1,0,1,0,1,126.359362059833,1,651.700012207031,0,0,119.842399597168,-94.2164,25.9697,15.8953832519773,51,51,51,51,51,51,0,8039,1.18613289235474,26,-94,0.0073,51,2025-05-24 14:59:04.001588,1.0543,1.13
"2904010",4,0,1,0,1,0,1,131.938928706947,1,701.72998046875,0,0,125.134201049805,-94.2164,25.9697,15.8953832519773,51,51,51,51,51,51,0,8039,1.18613289235474,26,-94,0.0073,51,2025-05-24 14:59:04.001588,1.0543,1.13
"2904010",4,0,1,0,1,0,1,140.200722675653,1,751.130004882812,0,0,132.96989440918,-94.2164,25.9697,15.8953832519773,51,51,51,51,51,51,0,8039,1.18613289235474,26,-94,0.0073,51,2025-05-24 14:59:04.001588,1.0543,1.13
"2904010",4,0,1,0,1,0,1,146.966683387152,1,801.640014648438,0,0,139.386901855469,-94.2164,25.9697,15.8953832519773,51,51,51,51,51,51,0,8039,1.18613289235474,26,-94,0.0073,51,2025-05-24 14:59:04.001588,1.0543,1.13
"2904010",4,0,1,0,1,0,1,154.929777272467,1,851.760009765625,0,0,146.939300537109,-94.2164,25.9697,15.8953832519773,51,51,51,51,51,51,0,8039,1.18613289235474,26,-94,0.0073,51,2025-05-24 14:59:04.001588,1.0543,1.13
"2904010",4,0,1,0.0073,1,0.0073,1,163.009690144397,1,901.340026855469,0.00730000017210841,0,154.602493286133,-94.2164,25.9697,15.8953832519773,51,51,51,51,51,51,0,8039,1.18613289235474,26,-94,0.0073,51,2025-05-24 14:59:04.001588,1.0543,1.13
"2904010",4,0,1,0.0073,1,0.0073,1,169.826474596252,1,951.659973144531,0.00730000017210841,0,161.06770324707,-94.2164,25.9697,15.8953832519773,51,51,51,51,51,51,0,8039,1.18613289235474,26,-94,0.0073,51,2025-05-24 14:59:04.001588,1.0543,1.13
"2904010",4,0,1,0,1,0,1,175.484271834526,1,999.039978027344,0,0,166.433700561523,-94.2164,25.9697,15.8953832519773,51,51,51,51,51,51,0,8039,1.18613289235474,26,-94,0.0073,51,2025-05-24 14:59:04.001588,1.0543,1.13
"2904010",4,0,1,0,1,0,1,187.560179170114,1,1099.19995117188,0,0,177.886795043945,-94.2164,25.9697,15.8953832519773,51,51,51,51,51,51,0,8039,1.18613289235474,26,-94,0.0073,51,2025-05-24 14:59:04.001588,1.0543,1.13
"2904010",4,0,1,0.0073,1,0.0073,1,198.542290110709,1,1199.43005371094,0.00730000017210841,0,188.302505493164,-94.2164,25.9697,15.8953832519773,51,51,51,51,51,51,0,8039,1.18613289235474,26,-94,0.0073,51,2025-05-24 14:59:04.001588,1.0543,1.13
"2904010",4,0,1,0,1,0,1,204.265245990464,1,1300.03002929688,0,0,193.73030090332,-94.2164,25.9697,15.8953832519773,51,51,51,51,51,51,0,8039,1.18613289235474,26,-94,0.0073,51,2025-05-24 14:59:04.001588,1.0543,1.13
"2904010",4,0,1,0,1,0,1,208.132709000593,1,1399.42004394531,0,0,197.398300170898,-94.2164,25.9697,15.8953832519773,51,51,51,51,51,51,0,8039,1.18613289235474,26,-94,0.0073,51,2025-05-24 14:59:04.001588,1.0543,1.13
"2904010",4,0,1,0,1,0,1,210.754322697054,4,1499.44995117188,0,0,199.884704589844,-94.2164,25.9697,15.8953832519773,51,51,51,51,51,51,0,8039,1.18613289235474,26,-94,0.0073,51,2025-05-24 14:59:04.001588,1.0543,1.13
"2904010",5,0.0123089074538821,1,0.0146,1,0.0146,1,200.263822022784,1,7.42999982833862,0.0146000003442168,0.0219000000506639,189.931793212891,-94.3092,25.9296,16.7001022770839,51,51,51,51,51,51,0.0146,8039,1.18613289235474,26,-94,0.0073,51,2025-05-25 05:06:11.000546,1.0543,1.13
"2904010",5,0.00615445372694104,1,0.0073,1,0.0073,1,200.357346485977,1,11.7399997711182,0.00730000017210841,0.0146000003442168,190.020492553711,-94.3092,25.9296,16.7001022770839,51,51,51,51,51,51,0.0073,8039,1.18613289235474,26,-94,0.0073,51,2025-05-25 05:06:11.000546,1.0543,1.13
"2904010",5,0.00615445372694104,4,0.0073,1,0.0073,1,200.611357190415,1,16.8099994659424,0.00730000017210841,0.0146000003442168,190.26139831543,-94.3092,25.9296,16.7001022770839,51,51,51,51,51,51,0.0073,8039,1.18613289235474,26,-94,0.0073,51,2025-05-25 05:06:11.000546,1.0543,1.13
"2904010",5,0.0123089074538821,1,0.0146,1,0.0146,1,203.111966117271,1,21.7900009155273,0.0146000003442168,0.0219000000506639,192.632995605469,-94.3092,25.9296,16.7001022770839,51,51,51,51,51,51,0.0146,8039,1.18613289235474,26,-94,0.0073,51,2025-05-25 05:06:11.000546,1.0543,1.13
"2904010",5,0.0184633611808231,1,0.0219,1,0.0219,1,203.978575731145,1,26.4699993133545,0.0219000000506639,0.0292000006884336,193.454895019531,-94.3092,25.9296,16.7001022770839,51,51,51,51,51,51,0.0219,8039,1.18613289235474,26,-94,0.0073,51,2025-05-25 05:06:11.000546,1.0543,1.13
"2904010",5,0.0246178149077642,1,0.0292,1,0.0292,1,205.415406233457,1,31.9500007629395,0.0292000006884336,0.0364999994635582,194.817596435547,-94.3092,25.9296,16.7001022770839,51,51,51,51,51,51,0.0292,8039,1.18613289235474,26,-94,0.0073,51,2025-05-25 05:06:11.000546,1.0543,1.13
"2904010",5,0.0246178149077642,1,0.0292,1,0.0292,1,207.054055223004,1,36.8499984741211,0.0292000006884336,0.0364999994635582,196.371704101562,-94.3092,25.9296,16.7001022770839,51,51,51,51,51,51,0.0292,8039,1.18613289235474,26,-94,0.0073,51,2025-05-25 05:06:11.000546,1.0543,1.13
"2904010",5,0.0430811760885873,1,0.0511,1,0.0511,1,208.563736021091,1,41.9599990844727,0.0511000007390976,0.0584000013768673,197.803497314453,-94.3092,25.9296,16.7001022770839,51,51,51,51,51,51,0.0511,8039,1.18613289235474,26,-94,0.0073,51,2025-05-25 05:06:11.000546,1.0543,1.13
"2904010",5,0.0492356298155283,1,0.0584,1,0.0584,1,210.108120460518,1,46.6399993896484,0.0584000013768673,0.065700002014637,199.268203735352,-94.3092,25.9296,16.7001022770839,51,51,51,51,51,51,0.0584,8039,1.18613289235474,26,-94,0.0073,51,2025-05-25 05:06:11.000546,1.0543,1.13
"2904010",5,0.0615445372694104,1,0.073,1,0.073,1,209.844617336799,1,51.9000015258789,0.0729999989271164,0.0803000032901764,199.018295288086,-94.3092,25.9296,16.7001022770839,51,51,51,51,51,51,0.073,8039,1.18613289235474,26,-94,0.0073,51,2025-05-25 05:06:11.000546,1.0543,1.13
"2904010",5,0.0800078984502335,1,0.0949,1,0.0949,1,209.519333043518,1,56.5299987792969,0.0948999971151352,0.102200001478195,198.70979309082,-94.3092,25.9296,16.7001022770839,51,51,51,51,51,51,0.0949,8039,1.18613289235474,26,-94,0.0073,51,2025-05-25 05:06:11.000546,1.0543,1.13
"2904010",5,0.0738534447232925,4,0.0876,1,0.0876,1,211.393104432017,1,61.3499984741211,0.0876000002026558,0.0948999971151352,200.486892700195,-94.3092,25.9296,16.7001022770839,51,51,51,51,51,51,0.0876,8039,1.18613289235474,26,-94,0.0073,51,2025-05-25 05:06:11.000546,1.0543,1.13
"2904010",5,0.0984712596310566,1,0.1168,1,0.1168,1,211.423480173718,1,66.6999969482422,0.116800002753735,0.124099999666214,200.515701293945,-94.3092,25.9296,16.7001022770839,51,51,51,51,51,51,0.1168,8039,1.18613289235474,26,-94,0.0073,51,2025-05-25 05:06:11.000546,1.0543,1.13
"2904010",5,0.11693462081188,1,0.1387,1,0.1387,1,209.400082515187,1,71.7099990844727,0.138699993491173,0.145999997854233,198.596694946289,-94.3092,25.9296,16.7001022770839,51,51,51,51,51,51,0.1387,8039,1.18613289235474,26,-94,0.0073,51,2025-05-25 05:06:11.000546,1.0543,1.13
"2904010",5,0.123089074538821,1,0.146,1,0.146,1,209.262490702142,1,76.9800033569336,0.145999997854233,0.153300002217293,198.466201782227,-94.3092,25.9296,16.7001022770839,51,51,51,51,51,51,0.146,8039,1.18613289235474,26,-94,0.0073,51,2025-05-25 05:06:11.000546,1.0543,1.13
"2904010",5,0.129243528265762,1,0.1533,1,0.1533,1,210.428449389157,1,81.7300033569336,0.153300002217293,0.160600006580353,199.572006225586,-94.3092,25.9296,16.7001022770839,51,51,51,51,51,51,0.1533,8039,1.18613289235474,26,-94,0.0073,51,2025-05-25 05:06:11.000546,1.0543,1.13
"2904010",5,0.141552435719644,1,0.1679,1,0.1679,1,209.728327156176,1,86.9499969482422,0.167899996042252,0.175200000405312,198.908004760742,-94.3092,25.9296,16.7001022770839,51,51,51,51,51,51,0.1679,8039,1.18613289235474,26,-94,0.0073,51,2025-05-25 05:06:11.000546,1.0543,1.13
"2904010",5,0.153861343173526,1,0.1825,1,0.1825,1,208.535693162095,1,91.9100036621094,0.182500004768372,0.18979999423027,197.776901245117,-94.3092,25.9296,16.7001022770839,51,51,51,51,51,51,0.1825,8039,1.18613289235474,26,-94,0.0073,51,2025-05-25 05:06:11.000546,1.0543,1.13
"2904010",5,0.209251426715995,1,0.2482,1,0.2482,1,203.844040798885,1,96.4499969482422,0.248199999332428,0.255499988794327,193.327301025391,-94.3092,25.9296,16.7001022770839,51,51,51,51,51,51,0.2482,8039,1.18613289235474,26,-94,0.0073,51,2025-05-25 05:06:11.000546,1.0543,1.13
"2904010",5,0.486201844428342,1,0.5767,1,0.5767,1,192.304380188608,1,101.680000305176,0.57669997215271,0.583999991416931,182.382995605469,-94.3092,25.9296,16.7001022770839,51,51,51,51,51,51,0.5767,8039,1.18613289235474,26,-94,0.0073,51,2025-05-25 05:06:11.000546,1.0543,1.13
"2904010",5,0.332340501254816,1,0.3942,1,0.3942,1,191.999142597742,1,111.290000915527,0.394199997186661,0.40149998664856,182.093505859375,-94.3092,25.9296,16.7001022770839,51,51,51,51,51,51,0.3942,8039,1.18613289235474,26,-94,0.0073,51,2025-05-25 05:06:11.000546,1.0543,1.13
"2904010",5,0.203096972989054,1,0.2409,1,0.2409,1,191.140223452371,1,121.669998168945,0.240899994969368,0.248199999332428,181.278900146484,-94.3092,25.9296,16.7001022770839,51,51,51,51,51,51,0.2409,8039,1.18613289235474,26,-94,0.0073,51,2025-05-25 05:06:11.000546,1.0543,1.13
"2904010",5,0.190788065535172,1,0.2263,1,0.2263,1,192.723092412004,1,130.070007324219,0.226300001144409,0.233600005507469,182.78010559082,-94.3092,25.9296,16.7001022770839,51,51,51,51,51,51,0.2263,8039,1.18613289235474,26,-94,0.0073,51,2025-05-25 05:06:11.000546,1.0543,1.13
"2904010",5,0.11693462081188,1,0.1387,1,0.1387,1,172.156929418373,1,141.690002441406,0.138699993491173,0.145999997854233,163.274993896484,-94.3092,25.9296,16.7001022770839,51,51,51,51,51,51,0.1387,8039,1.18613289235474,26,-94,0.0073,51,2025-05-25 05:06:11.000546,1.0543,1.13
"2904010",5,0.0861623521771745,1,0.1022,1,0.1022,1,155.071877908005,1,151.119995117188,0.102200001478195,0.109499998390675,147.071395874023,-94.3092,25.9296,16.7001022770839,51,51,51,51,51,51,0.1022,8039,1.18613289235474,26,-94,0.0073,51,2025-05-25 05:06:11.000546,1.0543,1.13
"2904010",5,0.0307722686347052,4,0.0365,1,0.0365,1,147.938984460564,1,161.679992675781,0.0364999994635582,0.0438000001013279,140.306503295898,-94.3092,25.9296,16.7001022770839,51,51,51,51,51,51,0.0365,8039,1.18613289235474,26,-94,0.0073,51,2025-05-25 05:06:11.000546,1.0543,1.13
"2904010",5,0.0738534447232925,1,0.0876,1,0.0876,1,140.255691583252,1,171.470001220703,0.0876000002026558,0.0948999971151352,133.019607543945,-94.3092,25.9296,16.7001022770839,51,51,51,51,51,51,0.0876,8039,1.18613289235474,26,-94,0.0073,51,2025-05-25 05:06:11.000546,1.0543,1.13
"2904010",5,0.0676989909963514,1,0.0803,1,0.0803,1,138.09870823439,1,181.570007324219,0.0803000032901764,0.0876000002026558,130.973907470703,-94.3092,25.9296,16.7001022770839,51,51,51,51,51,51,0.0803,8039,1.18613289235474,26,-94,0.0073,51,2025-05-25 05:06:11.000546,1.0543,1.13
"2904010",5,0.0430811760885873,1,0.0511,1,0.0511,1,136.249922824101,1,191.130004882812,0.0511000007390976,0.0584000013768673,129.220504760742,-94.3092,25.9296,16.7001022770839,51,51,51,51,51,51,0.0511,8039,1.18613289235474,26,-94,0.0073,51,2025-05-25 05:06:11.000546,1.0543,1.13
"2904010",5,0.0184633611808231,1,0.0219,1,0.0219,1,131.445656581635,1,201.149993896484,0.0219000000506639,0.0292000006884336,124.664100646973,-94.3092,25.9296,16.7001022770839,51,51,51,51,51,51,0.0219,8039,1.18613289235474,26,-94,0.0073,51,2025-05-25 05:06:11.000546,1.0543,1.13
"2904010",5,0.0184633611808231,1,0.0219,1,0.0219,1,134.292006769767,1,211.259994506836,0.0219000000506639,0.0292000006884336,127.36360168457,-94.3092,25.9296,16.7001022770839,51,51,51,51,51,51,0.0219,8039,1.18613289235474,26,-94,0.0073,51,2025-05-25 05:06:11.000546,1.0543,1.13
"2904010",5,0,1,0,1,0,1,133.734439758896,1,221.220001220703,0,0.00730000017210841,126.834800720215,-94.3092,25.9296,16.7001022770839,51,51,51,51,51,51,0,8039,1.18613289235474,26,-94,0.0073,51,2025-05-25 05:06:11.000546,1.0543,1.13
"2904010",5,-0.00615445372694104,4,-0.0073,1,-0.0073,1,133.413797097755,1,231.380004882812,-0.00730000017210841,0,126.530700683594,-94.3092,25.9296,16.7001022770839,51,51,51,51,51,51,-0.0073,8039,1.18613289235474,26,-94,0.0073,51,2025-05-25 05:06:11.000546,1.0543,1.13
"2904010",5,0,1,0,1,0,1,134.11666247902,1,240.990005493164,0,0,127.197303771973,-94.3092,25.9296,16.7001022770839,51,51,51,51,51,51,0,8039,1.18613289235474,26,-94,0.0073,51,2025-05-25 05:06:11.000546,1.0543,1.13
"2904010",5,0,1,-0.0073,1,-0.0073,1,135.277979533895,1,251.820007324219,-0.00730000017210841,0,128.298706054688,-94.3092,25.9296,16.7001022770839,51,51,51,51,51,51,0,8039,1.18613289235474,26,-94,0.0073,51,2025-05-25 05:06:11.000546,1.0543,1.13
"2904010",5,0,1,-0.0073,1,-0.0073,1,134.284308256841,1,260.880004882812,-0.00730000017210841,0,127.356300354004,-94.3092,25.9296,16.7001022770839,51,51,51,51,51,51,0,8039,1.18613289235474,26,-94,0.0073,51,2025-05-25 05:06:11.000546,1.0543,1.13
"2904010",5,0,1,-0.0073,1,-0.0073,1,127.862388969171,1,271.850006103516,-0.00730000017210841,0,121.265701293945,-94.3092,25.9296,16.7001022770839,51,51,51,51,51,51,0,8039,1.18613289235474,26,-94,0.0073,51,2025-05-25 05:06:11.000546,1.0543,1.13
"2904010",5,0,1,-0.0073,1,-0.0073,1,123.548945158949,1,281.640014648438,-0.00730000017210841,0,117.174797058105,-94.3092,25.9296,16.7001022770839,51,51,51,51,51,51,0,8039,1.18613289235474,26,-94,0.0073,51,2025-05-25 05:06:11.000546,1.0543,1.13
"2904010",5,0,1,0,1,0,1,122.460808221197,1,291.209991455078,0,0,116.142799377441,-94.3092,25.9296,16.7001022770839,51,51,51,51,51,51,0,8039,1.18613289235474,26,-94,0.0073,51,2025-05-25 05:06:11.000546,1.0543,1.13
"2904010",5,0,1,-0.0073,1,-0.0073,1,121.672116889664,1,301.200012207031,-0.00730000017210841,0,115.394798278809,-94.3092,25.9296,16.7001022770839,51,51,51,51,51,51,0,8039,1.18613289235474,26,-94,0.0073,51,2025-05-25 05:06:11.000546,1.0543,1.13
"2904010",5,0,1,0,1,0,1,119.766505674456,1,311.809997558594,0,0,113.587501525879,-94.3092,25.9296,16.7001022770839,51,51,51,51,51,51,0,8039,1.18613289235474,26,-94,0.0073,51,2025-05-25 05:06:11.000546,1.0543,1.13
"2904010",5,0,1,-0.0073,1,-0.0073,1,119.38533677376,1,321.899993896484,-0.00730000017210841,0,113.225997924805,-94.3092,25.9296,16.7001022770839,51,51,51,51,51,51,0,8039,1.18613289235474,26,-94,0.0073,51,2025-05-25 05:06:11.000546,1.0543,1.13
"2904010",5,0,1,-0.0073,1,-0.0073,1,119.156851023882,1,331.190002441406,-0.00730000017210841,0,113.009300231934,-94.3092,25.9296,16.7001022770839,51,51,51,51,51,51,0,8039,1.18613289235474,26,-94,0.0073,51,2025-05-25 05:06:11.000546,1.0543,1.13
"2904010",5,0,1,-0.0073,1,-0.0073,1,117.754394341562,1,341.399993896484,-0.00730000017210841,0,111.67919921875,-94.3092,25.9296,16.7001022770839,51,51,51,51,51,51,0,8039,1.18613289235474,26,-94,0.0073,51,2025-05-25 05:06:11.000546,1.0543,1.13
"2904010",5,0,1,-0.0073,1,-0.0073,1,117.670780607653,1,351.089996337891,-0.00730000017210841,0,111.599899291992,-94.3092,25.9296,16.7001022770839,51,51,51,51,51,51,0,8039,1.18613289235474,26,-94,0.0073,51,2025-05-25 05:06:11.000546,1.0543,1.13
"2904010",5,0,1,-0.0073,1,-0.0073,1,118.291190651938,1,361.299987792969,-0.00730000017210841,0,112.188301086426,-94.3092,25.9296,16.7001022770839,51,51,51,51,51,51,0,8039,1.18613289235474,26,-94,0.0073,51,2025-05-25 05:06:11.000546,1.0543,1.13
"2904010",5,0,1,-0.0073,1,-0.0073,1,118.753962180763,1,381.670013427734,-0.00730000017210841,0,112.627197265625,-94.3092,25.9296,16.7001022770839,51,51,51,51,51,51,0,8039,1.18613289235474,26,-94,0.0073,51,2025-05-25 05:06:11.000546,1.0543,1.13
"2904010",5,0,1,0,1,0,1,116.586963525116,1,401.459991455078,0,0,110.571998596191,-94.3092,25.9296,16.7001022770839,51,51,51,51,51,51,0,8039,1.18613289235474,26,-94,0.0073,51,2025-05-25 05:06:11.000546,1.0543,1.13
"2904010",5,0,1,0,1,0,1,114.497673996809,1,451.829986572266,0,0,108.59049987793,-94.3092,25.9296,16.7001022770839,51,51,51,51,51,51,0,8039,1.18613289235474,26,-94,0.0073,51,2025-05-25 05:06:11.000546,1.0543,1.13
"2904010",5,0,1,0,1,0,1,112.785860978985,1,501.010009765625,0,0,106.967002868652,-94.3092,25.9296,16.7001022770839,51,51,51,51,51,51,0,8039,1.18613289235474,26,-94,0.0073,51,2025-05-25 05:06:11.000546,1.0543,1.13
"2904010",5,0,1,0,1,0,1,116.436396057579,1,551.710021972656,0,0,110.42919921875,-94.3092,25.9296,16.7001022770839,51,51,51,51,51,51,0,8039,1.18613289235474,26,-94,0.0073,51,2025-05-25 05:06:11.000546,1.0543,1.13
"2904010",5,0,1,0,1,0,1,120.605909049337,1,601.690002441406,0,0,114.383598327637,-94.3092,25.9296,16.7001022770839,51,51,51,51,51,51,0,8039,1.18613289235474,26,-94,0.0073,51,2025-05-25 05:06:11.000546,1.0543,1.13
"2904010",5,0,1,0,1,0,1,125.031958694393,1,651.039978027344,0,0,118.581298828125,-94.3092,25.9296,16.7001022770839,51,51,51,51,51,51,0,8039,1.18613289235474,26,-94,0.0073,51,2025-05-25 05:06:11.000546,1.0543,1.13
"2904010",5,0,1,0,1,0,1,132.488141418181,1,700.900024414062,0,0,125.652801513672,-94.3092,25.9296,16.7001022770839,51,51,51,51,51,51,0,8039,1.18613289235474,26,-94,0.0073,51,2025-05-25 05:06:11.000546,1.0543,1.13
"2904010",5,0,1,0,1,0,1,139.991351839528,1,751.530029296875,0,0,132.768905639648,-94.3092,25.9296,16.7001022770839,51,51,51,51,51,51,0,8039,1.18613289235474,26,-94,0.0073,51,2025-05-25 05:06:11.000546,1.0543,1.13
"2904010",5,0,1,0,1,0,1,149.914614334609,1,801.119995117188,0,0,142.180206298828,-94.3092,25.9296,16.7001022770839,51,51,51,51,51,51,0,8039,1.18613289235474,26,-94,0.0073,51,2025-05-25 05:06:11.000546,1.0543,1.13
"2904010",5,0,1,0.0073,1,0.0073,1,155.616372731306,1,851.400024414062,0.00730000017210841,0,147.587799072266,-94.3092,25.9296,16.7001022770839,51,51,51,51,51,51,0,8039,1.18613289235474,26,-94,0.0073,51,2025-05-25 05:06:11.000546,1.0543,1.13
"2904010",5,0,1,0,1,0,1,160.610527581521,1,900.97998046875,0,0,152.324295043945,-94.3092,25.9296,16.7001022770839,51,51,51,51,51,51,0,8039,1.18613289235474,26,-94,0.0073,51,2025-05-25 05:06:11.000546,1.0543,1.13
"2904010",5,0,1,0,1,0,1,167.715603413812,1,951.869995117188,0,0,159.062805175781,-94.3092,25.9296,16.7001022770839,51,51,51,51,51,51,0,8039,1.18613289235474,26,-94,0.0073,51,2025-05-25 05:06:11.000546,1.0543,1.13
"2904010",5,0,1,0,1,0,1,174.310115799523,1,999.450012207031,0,0,165.317092895508,-94.3092,25.9296,16.7001022770839,51,51,51,51,51,51,0,8039,1.18613289235474,26,-94,0.0073,51,2025-05-25 05:06:11.000546,1.0543,1.13
"2904010",5,0,1,0.0073,1,0.0073,1,186.811278038797,1,1099.90002441406,0.00730000017210841,0,177.173294067383,-94.3092,25.9296,16.7001022770839,51,51,51,51,51,51,0,8039,1.18613289235474,26,-94,0.0073,51,2025-05-25 05:06:11.000546,1.0543,1.13
"2904010",5,0,1,0,1,0,1,196.542954552851,1,1196.82995605469,0,0,186.402893066406,-94.3092,25.9296,16.7001022770839,51,51,51,51,51,51,0,8039,1.18613289235474,26,-94,0.0073,51,2025-05-25 05:06:11.000546,1.0543,1.13
"2904010",5,0,1,0,1,0,1,203.05745710621,1,1299.83996582031,0,0,192.581298828125,-94.3092,25.9296,16.7001022770839,51,51,51,51,51,51,0,8039,1.18613289235474,26,-94,0.0073,51,2025-05-25 05:06:11.000546,1.0543,1.13
"2904010",5,0,1,0,1,0,1,206.717798336587,1,1398.39001464844,0,0,196.052795410156,-94.3092,25.9296,16.7001022770839,51,51,51,51,51,51,0,8039,1.18613289235474,26,-94,0.0073,51,2025-05-25 05:06:11.000546,1.0543,1.13
"2904010",5,0,1,0.0073,1,0.0073,1,210.135954164513,4,1499.86999511719,0.00730000017210841,0,199.29460144043,-94.3092,25.9296,16.7001022770839,51,51,51,51,51,51,0,8039,1.18613289235474,26,-94,0.0073,51,2025-05-25 05:06:11.000546,1.0543,1.13
"2904010",6,0,4,-0.0073,1,-0.0073,1,200.847017836007,1,7.57000017166138,-0.00730000017210841,0,190.481399536133,-94.4063,25.8773,15.895489735604,51,51,51,51,51,51,0,8039,1.18613289235474,26,-94,0.0073,51,2025-05-25 19:21:48.002069,1.0543,1.13
"2904010",6,0,4,-0.0073,1,-0.0073,1,200.940962335946,1,11.8000001907349,-0.00730000017210841,0,190.570495605469,-94.4063,25.8773,15.895489735604,51,51,51,51,51,51,0,8039,1.18613289235474,26,-94,0.0073,51,2025-05-25 19:21:48.002069,1.0543,1.13
"2904010",6,0,4,0,1,0,1,201.31223537595,1,16.7800006866455,0,0,190.922607421875,-94.4063,25.8773,15.895489735604,51,51,51,51,51,51,0,8039,1.18613289235474,26,-94,0.0073,51,2025-05-25 19:21:48.002069,1.0543,1.13
"2904010",6,0,4,0.0073,1,0.0073,1,202.283665589564,1,21.8899993896484,0.00730000017210841,0,191.843902587891,-94.4063,25.8773,15.895489735604,51,51,51,51,51,51,0,8039,1.18613289235474,26,-94,0.0073,51,2025-05-25 19:21:48.002069,1.0543,1.13
"2904010",6,0,4,0.0146,1,0.0146,1,203.849267815978,1,26.7900009155273,0.0146000003442168,0,193.328704833984,-94.4063,25.8773,15.895489735604,51,51,51,51,51,51,0,8039,1.18613289235474,26,-94,0.0073,51,2025-05-25 19:21:48.002069,1.0543,1.13
"2904010",6,0,4,0.0073,1,0.0073,1,205.499000165731,1,31.75,0.00730000017210841,0,194.893295288086,-94.4063,25.8773,15.895489735604,51,51,51,51,51,51,0,8039,1.18613289235474,26,-94,0.0073,51,2025-05-25 19:21:48.002069,1.0543,1.13
"2904010",6,0,4,0.0219,1,0.0219,1,206.698413521002,1,36.4500007629395,0.0219000000506639,0,196.030807495117,-94.4063,25.8773,15.895489735604,51,51,51,51,51,51,0,8039,1.18613289235474,26,-94,0.0073,51,2025-05-25 19:21:48.002069,1.0543,1.13
"2904010",6,0,4,0.0146,1,0.0146,1,207.221391080602,1,41.4700012207031,0.0146000003442168,0,196.526794433594,-94.4063,25.8773,15.895489735604,51,51,51,51,51,51,0,8039,1.18613289235474,26,-94,0.0073,51,2025-05-25 19:21:48.002069,1.0543,1.13
"2904010",6,0,4,0.0365,1,0.0365,1,208.486061995686,1,46.8699989318848,0.0364999994635582,0,197.726196289062,-94.4063,25.8773,15.895489735604,51,51,51,51,51,51,0,8039,1.18613289235474,26,-94,0.0073,51,2025-05-25 19:21:48.002069,1.0543,1.13
"2904010",6,0,4,0.0365,1,0.0365,1,210.205926915268,1,51.6199989318848,0.0364999994635582,0,199.357299804688,-94.4063,25.8773,15.895489735604,51,51,51,51,51,51,0,8039,1.18613289235474,26,-94,0.0073,51,2025-05-25 19:21:48.002069,1.0543,1.13
"2904010",6,0,4,0.0657,1,0.0657,1,210.186426875205,1,56.5699996948242,0.065700002014637,0,199.338806152344,-94.4063,25.8773,15.895489735604,51,51,51,51,51,51,0,8039,1.18613289235474,26,-94,0.0073,51,2025-05-25 19:21:48.002069,1.0543,1.13
"2904010",6,0,4,0.0803,1,0.0803,1,208.942108724708,1,61.439998626709,0.0803000032901764,0,198.158706665039,-94.4063,25.8773,15.895489735604,51,51,51,51,51,51,0,8039,1.18613289235474,26,-94,0.0073,51,2025-05-25 19:21:48.002069,1.0543,1.13
"2904010",6,0,4,0.0949,1,0.0949,1,208.128625617772,1,66.5599975585938,0.0948999971151352,0,197.38720703125,-94.4063,25.8773,15.895489735604,51,51,51,51,51,51,0,8039,1.18613289235474,26,-94,0.0073,51,2025-05-25 19:21:48.002069,1.0543,1.13
"2904010",6,0,4,0.1241,1,0.1241,1,208.844463722117,1,71.7200012207031,0.124099999666214,0,198.066101074219,-94.4063,25.8773,15.895489735604,51,51,51,51,51,51,0,8039,1.18613289235474,26,-94,0.0073,51,2025-05-25 19:21:48.002069,1.0543,1.13
"2904010",6,0,4,0.1387,1,0.1387,1,203.45807641822,1,76.6900024414062,0.138699993491173,0,192.957702636719,-94.4063,25.8773,15.895489735604,51,51,51,51,51,51,0,8039,1.18613289235474,26,-94,0.0073,51,2025-05-25 19:21:48.002069,1.0543,1.13
"2904010",6,0,4,0.1898,1,0.1898,1,201.690442836141,1,81.4800033569336,0.18979999423027,0,191.281295776367,-94.4063,25.8773,15.895489735604,51,51,51,51,51,51,0,8039,1.18613289235474,26,-94,0.0073,51,2025-05-25 19:21:48.002069,1.0543,1.13
"2904010",6,0,4,0.2628,1,0.2628,1,204.539588541165,1,86.6800003051758,0.262800008058548,0,193.9833984375,-94.4063,25.8773,15.895489735604,51,51,51,51,51,51,0,8039,1.18613289235474,26,-94,0.0073,51,2025-05-25 19:21:48.002069,1.0543,1.13
"2904010",6,0,4,0.3358,1,0.3358,1,204.299924682442,1,91.5400009155273,0.335799992084503,0,193.756103515625,-94.4063,25.8773,15.895489735604,51,51,51,51,51,51,0,8039,1.18613289235474,26,-94,0.0073,51,2025-05-25 19:21:48.002069,1.0543,1.13
"2904010",6,0,4,0.4161,1,0.4161,1,204.193945504312,1,96.9199981689453,0.41609999537468,0,193.65559387207,-94.4063,25.8773,15.895489735604,51,51,51,51,51,51,0,8039,1.18613289235474,26,-94,0.0073,51,2025-05-25 19:21:48.002069,1.0543,1.13
"2904010",6,0,4,0.4964,1,0.4964,1,203.134781199558,1,101.910003662109,0.496399998664856,0,192.651092529297,-94.4063,25.8773,15.895489735604,51,51,51,51,51,51,0,8039,1.18613289235474,26,-94,0.0073,51,2025-05-25 19:21:48.002069,1.0543,1.13
"2904010",6,0,4,0.3577,1,0.3577,1,201.69034630129,1,111.480003356934,0.357699990272522,0,191.281204223633,-94.4063,25.8773,15.895489735604,51,51,51,51,51,51,0,8039,1.18613289235474,26,-94,0.0073,51,2025-05-25 19:21:48.002069,1.0543,1.13
"2904010",6,0,4,0.292,1,0.292,1,197.004094099179,1,121.569999694824,0.291999995708466,0,186.836807250977,-94.4063,25.8773,15.895489735604,51,51,51,51,51,51,0,8039,1.18613289235474,26,-94,0.0073,51,2025-05-25 19:21:48.002069,1.0543,1.13
"2904010",6,0,4,0.2263,1,0.2263,1,182.480747429439,1,131.990005493164,0.226300001144409,0,173.063003540039,-94.4063,25.8773,15.895489735604,51,51,51,51,51,51,0,8039,1.18613289235474,26,-94,0.0073,51,2025-05-25 19:21:48.002069,1.0543,1.13
"2904010",6,0,4,0.2117,1,0.2117,1,169.653003253198,1,141.570007324219,0.21170000731945,0,160.89729309082,-94.4063,25.8773,15.895489735604,51,51,51,51,51,51,0,8039,1.18613289235474,26,-94,0.0073,51,2025-05-25 19:21:48.002069,1.0543,1.13
"2904010",6,0,4,0.1752,1,0.1752,1,157.307563285667,1,151.240005493164,0.175200000405312,0,149.188995361328,-94.4063,25.8773,15.895489735604,51,51,51,51,51,51,0,8039,1.18613289235474,26,-94,0.0073,51,2025-05-25 19:21:48.002069,1.0543,1.13
"2904010",6,0,4,0.2044,1,0.2044,1,146.161424049413,1,161.979995727539,0.20440000295639,0,138.618103027344,-94.4063,25.8773,15.895489735604,51,51,51,51,51,51,0,8039,1.18613289235474,26,-94,0.0073,51,2025-05-25 19:21:48.002069,1.0543,1.13
"2904010",6,0,4,0.1606,1,0.1606,1,139.69424863396,1,171.910003662109,0.160600006580353,0,132.48469543457,-94.4063,25.8773,15.895489735604,51,51,51,51,51,51,0,8039,1.18613289235474,26,-94,0.0073,51,2025-05-25 19:21:48.002069,1.0543,1.13
"2904010",6,0,4,0.1095,1,0.1095,1,138.406602424148,1,181.770004272461,0.109499998390675,0,131.26350402832,-94.4063,25.8773,15.895489735604,51,51,51,51,51,51,0,8039,1.18613289235474,26,-94,0.0073,51,2025-05-25 19:21:48.002069,1.0543,1.13
"2904010",6,0,4,0.0876,1,0.0876,1,135.394859850418,1,191.369995117188,0.0876000002026558,0,128.407196044922,-94.4063,25.8773,15.895489735604,51,51,51,51,51,51,0,8039,1.18613289235474,26,-94,0.0073,51,2025-05-25 19:21:48.002069,1.0543,1.13
"2904010",6,0,4,0.0511,1,0.0511,1,135.231217187483,1,201.679992675781,0.0511000007390976,0,128.251998901367,-94.4063,25.8773,15.895489735604,51,51,51,51,51,51,0,8039,1.18613289235474,26,-94,0.0073,51,2025-05-25 19:21:48.002069,1.0543,1.13
"2904010",6,0,4,0.0292,1,0.0292,1,134.678812587227,1,211.300003051758,0.0292000006884336,0,127.728103637695,-94.4063,25.8773,15.895489735604,51,51,51,51,51,51,0,8039,1.18613289235474,26,-94,0.0073,51,2025-05-25 19:21:48.002069,1.0543,1.13
"2904010",6,0,4,0.0073,1,0.0073,1,135.510959098843,1,221.550003051758,0.00730000017210841,0,128.517303466797,-94.4063,25.8773,15.895489735604,51,51,51,51,51,51,0,8039,1.18613289235474,26,-94,0.0073,51,2025-05-25 19:21:48.002069,1.0543,1.13
"2904010",6,0,4,0,1,0,1,135.007787273003,1,231.050003051758,0,0,128.040100097656,-94.4063,25.8773,15.895489735604,51,51,51,51,51,51,0,8039,1.18613289235474,26,-94,0.0073,51,2025-05-25 19:21:48.002069,1.0543,1.13
"2904010",6,0,4,-0.0073,1,-0.0073,1,131.197540583507,1,241.839996337891,-0.00730000017210841,0,124.426498413086,-94.4063,25.8773,15.895489735604,51,51,51,51,51,51,0,8039,1.18613289235474,26,-94,0.0073,51,2025-05-25 19:21:48.002069,1.0543,1.13
"2904010",6,0,4,-0.0073,1,-0.0073,1,130.036523965538,1,251.300003051758,-0.00730000017210841,0,123.325401306152,-94.4063,25.8773,15.895489735604,51,51,51,51,51,51,0,8039,1.18613289235474,26,-94,0.0073,51,2025-05-25 19:21:48.002069,1.0543,1.13
"2904010",6,0,4,-0.0073,1,-0.0073,1,129.524390487623,1,261.170013427734,-0.00730000017210841,0,122.839698791504,-94.4063,25.8773,15.895489735604,51,51,51,51,51,51,0,8039,1.18613289235474,26,-94,0.0073,51,2025-05-25 19:21:48.002069,1.0543,1.13
"2904010",6,0,4,-0.0073,1,-0.0073,1,129.038940851658,1,270.869995117188,-0.00730000017210841,0,122.379302978516,-94.4063,25.8773,15.895489735604,51,51,51,51,51,51,0,8039,1.18613289235474,26,-94,0.0073,51,2025-05-25 19:21:48.002069,1.0543,1.13
"2904010",6,0,4,0,1,0,1,129.715449048467,1,280.959991455078,0,0,123.020896911621,-94.4063,25.8773,15.895489735604,51,51,51,51,51,51,0,8039,1.18613289235474,26,-94,0.0073,51,2025-05-25 19:21:48.002069,1.0543,1.13
"2904010",6,0,4,-0.0073,1,-0.0073,1,128.174318406984,1,291.220001220703,-0.00730000017210841,0,121.559303283691,-94.4063,25.8773,15.895489735604,51,51,51,51,51,51,0,8039,1.18613289235474,26,-94,0.0073,51,2025-05-25 19:21:48.002069,1.0543,1.13
"2904010",6,0,4,-0.0073,1,-0.0073,1,127.104503090248,1,301.570007324219,-0.00730000017210841,0,120.544700622559,-94.4063,25.8773,15.895489735604,51,51,51,51,51,51,0,8039,1.18613289235474,26,-94,0.0073,51,2025-05-25 19:21:48.002069,1.0543,1.13
"2904010",6,0,4,-0.0073,1,-0.0073,1,125.188310415828,1,311.690002441406,-0.00730000017210841,0,118.727401733398,-94.4063,25.8773,15.895489735604,51,51,51,51,51,51,0,8039,1.18613289235474,26,-94,0.0073,51,2025-05-25 19:21:48.002069,1.0543,1.13
"2904010",6,0,4,-0.0073,1,-0.0073,1,123.75894299901,1,321.390014648438,-0.00730000017210841,0,117.371803283691,-94.4063,25.8773,15.895489735604,51,51,51,51,51,51,0,8039,1.18613289235474,26,-94,0.0073,51,2025-05-25 19:21:48.002069,1.0543,1.13
"2904010",6,0,4,-0.0073,1,-0.0073,1,120.843582430226,1,331.459991455078,-0.00730000017210841,0,114.606903076172,-94.4063,25.8773,15.895489735604,51,51,51,51,51,51,0,8039,1.18613289235474,26,-94,0.0073,51,2025-05-25 19:21:48.002069,1.0543,1.13
"2904010",6,0,4,-0.0073,1,-0.0073,1,119.150715090862,1,341.859985351562,-0.00730000017210841,0,113.001403808594,-94.4063,25.8773,15.895489735604,51,51,51,51,51,51,0,8039,1.18613289235474,26,-94,0.0073,51,2025-05-25 19:21:48.002069,1.0543,1.13
"2904010",6,0,4,0,1,0,1,117.56286158111,1,351.329986572266,0,0,111.495498657227,-94.4063,25.8773,15.895489735604,51,51,51,51,51,51,0,8039,1.18613289235474,26,-94,0.0073,51,2025-05-25 19:21:48.002069,1.0543,1.13
"2904010",6,0,4,-0.0073,1,-0.0073,1,116.929681443615,1,361.679992675781,-0.00730000017210841,0,110.894996643066,-94.4063,25.8773,15.895489735604,51,51,51,51,51,51,0,8039,1.18613289235474,26,-94,0.0073,51,2025-05-25 19:21:48.002069,1.0543,1.13
"2904010",6,0,4,0.0073,1,0.0073,1,114.985968291862,1,381.630004882812,0.00730000017210841,0,109.051597595215,-94.4063,25.8773,15.895489735604,51,51,51,51,51,51,0,8039,1.18613289235474,26,-94,0.0073,51,2025-05-25 19:21:48.002069,1.0543,1.13
"2904010",6,0,4,0,1,0,1,114.280041098968,1,401.700012207031,0,0,108.382102966309,-94.4063,25.8773,15.895489735604,51,51,51,51,51,51,0,8039,1.18613289235474,26,-94,0.0073,51,2025-05-25 19:21:48.002069,1.0543,1.13
"2904010",6,0,4,0,1,0,1,113.05290615209,1,451.239990234375,0,0,107.218299865723,-94.4063,25.8773,15.895489735604,51,51,51,51,51,51,0,8039,1.18613289235474,26,-94,0.0073,51,2025-05-25 19:21:48.002069,1.0543,1.13
"2904010",6,0,4,-0.0073,1,-0.0073,1,112.867543147501,1,501.510009765625,-0.00730000017210841,0,107.042503356934,-94.4063,25.8773,15.895489735604,51,51,51,51,51,51,0,8039,1.18613289235474,26,-94,0.0073,51,2025-05-25 19:21:48.002069,1.0543,1.13
"2904010",6,0,4,0,1,0,1,114.951698419474,1,551.070007324219,0,0,109.019096374512,-94.4063,25.8773,15.895489735604,51,51,51,51,51,51,0,8039,1.18613289235474,26,-94,0.0073,51,2025-05-25 19:21:48.002069,1.0543,1.13
"2904010",6,0,4,-0.0073,1,-0.0073,1,120.607072043328,1,601.739990234375,-0.00730000017210841,0,114.382598876953,-94.4063,25.8773,15.895489735604,51,51,51,51,51,51,0,8039,1.18613289235474,26,-94,0.0073,51,2025-05-25 19:21:48.002069,1.0543,1.13
"2904010",6,0,4,0,1,0,1,126.36588276088,1,651.859985351562,0,0,119.844200134277,-94.4063,25.8773,15.895489735604,51,51,51,51,51,51,0,8039,1.18613289235474,26,-94,0.0073,51,2025-05-25 19:21:48.002069,1.0543,1.13
"2904010",6,0,4,0,1,0,1,131.459141987301,1,701.359985351562,0,0,124.674598693848,-94.4063,25.8773,15.895489735604,51,51,51,51,51,51,0,8039,1.18613289235474,26,-94,0.0073,51,2025-05-25 19:21:48.002069,1.0543,1.13
"2904010",6,0,4,0,1,0,1,137.224694055336,1,750.830017089844,0,0,130.142593383789,-94.4063,25.8773,15.895489735604,51,51,51,51,51,51,0,8039,1.18613289235474,26,-94,0.0073,51,2025-05-25 19:21:48.002069,1.0543,1.13
"2904010",6,0,4,0,1,0,1,143.005233159113,1,801.130004882812,0,0,135.624801635742,-94.4063,25.8773,15.895489735604,51,51,51,51,51,51,0,8039,1.18613289235474,26,-94,0.0073,51,2025-05-25 19:21:48.002069,1.0543,1.13
"2904010",6,0,4,0,1,0,1,152.252049186298,1,851.869995117188,0,0,144.394393920898,-94.4063,25.8773,15.895489735604,51,51,51,51,51,51,0,8039,1.18613289235474,26,-94,0.0073,51,2025-05-25 19:21:48.002069,1.0543,1.13
"2904010",6,0,4,0.0073,1,0.0073,1,160.736529488856,1,901.650024414062,0.00730000017210841,0,152.440994262695,-94.4063,25.8773,15.895489735604,51,51,51,51,51,51,0,8039,1.18613289235474,26,-94,0.0073,51,2025-05-25 19:21:48.002069,1.0543,1.13
"2904010",6,0,4,0,1,0,1,167.749786471773,1,951.5,0,0,159.092300415039,-94.4063,25.8773,15.895489735604,51,51,51,51,51,51,0,8039,1.18613289235474,26,-94,0.0073,51,2025-05-25 19:21:48.002069,1.0543,1.13
"2904010",6,0,4,0.0073,1,0.0073,1,174.645898412036,1,999.200012207031,0.00730000017210841,0,165.632507324219,-94.4063,25.8773,15.895489735604,51,51,51,51,51,51,0,8039,1.18613289235474,26,-94,0.0073,51,2025-05-25 19:21:48.002069,1.0543,1.13
"2904010",6,0,4,0,1,0,1,188.814109451163,1,1100.18005371094,0,0,179.06950378418,-94.4063,25.8773,15.895489735604,51,51,51,51,51,51,0,8039,1.18613289235474,26,-94,0.0073,51,2025-05-25 19:21:48.002069,1.0543,1.13
"2904010",6,0,4,0.0073,1,0.0073,1,195.639557879912,1,1198.76000976562,0.00730000017210841,0,185.542694091797,-94.4063,25.8773,15.895489735604,51,51,51,51,51,51,0,8039,1.18613289235474,26,-94,0.0073,51,2025-05-25 19:21:48.002069,1.0543,1.13
"2904010",6,0,4,0,1,0,1,202.62613906545,1,1299.97998046875,0,0,192.168701171875,-94.4063,25.8773,15.895489735604,51,51,51,51,51,51,0,8039,1.18613289235474,26,-94,0.0073,51,2025-05-25 19:21:48.002069,1.0543,1.13
"2904010",6,0,4,0.0146,1,0.0146,1,206.256187364928,1,1400.08996582031,0.0146000003442168,0,195.611404418945,-94.4063,25.8773,15.895489735604,51,51,51,51,51,51,0,8039,1.18613289235474,26,-94,0.0073,51,2025-05-25 19:21:48.002069,1.0543,1.13
"2904010",6,0,4,0,1,0,1,209.487755885338,4,1499.35998535156,0,0,198.676193237305,-94.4063,25.8773,15.895489735604,51,51,51,51,51,51,0,8039,1.18613289235474,26,-94,0.0073,51,2025-05-25 19:21:48.002069,1.0543,1.13
"2904010",7,0.00615445372694104,1,0.0073,1,0.0073,1,200.478959782037,1,6.78000020980835,0.00730000017210841,0.0186689365655184,190.12890625,-94.4858,25.8293,13.9086692950398,51,51,51,51,51,51,0.0073,8039,1.18613289235474,26,-94,0.0073,51,2025-05-26 09:21:43.000996,1.0543,1.13
"2904010",7,0.00615445372694104,1,0.0073,1,0.0073,1,200.79802931329,1,11.3000001907349,0.00730000017210841,0.0146000003442168,190.431503295898,-94.4858,25.8293,13.9086692950398,51,51,51,51,51,51,0.0073,8039,1.18613289235474,26,-94,0.0073,51,2025-05-26 09:21:43.000996,1.0543,1.13
"2904010",7,0.0184633611808231,1,0.0219,1,0.0219,1,202.379572236671,1,16.4799995422363,0.0219000000506639,0.0292000006884336,191.931396484375,-94.4858,25.8293,13.9086692950398,51,51,51,51,51,51,0.0219,8039,1.18613289235474,26,-94,0.0073,51,2025-05-26 09:21:43.000996,1.0543,1.13
"2904010",7,0.00615445372694104,1,0.0073,1,0.0073,1,203.721350440436,1,21.7000007629395,0.00730000017210841,0.0146000003442168,193.203903198242,-94.4858,25.8293,13.9086692950398,51,51,51,51,51,51,0.0073,8039,1.18613289235474,26,-94,0.0073,51,2025-05-26 09:21:43.000996,1.0543,1.13
"2904010",7,0.0184633611808231,1,0.0219,1,0.0219,1,205.184700394396,1,26.8199996948242,0.0219000000506639,0.0292000006884336,194.591705322266,-94.4858,25.8293,13.9086692950398,51,51,51,51,51,51,0.0219,8039,1.18613289235474,26,-94,0.0073,51,2025-05-26 09:21:43.000996,1.0543,1.13
"2904010",7,0.0184633611808231,1,0.0219,1,0.0219,1,206.577707350493,1,31.9400005340576,0.0219000000506639,0.0292000006884336,195.912796020508,-94.4858,25.8293,13.9086692950398,51,51,51,51,51,51,0.0219,8039,1.18613289235474,26,-94,0.0073,51,2025-05-26 09:21:43.000996,1.0543,1.13
"2904010",7,0.0246178149077642,1,0.0292,1,0.0292,1,206.92926144549,1,36.7099990844727,0.0292000006884336,0.0364999994635582,196.246200561523,-94.4858,25.8293,13.9086692950398,51,51,51,51,51,51,0.0292,8039,1.18613289235474,26,-94,0.0073,51,2025-05-26 09:21:43.000996,1.0543,1.13
"2904010",7,0.0307722686347052,1,0.0365,1,0.0365,1,207.58163965555,1,41.7700004577637,0.0364999994635582,0.0438000001013279,196.864898681641,-94.4858,25.8293,13.9086692950398,51,51,51,51,51,51,0.0365,8039,1.18613289235474,26,-94,0.0073,51,2025-05-26 09:21:43.000996,1.0543,1.13
"2904010",7,0.0430811760885873,1,0.0511,1,0.0511,1,208.872382180169,1,46.5699996948242,0.0511000007390976,0.0584000013768673,198.089004516602,-94.4858,25.8293,13.9086692950398,51,51,51,51,51,51,0.0511,8039,1.18613289235474,26,-94,0.0073,51,2025-05-26 09:21:43.000996,1.0543,1.13
"2904010",7,0.0430811760885873,1,0.0511,1,0.0511,1,210.97113599315,1,51.7999992370605,0.0511000007390976,0.0584000013768673,200.079406738281,-94.4858,25.8293,13.9086692950398,51,51,51,51,51,51,0.0511,8039,1.18613289235474,26,-94,0.0073,51,2025-05-26 09:21:43.000996,1.0543,1.13
"2904010",7,0.0430811760885873,1,0.0511,1,0.0511,1,210.150253158975,1,56.4099998474121,0.0511000007390976,0.0584000013768673,199.300903320312,-94.4858,25.8293,13.9086692950398,51,51,51,51,51,51,0.0511,8039,1.18613289235474,26,-94,0.0073,51,2025-05-26 09:21:43.000996,1.0543,1.13
"2904010",7,0.0676989909963514,1,0.0803,1,0.0803,1,208.292020268928,1,61.6800003051758,0.0803000032901764,0.0876000002026558,197.538604736328,-94.4858,25.8293,13.9086692950398,51,51,51,51,51,51,0.0803,8039,1.18613289235474,26,-94,0.0073,51,2025-05-26 09:21:43.000996,1.0543,1.13
"2904010",7,0.0800078984502335,1,0.0949,1,0.0949,1,209.149908797313,1,66.8099975585938,0.0948999971151352,0.102200001478195,198.352203369141,-94.4858,25.8293,13.9086692950398,51,51,51,51,51,51,0.0949,8039,1.18613289235474,26,-94,0.0073,51,2025-05-26 09:21:43.000996,1.0543,1.13
"2904010",7,0.0923168059041156,1,0.1095,1,0.1095,1,210.323278913556,1,71.7300033569336,0.109499998390675,0.116800002753735,199.464996337891,-94.4858,25.8293,13.9086692950398,51,51,51,51,51,51,0.1095,8039,1.18613289235474,26,-94,0.0073,51,2025-05-26 09:21:43.000996,1.0543,1.13
"2904010",7,0.104625713357998,1,0.1241,1,0.1241,1,209.848045352736,1,76.5400009155273,0.124099999666214,0.131400004029274,199.014297485352,-94.4858,25.8293,13.9086692950398,51,51,51,51,51,51,0.1241,8039,1.18613289235474,26,-94,0.0073,51,2025-05-26 09:21:43.000996,1.0543,1.13
"2904010",7,0.11693462081188,1,0.1387,1,0.1387,1,206.521410426997,1,81.9000015258789,0.138699993491173,0.145999997854233,195.859405517578,-94.4858,25.8293,13.9086692950398,51,51,51,51,51,51,0.1387,8039,1.18613289235474,26,-94,0.0073,51,2025-05-26 09:21:43.000996,1.0543,1.13
"2904010",7,0.252332602804583,1,0.2993,1,0.2993,1,198.146748306886,1,86.4599990844727,0.299299985170364,0.306600004434586,187.917098999023,-94.4858,25.8293,13.9086692950398,51,51,51,51,51,51,0.2993,8039,1.18613289235474,26,-94,0.0073,51,2025-05-26 09:21:43.000996,1.0543,1.13
"2904010",7,0.400039492251167,1,0.4745,1,0.4745,1,201.221165292435,1,91.3899993896484,0.474500000476837,0.481799989938736,190.832794189453,-94.4858,25.8293,13.9086692950398,51,51,51,51,51,51,0.4745,8039,1.18613289235474,26,-94,0.0073,51,2025-05-26 09:21:43.000996,1.0543,1.13
"2904010",7,0.227714787896818,1,0.2701,1,0.2701,1,204.417910231497,1,96.6800003051758,0.270099997520447,0.277399986982346,193.864501953125,-94.4858,25.8293,13.9086692950398,51,51,51,51,51,51,0.2701,8039,1.18613289235474,26,-94,0.0073,51,2025-05-26 09:21:43.000996,1.0543,1.13
"2904010",7,0.313877140073993,1,0.3723,1,0.3723,1,203.411757584787,1,101.540000915527,0.372299998998642,0.379599988460541,192.910293579102,-94.4858,25.8293,13.9086692950398,51,51,51,51,51,51,0.3723,8039,1.18613289235474,26,-94,0.0073,51,2025-05-26 09:21:43.000996,1.0543,1.13
"2904010",7,0.326186047527875,1,0.3869,1,0.3869,1,201.500815714638,1,111.860000610352,0.386900007724762,0.394199997186661,191.098007202148,-94.4858,25.8293,13.9086692950398,51,51,51,51,51,51,0.3869,8039,1.18613289235474,26,-94,0.0073,51,2025-05-26 09:21:43.000996,1.0543,1.13
"2904010",7,0.307722686347052,1,0.365,1,0.365,1,199.006004437014,1,121.209999084473,0.365000009536743,0.372299998998642,188.731994628906,-94.4858,25.8293,13.9086692950398,51,51,51,51,51,51,0.365,8039,1.18613289235474,26,-94,0.0073,51,2025-05-26 09:21:43.000996,1.0543,1.13
"2904010",7,0.215405880442936,1,0.2555,1,0.2555,1,191.687790528875,1,131.419998168945,0.255499988794327,0.262800008058548,181.791595458984,-94.4858,25.8293,13.9086692950398,51,51,51,51,51,51,0.2555,8039,1.18613289235474,26,-94,0.0073,51,2025-05-26 09:21:43.000996,1.0543,1.13
"2904010",7,0.172324704354349,1,0.2044,1,0.2044,1,177.025217385165,1,141.889999389648,0.20440000295639,0.21170000731945,167.886001586914,-94.4858,25.8293,13.9086692950398,51,51,51,51,51,51,0.2044,8039,1.18613289235474,26,-94,0.0073,51,2025-05-26 09:21:43.000996,1.0543,1.13
"2904010",7,0.153861343173526,1,0.1825,1,0.1825,1,166.256351207385,1,151.690002441406,0.182500004768372,0.18979999423027,157.673095703125,-94.4858,25.8293,13.9086692950398,51,51,51,51,51,51,0.1825,8039,1.18613289235474,26,-94,0.0073,51,2025-05-26 09:21:43.000996,1.0543,1.13
"2904010",7,0.160015796900467,1,0.1898,1,0.1898,1,145.457590386339,1,161.789993286133,0.18979999423027,0.19709999859333,137.948104858398,-94.4858,25.8293,13.9086692950398,51,51,51,51,51,51,0.1898,8039,1.18613289235474,26,-94,0.0073,51,2025-05-26 09:21:43.000996,1.0543,1.13
"2904010",7,0.135397981992703,1,0.1606,1,0.1606,1,138.790596249137,1,171.649993896484,0.160600006580353,0.167899996042252,131.625305175781,-94.4858,25.8293,13.9086692950398,51,51,51,51,51,51,0.1606,8039,1.18613289235474,26,-94,0.0073,51,2025-05-26 09:21:43.000996,1.0543,1.13
"2904010",7,0.0923168059041156,1,0.1095,1,0.1095,1,136.327432884779,1,181.289993286133,0.109499998390675,0.116800002753735,129.289306640625,-94.4858,25.8293,13.9086692950398,51,51,51,51,51,51,0.1095,8039,1.18613289235474,26,-94,0.0073,51,2025-05-26 09:21:43.000996,1.0543,1.13
"2904010",7,0.0676989909963514,1,0.0803,1,0.0803,1,135.934223249647,1,191.270004272461,0.0803000032901764,0.0876000002026558,128.916397094727,-94.4858,25.8293,13.9086692950398,51,51,51,51,51,51,0.0803,8039,1.18613289235474,26,-94,0.0073,51,2025-05-26 09:21:43.000996,1.0543,1.13
"2904010",7,0.0369267223616462,1,0.0438,1,0.0438,1,135.682745423341,1,201.899993896484,0.0438000001013279,0.0511000007390976,128.67790222168,-94.4858,25.8293,13.9086692950398,51,51,51,51,51,51,0.0438,8039,1.18613289235474,26,-94,0.0073,51,2025-05-26 09:21:43.000996,1.0543,1.13
"2904010",7,0.0246178149077642,1,0.0292,1,0.0292,1,135.482512438799,1,211.570007324219,0.0292000006884336,0.0364999994635582,128.488006591797,-94.4858,25.8293,13.9086692950398,51,51,51,51,51,51,0.0292,8039,1.18613289235474,26,-94,0.0073,51,2025-05-26 09:21:43.000996,1.0543,1.13
"2904010",7,0,1,0,1,0,1,135.988637709569,1,221.630004882812,0,0.00730000017210841,128.968002319336,-94.4858,25.8293,13.9086692950398,51,51,51,51,51,51,0,8039,1.18613289235474,26,-94,0.0073,51,2025-05-26 09:21:43.000996,1.0543,1.13
"2904010",7,0,1,-0.0073,1,-0.0073,1,135.86769344723,1,231.119995117188,-0.00730000017210841,0,128.853302001953,-94.4858,25.8293,13.9086692950398,51,51,51,51,51,51,0,8039,1.18613289235474,26,-94,0.0073,51,2025-05-26 09:21:43.000996,1.0543,1.13
"2904010",7,0,1,-0.0073,1,-0.0073,1,134.626723581325,1,240.869995117188,-0.00730000017210841,0,127.676399230957,-94.4858,25.8293,13.9086692950398,51,51,51,51,51,51,0,8039,1.18613289235474,26,-94,0.0073,51,2025-05-26 09:21:43.000996,1.0543,1.13
"2904010",7,0,1,-0.0073,1,-0.0073,1,133.062991659461,1,251.110000610352,-0.00730000017210841,0,126.193397521973,-94.4858,25.8293,13.9086692950398,51,51,51,51,51,51,0,8039,1.18613289235474,26,-94,0.0073,51,2025-05-26 09:21:43.000996,1.0543,1.13
"2904010",7,0,1,-0.0073,1,-0.0073,1,129.793498352411,1,261.730010986328,-0.00730000017210841,0,123.092697143555,-94.4858,25.8293,13.9086692950398,51,51,51,51,51,51,0,8039,1.18613289235474,26,-94,0.0073,51,2025-05-26 09:21:43.000996,1.0543,1.13
"2904010",7,0,1,-0.0073,1,-0.0073,1,128.454053116326,1,271.519989013672,-0.00730000017210841,0,121.822402954102,-94.4858,25.8293,13.9086692950398,51,51,51,51,51,51,0,8039,1.18613289235474,26,-94,0.0073,51,2025-05-26 09:21:43.000996,1.0543,1.13
"2904010",7,0,1,-0.0073,1,-0.0073,1,128.04102934536,1,281.549987792969,-0.00730000017210841,0,121.430702209473,-94.4858,25.8293,13.9086692950398,51,51,51,51,51,51,0,8039,1.18613289235474,26,-94,0.0073,51,2025-05-26 09:21:43.000996,1.0543,1.13
"2904010",7,0,1,-0.0073,1,-0.0073,1,127.833934217957,1,291.350006103516,-0.00730000017210841,0,121.234298706055,-94.4858,25.8293,13.9086692950398,51,51,51,51,51,51,0,8039,1.18613289235474,26,-94,0.0073,51,2025-05-26 09:21:43.000996,1.0543,1.13
"2904010",7,0,1,0,1,0,1,128.624239086112,1,301.279998779297,0,0,121.98380279541,-94.4858,25.8293,13.9086692950398,51,51,51,51,51,51,0,8039,1.18613289235474,26,-94,0.0073,51,2025-05-26 09:21:43.000996,1.0543,1.13
"2904010",7,0,1,-0.0073,1,-0.0073,1,127.262429539178,1,311.730010986328,-0.00730000017210841,0,120.69229888916,-94.4858,25.8293,13.9086692950398,51,51,51,51,51,51,0,8039,1.18613289235474,26,-94,0.0073,51,2025-05-26 09:21:43.000996,1.0543,1.13
"2904010",7,0,1,-0.0073,1,-0.0073,1,125.871835997921,1,321.059997558594,-0.00730000017210841,0,119.373497009277,-94.4858,25.8293,13.9086692950398,51,51,51,51,51,51,0,8039,1.18613289235474,26,-94,0.0073,51,2025-05-26 09:21:43.000996,1.0543,1.13
"2904010",7,0,1,-0.0073,1,-0.0073,1,122.429735261529,1,331.579986572266,-0.00730000017210841,0,116.109100341797,-94.4858,25.8293,13.9086692950398,51,51,51,51,51,51,0,8039,1.18613289235474,26,-94,0.0073,51,2025-05-26 09:21:43.000996,1.0543,1.13
"2904010",7,0,1,-0.0073,1,-0.0073,1,121.695107873728,1,341.160003662109,-0.00730000017210841,0,115.412399291992,-94.4858,25.8293,13.9086692950398,51,51,51,51,51,51,0,8039,1.18613289235474,26,-94,0.0073,51,2025-05-26 09:21:43.000996,1.0543,1.13
"2904010",7,0,1,-0.0073,1,-0.0073,1,121.370978216028,1,350.920013427734,-0.00730000017210841,0,115.105003356934,-94.4858,25.8293,13.9086692950398,51,51,51,51,51,51,0,8039,1.18613289235474,26,-94,0.0073,51,2025-05-26 09:21:43.000996,1.0543,1.13
"2904010",7,0,1,-0.0073,1,-0.0073,1,119.311241276289,1,361.790008544922,-0.00730000017210841,0,113.15160369873,-94.4858,25.8293,13.9086692950398,51,51,51,51,51,51,0,8039,1.18613289235474,26,-94,0.0073,51,2025-05-26 09:21:43.000996,1.0543,1.13
"2904010",7,0,1,-0.0073,1,-0.0073,1,116.964380373061,1,381.600006103516,-0.00730000017210841,0,110.925903320312,-94.4858,25.8293,13.9086692950398,51,51,51,51,51,51,0,8039,1.18613289235474,26,-94,0.0073,51,2025-05-26 09:21:43.000996,1.0543,1.13
"2904010",7,0,1,-0.0073,1,-0.0073,1,116.543866971375,1,401.329986572266,-0.00730000017210841,0,110.527099609375,-94.4858,25.8293,13.9086692950398,51,51,51,51,51,51,0,8039,1.18613289235474,26,-94,0.0073,51,2025-05-26 09:21:43.000996,1.0543,1.13
"2904010",7,0,1,-0.0073,1,-0.0073,1,115.320193245155,1,451.420013427734,-0.00730000017210841,0,109.366600036621,-94.4858,25.8293,13.9086692950398,51,51,51,51,51,51,0,8039,1.18613289235474,26,-94,0.0073,51,2025-05-26 09:21:43.000996,1.0543,1.13
"2904010",7,0,1,-0.0073,1,-0.0073,1,113.517316046816,1,501.25,-0.00730000017210841,0,107.656799316406,-94.4858,25.8293,13.9086692950398,51,51,51,51,51,51,0,8039,1.18613289235474,26,-94,0.0073,51,2025-05-26 09:21:43.000996,1.0543,1.13
"2904010",7,0,1,-0.0073,1,-0.0073,1,113.798430607355,1,551.539978027344,-0.00730000017210841,0,107.923400878906,-94.4858,25.8293,13.9086692950398,51,51,51,51,51,51,0,8039,1.18613289235474,26,-94,0.0073,51,2025-05-26 09:21:43.000996,1.0543,1.13
"2904010",7,0,1,0,1,0,1,117.595987126067,1,600.929992675781,0,0,111.52490234375,-94.4858,25.8293,13.9086692950398,51,51,51,51,51,51,0,8039,1.18613289235474,26,-94,0.0073,51,2025-05-26 09:21:43.000996,1.0543,1.13
"2904010",7,0,1,0,1,0,1,124.741271816219,1,651.510009765625,0,0,118.301300048828,-94.4858,25.8293,13.9086692950398,51,51,51,51,51,51,0,8039,1.18613289235474,26,-94,0.0073,51,2025-05-26 09:21:43.000996,1.0543,1.13
"2904010",7,0,1,0,1,0,1,132.697528250271,1,701.609985351562,0,0,125.846801757812,-94.4858,25.8293,13.9086692950398,51,51,51,51,51,51,0,8039,1.18613289235474,26,-94,0.0073,51,2025-05-26 09:21:43.000996,1.0543,1.13
"2904010",7,0,1,0,1,0,1,139.363042159704,1,750.510009765625,0,0,132.168197631836,-94.4858,25.8293,13.9086692950398,51,51,51,51,51,51,0,8039,1.18613289235474,26,-94,0.0073,51,2025-05-26 09:21:43.000996,1.0543,1.13
"2904010",7,0,1,0,1,0,1,147.648070052665,1,801.200012207031,0,0,140.025497436523,-94.4858,25.8293,13.9086692950398,51,51,51,51,51,51,0,8039,1.18613289235474,26,-94,0.0073,51,2025-05-26 09:21:43.000996,1.0543,1.13
"2904010",7,0,1,0.0073,1,0.0073,1,153.913117993015,1,851.77001953125,0.00730000017210841,0,145.967102050781,-94.4858,25.8293,13.9086692950398,51,51,51,51,51,51,0,8039,1.18613289235474,26,-94,0.0073,51,2025-05-26 09:21:43.000996,1.0543,1.13
"2904010",7,0,1,0,1,0,1,159.935746457423,1,901.150024414062,0,0,151.678802490234,-94.4858,25.8293,13.9086692950398,51,51,51,51,51,51,0,8039,1.18613289235474,26,-94,0.0073,51,2025-05-26 09:21:43.000996,1.0543,1.13
"2904010",7,0,1,0,1,0,1,167.316693061965,1,951.640014648438,0,0,158.678695678711,-94.4858,25.8293,13.9086692950398,51,51,51,51,51,51,0,8039,1.18613289235474,26,-94,0.0073,51,2025-05-26 09:21:43.000996,1.0543,1.13
"2904010",7,0,1,0.0073,1,0.0073,1,172.615988920023,1,999.349975585938,0.00730000017210841,0,163.704406738281,-94.4858,25.8293,13.9086692950398,51,51,51,51,51,51,0,8039,1.18613289235474,26,-94,0.0073,51,2025-05-26 09:21:43.000996,1.0543,1.13
"2904010",7,0,1,0,1,0,1,183.869147008988,1,1099.68994140625,0,0,174.376602172852,-94.4858,25.8293,13.9086692950398,51,51,51,51,51,51,0,8039,1.18613289235474,26,-94,0.0073,51,2025-05-26 09:21:43.000996,1.0543,1.13
"2904010",7,0,1,-0.0073,1,-0.0073,1,194.286555628365,1,1199.67004394531,-0.00730000017210841,0,184.256195068359,-94.4858,25.8293,13.9086692950398,51,51,51,51,51,51,0,8039,1.18613289235474,26,-94,0.0073,51,2025-05-26 09:21:43.000996,1.0543,1.13
"2904010",7,0,1,0,1,0,1,201.751971752299,1,1299.71997070312,0,0,191.336196899414,-94.4858,25.8293,13.9086692950398,51,51,51,51,51,51,0,8039,1.18613289235474,26,-94,0.0073,51,2025-05-26 09:21:43.000996,1.0543,1.13
"2904010",7,0,1,0,1,0,1,206.119560766739,1,1399.59997558594,0,0,195.478302001953,-94.4858,25.8293,13.9086692950398,51,51,51,51,51,51,0,8039,1.18613289235474,26,-94,0.0073,51,2025-05-26 09:21:43.000996,1.0543,1.13
"2904010",7,0,1,0,1,0,1,209.088849401866,4,1499.61999511719,0,0,198.294296264648,-94.4858,25.8293,13.9086692950398,51,51,51,51,51,51,0,8039,1.18613289235474,26,-94,0.0073,51,2025-05-26 09:21:43.000996,1.0543,1.13
"2904010",7,0.0123089074538821,1,0.0146,1,0.0146,1,99999,9,99999,99999,99999,99999,-94.4858,25.8293,13.9086692950398,51,51,51,51,51,51,0.0146,8039,1.18613289235474,26,-94,0.0073,51,2025-05-26 09:21:43.000996,1.0543,1.13
"2904010",8,0.0125360342055551,5,0.0146,1,0.0146,1,200.159057348584,1,7.15000009536743,0.0146000003442168,0.0219000000506639,189.822296142578,-94.5583,25.7821,13.9087167362246,51,51,51,51,51,51,0.0146,8038,1.16464264221059,26,-95,0.0073,51,2025-05-26 22:32:09.002407,1.0543,1.13
"2904010",8,0.00626801710277755,5,0.0073,1,0.0073,1,200.426886585702,1,11.4099998474121,0.00730000017210841,0.0146000003442168,190.076293945312,-94.5583,25.7821,13.9087167362246,51,51,51,51,51,51,0.0073,8038,1.16464264221059,26,-95,0.0073,51,2025-05-26 22:32:09.002407,1.0543,1.13
"2904010",8,0.0125360342055551,1,0.0146,1,0.0146,1,201.190954518675,1,16.3899993896484,0.0146000003442168,0.0219000000506639,190.800903320312,-94.5583,25.7821,13.9087167362246,51,51,51,51,51,51,0.0146,8038,1.16464264221059,26,-95,0.0073,51,2025-05-26 22:32:09.002407,1.0543,1.13
"2904010",8,0.0125360342055551,1,0.0146,1,0.0146,1,203.272769328976,1,21.4599990844727,0.0146000003442168,0.0219000000506639,192.775207519531,-94.5583,25.7821,13.9087167362246,51,51,51,51,51,51,0.0146,8038,1.16464264221059,26,-95,0.0073,51,2025-05-26 22:32:09.002407,1.0543,1.13
"2904010",8,0.0188040513083326,1,0.0219,1,0.0219,1,205.911738460011,1,26.2600002288818,0.0219000000506639,0.0292000006884336,195.277893066406,-94.5583,25.7821,13.9087167362246,51,51,51,51,51,51,0.0219,8038,1.16464264221059,26,-95,0.0073,51,2025-05-26 22:32:09.002407,1.0543,1.13
"2904010",8,0.0250720684111102,1,0.0292,1,0.0292,1,207.291495062189,1,31.4500007629395,0.0292000006884336,0.0364999994635582,196.586395263672,-94.5583,25.7821,13.9087167362246,51,51,51,51,51,51,0.0292,8038,1.16464264221059,26,-95,0.0073,51,2025-05-26 22:32:09.002407,1.0543,1.13
"2904010",8,0.0376081026166653,1,0.0438,1,0.0438,1,207.832430959817,1,36.8300018310547,0.0438000001013279,0.0511000007390976,197.099395751953,-94.5583,25.7821,13.9087167362246,51,51,51,51,51,51,0.0438,8038,1.16464264221059,26,-95,0.0073,51,2025-05-26 22:32:09.002407,1.0543,1.13
"2904010",8,0.0564121539249979,1,0.0657,1,0.0657,1,208.953111124648,1,41.5999984741211,0.065700002014637,0.0729999989271164,198.162200927734,-94.5583,25.7821,13.9087167362246,51,51,51,51,51,51,0.0657,8038,1.16464264221059,26,-95,0.0073,51,2025-05-26 22:32:09.002407,1.0543,1.13
"2904010",8,0.0438761197194428,4,0.0511,1,0.0511,1,210.812324859884,1,46.7299995422363,0.0511000007390976,0.0584000013768673,199.925399780273,-94.5583,25.7821,13.9087167362246,51,51,51,51,51,51,0.0511,8038,1.16464264221059,26,-95,0.0073,51,2025-05-26 22:32:09.002407,1.0543,1.13
"2904010",8,0.0752162052333305,1,0.0876,1,0.0876,1,209.569652548241,1,51.8300018310547,0.0876000002026558,0.0948999971151352,198.74690246582,-94.5583,25.7821,13.9087167362246,51,51,51,51,51,51,0.0876,8038,1.16464264221059,26,-95,0.0073,51,2025-05-26 22:32:09.002407,1.0543,1.13
"2904010",8,0.0752162052333305,1,0.0876,1,0.0876,1,206.71028663179,1,56.5099983215332,0.0876000002026558,0.0948999971151352,196.035202026367,-94.5583,25.7821,13.9087167362246,51,51,51,51,51,51,0.0876,8038,1.16464264221059,26,-95,0.0073,51,2025-05-26 22:32:09.002407,1.0543,1.13
"2904010",8,0.0814842223361081,1,0.0949,1,0.0949,1,209.031451900542,1,61.6300010681152,0.0948999971151352,0.102200001478195,198.23649597168,-94.5583,25.7821,13.9087167362246,51,51,51,51,51,51,0.0949,8038,1.16464264221059,26,-95,0.0073,51,2025-05-26 22:32:09.002407,1.0543,1.13
"2904010",8,0.0940202565416632,1,0.1095,1,0.1095,1,209.715586176781,1,66.6100006103516,0.109499998390675,0.116800002753735,198.885299682617,-94.5583,25.7821,13.9087167362246,51,51,51,51,51,51,0.1095,8038,1.16464264221059,26,-95,0.0073,51,2025-05-26 22:32:09.002407,1.0543,1.13
"2904010",8,0.106556290747218,1,0.1241,1,0.1241,1,208.413542851984,1,71.4700012207031,0.124099999666214,0.131400004029274,197.650497436523,-94.5583,25.7821,13.9087167362246,51,51,51,51,51,51,0.1241,8038,1.16464264221059,26,-95,0.0073,51,2025-05-26 22:32:09.002407,1.0543,1.13
"2904010",8,0.137896376261106,1,0.1606,1,0.1606,1,205.267361845969,1,76.8899993896484,0.160600006580353,0.167899996042252,194.666793823242,-94.5583,25.7821,13.9087167362246,51,51,51,51,51,51,0.1606,8038,1.16464264221059,26,-95,0.0073,51,2025-05-26 22:32:09.002407,1.0543,1.13
"2904010",8,0.150432410466661,1,0.1752,1,0.1752,1,205.8754722639,1,81.8199996948242,0.175200000405312,0.182500004768372,195.243499755859,-94.5583,25.7821,13.9087167362246,51,51,51,51,51,51,0.1752,8038,1.16464264221059,26,-95,0.0073,51,2025-05-26 22:32:09.002407,1.0543,1.13
"2904010",8,0.219380598597214,1,0.2555,1,0.2555,1,204.778202620517,1,86.6600036621094,0.255499988794327,0.262800008058548,194.202896118164,-94.5583,25.7821,13.9087167362246,51,51,51,51,51,51,0.2555,8038,1.16464264221059,26,-95,0.0073,51,2025-05-26 22:32:09.002407,1.0543,1.13
"2904010",8,0.275792752522212,1,0.3212,1,0.3212,1,204.066667575876,1,91.370002746582,0.321200013160706,0.328500002622604,193.528106689453,-94.5583,25.7821,13.9087167362246,51,51,51,51,51,51,0.3212,8038,1.16464264221059,26,-95,0.0073,51,2025-05-26 22:32:09.002407,1.0543,1.13
"2904010",8,0.35727697485832,1,0.4161,1,0.4161,1,204.24307510656,1,96.2600021362305,0.41609999537468,0.423400014638901,193.695404052734,-94.5583,25.7821,13.9087167362246,51,51,51,51,51,51,0.4161,8038,1.16464264221059,26,-95,0.0073,51,2025-05-26 22:32:09.002407,1.0543,1.13
"2904010",8,0.28206076962499,1,0.3285,1,0.3285,1,204.444791743936,1,101.720001220703,0.328500002622604,0.335799992084503,193.886703491211,-94.5583,25.7821,13.9087167362246,51,51,51,51,51,51,0.3285,8038,1.16464264221059,26,-95,0.0073,51,2025-05-26 22:32:09.002407,1.0543,1.13
"2904010",8,0.250720684111102,4,0.292,1,0.292,1,202.675406834293,1,111.129997253418,0.291999995708466,0.299299985170364,192.208694458008,-94.5583,25.7821,13.9087167362246,51,51,51,51,51,51,0.292,8038,1.16464264221059,26,-95,0.0073,51,2025-05-26 22:32:09.002407,1.0543,1.13
"2904010",8,0.231916632802769,4,0.2701,1,0.2701,1,198.662473395047,1,121.540000915527,0.270099997520447,0.277399986982346,188.40299987793,-94.5583,25.7821,13.9087167362246,51,51,51,51,51,51,0.2701,8038,1.16464264221059,26,-95,0.0073,51,2025-05-26 22:32:09.002407,1.0543,1.13
"2904010",8,0.263256718316657,1,0.3066,1,0.3066,1,191.020941310923,1,131.809997558594,0.306600004434586,0.313899993896484,181.156097412109,-94.5583,25.7821,13.9087167362246,51,51,51,51,51,51,0.3066,8038,1.16464264221059,26,-95,0.0073,51,2025-05-26 22:32:09.002407,1.0543,1.13
"2904010",8,0.200576547288881,1,0.2336,1,0.2336,1,175.995811210933,1,141.809997558594,0.233600005507469,0.240899994969368,166.90690612793,-94.5583,25.7821,13.9087167362246,51,51,51,51,51,51,0.2336,8038,1.16464264221059,26,-95,0.0073,51,2025-05-26 22:32:09.002407,1.0543,1.13
"2904010",8,0.169236461774994,1,0.1971,1,0.1971,1,157.806141750996,1,151.630004882812,0.19709999859333,0.20440000295639,149.656600952148,-94.5583,25.7821,13.9087167362246,51,51,51,51,51,51,0.1971,8038,1.16464264221059,26,-95,0.0073,51,2025-05-26 22:32:09.002407,1.0543,1.13
"2904010",8,0.156700427569439,1,0.1825,1,0.1825,1,143.637321865392,1,161.759994506836,0.182500004768372,0.18979999423027,136.219497680664,-94.5583,25.7821,13.9087167362246,51,51,51,51,51,51,0.1825,8038,1.16464264221059,26,-95,0.0073,51,2025-05-26 22:32:09.002407,1.0543,1.13
"2904010",8,0.125360342055551,1,0.146,1,0.146,1,137.837932339008,1,171.910003662109,0.145999997854233,0.153300002217293,130.719604492188,-94.5583,25.7821,13.9087167362246,51,51,51,51,51,51,0.146,8038,1.16464264221059,26,-95,0.0073,51,2025-05-26 22:32:09.002407,1.0543,1.13
"2904010",8,0.100288273644441,1,0.1168,1,0.1168,1,136.280818913525,1,181.860000610352,0.116800002753735,0.124099999666214,129.242904663086,-94.5583,25.7821,13.9087167362246,51,51,51,51,51,51,0.1168,8038,1.16464264221059,26,-95,0.0073,51,2025-05-26 22:32:09.002407,1.0543,1.13
"2904010",8,0.0501441368222204,1,0.0584,1,0.0584,1,135.99673907389,1,191.889999389648,0.0584000013768673,0.065700002014637,128.973495483398,-94.5583,25.7821,13.9087167362246,51,51,51,51,51,51,0.0584,8038,1.16464264221059,26,-95,0.0073,51,2025-05-26 22:32:09.002407,1.0543,1.13
"2904010",8,0.0313400855138877,1,0.0365,1,0.0365,1,135.530990369885,1,201.259994506836,0.0364999994635582,0.0438000001013279,128.531799316406,-94.5583,25.7821,13.9087167362246,51,51,51,51,51,51,0.0365,8038,1.16464264221059,26,-95,0.0073,51,2025-05-26 22:32:09.002407,1.0543,1.13
"2904010",8,0.0188040513083326,1,0.0219,1,0.0219,1,135.690841593649,1,211.419998168945,0.0219000000506639,0.0292000006884336,128.683395385742,-94.5583,25.7821,13.9087167362246,51,51,51,51,51,51,0.0219,8038,1.16464264221059,26,-95,0.0073,51,2025-05-26 22:32:09.002407,1.0543,1.13
"2904010",8,0,1,0,1,0,1,136.223233857677,1,221.100006103516,0,0.00730000017210841,129.188293457031,-94.5583,25.7821,13.9087167362246,51,51,51,51,51,51,0,8038,1.16464264221059,26,-95,0.0073,51,2025-05-26 22:32:09.002407,1.0543,1.13
"2904010",8,0,1,0,1,0,1,135.874746927078,1,231.809997558594,0,0.00730000017210841,128.857803344727,-94.5583,25.7821,13.9087167362246,51,51,51,51,51,51,0,8038,1.16464264221059,26,-95,0.0073,51,2025-05-26 22:32:09.002407,1.0543,1.13
"2904010",8,0,1,-0.0073,1,-0.0073,1,136.492865141807,1,241.070007324219,-0.00730000017210841,0,129.444000244141,-94.5583,25.7821,13.9087167362246,51,51,51,51,51,51,0,8038,1.16464264221059,26,-95,0.0073,51,2025-05-26 22:32:09.002407,1.0543,1.13
"2904010",8,0,1,-0.0073,1,-0.0073,1,135.319684268054,1,251.449996948242,-0.00730000017210841,0,128.331405639648,-94.5583,25.7821,13.9087167362246,51,51,51,51,51,51,0,8038,1.16464264221059,26,-95,0.0073,51,2025-05-26 22:32:09.002407,1.0543,1.13
"2904010",8,0,1,-0.0073,1,-0.0073,1,132.381020238234,1,261.829986572266,-0.00730000017210841,0,125.544502258301,-94.5583,25.7821,13.9087167362246,51,51,51,51,51,51,0,8038,1.16464264221059,26,-95,0.0073,51,2025-05-26 22:32:09.002407,1.0543,1.13
"2904010",8,0,1,-0.0073,1,-0.0073,1,130.172571401095,1,271.329986572266,-0.00730000017210841,0,123.450103759766,-94.5583,25.7821,13.9087167362246,51,51,51,51,51,51,0,8038,1.16464264221059,26,-95,0.0073,51,2025-05-26 22:32:09.002407,1.0543,1.13
"2904010",8,0,1,-0.0073,1,-0.0073,1,127.585459390764,1,281.25,-0.00730000017210841,0,120.996597290039,-94.5583,25.7821,13.9087167362246,51,51,51,51,51,51,0,8038,1.16464264221059,26,-95,0.0073,51,2025-05-26 22:32:09.002407,1.0543,1.13
"2904010",8,0,1,-0.0073,1,-0.0073,1,126.059873743132,1,291.260009765625,-0.00730000017210841,0,119.549797058105,-94.5583,25.7821,13.9087167362246,51,51,51,51,51,51,0,8038,1.16464264221059,26,-95,0.0073,51,2025-05-26 22:32:09.002407,1.0543,1.13
"2904010",8,0,1,-0.0073,1,-0.0073,1,126.045642398651,1,301.230010986328,-0.00730000017210841,0,119.53630065918,-94.5583,25.7821,13.9087167362246,51,51,51,51,51,51,0,8038,1.16464264221059,26,-95,0.0073,51,2025-05-26 22:32:09.002407,1.0543,1.13
"2904010",8,0,1,0,1,0,1,123.662258238878,1,311.059997558594,0,0,117.276000976562,-94.5583,25.7821,13.9087167362246,51,51,51,51,51,51,0,8038,1.16464264221059,26,-95,0.0073,51,2025-05-26 22:32:09.002407,1.0543,1.13
"2904010",8,0,1,-0.0073,1,-0.0073,1,121.52498221385,1,321.769989013672,-0.00730000017210841,0,115.249099731445,-94.5583,25.7821,13.9087167362246,51,51,51,51,51,51,0,8038,1.16464264221059,26,-95,0.0073,51,2025-05-26 22:32:09.002407,1.0543,1.13
"2904010",8,0,1,0,1,0,1,119.483978941453,1,331.010009765625,0,0,113.313499450684,-94.5583,25.7821,13.9087167362246,51,51,51,51,51,51,0,8038,1.16464264221059,26,-95,0.0073,51,2025-05-26 22:32:09.002407,1.0543,1.13
"2904010",8,0,1,-0.0073,1,-0.0073,1,119.722814529329,1,341.709991455078,-0.00730000017210841,0,113.540000915527,-94.5583,25.7821,13.9087167362246,51,51,51,51,51,51,0,8038,1.16464264221059,26,-95,0.0073,51,2025-05-26 22:32:09.002407,1.0543,1.13
"2904010",8,0,1,0,1,0,1,121.289630047206,1,351.519989013672,0,0,115.025901794434,-94.5583,25.7821,13.9087167362246,51,51,51,51,51,51,0,8038,1.16464264221059,26,-95,0.0073,51,2025-05-26 22:32:09.002407,1.0543,1.13
"2904010",8,0,1,-0.0073,1,-0.0073,1,119.552939419063,1,361.339996337891,-0.00730000017210841,0,113.378898620605,-94.5583,25.7821,13.9087167362246,51,51,51,51,51,51,0,8038,1.16464264221059,26,-95,0.0073,51,2025-05-26 22:32:09.002407,1.0543,1.13
"2904010",8,0,1,-0.0073,1,-0.0073,1,116.084103504568,1,381.040008544922,-0.00730000017210841,0,110.089202880859,-94.5583,25.7821,13.9087167362246,51,51,51,51,51,51,0,8038,1.16464264221059,26,-95,0.0073,51,2025-05-26 22:32:09.002407,1.0543,1.13
"2904010",8,0,1,-0.0073,1,-0.0073,1,117.158485541932,1,401.869995117188,-0.00730000017210841,0,111.108100891113,-94.5583,25.7821,13.9087167362246,51,51,51,51,51,51,0,8038,1.16464264221059,26,-95,0.0073,51,2025-05-26 22:32:09.002407,1.0543,1.13
"2904010",8,0,1,-0.0073,1,-0.0073,1,115.411988238309,1,451.470001220703,-0.00730000017210841,0,109.451797485352,-94.5583,25.7821,13.9087167362246,51,51,51,51,51,51,0,8038,1.16464264221059,26,-95,0.0073,51,2025-05-26 22:32:09.002407,1.0543,1.13
"2904010",8,0,1,0,1,0,1,114.055014659065,1,501.390014648438,0,0,108.164901733398,-94.5583,25.7821,13.9087167362246,51,51,51,51,51,51,0,8038,1.16464264221059,26,-95,0.0073,51,2025-05-26 22:32:09.002407,1.0543,1.13
"2904010",8,0,1,0,1,0,1,113.704090138089,1,551.799987792969,0,0,107.832099914551,-94.5583,25.7821,13.9087167362246,51,51,51,51,51,51,0,8038,1.16464264221059,26,-95,0.0073,51,2025-05-26 22:32:09.002407,1.0543,1.13
"2904010",8,0,1,0,1,0,1,118.19163770905,1,601.200012207031,0,0,112.087898254395,-94.5583,25.7821,13.9087167362246,51,51,51,51,51,51,0,8038,1.16464264221059,26,-95,0.0073,51,2025-05-26 22:32:09.002407,1.0543,1.13
"2904010",8,0,1,0.0073,1,0.0073,1,123.777822548358,1,651.840026855469,0.00730000017210841,0,117.385597229004,-94.5583,25.7821,13.9087167362246,51,51,51,51,51,51,0,8038,1.16464264221059,26,-95,0.0073,51,2025-05-26 22:32:09.002407,1.0543,1.13
"2904010",8,0,1,0,1,0,1,129.498034634164,1,701.109985351562,0,0,122.810401916504,-94.5583,25.7821,13.9087167362246,51,51,51,51,51,51,0,8038,1.16464264221059,26,-95,0.0073,51,2025-05-26 22:32:09.002407,1.0543,1.13
"2904010",8,0,1,-0.0073,1,-0.0073,1,136.424226458306,1,751.239990234375,-0.00730000017210841,0,129.37890625,-94.5583,25.7821,13.9087167362246,51,51,51,51,51,51,0,8038,1.16464264221059,26,-95,0.0073,51,2025-05-26 22:32:09.002407,1.0543,1.13
"2904010",8,0,1,0.0073,1,0.0073,1,142.879593276371,1,801.359985351562,0.00730000017210841,0,135.500900268555,-94.5583,25.7821,13.9087167362246,51,51,51,51,51,51,0,8038,1.16464264221059,26,-95,0.0073,51,2025-05-26 22:32:09.002407,1.0543,1.13
"2904010",8,0,1,-0.0073,1,-0.0073,1,150.856643988492,1,850.929992675781,-0.00730000017210841,0,143.065994262695,-94.5583,25.7821,13.9087167362246,51,51,51,51,51,51,0,8038,1.16464264221059,26,-95,0.0073,51,2025-05-26 22:32:09.002407,1.0543,1.13
"2904010",8,0,1,0.0073,1,0.0073,1,159.347229829839,1,901.440002441406,0.00730000017210841,0,151.118103027344,-94.5583,25.7821,13.9087167362246,51,51,51,51,51,51,0,8038,1.16464264221059,26,-95,0.0073,51,2025-05-26 22:32:09.002407,1.0543,1.13
"2904010",8,0,1,0.0073,1,0.0073,1,166.931176858116,1,951.390014648438,0.00730000017210841,0,158.310394287109,-94.5583,25.7821,13.9087167362246,51,51,51,51,51,51,0,8038,1.16464264221059,26,-95,0.0073,51,2025-05-26 22:32:09.002407,1.0543,1.13
"2904010",8,0,1,-0.0073,1,-0.0073,1,171.661357187442,1,999.539978027344,-0.00730000017210841,0,162.796295166016,-94.5583,25.7821,13.9087167362246,51,51,51,51,51,51,0,8038,1.16464264221059,26,-95,0.0073,51,2025-05-26 22:32:09.002407,1.0543,1.13
"2904010",8,0,1,0.0073,1,0.0073,1,185.108827308073,1,1099.42004394531,0.00730000017210841,0,175.549301147461,-94.5583,25.7821,13.9087167362246,51,51,51,51,51,51,0,8038,1.16464264221059,26,-95,0.0073,51,2025-05-26 22:32:09.002407,1.0543,1.13
"2904010",8,0,1,0,1,0,1,195.68290128909,1,1198.93994140625,0,0,185.577301025391,-94.5583,25.7821,13.9087167362246,51,51,51,51,51,51,0,8038,1.16464264221059,26,-95,0.0073,51,2025-05-26 22:32:09.002407,1.0543,1.13
"2904010",8,0,1,0,1,0,1,201.726403826741,1,1299.16003417969,0,0,191.308700561523,-94.5583,25.7821,13.9087167362246,51,51,51,51,51,51,0,8038,1.16464264221059,26,-95,0.0073,51,2025-05-26 22:32:09.002407,1.0543,1.13
"2904010",8,0,1,0,1,0,1,206.901239256211,1,1399.88000488281,0,0,196.216293334961,-94.5583,25.7821,13.9087167362246,51,51,51,51,51,51,0,8038,1.16464264221059,26,-95,0.0073,51,2025-05-26 22:32:09.002407,1.0543,1.13
"2904010",8,0,1,0,1,0,1,209.191528380182,4,1498.98999023438,0,0,198.388305664062,-94.5583,25.7821,13.9087167362246,51,51,51,51,51,51,0,8038,1.16464264221059,26,-95,0.0073,51,2025-05-26 22:32:09.002407,1.0543,1.13
"2904010",9,0.0125360342055551,1,0.0146,1,0.0146,1,195.521599724483,1,7.63000011444092,0.0146000003442168,0.0219000000506639,185.365997314453,-94.9229,25.7653,9.93490610830469,51,51,51,51,51,51,0.0146,8038,1.16464264221059,26,-95,0.0073,51,2025-06-06 02:41:26.000274,1.0543,1.13
"2904010",9,0.0188040513083326,1,0.0219,1,0.0219,1,196.244029511319,1,11.539999961853,0.0219000000506639,0.0292000006884336,186.050903320312,-94.9229,25.7653,9.93490610830469,51,51,51,51,51,51,0.0219,8038,1.16464264221059,26,-95,0.0073,51,2025-06-06 02:41:26.000274,1.0543,1.13
"2904010",9,0.0188040513083326,1,0.0219,1,0.0219,1,198.479335364257,1,16.8400001525879,0.0219000000506639,0.0292000006884336,188.170104980469,-94.9229,25.7653,9.93490610830469,51,51,51,51,51,51,0.0219,8038,1.16464264221059,26,-95,0.0073,51,2025-06-06 02:41:26.000274,1.0543,1.13
"2904010",9,0.0188040513083326,1,0.0219,1,0.0219,1,200.569080129279,1,21.8700008392334,0.0219000000506639,0.0292000006884336,190.151306152344,-94.9229,25.7653,9.93490610830469,51,51,51,51,51,51,0.0219,8038,1.16464264221059,26,-95,0.0073,51,2025-06-06 02:41:26.000274,1.0543,1.13
"2904010",9,0.0250720684111102,1,0.0292,1,0.0292,1,202.311371028102,1,26.8700008392334,0.0292000006884336,0.0364999994635582,191.803100585938,-94.9229,25.7653,9.93490610830469,51,51,51,51,51,51,0.0292,8038,1.16464264221059,26,-95,0.0073,51,2025-06-06 02:41:26.000274,1.0543,1.13
"2904010",9,0.0313400855138877,1,0.0365,1,0.0365,1,204.768494982946,1,31.9500007629395,0.0364999994635582,0.0438000001013279,194.132598876953,-94.9229,25.7653,9.93490610830469,51,51,51,51,51,51,0.0365,8038,1.16464264221059,26,-95,0.0073,51,2025-06-06 02:41:26.000274,1.0543,1.13
"2904010",9,0.0438761197194428,1,0.0511,1,0.0511,1,208.296645319401,1,36.6300010681152,0.0511000007390976,0.0584000013768673,197.477493286133,-94.9229,25.7653,9.93490610830469,51,51,51,51,51,51,0.0511,8038,1.16464264221059,26,-95,0.0073,51,2025-06-06 02:41:26.000274,1.0543,1.13
"2904010",9,0.0501441368222204,1,0.0584,1,0.0584,1,208.474283281289,1,41.7999992370605,0.0584000013768673,0.065700002014637,197.645904541016,-94.9229,25.7653,9.93490610830469,51,51,51,51,51,51,0.0584,8038,1.16464264221059,26,-95,0.0073,51,2025-06-06 02:41:26.000274,1.0543,1.13
"2904010",9,0.0438761197194428,4,0.0511,1,0.0511,1,208.791140992233,1,46.4500007629395,0.0511000007390976,0.0584000013768673,197.946304321289,-94.9229,25.7653,9.93490610830469,51,51,51,51,51,51,0.0511,8038,1.16464264221059,26,-95,0.0073,51,2025-06-06 02:41:26.000274,1.0543,1.13
"2904010",9,0.0626801710277754,1,0.073,1,0.073,1,209.632543309129,1,51.9199981689453,0.0729999989271164,0.0803000032901764,198.744003295898,-94.9229,25.7653,9.93490610830469,51,51,51,51,51,51,0.073,8038,1.16464264221059,26,-95,0.0073,51,2025-06-06 02:41:26.000274,1.0543,1.13
"2904010",9,0.0626801710277754,1,0.073,1,0.073,1,210.453794975642,1,56.7400016784668,0.0729999989271164,0.0803000032901764,199.522598266602,-94.9229,25.7653,9.93490610830469,51,51,51,51,51,51,0.073,8038,1.16464264221059,26,-95,0.0073,51,2025-06-06 02:41:26.000274,1.0543,1.13
"2904010",9,0.068948188130553,1,0.0803,1,0.0803,1,210.649668310441,1,61.8699989318848,0.0803000032901764,0.0876000002026558,199.708297729492,-94.9229,25.7653,9.93490610830469,51,51,51,51,51,51,0.0803,8038,1.16464264221059,26,-95,0.0073,51,2025-06-06 02:41:26.000274,1.0543,1.13
"2904010",9,0.0814842223361081,1,0.0949,1,0.0949,1,210.751660859548,1,66.8300018310547,0.0948999971151352,0.102200001478195,199.804992675781,-94.9229,25.7653,9.93490610830469,51,51,51,51,51,51,0.0949,8038,1.16464264221059,26,-95,0.0073,51,2025-06-06 02:41:26.000274,1.0543,1.13
"2904010",9,0.0877522394388856,1,0.1022,1,0.1022,1,210.185141096886,1,71.4300003051758,0.102200001478195,0.109499998390675,199.26789855957,-94.9229,25.7653,9.93490610830469,51,51,51,51,51,51,0.1022,8038,1.16464264221059,26,-95,0.0073,51,2025-06-06 02:41:26.000274,1.0543,1.13
"2904010",9,0.144164393363884,1,0.1679,1,0.1679,1,209.833051937308,1,76.9199981689453,0.167899996042252,0.175200000405312,198.934097290039,-94.9229,25.7653,9.93490610830469,51,51,51,51,51,51,0.1679,8038,1.16464264221059,26,-95,0.0073,51,2025-06-06 02:41:26.000274,1.0543,1.13
"2904010",9,0.144164393363884,1,0.1679,1,0.1679,1,208.892715077354,1,81.9000015258789,0.167899996042252,0.175200000405312,198.042602539062,-94.9229,25.7653,9.93490610830469,51,51,51,51,51,51,0.1679,8038,1.16464264221059,26,-95,0.0073,51,2025-06-06 02:41:26.000274,1.0543,1.13
"2904010",9,0.162968444672216,1,0.1898,1,0.1898,1,208.282626775883,1,86.4700012207031,0.18979999423027,0.19709999859333,197.464202880859,-94.9229,25.7653,9.93490610830469,51,51,51,51,51,51,0.1898,8038,1.16464264221059,26,-95,0.0073,51,2025-06-06 02:41:26.000274,1.0543,1.13
"2904010",9,0.175504478877771,1,0.2044,1,0.2044,1,207.524128612442,1,91.5,0.20440000295639,0.21170000731945,196.745101928711,-94.9229,25.7653,9.93490610830469,51,51,51,51,51,51,0.2044,8038,1.16464264221059,26,-95,0.0073,51,2025-06-06 02:41:26.000274,1.0543,1.13
"2904010",9,0.206844564391659,1,0.2409,1,0.2409,1,205.866415723016,1,96.3600006103516,0.240899994969368,0.248199999332428,195.173492431641,-94.9229,25.7653,9.93490610830469,51,51,51,51,51,51,0.2409,8038,1.16464264221059,26,-95,0.0073,51,2025-06-06 02:41:26.000274,1.0543,1.13
"2904010",9,0.244452667008324,1,0.2847,1,0.2847,1,204.467136534238,1,101.790000915527,0.284700006246567,0.291999995708466,193.846893310547,-94.9229,25.7653,9.93490610830469,51,51,51,51,51,51,0.2847,8038,1.16464264221059,26,-95,0.0073,51,2025-06-06 02:41:26.000274,1.0543,1.13
"2904010",9,0.363544991961098,1,0.4234,1,0.4234,1,201.190772758966,1,111.180000305176,0.423400014638901,0.4307000041008,190.740707397461,-94.9229,25.7653,9.93490610830469,51,51,51,51,51,51,0.4234,8038,1.16464264221059,26,-95,0.0073,51,2025-06-06 02:41:26.000274,1.0543,1.13
"2904010",9,0.238184649905547,1,0.2774,1,0.2774,1,198.028520893614,1,121.23999786377,0.277399986982346,0.284700006246567,187.742706298828,-94.9229,25.7653,9.93490610830469,51,51,51,51,51,51,0.2774,8038,1.16464264221059,26,-95,0.0073,51,2025-06-06 02:41:26.000274,1.0543,1.13
"2904010",9,0.175504478877771,1,0.2044,1,0.2044,1,195.265612428676,1,131.490005493164,0.20440000295639,0.21170000731945,185.123306274414,-94.9229,25.7653,9.93490610830469,51,51,51,51,51,51,0.2044,8038,1.16464264221059,26,-95,0.0073,51,2025-06-06 02:41:26.000274,1.0543,1.13
"2904010",9,0.100288273644441,4,0.1168,1,0.1168,1,185.724005860969,1,141.860000610352,0.116800002753735,0.124099999666214,176.077301025391,-94.9229,25.7653,9.93490610830469,51,51,51,51,51,51,0.1168,8038,1.16464264221059,26,-95,0.0073,51,2025-06-06 02:41:26.000274,1.0543,1.13
"2904010",9,0.125360342055551,1,0.146,1,0.146,1,164.788494082824,1,151.660003662109,0.145999997854233,0.153300002217293,156.229202270508,-94.9229,25.7653,9.93490610830469,51,51,51,51,51,51,0.146,8038,1.16464264221059,26,-95,0.0073,51,2025-06-06 02:41:26.000274,1.0543,1.13
"2904010",9,0.0877522394388856,1,0.1022,1,0.1022,1,144.936353373866,1,161.529998779297,0.102200001478195,0.109499998390675,137.408203125,-94.9229,25.7653,9.93490610830469,51,51,51,51,51,51,0.1022,8038,1.16464264221059,26,-95,0.0073,51,2025-06-06 02:41:26.000274,1.0543,1.13
"2904010",9,0.0752162052333305,1,0.0876,1,0.0876,1,135.668052073064,1,171.839996337891,0.0876000002026558,0.0948999971151352,128.621307373047,-94.9229,25.7653,9.93490610830469,51,51,51,51,51,51,0.0876,8038,1.16464264221059,26,-95,0.0073,51,2025-06-06 02:41:26.000274,1.0543,1.13
"2904010",9,0.0501441368222204,1,0.0584,1,0.0584,1,131.714702090315,1,181.389999389648,0.0584000013768673,0.065700002014637,124.87329864502,-94.9229,25.7653,9.93490610830469,51,51,51,51,51,51,0.0584,8038,1.16464264221059,26,-95,0.0073,51,2025-06-06 02:41:26.000274,1.0543,1.13
"2904010",9,0.0438761197194428,1,0.0511,1,0.0511,1,129.178576963421,1,191.910003662109,0.0511000007390976,0.0584000013768673,122.468902587891,-94.9229,25.7653,9.93490610830469,51,51,51,51,51,51,0.0511,8038,1.16464264221059,26,-95,0.0073,51,2025-06-06 02:41:26.000274,1.0543,1.13
"2904010",9,0.0376081026166653,1,0.0438,1,0.0438,1,127.204223642428,1,201.899993896484,0.0438000001013279,0.0511000007390976,120.597099304199,-94.9229,25.7653,9.93490610830469,51,51,51,51,51,51,0.0438,8038,1.16464264221059,26,-95,0.0073,51,2025-06-06 02:41:26.000274,1.0543,1.13
"2904010",9,0.0188040513083326,1,0.0219,1,0.0219,1,127.316347848416,1,211.309997558594,0.0219000000506639,0.0292000006884336,120.703399658203,-94.9229,25.7653,9.93490610830469,51,51,51,51,51,51,0.0219,8038,1.16464264221059,26,-95,0.0073,51,2025-06-06 02:41:26.000274,1.0543,1.13
"2904010",9,0.00626801710277755,1,0.0073,1,0.0073,1,127.227955378842,1,221.460006713867,0.00730000017210841,0.0146000003442168,120.619598388672,-94.9229,25.7653,9.93490610830469,51,51,51,51,51,51,0.0073,8038,1.16464264221059,26,-95,0.0073,51,2025-06-06 02:41:26.000274,1.0543,1.13
"2904010",9,0,1,0,1,0,1,131.534971808499,1,231.460006713867,0,0.00730000017210841,124.702903747559,-94.9229,25.7653,9.93490610830469,51,51,51,51,51,51,0,8038,1.16464264221059,26,-95,0.0073,51,2025-06-06 02:41:26.000274,1.0543,1.13
"2904010",9,0,1,-0.0073,1,-0.0073,1,137.262995364649,1,241.029998779297,-0.00730000017210841,0,130.133407592773,-94.9229,25.7653,9.93490610830469,51,51,51,51,51,51,0,8038,1.16464264221059,26,-95,0.0073,51,2025-06-06 02:41:26.000274,1.0543,1.13
"2904010",9,0,1,-0.0073,1,-0.0073,1,133.435377714805,1,250.899993896484,-0.00730000017210841,0,126.504600524902,-94.9229,25.7653,9.93490610830469,51,51,51,51,51,51,0,8038,1.16464264221059,26,-95,0.0073,51,2025-06-06 02:41:26.000274,1.0543,1.13
"2904010",9,0,1,-0.0073,1,-0.0073,1,129.224245869542,1,261.109985351562,-0.00730000017210841,0,122.512199401855,-94.9229,25.7653,9.93490610830469,51,51,51,51,51,51,0,8038,1.16464264221059,26,-95,0.0073,51,2025-06-06 02:41:26.000274,1.0543,1.13
"2904010",9,0,1,-0.0073,1,-0.0073,1,121.868164035254,1,271.850006103516,-0.00730000017210841,0,115.538200378418,-94.9229,25.7653,9.93490610830469,51,51,51,51,51,51,0,8038,1.16464264221059,26,-95,0.0073,51,2025-06-06 02:41:26.000274,1.0543,1.13
"2904010",9,0,1,-0.0073,1,-0.0073,1,120.664967413267,1,281.730010986328,-0.00730000017210841,0,114.397499084473,-94.9229,25.7653,9.93490610830469,51,51,51,51,51,51,0,8038,1.16464264221059,26,-95,0.0073,51,2025-06-06 02:41:26.000274,1.0543,1.13
"2904010",9,0,1,-0.0073,1,-0.0073,1,120.546831811178,1,289.649993896484,-0.00730000017210841,0,114.285499572754,-94.9229,25.7653,9.93490610830469,51,51,51,51,51,51,0,8038,1.16464264221059,26,-95,0.0073,51,2025-06-06 02:41:26.000274,1.0543,1.13
"2904010",9,0,1,-0.0073,1,-0.0073,1,122.479725008058,1,301.149993896484,-0.00730000017210841,0,116.11799621582,-94.9229,25.7653,9.93490610830469,51,51,51,51,51,51,0,8038,1.16464264221059,26,-95,0.0073,51,2025-06-06 02:41:26.000274,1.0543,1.13
"2904010",9,0,1,0,1,0,1,123.038446855296,1,311.109985351562,0,0,116.64769744873,-94.9229,25.7653,9.93490610830469,51,51,51,51,51,51,0,8038,1.16464264221059,26,-95,0.0073,51,2025-06-06 02:41:26.000274,1.0543,1.13
"2904010",9,0,1,0,1,0,1,122.574450769107,1,321.709991455078,0,0,116.207801818848,-94.9229,25.7653,9.93490610830469,51,51,51,51,51,51,0,8038,1.16464264221059,26,-95,0.0073,51,2025-06-06 02:41:26.000274,1.0543,1.13
"2904010",9,0,1,-0.0073,1,-0.0073,1,120.59893862477,1,331.670013427734,-0.00730000017210841,0,114.334899902344,-94.9229,25.7653,9.93490610830469,51,51,51,51,51,51,0,8038,1.16464264221059,26,-95,0.0073,51,2025-06-06 02:41:26.000274,1.0543,1.13
"2904010",9,0,1,-0.0073,1,-0.0073,1,117.047579631882,1,341.859985351562,-0.00730000017210841,0,110.968002319336,-94.9229,25.7653,9.93490610830469,51,51,51,51,51,51,0,8038,1.16464264221059,26,-95,0.0073,51,2025-06-06 02:41:26.000274,1.0543,1.13
"2904010",9,0,1,-0.0073,1,-0.0073,1,117.843200379277,1,351.109985351562,-0.00730000017210841,0,111.722297668457,-94.9229,25.7653,9.93490610830469,51,51,51,51,51,51,0,8038,1.16464264221059,26,-95,0.0073,51,2025-06-06 02:41:26.000274,1.0543,1.13
"2904010",9,0,1,0,1,0,1,116.924060329671,1,361.230010986328,0,0,110.850898742676,-94.9229,25.7653,9.93490610830469,51,51,51,51,51,51,0,8038,1.16464264221059,26,-95,0.0073,51,2025-06-06 02:41:26.000274,1.0543,1.13
"2904010",9,0,1,-0.0073,1,-0.0073,1,115.695232788566,1,381.579986572266,-0.00730000017210841,0,109.685897827148,-94.9229,25.7653,9.93490610830469,51,51,51,51,51,51,0,8038,1.16464264221059,26,-95,0.0073,51,2025-06-06 02:41:26.000274,1.0543,1.13
"2904010",9,0,1,-0.0073,1,-0.0073,1,112.660821670815,1,401.540008544922,-0.00730000017210841,0,106.809097290039,-94.9229,25.7653,9.93490610830469,51,51,51,51,51,51,0,8038,1.16464264221059,26,-95,0.0073,51,2025-06-06 02:41:26.000274,1.0543,1.13
"2904010",9,0,1,-0.0073,1,-0.0073,1,111.106598143983,1,451.700012207031,-0.00730000017210841,0,105.335601806641,-94.9229,25.7653,9.93490610830469,51,51,51,51,51,51,0,8038,1.16464264221059,26,-95,0.0073,51,2025-06-06 02:41:26.000274,1.0543,1.13
"2904010",9,0,1,-0.0073,1,-0.0073,1,110.430690286008,1,501.410003662109,-0.00730000017210841,0,104.694801330566,-94.9229,25.7653,9.93490610830469,51,51,51,51,51,51,0,8038,1.16464264221059,26,-95,0.0073,51,2025-06-06 02:41:26.000274,1.0543,1.13
"2904010",9,0,1,0,1,0,1,110.969261482862,1,551.039978027344,0,0,105.20539855957,-94.9229,25.7653,9.93490610830469,51,51,51,51,51,51,0,8038,1.16464264221059,26,-95,0.0073,51,2025-06-06 02:41:26.000274,1.0543,1.13
"2904010",9,0,1,0.0073,1,0.0073,1,113.645153580948,1,601.25,0.00730000017210841,0,107.742301940918,-94.9229,25.7653,9.93490610830469,51,51,51,51,51,51,0,8038,1.16464264221059,26,-95,0.0073,51,2025-06-06 02:41:26.000274,1.0543,1.13
"2904010",9,0,1,0,1,0,1,119.151664835796,1,651.559997558594,0,0,112.962799072266,-94.9229,25.7653,9.93490610830469,51,51,51,51,51,51,0,8038,1.16464264221059,26,-95,0.0073,51,2025-06-06 02:41:26.000274,1.0543,1.13
"2904010",9,0,1,0,1,0,1,126.367247386918,1,701.849975585938,0,0,119.803596496582,-94.9229,25.7653,9.93490610830469,51,51,51,51,51,51,0,8038,1.16464264221059,26,-95,0.0073,51,2025-06-06 02:41:26.000274,1.0543,1.13
"2904010",9,0,1,0,1,0,1,134.443119465979,1,751.880004882812,0,0,127.459999084473,-94.9229,25.7653,9.93490610830469,51,51,51,51,51,51,0,8038,1.16464264221059,26,-95,0.0073,51,2025-06-06 02:41:26.000274,1.0543,1.13
"2904010",9,0,1,0.0073,1,0.0073,1,140.338850511743,1,801.280029296875,0.00730000017210841,0,133.049499511719,-94.9229,25.7653,9.93490610830469,51,51,51,51,51,51,0,8038,1.16464264221059,26,-95,0.0073,51,2025-06-06 02:41:26.000274,1.0543,1.13
"2904010",9,0,1,0,1,0,1,147.081576806518,1,851.109985351562,0,0,139.442001342773,-94.9229,25.7653,9.93490610830469,51,51,51,51,51,51,0,8038,1.16464264221059,26,-95,0.0073,51,2025-06-06 02:41:26.000274,1.0543,1.13
"2904010",9,0,1,0.0073,1,0.0073,1,157.431462657185,1,901.739990234375,0.00730000017210841,0,149.254302978516,-94.9229,25.7653,9.93490610830469,51,51,51,51,51,51,0,8038,1.16464264221059,26,-95,0.0073,51,2025-06-06 02:41:26.000274,1.0543,1.13
"2904010",9,0,1,0,1,0,1,164.91116840968,1,951.840026855469,0,0,156.345504760742,-94.9229,25.7653,9.93490610830469,51,51,51,51,51,51,0,8038,1.16464264221059,26,-95,0.0073,51,2025-06-06 02:41:26.000274,1.0543,1.13
"2904010",9,0,1,0,1,0,1,173.300518298263,1,999.119995117188,0,0,164.299102783203,-94.9229,25.7653,9.93490610830469,51,51,51,51,51,51,0,8038,1.16464264221059,26,-95,0.0073,51,2025-06-06 02:41:26.000274,1.0543,1.13
"2904010",9,0,1,0,1,0,1,186.122818134016,1,1100.16003417969,0,0,176.45539855957,-94.9229,25.7653,9.93490610830469,51,51,51,51,51,51,0,8038,1.16464264221059,26,-95,0.0073,51,2025-06-06 02:41:26.000274,1.0543,1.13
"2904010",9,0,1,0,1,0,1,195.282270514256,1,1199.52001953125,0,0,185.139099121094,-94.9229,25.7653,9.93490610830469,51,51,51,51,51,51,0,8038,1.16464264221059,26,-95,0.0073,51,2025-06-06 02:41:26.000274,1.0543,1.13
"2904010",9,0,4,-0.0073,1,-0.0073,1,201.320078130517,1,1299.11999511719,-0.00730000017210841,0,190.863296508789,-94.9229,25.7653,9.93490610830469,51,51,51,51,51,51,0,8038,1.16464264221059,26,-95,0.0073,51,2025-06-06 02:41:26.000274,1.0543,1.13
"2904010",9,0,1,0.0073,1,0.0073,1,205.606211597815,1,1399.38000488281,0.00730000017210841,0,194.926803588867,-94.9229,25.7653,9.93490610830469,51,51,51,51,51,51,0,8038,1.16464264221059,26,-95,0.0073,51,2025-06-06 02:41:26.000274,1.0543,1.13
"2904010",9,0,1,0,1,0,1,207.757872937938,4,1498.88000488281,0,0,196.966705322266,-94.9229,25.7653,9.93490610830469,51,51,51,51,51,51,0,8038,1.16464264221059,26,-95,0.0073,51,2025-06-06 02:41:26.000274,1.0543,1.13
"2904010",10,0.0123089074538821,1,0.0146,1,0.0146,1,194.737159865799,1,7.57999992370605,0.0146000003442168,0.0406495556235313,184.564193725586,-94.1856,25.803,20.1672999132161,51,51,51,51,51,51,0.0146,8039,1.18613289235474,26,-94,0.0073,51,2025-06-16 07:02:31.000754,1.0543,1.13
"2904010",10,0.0246178149077642,1,0.0292,1,0.0292,1,194.694012305398,1,11.6199998855591,0.0292000006884336,0.0406495556235313,184.523300170898,-94.1856,25.803,20.1672999132161,51,51,51,51,51,51,0.0292,8039,1.18613289235474,26,-94,0.0073,51,2025-06-16 07:02:31.000754,1.0543,1.13
"2904010",10,0.0184633611808231,1,0.0219,1,0.0219,1,194.913050573778,1,16.6299991607666,0.0219000000506639,0.0292000006884336,184.730895996094,-94.1856,25.803,20.1672999132161,51,51,51,51,51,51,0.0219,8039,1.18613289235474,26,-94,0.0073,51,2025-06-16 07:02:31.000754,1.0543,1.13
"2904010",10,0.0369267223616462,1,0.0438,1,0.0438,1,197.537983930255,1,21.8799991607666,0.0438000001013279,0.0511000007390976,187.218704223633,-94.1856,25.803,20.1672999132161,51,51,51,51,51,51,0.0438,8039,1.18613289235474,26,-94,0.0073,51,2025-06-16 07:02:31.000754,1.0543,1.13
"2904010",10,0.0307722686347052,1,0.0365,1,0.0365,1,205.06951939696,1,26.7800006866455,0.0364999994635582,0.0438000001013279,194.356796264648,-94.1856,25.803,20.1672999132161,51,51,51,51,51,51,0.0365,8039,1.18613289235474,26,-94,0.0073,51,2025-06-16 07:02:31.000754,1.0543,1.13
"2904010",10,0.0307722686347052,1,0.0365,1,0.0365,1,208.624846174341,1,31.8899993896484,0.0364999994635582,0.0438000001013279,197.72639465332,-94.1856,25.803,20.1672999132161,51,51,51,51,51,51,0.0365,8039,1.18613289235474,26,-94,0.0073,51,2025-06-16 07:02:31.000754,1.0543,1.13
"2904010",10,0.0369267223616462,1,0.0438,1,0.0438,1,209.731146403059,1,36.5800018310547,0.0438000001013279,0.0511000007390976,198.77490234375,-94.1856,25.803,20.1672999132161,51,51,51,51,51,51,0.0438,8039,1.18613289235474,26,-94,0.0073,51,2025-06-16 07:02:31.000754,1.0543,1.13
"2904010",10,0.0430811760885873,1,0.0511,1,0.0511,1,211.125585396142,1,41.5400009155273,0.0511000007390976,0.0584000013768673,200.096496582031,-94.1856,25.803,20.1672999132161,51,51,51,51,51,51,0.0511,8039,1.18613289235474,26,-94,0.0073,51,2025-06-16 07:02:31.000754,1.0543,1.13
"2904010",10,0.0553900835424693,1,0.0657,1,0.0657,1,211.683959907274,1,46.6699981689453,0.065700002014637,0.0729999989271164,200.625701904297,-94.1856,25.803,20.1672999132161,51,51,51,51,51,51,0.0657,8039,1.18613289235474,26,-94,0.0073,51,2025-06-16 07:02:31.000754,1.0543,1.13
"2904010",10,0.0738534447232925,1,0.0876,1,0.0876,1,213.100455675636,1,51.7599983215332,0.0876000002026558,0.0948999971151352,201.968200683594,-94.1856,25.803,20.1672999132161,51,51,51,51,51,51,0.0876,8039,1.18613289235474,26,-94,0.0073,51,2025-06-16 07:02:31.000754,1.0543,1.13
"2904010",10,0.0923168059041156,1,0.1095,1,0.1095,1,214.973075896881,1,56.7999992370605,0.109499998390675,0.116800002753735,203.74299621582,-94.1856,25.803,20.1672999132161,51,51,51,51,51,51,0.1095,8039,1.18613289235474,26,-94,0.0073,51,2025-06-16 07:02:31.000754,1.0543,1.13
"2904010",10,0.0861623521771745,1,0.1022,1,0.1022,1,214.524228569858,1,61.7400016784668,0.102200001478195,0.109499998390675,203.317596435547,-94.1856,25.803,20.1672999132161,51,51,51,51,51,51,0.1022,8039,1.18613289235474,26,-94,0.0073,51,2025-06-16 07:02:31.000754,1.0543,1.13
"2904010",10,0.110780167084939,1,0.1314,1,0.1314,1,214.397828757653,1,66.870002746582,0.131400004029274,0.138699993491173,203.197799682617,-94.1856,25.803,20.1672999132161,51,51,51,51,51,51,0.1314,8039,1.18613289235474,26,-94,0.0073,51,2025-06-16 07:02:31.000754,1.0543,1.13
"2904010",10,0.110780167084939,1,0.1314,1,0.1314,1,211.728910649303,1,71.6600036621094,0.131400004029274,0.138699993491173,200.668304443359,-94.1856,25.803,20.1672999132161,51,51,51,51,51,51,0.1314,8039,1.18613289235474,26,-94,0.0073,51,2025-06-16 07:02:31.000754,1.0543,1.13
"2904010",10,0.104625713357998,1,0.1241,1,0.1241,1,209.720488311647,1,76.6999969482422,0.124099999666214,0.131400004029274,198.764801025391,-94.1856,25.803,20.1672999132161,51,51,51,51,51,51,0.1241,8039,1.18613289235474,26,-94,0.0073,51,2025-06-16 07:02:31.000754,1.0543,1.13
"2904010",10,0.11693462081188,1,0.1387,1,0.1387,1,207.431188235647,1,81.4599990844727,0.138699993491173,0.145999997854233,196.595092773438,-94.1856,25.803,20.1672999132161,51,51,51,51,51,51,0.1387,8039,1.18613289235474,26,-94,0.0073,51,2025-06-16 07:02:31.000754,1.0543,1.13
"2904010",10,0.129243528265762,1,0.1533,1,0.1533,1,205.28508010077,1,86.5299987792969,0.153300002217293,0.160600006580353,194.561096191406,-94.1856,25.803,20.1672999132161,51,51,51,51,51,51,0.1533,8039,1.18613289235474,26,-94,0.0073,51,2025-06-16 07:02:31.000754,1.0543,1.13
"2904010",10,0.153861343173526,1,0.1825,1,0.1825,1,203.697024480305,1,91.8899993896484,0.182500004768372,0.18979999423027,193.055999755859,-94.1856,25.803,20.1672999132161,51,51,51,51,51,51,0.1825,8039,1.18613289235474,26,-94,0.0073,51,2025-06-16 07:02:31.000754,1.0543,1.13
"2904010",10,0.215405880442936,1,0.2555,1,0.2555,1,201.133511998055,1,96.5699996948242,0.255499988794327,0.262800008058548,190.626403808594,-94.1856,25.803,20.1672999132161,51,51,51,51,51,51,0.2555,8039,1.18613289235474,26,-94,0.0073,51,2025-06-16 07:02:31.000754,1.0543,1.13
"2904010",10,0.283104871439288,1,0.3358,1,0.3358,1,199.038987737628,1,101.550003051758,0.335799992084503,0.343100011348724,188.641296386719,-94.1856,25.803,20.1672999132161,51,51,51,51,51,51,0.3358,8039,1.18613289235474,26,-94,0.0073,51,2025-06-16 07:02:31.000754,1.0543,1.13
"2904010",10,0.486201844428342,1,0.5767,1,0.5767,1,169.272081510819,1,111.940002441406,0.57669997215271,0.583999991416931,160.429397583008,-94.1856,25.803,20.1672999132161,51,51,51,51,51,51,0.5767,8039,1.18613289235474,26,-94,0.0073,51,2025-06-16 07:02:31.000754,1.0543,1.13
"2904010",10,0.301568232620111,1,0.3577,1,0.3577,1,149.169117925182,1,121.879997253418,0.357699990272522,0.365000009536743,141.376602172852,-94.1856,25.803,20.1672999132161,51,51,51,51,51,51,0.3577,8039,1.18613289235474,26,-94,0.0073,51,2025-06-16 07:02:31.000754,1.0543,1.13
"2904010",10,0.227714787896818,1,0.2701,1,0.2701,1,142.947400713699,1,131.339996337891,0.270099997520447,0.277399986982346,135.479904174805,-94.1856,25.803,20.1672999132161,51,51,51,51,51,51,0.2701,8039,1.18613289235474,26,-94,0.0073,51,2025-06-16 07:02:31.000754,1.0543,1.13
"2904010",10,0.153861343173526,1,0.1825,1,0.1825,1,135.157237481963,1,141.929992675781,0.182500004768372,0.18979999423027,128.096694946289,-94.1856,25.803,20.1672999132161,51,51,51,51,51,51,0.1825,8039,1.18613289235474,26,-94,0.0073,51,2025-06-16 07:02:31.000754,1.0543,1.13
"2904010",10,0.0861623521771745,1,0.1022,1,0.1022,1,134.885448101026,1,151.699996948242,0.102200001478195,0.109499998390675,127.83910369873,-94.1856,25.803,20.1672999132161,51,51,51,51,51,51,0.1022,8039,1.18613289235474,26,-94,0.0073,51,2025-06-16 07:02:31.000754,1.0543,1.13
"2904010",10,0.0676989909963514,1,0.0803,1,0.0803,1,137.052123776355,1,161.699996948242,0.0803000032901764,0.0876000002026558,129.892593383789,-94.1856,25.803,20.1672999132161,51,51,51,51,51,51,0.0803,8039,1.18613289235474,26,-94,0.0073,51,2025-06-16 07:02:31.000754,1.0543,1.13
"2904010",10,0.0369267223616462,1,0.0438,1,0.0438,1,134.895888844652,1,171.570007324219,0.0438000001013279,0.0511000007390976,127.848999023438,-94.1856,25.803,20.1672999132161,51,51,51,51,51,51,0.0438,8039,1.18613289235474,26,-94,0.0073,51,2025-06-16 07:02:31.000754,1.0543,1.13
"2904010",10,0,1,0,1,0,1,133.262882482157,1,181.520004272461,0,0.00730000017210841,126.301300048828,-94.1856,25.803,20.1672999132161,51,51,51,51,51,51,0,8039,1.18613289235474,26,-94,0.0073,51,2025-06-16 07:02:31.000754,1.0543,1.13
"2904010",10,-0.00615445372694104,1,-0.0073,1,-0.0073,1,131.228507208916,1,191.729995727539,-0.00730000017210841,0,124.373199462891,-94.1856,25.803,20.1672999132161,51,51,51,51,51,51,-0.0073,8039,1.18613289235474,26,-94,0.0073,51,2025-06-16 07:02:31.000754,1.0543,1.13
"2904010",10,0,1,0,1,0,1,129.016558794837,1,201.619995117188,0,0,122.276802062988,-94.1856,25.803,20.1672999132161,51,51,51,51,51,51,0,8039,1.18613289235474,26,-94,0.0073,51,2025-06-16 07:02:31.000754,1.0543,1.13
"2904010",10,0,1,-0.0073,1,-0.0073,1,126.938078020955,1,211.559997558594,-0.00730000017210841,0,120.306900024414,-94.1856,25.803,20.1672999132161,51,51,51,51,51,51,0,8039,1.18613289235474,26,-94,0.0073,51,2025-06-16 07:02:31.000754,1.0543,1.13
"2904010",10,0,1,-0.0073,1,-0.0073,1,126.898721971925,1,221.630004882812,-0.00730000017210841,0,120.269599914551,-94.1856,25.803,20.1672999132161,51,51,51,51,51,51,0,8039,1.18613289235474,26,-94,0.0073,51,2025-06-16 07:02:31.000754,1.0543,1.13
"2904010",10,0,1,0,1,0,1,126.674298308413,1,230.899993896484,0,0,120.056900024414,-94.1856,25.803,20.1672999132161,51,51,51,51,51,51,0,8039,1.18613289235474,26,-94,0.0073,51,2025-06-16 07:02:31.000754,1.0543,1.13
"2904010",10,0,1,0,1,0,1,126.674829603,1,241.460006713867,0,0,120.057403564453,-94.1856,25.803,20.1672999132161,51,51,51,51,51,51,0,8039,1.18613289235474,26,-94,0.0073,51,2025-06-16 07:02:31.000754,1.0543,1.13
"2904010",10,0,1,-0.0073,1,-0.0073,1,122.461631328189,1,251.460006713867,-0.00730000017210841,0,116.064300537109,-94.1856,25.803,20.1672999132161,51,51,51,51,51,51,0,8039,1.18613289235474,26,-94,0.0073,51,2025-06-16 07:02:31.000754,1.0543,1.13
"2904010",10,0,1,-0.0073,1,-0.0073,1,119.900960466988,1,261.739990234375,-0.00730000017210841,0,113.637397766113,-94.1856,25.803,20.1672999132161,51,51,51,51,51,51,0,8039,1.18613289235474,26,-94,0.0073,51,2025-06-16 07:02:31.000754,1.0543,1.13
"2904010",10,0,1,-0.0073,1,-0.0073,1,119.977458837602,1,271.220001220703,-0.00730000017210841,0,113.709899902344,-94.1856,25.803,20.1672999132161,51,51,51,51,51,51,0,8039,1.18613289235474,26,-94,0.0073,51,2025-06-16 07:02:31.000754,1.0543,1.13
"2904010",10,0,1,-0.0073,1,-0.0073,1,120.982249600526,1,280.820007324219,-0.00730000017210841,0,114.662200927734,-94.1856,25.803,20.1672999132161,51,51,51,51,51,51,0,8039,1.18613289235474,26,-94,0.0073,51,2025-06-16 07:02:31.000754,1.0543,1.13
"2904010",10,0,1,-0.0073,1,-0.0073,1,121.386572831172,1,290.809997558594,-0.00730000017210841,0,115.045402526855,-94.1856,25.803,20.1672999132161,51,51,51,51,51,51,0,8039,1.18613289235474,26,-94,0.0073,51,2025-06-16 07:02:31.000754,1.0543,1.13
"2904010",10,0,1,-0.0073,1,-0.0073,1,121.079846806179,1,301.200012207031,-0.00730000017210841,0,114.754699707031,-94.1856,25.803,20.1672999132161,51,51,51,51,51,51,0,8039,1.18613289235474,26,-94,0.0073,51,2025-06-16 07:02:31.000754,1.0543,1.13
"2904010",10,0,1,-0.0073,1,-0.0073,1,119.652274350669,1,311.480010986328,-0.00730000017210841,0,113.401702880859,-94.1856,25.803,20.1672999132161,51,51,51,51,51,51,0,8039,1.18613289235474,26,-94,0.0073,51,2025-06-16 07:02:31.000754,1.0543,1.13
"2904010",10,0,1,-0.0073,1,-0.0073,1,117.81351208447,1,321.380004882812,-0.00730000017210841,0,111.658996582031,-94.1856,25.803,20.1672999132161,51,51,51,51,51,51,0,8039,1.18613289235474,26,-94,0.0073,51,2025-06-16 07:02:31.000754,1.0543,1.13
"2904010",10,0,1,-0.0073,1,-0.0073,1,116.85145833613,1,331.640014648438,-0.00730000017210841,0,110.747200012207,-94.1856,25.803,20.1672999132161,51,51,51,51,51,51,0,8039,1.18613289235474,26,-94,0.0073,51,2025-06-16 07:02:31.000754,1.0543,1.13
"2904010",10,0,1,-0.0073,1,-0.0073,1,116.214275127923,1,341.390014648438,-0.00730000017210841,0,110.14330291748,-94.1856,25.803,20.1672999132161,51,51,51,51,51,51,0,8039,1.18613289235474,26,-94,0.0073,51,2025-06-16 07:02:31.000754,1.0543,1.13
"2904010",10,0,1,0,1,0,1,114.156788540146,1,351.450012207031,0,0,108.193298339844,-94.1856,25.803,20.1672999132161,51,51,51,51,51,51,0,8039,1.18613289235474,26,-94,0.0073,51,2025-06-16 07:02:31.000754,1.0543,1.13
"2904010",10,0,1,-0.0073,1,-0.0073,1,115.247149931253,1,361.700012207031,-0.00730000017210841,0,109.226699829102,-94.1856,25.803,20.1672999132161,51,51,51,51,51,51,0,8039,1.18613289235474,26,-94,0.0073,51,2025-06-16 07:02:31.000754,1.0543,1.13
"2904010",10,0,1,-0.0073,1,-0.0073,1,115.627411957042,1,381.329986572266,-0.00730000017210841,0,109.587097167969,-94.1856,25.803,20.1672999132161,51,51,51,51,51,51,0,8039,1.18613289235474,26,-94,0.0073,51,2025-06-16 07:02:31.000754,1.0543,1.13
"2904010",10,0,1,0,1,0,1,115.747170586909,1,401.529998779297,0,0,109.70059967041,-94.1856,25.803,20.1672999132161,51,51,51,51,51,51,0,8039,1.18613289235474,26,-94,0.0073,51,2025-06-16 07:02:31.000754,1.0543,1.13
"2904010",10,0,1,0,1,0,1,112.222755494591,1,451.809997558594,0,0,106.360298156738,-94.1856,25.803,20.1672999132161,51,51,51,51,51,51,0,8039,1.18613289235474,26,-94,0.0073,51,2025-06-16 07:02:31.000754,1.0543,1.13
"2904010",10,0,1,0,1,0,1,115.848358055984,1,501.230010986328,0,0,109.796501159668,-94.1856,25.803,20.1672999132161,51,51,51,51,51,51,0,8039,1.18613289235474,26,-94,0.0073,51,2025-06-16 07:02:31.000754,1.0543,1.13
"2904010",10,0,1,-0.0073,1,-0.0073,1,120.15566792196,1,551.669982910156,-0.00730000017210841,0,113.878799438477,-94.1856,25.803,20.1672999132161,51,51,51,51,51,51,0,8039,1.18613289235474,26,-94,0.0073,51,2025-06-16 07:02:31.000754,1.0543,1.13
"2904010",10,0,1,-0.0073,1,-0.0073,1,123.487416277218,1,601.719970703125,-0.00730000017210841,0,117.036499023438,-94.1856,25.803,20.1672999132161,51,51,51,51,51,51,0,8039,1.18613289235474,26,-94,0.0073,51,2025-06-16 07:02:31.000754,1.0543,1.13
"2904010",10,0,1,0,1,0,1,129.226524805648,1,651.510009765625,0,0,122.475799560547,-94.1856,25.803,20.1672999132161,51,51,51,51,51,51,0,8039,1.18613289235474,26,-94,0.0073,51,2025-06-16 07:02:31.000754,1.0543,1.13
"2904010",10,0,1,0.0073,1,0.0073,1,133.727982593593,1,701.159973144531,0.00730000017210841,0,126.74210357666,-94.1856,25.803,20.1672999132161,51,51,51,51,51,51,0,8039,1.18613289235474,26,-94,0.0073,51,2025-06-16 07:02:31.000754,1.0543,1.13
"2904010",10,0,1,0,1,0,1,139.688246518832,1,750.820007324219,0,0,132.391006469727,-94.1856,25.803,20.1672999132161,51,51,51,51,51,51,0,8039,1.18613289235474,26,-94,0.0073,51,2025-06-16 07:02:31.000754,1.0543,1.13
"2904010",10,0,1,0,1,0,1,145.405394870998,1,801.299987792969,0,0,137.809494018555,-94.1856,25.803,20.1672999132161,51,51,51,51,51,51,0,8039,1.18613289235474,26,-94,0.0073,51,2025-06-16 07:02:31.000754,1.0543,1.13
"2904010",10,0,1,0,1,0,1,152.799147941467,1,851.510009765625,0,0,144.817001342773,-94.1856,25.803,20.1672999132161,51,51,51,51,51,51,0,8039,1.18613289235474,26,-94,0.0073,51,2025-06-16 07:02:31.000754,1.0543,1.13
"2904010",10,0,1,0,1,0,1,160.058998676168,1,901.280029296875,0,0,151.697601318359,-94.1856,25.803,20.1672999132161,51,51,51,51,51,51,0,8039,1.18613289235474,26,-94,0.0073,51,2025-06-16 07:02:31.000754,1.0543,1.13
"2904010",10,0,1,0,1,0,1,168.490659872152,1,951.159973144531,0,0,159.68879699707,-94.1856,25.803,20.1672999132161,51,51,51,51,51,51,0,8039,1.18613289235474,26,-94,0.0073,51,2025-06-16 07:02:31.000754,1.0543,1.13
"2904010",10,0,1,0,1,0,1,174.943023333749,1,999.710021972656,0,0,165.804092407227,-94.1856,25.803,20.1672999132161,51,51,51,51,51,51,0,8039,1.18613289235474,26,-94,0.0073,51,2025-06-16 07:02:31.000754,1.0543,1.13
"2904010",10,0,1,0,1,0,1,188.760337259264,1,1100.0400390625,0,0,178.899597167969,-94.1856,25.803,20.1672999132161,51,51,51,51,51,51,0,8039,1.18613289235474,26,-94,0.0073,51,2025-06-16 07:02:31.000754,1.0543,1.13
"2904010",10,0,1,0.0073,1,0.0073,1,195.844731981559,1,1199.31005859375,0.00730000017210841,0,185.613906860352,-94.1856,25.803,20.1672999132161,51,51,51,51,51,51,0,8039,1.18613289235474,26,-94,0.0073,51,2025-06-16 07:02:31.000754,1.0543,1.13
"2904010",10,0,1,-0.0073,1,-0.0073,1,201.941933061645,1,1299.33996582031,-0.00730000017210841,0,191.392593383789,-94.1856,25.803,20.1672999132161,51,51,51,51,51,51,0,8039,1.18613289235474,26,-94,0.0073,51,2025-06-16 07:02:31.000754,1.0543,1.13
"2904010",10,0,1,0,1,0,1,205.257758679128,1,1399.68005371094,0,0,194.535202026367,-94.1856,25.803,20.1672999132161,51,51,51,51,51,51,0,8039,1.18613289235474,26,-94,0.0073,51,2025-06-16 07:02:31.000754,1.0543,1.13
"2904010",10,0,1,0,1,0,1,207.900836550745,4,1499.10998535156,0,0,197.04020690918,-94.1856,25.803,20.1672999132161,51,51,51,51,51,51,0,8039,1.18613289235474,26,-94,0.0073,51,2025-06-16 07:02:31.000754,1.0543,1.13
"2904010",11,0.0184633611808231,1,0.0219,1,0.0219,1,192.824870445842,1,7.78000020980835,0.0219000000506639,0.0272354912012815,182.694305419922,-94.1341,26.0681,29.80261857833,51,51,51,51,51,51,0.0219,8039,1.18613289235474,26,-94,0.0073,51,2025-06-26 11:22:09.001212,1.0543,1.13
"2904010",11,0.0123089074538821,1,0.0146,1,0.0146,1,192.807879773427,1,11.9399995803833,0.0146000003442168,0.0272354912012815,182.678207397461,-94.1341,26.0681,29.80261857833,51,51,51,51,51,51,0.0146,8039,1.18613289235474,26,-94,0.0073,51,2025-06-26 11:22:09.001212,1.0543,1.13
"2904010",11,0.0184633611808231,1,0.0219,1,0.0219,1,192.790454268638,1,16.7999992370605,0.0219000000506639,0.0292000006884336,182.661697387695,-94.1341,26.0681,29.80261857833,51,51,51,51,51,51,0.0219,8039,1.18613289235474,26,-94,0.0073,51,2025-06-26 11:22:09.001212,1.0543,1.13
"2904010",11,0.0184633611808231,1,0.0219,1,0.0219,1,192.94097068986,1,21.4300003051758,0.0219000000506639,0.0292000006884336,182.804306030273,-94.1341,26.0681,29.80261857833,51,51,51,51,51,51,0.0219,8039,1.18613289235474,26,-94,0.0073,51,2025-06-26 11:22:09.001212,1.0543,1.13
"2904010",11,0.0123089074538821,1,0.0146,1,0.0146,1,193.120186047807,1,26.9400005340576,0.0146000003442168,0.0219000000506639,182.974105834961,-94.1341,26.0681,29.80261857833,51,51,51,51,51,51,0.0146,8039,1.18613289235474,26,-94,0.0073,51,2025-06-26 11:22:09.001212,1.0543,1.13
"2904010",11,0.0246178149077642,1,0.0292,1,0.0292,1,194.037263630742,1,31.4500007629395,0.0292000006884336,0.0364999994635582,183.843002319336,-94.1341,26.0681,29.80261857833,51,51,51,51,51,51,0.0292,8039,1.18613289235474,26,-94,0.0073,51,2025-06-26 11:22:09.001212,1.0543,1.13
"2904010",11,0.0492356298155283,1,0.0584,1,0.0584,1,198.151309356252,1,36.7200012207031,0.0584000013768673,0.065700002014637,187.740905761719,-94.1341,26.0681,29.80261857833,51,51,51,51,51,51,0.0584,8039,1.18613289235474,26,-94,0.0073,51,2025-06-26 11:22:09.001212,1.0543,1.13
"2904010",11,0.0430811760885873,1,0.0511,1,0.0511,1,211.489454244158,1,41.5200004577637,0.0511000007390976,0.0584000013768673,200.378295898438,-94.1341,26.0681,29.80261857833,51,51,51,51,51,51,0.0511,8039,1.18613289235474,26,-94,0.0073,51,2025-06-26 11:22:09.001212,1.0543,1.13
"2904010",11,0.0369267223616462,4,0.0438,1,0.0438,1,212.165473642537,1,46.4799995422363,0.0438000001013279,0.0511000007390976,201.018798828125,-94.1341,26.0681,29.80261857833,51,51,51,51,51,51,0.0438,8039,1.18613289235474,26,-94,0.0073,51,2025-06-26 11:22:09.001212,1.0543,1.13
"2904010",11,0.0553900835424693,1,0.0657,1,0.0657,1,213.233905101638,1,51.5400009155273,0.065700002014637,0.0729999989271164,202.031097412109,-94.1341,26.0681,29.80261857833,51,51,51,51,51,51,0.0657,8039,1.18613289235474,26,-94,0.0073,51,2025-06-26 11:22:09.001212,1.0543,1.13
"2904010",11,0.0923168059041156,1,0.1095,1,0.1095,1,215.045899921306,1,56.8499984741211,0.109499998390675,0.116800002753735,203.747894287109,-94.1341,26.0681,29.80261857833,51,51,51,51,51,51,0.1095,8039,1.18613289235474,26,-94,0.0073,51,2025-06-26 11:22:09.001212,1.0543,1.13
"2904010",11,0.0800078984502335,1,0.0949,1,0.0949,1,214.888748280145,1,61.439998626709,0.0948999971151352,0.102200001478195,203.598999023438,-94.1341,26.0681,29.80261857833,51,51,51,51,51,51,0.0949,8039,1.18613289235474,26,-94,0.0073,51,2025-06-26 11:22:09.001212,1.0543,1.13
"2904010",11,0.0800078984502335,4,0.0949,1,0.0949,1,213.906333106701,1,66.8000030517578,0.0948999971151352,0.102200001478195,202.668197631836,-94.1341,26.0681,29.80261857833,51,51,51,51,51,51,0.0949,8039,1.18613289235474,26,-94,0.0073,51,2025-06-26 11:22:09.001212,1.0543,1.13
"2904010",11,0.104625713357998,1,0.1241,1,0.1241,1,212.363161323952,1,71.8600006103516,0.124099999666214,0.131400004029274,201.206100463867,-94.1341,26.0681,29.80261857833,51,51,51,51,51,51,0.1241,8039,1.18613289235474,26,-94,0.0073,51,2025-06-26 11:22:09.001212,1.0543,1.13
"2904010",11,0.123089074538821,1,0.146,1,0.146,1,209.78447650335,1,76.8899993896484,0.145999997854233,0.153300002217293,198.762893676758,-94.1341,26.0681,29.80261857833,51,51,51,51,51,51,0.146,8039,1.18613289235474,26,-94,0.0073,51,2025-06-26 11:22:09.001212,1.0543,1.13
"2904010",11,0.123089074538821,1,0.146,1,0.146,1,208.668455056585,1,81.8899993896484,0.145999997854233,0.153300002217293,197.705505371094,-94.1341,26.0681,29.80261857833,51,51,51,51,51,51,0.146,8039,1.18613289235474,26,-94,0.0073,51,2025-06-26 11:22:09.001212,1.0543,1.13
"2904010",11,0.123089074538821,1,0.146,1,0.146,1,207.804249869421,1,86.75,0.145999997854233,0.153300002217293,196.886703491211,-94.1341,26.0681,29.80261857833,51,51,51,51,51,51,0.146,8039,1.18613289235474,26,-94,0.0073,51,2025-06-26 11:22:09.001212,1.0543,1.13
"2904010",11,0.147706889446585,1,0.1752,1,0.1752,1,206.20598321432,1,91.620002746582,0.175200000405312,0.182500004768372,195.372406005859,-94.1341,26.0681,29.80261857833,51,51,51,51,51,51,0.1752,8039,1.18613289235474,26,-94,0.0073,51,2025-06-26 11:22:09.001212,1.0543,1.13
"2904010",11,0.190788065535172,1,0.2263,1,0.2263,1,201.25031137532,1,96.6999969482422,0.226300001144409,0.233600005507469,190.677093505859,-94.1341,26.0681,29.80261857833,51,51,51,51,51,51,0.2263,8039,1.18613289235474,26,-94,0.0073,51,2025-06-26 11:22:09.001212,1.0543,1.13
"2904010",11,0.184633611808231,1,0.219,1,0.219,1,198.939096779805,1,101.970001220703,0.218999996781349,0.226300001144409,188.4873046875,-94.1341,26.0681,29.80261857833,51,51,51,51,51,51,0.219,8039,1.18613289235474,26,-94,0.0073,51,2025-06-26 11:22:09.001212,1.0543,1.13
"2904010",11,0.326186047527875,1,0.3869,1,0.3869,1,190.09230327934,1,111.639999389648,0.386900007724762,0.394199997186661,180.10530090332,-94.1341,26.0681,29.80261857833,51,51,51,51,51,51,0.3869,8039,1.18613289235474,26,-94,0.0073,51,2025-06-26 11:22:09.001212,1.0543,1.13
"2904010",11,0.270795963985406,1,0.3212,1,0.3212,1,186.390623589076,1,121.370002746582,0.321200013160706,0.328500002622604,176.598098754883,-94.1341,26.0681,29.80261857833,51,51,51,51,51,51,0.3212,8039,1.18613289235474,26,-94,0.0073,51,2025-06-26 11:22:09.001212,1.0543,1.13
"2904010",11,0.258487056531524,1,0.3066,1,0.3066,1,178.440228976398,1,131.440002441406,0.306600004434586,0.313899993896484,169.065399169922,-94.1341,26.0681,29.80261857833,51,51,51,51,51,51,0.3066,8039,1.18613289235474,26,-94,0.0073,51,2025-06-26 11:22:09.001212,1.0543,1.13
"2904010",11,0.233869241623759,1,0.2774,1,0.2774,1,152.940643920961,1,141.710006713867,0.277399986982346,0.284700006246567,144.905502319336,-94.1341,26.0681,29.80261857833,51,51,51,51,51,51,0.2774,8039,1.18613289235474,26,-94,0.0073,51,2025-06-26 11:22:09.001212,1.0543,1.13
"2904010",11,0.153861343173526,1,0.1825,1,0.1825,1,138.172029359842,1,151.839996337891,0.182500004768372,0.18979999423027,130.912796020508,-94.1341,26.0681,29.80261857833,51,51,51,51,51,51,0.1825,8039,1.18613289235474,26,-94,0.0073,51,2025-06-26 11:22:09.001212,1.0543,1.13
"2904010",11,0.129243528265762,1,0.1533,1,0.1533,1,136.656187597083,1,161.839996337891,0.153300002217293,0.160600006580353,129.476593017578,-94.1341,26.0681,29.80261857833,51,51,51,51,51,51,0.1533,8039,1.18613289235474,26,-94,0.0073,51,2025-06-26 11:22:09.001212,1.0543,1.13
"2904010",11,0.0615445372694104,1,0.073,1,0.073,1,139.322483088715,1,171.789993286133,0.0729999989271164,0.0803000032901764,132.002807617188,-94.1341,26.0681,29.80261857833,51,51,51,51,51,51,0.073,8039,1.18613289235474,26,-94,0.0073,51,2025-06-26 11:22:09.001212,1.0543,1.13
"2904010",11,0,1,-0.0073,1,-0.0073,1,150.912489096409,1,181.919998168945,-0.00730000017210841,0,142.983901977539,-94.1341,26.0681,29.80261857833,51,51,51,51,51,51,0,8039,1.18613289235474,26,-94,0.0073,51,2025-06-26 11:22:09.001212,1.0543,1.13
"2904010",11,0,1,-0.0073,1,-0.0073,1,152.091738391422,1,191.289993286133,-0.00730000017210841,0,144.101196289062,-94.1341,26.0681,29.80261857833,51,51,51,51,51,51,0,8039,1.18613289235474,26,-94,0.0073,51,2025-06-26 11:22:09.001212,1.0543,1.13
"2904010",11,0,1,-0.0073,1,-0.0073,1,150.167766182844,1,201.210006713867,-0.00730000017210841,0,142.278305053711,-94.1341,26.0681,29.80261857833,51,51,51,51,51,51,0,8039,1.18613289235474,26,-94,0.0073,51,2025-06-26 11:22:09.001212,1.0543,1.13
"2904010",11,0,1,-0.0073,1,-0.0073,1,144.653769574856,1,211.509994506836,-0.00730000017210841,0,137.054000854492,-94.1341,26.0681,29.80261857833,51,51,51,51,51,51,0,8039,1.18613289235474,26,-94,0.0073,51,2025-06-26 11:22:09.001212,1.0543,1.13
"2904010",11,0,1,-0.0073,1,-0.0073,1,135.406543772092,1,221.770004272461,-0.00730000017210841,0,128.292602539062,-94.1341,26.0681,29.80261857833,51,51,51,51,51,51,0,8039,1.18613289235474,26,-94,0.0073,51,2025-06-26 11:22:09.001212,1.0543,1.13
"2904010",11,0,1,-0.0073,1,-0.0073,1,135.351980361531,1,230.910003662109,-0.00730000017210841,0,128.240905761719,-94.1341,26.0681,29.80261857833,51,51,51,51,51,51,0,8039,1.18613289235474,26,-94,0.0073,51,2025-06-26 11:22:09.001212,1.0543,1.13
"2904010",11,0,1,-0.0073,1,-0.0073,1,135.934059862094,1,241.820007324219,-0.00730000017210841,0,128.792404174805,-94.1341,26.0681,29.80261857833,51,51,51,51,51,51,0,8039,1.18613289235474,26,-94,0.0073,51,2025-06-26 11:22:09.001212,1.0543,1.13
"2904010",11,0,1,-0.0073,1,-0.0073,1,134.700126369749,1,251.759994506836,-0.00730000017210841,0,127.62329864502,-94.1341,26.0681,29.80261857833,51,51,51,51,51,51,0,8039,1.18613289235474,26,-94,0.0073,51,2025-06-26 11:22:09.001212,1.0543,1.13
"2904010",11,0,1,-0.0073,1,-0.0073,1,133.400976073665,1,260.829986572266,-0.00730000017210841,0,126.392402648926,-94.1341,26.0681,29.80261857833,51,51,51,51,51,51,0,8039,1.18613289235474,26,-94,0.0073,51,2025-06-26 11:22:09.001212,1.0543,1.13
"2904010",11,0,1,-0.0146,1,-0.0146,1,132.399774531148,1,271.109985351562,-0.0146000003442168,0,125.443801879883,-94.1341,26.0681,29.80261857833,51,51,51,51,51,51,0,8039,1.18613289235474,26,-94,0.0073,51,2025-06-26 11:22:09.001212,1.0543,1.13
"2904010",11,0,1,-0.0073,1,-0.0073,1,131.274347821168,1,281.339996337891,-0.00730000017210841,0,124.377502441406,-94.1341,26.0681,29.80261857833,51,51,51,51,51,51,0,8039,1.18613289235474,26,-94,0.0073,51,2025-06-26 11:22:09.001212,1.0543,1.13
"2904010",11,0,1,-0.0073,1,-0.0073,1,130.299638843696,1,291.839996337891,-0.00730000017210841,0,123.454002380371,-94.1341,26.0681,29.80261857833,51,51,51,51,51,51,0,8039,1.18613289235474,26,-94,0.0073,51,2025-06-26 11:22:09.001212,1.0543,1.13
"2904010",11,0,1,-0.0073,1,-0.0073,1,126.483968651676,1,301.420013427734,-0.00730000017210841,0,119.838798522949,-94.1341,26.0681,29.80261857833,51,51,51,51,51,51,0,8039,1.18613289235474,26,-94,0.0073,51,2025-06-26 11:22:09.001212,1.0543,1.13
"2904010",11,0,1,-0.0073,1,-0.0073,1,123.83531608102,1,311.549987792969,-0.00730000017210841,0,117.329299926758,-94.1341,26.0681,29.80261857833,51,51,51,51,51,51,0,8039,1.18613289235474,26,-94,0.0073,51,2025-06-26 11:22:09.001212,1.0543,1.13
"2904010",11,0,1,0,1,0,1,121.797772098157,1,321.079986572266,0,0,115.398803710938,-94.1341,26.0681,29.80261857833,51,51,51,51,51,51,0,8039,1.18613289235474,26,-94,0.0073,51,2025-06-26 11:22:09.001212,1.0543,1.13
"2904010",11,0,1,-0.0073,1,-0.0073,1,119.454565113304,1,331.070007324219,-0.00730000017210841,0,113.178703308105,-94.1341,26.0681,29.80261857833,51,51,51,51,51,51,0,8039,1.18613289235474,26,-94,0.0073,51,2025-06-26 11:22:09.001212,1.0543,1.13
"2904010",11,0,1,-0.0073,1,-0.0073,1,119.281888345879,1,341.350006103516,-0.00730000017210841,0,113.015098571777,-94.1341,26.0681,29.80261857833,51,51,51,51,51,51,0,8039,1.18613289235474,26,-94,0.0073,51,2025-06-26 11:22:09.001212,1.0543,1.13
"2904010",11,0,1,0,1,0,1,120.368896810317,1,351.829986572266,0,0,114.044998168945,-94.1341,26.0681,29.80261857833,51,51,51,51,51,51,0,8039,1.18613289235474,26,-94,0.0073,51,2025-06-26 11:22:09.001212,1.0543,1.13
"2904010",11,0,1,-0.0073,1,-0.0073,1,119.941867261106,1,361.700012207031,-0.00730000017210841,0,113.640403747559,-94.1341,26.0681,29.80261857833,51,51,51,51,51,51,0,8039,1.18613289235474,26,-94,0.0073,51,2025-06-26 11:22:09.001212,1.0543,1.13
"2904010",11,0,1,-0.0073,1,-0.0073,1,114.795376481718,1,380.959991455078,-0.00730000017210841,0,108.764297485352,-94.1341,26.0681,29.80261857833,51,51,51,51,51,51,0,8039,1.18613289235474,26,-94,0.0073,51,2025-06-26 11:22:09.001212,1.0543,1.13
"2904010",11,0,1,-0.0073,1,-0.0073,1,111.099188563296,1,401.290008544922,-0.00730000017210841,0,105.262298583984,-94.1341,26.0681,29.80261857833,51,51,51,51,51,51,0,8039,1.18613289235474,26,-94,0.0073,51,2025-06-26 11:22:09.001212,1.0543,1.13
"2904010",11,0,1,-0.0073,1,-0.0073,1,109.779770247085,1,451.529998779297,-0.00730000017210841,0,104.012199401855,-94.1341,26.0681,29.80261857833,51,51,51,51,51,51,0,8039,1.18613289235474,26,-94,0.0073,51,2025-06-26 11:22:09.001212,1.0543,1.13
"2904010",11,0,1,-0.0073,1,-0.0073,1,110.787727796312,1,501.260009765625,-0.00730000017210841,0,104.96720123291,-94.1341,26.0681,29.80261857833,51,51,51,51,51,51,0,8039,1.18613289235474,26,-94,0.0073,51,2025-06-26 11:22:09.001212,1.0543,1.13
"2904010",11,0,1,-0.0073,1,-0.0073,1,113.533267461989,1,551.739990234375,-0.00730000017210841,0,107.568496704102,-94.1341,26.0681,29.80261857833,51,51,51,51,51,51,0,8039,1.18613289235474,26,-94,0.0073,51,2025-06-26 11:22:09.001212,1.0543,1.13
"2904010",11,0,1,0,1,0,1,116.331486264605,1,601.090026855469,0,0,110.219703674316,-94.1341,26.0681,29.80261857833,51,51,51,51,51,51,0,8039,1.18613289235474,26,-94,0.0073,51,2025-06-26 11:22:09.001212,1.0543,1.13
"2904010",11,0,1,0,1,0,1,121.403983068248,1,651.869995117188,0,0,115.025703430176,-94.1341,26.0681,29.80261857833,51,51,51,51,51,51,0,8039,1.18613289235474,26,-94,0.0073,51,2025-06-26 11:22:09.001212,1.0543,1.13
"2904010",11,0,1,0,1,0,1,126.930742811675,1,701.210021972656,0,0,120.262100219727,-94.1341,26.0681,29.80261857833,51,51,51,51,51,51,0,8039,1.18613289235474,26,-94,0.0073,51,2025-06-26 11:22:09.001212,1.0543,1.13
"2904010",11,0,1,0.0073,1,0.0073,1,132.56526851194,1,751.219970703125,0.00730000017210841,0,125.600601196289,-94.1341,26.0681,29.80261857833,51,51,51,51,51,51,0,8039,1.18613289235474,26,-94,0.0073,51,2025-06-26 11:22:09.001212,1.0543,1.13
"2904010",11,0,1,0,1,0,1,139.276245912883,1,801.890014648438,0,0,131.958999633789,-94.1341,26.0681,29.80261857833,51,51,51,51,51,51,0,8039,1.18613289235474,26,-94,0.0073,51,2025-06-26 11:22:09.001212,1.0543,1.13
"2904010",11,0,1,0,1,0,1,147.408078360088,1,851.059997558594,0,0,139.663604736328,-94.1341,26.0681,29.80261857833,51,51,51,51,51,51,0,8039,1.18613289235474,26,-94,0.0073,51,2025-06-26 11:22:09.001212,1.0543,1.13
"2904010",11,0,1,0.0073,1,0.0073,1,154.803095400986,1,901.090026855469,0.00730000017210841,0,146.670104980469,-94.1341,26.0681,29.80261857833,51,51,51,51,51,51,0,8039,1.18613289235474,26,-94,0.0073,51,2025-06-26 11:22:09.001212,1.0543,1.13
"2904010",11,0,1,0.0073,1,0.0073,1,163.32078521349,1,951.849975585938,0.00730000017210841,0,154.740295410156,-94.1341,26.0681,29.80261857833,51,51,51,51,51,51,0,8039,1.18613289235474,26,-94,0.0073,51,2025-06-26 11:22:09.001212,1.0543,1.13
"2904010",11,0,1,0,1,0,1,171.934331407239,1,1000.03002929688,0,0,162.901306152344,-94.1341,26.0681,29.80261857833,51,51,51,51,51,51,0,8039,1.18613289235474,26,-94,0.0073,51,2025-06-26 11:22:09.001212,1.0543,1.13
"2904010",11,0,1,0.0073,1,0.0073,1,187.732000940204,1,1099.96997070312,0.00730000017210841,0,177.869003295898,-94.1341,26.0681,29.80261857833,51,51,51,51,51,51,0,8039,1.18613289235474,26,-94,0.0073,51,2025-06-26 11:22:09.001212,1.0543,1.13
"2904010",11,0,1,0,1,0,1,196.490555678431,1,1199.28002929688,0,0,186.167404174805,-94.1341,26.0681,29.80261857833,51,51,51,51,51,51,0,8039,1.18613289235474,26,-94,0.0073,51,2025-06-26 11:22:09.001212,1.0543,1.13
"2904010",11,0,1,0.0073,1,0.0073,1,202.00432681778,1,1299.31005859375,0.00730000017210841,0,191.391494750977,-94.1341,26.0681,29.80261857833,51,51,51,51,51,51,0,8039,1.18613289235474,26,-94,0.0073,51,2025-06-26 11:22:09.001212,1.0543,1.13
"2904010",11,0,1,0,1,0,1,206.199750616951,1,1399.02001953125,0,0,195.366500854492,-94.1341,26.0681,29.80261857833,51,51,51,51,51,51,0,8039,1.18613289235474,26,-94,0.0073,51,2025-06-26 11:22:09.001212,1.0543,1.13
"2904010",11,0,1,0.0073,1,0.0073,1,208.36183381288,4,1499.31005859375,0.00730000017210841,0,197.414993286133,-94.1341,26.0681,29.80261857833,51,51,51,51,51,51,0,8039,1.18613289235474,26,-94,0.0073,51,2025-06-26 11:22:09.001212,1.0543,1.13
"2904010",12,0.00626801710277755,5,0.0073,1,0.0073,1,193.703097442775,1,7.44000005722046,0.00730000017210841,0.028466435149312,183.468704223633,-94.8904,25.8204,23.842870168368,51,51,51,51,51,51,0.0073,8038,1.16464264221059,26,-95,0.0073,51,2025-07-06 15:33:21.001657,1.0543,1.13
"2904010",12,0,5,0,1,0,1,193.964819960818,1,11.4499998092651,0,0.028466435149312,183.716598510742,-94.8904,25.8204,23.842870168368,51,51,51,51,51,51,0,8038,1.16464264221059,26,-95,0.0073,51,2025-07-06 15:33:21.001657,1.0543,1.13
"2904010",12,0.0125360342055551,5,0.0146,1,0.0146,1,193.824711580945,1,16.9099998474121,0.0146000003442168,0.028466435149312,183.583892822266,-94.8904,25.8204,23.842870168368,51,51,51,51,51,51,0.0146,8038,1.16464264221059,26,-95,0.0073,51,2025-07-06 15:33:21.001657,1.0543,1.13
"2904010",12,0.0188040513083326,5,0.0219,1,0.0219,1,193.998393131297,1,21.75,0.0219000000506639,0.0292000006884336,183.748397827148,-94.8904,25.8204,23.842870168368,51,51,51,51,51,51,0.0219,8038,1.16464264221059,26,-95,0.0073,51,2025-07-06 15:33:21.001657,1.0543,1.13
"2904010",12,0.0313400855138877,1,0.0365,1,0.0365,1,194.898666397072,1,25.9599990844727,0.0364999994635582,0.0438000001013279,184.601104736328,-94.8904,25.8204,23.842870168368,51,51,51,51,51,51,0.0365,8038,1.16464264221059,26,-95,0.0073,51,2025-07-06 15:33:21.001657,1.0543,1.13
"2904010",12,0.0438761197194428,1,0.0511,1,0.0511,1,195.602655829299,1,31.8099994659424,0.0511000007390976,0.0584000013768673,185.26789855957,-94.8904,25.8204,23.842870168368,51,51,51,51,51,51,0.0511,8038,1.16464264221059,26,-95,0.0073,51,2025-07-06 15:33:21.001657,1.0543,1.13
"2904010",12,0.0438761197194428,1,0.0511,1,0.0511,1,197.437403820027,1,36.5800018310547,0.0511000007390976,0.0584000013768673,187.005706787109,-94.8904,25.8204,23.842870168368,51,51,51,51,51,51,0.0511,8038,1.16464264221059,26,-95,0.0073,51,2025-07-06 15:33:21.001657,1.0543,1.13
"2904010",12,0.0501441368222204,1,0.0584,1,0.0584,1,207.216685199755,1,41.9300003051758,0.0584000013768673,0.065700002014637,196.268295288086,-94.8904,25.8204,23.842870168368,51,51,51,51,51,51,0.0584,8038,1.16464264221059,26,-95,0.0073,51,2025-07-06 15:33:21.001657,1.0543,1.13
"2904010",12,0.0564121539249979,1,0.0657,1,0.0657,1,213.009458674473,1,46.6699981689453,0.065700002014637,0.0729999989271164,201.755004882812,-94.8904,25.8204,23.842870168368,51,51,51,51,51,51,0.0657,8038,1.16464264221059,26,-95,0.0073,51,2025-07-06 15:33:21.001657,1.0543,1.13
"2904010",12,0.0752162052333305,1,0.0876,1,0.0876,1,213.880266811263,1,51.6199989318848,0.0876000002026558,0.0948999971151352,202.579803466797,-94.8904,25.8204,23.842870168368,51,51,51,51,51,51,0.0876,8038,1.16464264221059,26,-95,0.0073,51,2025-07-06 15:33:21.001657,1.0543,1.13
"2904010",12,0.0814842223361081,1,0.0949,1,0.0949,1,216.191789264719,1,56.8600006103516,0.0948999971151352,0.102200001478195,204.769195556641,-94.8904,25.8204,23.842870168368,51,51,51,51,51,51,0.0949,8038,1.16464264221059,26,-95,0.0073,51,2025-07-06 15:33:21.001657,1.0543,1.13
"2904010",12,0.0940202565416632,1,0.1095,1,0.1095,1,217.801013832446,1,61.5299987792969,0.109499998390675,0.116800002753735,206.293395996094,-94.8904,25.8204,23.842870168368,51,51,51,51,51,51,0.1095,8038,1.16464264221059,26,-95,0.0073,51,2025-07-06 15:33:21.001657,1.0543,1.13
"2904010",12,0.106556290747218,1,0.1241,1,0.1241,1,215.330695437813,1,66.6900024414062,0.124099999666214,0.131400004029274,203.953598022461,-94.8904,25.8204,23.842870168368,51,51,51,51,51,51,0.1241,8038,1.16464264221059,26,-95,0.0073,51,2025-07-06 15:33:21.001657,1.0543,1.13
"2904010",12,0.119092324952773,1,0.1387,1,0.1387,1,212.672341512552,1,71.6399993896484,0.138699993491173,0.145999997854233,201.435699462891,-94.8904,25.8204,23.842870168368,51,51,51,51,51,51,0.1387,8038,1.16464264221059,26,-95,0.0073,51,2025-07-06 15:33:21.001657,1.0543,1.13
"2904010",12,0.125360342055551,1,0.146,1,0.146,1,210.364089382324,1,76.8000030517578,0.145999997854233,0.153300002217293,199.249404907227,-94.8904,25.8204,23.842870168368,51,51,51,51,51,51,0.146,8038,1.16464264221059,26,-95,0.0073,51,2025-07-06 15:33:21.001657,1.0543,1.13
"2904010",12,0.188040513083326,1,0.219,1,0.219,1,209.726392462824,1,81.9599990844727,0.218999996781349,0.226300001144409,198.645401000977,-94.8904,25.8204,23.842870168368,51,51,51,51,51,51,0.219,8038,1.16464264221059,26,-95,0.0073,51,2025-07-06 15:33:21.001657,1.0543,1.13
"2904010",12,0.200576547288881,1,0.2336,1,0.2336,1,205.256843318063,1,86.5699996948242,0.233600005507469,0.240899994969368,194.412002563477,-94.8904,25.8204,23.842870168368,51,51,51,51,51,51,0.2336,8038,1.16464264221059,26,-95,0.0073,51,2025-07-06 15:33:21.001657,1.0543,1.13
"2904010",12,0.175504478877771,4,0.2044,1,0.2044,1,203.714024032828,1,91.8499984741211,0.20440000295639,0.21170000731945,192.950698852539,-94.8904,25.8204,23.842870168368,51,51,51,51,51,51,0.2044,8038,1.16464264221059,26,-95,0.0073,51,2025-07-06 15:33:21.001657,1.0543,1.13
"2904010",12,0.213112581494437,1,0.2482,1,0.2482,1,202.390815812838,1,96.3399963378906,0.248199999332428,0.255499988794327,191.697402954102,-94.8904,25.8204,23.842870168368,51,51,51,51,51,51,0.2482,8038,1.16464264221059,26,-95,0.0073,51,2025-07-06 15:33:21.001657,1.0543,1.13
"2904010",12,0.256988701213879,1,0.2993,1,0.2993,1,200.568327506723,1,101.900001525879,0.299299985170364,0.306600004434586,189.971206665039,-94.8904,25.8204,23.842870168368,51,51,51,51,51,51,0.2993,8038,1.16464264221059,26,-95,0.0073,51,2025-07-06 15:33:21.001657,1.0543,1.13
"2904010",12,0.338472923549987,1,0.3942,1,0.3942,1,189.978183176075,1,111.779998779297,0.394199997186661,0.40149998664856,179.94059753418,-94.8904,25.8204,23.842870168368,51,51,51,51,51,51,0.3942,8038,1.16464264221059,26,-95,0.0073,51,2025-07-06 15:33:21.001657,1.0543,1.13
"2904010",12,0.288328786727767,1,0.3358,1,0.3358,1,157.950796216214,1,121.930000305176,0.335799992084503,0.343100011348724,149.605392456055,-94.8904,25.8204,23.842870168368,51,51,51,51,51,51,0.3358,8038,1.16464264221059,26,-95,0.0073,51,2025-07-06 15:33:21.001657,1.0543,1.13
"2904010",12,0.194308530186104,1,0.2263,1,0.2263,1,138.910072224452,1,131.690002441406,0.226300001144409,0.233600005507469,131.570693969727,-94.8904,25.8204,23.842870168368,51,51,51,51,51,51,0.2263,8038,1.16464264221059,26,-95,0.0073,51,2025-07-06 15:33:21.001657,1.0543,1.13
"2904010",12,0.144164393363884,1,0.1679,1,0.1679,1,132.851363475415,1,141.649993896484,0.167899996042252,0.175200000405312,125.832099914551,-94.8904,25.8204,23.842870168368,51,51,51,51,51,51,0.1679,8038,1.16464264221059,26,-95,0.0073,51,2025-07-06 15:33:21.001657,1.0543,1.13
"2904010",12,0.0752162052333305,1,0.0876,1,0.0876,1,133.991610804268,1,151.679992675781,0.0876000002026558,0.0948999971151352,126.912101745605,-94.8904,25.8204,23.842870168368,51,51,51,51,51,51,0.0876,8038,1.16464264221059,26,-95,0.0073,51,2025-07-06 15:33:21.001657,1.0543,1.13
"2904010",12,0.0250720684111102,1,0.0292,1,0.0292,1,134.372426250701,1,161.220001220703,0.0292000006884336,0.0364999994635582,127.272796630859,-94.8904,25.8204,23.842870168368,51,51,51,51,51,51,0.0292,8038,1.16464264221059,26,-95,0.0073,51,2025-07-06 15:33:21.001657,1.0543,1.13
"2904010",12,0,1,0,1,0,1,132.554795099529,1,171.509994506836,0,0.00730000017210841,125.551200866699,-94.8904,25.8204,23.842870168368,51,51,51,51,51,51,0,8038,1.16464264221059,26,-95,0.0073,51,2025-07-06 15:33:21.001657,1.0543,1.13
"2904010",12,0,1,-0.0073,1,-0.0073,1,132.860650871183,1,181.25,-0.00730000017210841,0,125.840896606445,-94.8904,25.8204,23.842870168368,51,51,51,51,51,51,0,8038,1.16464264221059,26,-95,0.0073,51,2025-07-06 15:33:21.001657,1.0543,1.13
"2904010",12,0,1,-0.0073,1,-0.0073,1,133.719956491792,1,191.179992675781,-0.00730000017210841,0,126.654800415039,-94.8904,25.8204,23.842870168368,51,51,51,51,51,51,0,8038,1.16464264221059,26,-95,0.0073,51,2025-07-06 15:33:21.001657,1.0543,1.13
"2904010",12,0,1,-0.0146,1,-0.0146,1,131.325862404319,1,201.770004272461,-0.0146000003442168,0,124.387199401855,-94.8904,25.8204,23.842870168368,51,51,51,51,51,51,0,8038,1.16464264221059,26,-95,0.0073,51,2025-07-06 15:33:21.001657,1.0543,1.13
"2904010",12,0,1,-0.0073,1,-0.0073,1,129.580548893396,1,211.779998779297,-0.00730000017210841,0,122.734100341797,-94.8904,25.8204,23.842870168368,51,51,51,51,51,51,0,8038,1.16464264221059,26,-95,0.0073,51,2025-07-06 15:33:21.001657,1.0543,1.13
"2904010",12,0,1,-0.0073,1,-0.0073,1,127.871974161396,1,221.389999389648,-0.00730000017210841,0,121.115798950195,-94.8904,25.8204,23.842870168368,51,51,51,51,51,51,0,8038,1.16464264221059,26,-95,0.0073,51,2025-07-06 15:33:21.001657,1.0543,1.13
"2904010",12,0,1,-0.0073,1,-0.0073,1,125.818476988639,1,231.119995117188,-0.00730000017210841,0,119.170799255371,-94.8904,25.8204,23.842870168368,51,51,51,51,51,51,0,8038,1.16464264221059,26,-95,0.0073,51,2025-07-06 15:33:21.001657,1.0543,1.13
"2904010",12,0,1,0,1,0,1,125.140770966987,1,241.339996337891,0,0,118.528900146484,-94.8904,25.8204,23.842870168368,51,51,51,51,51,51,0,8038,1.16464264221059,26,-95,0.0073,51,2025-07-06 15:33:21.001657,1.0543,1.13
"2904010",12,0,1,-0.0073,1,-0.0073,1,121.464742394057,1,251.210006713867,-0.00730000017210841,0,115.047096252441,-94.8904,25.8204,23.842870168368,51,51,51,51,51,51,0,8038,1.16464264221059,26,-95,0.0073,51,2025-07-06 15:33:21.001657,1.0543,1.13
"2904010",12,0,1,-0.0073,1,-0.0073,1,118.490504242907,1,261.279998779297,-0.00730000017210841,0,112.230003356934,-94.8904,25.8204,23.842870168368,51,51,51,51,51,51,0,8038,1.16464264221059,26,-95,0.0073,51,2025-07-06 15:33:21.001657,1.0543,1.13
"2904010",12,0,1,-0.0073,1,-0.0073,1,121.718877117812,1,271.589996337891,-0.00730000017210841,0,115.287803649902,-94.8904,25.8204,23.842870168368,51,51,51,51,51,51,0,8038,1.16464264221059,26,-95,0.0073,51,2025-07-06 15:33:21.001657,1.0543,1.13
"2904010",12,0,1,-0.0073,1,-0.0073,1,121.210301580936,1,281.329986572266,-0.00730000017210841,0,114.806098937988,-94.8904,25.8204,23.842870168368,51,51,51,51,51,51,0,8038,1.16464264221059,26,-95,0.0073,51,2025-07-06 15:33:21.001657,1.0543,1.13
"2904010",12,0,1,0,1,0,1,120.296842307465,1,291.029998779297,0,0,113.940902709961,-94.8904,25.8204,23.842870168368,51,51,51,51,51,51,0,8038,1.16464264221059,26,-95,0.0073,51,2025-07-06 15:33:21.001657,1.0543,1.13
"2904010",12,0,1,-0.0073,1,-0.0073,1,120.054322869658,1,301.820007324219,-0.00730000017210841,0,113.711196899414,-94.8904,25.8204,23.842870168368,51,51,51,51,51,51,0,8038,1.16464264221059,26,-95,0.0073,51,2025-07-06 15:33:21.001657,1.0543,1.13
"2904010",12,0,1,-0.0073,1,-0.0073,1,118.910386358444,1,309.859985351562,-0.00730000017210841,0,112.627700805664,-94.8904,25.8204,23.842870168368,51,51,51,51,51,51,0,8038,1.16464264221059,26,-95,0.0073,51,2025-07-06 15:33:21.001657,1.0543,1.13
"2904010",12,0,1,-0.0073,1,-0.0073,1,116.836195933537,1,321.839996337891,-0.00730000017210841,0,110.663101196289,-94.8904,25.8204,23.842870168368,51,51,51,51,51,51,0,8038,1.16464264221059,26,-95,0.0073,51,2025-07-06 15:33:21.001657,1.0543,1.13
"2904010",12,0,1,-0.0073,1,-0.0073,1,116.247175278241,1,331.130004882812,-0.00730000017210841,0,110.105201721191,-94.8904,25.8204,23.842870168368,51,51,51,51,51,51,0,8038,1.16464264221059,26,-95,0.0073,51,2025-07-06 15:33:21.001657,1.0543,1.13
"2904010",12,0,1,-0.0073,1,-0.0073,1,115.515307548743,1,341.779998779297,-0.00730000017210841,0,109.412002563477,-94.8904,25.8204,23.842870168368,51,51,51,51,51,51,0,8038,1.16464264221059,26,-95,0.0073,51,2025-07-06 15:33:21.001657,1.0543,1.13
"2904010",12,0,1,-0.0073,1,-0.0073,1,115.128885833919,1,351.799987792969,-0.00730000017210841,0,109.045997619629,-94.8904,25.8204,23.842870168368,51,51,51,51,51,51,0,8038,1.16464264221059,26,-95,0.0073,51,2025-07-06 15:33:21.001657,1.0543,1.13
"2904010",12,0,1,0,1,0,1,114.318788106414,1,361.440002441406,0,0,108.278701782227,-94.8904,25.8204,23.842870168368,51,51,51,51,51,51,0,8038,1.16464264221059,26,-95,0.0073,51,2025-07-06 15:33:21.001657,1.0543,1.13
"2904010",12,0,1,0.0073,1,0.0073,1,112.25705068572,1,381.200012207031,0.00730000017210841,0,106.325897216797,-94.8904,25.8204,23.842870168368,51,51,51,51,51,51,0,8038,1.16464264221059,26,-95,0.0073,51,2025-07-06 15:33:21.001657,1.0543,1.13
"2904010",12,0,1,-0.0073,1,-0.0073,1,113.355492651141,1,401.510009765625,-0.00730000017210841,0,107.366302490234,-94.8904,25.8204,23.842870168368,51,51,51,51,51,51,0,8038,1.16464264221059,26,-95,0.0073,51,2025-07-06 15:33:21.001657,1.0543,1.13
"2904010",12,0,1,0,1,0,1,111.502910927341,1,451.170013427734,0,0,105.611602783203,-94.8904,25.8204,23.842870168368,51,51,51,51,51,51,0,8038,1.16464264221059,26,-95,0.0073,51,2025-07-06 15:33:21.001657,1.0543,1.13
"2904010",12,0,1,-0.0073,1,-0.0073,1,113.531067122573,1,501.390014648438,-0.00730000017210841,0,107.532600402832,-94.8904,25.8204,23.842870168368,51,51,51,51,51,51,0,8038,1.16464264221059,26,-95,0.0073,51,2025-07-06 15:33:21.001657,1.0543,1.13
"2904010",12,0,1,0.0073,1,0.0073,1,116.658825200824,1,551.659973144531,0.00730000017210841,0,110.495101928711,-94.8904,25.8204,23.842870168368,51,51,51,51,51,51,0,8038,1.16464264221059,26,-95,0.0073,51,2025-07-06 15:33:21.001657,1.0543,1.13
"2904010",12,0,1,0,1,0,1,120.900539142371,1,601.179992675781,0,0,114.512702941895,-94.8904,25.8204,23.842870168368,51,51,51,51,51,51,0,8038,1.16464264221059,26,-95,0.0073,51,2025-07-06 15:33:21.001657,1.0543,1.13
"2904010",12,0,1,0,1,0,1,127.346297894931,1,651.440002441406,0,0,120.617897033691,-94.8904,25.8204,23.842870168368,51,51,51,51,51,51,0,8038,1.16464264221059,26,-95,0.0073,51,2025-07-06 15:33:21.001657,1.0543,1.13
"2904010",12,0,1,0,1,0,1,134.321116006951,1,701.080017089844,0,0,127.224197387695,-94.8904,25.8204,23.842870168368,51,51,51,51,51,51,0,8038,1.16464264221059,26,-95,0.0073,51,2025-07-06 15:33:21.001657,1.0543,1.13
"2904010",12,0,1,0.0073,1,0.0073,1,140.448670698427,1,750.799987792969,0.00730000017210841,0,133.02799987793,-94.8904,25.8204,23.842870168368,51,51,51,51,51,51,0,8038,1.16464264221059,26,-95,0.0073,51,2025-07-06 15:33:21.001657,1.0543,1.13
"2904010",12,0,1,0,1,0,1,145.747109846779,1,801.349975585938,0,0,138.046493530273,-94.8904,25.8204,23.842870168368,51,51,51,51,51,51,0,8038,1.16464264221059,26,-95,0.0073,51,2025-07-06 15:33:21.001657,1.0543,1.13
"2904010",12,0,1,0,1,0,1,152.422935032933,1,851.650024414062,0,0,144.369598388672,-94.8904,25.8204,23.842870168368,51,51,51,51,51,51,0,8038,1.16464264221059,26,-95,0.0073,51,2025-07-06 15:33:21.001657,1.0543,1.13
"2904010",12,0,1,0.0073,1,0.0073,1,159.615874038283,1,901.27001953125,0.00730000017210841,0,151.182495117188,-94.8904,25.8204,23.842870168368,51,51,51,51,51,51,0,8038,1.16464264221059,26,-95,0.0073,51,2025-07-06 15:33:21.001657,1.0543,1.13
"2904010",12,0,1,0,1,0,1,168.440430464991,1,951.830017089844,0,0,159.540802001953,-94.8904,25.8204,23.842870168368,51,51,51,51,51,51,0,8038,1.16464264221059,26,-95,0.0073,51,2025-07-06 15:33:21.001657,1.0543,1.13
"2904010",12,0,1,-0.0073,1,-0.0073,1,175.361078814182,1,1000.04998779297,-0.00730000017210841,0,166.095794677734,-94.8904,25.8204,23.842870168368,51,51,51,51,51,51,0,8038,1.16464264221059,26,-95,0.0073,51,2025-07-06 15:33:21.001657,1.0543,1.13
"2904010",12,0,1,0,1,0,1,189.515537154091,1,1099.80004882812,0,0,179.502395629883,-94.8904,25.8204,23.842870168368,51,51,51,51,51,51,0,8038,1.16464264221059,26,-95,0.0073,51,2025-07-06 15:33:21.001657,1.0543,1.13
"2904010",12,0,1,0,1,0,1,197.663539421761,1,1199.71997070312,0,0,187.21989440918,-94.8904,25.8204,23.842870168368,51,51,51,51,51,51,0,8038,1.16464264221059,26,-95,0.0073,51,2025-07-06 15:33:21.001657,1.0543,1.13
"2904010",12,0,1,0,1,0,1,203.072750700733,1,1299.34997558594,0,0,192.343307495117,-94.8904,25.8204,23.842870168368,51,51,51,51,51,51,0,8038,1.16464264221059,26,-95,0.0073,51,2025-07-06 15:33:21.001657,1.0543,1.13
"2904010",12,0,1,0,1,0,1,206.452718361726,1,1399.23999023438,0,0,195.544692993164,-94.8904,25.8204,23.842870168368,51,51,51,51,51,51,0,8038,1.16464264221059,26,-95,0.0073,51,2025-07-06 15:33:21.001657,1.0543,1.13
"2904010",12,0,1,0,1,0,1,208.410675377321,1,1499.46997070312,0,0,197.399200439453,-94.8904,25.8204,23.842870168368,51,51,51,51,51,51,0,8038,1.16464264221059,26,-95,0.0073,51,2025-07-06 15:33:21.001657,1.0543,1.13
"2904010",13,0,5,0,1,0,1,194.027108029662,1,7.90999984741211,0,0.0326659455895424,183.717803955078,-95.0185,25.3704,41.8238831790479,51,51,51,51,51,51,0,8270,1.30708361069746,25,-95,0.0073,51,2025-07-16 19:55:31.002118,1.0543,1.13
"2904010",13,0.011169905184726,5,0.0146,1,0.0146,1,194.173690381733,1,11.9200000762939,0.0146000003442168,0.0326659455895424,183.856597900391,-95.0185,25.3704,41.8238831790479,51,51,51,51,51,51,0.0146,8270,1.30708361069746,25,-95,0.0073,51,2025-07-16 19:55:31.002118,1.0543,1.13
"2904010",13,0.005584952592363,5,0.0073,1,0.0073,1,194.086040710128,1,16.3099994659424,0.00730000017210841,0.0326659455895424,183.77360534668,-95.0185,25.3704,41.8238831790479,51,51,51,51,51,51,0.0073,8270,1.30708361069746,25,-95,0.0073,51,2025-07-16 19:55:31.002118,1.0543,1.13
"2904010",13,0.011169905184726,5,0.0146,1,0.0146,1,194.2937796174,1,21.5200004577637,0.0146000003442168,0.0326659455895424,183.970306396484,-95.0185,25.3704,41.8238831790479,51,51,51,51,51,51,0.0146,8270,1.30708361069746,25,-95,0.0073,51,2025-07-16 19:55:31.002118,1.0543,1.13
"2904010",13,0.022339810369452,5,0.0292,1,0.0292,1,194.267270385962,1,26.7600002288818,0.0292000006884336,0.0326659455895424,183.945205688477,-95.0185,25.3704,41.8238831790479,51,51,51,51,51,51,0.0292,8270,1.30708361069746,25,-95,0.0073,51,2025-07-16 19:55:31.002118,1.0543,1.13
"2904010",13,0.011169905184726,5,0.0146,1,0.0146,1,194.391259459933,1,31.5900001525879,0.0146000003442168,0.0326659455895424,184.062606811523,-95.0185,25.3704,41.8238831790479,51,51,51,51,51,51,0.0146,8270,1.30708361069746,25,-95,0.0073,51,2025-07-16 19:55:31.002118,1.0543,1.13
"2904010",13,0.022339810369452,5,0.0292,1,0.0292,1,194.926907085315,1,36.6500015258789,0.0292000006884336,0.0364999994635582,184.569793701172,-95.0185,25.3704,41.8238831790479,51,51,51,51,51,51,0.0292,8270,1.30708361069746,25,-95,0.0073,51,2025-07-16 19:55:31.002118,1.0543,1.13
"2904010",13,0.027924762961815,1,0.0365,1,0.0365,1,196.090428677428,1,41.8300018310547,0.0364999994635582,0.0438000001013279,185.671493530273,-95.0185,25.3704,41.8238831790479,51,51,51,51,51,51,0.0365,8270,1.30708361069746,25,-95,0.0073,51,2025-07-16 19:55:31.002118,1.0543,1.13
"2904010",13,0.050264573331267,1,0.0657,1,0.0657,1,202.282646725531,1,46.7599983215332,0.065700002014637,0.0729999989271164,191.534698486328,-95.0185,25.3704,41.8238831790479,51,51,51,51,51,51,0.0657,8270,1.30708361069746,25,-95,0.0073,51,2025-07-16 19:55:31.002118,1.0543,1.13
"2904010",13,0.083774288885445,1,0.1095,1,0.1095,1,215.914241441912,1,51.9199981689453,0.109499998390675,0.116800002753735,204.442001342773,-95.0185,25.3704,41.8238831790479,51,51,51,51,51,51,0.1095,8270,1.30708361069746,25,-95,0.0073,51,2025-07-16 19:55:31.002118,1.0543,1.13
"2904010",13,0.094944194070171,1,0.1241,1,0.1241,1,216.846995742726,1,56.7599983215332,0.124099999666214,0.131400004029274,205.3251953125,-95.0185,25.3704,41.8238831790479,51,51,51,51,51,51,0.1241,8270,1.30708361069746,25,-95,0.0073,51,2025-07-16 19:55:31.002118,1.0543,1.13
"2904010",13,0.117284004439623,1,0.1533,1,0.1533,1,217.799619880843,1,61.9199981689453,0.153300002217293,0.160600006580353,206.227203369141,-95.0185,25.3704,41.8238831790479,51,51,51,51,51,51,0.1533,8270,1.30708361069746,25,-95,0.0073,51,2025-07-16 19:55:31.002118,1.0543,1.13
"2904010",13,0.117284004439623,1,0.1533,1,0.1533,1,216.79947250655,1,66.7699966430664,0.153300002217293,0.160600006580353,205.280197143555,-95.0185,25.3704,41.8238831790479,51,51,51,51,51,51,0.1533,8270,1.30708361069746,25,-95,0.0073,51,2025-07-16 19:55:31.002118,1.0543,1.13
"2904010",13,0.128453909624349,1,0.1679,1,0.1679,1,213.849953892087,1,71.5999984741211,0.167899996042252,0.175200000405312,202.487396240234,-95.0185,25.3704,41.8238831790479,51,51,51,51,51,51,0.1679,8270,1.30708361069746,25,-95,0.0073,51,2025-07-16 19:55:31.002118,1.0543,1.13
"2904010",13,0.139623814809075,1,0.1825,1,0.1825,1,210.506406573744,1,76.8300018310547,0.182500004768372,0.18979999423027,199.321502685547,-95.0185,25.3704,41.8238831790479,51,51,51,51,51,51,0.1825,8270,1.30708361069746,25,-95,0.0073,51,2025-07-16 19:55:31.002118,1.0543,1.13
"2904010",13,0.156378672586164,1,0.2044,1,0.2044,1,206.819609024629,1,81.9700012207031,0.20440000295639,0.21170000731945,195.830596923828,-95.0185,25.3704,41.8238831790479,51,51,51,51,51,51,0.2044,8270,1.30708361069746,25,-95,0.0073,51,2025-07-16 19:55:31.002118,1.0543,1.13
"2904010",13,0.22339810369452,1,0.292,1,0.292,1,203.068399683383,1,86.6699981689453,0.291999995708466,0.299299985170364,192.278701782227,-95.0185,25.3704,41.8238831790479,51,51,51,51,51,51,0.292,8270,1.30708361069746,25,-95,0.0073,51,2025-07-16 19:55:31.002118,1.0543,1.13
"2904010",13,0.351852013318869,1,0.4599,1,0.4599,1,195.704006269743,1,91.9199981689453,0.459899991750717,0.467200011014938,185.305603027344,-95.0185,25.3704,41.8238831790479,51,51,51,51,51,51,0.4599,8270,1.30708361069746,25,-95,0.0073,51,2025-07-16 19:55:31.002118,1.0543,1.13
"2904010",13,0.435626302204314,1,0.5694,1,0.5694,1,188.508482300623,1,96.4700012207031,0.569400012493134,0.57669997215271,178.492401123047,-95.0185,25.3704,41.8238831790479,51,51,51,51,51,51,0.5694,8270,1.30708361069746,25,-95,0.0073,51,2025-07-16 19:55:31.002118,1.0543,1.13
"2904010",13,0.385361728873047,1,0.5037,1,0.5037,1,180.114789415626,1,101.959999084473,0.503700017929077,0.510999977588654,170.544692993164,-95.0185,25.3704,41.8238831790479,51,51,51,51,51,51,0.5037,8270,1.30708361069746,25,-95,0.0073,51,2025-07-16 19:55:31.002118,1.0543,1.13
"2904010",13,0.312757345172328,1,0.4088,1,0.4088,1,148.255608313095,1,111.849998474121,0.408800005912781,0.41609999537468,140.378295898438,-95.0185,25.3704,41.8238831790479,51,51,51,51,51,51,0.4088,8270,1.30708361069746,25,-95,0.0073,51,2025-07-16 19:55:31.002118,1.0543,1.13
"2904010",13,0.201058293325068,1,0.2628,1,0.2628,1,139.631164251833,1,120.889999389648,0.262800008058548,0.270099997520447,132.212097167969,-95.0185,25.3704,41.8238831790479,51,51,51,51,51,51,0.2628,8270,1.30708361069746,25,-95,0.0073,51,2025-07-16 19:55:31.002118,1.0543,1.13
"2904010",13,0.139623814809075,1,0.1825,1,0.1825,1,136.410655220437,1,131.690002441406,0.182500004768372,0.18979999423027,129.162704467773,-95.0185,25.3704,41.8238831790479,51,51,51,51,51,51,0.1825,8270,1.30708361069746,25,-95,0.0073,51,2025-07-16 19:55:31.002118,1.0543,1.13
"2904010",13,0.078189336293082,1,0.1022,1,0.1022,1,135.651943290155,1,141.440002441406,0.102200001478195,0.109499998390675,128.444305419922,-95.0185,25.3704,41.8238831790479,51,51,51,51,51,51,0.1022,8270,1.30708361069746,25,-95,0.0073,51,2025-07-16 19:55:31.002118,1.0543,1.13
"2904010",13,0.044679620738904,1,0.0584,1,0.0584,1,134.708512779111,1,151.270004272461,0.0584000013768673,0.065700002014637,127.551002502441,-95.0185,25.3704,41.8238831790479,51,51,51,51,51,51,0.0584,8270,1.30708361069746,25,-95,0.0073,51,2025-07-16 19:55:31.002118,1.0543,1.13
"2904010",13,0.016754857777089,1,0.0219,1,0.0219,1,136.124871202009,1,161.610000610352,0.0219000000506639,0.0292000006884336,128.892105102539,-95.0185,25.3704,41.8238831790479,51,51,51,51,51,51,0.0219,8270,1.30708361069746,25,-95,0.0073,51,2025-07-16 19:55:31.002118,1.0543,1.13
"2904010",13,0.005584952592363,1,0.0073,1,0.0073,1,134.578714235273,1,171.820007324219,0.00730000017210841,0.0146000003442168,127.428100585938,-95.0185,25.3704,41.8238831790479,51,51,51,51,51,51,0.0073,8270,1.30708361069746,25,-95,0.0073,51,2025-07-16 19:55:31.002118,1.0543,1.13
"2904010",13,0,1,0,1,0,1,132.204671553485,1,181.369995117188,0,0.00730000017210841,125.180198669434,-95.0185,25.3704,41.8238831790479,51,51,51,51,51,51,0,8270,1.30708361069746,25,-95,0.0073,51,2025-07-16 19:55:31.002118,1.0543,1.13
"2904010",13,-0.005584952592363,1,-0.0073,1,-0.0073,1,131.303808905568,1,191.559997558594,-0.00730000017210841,0,124.327201843262,-95.0185,25.3704,41.8238831790479,51,51,51,51,51,51,-0.0073,8270,1.30708361069746,25,-95,0.0073,51,2025-07-16 19:55:31.002118,1.0543,1.13
"2904010",13,0,1,0,1,0,1,130.871853468443,1,201.169998168945,0,0.00730000017210841,123.918197631836,-95.0185,25.3704,41.8238831790479,51,51,51,51,51,51,0,8270,1.30708361069746,25,-95,0.0073,51,2025-07-16 19:55:31.002118,1.0543,1.13
"2904010",13,0,1,0,1,0,1,129.168873045334,1,211.520004272461,0,0,122.305702209473,-95.0185,25.3704,41.8238831790479,51,51,51,51,51,51,0,8270,1.30708361069746,25,-95,0.0073,51,2025-07-16 19:55:31.002118,1.0543,1.13
"2904010",13,0,1,-0.0073,1,-0.0073,1,126.698196560315,1,220.910003662109,-0.00730000017210841,0,119.966300964355,-95.0185,25.3704,41.8238831790479,51,51,51,51,51,51,0,8270,1.30708361069746,25,-95,0.0073,51,2025-07-16 19:55:31.002118,1.0543,1.13
"2904010",13,0,1,-0.0073,1,-0.0073,1,124.381289732669,1,231.399993896484,-0.00730000017210841,0,117.772499084473,-95.0185,25.3704,41.8238831790479,51,51,51,51,51,51,0,8270,1.30708361069746,25,-95,0.0073,51,2025-07-16 19:55:31.002118,1.0543,1.13
"2904010",13,0,1,-0.0073,1,-0.0073,1,121.644263960598,1,241.029998779297,-0.00730000017210841,0,115.18090057373,-95.0185,25.3704,41.8238831790479,51,51,51,51,51,51,0,8270,1.30708361069746,25,-95,0.0073,51,2025-07-16 19:55:31.002118,1.0543,1.13
"2904010",13,0,1,-0.0073,1,-0.0073,1,120.306063454097,1,251.289993286133,-0.00730000017210841,0,113.913803100586,-95.0185,25.3704,41.8238831790479,51,51,51,51,51,51,0,8270,1.30708361069746,25,-95,0.0073,51,2025-07-16 19:55:31.002118,1.0543,1.13
"2904010",13,0,1,0,1,0,1,118.982962734743,1,260.820007324219,0,0,112.661003112793,-95.0185,25.3704,41.8238831790479,51,51,51,51,51,51,0,8270,1.30708361069746,25,-95,0.0073,51,2025-07-16 19:55:31.002118,1.0543,1.13
"2904010",13,0,1,-0.0073,1,-0.0073,1,118.373790265328,1,271.769989013672,-0.00730000017210841,0,112.084197998047,-95.0185,25.3704,41.8238831790479,51,51,51,51,51,51,0,8270,1.30708361069746,25,-95,0.0073,51,2025-07-16 19:55:31.002118,1.0543,1.13
"2904010",13,0,1,-0.0073,1,-0.0073,1,117.157991501918,1,281.570007324219,-0.00730000017210841,0,110.932998657227,-95.0185,25.3704,41.8238831790479,51,51,51,51,51,51,0,8270,1.30708361069746,25,-95,0.0073,51,2025-07-16 19:55:31.002118,1.0543,1.13
"2904010",13,0,1,0,1,0,1,115.814191020995,1,288.839996337891,0,0,109.660598754883,-95.0185,25.3704,41.8238831790479,51,51,51,51,51,51,0,8270,1.30708361069746,25,-95,0.0073,51,2025-07-16 19:55:31.002118,1.0543,1.13
"2904010",13,0,1,-0.0073,1,-0.0073,1,113.95574886191,1,301.239990234375,-0.00730000017210841,0,107.900901794434,-95.0185,25.3704,41.8238831790479,51,51,51,51,51,51,0,8270,1.30708361069746,25,-95,0.0073,51,2025-07-16 19:55:31.002118,1.0543,1.13
"2904010",13,0,1,0,1,0,1,113.534888625907,1,311.220001220703,0,0,107.502403259277,-95.0185,25.3704,41.8238831790479,51,51,51,51,51,51,0,8270,1.30708361069746,25,-95,0.0073,51,2025-07-16 19:55:31.002118,1.0543,1.13
"2904010",13,0,1,0,1,0,1,114.340277753064,1,321.570007324219,0,0,108.264999389648,-95.0185,25.3704,41.8238831790479,51,51,51,51,51,51,0,8270,1.30708361069746,25,-95,0.0073,51,2025-07-16 19:55:31.002118,1.0543,1.13
"2904010",13,0,1,0,1,0,1,114.56417198223,1,331.420013427734,0,0,108.476997375488,-95.0185,25.3704,41.8238831790479,51,51,51,51,51,51,0,8270,1.30708361069746,25,-95,0.0073,51,2025-07-16 19:55:31.002118,1.0543,1.13
"2904010",13,0,1,0,1,0,1,113.559069234887,1,341.630004882812,0,0,107.525299072266,-95.0185,25.3704,41.8238831790479,51,51,51,51,51,51,0,8270,1.30708361069746,25,-95,0.0073,51,2025-07-16 19:55:31.002118,1.0543,1.13
"2904010",13,0,1,0,1,0,1,112.901535547512,1,351.239990234375,0,0,106.902702331543,-95.0185,25.3704,41.8238831790479,51,51,51,51,51,51,0,8270,1.30708361069746,25,-95,0.0073,51,2025-07-16 19:55:31.002118,1.0543,1.13
"2904010",13,0,1,-0.0073,1,-0.0073,1,112.590402580116,1,361.480010986328,-0.00730000017210841,0,106.608100891113,-95.0185,25.3704,41.8238831790479,51,51,51,51,51,51,0,8270,1.30708361069746,25,-95,0.0073,51,2025-07-16 19:55:31.002118,1.0543,1.13
"2904010",13,0,1,-0.0073,1,-0.0073,1,112.463037406458,1,381.869995117188,-0.00730000017210841,0,106.487503051758,-95.0185,25.3704,41.8238831790479,51,51,51,51,51,51,0,8270,1.30708361069746,25,-95,0.0073,51,2025-07-16 19:55:31.002118,1.0543,1.13
"2904010",13,0,1,0,1,0,1,113.002077246563,1,401.260009765625,0,0,106.997901916504,-95.0185,25.3704,41.8238831790479,51,51,51,51,51,51,0,8270,1.30708361069746,25,-95,0.0073,51,2025-07-16 19:55:31.002118,1.0543,1.13
"2904010",13,0,1,0,1,0,1,113.782439725438,1,451.470001220703,0,0,107.736801147461,-95.0185,25.3704,41.8238831790479,51,51,51,51,51,51,0,8270,1.30708361069746,25,-95,0.0073,51,2025-07-16 19:55:31.002118,1.0543,1.13
"2904010",13,0,1,-0.0073,1,-0.0073,1,118.415085040744,1,501.25,-0.00730000017210841,0,112.12329864502,-95.0185,25.3704,41.8238831790479,51,51,51,51,51,51,0,8270,1.30708361069746,25,-95,0.0073,51,2025-07-16 19:55:31.002118,1.0543,1.13
"2904010",13,0,1,-0.0073,1,-0.0073,1,120.662076792042,1,551.640014648438,-0.00730000017210841,0,114.250900268555,-95.0185,25.3704,41.8238831790479,51,51,51,51,51,51,0,8270,1.30708361069746,25,-95,0.0073,51,2025-07-16 19:55:31.002118,1.0543,1.13
"2904010",13,0,1,0.0073,1,0.0073,1,127.128669414283,1,601.409973144531,0.00730000017210841,0,120.373901367188,-95.0185,25.3704,41.8238831790479,51,51,51,51,51,51,0,8270,1.30708361069746,25,-95,0.0073,51,2025-07-16 19:55:31.002118,1.0543,1.13
"2904010",13,0,1,0,1,0,1,132.583181479325,1,651.400024414062,0,0,125.538597106934,-95.0185,25.3704,41.8238831790479,51,51,51,51,51,51,0,8270,1.30708361069746,25,-95,0.0073,51,2025-07-16 19:55:31.002118,1.0543,1.13
"2904010",13,0,1,0.0073,1,0.0073,1,139.765080186937,1,701.070007324219,0.00730000017210841,0,132.338897705078,-95.0185,25.3704,41.8238831790479,51,51,51,51,51,51,0,8270,1.30708361069746,25,-95,0.0073,51,2025-07-16 19:55:31.002118,1.0543,1.13
"2904010",13,0,1,0,1,0,1,144.510635490126,1,751.059997558594,0,0,136.832305908203,-95.0185,25.3704,41.8238831790479,51,51,51,51,51,51,0,8270,1.30708361069746,25,-95,0.0073,51,2025-07-16 19:55:31.002118,1.0543,1.13
"2904010",13,0,1,0,1,0,1,152.29503504295,1,801.359985351562,0,0,144.203094482422,-95.0185,25.3704,41.8238831790479,51,51,51,51,51,51,0,8270,1.30708361069746,25,-95,0.0073,51,2025-07-16 19:55:31.002118,1.0543,1.13
"2904010",13,0,1,0,1,0,1,159.723856363755,1,851.859985351562,0,0,151.237197875977,-95.0185,25.3704,41.8238831790479,51,51,51,51,51,51,0,8270,1.30708361069746,25,-95,0.0073,51,2025-07-16 19:55:31.002118,1.0543,1.13
"2904010",13,0,1,0.0073,1,0.0073,1,165.381151963019,1,901.010009765625,0.00730000017210841,0,156.593902587891,-95.0185,25.3704,41.8238831790479,51,51,51,51,51,51,0,8270,1.30708361069746,25,-95,0.0073,51,2025-07-16 19:55:31.002118,1.0543,1.13
"2904010",13,0,1,0,1,0,1,171.311758544157,1,951.820007324219,0,0,162.209396362305,-95.0185,25.3704,41.8238831790479,51,51,51,51,51,51,0,8270,1.30708361069746,25,-95,0.0073,51,2025-07-16 19:55:31.002118,1.0543,1.13
"2904010",13,0,1,0,1,0,1,178.03815774952,1,999.450012207031,0,0,168.578399658203,-95.0185,25.3704,41.8238831790479,51,51,51,51,51,51,0,8270,1.30708361069746,25,-95,0.0073,51,2025-07-16 19:55:31.002118,1.0543,1.13
"2904010",13,0,1,0,1,0,1,188.093955273103,1,1100.31005859375,0,0,178.099899291992,-95.0185,25.3704,41.8238831790479,51,51,51,51,51,51,0,8270,1.30708361069746,25,-95,0.0073,51,2025-07-16 19:55:31.002118,1.0543,1.13
"2904010",13,0,1,0.0073,1,0.0073,1,196.830978964044,1,1199.01000976562,0.00730000017210841,0,186.372695922852,-95.0185,25.3704,41.8238831790479,51,51,51,51,51,51,0,8270,1.30708361069746,25,-95,0.0073,51,2025-07-16 19:55:31.002118,1.0543,1.13
"2904010",13,0,1,0.0073,1,0.0073,1,201.969515493881,1,1299.93005371094,0.00730000017210841,0,191.238204956055,-95.0185,25.3704,41.8238831790479,51,51,51,51,51,51,0,8270,1.30708361069746,25,-95,0.0073,51,2025-07-16 19:55:31.002118,1.0543,1.13
"2904010",13,0,1,0.0073,1,0.0073,1,205.553337973765,1,1399.86999511719,0.00730000017210841,0,194.631607055664,-95.0185,25.3704,41.8238831790479,51,51,51,51,51,51,0,8270,1.30708361069746,25,-95,0.0073,51,2025-07-16 19:55:31.002118,1.0543,1.13
"2904010",13,0,1,0,1,0,1,207.275213274601,1,1499.40002441406,0,0,196.261993408203,-95.0185,25.3704,41.8238831790479,51,51,51,51,51,51,0,8270,1.30708361069746,25,-95,0.0073,51,2025-07-16 19:55:31.002118,1.0543,1.13
"2904010",14,0.0313400855138877,5,0.0365,1,0.0365,1,193.723219367812,1,7.80000019073486,0.0364999994635582,0.0438000001013279,183.372406005859,-94.5574,25.8341,11.4548470247304,51,51,51,51,51,51,0.0365,8038,1.16464264221059,26,-95,0.0073,51,2025-07-27 00:15:25.000021,1.0543,1.13
"2904010",14,0.0438761197194428,1,0.0511,1,0.0511,1,193.685079208389,1,11.5299997329712,0.0511000007390976,0.0584000013768673,183.336303710938,-94.5574,25.8341,11.4548470247304,51,51,51,51,51,51,0.0511,8038,1.16464264221059,26,-95,0.0073,51,2025-07-27 00:15:25.000021,1.0543,1.13
"2904010",14,0.0250720684111102,1,0.0292,1,0.0292,1,193.652951846711,1,16.3799991607666,0.0292000006884336,0.0364999994635582,183.305892944336,-94.5574,25.8341,11.4548470247304,51,51,51,51,51,51,0.0292,8038,1.16464264221059,26,-95,0.0073,51,2025-07-27 00:15:25.000021,1.0543,1.13
"2904010",14,0.0313400855138877,1,0.0365,1,0.0365,1,193.529665312786,1,21.3700008392334,0.0364999994635582,0.0438000001013279,183.189193725586,-94.5574,25.8341,11.4548470247304,51,51,51,51,51,51,0.0365,8038,1.16464264221059,26,-95,0.0073,51,2025-07-27 00:15:25.000021,1.0543,1.13
"2904010",14,0.0376081026166653,1,0.0438,1,0.0438,1,193.623806703754,1,26.5200004577637,0.0438000001013279,0.0511000007390976,183.278305053711,-94.5574,25.8341,11.4548470247304,51,51,51,51,51,51,0.0438,8038,1.16464264221059,26,-95,0.0073,51,2025-07-27 00:15:25.000021,1.0543,1.13
"2904010",14,0.0438761197194428,1,0.0511,1,0.0511,1,193.693638982123,1,31.7299995422363,0.0511000007390976,0.0584000013768673,183.34440612793,-94.5574,25.8341,11.4548470247304,51,51,51,51,51,51,0.0511,8038,1.16464264221059,26,-95,0.0073,51,2025-07-27 00:15:25.000021,1.0543,1.13
"2904010",14,0.0501441368222204,1,0.0584,1,0.0584,1,193.920658367225,1,36.8400001525879,0.0584000013768673,0.065700002014637,183.559295654297,-94.5574,25.8341,11.4548470247304,51,51,51,51,51,51,0.0584,8038,1.16464264221059,26,-95,0.0073,51,2025-07-27 00:15:25.000021,1.0543,1.13
"2904010",14,0.0501441368222204,1,0.0584,1,0.0584,1,195.39461593992,1,41.7400016784668,0.0584000013768673,0.065700002014637,184.954498291016,-94.5574,25.8341,11.4548470247304,51,51,51,51,51,51,0.0584,8038,1.16464264221059,26,-95,0.0073,51,2025-07-27 00:15:25.000021,1.0543,1.13
"2904010",14,0.068948188130553,1,0.0803,1,0.0803,1,197.932516311463,1,46.6500015258789,0.0803000032901764,0.0876000002026558,187.356796264648,-94.5574,25.8341,11.4548470247304,51,51,51,51,51,51,0.0803,8038,1.16464264221059,26,-95,0.0073,51,2025-07-27 00:15:25.000021,1.0543,1.13
"2904010",14,0.068948188130553,1,0.0803,1,0.0803,1,201.971746187526,1,51.9199981689453,0.0803000032901764,0.0876000002026558,191.180206298828,-94.5574,25.8341,11.4548470247304,51,51,51,51,51,51,0.0803,8038,1.16464264221059,26,-95,0.0073,51,2025-07-27 00:15:25.000021,1.0543,1.13
"2904010",14,0.125360342055551,1,0.146,1,0.146,1,208.573153307529,1,56.7400016784668,0.145999997854233,0.153300002217293,197.428894042969,-94.5574,25.8341,11.4548470247304,51,51,51,51,51,51,0.146,8038,1.16464264221059,26,-95,0.0073,51,2025-07-27 00:15:25.000021,1.0543,1.13
"2904010",14,0.144164393363884,1,0.1679,1,0.1679,1,216.793373229548,1,61.6300010681152,0.167899996042252,0.175200000405312,205.209899902344,-94.5574,25.8341,11.4548470247304,51,51,51,51,51,51,0.1679,8038,1.16464264221059,26,-95,0.0073,51,2025-07-27 00:15:25.000021,1.0543,1.13
"2904010",14,0.188040513083326,1,0.219,1,0.219,1,218.543161853758,1,66.7699966430664,0.218999996781349,0.226300001144409,206.866195678711,-94.5574,25.8341,11.4548470247304,51,51,51,51,51,51,0.219,8038,1.16464264221059,26,-95,0.0073,51,2025-07-27 00:15:25.000021,1.0543,1.13
"2904010",14,0.200576547288881,1,0.2336,1,0.2336,1,217.646029862057,1,71.8899993896484,0.233600005507469,0.240899994969368,206.016998291016,-94.5574,25.8341,11.4548470247304,51,51,51,51,51,51,0.2336,8038,1.16464264221059,26,-95,0.0073,51,2025-07-27 00:15:25.000021,1.0543,1.13
"2904010",14,0.200576547288881,1,0.2336,1,0.2336,1,217.585918004708,1,76.8899993896484,0.233600005507469,0.240899994969368,205.960098266602,-94.5574,25.8341,11.4548470247304,51,51,51,51,51,51,0.2336,8038,1.16464264221059,26,-95,0.0073,51,2025-07-27 00:15:25.000021,1.0543,1.13
"2904010",14,0.194308530186104,1,0.2263,1,0.2263,1,216.25459108737,1,81.5100021362305,0.226300001144409,0.233600005507469,204.699905395508,-94.5574,25.8341,11.4548470247304,51,51,51,51,51,51,0.2263,8038,1.16464264221059,26,-95,0.0073,51,2025-07-27 00:15:25.000021,1.0543,1.13
"2904010",14,0.200576547288881,1,0.2336,1,0.2336,1,215.482534960826,1,86.5100021362305,0.233600005507469,0.240899994969368,203.969100952148,-94.5574,25.8341,11.4548470247304,51,51,51,51,51,51,0.2336,8038,1.16464264221059,26,-95,0.0073,51,2025-07-27 00:15:25.000021,1.0543,1.13
"2904010",14,0.238184649905547,1,0.2774,1,0.2774,1,214.350130092211,1,91.9400024414062,0.277399986982346,0.284700006246567,202.897201538086,-94.5574,25.8341,11.4548470247304,51,51,51,51,51,51,0.2774,8038,1.16464264221059,26,-95,0.0073,51,2025-07-27 00:15:25.000021,1.0543,1.13
"2904010",14,0.219380598597214,1,0.2555,1,0.2555,1,208.788775781088,1,96.6900024414062,0.255499988794327,0.262800008058548,197.632995605469,-94.5574,25.8341,11.4548470247304,51,51,51,51,51,51,0.2555,8038,1.16464264221059,26,-95,0.0073,51,2025-07-27 00:15:25.000021,1.0543,1.13
"2904010",14,0.194308530186104,4,0.2263,1,0.2263,1,205.450189983283,1,101.580001831055,0.226300001144409,0.233600005507469,194.472793579102,-94.5574,25.8341,11.4548470247304,51,51,51,51,51,51,0.2263,8038,1.16464264221059,26,-95,0.0073,51,2025-07-27 00:15:25.000021,1.0543,1.13
"2904010",14,0.238184649905547,1,0.2774,1,0.2774,1,199.971773592798,1,111.849998474121,0.277399986982346,0.284700006246567,189.287094116211,-94.5574,25.8341,11.4548470247304,51,51,51,51,51,51,0.2774,8038,1.16464264221059,26,-95,0.0073,51,2025-07-27 00:15:25.000021,1.0543,1.13
"2904010",14,0.275792752522212,1,0.3212,1,0.3212,1,188.209516075816,1,121.300003051758,0.321200013160706,0.328500002622604,178.153305053711,-94.5574,25.8341,11.4548470247304,51,51,51,51,51,51,0.3212,8038,1.16464264221059,26,-95,0.0073,51,2025-07-27 00:15:25.000021,1.0543,1.13
"2904010",14,0.256988701213879,1,0.2993,1,0.2993,1,171.122644053832,1,131.580001831055,0.299299985170364,0.306600004434586,161.979400634766,-94.5574,25.8341,11.4548470247304,51,51,51,51,51,51,0.2993,8038,1.16464264221059,26,-95,0.0073,51,2025-07-27 00:15:25.000021,1.0543,1.13
"2904010",14,0.188040513083326,1,0.219,1,0.219,1,146.435482841413,1,141.669998168945,0.218999996781349,0.226300001144409,138.611297607422,-94.5574,25.8341,11.4548470247304,51,51,51,51,51,51,0.219,8038,1.16464264221059,26,-95,0.0073,51,2025-07-27 00:15:25.000021,1.0543,1.13
"2904010",14,0.112824307849996,1,0.1314,1,0.1314,1,132.65349754569,1,151.479995727539,0.131400004029274,0.138699993491173,125.565696716309,-94.5574,25.8341,11.4548470247304,51,51,51,51,51,51,0.1314,8038,1.16464264221059,26,-95,0.0073,51,2025-07-27 00:15:25.000021,1.0543,1.13
"2904010",14,0.119092324952773,1,0.1387,1,0.1387,1,127.530263404844,1,160.660003662109,0.138699993491173,0.145999997854233,120.716201782227,-94.5574,25.8341,11.4548470247304,51,51,51,51,51,51,0.1387,8038,1.16464264221059,26,-95,0.0073,51,2025-07-27 00:15:25.000021,1.0543,1.13
"2904010",14,0.0877522394388856,1,0.1022,1,0.1022,1,122.28288836471,1,171.809997558594,0.102200001478195,0.109499998390675,115.749198913574,-94.5574,25.8341,11.4548470247304,51,51,51,51,51,51,0.1022,8038,1.16464264221059,26,-95,0.0073,51,2025-07-27 00:15:25.000021,1.0543,1.13
"2904010",14,0.0814842223361081,1,0.0949,1,0.0949,1,121.885350549187,1,181.660003662109,0.0948999971151352,0.102200001478195,115.372901916504,-94.5574,25.8341,11.4548470247304,51,51,51,51,51,51,0.0949,8038,1.16464264221059,26,-95,0.0073,51,2025-07-27 00:15:25.000021,1.0543,1.13
"2904010",14,0.0501441368222204,1,0.0584,1,0.0584,1,126.107857915765,1,191.850006103516,0.0584000013768673,0.065700002014637,119.36979675293,-94.5574,25.8341,11.4548470247304,51,51,51,51,51,51,0.0584,8038,1.16464264221059,26,-95,0.0073,51,2025-07-27 00:15:25.000021,1.0543,1.13
"2904010",14,0.0313400855138877,1,0.0365,1,0.0365,1,129.287870278134,1,201.259994506836,0.0364999994635582,0.0438000001013279,122.379898071289,-94.5574,25.8341,11.4548470247304,51,51,51,51,51,51,0.0365,8038,1.16464264221059,26,-95,0.0073,51,2025-07-27 00:15:25.000021,1.0543,1.13
"2904010",14,0.0250720684111102,1,0.0292,1,0.0292,1,133.058539268319,1,211.039993286133,0.0292000006884336,0.0364999994635582,125.949096679688,-94.5574,25.8341,11.4548470247304,51,51,51,51,51,51,0.0292,8038,1.16464264221059,26,-95,0.0073,51,2025-07-27 00:15:25.000021,1.0543,1.13
"2904010",14,0.0125360342055551,1,0.0146,1,0.0146,1,136.942564810095,1,221.160003662109,0.0146000003442168,0.0219000000506639,129.625595092773,-94.5574,25.8341,11.4548470247304,51,51,51,51,51,51,0.0146,8038,1.16464264221059,26,-95,0.0073,51,2025-07-27 00:15:25.000021,1.0543,1.13
"2904010",14,0.0125360342055551,1,0.0146,1,0.0146,1,136.113685326846,1,231.369995117188,0.0146000003442168,0.0219000000506639,128.841003417969,-94.5574,25.8341,11.4548470247304,51,51,51,51,51,51,0.0146,8038,1.16464264221059,26,-95,0.0073,51,2025-07-27 00:15:25.000021,1.0543,1.13
"2904010",14,0,1,0,1,0,1,134.970504170583,1,240.929992675781,0,0.00730000017210841,127.758903503418,-94.5574,25.8341,11.4548470247304,51,51,51,51,51,51,0,8038,1.16464264221059,26,-95,0.0073,51,2025-07-27 00:15:25.000021,1.0543,1.13
"2904010",14,0,1,0,1,0,1,132.691532924456,1,250.929992675781,0,0.00730000017210841,125.601699829102,-94.5574,25.8341,11.4548470247304,51,51,51,51,51,51,0,8038,1.16464264221059,26,-95,0.0073,51,2025-07-27 00:15:25.000021,1.0543,1.13
"2904010",14,0,1,0,1,0,1,130.555506675658,1,261.059997558594,0,0.00730000017210841,123.579803466797,-94.5574,25.8341,11.4548470247304,51,51,51,51,51,51,0,8038,1.16464264221059,26,-95,0.0073,51,2025-07-27 00:15:25.000021,1.0543,1.13
"2904010",14,0.00626801710277755,1,0.0073,1,0.0073,1,129.503283190377,1,269.070007324219,0.00730000017210841,0.0146000003442168,122.583801269531,-94.5574,25.8341,11.4548470247304,51,51,51,51,51,51,0.0073,8038,1.16464264221059,26,-95,0.0073,51,2025-07-27 00:15:25.000021,1.0543,1.13
"2904010",14,0,1,-0.0073,1,-0.0073,1,126.696829993008,1,281.630004882812,-0.00730000017210841,0,119.927299499512,-94.5574,25.8341,11.4548470247304,51,51,51,51,51,51,0,8038,1.16464264221059,26,-95,0.0073,51,2025-07-27 00:15:25.000021,1.0543,1.13
"2904010",14,0,1,-0.0073,1,-0.0073,1,124.970488055983,1,291.779998779297,-0.00730000017210841,0,118.293197631836,-94.5574,25.8341,11.4548470247304,51,51,51,51,51,51,0,8038,1.16464264221059,26,-95,0.0073,51,2025-07-27 00:15:25.000021,1.0543,1.13
"2904010",14,0,1,-0.0073,1,-0.0073,1,121.773049864225,1,301.929992675781,-0.00730000017210841,0,115.2666015625,-94.5574,25.8341,11.4548470247304,51,51,51,51,51,51,0,8038,1.16464264221059,26,-95,0.0073,51,2025-07-27 00:15:25.000021,1.0543,1.13
"2904010",14,0,1,-0.0073,1,-0.0073,1,120.369456533238,1,311.510009765625,-0.00730000017210841,0,113.938003540039,-94.5574,25.8341,11.4548470247304,51,51,51,51,51,51,0,8038,1.16464264221059,26,-95,0.0073,51,2025-07-27 00:15:25.000021,1.0543,1.13
"2904010",14,0,1,-0.0073,1,-0.0073,1,119.336778670654,1,321.140014648438,-0.00730000017210841,0,112.960502624512,-94.5574,25.8341,11.4548470247304,51,51,51,51,51,51,0,8038,1.16464264221059,26,-95,0.0073,51,2025-07-27 00:15:25.000021,1.0543,1.13
"2904010",14,0,1,-0.0073,1,-0.0073,1,117.87539477689,1,331.640014648438,-0.00730000017210841,0,111.577201843262,-94.5574,25.8341,11.4548470247304,51,51,51,51,51,51,0,8038,1.16464264221059,26,-95,0.0073,51,2025-07-27 00:15:25.000021,1.0543,1.13
"2904010",14,0,1,0,1,0,1,117.998366968842,1,341.420013427734,0,0,111.693603515625,-94.5574,25.8341,11.4548470247304,51,51,51,51,51,51,0,8038,1.16464264221059,26,-95,0.0073,51,2025-07-27 00:15:25.000021,1.0543,1.13
"2904010",14,0,1,-0.0073,1,-0.0073,1,117.676037485435,1,351.350006103516,-0.00730000017210841,0,111.388496398926,-94.5574,25.8341,11.4548470247304,51,51,51,51,51,51,0,8038,1.16464264221059,26,-95,0.0073,51,2025-07-27 00:15:25.000021,1.0543,1.13
"2904010",14,0,1,-0.0073,1,-0.0073,1,116.376821809673,1,361.369995117188,-0.00730000017210841,0,110.158699035645,-94.5574,25.8341,11.4548470247304,51,51,51,51,51,51,0,8038,1.16464264221059,26,-95,0.0073,51,2025-07-27 00:15:25.000021,1.0543,1.13
"2904010",14,0,1,-0.0073,1,-0.0073,1,114.734046477233,1,381.109985351562,-0.00730000017210841,0,108.603698730469,-94.5574,25.8341,11.4548470247304,51,51,51,51,51,51,0,8038,1.16464264221059,26,-95,0.0073,51,2025-07-27 00:15:25.000021,1.0543,1.13
"2904010",14,0,1,0,1,0,1,114.35583666304,1,401.450012207031,0,0,108.245697021484,-94.5574,25.8341,11.4548470247304,51,51,51,51,51,51,0,8038,1.16464264221059,26,-95,0.0073,51,2025-07-27 00:15:25.000021,1.0543,1.13
"2904010",14,0,1,0,1,0,1,111.891887255721,1,451.109985351562,0,0,105.913398742676,-94.5574,25.8341,11.4548470247304,51,51,51,51,51,51,0,8038,1.16464264221059,26,-95,0.0073,51,2025-07-27 00:15:25.000021,1.0543,1.13
"2904010",14,0,1,0,1,0,1,112.009894456505,1,501.480010986328,0,0,106.025100708008,-94.5574,25.8341,11.4548470247304,51,51,51,51,51,51,0,8038,1.16464264221059,26,-95,0.0073,51,2025-07-27 00:15:25.000021,1.0543,1.13
"2904010",14,0,1,0,1,0,1,113.944459740642,1,551.039978027344,0,0,107.856300354004,-94.5574,25.8341,11.4548470247304,51,51,51,51,51,51,0,8038,1.16464264221059,26,-95,0.0073,51,2025-07-27 00:15:25.000021,1.0543,1.13
"2904010",14,0,1,0,1,0,1,117.366394521666,1,601.489990234375,0,0,111.095397949219,-94.5574,25.8341,11.4548470247304,51,51,51,51,51,51,0,8038,1.16464264221059,26,-95,0.0073,51,2025-07-27 00:15:25.000021,1.0543,1.13
"2904010",14,0,1,0,1,0,1,121.561022173231,1,651.099975585938,0,0,115.065902709961,-94.5574,25.8341,11.4548470247304,51,51,51,51,51,51,0,8038,1.16464264221059,26,-95,0.0073,51,2025-07-27 00:15:25.000021,1.0543,1.13
"2904010",14,0,1,-0.0073,1,-0.0073,1,128.347633135842,1,701.409973144531,-0.00730000017210841,0,121.489898681641,-94.5574,25.8341,11.4548470247304,51,51,51,51,51,51,0,8038,1.16464264221059,26,-95,0.0073,51,2025-07-27 00:15:25.000021,1.0543,1.13
"2904010",14,0,1,0.0073,1,0.0073,1,134.437839606808,1,751.72998046875,0.00730000017210841,0,127.254699707031,-94.5574,25.8341,11.4548470247304,51,51,51,51,51,51,0,8038,1.16464264221059,26,-95,0.0073,51,2025-07-27 00:15:25.000021,1.0543,1.13
"2904010",14,0,1,0.0073,1,0.0073,1,141.677038530517,1,801.47998046875,0.00730000017210841,0,134.10710144043,-94.5574,25.8341,11.4548470247304,51,51,51,51,51,51,0,8038,1.16464264221059,26,-95,0.0073,51,2025-07-27 00:15:25.000021,1.0543,1.13
"2904010",14,0,1,0,1,0,1,147.217146548268,1,850.909973144531,0,0,139.351196289062,-94.5574,25.8341,11.4548470247304,51,51,51,51,51,51,0,8038,1.16464264221059,26,-95,0.0073,51,2025-07-27 00:15:25.000021,1.0543,1.13
"2904010",14,0,1,0,1,0,1,154.063772647621,1,901.390014648438,0,0,145.832000732422,-94.5574,25.8341,11.4548470247304,51,51,51,51,51,51,0,8038,1.16464264221059,26,-95,0.0073,51,2025-07-27 00:15:25.000021,1.0543,1.13
"2904010",14,0,1,0,1,0,1,161.545740295298,1,948.679992675781,0,0,152.914199829102,-94.5574,25.8341,11.4548470247304,51,51,51,51,51,51,0,8038,1.16464264221059,26,-95,0.0073,51,2025-07-27 00:15:25.000021,1.0543,1.13
"2904010",14,0,1,0,1,0,1,168.531498988048,1,999.380004882812,0,0,159.526702880859,-94.5574,25.8341,11.4548470247304,51,51,51,51,51,51,0,8038,1.16464264221059,26,-95,0.0073,51,2025-07-27 00:15:25.000021,1.0543,1.13
"2904010",14,0,1,-0.0073,1,-0.0073,1,180.984470600954,1,1099.78002929688,-0.00730000017210841,0,171.314300537109,-94.5574,25.8341,11.4548470247304,51,51,51,51,51,51,0,8038,1.16464264221059,26,-95,0.0073,51,2025-07-27 00:15:25.000021,1.0543,1.13
"2904010",14,0,1,0,1,0,1,191.533626022749,1,1199.5,0,0,181.2998046875,-94.5574,25.8341,11.4548470247304,51,51,51,51,51,51,0,8038,1.16464264221059,26,-95,0.0073,51,2025-07-27 00:15:25.000021,1.0543,1.13
"2904010",14,0,1,0,1,0,1,198.585622211302,1,1299.7900390625,0,0,187.975006103516,-94.5574,25.8341,11.4548470247304,51,51,51,51,51,51,0,8038,1.16464264221059,26,-95,0.0073,51,2025-07-27 00:15:25.000021,1.0543,1.13
"2904010",14,0,1,0,1,0,1,203.186331332024,1,1399.68994140625,0,0,192.329895019531,-94.5574,25.8341,11.4548470247304,51,51,51,51,51,51,0,8038,1.16464264221059,26,-95,0.0073,51,2025-07-27 00:15:25.000021,1.0543,1.13
"2904010",14,0,1,0,1,0,1,206.444735746494,4,1499.51000976562,0,0,195.414199829102,-94.5574,25.8341,11.4548470247304,51,51,51,51,51,51,0,8038,1.16464264221059,26,-95,0.0073,51,2025-07-27 00:15:25.000021,1.0543,1.13
"2904010",15,0.0376081026166653,1,0.0438,1,0.0438,1,192.041753262751,1,7.78999996185303,0.0438000001013279,0.0511000007390976,181.723602294922,-95.1087,25.7069,16.4420768936039,51,51,51,51,51,51,0.0438,8038,1.16464264221059,26,-95,0.0073,51,2025-08-06 04:50:49.000502,1.0543,1.13
"2904010",15,0.0438761197194428,1,0.0511,1,0.0511,1,192.094160076415,1,11.789999961853,0.0511000007390976,0.0584000013768673,181.773193359375,-95.1087,25.7069,16.4420768936039,51,51,51,51,51,51,0.0511,8038,1.16464264221059,26,-95,0.0073,51,2025-08-06 04:50:49.000502,1.0543,1.13
"2904010",15,0.0313400855138877,4,0.0365,1,0.0365,1,192.940538179668,1,16.5499992370605,0.0364999994635582,0.0438000001013279,182.574096679688,-95.1087,25.7069,16.4420768936039,51,51,51,51,51,51,0.0365,8038,1.16464264221059,26,-95,0.0073,51,2025-08-06 04:50:49.000502,1.0543,1.13
"2904010",15,0.0626801710277754,1,0.073,1,0.073,1,192.780544208847,1,21.7299995422363,0.0729999989271164,0.0803000032901764,182.422698974609,-95.1087,25.7069,16.4420768936039,51,51,51,51,51,51,0.073,8038,1.16464264221059,26,-95,0.0073,51,2025-08-06 04:50:49.000502,1.0543,1.13
"2904010",15,0.0564121539249979,1,0.0657,1,0.0657,1,194.668157011141,1,26.5499992370605,0.065700002014637,0.0729999989271164,184.208892822266,-95.1087,25.7069,16.4420768936039,51,51,51,51,51,51,0.0657,8038,1.16464264221059,26,-95,0.0073,51,2025-08-06 04:50:49.000502,1.0543,1.13
"2904010",15,0.0814842223361081,1,0.0949,1,0.0949,1,196.032782063421,1,31.9200000762939,0.0948999971151352,0.102200001478195,185.500198364258,-95.1087,25.7069,16.4420768936039,51,51,51,51,51,51,0.0949,8038,1.16464264221059,26,-95,0.0073,51,2025-08-06 04:50:49.000502,1.0543,1.13
"2904010",15,0.068948188130553,4,0.0803,1,0.0803,1,203.497350598886,1,36.689998626709,0.0803000032901764,0.0876000002026558,192.563705444336,-95.1087,25.7069,16.4420768936039,51,51,51,51,51,51,0.0803,8038,1.16464264221059,26,-95,0.0073,51,2025-08-06 04:50:49.000502,1.0543,1.13
"2904010",15,0.0940202565416632,1,0.1095,1,0.1095,1,208.005884590603,1,41.9199981689453,0.109499998390675,0.116800002753735,196.830001831055,-95.1087,25.7069,16.4420768936039,51,51,51,51,51,51,0.1095,8038,1.16464264221059,26,-95,0.0073,51,2025-08-06 04:50:49.000502,1.0543,1.13
"2904010",15,0.112824307849996,1,0.1314,1,0.1314,1,219.370600449259,1,46.6699981689453,0.131400004029274,0.138699993491173,207.584106445312,-95.1087,25.7069,16.4420768936039,51,51,51,51,51,51,0.1314,8038,1.16464264221059,26,-95,0.0073,51,2025-08-06 04:50:49.000502,1.0543,1.13
"2904010",15,0.144164393363884,1,0.1679,1,0.1679,1,210.336391406463,1,51.8899993896484,0.167899996042252,0.175200000405312,199.035293579102,-95.1087,25.7069,16.4420768936039,51,51,51,51,51,51,0.1679,8038,1.16464264221059,26,-95,0.0073,51,2025-08-06 04:50:49.000502,1.0543,1.13
"2904010",15,0.206844564391659,1,0.2409,1,0.2409,1,204.376156425917,1,56.8199996948242,0.240899994969368,0.248199999332428,193.395294189453,-95.1087,25.7069,16.4420768936039,51,51,51,51,51,51,0.2409,8038,1.16464264221059,26,-95,0.0073,51,2025-08-06 04:50:49.000502,1.0543,1.13
"2904010",15,0.244452667008324,1,0.2847,1,0.2847,1,205.103966128903,1,61.8699989318848,0.284700006246567,0.291999995708466,194.083999633789,-95.1087,25.7069,16.4420768936039,51,51,51,51,51,51,0.2847,8038,1.16464264221059,26,-95,0.0073,51,2025-08-06 04:50:49.000502,1.0543,1.13
"2904010",15,0.294596803830545,1,0.3431,1,0.3431,1,199.780127243142,1,66.7600021362305,0.343100011348724,0.350400000810623,189.046203613281,-95.1087,25.7069,16.4420768936039,51,51,51,51,51,51,0.3431,8038,1.16464264221059,26,-95,0.0073,51,2025-08-06 04:50:49.000502,1.0543,1.13
"2904010",15,0.369813009063875,1,0.4307,1,0.4307,1,193.120398364161,1,71.6500015258789,0.4307000041008,0.437999993562698,182.744293212891,-95.1087,25.7069,16.4420768936039,51,51,51,51,51,51,0.4307,8038,1.16464264221059,26,-95,0.0073,51,2025-08-06 04:50:49.000502,1.0543,1.13
"2904010",15,0.582925590558312,1,0.6789,1,0.6789,1,180.508271338925,1,76.9300003051758,0.678900003433228,0.686200022697449,170.809799194336,-95.1087,25.7069,16.4420768936039,51,51,51,51,51,51,0.6789,8038,1.16464264221059,26,-95,0.0073,51,2025-08-06 04:50:49.000502,1.0543,1.13
"2904010",15,0.576657573455534,1,0.6716,1,0.6716,1,167.103027658291,1,81.9800033569336,0.671599984169006,0.678900003433228,158.124801635742,-95.1087,25.7069,16.4420768936039,51,51,51,51,51,51,0.6716,8038,1.16464264221059,26,-95,0.0073,51,2025-08-06 04:50:49.000502,1.0543,1.13
"2904010",15,0.488905334016648,1,0.5694,1,0.5694,1,158.776020346831,1,86.6900024414062,0.569400012493134,0.57669997215271,150.245193481445,-95.1087,25.7069,16.4420768936039,51,51,51,51,51,51,0.5694,8038,1.16464264221059,26,-95,0.0073,51,2025-08-06 04:50:49.000502,1.0543,1.13
"2904010",15,0.394885077474985,1,0.4599,1,0.4599,1,148.834270417943,1,91.9100036621094,0.459899991750717,0.467200011014938,140.837600708008,-95.1087,25.7069,16.4420768936039,51,51,51,51,51,51,0.4599,8038,1.16464264221059,26,-95,0.0073,51,2025-08-06 04:50:49.000502,1.0543,1.13
"2904010",15,0.325936889344432,1,0.3796,1,0.3796,1,142.004098455755,1,96.7600021362305,0.379599988460541,0.386900007724762,134.374404907227,-95.1087,25.7069,16.4420768936039,51,51,51,51,51,51,0.3796,8038,1.16464264221059,26,-95,0.0073,51,2025-08-06 04:50:49.000502,1.0543,1.13
"2904010",15,0.28206076962499,1,0.3285,1,0.3285,1,139.420797295956,1,101.830001831055,0.328500002622604,0.335799992084503,131.929901123047,-95.1087,25.7069,16.4420768936039,51,51,51,51,51,51,0.3285,8038,1.16464264221059,26,-95,0.0073,51,2025-08-06 04:50:49.000502,1.0543,1.13
"2904010",15,0.250720684111102,1,0.292,1,0.292,1,134.145672559142,1,111.779998779297,0.291999995708466,0.299299985170364,126.938201904297,-95.1087,25.7069,16.4420768936039,51,51,51,51,51,51,0.292,8038,1.16464264221059,26,-95,0.0073,51,2025-08-06 04:50:49.000502,1.0543,1.13
"2904010",15,0.131628359158328,1,0.1533,1,0.1533,1,131.580125215295,1,121.809997558594,0.153300002217293,0.160600006580353,124.510498046875,-95.1087,25.7069,16.4420768936039,51,51,51,51,51,51,0.1533,8038,1.16464264221059,26,-95,0.0073,51,2025-08-06 04:50:49.000502,1.0543,1.13
"2904010",15,0.00626801710277755,1,0.0073,1,0.0073,1,137.372755143157,1,131.339996337891,0.00730000017210841,0.0146000003442168,129.991897583008,-95.1087,25.7069,16.4420768936039,51,51,51,51,51,51,0.0073,8038,1.16464264221059,26,-95,0.0073,51,2025-08-06 04:50:49.000502,1.0543,1.13
"2904010",15,0,1,0,1,0,1,132.253504395351,1,141.259994506836,0,0.00730000017210841,125.14769744873,-95.1087,25.7069,16.4420768936039,51,51,51,51,51,51,0,8038,1.16464264221059,26,-95,0.0073,51,2025-08-06 04:50:49.000502,1.0543,1.13
"2904010",15,-0.00626801710277755,1,-0.0073,1,-0.0073,1,134.840925536963,1,151.25,-0.00730000017210841,0,127.596099853516,-95.1087,25.7069,16.4420768936039,51,51,51,51,51,51,-0.0073,8038,1.16464264221059,26,-95,0.0073,51,2025-08-06 04:50:49.000502,1.0543,1.13
"2904010",15,0,1,-0.0073,1,-0.0073,1,128.090218429463,1,161.360000610352,-0.00730000017210841,0,121.208099365234,-95.1087,25.7069,16.4420768936039,51,51,51,51,51,51,0,8038,1.16464264221059,26,-95,0.0073,51,2025-08-06 04:50:49.000502,1.0543,1.13
"2904010",15,0,1,0,1,0,1,124.659595843764,1,171.100006103516,0,0,117.961799621582,-95.1087,25.7069,16.4420768936039,51,51,51,51,51,51,0,8038,1.16464264221059,26,-95,0.0073,51,2025-08-06 04:50:49.000502,1.0543,1.13
"2904010",15,0,1,-0.0073,1,-0.0073,1,124.814728074795,1,181.130004882812,-0.00730000017210841,0,118.108596801758,-95.1087,25.7069,16.4420768936039,51,51,51,51,51,51,0,8038,1.16464264221059,26,-95,0.0073,51,2025-08-06 04:50:49.000502,1.0543,1.13
"2904010",15,0,1,-0.0073,1,-0.0073,1,126.769349035299,1,191.410003662109,-0.00730000017210841,0,119.958198547363,-95.1087,25.7069,16.4420768936039,51,51,51,51,51,51,0,8038,1.16464264221059,26,-95,0.0073,51,2025-08-06 04:50:49.000502,1.0543,1.13
"2904010",15,0,1,-0.0073,1,-0.0073,1,124.749630749638,1,201.919998168945,-0.00730000017210841,0,118.046997070312,-95.1087,25.7069,16.4420768936039,51,51,51,51,51,51,0,8038,1.16464264221059,26,-95,0.0073,51,2025-08-06 04:50:49.000502,1.0543,1.13
"2904010",15,0,1,-0.0073,1,-0.0073,1,122.406651112127,1,211.389999389648,-0.00730000017210841,0,115.829902648926,-95.1087,25.7069,16.4420768936039,51,51,51,51,51,51,0,8038,1.16464264221059,26,-95,0.0073,51,2025-08-06 04:50:49.000502,1.0543,1.13
"2904010",15,0,1,-0.0073,1,-0.0073,1,118.411599080686,1,221.789993286133,-0.00730000017210841,0,112.049499511719,-95.1087,25.7069,16.4420768936039,51,51,51,51,51,51,0,8038,1.16464264221059,26,-95,0.0073,51,2025-08-06 04:50:49.000502,1.0543,1.13
"2904010",15,0,1,-0.0073,1,-0.0073,1,117.047401345502,1,231.600006103516,-0.00730000017210841,0,110.758598327637,-95.1087,25.7069,16.4420768936039,51,51,51,51,51,51,0,8038,1.16464264221059,26,-95,0.0073,51,2025-08-06 04:50:49.000502,1.0543,1.13
"2904010",15,0,1,-0.0073,1,-0.0073,1,115.948245023483,1,241.490005493164,-0.00730000017210841,0,109.71849822998,-95.1087,25.7069,16.4420768936039,51,51,51,51,51,51,0,8038,1.16464264221059,26,-95,0.0073,51,2025-08-06 04:50:49.000502,1.0543,1.13
"2904010",15,0,1,-0.0073,1,-0.0073,1,115.332779403817,1,250.779998779297,-0.00730000017210841,0,109.136100769043,-95.1087,25.7069,16.4420768936039,51,51,51,51,51,51,0,8038,1.16464264221059,26,-95,0.0073,51,2025-08-06 04:50:49.000502,1.0543,1.13
"2904010",15,0,1,0,1,0,1,115.391217032346,1,261.670013427734,0,0,109.191398620605,-95.1087,25.7069,16.4420768936039,51,51,51,51,51,51,0,8038,1.16464264221059,26,-95,0.0073,51,2025-08-06 04:50:49.000502,1.0543,1.13
"2904010",15,0,1,0,1,0,1,114.630971542995,1,271.410003662109,0,0,108.47200012207,-95.1087,25.7069,16.4420768936039,51,51,51,51,51,51,0,8038,1.16464264221059,26,-95,0.0073,51,2025-08-06 04:50:49.000502,1.0543,1.13
"2904010",15,0,1,0,1,0,1,113.472950275351,1,281.019989013672,0,0,107.376197814941,-95.1087,25.7069,16.4420768936039,51,51,51,51,51,51,0,8038,1.16464264221059,26,-95,0.0073,51,2025-08-06 04:50:49.000502,1.0543,1.13
"2904010",15,0,1,-0.0073,1,-0.0073,1,113.589623967739,1,290.820007324219,-0.00730000017210841,0,107.486602783203,-95.1087,25.7069,16.4420768936039,51,51,51,51,51,51,0,8038,1.16464264221059,26,-95,0.0073,51,2025-08-06 04:50:49.000502,1.0543,1.13
"2904010",15,0,1,-0.0073,1,-0.0073,1,113.963929556098,1,300.829986572266,-0.00730000017210841,0,107.840797424316,-95.1087,25.7069,16.4420768936039,51,51,51,51,51,51,0,8038,1.16464264221059,26,-95,0.0073,51,2025-08-06 04:50:49.000502,1.0543,1.13
"2904010",15,0,1,-0.0073,1,-0.0073,1,115.874165976722,1,311.809997558594,-0.00730000017210841,0,109.648399353027,-95.1087,25.7069,16.4420768936039,51,51,51,51,51,51,0,8038,1.16464264221059,26,-95,0.0073,51,2025-08-06 04:50:49.000502,1.0543,1.13
"2904010",15,0,1,-0.0073,1,-0.0073,1,115.176905414809,1,319.75,-0.00730000017210841,0,108.98860168457,-95.1087,25.7069,16.4420768936039,51,51,51,51,51,51,0,8038,1.16464264221059,26,-95,0.0073,51,2025-08-06 04:50:49.000502,1.0543,1.13
"2904010",15,0,1,-0.0073,1,-0.0073,1,114.099727704181,1,331.25,-0.00730000017210841,0,107.969299316406,-95.1087,25.7069,16.4420768936039,51,51,51,51,51,51,0,8038,1.16464264221059,26,-95,0.0073,51,2025-08-06 04:50:49.000502,1.0543,1.13
"2904010",15,0,1,-0.0073,1,-0.0073,1,114.706211602242,1,341.739990234375,-0.00730000017210841,0,108.543197631836,-95.1087,25.7069,16.4420768936039,51,51,51,51,51,51,0,8038,1.16464264221059,26,-95,0.0073,51,2025-08-06 04:50:49.000502,1.0543,1.13
"2904010",15,0,1,0,1,0,1,113.883190812709,1,351,0,0,107.76439666748,-95.1087,25.7069,16.4420768936039,51,51,51,51,51,51,0,8038,1.16464264221059,26,-95,0.0073,51,2025-08-06 04:50:49.000502,1.0543,1.13
"2904010",15,0,1,0,1,0,1,113.051825245924,1,361.450012207031,0,0,106.977699279785,-95.1087,25.7069,16.4420768936039,51,51,51,51,51,51,0,8038,1.16464264221059,26,-95,0.0073,51,2025-08-06 04:50:49.000502,1.0543,1.13
"2904010",15,0,1,-0.0073,1,-0.0073,1,111.682983460791,1,381.769989013672,-0.00730000017210841,0,105.682403564453,-95.1087,25.7069,16.4420768936039,51,51,51,51,51,51,0,8038,1.16464264221059,26,-95,0.0073,51,2025-08-06 04:50:49.000502,1.0543,1.13
"2904010",15,0,1,-0.0073,1,-0.0073,1,111.195592031133,1,400.989990234375,-0.00730000017210841,0,105.221199035645,-95.1087,25.7069,16.4420768936039,51,51,51,51,51,51,0,8038,1.16464264221059,26,-95,0.0073,51,2025-08-06 04:50:49.000502,1.0543,1.13
"2904010",15,0,1,0,1,0,1,111.855659880519,1,451.700012207031,0,0,105.845802307129,-95.1087,25.7069,16.4420768936039,51,51,51,51,51,51,0,8038,1.16464264221059,26,-95,0.0073,51,2025-08-06 04:50:49.000502,1.0543,1.13
"2904010",15,0,1,0,1,0,1,111.761182489364,1,501.75,0,0,105.756401062012,-95.1087,25.7069,16.4420768936039,51,51,51,51,51,51,0,8038,1.16464264221059,26,-95,0.0073,51,2025-08-06 04:50:49.000502,1.0543,1.13
"2904010",15,0,1,0,1,0,1,116.005739329365,1,551.22998046875,0,0,109.772903442383,-95.1087,25.7069,16.4420768936039,51,51,51,51,51,51,0,8038,1.16464264221059,26,-95,0.0073,51,2025-08-06 04:50:49.000502,1.0543,1.13
"2904010",15,0,1,0,1,0,1,121.448041801767,1,601.530029296875,0,0,114.922798156738,-95.1087,25.7069,16.4420768936039,51,51,51,51,51,51,0,8038,1.16464264221059,26,-95,0.0073,51,2025-08-06 04:50:49.000502,1.0543,1.13
"2904010",15,0,1,0,1,0,1,129.829995641706,1,651.789978027344,0,0,122.854400634766,-95.1087,25.7069,16.4420768936039,51,51,51,51,51,51,0,8038,1.16464264221059,26,-95,0.0073,51,2025-08-06 04:50:49.000502,1.0543,1.13
"2904010",15,0,1,0,1,0,1,135.94293601468,1,701.299987792969,0,0,128.638900756836,-95.1087,25.7069,16.4420768936039,51,51,51,51,51,51,0,8038,1.16464264221059,26,-95,0.0073,51,2025-08-06 04:50:49.000502,1.0543,1.13
"2904010",15,0,1,0,1,0,1,142.161238270879,1,751.559997558594,0,0,134.523101806641,-95.1087,25.7069,16.4420768936039,51,51,51,51,51,51,0,8038,1.16464264221059,26,-95,0.0073,51,2025-08-06 04:50:49.000502,1.0543,1.13
"2904010",15,0,1,0.0073,1,0.0073,1,149.393733310268,1,801.359985351562,0.00730000017210841,0,141.367004394531,-95.1087,25.7069,16.4420768936039,51,51,51,51,51,51,0,8038,1.16464264221059,26,-95,0.0073,51,2025-08-06 04:50:49.000502,1.0543,1.13
"2904010",15,0,1,0,1,0,1,156.179835173458,1,851.030029296875,0,0,147.788497924805,-95.1087,25.7069,16.4420768936039,51,51,51,51,51,51,0,8038,1.16464264221059,26,-95,0.0073,51,2025-08-06 04:50:49.000502,1.0543,1.13
"2904010",15,0,1,0.0073,1,0.0073,1,162.375304184072,1,900.710021972656,0.00730000017210841,0,153.651092529297,-95.1087,25.7069,16.4420768936039,51,51,51,51,51,51,0,8038,1.16464264221059,26,-95,0.0073,51,2025-08-06 04:50:49.000502,1.0543,1.13
"2904010",15,0,1,0,1,0,1,167.694821523354,1,951.309997558594,0,0,158.684799194336,-95.1087,25.7069,16.4420768936039,51,51,51,51,51,51,0,8038,1.16464264221059,26,-95,0.0073,51,2025-08-06 04:50:49.000502,1.0543,1.13
"2904010",15,0,1,0,1,0,1,176.394013962866,1,999.960021972656,0,0,166.916595458984,-95.1087,25.7069,16.4420768936039,51,51,51,51,51,51,0,8038,1.16464264221059,26,-95,0.0073,51,2025-08-06 04:50:49.000502,1.0543,1.13
"2904010",15,0,1,0.0073,1,0.0073,1,189.103907914638,1,1100.18994140625,0.00730000017210841,0,178.943603515625,-95.1087,25.7069,16.4420768936039,51,51,51,51,51,51,0,8038,1.16464264221059,26,-95,0.0073,51,2025-08-06 04:50:49.000502,1.0543,1.13
"2904010",15,0,1,-0.0073,1,-0.0073,1,196.990649615803,1,1199.41003417969,-0.00730000017210841,0,186.406600952148,-95.1087,25.7069,16.4420768936039,51,51,51,51,51,51,0,8038,1.16464264221059,26,-95,0.0073,51,2025-08-06 04:50:49.000502,1.0543,1.13
"2904010",15,0,1,0.0073,1,0.0073,1,202.25235820832,1,1299.60998535156,0.00730000017210841,0,191.385604858398,-95.1087,25.7069,16.4420768936039,51,51,51,51,51,51,0,8038,1.16464264221059,26,-95,0.0073,51,2025-08-06 04:50:49.000502,1.0543,1.13
"2904010",15,0,1,0,1,0,1,206.010894258405,1,1396.81005859375,0,0,194.942199707031,-95.1087,25.7069,16.4420768936039,51,51,51,51,51,51,0,8038,1.16464264221059,26,-95,0.0073,51,2025-08-06 04:50:49.000502,1.0543,1.13
"2904010",15,0,1,0,1,0,1,207.702376576211,1,1498.98999023438,0,0,196.54280090332,-95.1087,25.7069,16.4420768936039,51,51,51,51,51,51,0,8038,1.16464264221059,26,-95,0.0073,51,2025-08-06 04:50:49.000502,1.0543,1.13
"2904010",16,0.072604383700719,1,0.0949,1,0.0949,1,193.160715048241,1,7.96000003814697,0.0948999971151352,0.102200001478195,182.725006103516,-95.1866,25.3768,35.7644044708743,51,51,51,51,51,51,0.0949,8270,1.30708361069746,25,-95,0.0073,51,2025-08-16 09:16:11.000989,1.0543,1.13
"2904010",16,0.078189336293082,1,0.1022,1,0.1022,1,193.108807928813,1,11.9200000762939,0.102200001478195,0.109499998390675,182.675903320312,-95.1866,25.3768,35.7644044708743,51,51,51,51,51,51,0.1022,8270,1.30708361069746,25,-95,0.0073,51,2025-08-16 09:16:11.000989,1.0543,1.13
"2904010",16,0.078189336293082,1,0.1022,1,0.1022,1,193.013445936873,1,16.7900009155273,0.102200001478195,0.109499998390675,182.585693359375,-95.1866,25.3768,35.7644044708743,51,51,51,51,51,51,0.1022,8270,1.30708361069746,25,-95,0.0073,51,2025-08-16 09:16:11.000989,1.0543,1.13
"2904010",16,0.061434478515993,4,0.0803,1,0.0803,1,193.140100598698,1,21.4099998474121,0.0803000032901764,0.0876000002026558,182.705505371094,-95.1866,25.3768,35.7644044708743,51,51,51,51,51,51,0.0803,8270,1.30708361069746,25,-95,0.0073,51,2025-08-16 09:16:11.000989,1.0543,1.13
"2904010",16,0.072604383700719,1,0.0949,1,0.0949,1,193.239462890705,1,26.7000007629395,0.0948999971151352,0.102200001478195,182.799499511719,-95.1866,25.3768,35.7644044708743,51,51,51,51,51,51,0.0949,8270,1.30708361069746,25,-95,0.0073,51,2025-08-16 09:16:11.000989,1.0543,1.13
"2904010",16,0.078189336293082,1,0.1022,1,0.1022,1,193.426041402336,1,31.6100006103516,0.102200001478195,0.109499998390675,182.975997924805,-95.1866,25.3768,35.7644044708743,51,51,51,51,51,51,0.1022,8270,1.30708361069746,25,-95,0.0073,51,2025-08-16 09:16:11.000989,1.0543,1.13
"2904010",16,0.089359241477808,1,0.1168,1,0.1168,1,194.235892472921,1,36.7400016784668,0.116800002753735,0.124099999666214,183.742095947266,-95.1866,25.3768,35.7644044708743,51,51,51,51,51,51,0.1168,8270,1.30708361069746,25,-95,0.0073,51,2025-08-16 09:16:11.000989,1.0543,1.13
"2904010",16,0.078189336293082,1,0.1022,1,0.1022,1,195.715955107289,1,41.7700004577637,0.102200001478195,0.109499998390675,185.142196655273,-95.1866,25.3768,35.7644044708743,51,51,51,51,51,51,0.1022,8270,1.30708361069746,25,-95,0.0073,51,2025-08-16 09:16:11.000989,1.0543,1.13
"2904010",16,0.072604383700719,4,0.0949,1,0.0949,1,199.422184729398,1,46.8899993896484,0.0948999971151352,0.102200001478195,188.648193359375,-95.1866,25.3768,35.7644044708743,51,51,51,51,51,51,0.0949,8270,1.30708361069746,25,-95,0.0073,51,2025-08-16 09:16:11.000989,1.0543,1.13
"2904010",16,0.11169905184726,1,0.146,1,0.146,1,206.079135689035,1,51.75,0.145999997854233,0.153300002217293,194.945495605469,-95.1866,25.3768,35.7644044708743,51,51,51,51,51,51,0.146,8270,1.30708361069746,25,-95,0.0073,51,2025-08-16 09:16:11.000989,1.0543,1.13
"2904010",16,0.094944194070171,1,0.1241,1,0.1241,1,215.516182284111,1,56.9300003051758,0.124099999666214,0.131400004029274,203.872695922852,-95.1866,25.3768,35.7644044708743,51,51,51,51,51,51,0.1241,8270,1.30708361069746,25,-95,0.0073,51,2025-08-16 09:16:11.000989,1.0543,1.13
"2904010",16,0.106114099254897,1,0.1387,1,0.1387,1,218.340361871509,1,61.939998626709,0.138699993491173,0.145999997854233,206.544296264648,-95.1866,25.3768,35.7644044708743,51,51,51,51,51,51,0.1387,8270,1.30708361069746,25,-95,0.0073,51,2025-08-16 09:16:11.000989,1.0543,1.13
"2904010",16,0.100529146662534,1,0.1314,1,0.1314,1,217.48791083125,1,66.5,0.131400004029274,0.138699993491173,205.737899780273,-95.1866,25.3768,35.7644044708743,51,51,51,51,51,51,0.1314,8270,1.30708361069746,25,-95,0.0073,51,2025-08-16 09:16:11.000989,1.0543,1.13
"2904010",16,0.117284004439623,1,0.1533,1,0.1533,1,216.432073566978,1,71.6999969482422,0.153300002217293,0.160600006580353,204.739105224609,-95.1866,25.3768,35.7644044708743,51,51,51,51,51,51,0.1533,8270,1.30708361069746,25,-95,0.0073,51,2025-08-16 09:16:11.000989,1.0543,1.13
"2904010",16,0.11169905184726,1,0.146,1,0.146,1,214.302623511521,1,76.4499969482422,0.145999997854233,0.153300002217293,202.724700927734,-95.1866,25.3768,35.7644044708743,51,51,51,51,51,51,0.146,8270,1.30708361069746,25,-95,0.0073,51,2025-08-16 09:16:11.000989,1.0543,1.13
"2904010",16,0.122868957031986,1,0.1606,1,0.1606,1,212.144219671298,1,81.7399978637695,0.160600006580353,0.167899996042252,200.682907104492,-95.1866,25.3768,35.7644044708743,51,51,51,51,51,51,0.1606,8270,1.30708361069746,25,-95,0.0073,51,2025-08-16 09:16:11.000989,1.0543,1.13
"2904010",16,0.106114099254897,4,0.1387,1,0.1387,1,205.949222718284,1,86.6399993896484,0.138699993491173,0.145999997854233,194.822601318359,-95.1866,25.3768,35.7644044708743,51,51,51,51,51,51,0.1387,8270,1.30708361069746,25,-95,0.0073,51,2025-08-16 09:16:11.000989,1.0543,1.13
"2904010",16,0.128453909624349,1,0.1679,1,0.1679,1,204.350764106103,1,91.2399978637695,0.167899996042252,0.175200000405312,193.310501098633,-95.1866,25.3768,35.7644044708743,51,51,51,51,51,51,0.1679,8270,1.30708361069746,25,-95,0.0073,51,2025-08-16 09:16:11.000989,1.0543,1.13
"2904010",16,0.184303435547979,1,0.2409,1,0.2409,1,207.785424970383,1,96.629997253418,0.240899994969368,0.248199999332428,196.559600830078,-95.1866,25.3768,35.7644044708743,51,51,51,51,51,51,0.2409,8270,1.30708361069746,25,-95,0.0073,51,2025-08-16 09:16:11.000989,1.0543,1.13
"2904010",16,0.184303435547979,1,0.2409,1,0.2409,1,206.243938373684,1,101.959999084473,0.240899994969368,0.248199999332428,195.10139465332,-95.1866,25.3768,35.7644044708743,51,51,51,51,51,51,0.2409,8270,1.30708361069746,25,-95,0.0073,51,2025-08-16 09:16:11.000989,1.0543,1.13
"2904010",16,0.256907819248698,1,0.3358,1,0.3358,1,199.793970682073,1,111.870002746582,0.335799992084503,0.343100011348724,188.999893188477,-95.1866,25.3768,35.7644044708743,51,51,51,51,51,51,0.3358,8270,1.30708361069746,25,-95,0.0073,51,2025-08-16 09:16:11.000989,1.0543,1.13
"2904010",16,0.256907819248698,1,0.3358,1,0.3358,1,193.210396194245,1,121.699996948242,0.335799992084503,0.343100011348724,182.772003173828,-95.1866,25.3768,35.7644044708743,51,51,51,51,51,51,0.3358,8270,1.30708361069746,25,-95,0.0073,51,2025-08-16 09:16:11.000989,1.0543,1.13
"2904010",16,0.245737914063972,1,0.3212,1,0.3212,1,178.501841273101,1,131.470001220703,0.321200013160706,0.328500002622604,168.858093261719,-95.1866,25.3768,35.7644044708743,51,51,51,51,51,51,0.3212,8270,1.30708361069746,25,-95,0.0073,51,2025-08-16 09:16:11.000989,1.0543,1.13
"2904010",16,0.217813151102157,1,0.2847,1,0.2847,1,154.201179738526,1,141.660003662109,0.284700006246567,0.291999995708466,145.870300292969,-95.1866,25.3768,35.7644044708743,51,51,51,51,51,51,0.2847,8270,1.30708361069746,25,-95,0.0073,51,2025-08-16 09:16:11.000989,1.0543,1.13
"2904010",16,0.150793719993801,1,0.1971,1,0.1971,1,140.824708609725,1,151.589996337891,0.19709999859333,0.20440000295639,133.216506958008,-95.1866,25.3768,35.7644044708743,51,51,51,51,51,51,0.1971,8270,1.30708361069746,25,-95,0.0073,51,2025-08-16 09:16:11.000989,1.0543,1.13
"2904010",16,0.094944194070171,1,0.1241,1,0.1241,1,135.604897709938,1,161.940002441406,0.124099999666214,0.131400004029274,128.278701782227,-95.1866,25.3768,35.7644044708743,51,51,51,51,51,51,0.1241,8270,1.30708361069746,25,-95,0.0073,51,2025-08-16 09:16:11.000989,1.0543,1.13
"2904010",16,0.061434478515993,1,0.0803,1,0.0803,1,132.205118494435,1,171.479995727539,0.0803000032901764,0.0876000002026558,125.062599182129,-95.1866,25.3768,35.7644044708743,51,51,51,51,51,51,0.0803,8270,1.30708361069746,25,-95,0.0073,51,2025-08-16 09:16:11.000989,1.0543,1.13
"2904010",16,0.05584952592363,1,0.073,1,0.073,1,129.778097730706,1,181.669998168945,0.0729999989271164,0.0803000032901764,122.766700744629,-95.1866,25.3768,35.7644044708743,51,51,51,51,51,51,0.073,8270,1.30708361069746,25,-95,0.0073,51,2025-08-16 09:16:11.000989,1.0543,1.13
"2904010",16,0.072604383700719,1,0.0949,1,0.0949,1,133.792052048557,1,191.220001220703,0.0948999971151352,0.102200001478195,126.56379699707,-95.1866,25.3768,35.7644044708743,51,51,51,51,51,51,0.0949,8270,1.30708361069746,25,-95,0.0073,51,2025-08-16 09:16:11.000989,1.0543,1.13
"2904010",16,0.044679620738904,1,0.0584,1,0.0584,1,136.04581788072,1,201.710006713867,0.0584000013768673,0.065700002014637,128.69580078125,-95.1866,25.3768,35.7644044708743,51,51,51,51,51,51,0.0584,8270,1.30708361069746,25,-95,0.0073,51,2025-08-16 09:16:11.000989,1.0543,1.13
"2904010",16,0.022339810369452,1,0.0292,1,0.0292,1,131.984714864892,1,211.259994506836,0.0292000006884336,0.0364999994635582,124.854103088379,-95.1866,25.3768,35.7644044708743,51,51,51,51,51,51,0.0292,8270,1.30708361069746,25,-95,0.0073,51,2025-08-16 09:16:11.000989,1.0543,1.13
"2904010",16,0.011169905184726,1,0.0146,1,0.0146,1,131.592419309249,1,221.529998779297,0.0146000003442168,0.0219000000506639,124.483001708984,-95.1866,25.3768,35.7644044708743,51,51,51,51,51,51,0.0146,8270,1.30708361069746,25,-95,0.0073,51,2025-08-16 09:16:11.000989,1.0543,1.13
"2904010",16,-0.005584952592363,1,-0.0073,1,-0.0073,1,129.436330158783,1,231.350006103516,-0.00730000017210841,0,122.443397521973,-95.1866,25.3768,35.7644044708743,51,51,51,51,51,51,-0.0073,8270,1.30708361069746,25,-95,0.0073,51,2025-08-16 09:16:11.000989,1.0543,1.13
"2904010",16,0,1,0,1,0,1,128.12921598138,1,241.539993286133,0,0,121.206901550293,-95.1866,25.3768,35.7644044708743,51,51,51,51,51,51,0,8270,1.30708361069746,25,-95,0.0073,51,2025-08-16 09:16:11.000989,1.0543,1.13
"2904010",16,0,1,-0.0073,1,-0.0073,1,126.853700948465,1,250.919998168945,-0.00730000017210841,0,120.000297546387,-95.1866,25.3768,35.7644044708743,51,51,51,51,51,51,0,8270,1.30708361069746,25,-95,0.0073,51,2025-08-16 09:16:11.000989,1.0543,1.13
"2904010",16,0,1,-0.0073,1,-0.0073,1,122.012974935951,1,261.579986572266,-0.00730000017210841,0,115.421096801758,-95.1866,25.3768,35.7644044708743,51,51,51,51,51,51,0,8270,1.30708361069746,25,-95,0.0073,51,2025-08-16 09:16:11.000989,1.0543,1.13
"2904010",16,0,1,-0.0073,1,-0.0073,1,121.012948309723,1,270.739990234375,-0.00730000017210841,0,114.47509765625,-95.1866,25.3768,35.7644044708743,51,51,51,51,51,51,0,8270,1.30708361069746,25,-95,0.0073,51,2025-08-16 09:16:11.000989,1.0543,1.13
"2904010",16,0,1,-0.0073,1,-0.0073,1,116.372334082054,1,281.390014648438,-0.00730000017210841,0,110.08519744873,-95.1866,25.3768,35.7644044708743,51,51,51,51,51,51,0,8270,1.30708361069746,25,-95,0.0073,51,2025-08-16 09:16:11.000989,1.0543,1.13
"2904010",16,0,1,0,1,0,1,114.790158949383,1,291.890014648438,0,0,108.588500976562,-95.1866,25.3768,35.7644044708743,51,51,51,51,51,51,0,8270,1.30708361069746,25,-95,0.0073,51,2025-08-16 09:16:11.000989,1.0543,1.13
"2904010",16,0,1,-0.0073,1,-0.0073,1,115.236466621062,1,301.350006103516,-0.00730000017210841,0,109.010696411133,-95.1866,25.3768,35.7644044708743,51,51,51,51,51,51,0,8270,1.30708361069746,25,-95,0.0073,51,2025-08-16 09:16:11.000989,1.0543,1.13
"2904010",16,0,1,0,1,0,1,114.764044087246,1,311.850006103516,0,0,108.56379699707,-95.1866,25.3768,35.7644044708743,51,51,51,51,51,51,0,8270,1.30708361069746,25,-95,0.0073,51,2025-08-16 09:16:11.000989,1.0543,1.13
"2904010",16,0,1,-0.0073,1,-0.0073,1,113.309886621867,1,321.470001220703,-0.00730000017210841,0,107.188201904297,-95.1866,25.3768,35.7644044708743,51,51,51,51,51,51,0,8270,1.30708361069746,25,-95,0.0073,51,2025-08-16 09:16:11.000989,1.0543,1.13
"2904010",16,0,1,-0.0073,1,-0.0073,1,112.585550030352,1,331.190002441406,-0.00730000017210841,0,106.502998352051,-95.1866,25.3768,35.7644044708743,51,51,51,51,51,51,0,8270,1.30708361069746,25,-95,0.0073,51,2025-08-16 09:16:11.000989,1.0543,1.13
"2904010",16,0,1,-0.0073,1,-0.0073,1,112.700776415572,1,341.820007324219,-0.00730000017210841,0,106.611999511719,-95.1866,25.3768,35.7644044708743,51,51,51,51,51,51,0,8270,1.30708361069746,25,-95,0.0073,51,2025-08-16 09:16:11.000989,1.0543,1.13
"2904010",16,0,1,0,1,0,1,112.280890080631,1,351.720001220703,0,0,106.214797973633,-95.1866,25.3768,35.7644044708743,51,51,51,51,51,51,0,8270,1.30708361069746,25,-95,0.0073,51,2025-08-16 09:16:11.000989,1.0543,1.13
"2904010",16,0,1,-0.0073,1,-0.0073,1,110.989736777894,1,361.910003662109,-0.00730000017210841,0,104.99340057373,-95.1866,25.3768,35.7644044708743,51,51,51,51,51,51,0,8270,1.30708361069746,25,-95,0.0073,51,2025-08-16 09:16:11.000989,1.0543,1.13
"2904010",16,0,1,0,1,0,1,109.668984480703,1,381.859985351562,0,0,103.744003295898,-95.1866,25.3768,35.7644044708743,51,51,51,51,51,51,0,8270,1.30708361069746,25,-95,0.0073,51,2025-08-16 09:16:11.000989,1.0543,1.13
"2904010",16,0,1,-0.0073,1,-0.0073,1,109.153324832646,1,401.529998779297,-0.00730000017210841,0,103.256202697754,-95.1866,25.3768,35.7644044708743,51,51,51,51,51,51,0,8270,1.30708361069746,25,-95,0.0073,51,2025-08-16 09:16:11.000989,1.0543,1.13
"2904010",16,0,1,0,1,0,1,108.855850905828,1,451.070007324219,0,0,102.974800109863,-95.1866,25.3768,35.7644044708743,51,51,51,51,51,51,0,8270,1.30708361069746,25,-95,0.0073,51,2025-08-16 09:16:11.000989,1.0543,1.13
"2904010",16,0,1,0,1,0,1,112.721495711689,1,501.399993896484,0,0,106.63159942627,-95.1866,25.3768,35.7644044708743,51,51,51,51,51,51,0,8270,1.30708361069746,25,-95,0.0073,51,2025-08-16 09:16:11.000989,1.0543,1.13
"2904010",16,0,1,0,1,0,1,115.24207188023,1,551.77001953125,0,0,109.015998840332,-95.1866,25.3768,35.7644044708743,51,51,51,51,51,51,0,8270,1.30708361069746,25,-95,0.0073,51,2025-08-16 09:16:11.000989,1.0543,1.13
"2904010",16,0,1,0.0073,1,0.0073,1,119.984379219905,1,601.510009765625,0.00730000017210841,0,113.502098083496,-95.1866,25.3768,35.7644044708743,51,51,51,51,51,51,0,8270,1.30708361069746,25,-95,0.0073,51,2025-08-16 09:16:11.000989,1.0543,1.13
"2904010",16,0,1,0.0073,1,0.0073,1,125.094456081945,1,651.010009765625,0.00730000017210841,0,118.336097717285,-95.1866,25.3768,35.7644044708743,51,51,51,51,51,51,0,8270,1.30708361069746,25,-95,0.0073,51,2025-08-16 09:16:11.000989,1.0543,1.13
"2904010",16,0,1,0,1,0,1,131.49114558354,1,701.25,0,0,124.387199401855,-95.1866,25.3768,35.7644044708743,51,51,51,51,51,51,0,8270,1.30708361069746,25,-95,0.0073,51,2025-08-16 09:16:11.000989,1.0543,1.13
"2904010",16,0,1,0.0073,1,0.0073,1,139.323918614119,1,751.590026855469,0.00730000017210841,0,131.796798706055,-95.1866,25.3768,35.7644044708743,51,51,51,51,51,51,0,8270,1.30708361069746,25,-95,0.0073,51,2025-08-16 09:16:11.000989,1.0543,1.13
"2904010",16,0,1,0,1,0,1,144.041175687644,1,801.530029296875,0,0,136.259201049805,-95.1866,25.3768,35.7644044708743,51,51,51,51,51,51,0,8270,1.30708361069746,25,-95,0.0073,51,2025-08-16 09:16:11.000989,1.0543,1.13
"2904010",16,0,1,0,1,0,1,150.698013735585,1,851.590026855469,0,0,142.556396484375,-95.1866,25.3768,35.7644044708743,51,51,51,51,51,51,0,8270,1.30708361069746,25,-95,0.0073,51,2025-08-16 09:16:11.000989,1.0543,1.13
"2904010",16,0,1,0,1,0,1,158.547812236816,1,901.400024414062,0,0,149.98210144043,-95.1866,25.3768,35.7644044708743,51,51,51,51,51,51,0,8270,1.30708361069746,25,-95,0.0073,51,2025-08-16 09:16:11.000989,1.0543,1.13
"2904010",16,0,1,0,1,0,1,166.423709469941,1,951.130004882812,0,0,157.432495117188,-95.1866,25.3768,35.7644044708743,51,51,51,51,51,51,0,8270,1.30708361069746,25,-95,0.0073,51,2025-08-16 09:16:11.000989,1.0543,1.13
"2904010",16,0,1,0,1,0,1,175.591929448363,1,999.739990234375,0,0,166.105392456055,-95.1866,25.3768,35.7644044708743,51,51,51,51,51,51,0,8270,1.30708361069746,25,-95,0.0073,51,2025-08-16 09:16:11.000989,1.0543,1.13
"2904010",16,0,1,0,1,0,1,189.393158245253,1,1099.94995117188,0,0,179.160995483398,-95.1866,25.3768,35.7644044708743,51,51,51,51,51,51,0,8270,1.30708361069746,25,-95,0.0073,51,2025-08-16 09:16:11.000989,1.0543,1.13
"2904010",16,0,1,0,1,0,1,196.528241844447,1,1199.09997558594,0,0,185.910598754883,-95.1866,25.3768,35.7644044708743,51,51,51,51,51,51,0,8270,1.30708361069746,25,-95,0.0073,51,2025-08-16 09:16:11.000989,1.0543,1.13
"2904010",16,0,1,0,1,0,1,201.738003603338,1,1299.38000488281,0,0,190.838897705078,-95.1866,25.3768,35.7644044708743,51,51,51,51,51,51,0,8270,1.30708361069746,25,-95,0.0073,51,2025-08-16 09:16:11.000989,1.0543,1.13
"2904010",16,0,1,0,1,0,1,205.061043191532,1,1399.97998046875,0,0,193.982406616211,-95.1866,25.3768,35.7644044708743,51,51,51,51,51,51,0,8270,1.30708361069746,25,-95,0.0073,51,2025-08-16 09:16:11.000989,1.0543,1.13
"2904010",16,0,1,0,1,0,1,207.401799419927,4,1499.26000976562,0,0,196.196701049805,-95.1866,25.3768,35.7644044708743,51,51,51,51,51,51,0,8270,1.30708361069746,25,-95,0.0073,51,2025-08-16 09:16:11.000989,1.0543,1.13
"2904010",17,0.0438761197194428,5,0.0511,1,0.0511,1,191.386308329008,1,7.3600001335144,0.0511000007390976,0.061028391122818,180.989501953125,-94.5931,25.7442,39.6374631443558,51,51,51,51,51,51,0.0511,8038,1.16464264221059,26,-95,0.0073,51,2025-08-26 14:04:05.001508,1.0543,1.13
"2904010",17,0.0376081026166653,5,0.0438,1,0.0438,1,191.276442943495,1,11.539999961853,0.0438000001013279,0.061028391122818,180.885604858398,-94.5931,25.7442,39.6374631443558,51,51,51,51,51,51,0.0438,8038,1.16464264221059,26,-95,0.0073,51,2025-08-26 14:04:05.001508,1.0543,1.13
"2904010",17,0.0376081026166653,5,0.0438,1,0.0438,1,191.378369752172,1,16.2999992370605,0.0438000001013279,0.061028391122818,180.981994628906,-94.5931,25.7442,39.6374631443558,51,51,51,51,51,51,0.0438,8038,1.16464264221059,26,-95,0.0073,51,2025-08-26 14:04:05.001508,1.0543,1.13
"2904010",17,0.0376081026166653,5,0.0438,1,0.0438,1,191.423839080469,1,21.6499996185303,0.0438000001013279,0.061028391122818,181.024993896484,-94.5931,25.7442,39.6374631443558,51,51,51,51,51,51,0.0438,8038,1.16464264221059,26,-95,0.0073,51,2025-08-26 14:04:05.001508,1.0543,1.13
"2904010",17,0.0438761197194428,5,0.0511,1,0.0511,1,191.499352372318,1,26.6299991607666,0.0511000007390976,0.061028391122818,181.096405029297,-94.5931,25.7442,39.6374631443558,51,51,51,51,51,51,0.0511,8038,1.16464264221059,26,-95,0.0073,51,2025-08-26 14:04:05.001508,1.0543,1.13
"2904010",17,0.0501441368222204,5,0.0584,1,0.0584,1,191.83730662398,1,31.6200008392334,0.0584000013768673,0.061028391122818,181.416000366211,-94.5931,25.7442,39.6374631443558,51,51,51,51,51,51,0.0584,8038,1.16464264221059,26,-95,0.0073,51,2025-08-26 14:04:05.001508,1.0543,1.13
"2904010",17,0.0438761197194428,5,0.0511,1,0.0511,1,192.660950105971,1,36.7599983215332,0.0511000007390976,0.0584000013768673,182.194900512695,-94.5931,25.7442,39.6374631443558,51,51,51,51,51,51,0.0511,8038,1.16464264221059,26,-95,0.0073,51,2025-08-26 14:04:05.001508,1.0543,1.13
"2904010",17,0.0626801710277754,1,0.073,1,0.073,1,196.534152700389,1,41.5900001525879,0.0729999989271164,0.0803000032901764,185.857696533203,-94.5931,25.7442,39.6374631443558,51,51,51,51,51,51,0.073,8038,1.16464264221059,26,-95,0.0073,51,2025-08-26 14:04:05.001508,1.0543,1.13
"2904010",17,0.0752162052333305,1,0.0876,1,0.0876,1,202.041540379947,1,46.810001373291,0.0876000002026558,0.0948999971151352,191.065902709961,-94.5931,25.7442,39.6374631443558,51,51,51,51,51,51,0.0876,8038,1.16464264221059,26,-95,0.0073,51,2025-08-26 14:04:05.001508,1.0543,1.13
"2904010",17,0.0877522394388856,1,0.1022,1,0.1022,1,211.253984497008,1,51.6300010681152,0.102200001478195,0.109499998390675,199.777893066406,-94.5931,25.7442,39.6374631443558,51,51,51,51,51,51,0.1022,8038,1.16464264221059,26,-95,0.0073,51,2025-08-26 14:04:05.001508,1.0543,1.13
"2904010",17,0.106556290747218,1,0.1241,1,0.1241,1,218.089518670575,1,56.7400016784668,0.124099999666214,0.131400004029274,206.242095947266,-94.5931,25.7442,39.6374631443558,51,51,51,51,51,51,0.1241,8038,1.16464264221059,26,-95,0.0073,51,2025-08-26 14:04:05.001508,1.0543,1.13
"2904010",17,0.119092324952773,1,0.1387,1,0.1387,1,219.115450644,1,61.9599990844727,0.138699993491173,0.145999997854233,207.212295532227,-94.5931,25.7442,39.6374631443558,51,51,51,51,51,51,0.1387,8038,1.16464264221059,26,-95,0.0073,51,2025-08-26 14:04:05.001508,1.0543,1.13
"2904010",17,0.137896376261106,1,0.1606,1,0.1606,1,218.333791261451,1,66.3600006103516,0.160600006580353,0.167899996042252,206.473098754883,-94.5931,25.7442,39.6374631443558,51,51,51,51,51,51,0.1606,8038,1.16464264221059,26,-95,0.0073,51,2025-08-26 14:04:05.001508,1.0543,1.13
"2904010",17,0.131628359158328,1,0.1533,1,0.1533,1,216.198072062947,1,71.8000030517578,0.153300002217293,0.160600006580353,204.453399658203,-94.5931,25.7442,39.6374631443558,51,51,51,51,51,51,0.1533,8038,1.16464264221059,26,-95,0.0073,51,2025-08-26 14:04:05.001508,1.0543,1.13
"2904010",17,0.144164393363884,1,0.1679,1,0.1679,1,209.299093815973,1,76.8300018310547,0.167899996042252,0.175200000405312,197.92919921875,-94.5931,25.7442,39.6374631443558,51,51,51,51,51,51,0.1679,8038,1.16464264221059,26,-95,0.0073,51,2025-08-26 14:04:05.001508,1.0543,1.13
"2904010",17,0.181772495980549,1,0.2117,1,0.2117,1,205.496418699904,1,81.5199966430664,0.21170000731945,0.218999996781349,194.333099365234,-94.5931,25.7442,39.6374631443558,51,51,51,51,51,51,0.2117,8038,1.16464264221059,26,-95,0.0073,51,2025-08-26 14:04:05.001508,1.0543,1.13
"2904010",17,0.181772495980549,1,0.2117,1,0.2117,1,203.638388337451,1,86.75,0.21170000731945,0.218999996781349,192.57600402832,-94.5931,25.7442,39.6374631443558,51,51,51,51,51,51,0.2117,8038,1.16464264221059,26,-95,0.0073,51,2025-08-26 14:04:05.001508,1.0543,1.13
"2904010",17,0.219380598597214,1,0.2555,1,0.2555,1,201.137946393444,1,91.9400024414062,0.255499988794327,0.262800008058548,190.211395263672,-94.5931,25.7442,39.6374631443558,51,51,51,51,51,51,0.2555,8038,1.16464264221059,26,-95,0.0073,51,2025-08-26 14:04:05.001508,1.0543,1.13
"2904010",17,0.244452667008324,1,0.2847,1,0.2847,1,201.522128333385,1,96.8600006103516,0.284700006246567,0.291999995708466,190.57470703125,-94.5931,25.7442,39.6374631443558,51,51,51,51,51,51,0.2847,8038,1.16464264221059,26,-95,0.0073,51,2025-08-26 14:04:05.001508,1.0543,1.13
"2904010",17,0.244452667008324,1,0.2847,1,0.2847,1,197.325977333763,1,101.75,0.284700006246567,0.291999995708466,186.606506347656,-94.5931,25.7442,39.6374631443558,51,51,51,51,51,51,0.2847,8038,1.16464264221059,26,-95,0.0073,51,2025-08-26 14:04:05.001508,1.0543,1.13
"2904010",17,0.213112581494437,4,0.2482,1,0.2482,1,197.83364286826,1,111.73999786377,0.248199999332428,0.255499988794327,187.08659362793,-94.5931,25.7442,39.6374631443558,51,51,51,51,51,51,0.2482,8038,1.16464264221059,26,-95,0.0073,51,2025-08-26 14:04:05.001508,1.0543,1.13
"2904010",17,0.225648615699992,1,0.2628,1,0.2628,1,193.059395667706,1,121.910003662109,0.262800008058548,0.270099997520447,182.571701049805,-94.5931,25.7442,39.6374631443558,51,51,51,51,51,51,0.2628,8038,1.16464264221059,26,-95,0.0073,51,2025-08-26 14:04:05.001508,1.0543,1.13
"2904010",17,0.200576547288881,1,0.2336,1,0.2336,1,185.195702846723,1,131.339996337891,0.233600005507469,0.240899994969368,175.135192871094,-94.5931,25.7442,39.6374631443558,51,51,51,51,51,51,0.2336,8038,1.16464264221059,26,-95,0.0073,51,2025-08-26 14:04:05.001508,1.0543,1.13
"2904010",17,0.194308530186104,1,0.2263,1,0.2263,1,175.084005143909,1,141.570007324219,0.226300001144409,0.233600005507469,165.572799682617,-94.5931,25.7442,39.6374631443558,51,51,51,51,51,51,0.2263,8038,1.16464264221059,26,-95,0.0073,51,2025-08-26 14:04:05.001508,1.0543,1.13
"2904010",17,0.200576547288881,1,0.2336,1,0.2336,1,159.516940029254,1,151.940002441406,0.233600005507469,0.240899994969368,150.85139465332,-94.5931,25.7442,39.6374631443558,51,51,51,51,51,51,0.2336,8038,1.16464264221059,26,-95,0.0073,51,2025-08-26 14:04:05.001508,1.0543,1.13
"2904010",17,0.144164393363884,1,0.1679,1,0.1679,1,141.684734324232,1,161.710006713867,0.167899996042252,0.175200000405312,133.987899780273,-94.5931,25.7442,39.6374631443558,51,51,51,51,51,51,0.1679,8038,1.16464264221059,26,-95,0.0073,51,2025-08-26 14:04:05.001508,1.0543,1.13
"2904010",17,0.119092324952773,1,0.1387,1,0.1387,1,132.751124650854,1,171.740005493164,0.138699993491173,0.145999997854233,125.539596557617,-94.5931,25.7442,39.6374631443558,51,51,51,51,51,51,0.1387,8038,1.16464264221059,26,-95,0.0073,51,2025-08-26 14:04:05.001508,1.0543,1.13
"2904010",17,0.106556290747218,1,0.1241,1,0.1241,1,128.10608908302,1,181.839996337891,0.124099999666214,0.131400004029274,121.146896362305,-94.5931,25.7442,39.6374631443558,51,51,51,51,51,51,0.1241,8038,1.16464264221059,26,-95,0.0073,51,2025-08-26 14:04:05.001508,1.0543,1.13
"2904010",17,0.0313400855138877,4,0.0365,1,0.0365,1,129.424304288324,1,190.990005493164,0.0364999994635582,0.0438000001013279,122.393501281738,-94.5931,25.7442,39.6374631443558,51,51,51,51,51,51,0.0365,8038,1.16464264221059,26,-95,0.0073,51,2025-08-26 14:04:05.001508,1.0543,1.13
"2904010",17,0.0626801710277754,1,0.073,1,0.073,1,124.281002009178,1,201.190002441406,0.0729999989271164,0.0803000032901764,117.529602050781,-94.5931,25.7442,39.6374631443558,51,51,51,51,51,51,0.073,8038,1.16464264221059,26,-95,0.0073,51,2025-08-26 14:04:05.001508,1.0543,1.13
"2904010",17,0.0626801710277754,1,0.073,1,0.073,1,122.681088341107,1,211.820007324219,0.0729999989271164,0.0803000032901764,116.0166015625,-94.5931,25.7442,39.6374631443558,51,51,51,51,51,51,0.073,8038,1.16464264221059,26,-95,0.0073,51,2025-08-26 14:04:05.001508,1.0543,1.13
"2904010",17,0.0376081026166653,1,0.0438,1,0.0438,1,126.294165393955,1,221.309997558594,0.0438000001013279,0.0511000007390976,119.433403015137,-94.5931,25.7442,39.6374631443558,51,51,51,51,51,51,0.0438,8038,1.16464264221059,26,-95,0.0073,51,2025-08-26 14:04:05.001508,1.0543,1.13
"2904010",17,0.0250720684111102,1,0.0292,1,0.0292,1,123.16529312211,1,231.589996337891,0.0292000006884336,0.0364999994635582,116.474502563477,-94.5931,25.7442,39.6374631443558,51,51,51,51,51,51,0.0292,8038,1.16464264221059,26,-95,0.0073,51,2025-08-26 14:04:05.001508,1.0543,1.13
"2904010",17,0.0125360342055551,1,0.0146,1,0.0146,1,126.746220552307,1,241.880004882812,0.0146000003442168,0.0219000000506639,119.860900878906,-94.5931,25.7442,39.6374631443558,51,51,51,51,51,51,0.0146,8038,1.16464264221059,26,-95,0.0073,51,2025-08-26 14:04:05.001508,1.0543,1.13
"2904010",17,-0.00626801710277755,1,-0.0073,1,-0.0073,1,133.489856017813,1,251.860000610352,-0.00730000017210841,0,126.23819732666,-94.5931,25.7442,39.6374631443558,51,51,51,51,51,51,-0.0073,8038,1.16464264221059,26,-95,0.0073,51,2025-08-26 14:04:05.001508,1.0543,1.13
"2904010",17,0,1,-0.0073,1,-0.0073,1,131.310886097343,1,260.970001220703,-0.00730000017210841,0,124.177597045898,-94.5931,25.7442,39.6374631443558,51,51,51,51,51,51,0,8038,1.16464264221059,26,-95,0.0073,51,2025-08-26 14:04:05.001508,1.0543,1.13
"2904010",17,0,1,0,1,0,1,130.695880354721,1,271.339996337891,0,0,123.596000671387,-94.5931,25.7442,39.6374631443558,51,51,51,51,51,51,0,8038,1.16464264221059,26,-95,0.0073,51,2025-08-26 14:04:05.001508,1.0543,1.13
"2904010",17,0,1,-0.0073,1,-0.0073,1,130.511566608399,1,281.730010986328,-0.00730000017210841,0,123.421699523926,-94.5931,25.7442,39.6374631443558,51,51,51,51,51,51,0,8038,1.16464264221059,26,-95,0.0073,51,2025-08-26 14:04:05.001508,1.0543,1.13
"2904010",17,0,1,-0.0073,1,-0.0073,1,124.586814705847,1,291.029998779297,-0.00730000017210841,0,117.818801879883,-94.5931,25.7442,39.6374631443558,51,51,51,51,51,51,0,8038,1.16464264221059,26,-95,0.0073,51,2025-08-26 14:04:05.001508,1.0543,1.13
"2904010",17,0,1,-0.0073,1,-0.0073,1,126.496978283249,1,301.579986572266,-0.00730000017210841,0,119.625198364258,-94.5931,25.7442,39.6374631443558,51,51,51,51,51,51,0,8038,1.16464264221059,26,-95,0.0073,51,2025-08-26 14:04:05.001508,1.0543,1.13
"2904010",17,0,1,-0.0073,1,-0.0073,1,124.878347645404,1,311.829986572266,-0.00730000017210841,0,118.094497680664,-94.5931,25.7442,39.6374631443558,51,51,51,51,51,51,0,8038,1.16464264221059,26,-95,0.0073,51,2025-08-26 14:04:05.001508,1.0543,1.13
"2904010",17,0,1,-0.0073,1,-0.0073,1,123.25548955404,1,321.260009765625,-0.00730000017210841,0,116.559799194336,-94.5931,25.7442,39.6374631443558,51,51,51,51,51,51,0,8038,1.16464264221059,26,-95,0.0073,51,2025-08-26 14:04:05.001508,1.0543,1.13
"2904010",17,0,1,-0.0073,1,-0.0073,1,122.171083185389,1,331.809997558594,-0.00730000017210841,0,115.534301757812,-94.5931,25.7442,39.6374631443558,51,51,51,51,51,51,0,8038,1.16464264221059,26,-95,0.0073,51,2025-08-26 14:04:05.001508,1.0543,1.13
"2904010",17,0,1,0,1,0,1,120.231625936757,1,341.75,0,0,113.700202941895,-94.5931,25.7442,39.6374631443558,51,51,51,51,51,51,0,8038,1.16464264221059,26,-95,0.0073,51,2025-08-26 14:04:05.001508,1.0543,1.13
"2904010",17,0,1,-0.0073,1,-0.0073,1,116.590949421151,1,351.75,-0.00730000017210841,0,110.257301330566,-94.5931,25.7442,39.6374631443558,51,51,51,51,51,51,0,8038,1.16464264221059,26,-95,0.0073,51,2025-08-26 14:04:05.001508,1.0543,1.13
"2904010",17,0,1,-0.0073,1,-0.0073,1,114.739469998119,1,361.160003662109,-0.00730000017210841,0,108.506401062012,-94.5931,25.7442,39.6374631443558,51,51,51,51,51,51,0,8038,1.16464264221059,26,-95,0.0073,51,2025-08-26 14:04:05.001508,1.0543,1.13
"2904010",17,0,1,-0.0073,1,-0.0073,1,112.071745136753,1,381.380004882812,-0.00730000017210841,0,105.983596801758,-94.5931,25.7442,39.6374631443558,51,51,51,51,51,51,0,8038,1.16464264221059,26,-95,0.0073,51,2025-08-26 14:04:05.001508,1.0543,1.13
"2904010",17,0,1,0,1,0,1,110.962175738477,1,400.859985351562,0,0,104.934303283691,-94.5931,25.7442,39.6374631443558,51,51,51,51,51,51,0,8038,1.16464264221059,26,-95,0.0073,51,2025-08-26 14:04:05.001508,1.0543,1.13
"2904010",17,0,1,0,1,0,1,109.061096345543,1,451.369995117188,0,0,103.136497497559,-94.5931,25.7442,39.6374631443558,51,51,51,51,51,51,0,8038,1.16464264221059,26,-95,0.0073,51,2025-08-26 14:04:05.001508,1.0543,1.13
"2904010",17,0,1,0,1,0,1,109.56232388785,1,501.670013427734,0,0,103.610496520996,-94.5931,25.7442,39.6374631443558,51,51,51,51,51,51,0,8038,1.16464264221059,26,-95,0.0073,51,2025-08-26 14:04:05.001508,1.0543,1.13
"2904010",17,0,1,0,1,0,1,113.012240597285,1,551.489990234375,0,0,106.873001098633,-94.5931,25.7442,39.6374631443558,51,51,51,51,51,51,0,8038,1.16464264221059,26,-95,0.0073,51,2025-08-26 14:04:05.001508,1.0543,1.13
"2904010",17,0,1,0,1,0,1,115.685249775549,1,601.590026855469,0,0,109.400802612305,-94.5931,25.7442,39.6374631443558,51,51,51,51,51,51,0,8038,1.16464264221059,26,-95,0.0073,51,2025-08-26 14:04:05.001508,1.0543,1.13
"2904010",17,0,1,0,1,0,1,120.878991061174,1,650.969970703125,0,0,114.312400817871,-94.5931,25.7442,39.6374631443558,51,51,51,51,51,51,0,8038,1.16464264221059,26,-95,0.0073,51,2025-08-26 14:04:05.001508,1.0543,1.13
"2904010",17,0,1,0.0073,1,0.0073,1,127.707433762141,1,701.799987792969,0.00730000017210841,0,120.769897460938,-94.5931,25.7442,39.6374631443558,51,51,51,51,51,51,0,8038,1.16464264221059,26,-95,0.0073,51,2025-08-26 14:04:05.001508,1.0543,1.13
"2904010",17,0,1,-0.0073,1,-0.0073,1,134.815364387202,1,751.369995117188,-0.00730000017210841,0,127.49169921875,-94.5931,25.7442,39.6374631443558,51,51,51,51,51,51,0,8038,1.16464264221059,26,-95,0.0073,51,2025-08-26 14:04:05.001508,1.0543,1.13
"2904010",17,0,1,-0.0073,1,-0.0073,1,142.062978466865,1,801.570007324219,-0.00730000017210841,0,134.345596313477,-94.5931,25.7442,39.6374631443558,51,51,51,51,51,51,0,8038,1.16464264221059,26,-95,0.0073,51,2025-08-26 14:04:05.001508,1.0543,1.13
"2904010",17,0,1,0,1,0,1,150.327440335485,1,851.080017089844,0,0,142.161102294922,-94.5931,25.7442,39.6374631443558,51,51,51,51,51,51,0,8038,1.16464264221059,26,-95,0.0073,51,2025-08-26 14:04:05.001508,1.0543,1.13
"2904010",17,0,1,0,1,0,1,157.456201657079,1,900.780029296875,0,0,148.902603149414,-94.5931,25.7442,39.6374631443558,51,51,51,51,51,51,0,8038,1.16464264221059,26,-95,0.0073,51,2025-08-26 14:04:05.001508,1.0543,1.13
"2904010",17,0,1,0.0073,1,0.0073,1,164.446118560648,1,951.390014648438,0.00730000017210841,0,155.512802124023,-94.5931,25.7442,39.6374631443558,51,51,51,51,51,51,0,8038,1.16464264221059,26,-95,0.0073,51,2025-08-26 14:04:05.001508,1.0543,1.13
"2904010",17,0,1,0,1,0,1,171.781395827195,1,999.210021972656,0,0,162.449600219727,-94.5931,25.7442,39.6374631443558,51,51,51,51,51,51,0,8038,1.16464264221059,26,-95,0.0073,51,2025-08-26 14:04:05.001508,1.0543,1.13
"2904010",17,0,1,-0.0073,1,-0.0073,1,186.769816140079,1,1097.55004882812,-0.00730000017210841,0,176.623794555664,-94.5931,25.7442,39.6374631443558,51,51,51,51,51,51,0,8038,1.16464264221059,26,-95,0.0073,51,2025-08-26 14:04:05.001508,1.0543,1.13
"2904010",17,0,1,0,1,0,1,196.363586245659,1,1199.35998535156,0,0,185.696395874023,-94.5931,25.7442,39.6374631443558,51,51,51,51,51,51,0,8038,1.16464264221059,26,-95,0.0073,51,2025-08-26 14:04:05.001508,1.0543,1.13
"2904010",17,0,1,0,1,0,1,201.211023252159,1,1299.5,0,0,190.280502319336,-94.5931,25.7442,39.6374631443558,51,51,51,51,51,51,0,8038,1.16464264221059,26,-95,0.0073,51,2025-08-26 14:04:05.001508,1.0543,1.13
"2904010",17,0,1,0,1,0,1,204.800405589392,1,1399.57995605469,0,0,193.674896240234,-94.5931,25.7442,39.6374631443558,51,51,51,51,51,51,0,8038,1.16464264221059,26,-95,0.0073,51,2025-08-26 14:04:05.001508,1.0543,1.13
"2904010",17,0,1,0,1,0,1,207.964396382543,4,1499.2900390625,0,0,196.667007446289,-94.5931,25.7442,39.6374631443558,51,51,51,51,51,51,0,8038,1.16464264221059,26,-95,0.0073,51,2025-08-26 14:04:05.001508,1.0543,1.13
"2904010",18,0.0369267223616462,5,0.0438,1,0.0438,1,195.863919962671,1,7.92999982833862,0.0438000001013279,0.0511000007390976,185.193801879883,-94.1635,25.5779,31.7904323109722,51,51,51,51,51,51,0.0438,8039,1.18613289235474,26,-94,0.0073,51,2025-08-31 20:24:32.002181,1.0543,1.13
"2904010",18,0.0430811760885873,5,0.0511,1,0.0511,1,194.800800968775,1,11.9399995803833,0.0511000007390976,0.0584000013768673,184.188598632812,-94.1635,25.5779,31.7904323109722,51,51,51,51,51,51,0.0511,8039,1.18613289235474,26,-94,0.0073,51,2025-08-31 20:24:32.002181,1.0543,1.13
"2904010",18,0.0430811760885873,5,0.0511,1,0.0511,1,193.856344238827,1,16.7199993133545,0.0511000007390976,0.0584000013768673,183.295593261719,-94.1635,25.5779,31.7904323109722,51,51,51,51,51,51,0.0511,8039,1.18613289235474,26,-94,0.0073,51,2025-08-31 20:24:32.002181,1.0543,1.13
"2904010",18,0.0430811760885873,5,0.0511,1,0.0511,1,192.87762666482,1,21.5400009155273,0.0511000007390976,0.0584000013768673,182.370193481445,-94.1635,25.5779,31.7904323109722,51,51,51,51,51,51,0.0511,8039,1.18613289235474,26,-94,0.0073,51,2025-08-31 20:24:32.002181,1.0543,1.13
"2904010",18,0.0246178149077642,5,0.0292,1,0.0292,1,191.70167120288,1,26.3299999237061,0.0292000006884336,0.0364999994635582,181.25830078125,-94.1635,25.5779,31.7904323109722,51,51,51,51,51,51,0.0292,8039,1.18613289235474,26,-94,0.0073,51,2025-08-31 20:24:32.002181,1.0543,1.13
"2904010",18,0.0184633611808231,4,0.0219,1,0.0219,1,190.30488418649,1,31.7299995422363,0.0219000000506639,0.0292000006884336,179.937606811523,-94.1635,25.5779,31.7904323109722,51,51,51,51,51,51,0.0219,8039,1.18613289235474,26,-94,0.0073,51,2025-08-31 20:24:32.002181,1.0543,1.13
"2904010",18,0.0307722686347052,1,0.0365,1,0.0365,1,192.619790816717,1,36.8300018310547,0.0364999994635582,0.0438000001013279,182.126403808594,-94.1635,25.5779,31.7904323109722,51,51,51,51,51,51,0.0365,8039,1.18613289235474,26,-94,0.0073,51,2025-08-31 20:24:32.002181,1.0543,1.13
"2904010",18,0.0307722686347052,1,0.0365,1,0.0365,1,198.623442944597,1,41.7999992370605,0.0364999994635582,0.0438000001013279,187.802993774414,-94.1635,25.5779,31.7904323109722,51,51,51,51,51,51,0.0365,8039,1.18613289235474,26,-94,0.0073,51,2025-08-31 20:24:32.002181,1.0543,1.13
"2904010",18,0.0430811760885873,1,0.0511,1,0.0511,1,203.547386277501,1,46.7799987792969,0.0511000007390976,0.0584000013768673,192.458694458008,-94.1635,25.5779,31.7904323109722,51,51,51,51,51,51,0.0511,8039,1.18613289235474,26,-94,0.0073,51,2025-08-31 20:24:32.002181,1.0543,1.13
"2904010",18,0.0430811760885873,1,0.0511,1,0.0511,1,209.428906484592,1,51.9000015258789,0.0511000007390976,0.0584000013768673,198.019805908203,-94.1635,25.5779,31.7904323109722,51,51,51,51,51,51,0.0511,8039,1.18613289235474,26,-94,0.0073,51,2025-08-31 20:24:32.002181,1.0543,1.13
"2904010",18,0.0861623521771745,1,0.1022,1,0.1022,1,221.17848785782,1,56.6699981689453,0.102200001478195,0.109499998390675,209.129302978516,-94.1635,25.5779,31.7904323109722,51,51,51,51,51,51,0.1022,8039,1.18613289235474,26,-94,0.0073,51,2025-08-31 20:24:32.002181,1.0543,1.13
"2904010",18,0.0923168059041156,1,0.1095,1,0.1095,1,221.392444650344,1,61.689998626709,0.109499998390675,0.116800002753735,209.331604003906,-94.1635,25.5779,31.7904323109722,51,51,51,51,51,51,0.1095,8039,1.18613289235474,26,-94,0.0073,51,2025-08-31 20:24:32.002181,1.0543,1.13
"2904010",18,0.0923168059041156,1,0.1095,1,0.1095,1,219.805068576803,1,66.9199981689453,0.109499998390675,0.116800002753735,207.830703735352,-94.1635,25.5779,31.7904323109722,51,51,51,51,51,51,0.1095,8039,1.18613289235474,26,-94,0.0073,51,2025-08-31 20:24:32.002181,1.0543,1.13
"2904010",18,0.123089074538821,1,0.146,1,0.146,1,216.776897327783,1,71.870002746582,0.145999997854233,0.153300002217293,204.967498779297,-94.1635,25.5779,31.7904323109722,51,51,51,51,51,51,0.146,8039,1.18613289235474,26,-94,0.0073,51,2025-08-31 20:24:32.002181,1.0543,1.13
"2904010",18,0.123089074538821,1,0.146,1,0.146,1,215.10449045474,1,76.7900009155273,0.145999997854233,0.153300002217293,203.386199951172,-94.1635,25.5779,31.7904323109722,51,51,51,51,51,51,0.146,8039,1.18613289235474,26,-94,0.0073,51,2025-08-31 20:24:32.002181,1.0543,1.13
"2904010",18,0.11693462081188,1,0.1387,1,0.1387,1,210.018409250778,1,81.8199996948242,0.138699993491173,0.145999997854233,198.577194213867,-94.1635,25.5779,31.7904323109722,51,51,51,51,51,51,0.1387,8039,1.18613289235474,26,-94,0.0073,51,2025-08-31 20:24:32.002181,1.0543,1.13
"2904010",18,0.141552435719644,1,0.1679,1,0.1679,1,208.986388064936,1,86.8199996948242,0.167899996042252,0.175200000405312,197.60139465332,-94.1635,25.5779,31.7904323109722,51,51,51,51,51,51,0.1679,8039,1.18613289235474,26,-94,0.0073,51,2025-08-31 20:24:32.002181,1.0543,1.13
"2904010",18,0.166170250627408,1,0.1971,1,0.1971,1,207.02377263857,1,91.6800003051758,0.19709999859333,0.20440000295639,195.745697021484,-94.1635,25.5779,31.7904323109722,51,51,51,51,51,51,0.1971,8039,1.18613289235474,26,-94,0.0073,51,2025-08-31 20:24:32.002181,1.0543,1.13
"2904010",18,0.203096972989054,1,0.2409,1,0.2409,1,204.035800995085,1,96.8199996948242,0.240899994969368,0.248199999332428,192.920501708984,-94.1635,25.5779,31.7904323109722,51,51,51,51,51,51,0.2409,8039,1.18613289235474,26,-94,0.0073,51,2025-08-31 20:24:32.002181,1.0543,1.13
"2904010",18,0.252332602804583,1,0.2993,1,0.2993,1,199.172665415554,1,101.690002441406,0.299299985170364,0.306600004434586,188.322296142578,-94.1635,25.5779,31.7904323109722,51,51,51,51,51,51,0.2993,8039,1.18613289235474,26,-94,0.0073,51,2025-08-31 20:24:32.002181,1.0543,1.13
"2904010",18,0.307722686347052,1,0.365,1,0.365,1,190.830093404523,1,111.419998168945,0.365000009536743,0.372299998998642,180.434204101562,-94.1635,25.5779,31.7904323109722,51,51,51,51,51,51,0.365,8039,1.18613289235474,26,-94,0.0073,51,2025-08-31 20:24:32.002181,1.0543,1.13
"2904010",18,0.252332602804583,1,0.2993,1,0.2993,1,185.848715147453,1,121.75,0.299299985170364,0.306600004434586,175.724197387695,-94.1635,25.5779,31.7904323109722,51,51,51,51,51,51,0.2993,8039,1.18613289235474,26,-94,0.0073,51,2025-08-31 20:24:32.002181,1.0543,1.13
"2904010",18,0.190788065535172,1,0.2263,1,0.2263,1,171.788552111594,1,131.559997558594,0.226300001144409,0.233600005507469,162.429992675781,-94.1635,25.5779,31.7904323109722,51,51,51,51,51,51,0.2263,8039,1.18613289235474,26,-94,0.0073,51,2025-08-31 20:24:32.002181,1.0543,1.13
"2904010",18,0.160015796900467,1,0.1898,1,0.1898,1,150.525607405808,1,141.919998168945,0.18979999423027,0.19709999859333,142.325393676758,-94.1635,25.5779,31.7904323109722,51,51,51,51,51,51,0.1898,8039,1.18613289235474,26,-94,0.0073,51,2025-08-31 20:24:32.002181,1.0543,1.13
"2904010",18,0.129243528265762,1,0.1533,1,0.1533,1,140.675832601161,1,151.389999389648,0.153300002217293,0.160600006580353,133.01220703125,-94.1635,25.5779,31.7904323109722,51,51,51,51,51,51,0.1533,8039,1.18613289235474,26,-94,0.0073,51,2025-08-31 20:24:32.002181,1.0543,1.13
"2904010",18,0.0800078984502335,1,0.0949,1,0.0949,1,135.987309519376,1,161.800003051758,0.0948999971151352,0.102200001478195,128.5791015625,-94.1635,25.5779,31.7904323109722,51,51,51,51,51,51,0.0949,8039,1.18613289235474,26,-94,0.0073,51,2025-08-31 20:24:32.002181,1.0543,1.13
"2904010",18,0.0246178149077642,4,0.0292,1,0.0292,1,137.259834407057,1,171.699996948242,0.0292000006884336,0.0364999994635582,129.782302856445,-94.1635,25.5779,31.7904323109722,51,51,51,51,51,51,0.0292,8039,1.18613289235474,26,-94,0.0073,51,2025-08-31 20:24:32.002181,1.0543,1.13
"2904010",18,0.0307722686347052,1,0.0365,1,0.0365,1,129.640346950574,1,181.580001831055,0.0364999994635582,0.0438000001013279,122.577903747559,-94.1635,25.5779,31.7904323109722,51,51,51,51,51,51,0.0365,8039,1.18613289235474,26,-94,0.0073,51,2025-08-31 20:24:32.002181,1.0543,1.13
"2904010",18,0.0615445372694104,1,0.073,1,0.073,1,125.551808226221,1,191.25,0.0729999989271164,0.0803000032901764,118.712097167969,-94.1635,25.5779,31.7904323109722,51,51,51,51,51,51,0.073,8039,1.18613289235474,26,-94,0.0073,51,2025-08-31 20:24:32.002181,1.0543,1.13
"2904010",18,0.0307722686347052,1,0.0365,1,0.0365,1,128.7062588463,1,201.339996337891,0.0364999994635582,0.0438000001013279,121.694702148438,-94.1635,25.5779,31.7904323109722,51,51,51,51,51,51,0.0365,8039,1.18613289235474,26,-94,0.0073,51,2025-08-31 20:24:32.002181,1.0543,1.13
"2904010",18,0.0369267223616462,1,0.0438,1,0.0438,1,124.758386465441,1,211.729995727539,0.0438000001013279,0.0511000007390976,117.961898803711,-94.1635,25.5779,31.7904323109722,51,51,51,51,51,51,0.0438,8039,1.18613289235474,26,-94,0.0073,51,2025-08-31 20:24:32.002181,1.0543,1.13
"2904010",18,0.0246178149077642,1,0.0292,1,0.0292,1,124.855052718814,1,220.940002441406,0.0292000006884336,0.0364999994635582,118.053298950195,-94.1635,25.5779,31.7904323109722,51,51,51,51,51,51,0.0292,8039,1.18613289235474,26,-94,0.0073,51,2025-08-31 20:24:32.002181,1.0543,1.13
"2904010",18,0.00615445372694104,1,0.0073,1,0.0073,1,124.738294731643,1,231.179992675781,0.00730000017210841,0.0146000003442168,117.942901611328,-94.1635,25.5779,31.7904323109722,51,51,51,51,51,51,0.0073,8039,1.18613289235474,26,-94,0.0073,51,2025-08-31 20:24:32.002181,1.0543,1.13
"2904010",18,0.00615445372694104,1,0.0073,1,0.0073,1,124.640886133086,1,241.580001831055,0.00730000017210841,0.0146000003442168,117.850799560547,-94.1635,25.5779,31.7904323109722,51,51,51,51,51,51,0.0073,8039,1.18613289235474,26,-94,0.0073,51,2025-08-31 20:24:32.002181,1.0543,1.13
"2904010",18,0,1,0,1,0,1,126.493198747799,1,251.220001220703,0,0.00730000017210841,119.602203369141,-94.1635,25.5779,31.7904323109722,51,51,51,51,51,51,0,8039,1.18613289235474,26,-94,0.0073,51,2025-08-31 20:24:32.002181,1.0543,1.13
"2904010",18,0,1,-0.0073,1,-0.0073,1,129.036441074015,1,261.380004882812,-0.00730000017210841,0,122.006896972656,-94.1635,25.5779,31.7904323109722,51,51,51,51,51,51,0,8039,1.18613289235474,26,-94,0.0073,51,2025-08-31 20:24:32.002181,1.0543,1.13
"2904010",18,0,1,-0.0073,1,-0.0073,1,127.351559574284,1,270.890014648438,-0.00730000017210841,0,120.413803100586,-94.1635,25.5779,31.7904323109722,51,51,51,51,51,51,0,8039,1.18613289235474,26,-94,0.0073,51,2025-08-31 20:24:32.002181,1.0543,1.13
"2904010",18,0,1,-0.0073,1,-0.0073,1,127.296666375478,1,281.809997558594,-0.00730000017210841,0,120.36190032959,-94.1635,25.5779,31.7904323109722,51,51,51,51,51,51,0,8039,1.18613289235474,26,-94,0.0073,51,2025-08-31 20:24:32.002181,1.0543,1.13
"2904010",18,0,1,-0.0073,1,-0.0073,1,124.120114848221,1,290.829986572266,-0.00730000017210841,0,117.3583984375,-94.1635,25.5779,31.7904323109722,51,51,51,51,51,51,0,8039,1.18613289235474,26,-94,0.0073,51,2025-08-31 20:24:32.002181,1.0543,1.13
"2904010",18,0,1,-0.0073,1,-0.0073,1,124.157135279813,1,301.279998779297,-0.00730000017210841,0,117.393402099609,-94.1635,25.5779,31.7904323109722,51,51,51,51,51,51,0,8039,1.18613289235474,26,-94,0.0073,51,2025-08-31 20:24:32.002181,1.0543,1.13
"2904010",18,0,1,-0.0073,1,-0.0073,1,122.078286349287,1,311.709991455078,-0.00730000017210841,0,115.427803039551,-94.1635,25.5779,31.7904323109722,51,51,51,51,51,51,0,8039,1.18613289235474,26,-94,0.0073,51,2025-08-31 20:24:32.002181,1.0543,1.13
"2904010",18,0,1,-0.0146,1,-0.0146,1,120.990314929649,1,321.730010986328,-0.0146000003442168,0,114.399101257324,-94.1635,25.5779,31.7904323109722,51,51,51,51,51,51,0,8039,1.18613289235474,26,-94,0.0073,51,2025-08-31 20:24:32.002181,1.0543,1.13
"2904010",18,0,1,-0.0073,1,-0.0073,1,121.291731281464,1,331.890014648438,-0.00730000017210841,0,114.684097290039,-94.1635,25.5779,31.7904323109722,51,51,51,51,51,51,0,8039,1.18613289235474,26,-94,0.0073,51,2025-08-31 20:24:32.002181,1.0543,1.13
"2904010",18,0,1,-0.0073,1,-0.0073,1,120.234010428094,1,341.480010986328,-0.00730000017210841,0,113.68399810791,-94.1635,25.5779,31.7904323109722,51,51,51,51,51,51,0,8039,1.18613289235474,26,-94,0.0073,51,2025-08-31 20:24:32.002181,1.0543,1.13
"2904010",18,0,1,-0.0073,1,-0.0073,1,118.23057408555,1,351.5,-0.00730000017210841,0,111.789703369141,-94.1635,25.5779,31.7904323109722,51,51,51,51,51,51,0,8039,1.18613289235474,26,-94,0.0073,51,2025-08-31 20:24:32.002181,1.0543,1.13
"2904010",18,0,1,-0.0073,1,-0.0073,1,114.78856153411,1,361.619995117188,-0.00730000017210841,0,108.535202026367,-94.1635,25.5779,31.7904323109722,51,51,51,51,51,51,0,8039,1.18613289235474,26,-94,0.0073,51,2025-08-31 20:24:32.002181,1.0543,1.13
"2904010",18,0,1,0,1,0,1,112.204167463971,1,381.709991455078,0,0,106.091598510742,-94.1635,25.5779,31.7904323109722,51,51,51,51,51,51,0,8039,1.18613289235474,26,-94,0.0073,51,2025-08-31 20:24:32.002181,1.0543,1.13
"2904010",18,0,1,0,1,0,1,112.613780626427,1,401.160003662109,0,0,106.478897094727,-94.1635,25.5779,31.7904323109722,51,51,51,51,51,51,0,8039,1.18613289235474,26,-94,0.0073,51,2025-08-31 20:24:32.002181,1.0543,1.13
"2904010",18,0,1,0,1,0,1,109.192505326337,1,451.480010986328,0,0,103.244003295898,-94.1635,25.5779,31.7904323109722,51,51,51,51,51,51,0,8039,1.18613289235474,26,-94,0.0073,51,2025-08-31 20:24:32.002181,1.0543,1.13
"2904010",18,0,1,0,1,0,1,110.711553367026,1,501.720001220703,0,0,104.680297851562,-94.1635,25.5779,31.7904323109722,51,51,51,51,51,51,0,8039,1.18613289235474,26,-94,0.0073,51,2025-08-31 20:24:32.002181,1.0543,1.13
"2904010",18,0,1,0,1,0,1,112.414743358317,1,551.849975585938,0,0,106.290702819824,-94.1635,25.5779,31.7904323109722,51,51,51,51,51,51,0,8039,1.18613289235474,26,-94,0.0073,51,2025-08-31 20:24:32.002181,1.0543,1.13
"2904010",18,0,1,0,1,0,1,114.918754355326,1,601.030029296875,0,0,108.658302307129,-94.1635,25.5779,31.7904323109722,51,51,51,51,51,51,0,8039,1.18613289235474,26,-94,0.0073,51,2025-08-31 20:24:32.002181,1.0543,1.13
"2904010",18,0,1,0.0073,1,0.0073,1,119.519591946677,1,649.27001953125,0.00730000017210841,0,113.008499145508,-94.1635,25.5779,31.7904323109722,51,51,51,51,51,51,0,8039,1.18613289235474,26,-94,0.0073,51,2025-08-31 20:24:32.002181,1.0543,1.13
"2904010",18,0,1,-0.0073,1,-0.0073,1,125.668041730381,1,701.590026855469,-0.00730000017210841,0,118.821998596191,-94.1635,25.5779,31.7904323109722,51,51,51,51,51,51,0,8039,1.18613289235474,26,-94,0.0073,51,2025-08-31 20:24:32.002181,1.0543,1.13
"2904010",18,0,1,0,1,0,1,132.716415601933,1,751.280029296875,0,0,125.486396789551,-94.1635,25.5779,31.7904323109722,51,51,51,51,51,51,0,8039,1.18613289235474,26,-94,0.0073,51,2025-08-31 20:24:32.002181,1.0543,1.13
"2904010",18,0,1,0,1,0,1,141.504790103165,1,801.869995117188,0,0,133.796005249023,-94.1635,25.5779,31.7904323109722,51,51,51,51,51,51,0,8039,1.18613289235474,26,-94,0.0073,51,2025-08-31 20:24:32.002181,1.0543,1.13
"2904010",18,0,1,0,1,0,1,149.117297901119,1,851.340026855469,0,0,140.993804931641,-94.1635,25.5779,31.7904323109722,51,51,51,51,51,51,0,8039,1.18613289235474,26,-94,0.0073,51,2025-08-31 20:24:32.002181,1.0543,1.13
"2904010",18,0,1,0.0073,1,0.0073,1,156.422039068344,1,900.940002441406,0.00730000017210841,0,147.900604248047,-94.1635,25.5779,31.7904323109722,51,51,51,51,51,51,0,8039,1.18613289235474,26,-94,0.0073,51,2025-08-31 20:24:32.002181,1.0543,1.13
"2904010",18,0,1,0,1,0,1,163.219338888147,1,951.330017089844,0,0,154.327606201172,-94.1635,25.5779,31.7904323109722,51,51,51,51,51,51,0,8039,1.18613289235474,26,-94,0.0073,51,2025-08-31 20:24:32.002181,1.0543,1.13
"2904010",18,0,1,0.0073,1,0.0073,1,169.314799749823,1,999.330017089844,0.00730000017210841,0,160.091003417969,-94.1635,25.5779,31.7904323109722,51,51,51,51,51,51,0,8039,1.18613289235474,26,-94,0.0073,51,2025-08-31 20:24:32.002181,1.0543,1.13
"2904010",18,0,1,0,1,0,1,183.383628858814,1,1100.07995605469,0,0,173.393402099609,-94.1635,25.5779,31.7904323109722,51,51,51,51,51,51,0,8039,1.18613289235474,26,-94,0.0073,51,2025-08-31 20:24:32.002181,1.0543,1.13
"2904010",18,0,1,0.0073,1,0.0073,1,193.512832073669,1,1199.57995605469,0.00730000017210841,0,182.970794677734,-94.1635,25.5779,31.7904323109722,51,51,51,51,51,51,0,8039,1.18613289235474,26,-94,0.0073,51,2025-08-31 20:24:32.002181,1.0543,1.13
"2904010",18,0,4,-0.0073,1,-0.0073,1,199.06733308905,1,1299.51000976562,-0.00730000017210841,0,188.222702026367,-94.1635,25.5779,31.7904323109722,51,51,51,51,51,51,0,8039,1.18613289235474,26,-94,0.0073,51,2025-08-31 20:24:32.002181,1.0543,1.13
"2904010",18,0,1,0.0073,1,0.0073,1,203.528456475296,1,1397.03002929688,0.00730000017210841,0,192.440795898438,-94.1635,25.5779,31.7904323109722,51,51,51,51,51,51,0,8039,1.18613289235474,26,-94,0.0073,51,2025-08-31 20:24:32.002181,1.0543,1.13
"2904010",18,0,1,0.0073,1,0.0073,1,206.389729161314,4,1498.98999023438,0.00730000017210841,0,195.146194458008,-94.1635,25.5779,31.7904323109722,51,51,51,51,51,51,0,8039,1.18613289235474,26,-94,0.0073,51,2025-08-31 20:24:32.002181,1.0543,1.13
"2904010",19,0.0184633611808231,1,0.0219,1,0.0219,1,191.752779932924,1,7.73999977111816,0.0219000000506639,0.0292000006884336,181.277099609375,-93.7958,25.7168,33.7768329880459,51,51,51,51,51,51,0.0219,8039,1.18613289235474,26,-94,0.0073,51,2025-09-06 03:09:27.000335,1.0543,1.13
"2904010",19,0.0307722686347052,1,0.0365,1,0.0365,1,192.090327616287,1,11.3699998855591,0.0364999994635582,0.0438000001013279,181.596206665039,-93.7958,25.7168,33.7768329880459,51,51,51,51,51,51,0.0365,8039,1.18613289235474,26,-94,0.0073,51,2025-09-06 03:09:27.000335,1.0543,1.13
"2904010",19,0.0307722686347052,1,0.0365,1,0.0365,1,192.054350291837,1,16.6800003051758,0.0364999994635582,0.0438000001013279,181.562194824219,-93.7958,25.7168,33.7768329880459,51,51,51,51,51,51,0.0365,8039,1.18613289235474,26,-94,0.0073,51,2025-09-06 03:09:27.000335,1.0543,1.13
"2904010",19,0.0246178149077642,4,0.0292,1,0.0292,1,192.176534386087,1,21.3400001525879,0.0292000006884336,0.0364999994635582,181.677703857422,-93.7958,25.7168,33.7768329880459,51,51,51,51,51,51,0.0292,8039,1.18613289235474,26,-94,0.0073,51,2025-09-06 03:09:27.000335,1.0543,1.13
"2904010",19,0.0307722686347052,1,0.0365,1,0.0365,1,192.472390984185,1,26.6200008392334,0.0364999994635582,0.0438000001013279,181.957397460938,-93.7958,25.7168,33.7768329880459,51,51,51,51,51,51,0.0365,8039,1.18613289235474,26,-94,0.0073,51,2025-09-06 03:09:27.000335,1.0543,1.13
"2904010",19,0.0430811760885873,1,0.0511,1,0.0511,1,193.51516847337,1,31.8299999237061,0.0511000007390976,0.0584000013768673,182.943206787109,-93.7958,25.7168,33.7768329880459,51,51,51,51,51,51,0.0511,8039,1.18613289235474,26,-94,0.0073,51,2025-09-06 03:09:27.000335,1.0543,1.13
"2904010",19,0.0430811760885873,1,0.0511,1,0.0511,1,204.209617817682,1,36.8899993896484,0.0511000007390976,0.0584000013768673,193.053405761719,-93.7958,25.7168,33.7768329880459,51,51,51,51,51,51,0.0511,8039,1.18613289235474,26,-94,0.0073,51,2025-09-06 03:09:27.000335,1.0543,1.13
"2904010",19,0.0615445372694104,1,0.073,1,0.073,1,215.277995683988,1,41.7099990844727,0.0729999989271164,0.0803000032901764,203.517105102539,-93.7958,25.7168,33.7768329880459,51,51,51,51,51,51,0.073,8039,1.18613289235474,26,-94,0.0073,51,2025-09-06 03:09:27.000335,1.0543,1.13
"2904010",19,0.0615445372694104,1,0.073,1,0.073,1,222.016521114436,1,46.6599998474121,0.0729999989271164,0.0803000032901764,209.887496948242,-93.7958,25.7168,33.7768329880459,51,51,51,51,51,51,0.073,8039,1.18613289235474,26,-94,0.0073,51,2025-09-06 03:09:27.000335,1.0543,1.13
"2904010",19,0.0738534447232925,1,0.0876,1,0.0876,1,220.197979540451,1,51.9500007629395,0.0876000002026558,0.0948999971151352,208.168304443359,-93.7958,25.7168,33.7768329880459,51,51,51,51,51,51,0.0876,8039,1.18613289235474,26,-94,0.0073,51,2025-09-06 03:09:27.000335,1.0543,1.13
"2904010",19,0.0861623521771745,1,0.1022,1,0.1022,1,216.114270755493,1,56.9500007629395,0.102200001478195,0.109499998390675,204.307693481445,-93.7958,25.7168,33.7768329880459,51,51,51,51,51,51,0.1022,8039,1.18613289235474,26,-94,0.0073,51,2025-09-06 03:09:27.000335,1.0543,1.13
"2904010",19,0.0984712596310566,1,0.1168,1,0.1168,1,212.8835748103,1,61.8199996948242,0.116800002753735,0.124099999666214,201.253494262695,-93.7958,25.7168,33.7768329880459,51,51,51,51,51,51,0.1168,8039,1.18613289235474,26,-94,0.0073,51,2025-09-06 03:09:27.000335,1.0543,1.13
"2904010",19,0.0984712596310566,1,0.1168,1,0.1168,1,208.646288527748,1,66.5999984741211,0.116800002753735,0.124099999666214,197.247695922852,-93.7958,25.7168,33.7768329880459,51,51,51,51,51,51,0.1168,8039,1.18613289235474,26,-94,0.0073,51,2025-09-06 03:09:27.000335,1.0543,1.13
"2904010",19,0.110780167084939,1,0.1314,1,0.1314,1,207.233617658388,1,71.0899963378906,0.131400004029274,0.138699993491173,195.912200927734,-93.7958,25.7168,33.7768329880459,51,51,51,51,51,51,0.1314,8039,1.18613289235474,26,-94,0.0073,51,2025-09-06 03:09:27.000335,1.0543,1.13
"2904010",19,0.153861343173526,1,0.1825,1,0.1825,1,199.615737982386,1,76.8199996948242,0.182500004768372,0.18979999423027,188.710494995117,-93.7958,25.7168,33.7768329880459,51,51,51,51,51,51,0.1825,8039,1.18613289235474,26,-94,0.0073,51,2025-09-06 03:09:27.000335,1.0543,1.13
"2904010",19,0.270795963985406,1,0.3212,1,0.3212,1,189.245923867618,1,81.629997253418,0.321200013160706,0.328500002622604,178.907196044922,-93.7958,25.7168,33.7768329880459,51,51,51,51,51,51,0.3212,8039,1.18613289235474,26,-94,0.0073,51,2025-09-06 03:09:27.000335,1.0543,1.13
"2904010",19,0.406193945978109,1,0.4818,1,0.4818,1,185.892204518677,1,86.9700012207031,0.481799989938736,0.489100009202957,175.736694335938,-93.7958,25.7168,33.7768329880459,51,51,51,51,51,51,0.4818,8039,1.18613289235474,26,-94,0.0073,51,2025-09-06 03:09:27.000335,1.0543,1.13
"2904010",19,0.504665205609165,1,0.5986,1,0.5986,1,188.89675497582,1,91.5999984741211,0.598599970340729,0.60589998960495,178.577102661133,-93.7958,25.7168,33.7768329880459,51,51,51,51,51,51,0.5986,8039,1.18613289235474,26,-94,0.0073,51,2025-09-06 03:09:27.000335,1.0543,1.13
"2904010",19,0.381576131070344,1,0.4526,1,0.4526,1,189.116880032277,1,96.4899978637695,0.452600002288818,0.459899991750717,178.785202026367,-93.7958,25.7168,33.7768329880459,51,51,51,51,51,51,0.4526,8039,1.18613289235474,26,-94,0.0073,51,2025-09-06 03:09:27.000335,1.0543,1.13
"2904010",19,0.276950417712347,1,0.3285,1,0.3285,1,183.685143349884,1,101.650001525879,0.328500002622604,0.335799992084503,173.650207519531,-93.7958,25.7168,33.7768329880459,51,51,51,51,51,51,0.3285,8039,1.18613289235474,26,-94,0.0073,51,2025-09-06 03:09:27.000335,1.0543,1.13
"2904010",19,0.215405880442936,1,0.2555,1,0.2555,1,167.237792315597,1,111.559997558594,0.255499988794327,0.262800008058548,158.10139465332,-93.7958,25.7168,33.7768329880459,51,51,51,51,51,51,0.2555,8039,1.18613289235474,26,-94,0.0073,51,2025-09-06 03:09:27.000335,1.0543,1.13
"2904010",19,0.172324704354349,1,0.2044,1,0.2044,1,147.931898395712,1,121.949996948242,0.20440000295639,0.21170000731945,139.850204467773,-93.7958,25.7168,33.7768329880459,51,51,51,51,51,51,0.2044,8039,1.18613289235474,26,-94,0.0073,51,2025-09-06 03:09:27.000335,1.0543,1.13
"2904010",19,0.11693462081188,1,0.1387,1,0.1387,1,135.643890844621,1,131.520004272461,0.138699993491173,0.145999997854233,128.233505249023,-93.7958,25.7168,33.7768329880459,51,51,51,51,51,51,0.1387,8039,1.18613289235474,26,-94,0.0073,51,2025-09-06 03:09:27.000335,1.0543,1.13
"2904010",19,0.0984712596310566,1,0.1168,1,0.1168,1,127.598665439238,1,141.869995117188,0.116800002753735,0.124099999666214,120.627799987793,-93.7958,25.7168,33.7768329880459,51,51,51,51,51,51,0.1168,8039,1.18613289235474,26,-94,0.0073,51,2025-09-06 03:09:27.000335,1.0543,1.13
"2904010",19,0.0800078984502335,1,0.0949,1,0.0949,1,127.910606112623,1,151.520004272461,0.0948999971151352,0.102200001478195,120.922698974609,-93.7958,25.7168,33.7768329880459,51,51,51,51,51,51,0.0949,8039,1.18613289235474,26,-94,0.0073,51,2025-09-06 03:09:27.000335,1.0543,1.13
"2904010",19,0.0553900835424693,1,0.0657,1,0.0657,1,122.907796935204,1,161.289993286133,0.065700002014637,0.0729999989271164,116.193199157715,-93.7958,25.7168,33.7768329880459,51,51,51,51,51,51,0.0657,8039,1.18613289235474,26,-94,0.0073,51,2025-09-06 03:09:27.000335,1.0543,1.13
"2904010",19,0.0430811760885873,1,0.0511,1,0.0511,1,126.101474489357,1,171.289993286133,0.0511000007390976,0.0584000013768673,119.21240234375,-93.7958,25.7168,33.7768329880459,51,51,51,51,51,51,0.0511,8039,1.18613289235474,26,-94,0.0073,51,2025-09-06 03:09:27.000335,1.0543,1.13
"2904010",19,0.0184633611808231,1,0.0219,1,0.0219,1,128.86547400216,1,181.509994506836,0.0219000000506639,0.0292000006884336,121.825401306152,-93.7958,25.7168,33.7768329880459,51,51,51,51,51,51,0.0219,8039,1.18613289235474,26,-94,0.0073,51,2025-09-06 03:09:27.000335,1.0543,1.13
"2904010",19,0,1,-0.0073,1,-0.0073,1,138.334265159811,1,191.839996337891,-0.00730000017210841,0,130.776901245117,-93.7958,25.7168,33.7768329880459,51,51,51,51,51,51,0,8039,1.18613289235474,26,-94,0.0073,51,2025-09-06 03:09:27.000335,1.0543,1.13
"2904010",19,0,1,-0.0073,1,-0.0073,1,137.122673477527,1,201.809997558594,-0.00730000017210841,0,129.631500244141,-93.7958,25.7168,33.7768329880459,51,51,51,51,51,51,0,8039,1.18613289235474,26,-94,0.0073,51,2025-09-06 03:09:27.000335,1.0543,1.13
"2904010",19,0,1,-0.0073,1,-0.0073,1,132.003192209581,1,211.210006713867,-0.00730000017210841,0,124.791702270508,-93.7958,25.7168,33.7768329880459,51,51,51,51,51,51,0,8039,1.18613289235474,26,-94,0.0073,51,2025-09-06 03:09:27.000335,1.0543,1.13
"2904010",19,0,1,0,1,0,1,128.601026947973,1,221.210006713867,0,0,121.575401306152,-93.7958,25.7168,33.7768329880459,51,51,51,51,51,51,0,8039,1.18613289235474,26,-94,0.0073,51,2025-09-06 03:09:27.000335,1.0543,1.13
"2904010",19,0,1,-0.0073,1,-0.0073,1,125.164587191762,1,230.889999389648,-0.00730000017210841,0,118.326698303223,-93.7958,25.7168,33.7768329880459,51,51,51,51,51,51,0,8039,1.18613289235474,26,-94,0.0073,51,2025-09-06 03:09:27.000335,1.0543,1.13
"2904010",19,0,1,-0.0073,1,-0.0073,1,124.410177077462,1,240.910003662109,-0.00730000017210841,0,117.613502502441,-93.7958,25.7168,33.7768329880459,51,51,51,51,51,51,0,8039,1.18613289235474,26,-94,0.0073,51,2025-09-06 03:09:27.000335,1.0543,1.13
"2904010",19,0,1,0,1,0,1,121.536373285508,1,251.089996337891,0,0,114.896697998047,-93.7958,25.7168,33.7768329880459,51,51,51,51,51,51,0,8039,1.18613289235474,26,-94,0.0073,51,2025-09-06 03:09:27.000335,1.0543,1.13
"2904010",19,0,1,-0.0073,1,-0.0073,1,119.440157462456,1,261.269989013672,-0.00730000017210841,0,112.915000915527,-93.7958,25.7168,33.7768329880459,51,51,51,51,51,51,0,8039,1.18613289235474,26,-94,0.0073,51,2025-09-06 03:09:27.000335,1.0543,1.13
"2904010",19,0,1,-0.0073,1,-0.0073,1,117.569562559018,1,271.75,-0.00730000017210841,0,111.146598815918,-93.7958,25.7168,33.7768329880459,51,51,51,51,51,51,0,8039,1.18613289235474,26,-94,0.0073,51,2025-09-06 03:09:27.000335,1.0543,1.13
"2904010",19,0,1,-0.0073,1,-0.0073,1,116.654787838585,1,281.350006103516,-0.00730000017210841,0,110.281799316406,-93.7958,25.7168,33.7768329880459,51,51,51,51,51,51,0,8039,1.18613289235474,26,-94,0.0073,51,2025-09-06 03:09:27.000335,1.0543,1.13
"2904010",19,0,1,-0.0073,1,-0.0073,1,115.994622496587,1,290.950012207031,-0.00730000017210841,0,109.657699584961,-93.7958,25.7168,33.7768329880459,51,51,51,51,51,51,0,8039,1.18613289235474,26,-94,0.0073,51,2025-09-06 03:09:27.000335,1.0543,1.13
"2904010",19,0,1,0,1,0,1,114.953128182501,1,299.820007324219,0,0,108.67310333252,-93.7958,25.7168,33.7768329880459,51,51,51,51,51,51,0,8039,1.18613289235474,26,-94,0.0073,51,2025-09-06 03:09:27.000335,1.0543,1.13
"2904010",19,0,1,-0.0073,1,-0.0073,1,113.981756562929,1,311.890014648438,-0.00730000017210841,0,107.75479888916,-93.7958,25.7168,33.7768329880459,51,51,51,51,51,51,0,8039,1.18613289235474,26,-94,0.0073,51,2025-09-06 03:09:27.000335,1.0543,1.13
"2904010",19,0,1,-0.0073,1,-0.0073,1,113.293563125863,1,321.779998779297,-0.00730000017210841,0,107.104202270508,-93.7958,25.7168,33.7768329880459,51,51,51,51,51,51,0,8039,1.18613289235474,26,-94,0.0073,51,2025-09-06 03:09:27.000335,1.0543,1.13
"2904010",19,0,1,-0.0073,1,-0.0073,1,112.600495237481,1,331.190002441406,-0.00730000017210841,0,106.448997497559,-93.7958,25.7168,33.7768329880459,51,51,51,51,51,51,0,8039,1.18613289235474,26,-94,0.0073,51,2025-09-06 03:09:27.000335,1.0543,1.13
"2904010",19,0,1,-0.0073,1,-0.0073,1,112.405121740935,1,341.850006103516,-0.00730000017210841,0,106.264297485352,-93.7958,25.7168,33.7768329880459,51,51,51,51,51,51,0,8039,1.18613289235474,26,-94,0.0073,51,2025-09-06 03:09:27.000335,1.0543,1.13
"2904010",19,0,1,0,1,0,1,111.843542983835,1,351.670013427734,0,0,105.7333984375,-93.7958,25.7168,33.7768329880459,51,51,51,51,51,51,0,8039,1.18613289235474,26,-94,0.0073,51,2025-09-06 03:09:27.000335,1.0543,1.13
"2904010",19,0,1,0,1,0,1,111.502089283193,1,361.529998779297,0,0,105.410598754883,-93.7958,25.7168,33.7768329880459,51,51,51,51,51,51,0,8039,1.18613289235474,26,-94,0.0073,51,2025-09-06 03:09:27.000335,1.0543,1.13
"2904010",19,0,1,0,1,0,1,111.179891279307,1,381.279998779297,0,0,105.106002807617,-93.7958,25.7168,33.7768329880459,51,51,51,51,51,51,0,8039,1.18613289235474,26,-94,0.0073,51,2025-09-06 03:09:27.000335,1.0543,1.13
"2904010",19,0,1,0,1,0,1,110.500365326866,1,401.040008544922,0,0,104.463600158691,-93.7958,25.7168,33.7768329880459,51,51,51,51,51,51,0,8039,1.18613289235474,26,-94,0.0073,51,2025-09-06 03:09:27.000335,1.0543,1.13
"2904010",19,0,4,-0.0073,1,-0.0073,1,109.661435132045,1,451.220001220703,-0.00730000017210841,0,103.670501708984,-93.7958,25.7168,33.7768329880459,51,51,51,51,51,51,0,8039,1.18613289235474,26,-94,0.0073,51,2025-09-06 03:09:27.000335,1.0543,1.13
"2904010",19,0,1,0,1,0,1,109.911283043134,1,501.279998779297,0,0,103.906700134277,-93.7958,25.7168,33.7768329880459,51,51,51,51,51,51,0,8039,1.18613289235474,26,-94,0.0073,51,2025-09-06 03:09:27.000335,1.0543,1.13
"2904010",19,0,1,0,1,0,1,111.929862737607,1,551.72998046875,0,0,105.815002441406,-93.7958,25.7168,33.7768329880459,51,51,51,51,51,51,0,8039,1.18613289235474,26,-94,0.0073,51,2025-09-06 03:09:27.000335,1.0543,1.13
"2904010",19,0,1,0,1,0,1,115.05298180193,1,601.609985351562,0,0,108.767501831055,-93.7958,25.7168,33.7768329880459,51,51,51,51,51,51,0,8039,1.18613289235474,26,-94,0.0073,51,2025-09-06 03:09:27.000335,1.0543,1.13
"2904010",19,0,1,0,1,0,1,120.277287984026,1,651.400024414062,0,0,113.706398010254,-93.7958,25.7168,33.7768329880459,51,51,51,51,51,51,0,8039,1.18613289235474,26,-94,0.0073,51,2025-09-06 03:09:27.000335,1.0543,1.13
"2904010",19,0,1,0,1,0,1,127.93789981188,1,701.510009765625,0,0,120.948501586914,-93.7958,25.7168,33.7768329880459,51,51,51,51,51,51,0,8039,1.18613289235474,26,-94,0.0073,51,2025-09-06 03:09:27.000335,1.0543,1.13
"2904010",19,0,1,0,1,0,1,136.726422550996,1,751.369995117188,0,0,129.256896972656,-93.7958,25.7168,33.7768329880459,51,51,51,51,51,51,0,8039,1.18613289235474,26,-94,0.0073,51,2025-09-06 03:09:27.000335,1.0543,1.13
"2904010",19,0,1,0,1,0,1,143.933976725805,1,799.010009765625,0,0,136.070693969727,-93.7958,25.7168,33.7768329880459,51,51,51,51,51,51,0,8039,1.18613289235474,26,-94,0.0073,51,2025-09-06 03:09:27.000335,1.0543,1.13
"2904010",19,0,1,0,1,0,1,153.251199886487,1,851.909973144531,0,0,144.87890625,-93.7958,25.7168,33.7768329880459,51,51,51,51,51,51,0,8039,1.18613289235474,26,-94,0.0073,51,2025-09-06 03:09:27.000335,1.0543,1.13
"2904010",19,0,1,0.0073,1,0.0073,1,159.611148311567,1,901.890014648438,0.00730000017210841,0,150.891403198242,-93.7958,25.7168,33.7768329880459,51,51,51,51,51,51,0,8039,1.18613289235474,26,-94,0.0073,51,2025-09-06 03:09:27.000335,1.0543,1.13
"2904010",19,0,1,0,1,0,1,166.596043360857,1,951.539978027344,0,0,157.494705200195,-93.7958,25.7168,33.7768329880459,51,51,51,51,51,51,0,8039,1.18613289235474,26,-94,0.0073,51,2025-09-06 03:09:27.000335,1.0543,1.13
"2904010",19,0,1,0,1,0,1,173.964373726264,1,999.739990234375,0,0,164.460494995117,-93.7958,25.7168,33.7768329880459,51,51,51,51,51,51,0,8039,1.18613289235474,26,-94,0.0073,51,2025-09-06 03:09:27.000335,1.0543,1.13
"2904010",19,0,4,-0.0073,1,-0.0073,1,187.757295488676,1,1099.88000488281,-0.00730000017210841,0,177.499893188477,-93.7958,25.7168,33.7768329880459,51,51,51,51,51,51,0,8039,1.18613289235474,26,-94,0.0073,51,2025-09-06 03:09:27.000335,1.0543,1.13
"2904010",19,0,1,0.0073,1,0.0073,1,196.357441667158,1,1199.71997070312,0.00730000017210841,0,185.63020324707,-93.7958,25.7168,33.7768329880459,51,51,51,51,51,51,0,8039,1.18613289235474,26,-94,0.0073,51,2025-09-06 03:09:27.000335,1.0543,1.13
"2904010",19,0,1,0.0146,1,0.0146,1,201.577204279566,1,1299.48999023438,0.0146000003442168,0,190.564804077148,-93.7958,25.7168,33.7768329880459,51,51,51,51,51,51,0,8039,1.18613289235474,26,-94,0.0073,51,2025-09-06 03:09:27.000335,1.0543,1.13
"2904010",19,0,1,0.0073,1,0.0073,1,205.614250684541,1,1399.58996582031,0.00730000017210841,0,194.381301879883,-93.7958,25.7168,33.7768329880459,51,51,51,51,51,51,0,8039,1.18613289235474,26,-94,0.0073,51,2025-09-06 03:09:27.000335,1.0543,1.13
"2904010",19,0,1,0,1,0,1,207.774036131794,4,1499.05004882812,0,0,196.423095703125,-93.7958,25.7168,33.7768329880459,51,51,51,51,51,51,0,8039,1.18613289235474,26,-94,0.0073,51,2025-09-06 03:09:27.000335,1.0543,1.13
"2904010",20,0.270795963985406,1,0.3212,1,0.3212,1,203.585402550958,1,7.48000001907349,0.321200013160706,0.379599988460541,192.432006835938,-94.0898,25.8236,23.9422044945735,51,51,51,51,51,51,0.3212,8039,1.18613289235474,26,-94,0.0073,51,2025-09-11 09:41:43.001025,1.0543,1.13
"2904010",20,0.276950417712347,1,0.3285,1,0.3285,1,203.79455373846,1,11.8299999237061,0.328500002622604,0.379599988460541,192.629699707031,-94.0898,25.8236,23.9422044945735,51,51,51,51,51,51,0.3285,8039,1.18613289235474,26,-94,0.0073,51,2025-09-11 09:41:43.001025,1.0543,1.13
"2904010",20,0.313877140073993,1,0.3723,1,0.3723,1,204.206414980103,1,16.5900001525879,0.372299998998642,0.379599988460541,193.018997192383,-94.0898,25.8236,23.9422044945735,51,51,51,51,51,51,0.3723,8039,1.18613289235474,26,-94,0.0073,51,2025-09-11 09:41:43.001025,1.0543,1.13
"2904010",20,0.313877140073993,1,0.3723,1,0.3723,1,205.166628146496,1,21.8600006103516,0.372299998998642,0.379599988460541,193.926605224609,-94.0898,25.8236,23.9422044945735,51,51,51,51,51,51,0.3723,8039,1.18613289235474,26,-94,0.0073,51,2025-09-11 09:41:43.001025,1.0543,1.13
"2904010",20,0.307722686347052,1,0.365,1,0.365,1,205.201432867109,1,26.3999996185303,0.365000009536743,0.372299998998642,193.959503173828,-94.0898,25.8236,23.9422044945735,51,51,51,51,51,51,0.365,8039,1.18613289235474,26,-94,0.0073,51,2025-09-11 09:41:43.001025,1.0543,1.13
"2904010",20,0.344649408708698,1,0.4088,1,0.4088,1,205.092982907427,1,31.8700008392334,0.408800005912781,0.41609999537468,193.856994628906,-94.0898,25.8236,23.9422044945735,51,51,51,51,51,51,0.4088,8039,1.18613289235474,26,-94,0.0073,51,2025-09-11 09:41:43.001025,1.0543,1.13
"2904010",20,0.320031593800934,4,0.3796,1,0.3796,1,204.481268956516,1,36.1199989318848,0.379599988460541,0.386900007724762,193.278793334961,-94.0898,25.8236,23.9422044945735,51,51,51,51,51,51,0.3796,8039,1.18613289235474,26,-94,0.0073,51,2025-09-11 09:41:43.001025,1.0543,1.13
"2904010",20,0.547746381697752,1,0.6497,1,0.6497,1,203.949334657398,1,41.7099990844727,0.649699985980988,0.657000005245209,192.776000976562,-94.0898,25.8236,23.9422044945735,51,51,51,51,51,51,0.6497,8039,1.18613289235474,26,-94,0.0073,51,2025-09-11 09:41:43.001025,1.0543,1.13
"2904010",20,0.418502853431991,4,0.4964,1,0.4964,1,189.349803667953,1,46.6699981689453,0.496399998664856,0.503700017929077,178.976303100586,-94.0898,25.8236,23.9422044945735,51,51,51,51,51,51,0.4964,8039,1.18613289235474,26,-94,0.0073,51,2025-09-11 09:41:43.001025,1.0543,1.13
"2904010",20,0.547746381697752,1,0.6497,1,0.6497,1,197.845432565219,1,51.7799987792969,0.649699985980988,0.657000005245209,187.006500244141,-94.0898,25.8236,23.9422044945735,51,51,51,51,51,51,0.6497,8039,1.18613289235474,26,-94,0.0073,51,2025-09-11 09:41:43.001025,1.0543,1.13
"2904010",20,0.467738483247519,1,0.5548,1,0.5548,1,210.772125348051,1,56.8499984741211,0.554799973964691,0.562099993228912,199.225006103516,-94.0898,25.8236,23.9422044945735,51,51,51,51,51,51,0.5548,8039,1.18613289235474,26,-94,0.0073,51,2025-09-11 09:41:43.001025,1.0543,1.13
"2904010",20,0.283104871439288,1,0.3358,1,0.3358,1,214.038990700965,1,61.7400016784668,0.335799992084503,0.343100011348724,202.312896728516,-94.0898,25.8236,23.9422044945735,51,51,51,51,51,51,0.3358,8039,1.18613289235474,26,-94,0.0073,51,2025-09-11 09:41:43.001025,1.0543,1.13
"2904010",20,0.258487056531524,1,0.3066,1,0.3066,1,212.685545535779,1,66.8300018310547,0.306600004434586,0.313899993896484,201.033599853516,-94.0898,25.8236,23.9422044945735,51,51,51,51,51,51,0.3066,8039,1.18613289235474,26,-94,0.0073,51,2025-09-11 09:41:43.001025,1.0543,1.13
"2904010",20,0.227714787896818,4,0.2701,1,0.2701,1,206.549486206374,1,71.9300003051758,0.270099997520447,0.277399986982346,195.233703613281,-94.0898,25.8236,23.9422044945735,51,51,51,51,51,51,0.2701,8039,1.18613289235474,26,-94,0.0073,51,2025-09-11 09:41:43.001025,1.0543,1.13
"2904010",20,0.166170250627408,4,0.1971,1,0.1971,1,190.485832331651,1,76.9400024414062,0.19709999859333,0.20440000295639,180.050094604492,-94.0898,25.8236,23.9422044945735,51,51,51,51,51,51,0.1971,8039,1.18613289235474,26,-94,0.0073,51,2025-09-11 09:41:43.001025,1.0543,1.13
"2904010",20,0.289259325166229,1,0.3431,1,0.3431,1,160.058580209484,1,81.9400024414062,0.343100011348724,0.350400000810623,151.289794921875,-94.0898,25.8236,23.9422044945735,51,51,51,51,51,51,0.3431,8039,1.18613289235474,26,-94,0.0073,51,2025-09-11 09:41:43.001025,1.0543,1.13
"2904010",20,0.252332602804583,1,0.2993,1,0.2993,1,149.905981862731,1,86.6699981689453,0.299299985170364,0.306600004434586,141.693405151367,-94.0898,25.8236,23.9422044945735,51,51,51,51,51,51,0.2993,8039,1.18613289235474,26,-94,0.0073,51,2025-09-11 09:41:43.001025,1.0543,1.13
"2904010",20,0.215405880442936,1,0.2555,1,0.2555,1,141.483772199856,1,91.9199981689453,0.255499988794327,0.262800008058548,133.732604980469,-94.0898,25.8236,23.9422044945735,51,51,51,51,51,51,0.2555,8039,1.18613289235474,26,-94,0.0073,51,2025-09-11 09:41:43.001025,1.0543,1.13
"2904010",20,0.166170250627408,1,0.1971,1,0.1971,1,145.300991233251,1,96.6600036621094,0.19709999859333,0.20440000295639,137.340698242188,-94.0898,25.8236,23.9422044945735,51,51,51,51,51,51,0.1971,8039,1.18613289235474,26,-94,0.0073,51,2025-09-11 09:41:43.001025,1.0543,1.13
"2904010",20,0.172324704354349,1,0.2044,1,0.2044,1,148.394995292882,1,101.900001525879,0.20440000295639,0.21170000731945,140.265197753906,-94.0898,25.8236,23.9422044945735,51,51,51,51,51,51,0.2044,8039,1.18613289235474,26,-94,0.0073,51,2025-09-11 09:41:43.001025,1.0543,1.13
"2904010",20,0.166170250627408,1,0.1971,1,0.1971,1,143.237019642725,1,111.610000610352,0.19709999859333,0.20440000295639,135.389801025391,-94.0898,25.8236,23.9422044945735,51,51,51,51,51,51,0.1971,8039,1.18613289235474,26,-94,0.0073,51,2025-09-11 09:41:43.001025,1.0543,1.13
"2904010",20,0.17847915808129,1,0.2117,1,0.2117,1,139.650212379878,1,121.680000305176,0.21170000731945,0.218999996781349,131.999496459961,-94.0898,25.8236,23.9422044945735,51,51,51,51,51,51,0.2117,8039,1.18613289235474,26,-94,0.0073,51,2025-09-11 09:41:43.001025,1.0543,1.13
"2904010",20,0.123089074538821,1,0.146,1,0.146,1,133.499761395359,1,131.539993286133,0.145999997854233,0.153300002217293,126.185997009277,-94.0898,25.8236,23.9422044945735,51,51,51,51,51,51,0.146,8039,1.18613289235474,26,-94,0.0073,51,2025-09-11 09:41:43.001025,1.0543,1.13
"2904010",20,0.0923168059041156,1,0.1095,1,0.1095,1,132.668952051057,1,141.649993896484,0.109499998390675,0.116800002753735,125.400703430176,-94.0898,25.8236,23.9422044945735,51,51,51,51,51,51,0.1095,8039,1.18613289235474,26,-94,0.0073,51,2025-09-11 09:41:43.001025,1.0543,1.13
"2904010",20,0.0492356298155283,1,0.0584,1,0.0584,1,131.184311169537,1,151.330001831055,0.0584000013768673,0.065700002014637,123.997398376465,-94.0898,25.8236,23.9422044945735,51,51,51,51,51,51,0.0584,8039,1.18613289235474,26,-94,0.0073,51,2025-09-11 09:41:43.001025,1.0543,1.13
"2904010",20,0.0430811760885873,1,0.0511,1,0.0511,1,129.039510619779,1,161.710006713867,0.0511000007390976,0.0584000013768673,121.970100402832,-94.0898,25.8236,23.9422044945735,51,51,51,51,51,51,0.0511,8039,1.18613289235474,26,-94,0.0073,51,2025-09-11 09:41:43.001025,1.0543,1.13
"2904010",20,0.0184633611808231,1,0.0219,1,0.0219,1,127.985255292009,1,171.179992675781,0.0219000000506639,0.0292000006884336,120.973602294922,-94.0898,25.8236,23.9422044945735,51,51,51,51,51,51,0.0219,8039,1.18613289235474,26,-94,0.0073,51,2025-09-11 09:41:43.001025,1.0543,1.13
"2904010",20,0,1,0,1,0,1,127.206491596712,1,181.75,0,0.00730000017210841,120.237503051758,-94.0898,25.8236,23.9422044945735,51,51,51,51,51,51,0,8039,1.18613289235474,26,-94,0.0073,51,2025-09-11 09:41:43.001025,1.0543,1.13
"2904010",20,0,1,-0.0073,1,-0.0073,1,125.949945937777,1,191.630004882812,-0.00730000017210841,0,119.049797058105,-94.0898,25.8236,23.9422044945735,51,51,51,51,51,51,0,8039,1.18613289235474,26,-94,0.0073,51,2025-09-11 09:41:43.001025,1.0543,1.13
"2904010",20,0,1,-0.0073,1,-0.0073,1,122.851502500517,1,201.080001831055,-0.00730000017210841,0,116.121101379395,-94.0898,25.8236,23.9422044945735,51,51,51,51,51,51,0,8039,1.18613289235474,26,-94,0.0073,51,2025-09-11 09:41:43.001025,1.0543,1.13
"2904010",20,0,1,-0.0073,1,-0.0073,1,121.46736912852,1,211.820007324219,-0.00730000017210841,0,114.812797546387,-94.0898,25.8236,23.9422044945735,51,51,51,51,51,51,0,8039,1.18613289235474,26,-94,0.0073,51,2025-09-11 09:41:43.001025,1.0543,1.13
"2904010",20,0,1,0,1,0,1,121.170616913002,1,220.839996337891,0,0,114.532302856445,-94.0898,25.8236,23.9422044945735,51,51,51,51,51,51,0,8039,1.18613289235474,26,-94,0.0073,51,2025-09-11 09:41:43.001025,1.0543,1.13
"2904010",20,0,1,0,1,0,1,120.118686204792,1,231.199996948242,0,0,113.53800201416,-94.0898,25.8236,23.9422044945735,51,51,51,51,51,51,0,8039,1.18613289235474,26,-94,0.0073,51,2025-09-11 09:41:43.001025,1.0543,1.13
"2904010",20,0,1,-0.0073,1,-0.0073,1,120.585353581165,1,241.809997558594,-0.00730000017210841,0,113.979103088379,-94.0898,25.8236,23.9422044945735,51,51,51,51,51,51,0,8039,1.18613289235474,26,-94,0.0073,51,2025-09-11 09:41:43.001025,1.0543,1.13
"2904010",20,0,1,-0.0073,1,-0.0073,1,120.099217515989,1,251.389999389648,-0.00730000017210841,0,113.519599914551,-94.0898,25.8236,23.9422044945735,51,51,51,51,51,51,0,8039,1.18613289235474,26,-94,0.0073,51,2025-09-11 09:41:43.001025,1.0543,1.13
"2904010",20,0,1,0,1,0,1,119.079129252772,1,261.119995117188,0,0,112.555397033691,-94.0898,25.8236,23.9422044945735,51,51,51,51,51,51,0,8039,1.18613289235474,26,-94,0.0073,51,2025-09-11 09:41:43.001025,1.0543,1.13
"2904010",20,0,1,-0.0073,1,-0.0073,1,119.788921162904,1,270.859985351562,-0.00730000017210841,0,113.226303100586,-94.0898,25.8236,23.9422044945735,51,51,51,51,51,51,0,8039,1.18613289235474,26,-94,0.0073,51,2025-09-11 09:41:43.001025,1.0543,1.13
"2904010",20,0,1,0,1,0,1,119.887410773505,1,280.700012207031,0,0,113.319396972656,-94.0898,25.8236,23.9422044945735,51,51,51,51,51,51,0,8039,1.18613289235474,26,-94,0.0073,51,2025-09-11 09:41:43.001025,1.0543,1.13
"2904010",20,0,1,-0.0073,1,-0.0073,1,119.85620598457,1,288.769989013672,-0.00730000017210841,0,113.289901733398,-94.0898,25.8236,23.9422044945735,51,51,51,51,51,51,0,8039,1.18613289235474,26,-94,0.0073,51,2025-09-11 09:41:43.001025,1.0543,1.13
"2904010",20,0,1,0,1,0,1,116.440790984591,1,301.179992675781,0,0,110.061599731445,-94.0898,25.8236,23.9422044945735,51,51,51,51,51,51,0,8039,1.18613289235474,26,-94,0.0073,51,2025-09-11 09:41:43.001025,1.0543,1.13
"2904010",20,0,1,0,1,0,1,115.338081867898,1,311.920013427734,0,0,109.019302368164,-94.0898,25.8236,23.9422044945735,51,51,51,51,51,51,0,8039,1.18613289235474,26,-94,0.0073,51,2025-09-11 09:41:43.001025,1.0543,1.13
"2904010",20,0,1,0,1,0,1,117.445430213658,1,321.119995117188,0,0,111.011199951172,-94.0898,25.8236,23.9422044945735,51,51,51,51,51,51,0,8039,1.18613289235474,26,-94,0.0073,51,2025-09-11 09:41:43.001025,1.0543,1.13
"2904010",20,0,1,-0.0073,1,-0.0073,1,119.093311046398,1,331.369995117188,-0.00730000017210841,0,112.568801879883,-94.0898,25.8236,23.9422044945735,51,51,51,51,51,51,0,8039,1.18613289235474,26,-94,0.0073,51,2025-09-11 09:41:43.001025,1.0543,1.13
"2904010",20,0,1,-0.0073,1,-0.0073,1,118.005300305456,1,340.920013427734,-0.00730000017210841,0,111.540397644043,-94.0898,25.8236,23.9422044945735,51,51,51,51,51,51,0,8039,1.18613289235474,26,-94,0.0073,51,2025-09-11 09:41:43.001025,1.0543,1.13
"2904010",20,0,1,0,1,0,1,115.658855152187,1,351.619995117188,0,0,109.32250213623,-94.0898,25.8236,23.9422044945735,51,51,51,51,51,51,0,8039,1.18613289235474,26,-94,0.0073,51,2025-09-11 09:41:43.001025,1.0543,1.13
"2904010",20,0,1,-0.0073,1,-0.0073,1,112.792946315141,1,361.630004882812,-0.00730000017210841,0,106.61360168457,-94.0898,25.8236,23.9422044945735,51,51,51,51,51,51,0,8039,1.18613289235474,26,-94,0.0073,51,2025-09-11 09:41:43.001025,1.0543,1.13
"2904010",20,0,1,0,1,0,1,112.595208363944,1,381.700012207031,0,0,106.426696777344,-94.0898,25.8236,23.9422044945735,51,51,51,51,51,51,0,8039,1.18613289235474,26,-94,0.0073,51,2025-09-11 09:41:43.001025,1.0543,1.13
"2904010",20,0,1,0.0073,1,0.0073,1,111.542753002013,1,401.420013427734,0.00730000017210841,0,105.431900024414,-94.0898,25.8236,23.9422044945735,51,51,51,51,51,51,0,8039,1.18613289235474,26,-94,0.0073,51,2025-09-11 09:41:43.001025,1.0543,1.13
"2904010",20,0,1,-0.0073,1,-0.0073,1,112.259728632309,1,451.589996337891,-0.00730000017210841,0,106.109596252441,-94.0898,25.8236,23.9422044945735,51,51,51,51,51,51,0,8039,1.18613289235474,26,-94,0.0073,51,2025-09-11 09:41:43.001025,1.0543,1.13
"2904010",20,0,1,-0.0073,1,-0.0073,1,114.617611236669,1,501.730010986328,-0.00730000017210841,0,108.338302612305,-94.0898,25.8236,23.9422044945735,51,51,51,51,51,51,0,8039,1.18613289235474,26,-94,0.0073,51,2025-09-11 09:41:43.001025,1.0543,1.13
"2904010",20,0,1,0,1,0,1,118.461071027649,1,551.22998046875,0,0,111.971199035645,-94.0898,25.8236,23.9422044945735,51,51,51,51,51,51,0,8039,1.18613289235474,26,-94,0.0073,51,2025-09-11 09:41:43.001025,1.0543,1.13
"2904010",20,0,1,0,1,0,1,124.095238537093,1,601.390014648438,0,0,117.296699523926,-94.0898,25.8236,23.9422044945735,51,51,51,51,51,51,0,8039,1.18613289235474,26,-94,0.0073,51,2025-09-11 09:41:43.001025,1.0543,1.13
"2904010",20,0,1,-0.0073,1,-0.0073,1,130.708547104821,1,651.460021972656,-0.00730000017210841,0,123.547698974609,-94.0898,25.8236,23.9422044945735,51,51,51,51,51,51,0,8039,1.18613289235474,26,-94,0.0073,51,2025-09-11 09:41:43.001025,1.0543,1.13
"2904010",20,0,1,0.0073,1,0.0073,1,139.611388004613,1,701.119995117188,0.00730000017210841,0,131.962799072266,-94.0898,25.8236,23.9422044945735,51,51,51,51,51,51,0,8039,1.18613289235474,26,-94,0.0073,51,2025-09-11 09:41:43.001025,1.0543,1.13
"2904010",20,0,1,0,1,0,1,146.173288579396,1,751.090026855469,0,0,138.16520690918,-94.0898,25.8236,23.9422044945735,51,51,51,51,51,51,0,8039,1.18613289235474,26,-94,0.0073,51,2025-09-11 09:41:43.001025,1.0543,1.13
"2904010",20,0,1,0,1,0,1,153.911737228237,1,801.820007324219,0,0,145.479705810547,-94.0898,25.8236,23.9422044945735,51,51,51,51,51,51,0,8039,1.18613289235474,26,-94,0.0073,51,2025-09-11 09:41:43.001025,1.0543,1.13
"2904010",20,0,1,0,1,0,1,160.055513003122,1,851.760009765625,0,0,151.286895751953,-94.0898,25.8236,23.9422044945735,51,51,51,51,51,51,0,8039,1.18613289235474,26,-94,0.0073,51,2025-09-11 09:41:43.001025,1.0543,1.13
"2904010",20,0,1,-0.0073,1,-0.0073,1,165.85811857141,1,900.97998046875,-0.00730000017210841,0,156.771606445312,-94.0898,25.8236,23.9422044945735,51,51,51,51,51,51,0,8039,1.18613289235474,26,-94,0.0073,51,2025-09-11 09:41:43.001025,1.0543,1.13
"2904010",20,0,1,0,1,0,1,171.902872010378,1,951.179992675781,0,0,162.485198974609,-94.0898,25.8236,23.9422044945735,51,51,51,51,51,51,0,8039,1.18613289235474,26,-94,0.0073,51,2025-09-11 09:41:43.001025,1.0543,1.13
"2904010",20,0,1,0,1,0,1,180.915422038779,1,999.340026855469,0,0,171.003997802734,-94.0898,25.8236,23.9422044945735,51,51,51,51,51,51,0,8039,1.18613289235474,26,-94,0.0073,51,2025-09-11 09:41:43.001025,1.0543,1.13
"2904010",20,0,1,0.0073,1,0.0073,1,192.022309000688,1,1099.90002441406,0.00730000017210841,0,181.502395629883,-94.0898,25.8236,23.9422044945735,51,51,51,51,51,51,0,8039,1.18613289235474,26,-94,0.0073,51,2025-09-11 09:41:43.001025,1.0543,1.13
"2904010",20,0,1,-0.0073,1,-0.0073,1,199.654018868134,1,1199.02001953125,-0.00730000017210841,0,188.716003417969,-94.0898,25.8236,23.9422044945735,51,51,51,51,51,51,0,8039,1.18613289235474,26,-94,0.0073,51,2025-09-11 09:41:43.001025,1.0543,1.13
"2904010",20,0,1,-0.0073,1,-0.0073,1,204.387331725884,1,1299.69995117188,-0.00730000017210841,0,193.190002441406,-94.0898,25.8236,23.9422044945735,51,51,51,51,51,51,0,8039,1.18613289235474,26,-94,0.0073,51,2025-09-11 09:41:43.001025,1.0543,1.13
"2904010",20,0,1,0,1,0,1,207.142893778261,1,1400.25,0,0,195.79460144043,-94.0898,25.8236,23.9422044945735,51,51,51,51,51,51,0,8039,1.18613289235474,26,-94,0.0073,51,2025-09-11 09:41:43.001025,1.0543,1.13
"2904010",20,0,1,0.0073,1,0.0073,1,209.056217106841,1,1499.43005371094,0.00730000017210841,0,197.603103637695,-94.0898,25.8236,23.9422044945735,51,51,51,51,51,51,0,8039,1.18613289235474,26,-94,0.0073,51,2025-09-11 09:41:43.001025,1.0543,1.13
"2904010",21,0.209251426715995,5,0.2482,1,0.2482,1,200.013540577394,1,7.65999984741211,0.248199999332428,0.441183924674988,189.025100708008,-94.4757,25.7458,33.975433468744,51,51,51,51,51,51,0.2482,8039,1.18613289235474,26,-94,0.0073,51,2025-09-16 16:14:24.001737,1.0543,1.13
"2904010",21,0.221560334169877,5,0.2628,1,0.2628,1,199.983703110111,1,11.6400003433228,0.262800008058548,0.441183924674988,188.99690246582,-94.4757,25.7458,33.975433468744,51,51,51,51,51,51,0.2628,8039,1.18613289235474,26,-94,0.0073,51,2025-09-16 16:14:24.001737,1.0543,1.13
"2904010",21,0.313877140073993,5,0.3723,1,0.3723,1,199.644996189843,1,16.4300003051758,0.372299998998642,0.441183924674988,188.676803588867,-94.4757,25.7458,33.975433468744,51,51,51,51,51,51,0.3723,8039,1.18613289235474,26,-94,0.0073,51,2025-09-16 16:14:24.001737,1.0543,1.13
"2904010",21,0.344649408708698,5,0.4088,1,0.4088,1,199.315379363774,1,21.4500007629395,0.408800005912781,0.441183924674988,188.365295410156,-94.4757,25.7458,33.975433468744,51,51,51,51,51,51,0.4088,8039,1.18613289235474,26,-94,0.0073,51,2025-09-16 16:14:24.001737,1.0543,1.13
"2904010",21,0.375421677343403,5,0.4453,1,0.4453,1,198.840595509383,1,26.9300003051758,0.44530001282692,0.441183924674988,187.916595458984,-94.4757,25.7458,33.975433468744,51,51,51,51,51,51,0.4453,8039,1.18613289235474,26,-94,0.0073,51,2025-09-16 16:14:24.001737,1.0543,1.13
"2904010",21,0.406193945978109,5,0.4818,1,0.4818,1,198.022874531028,1,31.6800003051758,0.481799989938736,0.489100009202957,187.143798828125,-94.4757,25.7458,33.975433468744,51,51,51,51,51,51,0.4818,8039,1.18613289235474,26,-94,0.0073,51,2025-09-16 16:14:24.001737,1.0543,1.13
"2904010",21,0.350803862435639,1,0.4161,1,0.4161,1,194.89746441643,1,36.8699989318848,0.41609999537468,0.423400014638901,184.190093994141,-94.4757,25.7458,33.975433468744,51,51,51,51,51,51,0.4161,8039,1.18613289235474,26,-94,0.0073,51,2025-09-16 16:14:24.001737,1.0543,1.13
"2904010",21,0.258487056531524,1,0.3066,1,0.3066,1,199.186083672215,1,42.0099983215332,0.306600004434586,0.313899993896484,188.243103027344,-94.4757,25.7458,33.975433468744,51,51,51,51,51,51,0.3066,8039,1.18613289235474,26,-94,0.0073,51,2025-09-16 16:14:24.001737,1.0543,1.13
"2904010",21,0.221560334169877,1,0.2628,1,0.2628,1,212.568058581973,1,46.6800003051758,0.262800008058548,0.270099997520447,200.889892578125,-94.4757,25.7458,33.975433468744,51,51,51,51,51,51,0.2628,8039,1.18613289235474,26,-94,0.0073,51,2025-09-16 16:14:24.001737,1.0543,1.13
"2904010",21,0.153861343173526,4,0.1825,1,0.1825,1,212.732810484653,1,51.9500007629395,0.182500004768372,0.18979999423027,201.045593261719,-94.4757,25.7458,33.975433468744,51,51,51,51,51,51,0.1825,8039,1.18613289235474,26,-94,0.0073,51,2025-09-16 16:14:24.001737,1.0543,1.13
"2904010",21,0.172324704354349,1,0.2044,1,0.2044,1,206.861142443876,1,56.8199996948242,0.20440000295639,0.21170000731945,195.496505737305,-94.4757,25.7458,33.975433468744,51,51,51,51,51,51,0.2044,8039,1.18613289235474,26,-94,0.0073,51,2025-09-16 16:14:24.001737,1.0543,1.13
"2904010",21,0.17847915808129,1,0.2117,1,0.2117,1,202.967110776251,1,61.9500007629395,0.21170000731945,0.218999996781349,191.81640625,-94.4757,25.7458,33.975433468744,51,51,51,51,51,51,0.2117,8039,1.18613289235474,26,-94,0.0073,51,2025-09-16 16:14:24.001737,1.0543,1.13
"2904010",21,0.215405880442936,1,0.2555,1,0.2555,1,197.385873667011,1,66.7699966430664,0.255499988794327,0.262800008058548,186.541793823242,-94.4757,25.7458,33.975433468744,51,51,51,51,51,51,0.2555,8039,1.18613289235474,26,-94,0.0073,51,2025-09-16 16:14:24.001737,1.0543,1.13
"2904010",21,0.523128566789988,1,0.6205,1,0.6205,1,189.742250798381,1,71.4300003051758,0.620500028133392,0.627799987792969,179.318099975586,-94.4757,25.7458,33.975433468744,51,51,51,51,51,51,0.6205,8039,1.18613289235474,26,-94,0.0073,51,2025-09-16 16:14:24.001737,1.0543,1.13
"2904010",21,0.627754280147986,1,0.7446,1,0.7446,1,179.954947988668,1,76.7399978637695,0.744599997997284,0.751900017261505,170.068496704102,-94.4757,25.7458,33.975433468744,51,51,51,51,51,51,0.7446,8039,1.18613289235474,26,-94,0.0073,51,2025-09-16 16:14:24.001737,1.0543,1.13
"2904010",21,0.510819659336106,1,0.6059,1,0.6059,1,160.0378411823,1,81.9000015258789,0.60589998960495,0.613200008869171,151.24560546875,-94.4757,25.7458,33.975433468744,51,51,51,51,51,51,0.6059,8039,1.18613289235474,26,-94,0.0073,51,2025-09-16 16:14:24.001737,1.0543,1.13
"2904010",21,0.498510751882224,1,0.5913,1,0.5913,1,151.98798959244,1,86.5500030517578,0.591300010681152,0.598599970340729,143.638000488281,-94.4757,25.7458,33.975433468744,51,51,51,51,51,51,0.5913,8039,1.18613289235474,26,-94,0.0073,51,2025-09-16 16:14:24.001737,1.0543,1.13
"2904010",21,0.436966214612814,1,0.5183,1,0.5183,1,146.475549803596,1,91.9400024414062,0.518299996852875,0.525600016117096,138.428405761719,-94.4757,25.7458,33.975433468744,51,51,51,51,51,51,0.5183,8039,1.18613289235474,26,-94,0.0073,51,2025-09-16 16:14:24.001737,1.0543,1.13
"2904010",21,0.227714787896818,1,0.2701,1,0.2701,1,142.223436236948,1,96.7799987792969,0.270099997520447,0.277399986982346,134.409896850586,-94.4757,25.7458,33.975433468744,51,51,51,51,51,51,0.2701,8039,1.18613289235474,26,-94,0.0073,51,2025-09-16 16:14:24.001737,1.0543,1.13
"2904010",21,0.160015796900467,4,0.1898,1,0.1898,1,137.677388096771,1,101.910003662109,0.18979999423027,0.19709999859333,130.11360168457,-94.4757,25.7458,33.975433468744,51,51,51,51,51,51,0.1898,8039,1.18613289235474,26,-94,0.0073,51,2025-09-16 16:14:24.001737,1.0543,1.13
"2904010",21,0.227714787896818,1,0.2701,1,0.2701,1,131.587832274079,1,111.900001525879,0.270099997520447,0.277399986982346,124.358596801758,-94.4757,25.7458,33.975433468744,51,51,51,51,51,51,0.2701,8039,1.18613289235474,26,-94,0.0073,51,2025-09-16 16:14:24.001737,1.0543,1.13
"2904010",21,0.17847915808129,1,0.2117,1,0.2117,1,130.902167921755,1,121.569999694824,0.21170000731945,0.218999996781349,123.710601806641,-94.4757,25.7458,33.975433468744,51,51,51,51,51,51,0.2117,8039,1.18613289235474,26,-94,0.0073,51,2025-09-16 16:14:24.001737,1.0543,1.13
"2904010",21,0.0861623521771745,1,0.1022,1,0.1022,1,130.859841666084,1,131.660003662109,0.102200001478195,0.109499998390675,123.670600891113,-94.4757,25.7458,33.975433468744,51,51,51,51,51,51,0.1022,8039,1.18613289235474,26,-94,0.0073,51,2025-09-16 16:14:24.001737,1.0543,1.13
"2904010",21,0.0369267223616462,1,0.0438,1,0.0438,1,131.440122279795,1,141.160003662109,0.0438000001013279,0.0511000007390976,124.21900177002,-94.4757,25.7458,33.975433468744,51,51,51,51,51,51,0.0438,8039,1.18613289235474,26,-94,0.0073,51,2025-09-16 16:14:24.001737,1.0543,1.13
"2904010",21,0.0184633611808231,1,0.0219,1,0.0219,1,130.982582156496,1,151.75,0.0219000000506639,0.0292000006884336,123.786598205566,-94.4757,25.7458,33.975433468744,51,51,51,51,51,51,0.0219,8039,1.18613289235474,26,-94,0.0073,51,2025-09-16 16:14:24.001737,1.0543,1.13
"2904010",21,0.00615445372694104,1,0.0073,1,0.0073,1,129.668910159461,1,161.699996948242,0.00730000017210841,0.0146000003442168,122.545097351074,-94.4757,25.7458,33.975433468744,51,51,51,51,51,51,0.0073,8039,1.18613289235474,26,-94,0.0073,51,2025-09-16 16:14:24.001737,1.0543,1.13
"2904010",21,0,1,-0.0073,1,-0.0073,1,127.848291843302,1,171.570007324219,-0.00730000017210841,0,120.824501037598,-94.4757,25.7458,33.975433468744,51,51,51,51,51,51,0,8039,1.18613289235474,26,-94,0.0073,51,2025-09-16 16:14:24.001737,1.0543,1.13
"2904010",21,0,1,-0.0073,1,-0.0073,1,122.915914699659,1,181.899993896484,-0.00730000017210841,0,116.163101196289,-94.4757,25.7458,33.975433468744,51,51,51,51,51,51,0,8039,1.18613289235474,26,-94,0.0073,51,2025-09-16 16:14:24.001737,1.0543,1.13
"2904010",21,0,1,-0.0073,1,-0.0073,1,121.046721697179,1,191.149993896484,-0.00730000017210841,0,114.396598815918,-94.4757,25.7458,33.975433468744,51,51,51,51,51,51,0,8039,1.18613289235474,26,-94,0.0073,51,2025-09-16 16:14:24.001737,1.0543,1.13
"2904010",21,0,1,-0.0073,1,-0.0073,1,118.79586583195,1,201.119995117188,-0.00730000017210841,0,112.269401550293,-94.4757,25.7458,33.975433468744,51,51,51,51,51,51,0,8039,1.18613289235474,26,-94,0.0073,51,2025-09-16 16:14:24.001737,1.0543,1.13
"2904010",21,0,1,-0.0073,1,-0.0073,1,115.103301651746,1,211.559997558594,-0.00730000017210841,0,108.77970123291,-94.4757,25.7458,33.975433468744,51,51,51,51,51,51,0,8039,1.18613289235474,26,-94,0.0073,51,2025-09-16 16:14:24.001737,1.0543,1.13
"2904010",21,0,1,0,1,0,1,114.007073426697,1,221.169998168945,0,0,107.743698120117,-94.4757,25.7458,33.975433468744,51,51,51,51,51,51,0,8039,1.18613289235474,26,-94,0.0073,51,2025-09-16 16:14:24.001737,1.0543,1.13
"2904010",21,0,1,-0.0073,1,-0.0073,1,113.480122442008,1,230.820007324219,-0.00730000017210841,0,107.245697021484,-94.4757,25.7458,33.975433468744,51,51,51,51,51,51,0,8039,1.18613289235474,26,-94,0.0073,51,2025-09-16 16:14:24.001737,1.0543,1.13
"2904010",21,0,1,-0.0073,1,-0.0073,1,113.196755304808,1,241.729995727539,-0.00730000017210841,0,106.977897644043,-94.4757,25.7458,33.975433468744,51,51,51,51,51,51,0,8039,1.18613289235474,26,-94,0.0073,51,2025-09-16 16:14:24.001737,1.0543,1.13
"2904010",21,0,1,-0.0073,1,-0.0073,1,112.270784705568,1,251.169998168945,-0.00730000017210841,0,106.102798461914,-94.4757,25.7458,33.975433468744,51,51,51,51,51,51,0,8039,1.18613289235474,26,-94,0.0073,51,2025-09-16 16:14:24.001737,1.0543,1.13
"2904010",21,0,1,-0.0073,1,-0.0073,1,111.902983025536,1,261.630004882812,-0.00730000017210841,0,105.75520324707,-94.4757,25.7458,33.975433468744,51,51,51,51,51,51,0,8039,1.18613289235474,26,-94,0.0073,51,2025-09-16 16:14:24.001737,1.0543,1.13
"2904010",21,0,1,-0.0073,1,-0.0073,1,111.468620220573,1,271.299987792969,-0.00730000017210841,0,105.344703674316,-94.4757,25.7458,33.975433468744,51,51,51,51,51,51,0,8039,1.18613289235474,26,-94,0.0073,51,2025-09-16 16:14:24.001737,1.0543,1.13
"2904010",21,0,1,-0.0073,1,-0.0073,1,110.787073051235,1,281.709991455078,-0.00730000017210841,0,104.70059967041,-94.4757,25.7458,33.975433468744,51,51,51,51,51,51,0,8039,1.18613289235474,26,-94,0.0073,51,2025-09-16 16:14:24.001737,1.0543,1.13
"2904010",21,0,1,0,1,0,1,110.423396627096,1,291.140014648438,0,0,104.356903076172,-94.4757,25.7458,33.975433468744,51,51,51,51,51,51,0,8039,1.18613289235474,26,-94,0.0073,51,2025-09-16 16:14:24.001737,1.0543,1.13
"2904010",21,0,1,-0.0073,1,-0.0073,1,109.908716462285,1,301.320007324219,-0.00730000017210841,0,103.870498657227,-94.4757,25.7458,33.975433468744,51,51,51,51,51,51,0,8039,1.18613289235474,26,-94,0.0073,51,2025-09-16 16:14:24.001737,1.0543,1.13
"2904010",21,0,1,0,1,0,1,109.970724467209,1,311.739990234375,0,0,103.929100036621,-94.4757,25.7458,33.975433468744,51,51,51,51,51,51,0,8039,1.18613289235474,26,-94,0.0073,51,2025-09-16 16:14:24.001737,1.0543,1.13
"2904010",21,0,1,-0.0073,1,-0.0073,1,110.73279081909,1,321.619995117188,-0.00730000017210841,0,104.649299621582,-94.4757,25.7458,33.975433468744,51,51,51,51,51,51,0,8039,1.18613289235474,26,-94,0.0073,51,2025-09-16 16:14:24.001737,1.0543,1.13
"2904010",21,0,1,-0.0073,1,-0.0073,1,111.095304744503,1,331.570007324219,-0.00730000017210841,0,104.991897583008,-94.4757,25.7458,33.975433468744,51,51,51,51,51,51,0,8039,1.18613289235474,26,-94,0.0073,51,2025-09-16 16:14:24.001737,1.0543,1.13
"2904010",21,0,1,0,1,0,1,110.770459006952,1,341.839996337891,0,0,104.684898376465,-94.4757,25.7458,33.975433468744,51,51,51,51,51,51,0,8039,1.18613289235474,26,-94,0.0073,51,2025-09-16 16:14:24.001737,1.0543,1.13
"2904010",21,0,1,0,1,0,1,110.352395402867,1,351.239990234375,0,0,104.28980255127,-94.4757,25.7458,33.975433468744,51,51,51,51,51,51,0,8039,1.18613289235474,26,-94,0.0073,51,2025-09-16 16:14:24.001737,1.0543,1.13
"2904010",21,0,1,0,1,0,1,110.205210147591,1,361.690002441406,0,0,104.150703430176,-94.4757,25.7458,33.975433468744,51,51,51,51,51,51,0,8039,1.18613289235474,26,-94,0.0073,51,2025-09-16 16:14:24.001737,1.0543,1.13
"2904010",21,0,1,0,1,0,1,111.160275506595,1,381.380004882812,0,0,105.053298950195,-94.4757,25.7458,33.975433468744,51,51,51,51,51,51,0,8039,1.18613289235474,26,-94,0.0073,51,2025-09-16 16:14:24.001737,1.0543,1.13
"2904010",21,0,1,0,1,0,1,111.047690734213,1,401.109985351562,0,0,104.946899414062,-94.4757,25.7458,33.975433468744,51,51,51,51,51,51,0,8039,1.18613289235474,26,-94,0.0073,51,2025-09-16 16:14:24.001737,1.0543,1.13
"2904010",21,0,1,0,1,0,1,112.116616385033,1,450.790008544922,0,0,105.957099914551,-94.4757,25.7458,33.975433468744,51,51,51,51,51,51,0,8039,1.18613289235474,26,-94,0.0073,51,2025-09-16 16:14:24.001737,1.0543,1.13
"2904010",21,0,1,-0.0073,1,-0.0073,1,114.489373158263,1,501.420013427734,-0.00730000017210841,0,108.199501037598,-94.4757,25.7458,33.975433468744,51,51,51,51,51,51,0,8039,1.18613289235474,26,-94,0.0073,51,2025-09-16 16:14:24.001737,1.0543,1.13
"2904010",21,0,1,0,1,0,1,119.091721757538,1,551.409973144531,0,0,112.549003601074,-94.4757,25.7458,33.975433468744,51,51,51,51,51,51,0,8039,1.18613289235474,26,-94,0.0073,51,2025-09-16 16:14:24.001737,1.0543,1.13
"2904010",21,0,1,0,1,0,1,125.556587064531,1,601.890014648438,0,0,118.658699035645,-94.4757,25.7458,33.975433468744,51,51,51,51,51,51,0,8039,1.18613289235474,26,-94,0.0073,51,2025-09-16 16:14:24.001737,1.0543,1.13
"2904010",21,0,1,0,1,0,1,130.839740125625,1,651.369995117188,0,0,123.65160369873,-94.4757,25.7458,33.975433468744,51,51,51,51,51,51,0,8039,1.18613289235474,26,-94,0.0073,51,2025-09-16 16:14:24.001737,1.0543,1.13
"2904010",21,0,1,0.0073,1,0.0073,1,139.327119100312,1,701.090026855469,0.00730000017210841,0,131.672698974609,-94.4757,25.7458,33.975433468744,51,51,51,51,51,51,0,8039,1.18613289235474,26,-94,0.0073,51,2025-09-16 16:14:24.001737,1.0543,1.13
"2904010",21,0,1,0,1,0,1,147.583943900722,1,751.880004882812,0,0,139.47590637207,-94.4757,25.7458,33.975433468744,51,51,51,51,51,51,0,8039,1.18613289235474,26,-94,0.0073,51,2025-09-16 16:14:24.001737,1.0543,1.13
"2904010",21,0,1,0.0073,1,0.0073,1,154.494385281632,1,801.609985351562,0.00730000017210841,0,146.006698608398,-94.4757,25.7458,33.975433468744,51,51,51,51,51,51,0,8039,1.18613289235474,26,-94,0.0073,51,2025-09-16 16:14:24.001737,1.0543,1.13
"2904010",21,0,1,0,1,0,1,161.960032824582,1,851.570007324219,0,0,153.062194824219,-94.4757,25.7458,33.975433468744,51,51,51,51,51,51,0,8039,1.18613289235474,26,-94,0.0073,51,2025-09-16 16:14:24.001737,1.0543,1.13
"2904010",21,0,1,0,1,0,1,168.744682155926,1,901.890014648438,0,0,159.474105834961,-94.4757,25.7458,33.975433468744,51,51,51,51,51,51,0,8039,1.18613289235474,26,-94,0.0073,51,2025-09-16 16:14:24.001737,1.0543,1.13
"2904010",21,0,1,0.0073,1,0.0073,1,176.07648088731,1,951.559997558594,0.00730000017210841,0,166.403106689453,-94.4757,25.7458,33.975433468744,51,51,51,51,51,51,0,8039,1.18613289235474,26,-94,0.0073,51,2025-09-16 16:14:24.001737,1.0543,1.13
"2904010",21,0,1,-0.0073,1,-0.0073,1,182.043393094484,1,999.409973144531,-0.00730000017210841,0,172.042205810547,-94.4757,25.7458,33.975433468744,51,51,51,51,51,51,0,8039,1.18613289235474,26,-94,0.0073,51,2025-09-16 16:14:24.001737,1.0543,1.13
"2904010",21,0,1,0,1,0,1,192.972301944072,1,1099.81994628906,0,0,182.370697021484,-94.4757,25.7458,33.975433468744,51,51,51,51,51,51,0,8039,1.18613289235474,26,-94,0.0073,51,2025-09-16 16:14:24.001737,1.0543,1.13
"2904010",21,0,1,0,1,0,1,200.317969931082,1,1199.16003417969,0,0,189.312805175781,-94.4757,25.7458,33.975433468744,51,51,51,51,51,51,0,8039,1.18613289235474,26,-94,0.0073,51,2025-09-16 16:14:24.001737,1.0543,1.13
"2904010",21,0,1,0,1,0,1,204.588586602441,1,1299.48999023438,0,0,193.34880065918,-94.4757,25.7458,33.975433468744,51,51,51,51,51,51,0,8039,1.18613289235474,26,-94,0.0073,51,2025-09-16 16:14:24.001737,1.0543,1.13
"2904010",21,0,1,0.0073,1,0.0073,1,207.693992051474,1,1399.7099609375,0.00730000017210841,0,196.283599853516,-94.4757,25.7458,33.975433468744,51,51,51,51,51,51,0,8039,1.18613289235474,26,-94,0.0073,51,2025-09-16 16:14:24.001737,1.0543,1.13
"2904010",21,0,1,0,1,0,1,209.609418597008,1,1499.64001464844,0,0,198.093795776367,-94.4757,25.7458,33.975433468744,51,51,51,51,51,51,0,8039,1.18613289235474,26,-94,0.0073,51,2025-09-16 16:14:24.001737,1.0543,1.13
"2904010",22,0.068948188130553,5,0.0803,1,0.0803,1,194.123675450241,1,7.34999990463257,0.0803000032901764,0.0876000002026558,183.429000854492,-94.6944,25.5476,31.7905014490273,51,51,51,51,51,51,0.0803,8038,1.16464264221059,26,-95,0.0073,51,2025-09-21 22:47:27.002429,1.0543,1.13
"2904010",22,0.0752162052333305,5,0.0876,1,0.0876,1,194.223682739201,1,11.6499996185303,0.0876000002026558,0.0948999971151352,183.523498535156,-94.6944,25.5476,31.7905014490273,51,51,51,51,51,51,0.0876,8038,1.16464264221059,26,-95,0.0073,51,2025-09-21 22:47:27.002429,1.0543,1.13
"2904010",22,0.0752162052333305,5,0.0876,1,0.0876,1,194.380952396423,1,16.4699993133545,0.0876000002026558,0.0948999971151352,183.672103881836,-94.6944,25.5476,31.7905014490273,51,51,51,51,51,51,0.0876,8038,1.16464264221059,26,-95,0.0073,51,2025-09-21 22:47:27.002429,1.0543,1.13
"2904010",22,0.106556290747218,5,0.1241,1,0.1241,1,194.566045815776,1,21.3500003814697,0.124099999666214,0.131400004029274,183.84700012207,-94.6944,25.5476,31.7905014490273,51,51,51,51,51,51,0.1241,8038,1.16464264221059,26,-95,0.0073,51,2025-09-21 22:47:27.002429,1.0543,1.13
"2904010",22,0.100288273644441,5,0.1168,1,0.1168,1,195.366443244693,1,26.9300003051758,0.116800002753735,0.124099999666214,184.603302001953,-94.6944,25.5476,31.7905014490273,51,51,51,51,51,51,0.1168,8038,1.16464264221059,26,-95,0.0073,51,2025-09-21 22:47:27.002429,1.0543,1.13
"2904010",22,0.100288273644441,5,0.1168,1,0.1168,1,198.324514485066,1,31.7700004577637,0.116800002753735,0.124099999666214,187.398406982422,-94.6944,25.5476,31.7905014490273,51,51,51,51,51,51,0.1168,8038,1.16464264221059,26,-95,0.0073,51,2025-09-21 22:47:27.002429,1.0543,1.13
"2904010",22,0.482637316913871,1,0.5621,1,0.5621,1,227.668103195733,1,36.939998626709,0.562099993228912,0.569400012493134,215.125396728516,-94.6944,25.5476,31.7905014490273,51,51,51,51,51,51,0.5621,8038,1.16464264221059,26,-95,0.0073,51,2025-09-21 22:47:27.002429,1.0543,1.13
"2904010",22,0.213112581494437,1,0.2482,1,0.2482,1,224.850378047456,1,41.9500007629395,0.248199999332428,0.255499988794327,212.462905883789,-94.6944,25.5476,31.7905014490273,51,51,51,51,51,51,0.2482,8038,1.16464264221059,26,-95,0.0073,51,2025-09-21 22:47:27.002429,1.0543,1.13
"2904010",22,0.144164393363884,1,0.1679,1,0.1679,1,223.39499989188,1,46.9700012207031,0.167899996042252,0.175200000405312,211.087707519531,-94.6944,25.5476,31.7905014490273,51,51,51,51,51,51,0.1679,8038,1.16464264221059,26,-95,0.0073,51,2025-09-21 22:47:27.002429,1.0543,1.13
"2904010",22,0.131628359158328,4,0.1533,1,0.1533,1,221.218803819737,1,51.7299995422363,0.153300002217293,0.160600006580353,209.031402587891,-94.6944,25.5476,31.7905014490273,51,51,51,51,51,51,0.1533,8038,1.16464264221059,26,-95,0.0073,51,2025-09-21 22:47:27.002429,1.0543,1.13
"2904010",22,0.150432410466661,1,0.1752,1,0.1752,1,218.370267447929,1,56.4799995422363,0.175200000405312,0.182500004768372,206.339797973633,-94.6944,25.5476,31.7905014490273,51,51,51,51,51,51,0.1752,8038,1.16464264221059,26,-95,0.0073,51,2025-09-21 22:47:27.002429,1.0543,1.13
"2904010",22,0.162968444672216,1,0.1898,1,0.1898,1,214.795842549392,1,61.6699981689453,0.18979999423027,0.19709999859333,202.962295532227,-94.6944,25.5476,31.7905014490273,51,51,51,51,51,51,0.1898,8038,1.16464264221059,26,-95,0.0073,51,2025-09-21 22:47:27.002429,1.0543,1.13
"2904010",22,0.175504478877771,1,0.2044,1,0.2044,1,212.151680834304,1,66.5400009155273,0.20440000295639,0.21170000731945,200.463806152344,-94.6944,25.5476,31.7905014490273,51,51,51,51,51,51,0.2044,8038,1.16464264221059,26,-95,0.0073,51,2025-09-21 22:47:27.002429,1.0543,1.13
"2904010",22,0.244452667008324,1,0.2847,1,0.2847,1,210.276459387001,1,71.9599990844727,0.284700006246567,0.291999995708466,198.69189453125,-94.6944,25.5476,31.7905014490273,51,51,51,51,51,51,0.2847,8038,1.16464264221059,26,-95,0.0073,51,2025-09-21 22:47:27.002429,1.0543,1.13
"2904010",22,0.269524735419434,1,0.3139,1,0.3139,1,204.649147904212,1,76.8600006103516,0.313899993896484,0.321200013160706,193.374603271484,-94.6944,25.5476,31.7905014490273,51,51,51,51,51,51,0.3139,8038,1.16464264221059,26,-95,0.0073,51,2025-09-21 22:47:27.002429,1.0543,1.13
"2904010",22,0.263256718316657,1,0.3066,1,0.3066,1,202.561639064584,1,81.629997253418,0.306600004434586,0.313899993896484,191.402099609375,-94.6944,25.5476,31.7905014490273,51,51,51,51,51,51,0.3066,8038,1.16464264221059,26,-95,0.0073,51,2025-09-21 22:47:27.002429,1.0543,1.13
"2904010",22,0.250720684111102,4,0.292,1,0.292,1,196.289924083339,1,86.2900009155273,0.291999995708466,0.299299985170364,185.47590637207,-94.6944,25.5476,31.7905014490273,51,51,51,51,51,51,0.292,8038,1.16464264221059,26,-95,0.0073,51,2025-09-21 22:47:27.002429,1.0543,1.13
"2904010",22,0.28206076962499,1,0.3285,1,0.3285,1,187.854705703797,1,91.7099990844727,0.328500002622604,0.335799992084503,177.505401611328,-94.6944,25.5476,31.7905014490273,51,51,51,51,51,51,0.3285,8038,1.16464264221059,26,-95,0.0073,51,2025-09-21 22:47:27.002429,1.0543,1.13
"2904010",22,0.294596803830545,1,0.3431,1,0.3431,1,181.903650295759,1,96.9000015258789,0.343100011348724,0.350400000810623,171.882202148438,-94.6944,25.5476,31.7905014490273,51,51,51,51,51,51,0.3431,8038,1.16464264221059,26,-95,0.0073,51,2025-09-21 22:47:27.002429,1.0543,1.13
"2904010",22,0.263256718316657,1,0.3066,1,0.3066,1,186.80286091554,1,101.910003662109,0.306600004434586,0.313899993896484,176.511505126953,-94.6944,25.5476,31.7905014490273,51,51,51,51,51,51,0.3066,8038,1.16464264221059,26,-95,0.0073,51,2025-09-21 22:47:27.002429,1.0543,1.13
"2904010",22,0.162968444672216,1,0.1898,1,0.1898,1,193.544140235291,1,111.889999389648,0.18979999423027,0.19709999859333,182.881393432617,-94.6944,25.5476,31.7905014490273,51,51,51,51,51,51,0.1898,8038,1.16464264221059,26,-95,0.0073,51,2025-09-21 22:47:27.002429,1.0543,1.13
"2904010",22,0.131628359158328,1,0.1533,1,0.1533,1,190.352724036827,1,121.309997558594,0.153300002217293,0.160600006580353,179.865798950195,-94.6944,25.5476,31.7905014490273,51,51,51,51,51,51,0.1533,8038,1.16464264221059,26,-95,0.0073,51,2025-09-21 22:47:27.002429,1.0543,1.13
"2904010",22,0.112824307849996,1,0.1314,1,0.1314,1,182.263259906261,1,131.619995117188,0.131400004029274,0.138699993491173,172.22200012207,-94.6944,25.5476,31.7905014490273,51,51,51,51,51,51,0.1314,8038,1.16464264221059,26,-95,0.0073,51,2025-09-21 22:47:27.002429,1.0543,1.13
"2904010",22,0.0940202565416632,1,0.1095,1,0.1095,1,157.548783007828,1,141.759994506836,0.109499998390675,0.116800002753735,148.869094848633,-94.6944,25.5476,31.7905014490273,51,51,51,51,51,51,0.1095,8038,1.16464264221059,26,-95,0.0073,51,2025-09-21 22:47:27.002429,1.0543,1.13
"2904010",22,0.0626801710277754,1,0.073,1,0.073,1,146.277640188122,1,151.839996337891,0.0729999989271164,0.0803000032901764,138.218902587891,-94.6944,25.5476,31.7905014490273,51,51,51,51,51,51,0.073,8038,1.16464264221059,26,-95,0.0073,51,2025-09-21 22:47:27.002429,1.0543,1.13
"2904010",22,0.0564121539249979,1,0.0657,1,0.0657,1,142.10919492395,1,161.830001831055,0.065700002014637,0.0729999989271164,134.28010559082,-94.6944,25.5476,31.7905014490273,51,51,51,51,51,51,0.0657,8038,1.16464264221059,26,-95,0.0073,51,2025-09-21 22:47:27.002429,1.0543,1.13
"2904010",22,0.0250720684111102,1,0.0292,1,0.0292,1,143.481812324494,1,171.919998168945,0.0292000006884336,0.0364999994635582,135.577102661133,-94.6944,25.5476,31.7905014490273,51,51,51,51,51,51,0.0292,8038,1.16464264221059,26,-95,0.0073,51,2025-09-21 22:47:27.002429,1.0543,1.13
"2904010",22,0.0188040513083326,1,0.0219,1,0.0219,1,143.125060987873,1,181.850006103516,0.0219000000506639,0.0292000006884336,135.240005493164,-94.6944,25.5476,31.7905014490273,51,51,51,51,51,51,0.0219,8038,1.16464264221059,26,-95,0.0073,51,2025-09-21 22:47:27.002429,1.0543,1.13
"2904010",22,0.0125360342055551,1,0.0146,1,0.0146,1,137.620816766372,1,191.550003051758,0.0146000003442168,0.0219000000506639,130.039001464844,-94.6944,25.5476,31.7905014490273,51,51,51,51,51,51,0.0146,8038,1.16464264221059,26,-95,0.0073,51,2025-09-21 22:47:27.002429,1.0543,1.13
"2904010",22,0.0125360342055551,1,0.0146,1,0.0146,1,135.499767616851,1,201.630004882812,0.0146000003442168,0.0219000000506639,128.034805297852,-94.6944,25.5476,31.7905014490273,51,51,51,51,51,51,0.0146,8038,1.16464264221059,26,-95,0.0073,51,2025-09-21 22:47:27.002429,1.0543,1.13
"2904010",22,0,1,-0.0073,1,-0.0073,1,141.844505843805,1,211.630004882812,-0.00730000017210841,0,134.029998779297,-94.6944,25.5476,31.7905014490273,51,51,51,51,51,51,0,8038,1.16464264221059,26,-95,0.0073,51,2025-09-21 22:47:27.002429,1.0543,1.13
"2904010",22,0,1,-0.0146,1,-0.0146,1,147.644750970624,1,221.179992675781,-0.0146000003442168,0,139.510696411133,-94.6944,25.5476,31.7905014490273,51,51,51,51,51,51,0,8038,1.16464264221059,26,-95,0.0073,51,2025-09-21 22:47:27.002429,1.0543,1.13
"2904010",22,0,1,-0.0073,1,-0.0073,1,137.007838132169,1,231.029998779297,-0.00730000017210841,0,129.45979309082,-94.6944,25.5476,31.7905014490273,51,51,51,51,51,51,0,8038,1.16464264221059,26,-95,0.0073,51,2025-09-21 22:47:27.002429,1.0543,1.13
"2904010",22,0,1,-0.0073,1,-0.0073,1,132.400518639723,1,241.029998779297,-0.00730000017210841,0,125.106300354004,-94.6944,25.5476,31.7905014490273,51,51,51,51,51,51,0,8038,1.16464264221059,26,-95,0.0073,51,2025-09-21 22:47:27.002429,1.0543,1.13
"2904010",22,0,1,-0.0073,1,-0.0073,1,126.911203651008,1,251.300003051758,-0.00730000017210841,0,119.919403076172,-94.6944,25.5476,31.7905014490273,51,51,51,51,51,51,0,8038,1.16464264221059,26,-95,0.0073,51,2025-09-21 22:47:27.002429,1.0543,1.13
"2904010",22,0,1,-0.0073,1,-0.0073,1,129.197451341794,1,260.859985351562,-0.00730000017210841,0,122.079696655273,-94.6944,25.5476,31.7905014490273,51,51,51,51,51,51,0,8038,1.16464264221059,26,-95,0.0073,51,2025-09-21 22:47:27.002429,1.0543,1.13
"2904010",22,0,1,-0.0073,1,-0.0073,1,126.311458663391,1,271.829986572266,-0.00730000017210841,0,119.352699279785,-94.6944,25.5476,31.7905014490273,51,51,51,51,51,51,0,8038,1.16464264221059,26,-95,0.0073,51,2025-09-21 22:47:27.002429,1.0543,1.13
"2904010",22,0,1,-0.0073,1,-0.0073,1,124.480806910505,1,281.239990234375,-0.00730000017210841,0,117.622901916504,-94.6944,25.5476,31.7905014490273,51,51,51,51,51,51,0,8038,1.16464264221059,26,-95,0.0073,51,2025-09-21 22:47:27.002429,1.0543,1.13
"2904010",22,0,1,-0.0073,1,-0.0073,1,122.082262967915,1,291.130004882812,-0.00730000017210841,0,115.356498718262,-94.6944,25.5476,31.7905014490273,51,51,51,51,51,51,0,8038,1.16464264221059,26,-95,0.0073,51,2025-09-21 22:47:27.002429,1.0543,1.13
"2904010",22,0,1,-0.0073,1,-0.0073,1,120.880027757878,1,301.100006103516,-0.00730000017210841,0,114.220497131348,-94.6944,25.5476,31.7905014490273,51,51,51,51,51,51,0,8038,1.16464264221059,26,-95,0.0073,51,2025-09-21 22:47:27.002429,1.0543,1.13
"2904010",22,0,1,-0.0073,1,-0.0073,1,119.598422965211,1,311.570007324219,-0.00730000017210841,0,113.009498596191,-94.6944,25.5476,31.7905014490273,51,51,51,51,51,51,0,8038,1.16464264221059,26,-95,0.0073,51,2025-09-21 22:47:27.002429,1.0543,1.13
"2904010",22,0,1,-0.0073,1,-0.0073,1,117.580877241911,1,321.630004882812,-0.00730000017210841,0,111.103103637695,-94.6944,25.5476,31.7905014490273,51,51,51,51,51,51,0,8038,1.16464264221059,26,-95,0.0073,51,2025-09-21 22:47:27.002429,1.0543,1.13
"2904010",22,0,1,-0.0073,1,-0.0073,1,116.662475087647,1,331.269989013672,-0.00730000017210841,0,110.235298156738,-94.6944,25.5476,31.7905014490273,51,51,51,51,51,51,0,8038,1.16464264221059,26,-95,0.0073,51,2025-09-21 22:47:27.002429,1.0543,1.13
"2904010",22,0,1,-0.0073,1,-0.0073,1,114.921883184677,1,341.220001220703,-0.00730000017210841,0,108.590599060059,-94.6944,25.5476,31.7905014490273,51,51,51,51,51,51,0,8038,1.16464264221059,26,-95,0.0073,51,2025-09-21 22:47:27.002429,1.0543,1.13
"2904010",22,0,1,-0.0073,1,-0.0073,1,115.063698784814,1,351.600006103516,-0.00730000017210841,0,108.724601745605,-94.6944,25.5476,31.7905014490273,51,51,51,51,51,51,0,8038,1.16464264221059,26,-95,0.0073,51,2025-09-21 22:47:27.002429,1.0543,1.13
"2904010",22,0,1,0,1,0,1,112.70674514946,1,361.260009765625,0,0,106.497497558594,-94.6944,25.5476,31.7905014490273,51,51,51,51,51,51,0,8038,1.16464264221059,26,-95,0.0073,51,2025-09-21 22:47:27.002429,1.0543,1.13
"2904010",22,0,1,0,1,0,1,112.093669624617,1,381.470001220703,0,0,105.918197631836,-94.6944,25.5476,31.7905014490273,51,51,51,51,51,51,0,8038,1.16464264221059,26,-95,0.0073,51,2025-09-21 22:47:27.002429,1.0543,1.13
"2904010",22,0,1,0,1,0,1,112.469581085306,1,401.480010986328,0,0,106.273399353027,-94.6944,25.5476,31.7905014490273,51,51,51,51,51,51,0,8038,1.16464264221059,26,-95,0.0073,51,2025-09-21 22:47:27.002429,1.0543,1.13
"2904010",22,0,1,0,1,0,1,109.518292189736,1,451.049987792969,0,0,103.484703063965,-94.6944,25.5476,31.7905014490273,51,51,51,51,51,51,0,8038,1.16464264221059,26,-95,0.0073,51,2025-09-21 22:47:27.002429,1.0543,1.13
"2904010",22,0,1,0,1,0,1,109.712065395593,1,501.040008544922,0,0,103.66780090332,-94.6944,25.5476,31.7905014490273,51,51,51,51,51,51,0,8038,1.16464264221059,26,-95,0.0073,51,2025-09-21 22:47:27.002429,1.0543,1.13
"2904010",22,0,1,-0.0073,1,-0.0073,1,111.412019749287,1,551.77001953125,-0.00730000017210841,0,105.274101257324,-94.6944,25.5476,31.7905014490273,51,51,51,51,51,51,0,8038,1.16464264221059,26,-95,0.0073,51,2025-09-21 22:47:27.002429,1.0543,1.13
"2904010",22,0,1,0,1,0,1,115.031523018101,1,601.369995117188,0,0,108.694198608398,-94.6944,25.5476,31.7905014490273,51,51,51,51,51,51,0,8038,1.16464264221059,26,-95,0.0073,51,2025-09-21 22:47:27.002429,1.0543,1.13
"2904010",22,0,1,0,1,0,1,119.743516698668,1,651.260009765625,0,0,113.146598815918,-94.6944,25.5476,31.7905014490273,51,51,51,51,51,51,0,8038,1.16464264221059,26,-95,0.0073,51,2025-09-21 22:47:27.002429,1.0543,1.13
"2904010",22,0,1,0,1,0,1,125.607580460392,1,701.409973144531,0,0,118.687599182129,-94.6944,25.5476,31.7905014490273,51,51,51,51,51,51,0,8038,1.16464264221059,26,-95,0.0073,51,2025-09-21 22:47:27.002429,1.0543,1.13
"2904010",22,0,1,0.0073,1,0.0073,1,133.795154438216,1,751.489990234375,0.00730000017210841,0,126.424102783203,-94.6944,25.5476,31.7905014490273,51,51,51,51,51,51,0,8038,1.16464264221059,26,-95,0.0073,51,2025-09-21 22:47:27.002429,1.0543,1.13
"2904010",22,0,1,0,1,0,1,140.607664526835,1,801.659973144531,0,0,132.861297607422,-94.6944,25.5476,31.7905014490273,51,51,51,51,51,51,0,8038,1.16464264221059,26,-95,0.0073,51,2025-09-21 22:47:27.002429,1.0543,1.13
"2904010",22,0,1,0,1,0,1,147.648675041545,1,851.080017089844,0,0,139.514404296875,-94.6944,25.5476,31.7905014490273,51,51,51,51,51,51,0,8038,1.16464264221059,26,-95,0.0073,51,2025-09-21 22:47:27.002429,1.0543,1.13
"2904010",22,0,1,0,1,0,1,155.544987681194,1,901.039978027344,0,0,146.975692749023,-94.6944,25.5476,31.7905014490273,51,51,51,51,51,51,0,8038,1.16464264221059,26,-95,0.0073,51,2025-09-21 22:47:27.002429,1.0543,1.13
"2904010",22,0,1,-0.0073,1,-0.0073,1,163.313049410312,1,951.340026855469,-0.00730000017210841,0,154.315795898438,-94.6944,25.5476,31.7905014490273,51,51,51,51,51,51,0,8038,1.16464264221059,26,-95,0.0073,51,2025-09-21 22:47:27.002429,1.0543,1.13
"2904010",22,0,1,0,1,0,1,169.043565573183,1,999.559997558594,0,0,159.730606079102,-94.6944,25.5476,31.7905014490273,51,51,51,51,51,51,0,8038,1.16464264221059,26,-95,0.0073,51,2025-09-21 22:47:27.002429,1.0543,1.13
"2904010",22,0,1,0,1,0,1,183.684564853424,1,1099.68005371094,0,0,173.565002441406,-94.6944,25.5476,31.7905014490273,51,51,51,51,51,51,0,8038,1.16464264221059,26,-95,0.0073,51,2025-09-21 22:47:27.002429,1.0543,1.13
"2904010",22,0,1,0,1,0,1,195.003119492989,1,1199.66003417969,0,0,184.259994506836,-94.6944,25.5476,31.7905014490273,51,51,51,51,51,51,0,8038,1.16464264221059,26,-95,0.0073,51,2025-09-21 22:47:27.002429,1.0543,1.13
"2904010",22,0,1,0,1,0,1,200.825181162256,1,1299.18994140625,0,0,189.761306762695,-94.6944,25.5476,31.7905014490273,51,51,51,51,51,51,0,8038,1.16464264221059,26,-95,0.0073,51,2025-09-21 22:47:27.002429,1.0543,1.13
"2904010",22,0,1,0,1,0,1,204.952447904412,1,1399.80004882812,0,0,193.661193847656,-94.6944,25.5476,31.7905014490273,51,51,51,51,51,51,0,8038,1.16464264221059,26,-95,0.0073,51,2025-09-21 22:47:27.002429,1.0543,1.13
"2904010",22,0,1,0,1,0,1,207.762567137445,4,1498.89001464844,0,0,196.316497802734,-94.6944,25.5476,31.7905014490273,51,51,51,51,51,51,0,8038,1.16464264221059,26,-95,0.0073,51,2025-09-21 22:47:27.002429,1.0543,1.13
"2904010",23,0.0564121539249979,1,0.0657,1,0.0657,1,191.154964554451,1,7.90999984741211,0.065700002014637,0.0729999989271164,180.594497680664,-94.7812,25.5487,31.7904989400955,51,51,51,51,51,51,0.0657,8038,1.16464264221059,26,-95,0.0073,51,2025-09-27 05:19:16.000564,1.0543,1.13
"2904010",23,0.0438761197194428,1,0.0511,1,0.0511,1,191.203869976113,1,11.8500003814697,0.0511000007390976,0.0584000013768673,180.640701293945,-94.7812,25.5487,31.7904989400955,51,51,51,51,51,51,0.0511,8038,1.16464264221059,26,-95,0.0073,51,2025-09-27 05:19:16.000564,1.0543,1.13
"2904010",23,0.0564121539249979,1,0.0657,1,0.0657,1,191.275629153276,1,16.4599990844727,0.065700002014637,0.0729999989271164,180.70849609375,-94.7812,25.5487,31.7904989400955,51,51,51,51,51,51,0.0657,8038,1.16464264221059,26,-95,0.0073,51,2025-09-27 05:19:16.000564,1.0543,1.13
"2904010",23,0.0564121539249979,1,0.0657,1,0.0657,1,191.326117379207,1,21.9599990844727,0.065700002014637,0.0729999989271164,180.756195068359,-94.7812,25.5487,31.7904989400955,51,51,51,51,51,51,0.0657,8038,1.16464264221059,26,-95,0.0073,51,2025-09-27 05:19:16.000564,1.0543,1.13
"2904010",23,0.068948188130553,1,0.0803,1,0.0803,1,191.181323090829,1,26.6800003051758,0.0803000032901764,0.0876000002026558,180.619400024414,-94.7812,25.5487,31.7904989400955,51,51,51,51,51,51,0.0803,8038,1.16464264221059,26,-95,0.0073,51,2025-09-27 05:19:16.000564,1.0543,1.13
"2904010",23,0.0752162052333305,1,0.0876,1,0.0876,1,191.238368648726,1,31.5699996948242,0.0876000002026558,0.0948999971151352,180.673294067383,-94.7812,25.5487,31.7904989400955,51,51,51,51,51,51,0.0876,8038,1.16464264221059,26,-95,0.0073,51,2025-09-27 05:19:16.000564,1.0543,1.13
"2904010",23,0.0501441368222204,4,0.0584,1,0.0584,1,191.347291424055,1,36.8800010681152,0.0584000013768673,0.065700002014637,180.77619934082,-94.7812,25.5487,31.7904989400955,51,51,51,51,51,51,0.0584,8038,1.16464264221059,26,-95,0.0073,51,2025-09-27 05:19:16.000564,1.0543,1.13
"2904010",23,0.068948188130553,1,0.0803,1,0.0803,1,191.714695826957,1,41.6199989318848,0.0803000032901764,0.0876000002026558,181.123306274414,-94.7812,25.5487,31.7904989400955,51,51,51,51,51,51,0.0803,8038,1.16464264221059,26,-95,0.0073,51,2025-09-27 05:19:16.000564,1.0543,1.13
"2904010",23,0.0814842223361081,1,0.0949,1,0.0949,1,192.838890633708,1,46.9700012207031,0.0948999971151352,0.102200001478195,182.185394287109,-94.7812,25.5487,31.7904989400955,51,51,51,51,51,51,0.0949,8038,1.16464264221059,26,-95,0.0073,51,2025-09-27 05:19:16.000564,1.0543,1.13
"2904010",23,0.106556290747218,1,0.1241,1,0.1241,1,222.406578816174,1,51.8499984741211,0.124099999666214,0.131400004029274,210.119598388672,-94.7812,25.5487,31.7904989400955,51,51,51,51,51,51,0.1241,8038,1.16464264221059,26,-95,0.0073,51,2025-09-27 05:19:16.000564,1.0543,1.13
"2904010",23,0.144164393363884,1,0.1679,1,0.1679,1,225.39434798658,1,56.7000007629395,0.167899996042252,0.175200000405312,212.942306518555,-94.7812,25.5487,31.7904989400955,51,51,51,51,51,51,0.1679,8038,1.16464264221059,26,-95,0.0073,51,2025-09-27 05:19:16.000564,1.0543,1.13
"2904010",23,0.162968444672216,1,0.1898,1,0.1898,1,220.671744583323,1,61.7599983215332,0.18979999423027,0.19709999859333,208.480606079102,-94.7812,25.5487,31.7904989400955,51,51,51,51,51,51,0.1898,8038,1.16464264221059,26,-95,0.0073,51,2025-09-27 05:19:16.000564,1.0543,1.13
"2904010",23,0.206844564391659,1,0.2409,1,0.2409,1,216.44577024569,1,66.6999969482422,0.240899994969368,0.248199999332428,204.488098144531,-94.7812,25.5487,31.7904989400955,51,51,51,51,51,51,0.2409,8038,1.16464264221059,26,-95,0.0073,51,2025-09-27 05:19:16.000564,1.0543,1.13
"2904010",23,0.200576547288881,1,0.2336,1,0.2336,1,212.777944376296,1,71.5500030517578,0.233600005507469,0.240899994969368,201.022903442383,-94.7812,25.5487,31.7904989400955,51,51,51,51,51,51,0.2336,8038,1.16464264221059,26,-95,0.0073,51,2025-09-27 05:19:16.000564,1.0543,1.13
"2904010",23,0.213112581494437,1,0.2482,1,0.2482,1,210.387053925497,1,76.9300003051758,0.248199999332428,0.255499988794327,198.764099121094,-94.7812,25.5487,31.7904989400955,51,51,51,51,51,51,0.2482,8038,1.16464264221059,26,-95,0.0073,51,2025-09-27 05:19:16.000564,1.0543,1.13
"2904010",23,0.194308530186104,4,0.2263,1,0.2263,1,209.424579722151,1,81.870002746582,0.226300001144409,0.233600005507469,197.854797363281,-94.7812,25.5487,31.7904989400955,51,51,51,51,51,51,0.2263,8038,1.16464264221059,26,-95,0.0073,51,2025-09-27 05:19:16.000564,1.0543,1.13
"2904010",23,0.231916632802769,1,0.2701,1,0.2701,1,207.096565363338,1,86.620002746582,0.270099997520447,0.277399986982346,195.655395507812,-94.7812,25.5487,31.7904989400955,51,51,51,51,51,51,0.2701,8038,1.16464264221059,26,-95,0.0073,51,2025-09-27 05:19:16.000564,1.0543,1.13
"2904010",23,0.313400855138877,1,0.365,1,0.365,1,205.324260662106,1,91.870002746582,0.365000009536743,0.372299998998642,193.981002807617,-94.7812,25.5487,31.7904989400955,51,51,51,51,51,51,0.365,8038,1.16464264221059,26,-95,0.0073,51,2025-09-27 05:19:16.000564,1.0543,1.13
"2904010",23,0.401153094577763,1,0.4672,1,0.4672,1,203.84672902916,1,96.6600036621094,0.467200011014938,0.474500000476837,192.585098266602,-94.7812,25.5487,31.7904989400955,51,51,51,51,51,51,0.4672,8038,1.16464264221059,26,-95,0.0073,51,2025-09-27 05:19:16.000564,1.0543,1.13
"2904010",23,0.338472923549987,1,0.3942,1,0.3942,1,201.163391263286,1,101.650001525879,0.394199997186661,0.40149998664856,190.050003051758,-94.7812,25.5487,31.7904989400955,51,51,51,51,51,51,0.3942,8038,1.16464264221059,26,-95,0.0073,51,2025-09-27 05:19:16.000564,1.0543,1.13
"2904010",23,0.300864820933322,1,0.3504,1,0.3504,1,195.359764847235,1,111.800003051758,0.350400000810623,0.357699990272522,184.567001342773,-94.7812,25.5487,31.7904989400955,51,51,51,51,51,51,0.3504,8038,1.16464264221059,26,-95,0.0073,51,2025-09-27 05:19:16.000564,1.0543,1.13
"2904010",23,0.175504478877771,1,0.2044,1,0.2044,1,188.637385157971,1,121.529998779297,0.20440000295639,0.21170000731945,178.216003417969,-94.7812,25.5487,31.7904989400955,51,51,51,51,51,51,0.2044,8038,1.16464264221059,26,-95,0.0073,51,2025-09-27 05:19:16.000564,1.0543,1.13
"2904010",23,0.0940202565416632,1,0.1095,1,0.1095,1,181.513102393191,1,131.460006713867,0.109499998390675,0.116800002753735,171.485305786133,-94.7812,25.5487,31.7904989400955,51,51,51,51,51,51,0.1095,8038,1.16464264221059,26,-95,0.0073,51,2025-09-27 05:19:16.000564,1.0543,1.13
"2904010",23,0.0752162052333305,1,0.0876,1,0.0876,1,157.687117447563,1,141.960006713867,0.0876000002026558,0.0948999971151352,148.975601196289,-94.7812,25.5487,31.7904989400955,51,51,51,51,51,51,0.0876,8038,1.16464264221059,26,-95,0.0073,51,2025-09-27 05:19:16.000564,1.0543,1.13
"2904010",23,0.0752162052333305,1,0.0876,1,0.0876,1,145.106698407776,1,151.729995727539,0.0876000002026558,0.0948999971151352,137.090194702148,-94.7812,25.5487,31.7904989400955,51,51,51,51,51,51,0.0876,8038,1.16464264221059,26,-95,0.0073,51,2025-09-27 05:19:16.000564,1.0543,1.13
"2904010",23,0.0501441368222204,1,0.0584,1,0.0584,1,138.17273978067,1,161.410003662109,0.0584000013768673,0.065700002014637,130.539306640625,-94.7812,25.5487,31.7904989400955,51,51,51,51,51,51,0.0584,8038,1.16464264221059,26,-95,0.0073,51,2025-09-27 05:19:16.000564,1.0543,1.13
"2904010",23,0.0188040513083326,1,0.0219,1,0.0219,1,135.059751411402,1,171.830001831055,0.0219000000506639,0.0292000006884336,127.598297119141,-94.7812,25.5487,31.7904989400955,51,51,51,51,51,51,0.0219,8038,1.16464264221059,26,-95,0.0073,51,2025-09-27 05:19:16.000564,1.0543,1.13
"2904010",23,0.0250720684111102,1,0.0292,1,0.0292,1,131.901265494967,1,181.520004272461,0.0292000006884336,0.0364999994635582,124.614303588867,-94.7812,25.5487,31.7904989400955,51,51,51,51,51,51,0.0292,8038,1.16464264221059,26,-95,0.0073,51,2025-09-27 05:19:16.000564,1.0543,1.13
"2904010",23,0,1,0,1,0,1,134.754916230271,1,191.539993286133,0,0.00730000017210841,127.310302734375,-94.7812,25.5487,31.7904989400955,51,51,51,51,51,51,0,8038,1.16464264221059,26,-95,0.0073,51,2025-09-27 05:19:16.000564,1.0543,1.13
"2904010",23,0,1,0,1,0,1,137.083673538026,1,201.220001220703,0,0.00730000017210841,129.510406494141,-94.7812,25.5487,31.7904989400955,51,51,51,51,51,51,0,8038,1.16464264221059,26,-95,0.0073,51,2025-09-27 05:19:16.000564,1.0543,1.13
"2904010",23,0.00626801710277755,1,0.0073,1,0.0073,1,135.846098262294,1,211.699996948242,0.00730000017210841,0.0146000003442168,128.341201782227,-94.7812,25.5487,31.7904989400955,51,51,51,51,51,51,0.0073,8038,1.16464264221059,26,-95,0.0073,51,2025-09-27 05:19:16.000564,1.0543,1.13
"2904010",23,0,1,0,1,0,1,130.10820667655,1,221.199996948242,0,0.00730000017210841,122.920303344727,-94.7812,25.5487,31.7904989400955,51,51,51,51,51,51,0,8038,1.16464264221059,26,-95,0.0073,51,2025-09-27 05:19:16.000564,1.0543,1.13
"2904010",23,0.0188040513083326,1,0.0219,1,0.0219,1,125.877895778244,1,231.779998779297,0.0219000000506639,0.0292000006884336,118.923698425293,-94.7812,25.5487,31.7904989400955,51,51,51,51,51,51,0.0219,8038,1.16464264221059,26,-95,0.0073,51,2025-09-27 05:19:16.000564,1.0543,1.13
"2904010",23,0.0125360342055551,1,0.0146,1,0.0146,1,125.697423789585,1,241.820007324219,0.0146000003442168,0.0219000000506639,118.753196716309,-94.7812,25.5487,31.7904989400955,51,51,51,51,51,51,0.0146,8038,1.16464264221059,26,-95,0.0073,51,2025-09-27 05:19:16.000564,1.0543,1.13
"2904010",23,0,1,0,1,0,1,123.887325598693,1,251.460006713867,0,0.00730000017210841,117.043098449707,-94.7812,25.5487,31.7904989400955,51,51,51,51,51,51,0,8038,1.16464264221059,26,-95,0.0073,51,2025-09-27 05:19:16.000564,1.0543,1.13
"2904010",23,0,1,0,1,0,1,122.232826757966,1,261.519989013672,0,0.00730000017210841,115.480003356934,-94.7812,25.5487,31.7904989400955,51,51,51,51,51,51,0,8038,1.16464264221059,26,-95,0.0073,51,2025-09-27 05:19:16.000564,1.0543,1.13
"2904010",23,0,1,-0.0073,1,-0.0073,1,121.451244470942,1,270.910003662109,-0.00730000017210841,0,114.741600036621,-94.7812,25.5487,31.7904989400955,51,51,51,51,51,51,0,8038,1.16464264221059,26,-95,0.0073,51,2025-09-27 05:19:16.000564,1.0543,1.13
"2904010",23,0,1,-0.0073,1,-0.0073,1,120.268607039261,1,281.75,-0.00730000017210841,0,113.624298095703,-94.7812,25.5487,31.7904989400955,51,51,51,51,51,51,0,8038,1.16464264221059,26,-95,0.0073,51,2025-09-27 05:19:16.000564,1.0543,1.13
"2904010",23,0,1,-0.0073,1,-0.0073,1,118.940327388344,1,291.559997558594,-0.00730000017210841,0,112.369400024414,-94.7812,25.5487,31.7904989400955,51,51,51,51,51,51,0,8038,1.16464264221059,26,-95,0.0073,51,2025-09-27 05:19:16.000564,1.0543,1.13
"2904010",23,0,1,-0.0073,1,-0.0073,1,117.588652921285,1,301.540008544922,-0.00730000017210841,0,111.092399597168,-94.7812,25.5487,31.7904989400955,51,51,51,51,51,51,0,8038,1.16464264221059,26,-95,0.0073,51,2025-09-27 05:19:16.000564,1.0543,1.13
"2904010",23,0,1,-0.0073,1,-0.0073,1,115.626976995154,1,311.070007324219,-0.00730000017210841,0,109.239097595215,-94.7812,25.5487,31.7904989400955,51,51,51,51,51,51,0,8038,1.16464264221059,26,-95,0.0073,51,2025-09-27 05:19:16.000564,1.0543,1.13
"2904010",23,0,1,-0.0073,1,-0.0073,1,113.980093381082,1,321.059997558594,-0.00730000017210841,0,107.683197021484,-94.7812,25.5487,31.7904989400955,51,51,51,51,51,51,0,8038,1.16464264221059,26,-95,0.0073,51,2025-09-27 05:19:16.000564,1.0543,1.13
"2904010",23,0,1,-0.0073,1,-0.0073,1,113.392961828573,1,331.609985351562,-0.00730000017210841,0,107.12850189209,-94.7812,25.5487,31.7904989400955,51,51,51,51,51,51,0,8038,1.16464264221059,26,-95,0.0073,51,2025-09-27 05:19:16.000564,1.0543,1.13
"2904010",23,0,1,-0.0073,1,-0.0073,1,112.899708335315,1,341.549987792969,-0.00730000017210841,0,106.662498474121,-94.7812,25.5487,31.7904989400955,51,51,51,51,51,51,0,8038,1.16464264221059,26,-95,0.0073,51,2025-09-27 05:19:16.000564,1.0543,1.13
"2904010",23,0,1,-0.0073,1,-0.0073,1,112.686320478311,1,351.339996337891,-0.00730000017210841,0,106.460899353027,-94.7812,25.5487,31.7904989400955,51,51,51,51,51,51,0,8038,1.16464264221059,26,-95,0.0073,51,2025-09-27 05:19:16.000564,1.0543,1.13
"2904010",23,0,1,0.0073,1,0.0073,1,112.482033745846,1,361.480010986328,0.00730000017210841,0,106.26789855957,-94.7812,25.5487,31.7904989400955,51,51,51,51,51,51,0,8038,1.16464264221059,26,-95,0.0073,51,2025-09-27 05:19:16.000564,1.0543,1.13
"2904010",23,0,1,0.0073,1,0.0073,1,110.517394099478,1,381.779998779297,0.00730000017210841,0,104.411796569824,-94.7812,25.5487,31.7904989400955,51,51,51,51,51,51,0,8038,1.16464264221059,26,-95,0.0073,51,2025-09-27 05:19:16.000564,1.0543,1.13
"2904010",23,0,1,-0.0073,1,-0.0073,1,109.954925221631,1,401.359985351562,-0.00730000017210841,0,103.880401611328,-94.7812,25.5487,31.7904989400955,51,51,51,51,51,51,0,8038,1.16464264221059,26,-95,0.0073,51,2025-09-27 05:19:16.000564,1.0543,1.13
"2904010",23,0,1,0,1,0,1,108.735665252427,1,451.390014648438,0,0,102.728500366211,-94.7812,25.5487,31.7904989400955,51,51,51,51,51,51,0,8038,1.16464264221059,26,-95,0.0073,51,2025-09-27 05:19:16.000564,1.0543,1.13
"2904010",23,0,1,0,1,0,1,109.442306602689,1,501.130004882812,0,0,103.396102905273,-94.7812,25.5487,31.7904989400955,51,51,51,51,51,51,0,8038,1.16464264221059,26,-95,0.0073,51,2025-09-27 05:19:16.000564,1.0543,1.13
"2904010",23,0,1,0,1,0,1,112.125329422816,1,551.599975585938,0,0,105.93090057373,-94.7812,25.5487,31.7904989400955,51,51,51,51,51,51,0,8038,1.16464264221059,26,-95,0.0073,51,2025-09-27 05:19:16.000564,1.0543,1.13
"2904010",23,0,1,0,1,0,1,115.97913479368,1,600.989990234375,0,0,109.571800231934,-94.7812,25.5487,31.7904989400955,51,51,51,51,51,51,0,8038,1.16464264221059,26,-95,0.0073,51,2025-09-27 05:19:16.000564,1.0543,1.13
"2904010",23,0,1,0,1,0,1,121.870081937016,1,651.909973144531,0,0,115.137298583984,-94.7812,25.5487,31.7904989400955,51,51,51,51,51,51,0,8038,1.16464264221059,26,-95,0.0073,51,2025-09-27 05:19:16.000564,1.0543,1.13
"2904010",23,0,1,0.0073,1,0.0073,1,128.576375166579,1,701.169982910156,0.00730000017210841,0,121.473098754883,-94.7812,25.5487,31.7904989400955,51,51,51,51,51,51,0,8038,1.16464264221059,26,-95,0.0073,51,2025-09-27 05:19:16.000564,1.0543,1.13
"2904010",23,0,1,0.0073,1,0.0073,1,135.641593490466,1,751.590026855469,0.00730000017210841,0,128.147994995117,-94.7812,25.5487,31.7904989400955,51,51,51,51,51,51,0,8038,1.16464264221059,26,-95,0.0073,51,2025-09-27 05:19:16.000564,1.0543,1.13
"2904010",23,0,1,-0.0073,1,-0.0073,1,143.41547204761,1,801.619995117188,-0.00730000017210841,0,135.492401123047,-94.7812,25.5487,31.7904989400955,51,51,51,51,51,51,0,8038,1.16464264221059,26,-95,0.0073,51,2025-09-27 05:19:16.000564,1.0543,1.13
"2904010",23,0,1,0,1,0,1,151.460946896261,1,850.950012207031,0,0,143.093399047852,-94.7812,25.5487,31.7904989400955,51,51,51,51,51,51,0,8038,1.16464264221059,26,-95,0.0073,51,2025-09-27 05:19:16.000564,1.0543,1.13
"2904010",23,0,1,0,1,0,1,158.094624942271,1,901.380004882812,0,0,149.360595703125,-94.7812,25.5487,31.7904989400955,51,51,51,51,51,51,0,8038,1.16464264221059,26,-95,0.0073,51,2025-09-27 05:19:16.000564,1.0543,1.13
"2904010",23,0,1,0,1,0,1,166.246906776872,1,951.549987792969,0,0,157.0625,-94.7812,25.5487,31.7904989400955,51,51,51,51,51,51,0,8038,1.16464264221059,26,-95,0.0073,51,2025-09-27 05:19:16.000564,1.0543,1.13
"2904010",23,0,1,0.0073,1,0.0073,1,172.753152928259,1,999.25,0.00730000017210841,0,163.20930480957,-94.7812,25.5487,31.7904989400955,51,51,51,51,51,51,0,8038,1.16464264221059,26,-95,0.0073,51,2025-09-27 05:19:16.000564,1.0543,1.13
"2904010",23,0,1,-0.0073,1,-0.0073,1,186.578641337455,1,1099.71997070312,-0.00730000017210841,0,176.27099609375,-94.7812,25.5487,31.7904989400955,51,51,51,51,51,51,0,8038,1.16464264221059,26,-95,0.0073,51,2025-09-27 05:19:16.000564,1.0543,1.13
"2904010",23,0,1,-0.0073,1,-0.0073,1,195.545211363593,1,1198.84997558594,-0.00730000017210841,0,184.742202758789,-94.7812,25.5487,31.7904989400955,51,51,51,51,51,51,0,8038,1.16464264221059,26,-95,0.0073,51,2025-09-27 05:19:16.000564,1.0543,1.13
"2904010",23,0,1,0,1,0,1,201.421129941917,1,1300.10998535156,0,0,190.293502807617,-94.7812,25.5487,31.7904989400955,51,51,51,51,51,51,0,8038,1.16464264221059,26,-95,0.0073,51,2025-09-27 05:19:16.000564,1.0543,1.13
"2904010",23,0,1,0.0073,1,0.0073,1,205.39190131796,1,1399.64001464844,0.00730000017210841,0,194.044906616211,-94.7812,25.5487,31.7904989400955,51,51,51,51,51,51,0,8038,1.16464264221059,26,-95,0.0073,51,2025-09-27 05:19:16.000564,1.0543,1.13
"2904010",23,0,1,0,1,0,1,208.21231316364,4,1499.5,0,0,196.709503173828,-94.7812,25.5487,31.7904989400955,51,51,51,51,51,51,0,8038,1.16464264221059,26,-95,0.0073,51,2025-09-27 05:19:16.000564,1.0543,1.13
"2904010",24,0.068948188130553,1,0.0803,1,0.0803,1,192.485256599558,1,7.26999998092651,0.0803000032901764,0.0752162039279938,181.821792602539,-94.7236,25.5665,47.8824980140265,51,51,51,51,51,51,0.0803,8038,1.16464264221059,26,-95,0.0073,51,2025-10-02 11:42:06.001241,1.0543,1.13
"2904010",24,0.0940202565416632,1,0.1095,1,0.1095,1,192.676564688685,1,11.8500003814697,0.109499998390675,0.100288271903992,182.002502441406,-94.7236,25.5665,47.8824980140265,51,51,51,51,51,51,0.1095,8038,1.16464264221059,26,-95,0.0073,51,2025-10-02 11:42:06.001241,1.0543,1.13
"2904010",24,0.0752162052333305,1,0.0876,1,0.0876,1,192.674238558074,1,16.2900009155273,0.0876000002026558,0.0814842209219933,182.000305175781,-94.7236,25.5665,47.8824980140265,51,51,51,51,51,51,0.0876,8038,1.16464264221059,26,-95,0.0073,51,2025-10-02 11:42:06.001241,1.0543,1.13
"2904010",24,0.0752162052333305,1,0.0876,1,0.0876,1,192.703767493894,1,21.8199996948242,0.0876000002026558,0.0814842209219933,182.028198242188,-94.7236,25.5665,47.8824980140265,51,51,51,51,51,51,0.0876,8038,1.16464264221059,26,-95,0.0073,51,2025-10-02 11:42:06.001241,1.0543,1.13
"2904010",24,0.0626801710277754,1,0.073,1,0.073,1,192.7062067003,1,26.9099998474121,0.0729999989271164,0.0689481869339943,182.030502319336,-94.7236,25.5665,47.8824980140265,51,51,51,51,51,51,0.073,8038,1.16464264221059,26,-95,0.0073,51,2025-10-02 11:42:06.001241,1.0543,1.13
"2904010",24,0.068948188130553,1,0.0803,1,0.0803,1,192.815357148516,1,31.7000007629395,0.0803000032901764,0.0752162039279938,182.133605957031,-94.7236,25.5665,47.8824980140265,51,51,51,51,51,51,0.0803,8038,1.16464264221059,26,-95,0.0073,51,2025-10-02 11:42:06.001241,1.0543,1.13
"2904010",24,0.0877522394388856,1,0.1022,1,0.1022,1,192.990236940198,1,36.7099990844727,0.102200001478195,0.0940202549099922,182.298797607422,-94.7236,25.5665,47.8824980140265,51,51,51,51,51,51,0.1022,8038,1.16464264221059,26,-95,0.0073,51,2025-10-02 11:42:06.001241,1.0543,1.13
"2904010",24,0.0814842223361081,1,0.0949,1,0.0949,1,193.192545688676,1,41.5200004577637,0.0948999971151352,0.0877522379159927,182.489898681641,-94.7236,25.5665,47.8824980140265,51,51,51,51,51,51,0.0949,8038,1.16464264221059,26,-95,0.0073,51,2025-10-02 11:42:06.001241,1.0543,1.13
"2904010",24,0.0752162052333305,1,0.0876,1,0.0876,1,193.938781311855,1,46.9000015258789,0.0876000002026558,0.0814842209219933,183.194793701172,-94.7236,25.5665,47.8824980140265,51,51,51,51,51,51,0.0876,8038,1.16464264221059,26,-95,0.0073,51,2025-10-02 11:42:06.001241,1.0543,1.13
"2904010",24,0.156700427569439,1,0.1825,1,0.1825,1,224.78884624415,1,51.8199996948242,0.182500004768372,0.162968441843987,212.335800170898,-94.7236,25.5665,47.8824980140265,51,51,51,51,51,51,0.1825,8038,1.16464264221059,26,-95,0.0073,51,2025-10-02 11:42:06.001241,1.0543,1.13
"2904010",24,0.169236461774994,1,0.1971,1,0.1971,1,227.647305384854,1,56.7200012207031,0.19709999859333,0.175504475831985,215.035903930664,-94.7236,25.5665,47.8824980140265,51,51,51,51,51,51,0.1971,8038,1.16464264221059,26,-95,0.0073,51,2025-10-02 11:42:06.001241,1.0543,1.13
"2904010",24,0.188040513083326,1,0.219,1,0.219,1,220.573202967318,1,61.6699981689453,0.218999996781349,0.194308519363403,208.353698730469,-94.7236,25.5665,47.8824980140265,51,51,51,51,51,51,0.219,8038,1.16464264221059,26,-95,0.0073,51,2025-10-02 11:42:06.001241,1.0543,1.13
"2904010",24,0.219380598597214,1,0.2555,1,0.2555,1,215.924156327209,1,66.7699966430664,0.255499988794327,0.225648611783981,203.962203979492,-94.7236,25.5665,47.8824980140265,51,51,51,51,51,51,0.2555,8038,1.16464264221059,26,-95,0.0073,51,2025-10-02 11:42:06.001241,1.0543,1.13
"2904010",24,0.319668872241655,1,0.3723,1,0.3723,1,213.727885187652,1,71.8899993896484,0.372299998998642,0.325936883687973,201.887603759766,-94.7236,25.5665,47.8824980140265,51,51,51,51,51,51,0.3723,8038,1.16464264221059,26,-95,0.0073,51,2025-10-02 11:42:06.001241,1.0543,1.13
"2904010",24,0.369813009063875,1,0.4307,1,0.4307,1,209.235723134354,1,76.5599975585938,0.4307000041008,0.376081019639969,197.644302368164,-94.7236,25.5665,47.8824980140265,51,51,51,51,51,51,0.4307,8038,1.16464264221059,26,-95,0.0073,51,2025-10-02 11:42:06.001241,1.0543,1.13
"2904010",24,0.288328786727767,1,0.3358,1,0.3358,1,205.334398256426,1,81.8899993896484,0.335799992084503,0.294596791267395,193.959106445312,-94.7236,25.5665,47.8824980140265,51,51,51,51,51,51,0.3358,8038,1.16464264221059,26,-95,0.0073,51,2025-10-02 11:42:06.001241,1.0543,1.13
"2904010",24,0.213112581494437,1,0.2482,1,0.2482,1,202.050790285381,1,86.4599990844727,0.248199999332428,0.219380602240562,190.857406616211,-94.7236,25.5665,47.8824980140265,51,51,51,51,51,51,0.2482,8038,1.16464264221059,26,-95,0.0073,51,2025-10-02 11:42:06.001241,1.0543,1.13
"2904010",24,0.269524735419434,1,0.3139,1,0.3139,1,193.099274312621,1,91.7799987792969,0.313899993896484,0.275792747735977,182.401794433594,-94.7236,25.5665,47.8824980140265,51,51,51,51,51,51,0.3139,8038,1.16464264221059,26,-95,0.0073,51,2025-10-02 11:42:06.001241,1.0543,1.13
"2904010",24,0.256988701213879,1,0.2993,1,0.2993,1,194.143206193042,1,96.9000015258789,0.299299985170364,0.263256698846817,183.387893676758,-94.7236,25.5665,47.8824980140265,51,51,51,51,51,51,0.2993,8038,1.16464264221059,26,-95,0.0073,51,2025-10-02 11:42:06.001241,1.0543,1.13
"2904010",24,0.194308530186104,1,0.2263,1,0.2263,1,196.457738459045,1,101.889999389648,0.226300001144409,0.200576543807983,185.574203491211,-94.7236,25.5665,47.8824980140265,51,51,51,51,51,51,0.2263,8038,1.16464264221059,26,-95,0.0073,51,2025-10-02 11:42:06.001241,1.0543,1.13
"2904010",24,0.131628359158328,1,0.1533,1,0.1533,1,194.504628736834,1,111.669998168945,0.153300002217293,0.137896373867989,183.729293823242,-94.7236,25.5665,47.8824980140265,51,51,51,51,51,51,0.1533,8038,1.16464264221059,26,-95,0.0073,51,2025-10-02 11:42:06.001241,1.0543,1.13
"2904010",24,0.131628359158328,1,0.1533,1,0.1533,1,186.883740242386,1,121.319999694824,0.153300002217293,0.137896373867989,176.53059387207,-94.7236,25.5665,47.8824980140265,51,51,51,51,51,51,0.1533,8038,1.16464264221059,26,-95,0.0073,51,2025-10-02 11:42:06.001241,1.0543,1.13
"2904010",24,0.100288273644441,1,0.1168,1,0.1168,1,167.432991448482,1,131.410003662109,0.116800002753735,0.106556288897991,158.15739440918,-94.7236,25.5665,47.8824980140265,51,51,51,51,51,51,0.1168,8038,1.16464264221059,26,-95,0.0073,51,2025-10-02 11:42:06.001241,1.0543,1.13
"2904010",24,0.0626801710277754,1,0.073,1,0.073,1,145.002469341,1,141.649993896484,0.0729999989271164,0.0689481869339943,136.969497680664,-94.7236,25.5665,47.8824980140265,51,51,51,51,51,51,0.073,8038,1.16464264221059,26,-95,0.0073,51,2025-10-02 11:42:06.001241,1.0543,1.13
"2904010",24,0.0188040513083326,1,0.0219,1,0.0219,1,138.73348272775,1,151.720001220703,0.0219000000506639,0.0250720679759979,131.047805786133,-94.7236,25.5665,47.8824980140265,51,51,51,51,51,51,0.0219,8038,1.16464264221059,26,-95,0.0073,51,2025-10-02 11:42:06.001241,1.0543,1.13
"2904010",24,0,1,0,1,0,1,141.188584358913,1,161.759994506836,0,0.00626801699399948,133.366897583008,-94.7236,25.5665,47.8824980140265,51,51,51,51,51,51,0,8038,1.16464264221059,26,-95,0.0073,51,2025-10-02 11:42:06.001241,1.0543,1.13
"2904010",24,0,1,0,1,0,1,140.025341362534,1,171.410003662109,0,0.00626801699399948,132.268096923828,-94.7236,25.5665,47.8824980140265,51,51,51,51,51,51,0,8038,1.16464264221059,26,-95,0.0073,51,2025-10-02 11:42:06.001241,1.0543,1.13
"2904010",24,0.0250720684111102,1,0.0292,1,0.0292,1,133.694841517553,1,181.869995117188,0.0292000006884336,0.0313400849699974,126.288299560547,-94.7236,25.5665,47.8824980140265,51,51,51,51,51,51,0.0292,8038,1.16464264221059,26,-95,0.0073,51,2025-10-02 11:42:06.001241,1.0543,1.13
"2904010",24,0.0188040513083326,1,0.0219,1,0.0219,1,130.10242355412,1,191.820007324219,0.0219000000506639,0.0250720679759979,122.894897460938,-94.7236,25.5665,47.8824980140265,51,51,51,51,51,51,0.0219,8038,1.16464264221059,26,-95,0.0073,51,2025-10-02 11:42:06.001241,1.0543,1.13
"2904010",24,0.0125360342055551,1,0.0146,1,0.0146,1,126.365825876975,1,201.279998779297,0.0146000003442168,0.0188040509819984,119.365303039551,-94.7236,25.5665,47.8824980140265,51,51,51,51,51,51,0.0146,8038,1.16464264221059,26,-95,0.0073,51,2025-10-02 11:42:06.001241,1.0543,1.13
"2904010",24,0.0188040513083326,1,0.0219,1,0.0219,1,126.116824902573,1,211.300003051758,0.0219000000506639,0.0250720679759979,119.130096435547,-94.7236,25.5665,47.8824980140265,51,51,51,51,51,51,0.0219,8038,1.16464264221059,26,-95,0.0073,51,2025-10-02 11:42:06.001241,1.0543,1.13
"2904010",24,0,1,0,1,0,1,125.849198729592,1,221.809997558594,0,0.00626801699399948,118.877296447754,-94.7236,25.5665,47.8824980140265,51,51,51,51,51,51,0,8038,1.16464264221059,26,-95,0.0073,51,2025-10-02 11:42:06.001241,1.0543,1.13
"2904010",24,0.00626801710277755,1,0.0073,1,0.0073,1,125.71443661412,1,231.619995117188,0.00730000017210841,0.012536033987999,118.75,-94.7236,25.5665,47.8824980140265,51,51,51,51,51,51,0.0073,8038,1.16464264221059,26,-95,0.0073,51,2025-10-02 11:42:06.001241,1.0543,1.13
"2904010",24,0,1,0,1,0,1,125.349096801763,1,241.220001220703,0,0.00626801699399948,118.404899597168,-94.7236,25.5665,47.8824980140265,51,51,51,51,51,51,0,8038,1.16464264221059,26,-95,0.0073,51,2025-10-02 11:42:06.001241,1.0543,1.13
"2904010",24,0,1,-0.0073,1,-0.0073,1,124.878418810804,1,251.729995727539,-0.00730000017210841,0,117.960296630859,-94.7236,25.5665,47.8824980140265,51,51,51,51,51,51,0,8038,1.16464264221059,26,-95,0.0073,51,2025-10-02 11:42:06.001241,1.0543,1.13
"2904010",24,0,1,-0.0146,1,-0.0146,1,125.356826339942,1,261.630004882812,-0.0146000003442168,-0.00626801699399948,118.412200927734,-94.7236,25.5665,47.8824980140265,51,51,51,51,51,51,0,8038,1.16464264221059,26,-95,0.0073,51,2025-10-02 11:42:06.001241,1.0543,1.13
"2904010",24,0,1,-0.0073,1,-0.0073,1,124.787481642203,1,271.859985351562,-0.00730000017210841,0,117.874397277832,-94.7236,25.5665,47.8824980140265,51,51,51,51,51,51,0,8038,1.16464264221059,26,-95,0.0073,51,2025-10-02 11:42:06.001241,1.0543,1.13
"2904010",24,0,1,-0.0073,1,-0.0073,1,124.244394759112,1,281.049987792969,-0.00730000017210841,0,117.361396789551,-94.7236,25.5665,47.8824980140265,51,51,51,51,51,51,0,8038,1.16464264221059,26,-95,0.0073,51,2025-10-02 11:42:06.001241,1.0543,1.13
"2904010",24,0,1,-0.0073,1,-0.0073,1,124.686698802715,1,289.899993896484,-0.00730000017210841,0,117.779197692871,-94.7236,25.5665,47.8824980140265,51,51,51,51,51,51,0,8038,1.16464264221059,26,-95,0.0073,51,2025-10-02 11:42:06.001241,1.0543,1.13
"2904010",24,0,1,-0.0073,1,-0.0073,1,124.614822982182,1,301.179992675781,-0.00730000017210841,0,117.711303710938,-94.7236,25.5665,47.8824980140265,51,51,51,51,51,51,0,8038,1.16464264221059,26,-95,0.0073,51,2025-10-02 11:42:06.001241,1.0543,1.13
"2904010",24,0,1,-0.0073,1,-0.0073,1,119.568670308551,1,311.399993896484,-0.00730000017210841,0,112.944702148438,-94.7236,25.5665,47.8824980140265,51,51,51,51,51,51,0,8038,1.16464264221059,26,-95,0.0073,51,2025-10-02 11:42:06.001241,1.0543,1.13
"2904010",24,0,1,-0.0073,1,-0.0073,1,114.958893276199,1,321.720001220703,-0.00730000017210841,0,108.590301513672,-94.7236,25.5665,47.8824980140265,51,51,51,51,51,51,0,8038,1.16464264221059,26,-95,0.0073,51,2025-10-02 11:42:06.001241,1.0543,1.13
"2904010",24,0,1,-0.0073,1,-0.0073,1,115.823171951079,1,331.450012207031,-0.00730000017210841,0,109.406700134277,-94.7236,25.5665,47.8824980140265,51,51,51,51,51,51,0,8038,1.16464264221059,26,-95,0.0073,51,2025-10-02 11:42:06.001241,1.0543,1.13
"2904010",24,0,1,-0.0073,1,-0.0073,1,115.036810574849,1,341.279998779297,-0.00730000017210841,0,108.663902282715,-94.7236,25.5665,47.8824980140265,51,51,51,51,51,51,0,8038,1.16464264221059,26,-95,0.0073,51,2025-10-02 11:42:06.001241,1.0543,1.13
"2904010",24,0,1,0,1,0,1,112.715509914913,1,351.519989013672,0,0.00626801699399948,106.471199035645,-94.7236,25.5665,47.8824980140265,51,51,51,51,51,51,0,8038,1.16464264221059,26,-95,0.0073,51,2025-10-02 11:42:06.001241,1.0543,1.13
"2904010",24,0,1,-0.0073,1,-0.0073,1,111.969904285441,1,361.059997558594,-0.00730000017210841,0,105.766899108887,-94.7236,25.5665,47.8824980140265,51,51,51,51,51,51,0,8038,1.16464264221059,26,-95,0.0073,51,2025-10-02 11:42:06.001241,1.0543,1.13
"2904010",24,0,1,-0.0073,1,-0.0073,1,110.400565729947,1,381.25,-0.00730000017210841,0,104.28450012207,-94.7236,25.5665,47.8824980140265,51,51,51,51,51,51,0,8038,1.16464264221059,26,-95,0.0073,51,2025-10-02 11:42:06.001241,1.0543,1.13
"2904010",24,0,1,-0.0073,1,-0.0073,1,111.68650403925,1,401.459991455078,-0.00730000017210841,0,105.499198913574,-94.7236,25.5665,47.8824980140265,51,51,51,51,51,51,0,8038,1.16464264221059,26,-95,0.0073,51,2025-10-02 11:42:06.001241,1.0543,1.13
"2904010",24,0,1,-0.0073,1,-0.0073,1,110.405007993268,1,450.760009765625,-0.00730000017210841,0,104.288696289062,-94.7236,25.5665,47.8824980140265,51,51,51,51,51,51,0,8038,1.16464264221059,26,-95,0.0073,51,2025-10-02 11:42:06.001241,1.0543,1.13
"2904010",24,0,1,0,1,0,1,110.547297725859,1,501.209991455078,0,0.00626801699399948,104.42310333252,-94.7236,25.5665,47.8824980140265,51,51,51,51,51,51,0,8038,1.16464264221059,26,-95,0.0073,51,2025-10-02 11:42:06.001241,1.0543,1.13
"2904010",24,0,1,0.0073,1,0.0073,1,111.646911357797,1,551.059997558594,0.00730000017210841,0.012536033987999,105.461799621582,-94.7236,25.5665,47.8824980140265,51,51,51,51,51,51,0,8038,1.16464264221059,26,-95,0.0073,51,2025-10-02 11:42:06.001241,1.0543,1.13
"2904010",24,0,1,-0.0073,1,-0.0073,1,114.574920188422,1,601.590026855469,-0.00730000017210841,0,108.227600097656,-94.7236,25.5665,47.8824980140265,51,51,51,51,51,51,0,8038,1.16464264221059,26,-95,0.0073,51,2025-10-02 11:42:06.001241,1.0543,1.13
"2904010",24,0,1,0,1,0,1,121.413994568912,1,651.109985351562,0,0.00626801699399948,114.687797546387,-94.7236,25.5665,47.8824980140265,51,51,51,51,51,51,0,8038,1.16464264221059,26,-95,0.0073,51,2025-10-02 11:42:06.001241,1.0543,1.13
"2904010",24,0,1,-0.0073,1,-0.0073,1,131.348034189312,1,701.080017089844,-0.00730000017210841,0,124.071502685547,-94.7236,25.5665,47.8824980140265,51,51,51,51,51,51,0,8038,1.16464264221059,26,-95,0.0073,51,2025-10-02 11:42:06.001241,1.0543,1.13
"2904010",24,0,1,0,1,0,1,138.67143642442,1,750.869995117188,0,0.00626801699399948,130.989196777344,-94.7236,25.5665,47.8824980140265,51,51,51,51,51,51,0,8038,1.16464264221059,26,-95,0.0073,51,2025-10-02 11:42:06.001241,1.0543,1.13
"2904010",24,0,1,0,1,0,1,145.720662167359,1,801.890014648438,0,0.00626801699399948,137.647903442383,-94.7236,25.5665,47.8824980140265,51,51,51,51,51,51,0,8038,1.16464264221059,26,-95,0.0073,51,2025-10-02 11:42:06.001241,1.0543,1.13
"2904010",24,0,1,0,1,0,1,152.905918090029,1,851.179992675781,0,0.00626801699399948,144.435104370117,-94.7236,25.5665,47.8824980140265,51,51,51,51,51,51,0,8038,1.16464264221059,26,-95,0.0073,51,2025-10-02 11:42:06.001241,1.0543,1.13
"2904010",24,0,1,0,1,0,1,160.513673638731,1,900.869995117188,0,0.00626801699399948,151.621398925781,-94.7236,25.5665,47.8824980140265,51,51,51,51,51,51,0,8038,1.16464264221059,26,-95,0.0073,51,2025-10-02 11:42:06.001241,1.0543,1.13
"2904010",24,0,1,0.0073,1,0.0073,1,167.156472672017,1,951.070007324219,0.00730000017210841,0.012536033987999,157.896194458008,-94.7236,25.5665,47.8824980140265,51,51,51,51,51,51,0,8038,1.16464264221059,26,-95,0.0073,51,2025-10-02 11:42:06.001241,1.0543,1.13
"2904010",24,0,1,0.0073,1,0.0073,1,175.209714540228,1,999.510009765625,0.00730000017210841,0.012536033987999,165.503295898438,-94.7236,25.5665,47.8824980140265,51,51,51,51,51,51,0,8038,1.16464264221059,26,-95,0.0073,51,2025-10-02 11:42:06.001241,1.0543,1.13
"2904010",24,0,1,0.0073,1,0.0073,1,189.602566931649,1,1099.89001464844,0.00730000017210841,0.012536033987999,179.09880065918,-94.7236,25.5665,47.8824980140265,51,51,51,51,51,51,0,8038,1.16464264221059,26,-95,0.0073,51,2025-10-02 11:42:06.001241,1.0543,1.13
"2904010",24,0,1,0,1,0,1,198.130290983591,1,1199.09997558594,0,0.00626801699399948,187.154098510742,-94.7236,25.5665,47.8824980140265,51,51,51,51,51,51,0,8038,1.16464264221059,26,-95,0.0073,51,2025-10-02 11:42:06.001241,1.0543,1.13
"2904010",24,0,1,0.0073,1,0.0073,1,202.708842943218,1,1299.18005371094,0.00730000017210841,0.012536033987999,191.47900390625,-94.7236,25.5665,47.8824980140265,51,51,51,51,51,51,0,8038,1.16464264221059,26,-95,0.0073,51,2025-10-02 11:42:06.001241,1.0543,1.13
"2904010",24,0,1,0.0073,1,0.0073,1,206.454333223847,1,1399.82995605469,0.00730000017210841,0.012536033987999,195.016998291016,-94.7236,25.5665,47.8824980140265,51,51,51,51,51,51,0,8038,1.16464264221059,26,-95,0.0073,51,2025-10-02 11:42:06.001241,1.0543,1.13
"2904010",24,0,1,0,1,0,1,208.984614104085,4,1499.43994140625,0,0.00626801699399948,197.407104492188,-94.7236,25.5665,47.8824980140265,51,51,51,51,51,51,0,8038,1.16464264221059,26,-95,0.0073,51,2025-10-02 11:42:06.001241,1.0543,1.13
"2904010",25,0.0313400855138877,5,0.0365,1,0.0365,1,191.54482548077,1,7.90999984741211,0.0364999994635582,0.238184660673141,180.904098510742,-94.5335,25.5278,36.1514268031043,51,51,51,51,51,51,0.0365,8038,1.16464264221059,26,-95,0.0073,51,2025-10-07 18:07:48.001941,1.0543,1.13
"2904010",25,0.0438761197194428,5,0.0511,1,0.0511,1,191.625300044145,1,11.8500003814697,0.0511000007390976,0.238184660673141,180.980102539062,-94.5335,25.5278,36.1514268031043,51,51,51,51,51,51,0.0511,8038,1.16464264221059,26,-95,0.0073,51,2025-10-07 18:07:48.001941,1.0543,1.13
"2904010",25,0.0438761197194428,5,0.0511,1,0.0511,1,191.705128355254,1,16.7299995422363,0.0511000007390976,0.238184660673141,181.05549621582,-94.5335,25.5278,36.1514268031043,51,51,51,51,51,51,0.0511,8038,1.16464264221059,26,-95,0.0073,51,2025-10-07 18:07:48.001941,1.0543,1.13
"2904010",25,0.0376081026166653,5,0.0438,1,0.0438,1,191.842990119816,1,21.7299995422363,0.0438000001013279,0.238184660673141,181.185699462891,-94.5335,25.5278,36.1514268031043,51,51,51,51,51,51,0.0438,8038,1.16464264221059,26,-95,0.0073,51,2025-10-07 18:07:48.001941,1.0543,1.13
"2904010",25,0.0438761197194428,5,0.0511,1,0.0511,1,191.681410897107,1,26.8400001525879,0.0511000007390976,0.238184660673141,181.033096313477,-94.5335,25.5278,36.1514268031043,51,51,51,51,51,51,0.0511,8038,1.16464264221059,26,-95,0.0073,51,2025-10-07 18:07:48.001941,1.0543,1.13
"2904010",25,0.0313400855138877,5,0.0365,1,0.0365,1,191.820338977906,1,31.3500003814697,0.0364999994635582,0.238184660673141,181.164306640625,-94.5335,25.5278,36.1514268031043,51,51,51,51,51,51,0.0365,8038,1.16464264221059,26,-95,0.0073,51,2025-10-07 18:07:48.001941,1.0543,1.13
"2904010",25,0.0438761197194428,1,0.0511,1,0.0511,1,191.979898662286,1,36.3899993896484,0.0511000007390976,0.238184660673141,181.315002441406,-94.5335,25.5278,36.1514268031043,51,51,51,51,51,51,0.0511,8038,1.16464264221059,26,-95,0.0073,51,2025-10-07 18:07:48.001941,1.0543,1.13
"2904010",25,0.0438761197194428,1,0.0511,1,0.0511,1,192.150573885634,1,41.5299987792969,0.0511000007390976,0.238184660673141,181.476196289062,-94.5335,25.5278,36.1514268031043,51,51,51,51,51,51,0.0511,8038,1.16464264221059,26,-95,0.0073,51,2025-10-07 18:07:48.001941,1.0543,1.13
"2904010",25,0.068948188130553,1,0.0803,1,0.0803,1,192.553463704323,1,46.9799995422363,0.0803000032901764,0.238184660673141,181.856704711914,-94.5335,25.5278,36.1514268031043,51,51,51,51,51,51,0.0803,8038,1.16464264221059,26,-95,0.0073,51,2025-10-07 18:07:48.001941,1.0543,1.13
"2904010",25,0.125360342055551,1,0.146,1,0.146,1,225.176536573299,1,51.7700004577637,0.145999997854233,0.238184660673141,212.667495727539,-94.5335,25.5278,36.1514268031043,51,51,51,51,51,51,0.146,8038,1.16464264221059,26,-95,0.0073,51,2025-10-07 18:07:48.001941,1.0543,1.13
"2904010",25,0.100288273644441,1,0.1168,1,0.1168,1,223.245260146439,1,56.8800010681152,0.116800002753735,0.238184660673141,210.843505859375,-94.5335,25.5278,36.1514268031043,51,51,51,51,51,51,0.1168,8038,1.16464264221059,26,-95,0.0073,51,2025-10-07 18:07:48.001941,1.0543,1.13
"2904010",25,0.119092324952773,1,0.1387,1,0.1387,1,222.159863310037,1,61.9000015258789,0.138699993491173,0.238184660673141,209.818405151367,-94.5335,25.5278,36.1514268031043,51,51,51,51,51,51,0.1387,8038,1.16464264221059,26,-95,0.0073,51,2025-10-07 18:07:48.001941,1.0543,1.13
"2904010",25,0.144164393363884,1,0.1679,1,0.1679,1,218.367477296056,1,66.620002746582,0.167899996042252,0.238184660673141,206.236694335938,-94.5335,25.5278,36.1514268031043,51,51,51,51,51,51,0.1679,8038,1.16464264221059,26,-95,0.0073,51,2025-10-07 18:07:48.001941,1.0543,1.13
"2904010",25,0.162968444672216,1,0.1898,1,0.1898,1,213.619736557821,1,71.6900024414062,0.18979999423027,0.238184660673141,201.752700805664,-94.5335,25.5278,36.1514268031043,51,51,51,51,51,51,0.1898,8038,1.16464264221059,26,-95,0.0073,51,2025-10-07 18:07:48.001941,1.0543,1.13
"2904010",25,0.194308530186104,1,0.2263,1,0.2263,1,210.007364112426,1,76.7799987792969,0.226300001144409,0.238184660673141,198.341003417969,-94.5335,25.5278,36.1514268031043,51,51,51,51,51,51,0.2263,8038,1.16464264221059,26,-95,0.0073,51,2025-10-07 18:07:48.001941,1.0543,1.13
"2904010",25,0.3071328380361,1,0.3577,1,0.3577,1,204.770959723548,1,81.8099975585938,0.357699990272522,0.238184660673141,193.395492553711,-94.5335,25.5278,36.1514268031043,51,51,51,51,51,51,0.3577,8038,1.16464264221059,26,-95,0.0073,51,2025-10-07 18:07:48.001941,1.0543,1.13
"2904010",25,0.269524735419434,1,0.3139,1,0.3139,1,203.155522935199,1,86.6999969482422,0.313899993896484,0.238184660673141,191.86979675293,-94.5335,25.5278,36.1514268031043,51,51,51,51,51,51,0.3139,8038,1.16464264221059,26,-95,0.0073,51,2025-10-07 18:07:48.001941,1.0543,1.13
"2904010",25,0.219380598597214,1,0.2555,1,0.2555,1,200.649728244211,1,91.5800018310547,0.255499988794327,0.238184660673141,189.503204345703,-94.5335,25.5278,36.1514268031043,51,51,51,51,51,51,0.2555,8038,1.16464264221059,26,-95,0.0073,51,2025-10-07 18:07:48.001941,1.0543,1.13
"2904010",25,0.206844564391659,1,0.2409,1,0.2409,1,198.497562792964,1,95.8300018310547,0.240899994969368,0.213112577795982,187.470596313477,-94.5335,25.5278,36.1514268031043,51,51,51,51,51,51,0.2409,8038,1.16464264221059,26,-95,0.0073,51,2025-10-07 18:07:48.001941,1.0543,1.13
"2904010",25,0.231916632802769,1,0.2701,1,0.2701,1,192.453504635139,1,101.900001525879,0.270099997520447,0.238184660673141,181.762298583984,-94.5335,25.5278,36.1514268031043,51,51,51,51,51,51,0.2701,8038,1.16464264221059,26,-95,0.0073,51,2025-10-07 18:07:48.001941,1.0543,1.13
"2904010",25,0.238184649905547,1,0.2774,1,0.2774,1,176.897227067165,1,111.709999084473,0.277399986982346,0.244452655315399,167.070205688477,-94.5335,25.5278,36.1514268031043,51,51,51,51,51,51,0.2774,8038,1.16464264221059,26,-95,0.0073,51,2025-10-07 18:07:48.001941,1.0543,1.13
"2904010",25,0.175504478877771,1,0.2044,1,0.2044,1,147.669353569725,1,121.580001831055,0.20440000295639,0.181772500276566,139.466003417969,-94.5335,25.5278,36.1514268031043,51,51,51,51,51,51,0.2044,8038,1.16464264221059,26,-95,0.0073,51,2025-10-07 18:07:48.001941,1.0543,1.13
"2904010",25,0.137896376261106,1,0.1606,1,0.1606,1,136.069238496145,1,131.419998168945,0.160600006580353,0.144164398312569,128.510299682617,-94.5335,25.5278,36.1514268031043,51,51,51,51,51,51,0.1606,8038,1.16464264221059,26,-95,0.0073,51,2025-10-07 18:07:48.001941,1.0543,1.13
"2904010",25,0.131628359158328,1,0.1533,1,0.1533,1,132.323237238528,1,141.910003662109,0.153300002217293,0.137896373867989,124.972396850586,-94.5335,25.5278,36.1514268031043,51,51,51,51,51,51,0.1533,8038,1.16464264221059,26,-95,0.0073,51,2025-10-07 18:07:48.001941,1.0543,1.13
"2904010",25,0.0814842223361081,1,0.0949,1,0.0949,1,129.493435896021,1,151.410003662109,0.0948999971151352,0.0877522379159927,122.299797058105,-94.5335,25.5278,36.1514268031043,51,51,51,51,51,51,0.0949,8038,1.16464264221059,26,-95,0.0073,51,2025-10-07 18:07:48.001941,1.0543,1.13
"2904010",25,0.0752162052333305,1,0.0876,1,0.0876,1,126.130734935292,1,161.539993286133,0.0876000002026558,0.0814842209219933,119.123901367188,-94.5335,25.5278,36.1514268031043,51,51,51,51,51,51,0.0876,8038,1.16464264221059,26,-95,0.0073,51,2025-10-07 18:07:48.001941,1.0543,1.13
"2904010",25,0.0376081026166653,1,0.0438,1,0.0438,1,128.1593288752,1,171.410003662109,0.0438000001013279,0.0438761189579964,121.03980255127,-94.5335,25.5278,36.1514268031043,51,51,51,51,51,51,0.0438,8038,1.16464264221059,26,-95,0.0073,51,2025-10-07 18:07:48.001941,1.0543,1.13
"2904010",25,0.0188040513083326,1,0.0219,1,0.0219,1,128.456645308148,1,181.199996948242,0.0219000000506639,0.0250720679759979,121.320602416992,-94.5335,25.5278,36.1514268031043,51,51,51,51,51,51,0.0219,8038,1.16464264221059,26,-95,0.0073,51,2025-10-07 18:07:48.001941,1.0543,1.13
"2904010",25,0.00626801710277755,1,0.0073,1,0.0073,1,128.723676744298,1,191.149993896484,0.00730000017210841,0.012536033987999,121.572799682617,-94.5335,25.5278,36.1514268031043,51,51,51,51,51,51,0.0073,8038,1.16464264221059,26,-95,0.0073,51,2025-10-07 18:07:48.001941,1.0543,1.13
"2904010",25,0.00626801710277755,1,0.0073,1,0.0073,1,129.757300696071,1,201.220001220703,0.00730000017210841,0.012536033987999,122.549003601074,-94.5335,25.5278,36.1514268031043,51,51,51,51,51,51,0.0073,8038,1.16464264221059,26,-95,0.0073,51,2025-10-07 18:07:48.001941,1.0543,1.13
"2904010",25,0,1,-0.0073,1,-0.0073,1,129.869530480147,1,211.089996337891,-0.00730000017210841,0,122.654998779297,-94.5335,25.5278,36.1514268031043,51,51,51,51,51,51,0,8038,1.16464264221059,26,-95,0.0073,51,2025-10-07 18:07:48.001941,1.0543,1.13
"2904010",25,0,1,-0.0073,1,-0.0073,1,129.337260957883,1,221.169998168945,-0.00730000017210841,0,122.152297973633,-94.5335,25.5278,36.1514268031043,51,51,51,51,51,51,0,8038,1.16464264221059,26,-95,0.0073,51,2025-10-07 18:07:48.001941,1.0543,1.13
"2904010",25,0,1,-0.0073,1,-0.0073,1,128.438752198543,1,230.970001220703,-0.00730000017210841,0,121.303703308105,-94.5335,25.5278,36.1514268031043,51,51,51,51,51,51,0,8038,1.16464264221059,26,-95,0.0073,51,2025-10-07 18:07:48.001941,1.0543,1.13
"2904010",25,0,1,-0.0073,1,-0.0073,1,127.845064476586,1,241.270004272461,-0.00730000017210841,0,120.74299621582,-94.5335,25.5278,36.1514268031043,51,51,51,51,51,51,0,8038,1.16464264221059,26,-95,0.0073,51,2025-10-07 18:07:48.001941,1.0543,1.13
"2904010",25,0,1,-0.0073,1,-0.0073,1,126.432389336573,1,250.990005493164,-0.00730000017210841,0,119.408798217773,-94.5335,25.5278,36.1514268031043,51,51,51,51,51,51,0,8038,1.16464264221059,26,-95,0.0073,51,2025-10-07 18:07:48.001941,1.0543,1.13
"2904010",25,0,1,-0.0073,1,-0.0073,1,125.245458191091,1,261.089996337891,-0.00730000017210841,0,118.287803649902,-94.5335,25.5278,36.1514268031043,51,51,51,51,51,51,0,8038,1.16464264221059,26,-95,0.0073,51,2025-10-07 18:07:48.001941,1.0543,1.13
"2904010",25,0,1,-0.0073,1,-0.0073,1,126.234288782703,1,271.149993896484,-0.00730000017210841,0,119.221702575684,-94.5335,25.5278,36.1514268031043,51,51,51,51,51,51,0,8038,1.16464264221059,26,-95,0.0073,51,2025-10-07 18:07:48.001941,1.0543,1.13
"2904010",25,0,1,-0.0073,1,-0.0073,1,123.13491138575,1,281.160003662109,-0.00730000017210841,0,116.294502258301,-94.5335,25.5278,36.1514268031043,51,51,51,51,51,51,0,8038,1.16464264221059,26,-95,0.0073,51,2025-10-07 18:07:48.001941,1.0543,1.13
"2904010",25,0,1,0,1,0,1,119.964801678326,1,291.589996337891,0,0.00626801699399948,113.300498962402,-94.5335,25.5278,36.1514268031043,51,51,51,51,51,51,0,8038,1.16464264221059,26,-95,0.0073,51,2025-10-07 18:07:48.001941,1.0543,1.13
"2904010",25,0,1,-0.0073,1,-0.0073,1,119.620155345075,1,301.630004882812,-0.00730000017210841,0,112.974998474121,-94.5335,25.5278,36.1514268031043,51,51,51,51,51,51,0,8038,1.16464264221059,26,-95,0.0073,51,2025-10-07 18:07:48.001941,1.0543,1.13
"2904010",25,0,1,-0.0073,1,-0.0073,1,118.585263123231,1,311.850006103516,-0.00730000017210841,0,111.997596740723,-94.5335,25.5278,36.1514268031043,51,51,51,51,51,51,0,8038,1.16464264221059,26,-95,0.0073,51,2025-10-07 18:07:48.001941,1.0543,1.13
"2904010",25,0,1,-0.0073,1,-0.0073,1,118.164811399224,1,321.679992675781,-0.00730000017210841,0,111.60050201416,-94.5335,25.5278,36.1514268031043,51,51,51,51,51,51,0,8038,1.16464264221059,26,-95,0.0073,51,2025-10-07 18:07:48.001941,1.0543,1.13
"2904010",25,0,1,0,1,0,1,119.528040162765,1,331.730010986328,0,0.00626801699399948,112.888000488281,-94.5335,25.5278,36.1514268031043,51,51,51,51,51,51,0,8038,1.16464264221059,26,-95,0.0073,51,2025-10-07 18:07:48.001941,1.0543,1.13
"2904010",25,0,1,-0.0073,1,-0.0073,1,118.294514228933,1,341.239990234375,-0.00730000017210841,0,111.722999572754,-94.5335,25.5278,36.1514268031043,51,51,51,51,51,51,0,8038,1.16464264221059,26,-95,0.0073,51,2025-10-07 18:07:48.001941,1.0543,1.13
"2904010",25,0,1,-0.0073,1,-0.0073,1,116.346289836407,1,351.850006103516,-0.00730000017210841,0,109.883003234863,-94.5335,25.5278,36.1514268031043,51,51,51,51,51,51,0,8038,1.16464264221059,26,-95,0.0073,51,2025-10-07 18:07:48.001941,1.0543,1.13
"2904010",25,0,1,0,1,0,1,116.432895718152,1,361.589996337891,0,0.00626801699399948,109.964797973633,-94.5335,25.5278,36.1514268031043,51,51,51,51,51,51,0,8038,1.16464264221059,26,-95,0.0073,51,2025-10-07 18:07:48.001941,1.0543,1.13
"2904010",25,0,1,-0.0073,1,-0.0073,1,114.7292535737,1,381.290008544922,-0.00730000017210841,0,108.355796813965,-94.5335,25.5278,36.1514268031043,51,51,51,51,51,51,0,8038,1.16464264221059,26,-95,0.0073,51,2025-10-07 18:07:48.001941,1.0543,1.13
"2904010",25,0,1,0,1,0,1,111.043297229712,1,401.029998779297,0,0.00626801699399948,104.874603271484,-94.5335,25.5278,36.1514268031043,51,51,51,51,51,51,0,8038,1.16464264221059,26,-95,0.0073,51,2025-10-07 18:07:48.001941,1.0543,1.13
"2904010",25,0,1,0,1,0,1,109.906119430529,1,451.190002441406,0,0.00626801699399948,103.800598144531,-94.5335,25.5278,36.1514268031043,51,51,51,51,51,51,0,8038,1.16464264221059,26,-95,0.0073,51,2025-10-07 18:07:48.001941,1.0543,1.13
"2904010",25,0,1,0.0073,1,0.0073,1,111.625118144442,1,501.700012207031,0.00730000017210841,0.012536033987999,105.424102783203,-94.5335,25.5278,36.1514268031043,51,51,51,51,51,51,0,8038,1.16464264221059,26,-95,0.0073,51,2025-10-07 18:07:48.001941,1.0543,1.13
"2904010",25,0,1,0.0073,1,0.0073,1,115.859653802248,1,551.590026855469,0.00730000017210841,0.012536033987999,109.423400878906,-94.5335,25.5278,36.1514268031043,51,51,51,51,51,51,0,8038,1.16464264221059,26,-95,0.0073,51,2025-10-07 18:07:48.001941,1.0543,1.13
"2904010",25,0,1,-0.0073,1,-0.0073,1,120.293356330163,1,601.039978027344,-0.00730000017210841,0,113.610801696777,-94.5335,25.5278,36.1514268031043,51,51,51,51,51,51,0,8038,1.16464264221059,26,-95,0.0073,51,2025-10-07 18:07:48.001941,1.0543,1.13
"2904010",25,0,1,0.0073,1,0.0073,1,125.703182514516,1,649.489990234375,0.00730000017210841,0.012536033987999,118.720100402832,-94.5335,25.5278,36.1514268031043,51,51,51,51,51,51,0,8038,1.16464264221059,26,-95,0.0073,51,2025-10-07 18:07:48.001941,1.0543,1.13
"2904010",25,0,1,0.0073,1,0.0073,1,134.490436133103,1,701.580017089844,0.00730000017210841,0.012536033987999,127.019203186035,-94.5335,25.5278,36.1514268031043,51,51,51,51,51,51,0,8038,1.16464264221059,26,-95,0.0073,51,2025-10-07 18:07:48.001941,1.0543,1.13
"2904010",25,0,1,0.0073,1,0.0073,1,143.313791018877,1,751.530029296875,0.00730000017210841,0.012536033987999,135.352401733398,-94.5335,25.5278,36.1514268031043,51,51,51,51,51,51,0,8038,1.16464264221059,26,-95,0.0073,51,2025-10-07 18:07:48.001941,1.0543,1.13
"2904010",25,0,1,0,1,0,1,150.101039282155,1,801.200012207031,0,0.00626801699399948,141.762603759766,-94.5335,25.5278,36.1514268031043,51,51,51,51,51,51,0,8038,1.16464264221059,26,-95,0.0073,51,2025-10-07 18:07:48.001941,1.0543,1.13
"2904010",25,0,1,0,1,0,1,156.799977173338,1,851.289978027344,0,0.00626801699399948,148.089401245117,-94.5335,25.5278,36.1514268031043,51,51,51,51,51,51,0,8038,1.16464264221059,26,-95,0.0073,51,2025-10-07 18:07:48.001941,1.0543,1.13
"2904010",25,0,1,0.0073,1,0.0073,1,163.408488216255,1,901.75,0.00730000017210841,0.012536033987999,154.330795288086,-94.5335,25.5278,36.1514268031043,51,51,51,51,51,51,0,8038,1.16464264221059,26,-95,0.0073,51,2025-10-07 18:07:48.001941,1.0543,1.13
"2904010",25,0,1,0,1,0,1,170.741141079096,1,951.609985351562,0,0.00626801699399948,161.256103515625,-94.5335,25.5278,36.1514268031043,51,51,51,51,51,51,0,8038,1.16464264221059,26,-95,0.0073,51,2025-10-07 18:07:48.001941,1.0543,1.13
"2904010",25,0,1,0,1,0,1,177.815745412278,1,999.239990234375,0,0.00626801699399948,167.937698364258,-94.5335,25.5278,36.1514268031043,51,51,51,51,51,51,0,8038,1.16464264221059,26,-95,0.0073,51,2025-10-07 18:07:48.001941,1.0543,1.13
"2904010",25,0,1,0.0073,1,0.0073,1,190.622284215302,1,1100.06005859375,0.00730000017210841,0.012536033987999,180.032806396484,-94.5335,25.5278,36.1514268031043,51,51,51,51,51,51,0,8038,1.16464264221059,26,-95,0.0073,51,2025-10-07 18:07:48.001941,1.0543,1.13
"2904010",25,0,1,0,1,0,1,198.332703840007,1,1198.71997070312,0,0.00626801699399948,187.314895629883,-94.5335,25.5278,36.1514268031043,51,51,51,51,51,51,0,8038,1.16464264221059,26,-95,0.0073,51,2025-10-07 18:07:48.001941,1.0543,1.13
"2904010",25,0,1,0.0073,1,0.0073,1,203.333516965455,1,1299.94995117188,0.00730000017210841,0.012536033987999,192.037902832031,-94.5335,25.5278,36.1514268031043,51,51,51,51,51,51,0,8038,1.16464264221059,26,-95,0.0073,51,2025-10-07 18:07:48.001941,1.0543,1.13
"2904010",25,0,1,0.0073,1,0.0073,1,206.549898335097,1,1400.06005859375,0.00730000017210841,0.012536033987999,195.075607299805,-94.5335,25.5278,36.1514268031043,51,51,51,51,51,51,0,8038,1.16464264221059,26,-95,0.0073,51,2025-10-07 18:07:48.001941,1.0543,1.13
"2904010",25,0,1,0,1,0,1,208.462223414268,1,1499.71997070312,0,0.00626801699399948,196.881698608398,-94.5335,25.5278,36.1514268031043,51,51,51,51,51,51,0,8038,1.16464264221059,26,-95,0.0073,51,2025-10-07 18:07:48.001941,1.0543,1.13
"2904010",26,0.122203382581676,1,0.1606,1,0.1606,1,191.17899165189,1,7.38000011444092,0.160600006580353,0.127758085727692,180.529296875,-94.4105,25.4579,26.605184333513,51,51,51,51,51,51,0.1606,8271,1.31420257448816,25,-94,0.0073,51,2025-10-13 00:32:04.000047,1.0543,1.13
"2904010",26,0.133312780998192,1,0.1752,1,0.1752,1,191.283523757004,1,11.3599996566772,0.175200000405312,0.138867482542992,180.628005981445,-94.4105,25.4579,26.605184333513,51,51,51,51,51,51,0.1752,8271,1.31420257448816,25,-94,0.0073,51,2025-10-13 00:32:04.000047,1.0543,1.13
"2904010",26,0.144422179414708,1,0.1898,1,0.1898,1,191.298018315403,1,16.8400001525879,0.18979999423027,0.149976879358292,180.641693115234,-94.4105,25.4579,26.605184333513,51,51,51,51,51,51,0.1898,8271,1.31420257448816,25,-94,0.0073,51,2025-10-13 00:32:04.000047,1.0543,1.13
"2904010",26,0.161086277039482,1,0.2117,1,0.2117,1,191.20356938135,1,21.75,0.21170000731945,0.166640982031822,180.552505493164,-94.4105,25.4579,26.605184333513,51,51,51,51,51,51,0.2117,8271,1.31420257448816,25,-94,0.0073,51,2025-10-13 00:32:04.000047,1.0543,1.13
"2904010",26,0.127758081789934,1,0.1679,1,0.1679,1,191.21573705412,1,26.7800006866455,0.167899996042252,0.133312776684761,180.563995361328,-94.4105,25.4579,26.605184333513,51,51,51,51,51,51,0.1679,8271,1.31420257448816,25,-94,0.0073,51,2025-10-13 00:32:04.000047,1.0543,1.13
"2904010",26,0.122203382581676,1,0.1606,1,0.1606,1,191.138335789088,1,31.8999996185303,0.160600006580353,0.127758085727692,180.490905761719,-94.4105,25.4579,26.605184333513,51,51,51,51,51,51,0.1606,8271,1.31420257448816,25,-94,0.0073,51,2025-10-13 00:32:04.000047,1.0543,1.13
"2904010",26,0.116648683373418,1,0.1533,1,0.1533,1,191.453386407948,1,36.7400016784668,0.153300002217293,0.122203387320042,180.78840637207,-94.4105,25.4579,26.605184333513,51,51,51,51,51,51,0.1533,8271,1.31420257448816,25,-94,0.0073,51,2025-10-13 00:32:04.000047,1.0543,1.13
"2904010",26,0.199969171497287,1,0.2628,1,0.2628,1,191.956817809219,1,41.8600006103516,0.262800008058548,0.205523878335953,181.263793945312,-94.4105,25.4579,26.605184333513,51,51,51,51,51,51,0.2628,8271,1.31420257448816,25,-94,0.0073,51,2025-10-13 00:32:04.000047,1.0543,1.13
"2904010",26,0.294399058037673,1,0.3869,1,0.3869,1,192.314657269375,1,46.9599990844727,0.386900007724762,0.299953758716583,181.601699829102,-94.4105,25.4579,26.605184333513,51,51,51,51,51,51,0.3869,8271,1.31420257448816,25,-94,0.0073,51,2025-10-13 00:32:04.000047,1.0543,1.13
"2904010",26,0.705446799448764,1,0.9271,1,0.9271,1,196.37408699802,1,51.7900009155273,0.927100002765656,0.711001515388489,185.434997558594,-94.4105,25.4579,26.605184333513,51,51,51,51,51,51,0.9271,8271,1.31420257448816,25,-94,0.0073,51,2025-10-13 00:32:04.000047,1.0543,1.13
"2904010",26,0.538805823201024,1,0.7081,1,0.7081,1,207.84529381333,1,56.939998626709,0.708100020885468,0.54436057806015,196.267196655273,-94.4105,25.4579,26.605184333513,51,51,51,51,51,51,0.7081,8271,1.31420257448816,25,-94,0.0073,51,2025-10-13 00:32:04.000047,1.0543,1.13
"2904010",26,0.261070862788125,1,0.3431,1,0.3431,1,215.889288957281,1,61.9599990844727,0.343100011348724,0.266625553369522,203.863098144531,-94.4105,25.4579,26.605184333513,51,51,51,51,51,51,0.3431,8271,1.31420257448816,25,-94,0.0073,51,2025-10-13 00:32:04.000047,1.0543,1.13
"2904010",26,0.405493042202833,1,0.5329,1,0.5329,1,208.15378390743,1,66.3499984741211,0.532899975776672,0.411047756671906,196.558502197266,-94.4105,25.4579,26.605184333513,51,51,51,51,51,51,0.5329,8271,1.31420257448816,25,-94,0.0073,51,2025-10-13 00:32:04.000047,1.0543,1.13
"2904010",26,0.449930635868897,1,0.5913,1,0.5913,1,201.533503431166,1,71.6600036621094,0.591300010681152,0.455485373735428,190.307006835938,-94.4105,25.4579,26.605184333513,51,51,51,51,51,51,0.5913,8271,1.31420257448816,25,-94,0.0073,51,2025-10-13 00:32:04.000047,1.0543,1.13
"2904010",26,0.344391350911995,1,0.4526,1,0.4526,1,196.857723712513,1,76.9199981689453,0.452600002288818,0.349946081638336,185.891693115234,-94.4105,25.4579,26.605184333513,51,51,51,51,51,51,0.4526,8271,1.31420257448816,25,-94,0.0073,51,2025-10-13 00:32:04.000047,1.0543,1.13
"2904010",26,0.288844358829415,1,0.3796,1,0.3796,1,193.432952039279,1,81.6699981689453,0.379599988460541,0.294399082660675,182.657699584961,-94.4105,25.4579,26.605184333513,51,51,51,51,51,51,0.3796,8271,1.31420257448816,25,-94,0.0073,51,2025-10-13 00:32:04.000047,1.0543,1.13
"2904010",26,0.255516163579867,1,0.3358,1,0.3358,1,192.4795429705,1,86.7799987792969,0.335799992084503,0.261070877313614,181.757400512695,-94.4105,25.4579,26.605184333513,51,51,51,51,51,51,0.3358,8271,1.31420257448816,25,-94,0.0073,51,2025-10-13 00:32:04.000047,1.0543,1.13
"2904010",26,0.238852065955093,1,0.3139,1,0.3139,1,189.873576495957,1,91.7799987792969,0.313899993896484,0.244406774640083,179.296600341797,-94.4105,25.4579,26.605184333513,51,51,51,51,51,51,0.3139,8271,1.31420257448816,25,-94,0.0073,51,2025-10-13 00:32:04.000047,1.0543,1.13
"2904010",26,0.172195675455997,1,0.2263,1,0.2263,1,186.653182943835,1,96.9000015258789,0.226300001144409,0.177750378847122,176.255599975586,-94.4105,25.4579,26.605184333513,51,51,51,51,51,51,0.2263,8271,1.31420257448816,25,-94,0.0073,51,2025-10-13 00:32:04.000047,1.0543,1.13
"2904010",26,0.183305073872513,1,0.2409,1,0.2409,1,181.29087501095,1,101.690002441406,0.240899994969368,0.188859775662422,171.192001342773,-94.4105,25.4579,26.605184333513,51,51,51,51,51,51,0.2409,8271,1.31420257448816,25,-94,0.0073,51,2025-10-13 00:32:04.000047,1.0543,1.13
"2904010",26,0.13886748020645,1,0.1825,1,0.1825,1,155.771726406505,1,111.650001525879,0.182500004768372,0.144422188401222,147.09440612793,-94.4105,25.4579,26.605184333513,51,51,51,51,51,51,0.1825,8271,1.31420257448816,25,-94,0.0073,51,2025-10-13 00:32:04.000047,1.0543,1.13
"2904010",26,0.0777657889156118,1,0.1022,1,0.1022,1,141.345391000821,1,121.660003662109,0.102200001478195,0.0833204910159111,133.471694946289,-94.4105,25.4579,26.605184333513,51,51,51,51,51,51,0.1022,8271,1.31420257448816,25,-94,0.0073,51,2025-10-13 00:32:04.000047,1.0543,1.13
"2904010",26,0.0444375936660639,1,0.0584,1,0.0584,1,129.853961287141,1,130.649993896484,0.0584000013768673,0.0499922968447208,122.620399475098,-94.4105,25.4579,26.605184333513,51,51,51,51,51,51,0.0584,8271,1.31420257448816,25,-94,0.0073,51,2025-10-13 00:32:04.000047,1.0543,1.13
"2904010",26,0.0611016912908378,1,0.0803,1,0.0803,1,125.261537398482,1,141.660003662109,0.0803000032901764,0.0666563883423805,118.283798217773,-94.4105,25.4579,26.605184333513,51,51,51,51,51,51,0.0803,8271,1.31420257448816,25,-94,0.0073,51,2025-10-13 00:32:04.000047,1.0543,1.13
"2904010",26,0.0277734960412899,1,0.0365,1,0.0365,1,126.174387558027,1,151.369995117188,0.0364999994635582,0.0333281941711903,119.145797729492,-94.4105,25.4579,26.605184333513,51,51,51,51,51,51,0.0365,8271,1.31420257448816,25,-94,0.0073,51,2025-10-13 00:32:04.000047,1.0543,1.13
"2904010",26,0.0277734960412899,1,0.0365,1,0.0365,1,126.639393028557,1,161.809997558594,0.0364999994635582,0.0333281941711903,119.584899902344,-94.4105,25.4579,26.605184333513,51,51,51,51,51,51,0.0365,8271,1.31420257448816,25,-94,0.0073,51,2025-10-13 00:32:04.000047,1.0543,1.13
"2904010",26,0.0166640976247739,1,0.0219,1,0.0219,1,128.565383734165,1,171.520004272461,0.0219000000506639,0.0222187973558903,121.403602600098,-94.4105,25.4579,26.605184333513,51,51,51,51,51,51,0.0219,8271,1.31420257448816,25,-94,0.0073,51,2025-10-13 00:32:04.000047,1.0543,1.13
"2904010",26,0.00555469920825798,1,0.0073,1,0.0073,1,127.409495218311,1,181.899993896484,0.00730000017210841,0.0111093986779451,120.312103271484,-94.4105,25.4579,26.605184333513,51,51,51,51,51,51,0.0073,8271,1.31420257448816,25,-94,0.0073,51,2025-10-13 00:32:04.000047,1.0543,1.13
"2904010",26,0.00555469920825798,1,0.0073,1,0.0073,1,125.669146356822,1,191.110000610352,0.00730000017210841,0.0111093986779451,118.668701171875,-94.4105,25.4579,26.605184333513,51,51,51,51,51,51,0.0073,8271,1.31420257448816,25,-94,0.0073,51,2025-10-13 00:32:04.000047,1.0543,1.13
"2904010",26,0,1,0,1,0,1,125.733846704461,1,201.559997558594,0,0.00555469933897257,118.729797363281,-94.4105,25.4579,26.605184333513,51,51,51,51,51,51,0,8271,1.31420257448816,25,-94,0.0073,51,2025-10-13 00:32:04.000047,1.0543,1.13
"2904010",26,0,1,0,1,0,1,125.964604275504,1,211.389999389648,0,0.00555469933897257,118.947700500488,-94.4105,25.4579,26.605184333513,51,51,51,51,51,51,0,8271,1.31420257448816,25,-94,0.0073,51,2025-10-13 00:32:04.000047,1.0543,1.13
"2904010",26,-0.00555469920825798,1,-0.0073,1,-0.0073,1,124.331954669013,1,221.660003662109,-0.00730000017210841,0,117.40599822998,-94.4105,25.4579,26.605184333513,51,51,51,51,51,51,-0.0073,8271,1.31420257448816,25,-94,0.0073,51,2025-10-13 00:32:04.000047,1.0543,1.13
"2904010",26,0,1,0,1,0,1,123.176066153159,1,231.360000610352,0,0.00555469933897257,116.314498901367,-94.4105,25.4579,26.605184333513,51,51,51,51,51,51,0,8271,1.31420257448816,25,-94,0.0073,51,2025-10-13 00:32:04.000047,1.0543,1.13
"2904010",26,0,1,-0.0073,1,-0.0073,1,121.001640009296,1,241.25,-0.00730000017210841,0,114.261199951172,-94.4105,25.4579,26.605184333513,51,51,51,51,51,51,0,8271,1.31420257448816,25,-94,0.0073,51,2025-10-13 00:32:04.000047,1.0543,1.13
"2904010",26,0,1,-0.0073,1,-0.0073,1,119.674830432715,1,251.479995727539,-0.00730000017210841,0,113.00830078125,-94.4105,25.4579,26.605184333513,51,51,51,51,51,51,0,8271,1.31420257448816,25,-94,0.0073,51,2025-10-13 00:32:04.000047,1.0543,1.13
"2904010",26,0,1,0,1,0,1,121.860802130621,1,260.989990234375,0,0.00555469933897257,115.07250213623,-94.4105,25.4579,26.605184333513,51,51,51,51,51,51,0,8271,1.31420257448816,25,-94,0.0073,51,2025-10-13 00:32:04.000047,1.0543,1.13
"2904010",26,0,1,0,1,0,1,116.629914759011,1,271.660003662109,0,0.00555469933897257,110.133003234863,-94.4105,25.4579,26.605184333513,51,51,51,51,51,51,0,8271,1.31420257448816,25,-94,0.0073,51,2025-10-13 00:32:04.000047,1.0543,1.13
"2904010",26,0,1,-0.0073,1,-0.0073,1,114.721820066143,1,281.309997558594,-0.00730000017210841,0,108.331199645996,-94.4105,25.4579,26.605184333513,51,51,51,51,51,51,0,8271,1.31420257448816,25,-94,0.0073,51,2025-10-13 00:32:04.000047,1.0543,1.13
"2904010",26,0,1,0,1,0,1,113.290381430881,1,291.679992675781,0,0.00555469933897257,106.979499816895,-94.4105,25.4579,26.605184333513,51,51,51,51,51,51,0,8271,1.31420257448816,25,-94,0.0073,51,2025-10-13 00:32:04.000047,1.0543,1.13
"2904010",26,0,1,-0.0073,1,-0.0073,1,113.326601667952,1,301.160003662109,-0.00730000017210841,0,107.013702392578,-94.4105,25.4579,26.605184333513,51,51,51,51,51,51,0,8271,1.31420257448816,25,-94,0.0073,51,2025-10-13 00:32:04.000047,1.0543,1.13
"2904010",26,0,1,0,1,0,1,113.840633325979,1,311.679992675781,0,0.00555469933897257,107.499099731445,-94.4105,25.4579,26.605184333513,51,51,51,51,51,51,0,8271,1.31420257448816,25,-94,0.0073,51,2025-10-13 00:32:04.000047,1.0543,1.13
"2904010",26,0,1,-0.0073,1,-0.0073,1,116.054770035357,1,321.730010986328,-0.00730000017210841,0,109.589897155762,-94.4105,25.4579,26.605184333513,51,51,51,51,51,51,0,8271,1.31420257448816,25,-94,0.0073,51,2025-10-13 00:32:04.000047,1.0543,1.13
"2904010",26,0,1,-0.0073,1,-0.0073,1,116.054034804134,1,331.109985351562,-0.00730000017210841,0,109.589202880859,-94.4105,25.4579,26.605184333513,51,51,51,51,51,51,0,8271,1.31420257448816,25,-94,0.0073,51,2025-10-13 00:32:04.000047,1.0543,1.13
"2904010",26,0,1,-0.0073,1,-0.0073,1,117.345262421299,1,341.760009765625,-0.00730000017210841,0,110.808502197266,-94.4105,25.4579,26.605184333513,51,51,51,51,51,51,0,8271,1.31420257448816,25,-94,0.0073,51,2025-10-13 00:32:04.000047,1.0543,1.13
"2904010",26,0,1,-0.0073,1,-0.0073,1,119.150416663459,1,351.880004882812,-0.00730000017210841,0,112.51309967041,-94.4105,25.4579,26.605184333513,51,51,51,51,51,51,0,8271,1.31420257448816,25,-94,0.0073,51,2025-10-13 00:32:04.000047,1.0543,1.13
"2904010",26,0,1,-0.0073,1,-0.0073,1,118.590849146379,1,361.089996337891,-0.00730000017210841,0,111.984703063965,-94.4105,25.4579,26.605184333513,51,51,51,51,51,51,0,8271,1.31420257448816,25,-94,0.0073,51,2025-10-13 00:32:04.000047,1.0543,1.13
"2904010",26,0,1,0,1,0,1,115.68889150853,1,381.609985351562,0,0.00555469933897257,109.244400024414,-94.4105,25.4579,26.605184333513,51,51,51,51,51,51,0,8271,1.31420257448816,25,-94,0.0073,51,2025-10-13 00:32:04.000047,1.0543,1.13
"2904010",26,0,1,-0.0073,1,-0.0073,1,115.901534921306,1,401.540008544922,-0.00730000017210841,0,109.445198059082,-94.4105,25.4579,26.605184333513,51,51,51,51,51,51,0,8271,1.31420257448816,25,-94,0.0073,51,2025-10-13 00:32:04.000047,1.0543,1.13
"2904010",26,0,1,0,1,0,1,113.008157674215,1,451.459991455078,0,0.00555469933897257,106.712997436523,-94.4105,25.4579,26.605184333513,51,51,51,51,51,51,0,8271,1.31420257448816,25,-94,0.0073,51,2025-10-13 00:32:04.000047,1.0543,1.13
"2904010",26,0,1,0,1,0,1,113.383675001583,1,501.309997558594,0,0.00555469933897257,107.067596435547,-94.4105,25.4579,26.605184333513,51,51,51,51,51,51,0,8271,1.31420257448816,25,-94,0.0073,51,2025-10-13 00:32:04.000047,1.0543,1.13
"2904010",26,0,1,-0.0073,1,-0.0073,1,116.504949689464,1,551.900024414062,-0.00730000017210841,0,110.014999389648,-94.4105,25.4579,26.605184333513,51,51,51,51,51,51,0,8271,1.31420257448816,25,-94,0.0073,51,2025-10-13 00:32:04.000047,1.0543,1.13
"2904010",26,0,1,0,1,0,1,122.361381481103,1,601.049987792969,0,0.00555469933897257,115.545196533203,-94.4105,25.4579,26.605184333513,51,51,51,51,51,51,0,8271,1.31420257448816,25,-94,0.0073,51,2025-10-13 00:32:04.000047,1.0543,1.13
"2904010",26,0,1,0,1,0,1,127.832350125201,1,651.309997558594,0,0.00555469933897257,120.711402893066,-94.4105,25.4579,26.605184333513,51,51,51,51,51,51,0,8271,1.31420257448816,25,-94,0.0073,51,2025-10-13 00:32:04.000047,1.0543,1.13
"2904010",26,0,1,0,1,0,1,137.226124761859,1,701.710021972656,0,0.00555469933897257,129.581893920898,-94.4105,25.4579,26.605184333513,51,51,51,51,51,51,0,8271,1.31420257448816,25,-94,0.0073,51,2025-10-13 00:32:04.000047,1.0543,1.13
"2904010",26,0,1,0.0073,1,0.0073,1,145.992989549074,1,751.630004882812,0.00730000017210841,0.0111093986779451,137.860397338867,-94.4105,25.4579,26.605184333513,51,51,51,51,51,51,0,8271,1.31420257448816,25,-94,0.0073,51,2025-10-13 00:32:04.000047,1.0543,1.13
"2904010",26,0,1,0,1,0,1,153.799141432061,1,801.909973144531,0,0.00555469933897257,145.231704711914,-94.4105,25.4579,26.605184333513,51,51,51,51,51,51,0,8271,1.31420257448816,25,-94,0.0073,51,2025-10-13 00:32:04.000047,1.0543,1.13
"2904010",26,0,1,0.0073,1,0.0073,1,161.307064140218,1,851.309997558594,0.00730000017210841,0.0111093986779451,152.321395874023,-94.4105,25.4579,26.605184333513,51,51,51,51,51,51,0,8271,1.31420257448816,25,-94,0.0073,51,2025-10-13 00:32:04.000047,1.0543,1.13
"2904010",26,0,1,0.0073,1,0.0073,1,167.794873724888,1,901.119995117188,0.00730000017210841,0.0111093986779451,158.447799682617,-94.4105,25.4579,26.605184333513,51,51,51,51,51,51,0,8271,1.31420257448816,25,-94,0.0073,51,2025-10-13 00:32:04.000047,1.0543,1.13
"2904010",26,0,1,0.0073,1,0.0073,1,173.139713856624,1,951.049987792969,0.00730000017210841,0.0111093986779451,163.494903564453,-94.4105,25.4579,26.605184333513,51,51,51,51,51,51,0,8271,1.31420257448816,25,-94,0.0073,51,2025-10-13 00:32:04.000047,1.0543,1.13
"2904010",26,0,1,-0.0073,1,-0.0073,1,181.113918590622,1,999.280029296875,-0.00730000017210841,0,171.02490234375,-94.4105,25.4579,26.605184333513,51,51,51,51,51,51,0,8271,1.31420257448816,25,-94,0.0073,51,2025-10-13 00:32:04.000047,1.0543,1.13
"2904010",26,0,1,0.0073,1,0.0073,1,192.753404481935,1,1099.85998535156,0.00730000017210841,0.0111093986779451,182.016006469727,-94.4105,25.4579,26.605184333513,51,51,51,51,51,51,0,8271,1.31420257448816,25,-94,0.0073,51,2025-10-13 00:32:04.000047,1.0543,1.13
"2904010",26,0,1,0,1,0,1,199.613968217287,1,1199.59997558594,0,0.00555469933897257,188.494400024414,-94.4105,25.4579,26.605184333513,51,51,51,51,51,51,0,8271,1.31420257448816,25,-94,0.0073,51,2025-10-13 00:32:04.000047,1.0543,1.13
"2904010",26,0,1,-0.0073,1,-0.0073,1,204.432059614675,1,1299.2900390625,-0.00730000017210841,0,193.044097900391,-94.4105,25.4579,26.605184333513,51,51,51,51,51,51,0,8271,1.31420257448816,25,-94,0.0073,51,2025-10-13 00:32:04.000047,1.0543,1.13
"2904010",26,0,1,0,1,0,1,207.110773582992,1,1399.72998046875,0,0.00555469933897257,195.573593139648,-94.4105,25.4579,26.605184333513,51,51,51,51,51,51,0,8271,1.31420257448816,25,-94,0.0073,51,2025-10-13 00:32:04.000047,1.0543,1.13
"2904010",26,0,1,0.0073,1,0.0073,1,208.997797033772,1,1500.06005859375,0.00730000017210841,0.0111093986779451,197.355499267578,-94.4105,25.4579,26.605184333513,51,51,51,51,51,51,0,8271,1.31420257448816,25,-94,0.0073,51,2025-10-13 00:32:04.000047,1.0543,1.13
"2904010",27,0.0833204881238697,1,0.1095,1,0.1095,1,191.37509533189,1,7.76999998092651,0.109499998390675,0.0888751894235611,180.685195922852,-94.4352,25.4777,31.7906607207662,51,51,51,51,51,51,0.1095,8271,1.31420257448816,25,-94,0.0073,51,2025-10-18 06:48:25.000713,1.0543,1.13
"2904010",27,0.0777657889156118,1,0.1022,1,0.1022,1,191.598156997884,1,11.5600004196167,0.102200001478195,0.0833204910159111,180.895797729492,-94.4352,25.4777,31.7906607207662,51,51,51,51,51,51,0.1022,8271,1.31420257448816,25,-94,0.0073,51,2025-10-18 06:48:25.000713,1.0543,1.13
"2904010",27,0.0833204881238697,1,0.1095,1,0.1095,1,191.878091146317,1,16.75,0.109499998390675,0.0888751894235611,181.160095214844,-94.4352,25.4777,31.7906607207662,51,51,51,51,51,51,0.1095,8271,1.31420257448816,25,-94,0.0073,51,2025-10-18 06:48:25.000713,1.0543,1.13
"2904010",27,0.0888751873321277,1,0.1168,1,0.1168,1,191.874487121428,1,21.5,0.116800002753735,0.0944298878312111,181.156692504883,-94.4352,25.4777,31.7906607207662,51,51,51,51,51,51,0.1168,8271,1.31420257448816,25,-94,0.0073,51,2025-10-18 06:48:25.000713,1.0543,1.13
"2904010",27,0.0888751873321277,1,0.1168,1,0.1168,1,191.954147384555,1,26.7099990844727,0.116800002753735,0.0944298878312111,181.231903076172,-94.4352,25.4777,31.7906607207662,51,51,51,51,51,51,0.1168,8271,1.31420257448816,25,-94,0.0073,51,2025-10-18 06:48:25.000713,1.0543,1.13
"2904010",27,0.0944298865403857,1,0.1241,1,0.1241,1,192.002971416794,1,31.7900009155273,0.124099999666214,0.0999845936894417,181.27799987793,-94.4352,25.4777,31.7906607207662,51,51,51,51,51,51,0.1241,8271,1.31420257448816,25,-94,0.0073,51,2025-10-18 06:48:25.000713,1.0543,1.13
"2904010",27,0.11109398416516,1,0.146,1,0.146,1,192.049888386536,1,36.5800018310547,0.145999997854233,0.116648688912392,181.322296142578,-94.4352,25.4777,31.7906607207662,51,51,51,51,51,51,0.146,8271,1.31420257448816,25,-94,0.0073,51,2025-10-18 06:48:25.000713,1.0543,1.13
"2904010",27,0.133312780998192,1,0.1752,1,0.1752,1,192.236828995908,1,41.3699989318848,0.175200000405312,0.138867482542992,181.498794555664,-94.4352,25.4777,31.7906607207662,51,51,51,51,51,51,0.1752,8271,1.31420257448816,25,-94,0.0073,51,2025-10-18 06:48:25.000713,1.0543,1.13
"2904010",27,0.183305073872513,1,0.2409,1,0.2409,1,193.066368859125,1,46.689998626709,0.240899994969368,0.188859775662422,182.281997680664,-94.4352,25.4777,31.7906607207662,51,51,51,51,51,51,0.2409,8271,1.31420257448816,25,-94,0.0073,51,2025-10-18 06:48:25.000713,1.0543,1.13
"2904010",27,0.294399058037673,1,0.3869,1,0.3869,1,197.827625129836,1,51.9199981689453,0.386900007724762,0.299953758716583,186.777297973633,-94.4352,25.4777,31.7906607207662,51,51,51,51,51,51,0.3869,8271,1.31420257448816,25,-94,0.0073,51,2025-10-18 06:48:25.000713,1.0543,1.13
"2904010",27,0.355500749328511,1,0.4672,1,0.4672,1,207.912026161448,1,56.7900009155273,0.467200011014938,0.361055463552475,196.298400878906,-94.4352,25.4777,31.7906607207662,51,51,51,51,51,51,0.4672,8271,1.31420257448816,25,-94,0.0073,51,2025-10-18 06:48:25.000713,1.0543,1.13
"2904010",27,0.494368229534961,1,0.6497,1,0.6497,1,205.069969709487,1,61.9000015258789,0.649699985980988,0.499922931194305,193.615097045898,-94.4352,25.4777,31.7906607207662,51,51,51,51,51,51,0.6497,8271,1.31420257448816,25,-94,0.0073,51,2025-10-18 06:48:25.000713,1.0543,1.13
"2904010",27,0.555469920825798,1,0.73,1,0.73,1,200.201416930985,1,66.8600006103516,0.730000019073486,0.56102466583252,189.018493652344,-94.4352,25.4777,31.7906607207662,51,51,51,51,51,51,0.73,8271,1.31420257448816,25,-94,0.0073,51,2025-10-18 06:48:25.000713,1.0543,1.13
"2904010",27,0.399938342994575,1,0.5256,1,0.5256,1,197.530107218716,1,71.75,0.525600016117096,0.405493080615997,186.496398925781,-94.4352,25.4777,31.7906607207662,51,51,51,51,51,51,0.5256,8271,1.31420257448816,25,-94,0.0073,51,2025-10-18 06:48:25.000713,1.0543,1.13
"2904010",27,0.394383643786317,1,0.5183,1,0.5183,1,193.305317325413,1,76.8899993896484,0.518299996852875,0.399938374757767,182.507598876953,-94.4352,25.4777,31.7906607207662,51,51,51,51,51,51,0.5183,8271,1.31420257448816,25,-94,0.0073,51,2025-10-18 06:48:25.000713,1.0543,1.13
"2904010",27,0.311063155662447,1,0.4088,1,0.4088,1,188.32141958892,1,81.8099975585938,0.408800005912781,0.316617846488953,177.802093505859,-94.4352,25.4777,31.7906607207662,51,51,51,51,51,51,0.4088,8271,1.31420257448816,25,-94,0.0073,51,2025-10-18 06:48:25.000713,1.0543,1.13
"2904010",27,0.272180261204641,1,0.3577,1,0.3577,1,178.168719861431,1,86.7399978637695,0.357699990272522,0.277734965085983,168.216506958008,-94.4352,25.4777,31.7906607207662,51,51,51,51,51,51,0.3577,8271,1.31420257448816,25,-94,0.0073,51,2025-10-18 06:48:25.000713,1.0543,1.13
"2904010",27,0.238852065955093,1,0.3139,1,0.3139,1,168.717689840563,1,91.879997253418,0.313899993896484,0.244406774640083,159.293395996094,-94.4352,25.4777,31.7906607207662,51,51,51,51,51,51,0.3139,8271,1.31420257448816,25,-94,0.0073,51,2025-10-18 06:48:25.000713,1.0543,1.13
"2904010",27,0.194414472289029,1,0.2555,1,0.2555,1,162.273321623643,1,96.7799987792969,0.255499988794327,0.199969187378883,153.208999633789,-94.4352,25.4777,31.7906607207662,51,51,51,51,51,51,0.2555,8271,1.31420257448816,25,-94,0.0073,51,2025-10-18 06:48:25.000713,1.0543,1.13
"2904010",27,0.172195675455997,1,0.2263,1,0.2263,1,151.653617845977,1,101.870002746582,0.226300001144409,0.177750378847122,143.182495117188,-94.4352,25.4777,31.7906607207662,51,51,51,51,51,51,0.2263,8271,1.31420257448816,25,-94,0.0073,51,2025-10-18 06:48:25.000713,1.0543,1.13
"2904010",27,0.105539284956902,1,0.1387,1,0.1387,1,130.034405865078,1,111.790000915527,0.138699993491173,0.111093983054161,122.770896911621,-94.4352,25.4777,31.7906607207662,51,51,51,51,51,51,0.1387,8271,1.31420257448816,25,-94,0.0073,51,2025-10-18 06:48:25.000713,1.0543,1.13
"2904010",27,0.0611016912908378,1,0.0803,1,0.0803,1,127.858358667193,1,121.569999694824,0.0803000032901764,0.0666563883423805,120.716400146484,-94.4352,25.4777,31.7906607207662,51,51,51,51,51,51,0.0803,8271,1.31420257448816,25,-94,0.0073,51,2025-10-18 06:48:25.000713,1.0543,1.13
"2904010",27,0.0222187968330319,1,0.0292,1,0.0292,1,130.903032428715,1,131.389999389648,0.0292000006884336,0.0277734957635403,123.591003417969,-94.4352,25.4777,31.7906607207662,51,51,51,51,51,51,0.0292,8271,1.31420257448816,25,-94,0.0073,51,2025-10-18 06:48:25.000713,1.0543,1.13
"2904010",27,0.011109398416516,1,0.0146,1,0.0146,1,130.557740985884,1,141.889999389648,0.0146000003442168,0.0166640970855951,123.264999389648,-94.4352,25.4777,31.7906607207662,51,51,51,51,51,51,0.0146,8271,1.31420257448816,25,-94,0.0073,51,2025-10-18 06:48:25.000713,1.0543,1.13
"2904010",27,0.0166640976247739,1,0.0219,1,0.0219,1,130.736212944844,1,151.369995117188,0.0219000000506639,0.0222187973558903,123.433502197266,-94.4352,25.4777,31.7906607207662,51,51,51,51,51,51,0.0219,8271,1.31420257448816,25,-94,0.0073,51,2025-10-18 06:48:25.000713,1.0543,1.13
"2904010",27,0.0166640976247739,1,0.0219,1,0.0219,1,131.045165150174,1,161.050003051758,0.0219000000506639,0.0222187973558903,123.725196838379,-94.4352,25.4777,31.7906607207662,51,51,51,51,51,51,0.0219,8271,1.31420257448816,25,-94,0.0073,51,2025-10-18 06:48:25.000713,1.0543,1.13
"2904010",27,0,1,0,1,0,1,129.969379882385,1,171.139999389648,0,0.00555469933897257,122.709503173828,-94.4352,25.4777,31.7906607207662,51,51,51,51,51,51,0,8271,1.31420257448816,25,-94,0.0073,51,2025-10-18 06:48:25.000713,1.0543,1.13
"2904010",27,0,1,-0.0073,1,-0.0073,1,127.371782984099,1,181.779998779297,-0.00730000017210841,0,120.25700378418,-94.4352,25.4777,31.7906607207662,51,51,51,51,51,51,0,8271,1.31420257448816,25,-94,0.0073,51,2025-10-18 06:48:25.000713,1.0543,1.13
"2904010",27,0,1,-0.0073,1,-0.0073,1,125.452785184681,1,191.830001831055,-0.00730000017210841,0,118.445198059082,-94.4352,25.4777,31.7906607207662,51,51,51,51,51,51,0,8271,1.31420257448816,25,-94,0.0073,51,2025-10-18 06:48:25.000713,1.0543,1.13
"2904010",27,0,1,-0.0073,1,-0.0073,1,121.978731453436,1,201.600006103516,-0.00730000017210841,0,115.165199279785,-94.4352,25.4777,31.7906607207662,51,51,51,51,51,51,0,8271,1.31420257448816,25,-94,0.0073,51,2025-10-18 06:48:25.000713,1.0543,1.13
"2904010",27,0,1,-0.0073,1,-0.0073,1,120.548862861473,1,211.100006103516,-0.00730000017210841,0,113.815200805664,-94.4352,25.4777,31.7906607207662,51,51,51,51,51,51,0,8271,1.31420257448816,25,-94,0.0073,51,2025-10-18 06:48:25.000713,1.0543,1.13
"2904010",27,0,1,-0.0073,1,-0.0073,1,121.097612014287,1,221.070007324219,-0.00730000017210841,0,114.333297729492,-94.4352,25.4777,31.7906607207662,51,51,51,51,51,51,0,8271,1.31420257448816,25,-94,0.0073,51,2025-10-18 06:48:25.000713,1.0543,1.13
"2904010",27,0,1,-0.0073,1,-0.0073,1,119.658741440875,1,231.520004272461,-0.00730000017210841,0,112.974800109863,-94.4352,25.4777,31.7906607207662,51,51,51,51,51,51,0,8271,1.31420257448816,25,-94,0.0073,51,2025-10-18 06:48:25.000713,1.0543,1.13
"2904010",27,0,1,0,1,0,1,117.706071059142,1,241.550003051758,0,0.00555469933897257,111.131202697754,-94.4352,25.4777,31.7906607207662,51,51,51,51,51,51,0,8271,1.31420257448816,25,-94,0.0073,51,2025-10-18 06:48:25.000713,1.0543,1.13
"2904010",27,0,1,-0.0073,1,-0.0073,1,114.598908677742,1,251.029998779297,-0.00730000017210841,0,108.197601318359,-94.4352,25.4777,31.7906607207662,51,51,51,51,51,51,0,8271,1.31420257448816,25,-94,0.0073,51,2025-10-18 06:48:25.000713,1.0543,1.13
"2904010",27,0,1,-0.0073,1,-0.0073,1,113.256102337243,1,261.790008544922,-0.00730000017210841,0,106.929801940918,-94.4352,25.4777,31.7906607207662,51,51,51,51,51,51,0,8271,1.31420257448816,25,-94,0.0073,51,2025-10-18 06:48:25.000713,1.0543,1.13
"2904010",27,0,1,0,1,0,1,112.798011380008,1,269.880004882812,0,0.00555469933897257,106.497299194336,-94.4352,25.4777,31.7906607207662,51,51,51,51,51,51,0,8271,1.31420257448816,25,-94,0.0073,51,2025-10-18 06:48:25.000713,1.0543,1.13
"2904010",27,0,1,-0.0073,1,-0.0073,1,111.757490606872,1,281.619995117188,-0.00730000017210841,0,105.51490020752,-94.4352,25.4777,31.7906607207662,51,51,51,51,51,51,0,8271,1.31420257448816,25,-94,0.0073,51,2025-10-18 06:48:25.000713,1.0543,1.13
"2904010",27,0,1,0,1,0,1,110.808266410406,1,291.75,0,0.00555469933897257,104.618698120117,-94.4352,25.4777,31.7906607207662,51,51,51,51,51,51,0,8271,1.31420257448816,25,-94,0.0073,51,2025-10-18 06:48:25.000713,1.0543,1.13
"2904010",27,0,1,-0.0073,1,-0.0073,1,110.917364930641,1,301.859985351562,-0.00730000017210841,0,104.721702575684,-94.4352,25.4777,31.7906607207662,51,51,51,51,51,51,0,8271,1.31420257448816,25,-94,0.0073,51,2025-10-18 06:48:25.000713,1.0543,1.13
"2904010",27,0,1,0,1,0,1,111.35966605686,1,311.200012207031,0,0.00555469933897257,105.139297485352,-94.4352,25.4777,31.7906607207662,51,51,51,51,51,51,0,8271,1.31420257448816,25,-94,0.0073,51,2025-10-18 06:48:25.000713,1.0543,1.13
"2904010",27,0,1,-0.0073,1,-0.0073,1,113.075723315786,1,321.630004882812,-0.00730000017210841,0,106.759498596191,-94.4352,25.4777,31.7906607207662,51,51,51,51,51,51,0,8271,1.31420257448816,25,-94,0.0073,51,2025-10-18 06:48:25.000713,1.0543,1.13
"2904010",27,0,1,0,1,0,1,115.713990746058,1,331.329986572266,0,0.00555469933897257,109.250396728516,-94.4352,25.4777,31.7906607207662,51,51,51,51,51,51,0,8271,1.31420257448816,25,-94,0.0073,51,2025-10-18 06:48:25.000713,1.0543,1.13
"2904010",27,0,1,0.0073,1,0.0073,1,113.677643956871,1,341.869995117188,0.00730000017210841,0.0111093986779451,107.327796936035,-94.4352,25.4777,31.7906607207662,51,51,51,51,51,51,0,8271,1.31420257448816,25,-94,0.0073,51,2025-10-18 06:48:25.000713,1.0543,1.13
"2904010",27,0,1,0,1,0,1,111.496408902533,1,351.779998779297,0,0.00555469933897257,105.268402099609,-94.4352,25.4777,31.7906607207662,51,51,51,51,51,51,0,8271,1.31420257448816,25,-94,0.0073,51,2025-10-18 06:48:25.000713,1.0543,1.13
"2904010",27,0,1,0,1,0,1,112.148535388091,1,361.679992675781,0,0.00555469933897257,105.884101867676,-94.4352,25.4777,31.7906607207662,51,51,51,51,51,51,0,8271,1.31420257448816,25,-94,0.0073,51,2025-10-18 06:48:25.000713,1.0543,1.13
"2904010",27,0,1,0,1,0,1,113.048289090454,1,381.540008544922,0,0.00555469933897257,106.733596801758,-94.4352,25.4777,31.7906607207662,51,51,51,51,51,51,0,8271,1.31420257448816,25,-94,0.0073,51,2025-10-18 06:48:25.000713,1.0543,1.13
"2904010",27,0,1,-0.0073,1,-0.0073,1,113.797336370895,1,401.089996337891,-0.00730000017210841,0,107.440803527832,-94.4352,25.4777,31.7906607207662,51,51,51,51,51,51,0,8271,1.31420257448816,25,-94,0.0073,51,2025-10-18 06:48:25.000713,1.0543,1.13
"2904010",27,0,1,0,1,0,1,113.710266038657,1,451.529998779297,0,0.00555469933897257,107.358596801758,-94.4352,25.4777,31.7906607207662,51,51,51,51,51,51,0,8271,1.31420257448816,25,-94,0.0073,51,2025-10-18 06:48:25.000713,1.0543,1.13
"2904010",27,0,1,-0.0073,1,-0.0073,1,119.801835774356,1,501.769989013672,-0.00730000017210841,0,113.109901428223,-94.4352,25.4777,31.7906607207662,51,51,51,51,51,51,0,8271,1.31420257448816,25,-94,0.0073,51,2025-10-18 06:48:25.000713,1.0543,1.13
"2904010",27,0,1,0.0073,1,0.0073,1,125.244341637575,1,551.140014648438,0.00730000017210841,0.0111093986779451,118.248397827148,-94.4352,25.4777,31.7906607207662,51,51,51,51,51,51,0,8271,1.31420257448816,25,-94,0.0073,51,2025-10-18 06:48:25.000713,1.0543,1.13
"2904010",27,0,1,0.0073,1,0.0073,1,130.985747224147,1,601.880004882812,0.00730000017210841,0.0111093986779451,123.669097900391,-94.4352,25.4777,31.7906607207662,51,51,51,51,51,51,0,8271,1.31420257448816,25,-94,0.0073,51,2025-10-18 06:48:25.000713,1.0543,1.13
"2904010",27,0,1,0,1,0,1,139.552692162068,1,651.669982910156,0,0.00555469933897257,131.757507324219,-94.4352,25.4777,31.7906607207662,51,51,51,51,51,51,0,8271,1.31420257448816,25,-94,0.0073,51,2025-10-18 06:48:25.000713,1.0543,1.13
"2904010",27,0,1,0,1,0,1,148.637436891088,1,701.890014648438,0,0.00555469933897257,140.33479309082,-94.4352,25.4777,31.7906607207662,51,51,51,51,51,51,0,8271,1.31420257448816,25,-94,0.0073,51,2025-10-18 06:48:25.000713,1.0543,1.13
"2904010",27,0,1,-0.0073,1,-0.0073,1,153.980929039142,1,751.47998046875,-0.00730000017210841,0,145.379806518555,-94.4352,25.4777,31.7906607207662,51,51,51,51,51,51,0,8271,1.31420257448816,25,-94,0.0073,51,2025-10-18 06:48:25.000713,1.0543,1.13
"2904010",27,0,1,0,1,0,1,160.419252837638,1,801.159973144531,0,0.00555469933897257,151.45849609375,-94.4352,25.4777,31.7906607207662,51,51,51,51,51,51,0,8271,1.31420257448816,25,-94,0.0073,51,2025-10-18 06:48:25.000713,1.0543,1.13
"2904010",27,0,1,0,1,0,1,167.125567401639,1,851.179992675781,0,0.00555469933897257,157.79020690918,-94.4352,25.4777,31.7906607207662,51,51,51,51,51,51,0,8271,1.31420257448816,25,-94,0.0073,51,2025-10-18 06:48:25.000713,1.0543,1.13
"2904010",27,0,1,0,1,0,1,174.631846198603,1,900.950012207031,0,0.00555469933897257,164.877197265625,-94.4352,25.4777,31.7906607207662,51,51,51,51,51,51,0,8271,1.31420257448816,25,-94,0.0073,51,2025-10-18 06:48:25.000713,1.0543,1.13
"2904010",27,0,1,0,1,0,1,181.568414316829,1,951.530029296875,0,0.00555469933897257,171.426300048828,-94.4352,25.4777,31.7906607207662,51,51,51,51,51,51,0,8271,1.31420257448816,25,-94,0.0073,51,2025-10-18 06:48:25.000713,1.0543,1.13
"2904010",27,0,1,-0.0073,1,-0.0073,1,187.650343689988,1,999.619995117188,-0.00730000017210841,0,177.168502807617,-94.4352,25.4777,31.7906607207662,51,51,51,51,51,51,0,8271,1.31420257448816,25,-94,0.0073,51,2025-10-18 06:48:25.000713,1.0543,1.13
"2904010",27,0,1,0,1,0,1,196.966311666029,1,1099.84997558594,0,0.00555469933897257,185.964096069336,-94.4352,25.4777,31.7906607207662,51,51,51,51,51,51,0,8271,1.31420257448816,25,-94,0.0073,51,2025-10-18 06:48:25.000713,1.0543,1.13
"2904010",27,0,1,0,1,0,1,202.977905988442,1,1198.81994628906,0,0.00555469933897257,191.639892578125,-94.4352,25.4777,31.7906607207662,51,51,51,51,51,51,0,8271,1.31420257448816,25,-94,0.0073,51,2025-10-18 06:48:25.000713,1.0543,1.13
"2904010",27,0,1,0.0073,1,0.0073,1,206.1166399511,1,1299.35998535156,0.00730000017210841,0.0111093986779451,194.603302001953,-94.4352,25.4777,31.7906607207662,51,51,51,51,51,51,0,8271,1.31420257448816,25,-94,0.0073,51,2025-10-18 06:48:25.000713,1.0543,1.13
"2904010",27,0,1,0,1,0,1,208.28411344852,1,1399.93005371094,0,0.00555469933897257,196.649703979492,-94.4352,25.4777,31.7906607207662,51,51,51,51,51,51,0,8271,1.31420257448816,25,-94,0.0073,51,2025-10-18 06:48:25.000713,1.0543,1.13
"2904010",27,0,1,0,1,0,1,209.815662410835,1,1499.82995605469,0,0.00555469933897257,198.095703125,-94.4352,25.4777,31.7906607207662,51,51,51,51,51,51,0,8271,1.31420257448816,25,-94,0.0073,51,2025-10-18 06:48:25.000713,1.0543,1.13
"2904010",28,0.137896376261106,5,0.1606,1,0.1606,1,192.805637206428,1,7.88000011444092,0.160600006580353,0.55785346031189,182.006301879883,-94.5603,25.5167,34.1746674352836,51,51,51,51,51,51,0.1606,8038,1.16464264221059,26,-95,0.0073,51,2025-10-23 13:14:36.001415,1.0543,1.13
"2904010",28,0.131628359158328,5,0.1533,1,0.1533,1,192.636252883763,1,11.4700002670288,0.153300002217293,0.55785346031189,181.846405029297,-94.5603,25.5167,34.1746674352836,51,51,51,51,51,51,0.1533,8038,1.16464264221059,26,-95,0.0073,51,2025-10-23 13:14:36.001415,1.0543,1.13
"2904010",28,0.131628359158328,5,0.1533,1,0.1533,1,192.49439614021,1,16.7800006866455,0.153300002217293,0.55785346031189,181.712493896484,-94.5603,25.5167,34.1746674352836,51,51,51,51,51,51,0.1533,8038,1.16464264221059,26,-95,0.0073,51,2025-10-23 13:14:36.001415,1.0543,1.13
"2904010",28,0.144164393363884,5,0.1679,1,0.1679,1,192.400870260743,1,21.4899997711182,0.167899996042252,0.55785346031189,181.624206542969,-94.5603,25.5167,34.1746674352836,51,51,51,51,51,51,0.1679,8038,1.16464264221059,26,-95,0.0073,51,2025-10-23 13:14:36.001415,1.0543,1.13
"2904010",28,0.150432410466661,5,0.1752,1,0.1752,1,192.229465417005,1,26.5499992370605,0.175200000405312,0.55785346031189,181.46240234375,-94.5603,25.5167,34.1746674352836,51,51,51,51,51,51,0.1752,8038,1.16464264221059,26,-95,0.0073,51,2025-10-23 13:14:36.001415,1.0543,1.13
"2904010",28,0.175504478877771,5,0.2044,1,0.2044,1,191.529670066199,1,31.9300003051758,0.20440000295639,0.55785346031189,180.801803588867,-94.5603,25.5167,34.1746674352836,51,51,51,51,51,51,0.2044,8038,1.16464264221059,26,-95,0.0073,51,2025-10-23 13:14:36.001415,1.0543,1.13
"2904010",28,0.545317487941646,1,0.6351,1,0.6351,1,186.212870912435,1,36.8300018310547,0.63510000705719,0.55785346031189,175.782806396484,-94.5603,25.5167,34.1746674352836,51,51,51,51,51,51,0.6351,8038,1.16464264221059,26,-95,0.0073,51,2025-10-23 13:14:36.001415,1.0543,1.13
"2904010",28,0.783502137847193,1,0.9125,1,0.9125,1,183.579259088087,1,41.8899993896484,0.912500023841858,0.55785346031189,173.29670715332,-94.5603,25.5167,34.1746674352836,51,51,51,51,51,51,0.9125,8038,1.16464264221059,26,-95,0.0073,51,2025-10-23 13:14:36.001415,1.0543,1.13
"2904010",28,0.68948188130553,1,0.803,1,0.803,1,182.834543512767,1,46.9799995422363,0.802999973297119,0.55785346031189,172.593704223633,-94.5603,25.5167,34.1746674352836,51,51,51,51,51,51,0.803,8038,1.16464264221059,26,-95,0.0073,51,2025-10-23 13:14:36.001415,1.0543,1.13
"2904010",28,0.551585505044424,1,0.6424,1,0.6424,1,175.154251955978,1,51.8300018310547,0.642400026321411,0.55785346031189,165.343597412109,-94.5603,25.5167,34.1746674352836,51,51,51,51,51,51,0.6424,8038,1.16464264221059,26,-95,0.0073,51,2025-10-23 13:14:36.001415,1.0543,1.13
"2904010",28,0.438761197194428,1,0.511,1,0.511,1,162.293829290861,1,56.9799995422363,0.510999977588654,0.445029199123383,153.203506469727,-94.5603,25.5167,34.1746674352836,51,51,51,51,51,51,0.511,8038,1.16464264221059,26,-95,0.0073,51,2025-10-23 13:14:36.001415,1.0543,1.13
"2904010",28,0.3071328380361,1,0.3577,1,0.3577,1,149.878519336233,1,61.8300018310547,0.357699990272522,0.313400864601135,141.483596801758,-94.5603,25.5167,34.1746674352836,51,51,51,51,51,51,0.3577,8038,1.16464264221059,26,-95,0.0073,51,2025-10-23 13:14:36.001415,1.0543,1.13
"2904010",28,0.238184649905547,1,0.2774,1,0.2774,1,139.930103971105,1,66.75,0.277399986982346,0.244452655315399,132.092407226562,-94.5603,25.5167,34.1746674352836,51,51,51,51,51,51,0.2774,8038,1.16464264221059,26,-95,0.0073,51,2025-10-23 13:14:36.001415,1.0543,1.13
"2904010",28,0.194308530186104,1,0.2263,1,0.2263,1,137.407071224087,1,71.9000015258789,0.226300001144409,0.200576543807983,129.710693359375,-94.5603,25.5167,34.1746674352836,51,51,51,51,51,51,0.2263,8038,1.16464264221059,26,-95,0.0073,51,2025-10-23 13:14:36.001415,1.0543,1.13
"2904010",28,0.150432410466661,1,0.1752,1,0.1752,1,133.514343405267,1,76.6100006103516,0.175200000405312,0.156700432300568,126.036003112793,-94.5603,25.5167,34.1746674352836,51,51,51,51,51,51,0.1752,8038,1.16464264221059,26,-95,0.0073,51,2025-10-23 13:14:36.001415,1.0543,1.13
"2904010",28,0.125360342055551,1,0.146,1,0.146,1,131.147682825198,1,81.1699981689453,0.145999997854233,0.131628349423409,123.801902770996,-94.5603,25.5167,34.1746674352836,51,51,51,51,51,51,0.146,8038,1.16464264221059,26,-95,0.0073,51,2025-10-23 13:14:36.001415,1.0543,1.13
"2904010",28,0.0814842223361081,1,0.0949,1,0.0949,1,130.397140067101,1,86.9599990844727,0.0948999971151352,0.0877522379159927,123.093399047852,-94.5603,25.5167,34.1746674352836,51,51,51,51,51,51,0.0949,8038,1.16464264221059,26,-95,0.0073,51,2025-10-23 13:14:36.001415,1.0543,1.13
"2904010",28,0.0564121539249979,1,0.0657,1,0.0657,1,131.464419708737,1,91.870002746582,0.065700002014637,0.0626801699399948,124.100898742676,-94.5603,25.5167,34.1746674352836,51,51,51,51,51,51,0.0657,8038,1.16464264221059,26,-95,0.0073,51,2025-10-23 13:14:36.001415,1.0543,1.13
"2904010",28,0.0564121539249979,1,0.0657,1,0.0657,1,131.034331592954,1,96.7799987792969,0.065700002014637,0.0626801699399948,123.694900512695,-94.5603,25.5167,34.1746674352836,51,51,51,51,51,51,0.0657,8038,1.16464264221059,26,-95,0.0073,51,2025-10-23 13:14:36.001415,1.0543,1.13
"2904010",28,0.0313400855138877,1,0.0365,1,0.0365,1,130.307630983528,1,101.349998474121,0.0364999994635582,0.0376081019639969,123.008903503418,-94.5603,25.5167,34.1746674352836,51,51,51,51,51,51,0.0365,8038,1.16464264221059,26,-95,0.0073,51,2025-10-23 13:14:36.001415,1.0543,1.13
"2904010",28,0.00626801710277755,1,0.0073,1,0.0073,1,129.16100143828,1,111.790000915527,0.00730000017210841,0.012536033987999,121.926498413086,-94.5603,25.5167,34.1746674352836,51,51,51,51,51,51,0.0073,8038,1.16464264221059,26,-95,0.0073,51,2025-10-23 13:14:36.001415,1.0543,1.13
"2904010",28,0,1,0,1,0,1,126.988521015493,1,121.910003662109,0,0.00626801699399948,119.875701904297,-94.5603,25.5167,34.1746674352836,51,51,51,51,51,51,0,8038,1.16464264221059,26,-95,0.0073,51,2025-10-23 13:14:36.001415,1.0543,1.13
"2904010",28,0,1,0,1,0,1,125.065081938187,1,131.869995117188,0,0.00626801699399948,118.059997558594,-94.5603,25.5167,34.1746674352836,51,51,51,51,51,51,0,8038,1.16464264221059,26,-95,0.0073,51,2025-10-23 13:14:36.001415,1.0543,1.13
"2904010",28,0,1,-0.0073,1,-0.0073,1,122.264946849016,1,141.880004882812,-0.00730000017210841,0,115.416702270508,-94.5603,25.5167,34.1746674352836,51,51,51,51,51,51,0,8038,1.16464264221059,26,-95,0.0073,51,2025-10-23 13:14:36.001415,1.0543,1.13
"2904010",28,0,1,-0.0073,1,-0.0073,1,121.12424955364,1,151.75,-0.00730000017210841,0,114.339897155762,-94.5603,25.5167,34.1746674352836,51,51,51,51,51,51,0,8038,1.16464264221059,26,-95,0.0073,51,2025-10-23 13:14:36.001415,1.0543,1.13
"2904010",28,0,1,-0.0073,1,-0.0073,1,120.918738314175,1,161.050003051758,-0.00730000017210841,0,114.145896911621,-94.5603,25.5167,34.1746674352836,51,51,51,51,51,51,0,8038,1.16464264221059,26,-95,0.0073,51,2025-10-23 13:14:36.001415,1.0543,1.13
"2904010",28,0,1,-0.0073,1,-0.0073,1,119.475924625751,1,171.600006103516,-0.00730000017210841,0,112.783897399902,-94.5603,25.5167,34.1746674352836,51,51,51,51,51,51,0,8038,1.16464264221059,26,-95,0.0073,51,2025-10-23 13:14:36.001415,1.0543,1.13
"2904010",28,0,1,-0.0073,1,-0.0073,1,119.724974053315,1,181.880004882812,-0.00730000017210841,0,113.018997192383,-94.5603,25.5167,34.1746674352836,51,51,51,51,51,51,0,8038,1.16464264221059,26,-95,0.0073,51,2025-10-23 13:14:36.001415,1.0543,1.13
"2904010",28,0,1,0,1,0,1,119.684725273524,1,191.630004882812,0,0.00626801699399948,112.981002807617,-94.5603,25.5167,34.1746674352836,51,51,51,51,51,51,0,8038,1.16464264221059,26,-95,0.0073,51,2025-10-23 13:14:36.001415,1.0543,1.13
"2904010",28,0,1,-0.0073,1,-0.0073,1,117.681516024221,1,201.729995727539,-0.00730000017210841,0,111.089996337891,-94.5603,25.5167,34.1746674352836,51,51,51,51,51,51,0,8038,1.16464264221059,26,-95,0.0073,51,2025-10-23 13:14:36.001415,1.0543,1.13
"2904010",28,0,1,-0.0073,1,-0.0073,1,116.200255860804,1,211.899993896484,-0.00730000017210841,0,109.691703796387,-94.5603,25.5167,34.1746674352836,51,51,51,51,51,51,0,8038,1.16464264221059,26,-95,0.0073,51,2025-10-23 13:14:36.001415,1.0543,1.13
"2904010",28,0,1,-0.0073,1,-0.0073,1,114.483596910197,1,221.020004272461,-0.00730000017210841,0,108.071197509766,-94.5603,25.5167,34.1746674352836,51,51,51,51,51,51,0,8038,1.16464264221059,26,-95,0.0073,51,2025-10-23 13:14:36.001415,1.0543,1.13
"2904010",28,0,1,-0.0073,1,-0.0073,1,116.104491243987,1,231.130004882812,-0.00730000017210841,0,109.601303100586,-94.5603,25.5167,34.1746674352836,51,51,51,51,51,51,0,8038,1.16464264221059,26,-95,0.0073,51,2025-10-23 13:14:36.001415,1.0543,1.13
"2904010",28,0,1,-0.0073,1,-0.0073,1,115.793153192757,1,241.270004272461,-0.00730000017210841,0,109.307403564453,-94.5603,25.5167,34.1746674352836,51,51,51,51,51,51,0,8038,1.16464264221059,26,-95,0.0073,51,2025-10-23 13:14:36.001415,1.0543,1.13
"2904010",28,0,1,0,1,0,1,113.711240606586,1,251.729995727539,0,0.00626801699399948,107.342102050781,-94.5603,25.5167,34.1746674352836,51,51,51,51,51,51,0,8038,1.16464264221059,26,-95,0.0073,51,2025-10-23 13:14:36.001415,1.0543,1.13
"2904010",28,0,1,0,1,0,1,113.096824394277,1,260.850006103516,0,0.00626801699399948,106.762100219727,-94.5603,25.5167,34.1746674352836,51,51,51,51,51,51,0,8038,1.16464264221059,26,-95,0.0073,51,2025-10-23 13:14:36.001415,1.0543,1.13
"2904010",28,0,1,0,1,0,1,112.975633540267,1,271.239990234375,0,0.00626801699399948,106.64769744873,-94.5603,25.5167,34.1746674352836,51,51,51,51,51,51,0,8038,1.16464264221059,26,-95,0.0073,51,2025-10-23 13:14:36.001415,1.0543,1.13
"2904010",28,0,1,-0.0073,1,-0.0073,1,111.516510205734,1,281.709991455078,-0.00730000017210841,0,105.270301818848,-94.5603,25.5167,34.1746674352836,51,51,51,51,51,51,0,8038,1.16464264221059,26,-95,0.0073,51,2025-10-23 13:14:36.001415,1.0543,1.13
"2904010",28,0,1,-0.0073,1,-0.0073,1,111.423711713854,1,290.910003662109,-0.00730000017210841,0,105.18270111084,-94.5603,25.5167,34.1746674352836,51,51,51,51,51,51,0,8038,1.16464264221059,26,-95,0.0073,51,2025-10-23 13:14:36.001415,1.0543,1.13
"2904010",28,0,1,-0.0073,1,-0.0073,1,111.174767353385,1,300.709991455078,-0.00730000017210841,0,104.947700500488,-94.5603,25.5167,34.1746674352836,51,51,51,51,51,51,0,8038,1.16464264221059,26,-95,0.0073,51,2025-10-23 13:14:36.001415,1.0543,1.13
"2904010",28,0,1,-0.0073,1,-0.0073,1,111.491504236924,1,311.760009765625,-0.00730000017210841,0,105.246696472168,-94.5603,25.5167,34.1746674352836,51,51,51,51,51,51,0,8038,1.16464264221059,26,-95,0.0073,51,2025-10-23 13:14:36.001415,1.0543,1.13
"2904010",28,0,1,-0.0073,1,-0.0073,1,111.534096821161,1,321.450012207031,-0.00730000017210841,0,105.286903381348,-94.5603,25.5167,34.1746674352836,51,51,51,51,51,51,0,8038,1.16464264221059,26,-95,0.0073,51,2025-10-23 13:14:36.001415,1.0543,1.13
"2904010",28,0,1,0,1,0,1,111.22392259007,1,331.369995117188,0,0.00626801699399948,104.994102478027,-94.5603,25.5167,34.1746674352836,51,51,51,51,51,51,0,8038,1.16464264221059,26,-95,0.0073,51,2025-10-23 13:14:36.001415,1.0543,1.13
"2904010",28,0,1,0,1,0,1,111.73938984435,1,341.529998779297,0,0.00626801699399948,105.480697631836,-94.5603,25.5167,34.1746674352836,51,51,51,51,51,51,0,8038,1.16464264221059,26,-95,0.0073,51,2025-10-23 13:14:36.001415,1.0543,1.13
"2904010",28,0,1,-0.0073,1,-0.0073,1,111.850518503412,1,351.160003662109,-0.00730000017210841,0,105.585601806641,-94.5603,25.5167,34.1746674352836,51,51,51,51,51,51,0,8038,1.16464264221059,26,-95,0.0073,51,2025-10-23 13:14:36.001415,1.0543,1.13
"2904010",28,0,1,0,1,0,1,111.840343159284,1,361.200012207031,0,0.00626801699399948,105.575996398926,-94.5603,25.5167,34.1746674352836,51,51,51,51,51,51,0,8038,1.16464264221059,26,-95,0.0073,51,2025-10-23 13:14:36.001415,1.0543,1.13
"2904010",28,0,1,0.0073,1,0.0073,1,112.285164914737,1,380.940002441406,0.00730000017210841,0.012536033987999,105.995903015137,-94.5603,25.5167,34.1746674352836,51,51,51,51,51,51,0,8038,1.16464264221059,26,-95,0.0073,51,2025-10-23 13:14:36.001415,1.0543,1.13
"2904010",28,0,1,-0.0073,1,-0.0073,1,113.382954424589,1,401.290008544922,-0.00730000017210841,0,107.032203674316,-94.5603,25.5167,34.1746674352836,51,51,51,51,51,51,0,8038,1.16464264221059,26,-95,0.0073,51,2025-10-23 13:14:36.001415,1.0543,1.13
"2904010",28,0,1,-0.0073,1,-0.0073,1,117.652598326612,1,451.559997558594,-0.00730000017210841,0,111.062698364258,-94.5603,25.5167,34.1746674352836,51,51,51,51,51,51,0,8038,1.16464264221059,26,-95,0.0073,51,2025-10-23 13:14:36.001415,1.0543,1.13
"2904010",28,0,1,0.0073,1,0.0073,1,121.214720405243,1,501.059997558594,0.00730000017210841,0.012536033987999,114.425300598145,-94.5603,25.5167,34.1746674352836,51,51,51,51,51,51,0,8038,1.16464264221059,26,-95,0.0073,51,2025-10-23 13:14:36.001415,1.0543,1.13
"2904010",28,0,1,0,1,0,1,124.89315175897,1,551.570007324219,0,0.00626801699399948,117.89769744873,-94.5603,25.5167,34.1746674352836,51,51,51,51,51,51,0,8038,1.16464264221059,26,-95,0.0073,51,2025-10-23 13:14:36.001415,1.0543,1.13
"2904010",28,0,1,0.0073,1,0.0073,1,132.20129566229,1,601.239990234375,0.00730000017210841,0.012536033987999,124.796501159668,-94.5603,25.5167,34.1746674352836,51,51,51,51,51,51,0,8038,1.16464264221059,26,-95,0.0073,51,2025-10-23 13:14:36.001415,1.0543,1.13
"2904010",28,0,1,0,1,0,1,143.178972544528,1,651.27001953125,0,0.00626801699399948,135.159301757812,-94.5603,25.5167,34.1746674352836,51,51,51,51,51,51,0,8038,1.16464264221059,26,-95,0.0073,51,2025-10-23 13:14:36.001415,1.0543,1.13
"2904010",28,0,1,0.0073,1,0.0073,1,150.751093485107,1,701.280029296875,0.00730000017210841,0.012536033987999,142.30729675293,-94.5603,25.5167,34.1746674352836,51,51,51,51,51,51,0,8038,1.16464264221059,26,-95,0.0073,51,2025-10-23 13:14:36.001415,1.0543,1.13
"2904010",28,0,1,0,1,0,1,157.026379343806,1,751.489990234375,0,0.00626801699399948,148.231094360352,-94.5603,25.5167,34.1746674352836,51,51,51,51,51,51,0,8038,1.16464264221059,26,-95,0.0073,51,2025-10-23 13:14:36.001415,1.0543,1.13
"2904010",28,0,1,0.0073,1,0.0073,1,163.861963778371,1,801.599975585938,0.00730000017210841,0.012536033987999,154.683807373047,-94.5603,25.5167,34.1746674352836,51,51,51,51,51,51,0,8038,1.16464264221059,26,-95,0.0073,51,2025-10-23 13:14:36.001415,1.0543,1.13
"2904010",28,0,1,0,1,0,1,170.671038976447,1,851.799987792969,0,0.00626801699399948,161.11149597168,-94.5603,25.5167,34.1746674352836,51,51,51,51,51,51,0,8038,1.16464264221059,26,-95,0.0073,51,2025-10-23 13:14:36.001415,1.0543,1.13
"2904010",28,0,1,0,1,0,1,177.178636266134,1,901.030029296875,0,0.00626801699399948,167.254592895508,-94.5603,25.5167,34.1746674352836,51,51,51,51,51,51,0,8038,1.16464264221059,26,-95,0.0073,51,2025-10-23 13:14:36.001415,1.0543,1.13
"2904010",28,0,1,0.0073,1,0.0073,1,184.345262873441,1,951.760009765625,0.00730000017210841,0.012536033987999,174.019805908203,-94.5603,25.5167,34.1746674352836,51,51,51,51,51,51,0,8038,1.16464264221059,26,-95,0.0073,51,2025-10-23 13:14:36.001415,1.0543,1.13
"2904010",28,0,1,0.0073,1,0.0073,1,189.466718049784,1,999.530029296875,0.00730000017210841,0.012536033987999,178.854400634766,-94.5603,25.5167,34.1746674352836,51,51,51,51,51,51,0,8038,1.16464264221059,26,-95,0.0073,51,2025-10-23 13:14:36.001415,1.0543,1.13
"2904010",28,0,1,0,1,0,1,199.064500269838,1,1099.78002929688,0,0.00626801699399948,187.914596557617,-94.5603,25.5167,34.1746674352836,51,51,51,51,51,51,0,8038,1.16464264221059,26,-95,0.0073,51,2025-10-23 13:14:36.001415,1.0543,1.13
"2904010",28,0,1,0.0073,1,0.0073,1,203.800262219433,1,1198.71997070312,0.00730000017210841,0.012536033987999,192.385101318359,-94.5603,25.5167,34.1746674352836,51,51,51,51,51,51,0,8038,1.16464264221059,26,-95,0.0073,51,2025-10-23 13:14:36.001415,1.0543,1.13
"2904010",28,0,1,0.0146,1,0.0146,1,206.831965187838,1,1299.2900390625,0.0146000003442168,0.0188040509819984,195.246994018555,-94.5603,25.5167,34.1746674352836,51,51,51,51,51,51,0,8038,1.16464264221059,26,-95,0.0073,51,2025-10-23 13:14:36.001415,1.0543,1.13
"2904010",28,0,1,0.0073,1,0.0073,1,208.754353594185,1,1399.75,0.00730000017210841,0.012536033987999,197.061706542969,-94.5603,25.5167,34.1746674352836,51,51,51,51,51,51,0,8038,1.16464264221059,26,-95,0.0073,51,2025-10-23 13:14:36.001415,1.0543,1.13
"2904010",28,0,1,0,1,0,1,210.268030997712,1,1499.05004882812,0,0.00626801699399948,198.490600585938,-94.5603,25.5167,34.1746674352836,51,51,51,51,51,51,0,8038,1.16464264221059,26,-95,0.0073,51,2025-10-23 13:14:36.001415,1.0543,1.13
"2904010",29,0.0752162052333305,5,0.0876,1,0.0876,1,199.356086573172,1,7.90000009536743,0.0876000002026558,0.426225155591965,188.130401611328,-94.6553,25.5943,50.2662936985035,51,51,51,51,51,51,0.0876,8038,1.16464264221059,26,-95,0.0073,51,2025-11-02 19:33:04.002087,1.0543,1.13
"2904010",29,0.068948188130553,5,0.0803,1,0.0803,1,199.301191879605,1,11.6999998092651,0.0803000032901764,0.426225155591965,188.078598022461,-94.6553,25.5943,50.2662936985035,51,51,51,51,51,51,0.0803,8038,1.16464264221059,26,-95,0.0073,51,2025-11-02 19:33:04.002087,1.0543,1.13
"2904010",29,0.0752162052333305,5,0.0876,1,0.0876,1,199.149346204411,1,16.9200000762939,0.0876000002026558,0.426225155591965,187.935302734375,-94.6553,25.5943,50.2662936985035,51,51,51,51,51,51,0.0876,8038,1.16464264221059,26,-95,0.0073,51,2025-11-02 19:33:04.002087,1.0543,1.13
"2904010",29,0.0752162052333305,5,0.0876,1,0.0876,1,198.919499939596,1,21.7800006866455,0.0876000002026558,0.426225155591965,187.718399047852,-94.6553,25.5943,50.2662936985035,51,51,51,51,51,51,0.0876,8038,1.16464264221059,26,-95,0.0073,51,2025-11-02 19:33:04.002087,1.0543,1.13
"2904010",29,0.0752162052333305,5,0.0876,1,0.0876,1,198.775706564077,1,26.4799995422363,0.0876000002026558,0.426225155591965,187.582702636719,-94.6553,25.5943,50.2662936985035,51,51,51,51,51,51,0.0876,8038,1.16464264221059,26,-95,0.0073,51,2025-11-02 19:33:04.002087,1.0543,1.13
"2904010",29,0.0752162052333305,5,0.0876,1,0.0876,1,198.634128379432,1,31.7099990844727,0.0876000002026558,0.426225155591965,187.449096679688,-94.6553,25.5943,50.2662936985035,51,51,51,51,51,51,0.0876,8038,1.16464264221059,26,-95,0.0073,51,2025-11-02 19:33:04.002087,1.0543,1.13
"2904010",29,0.0814842223361081,5,0.0949,1,0.0949,1,198.507070205044,1,36.7799987792969,0.0948999971151352,0.426225155591965,187.329193115234,-94.6553,25.5943,50.2662936985035,51,51,51,51,51,51,0.0949,8038,1.16464264221059,26,-95,0.0073,51,2025-11-02 19:33:04.002087,1.0543,1.13
"2904010",29,0.0877522394388856,5,0.1022,1,0.1022,1,198.26663306415,1,41.4199981689453,0.102200001478195,0.426225155591965,187.102294921875,-94.6553,25.5943,50.2662936985035,51,51,51,51,51,51,0.1022,8038,1.16464264221059,26,-95,0.0073,51,2025-11-02 19:33:04.002087,1.0543,1.13
"2904010",29,0.112824307849996,5,0.1314,1,0.1314,1,197.888336672196,1,46.689998626709,0.131400004029274,0.426225155591965,186.745300292969,-94.6553,25.5943,50.2662936985035,51,51,51,51,51,51,0.1314,8038,1.16464264221059,26,-95,0.0073,51,2025-11-02 19:33:04.002087,1.0543,1.13
"2904010",29,0.250720684111102,1,0.292,1,0.292,1,192.993621811404,1,51.9199981689453,0.291999995708466,0.426225155591965,182.126205444336,-94.6553,25.5943,50.2662936985035,51,51,51,51,51,51,0.292,8038,1.16464264221059,26,-95,0.0073,51,2025-11-02 19:33:04.002087,1.0543,1.13
"2904010",29,0.275792752522212,1,0.3212,1,0.3212,1,187.874558239792,1,56.5900001525879,0.321200013160706,0.426225155591965,177.295394897461,-94.6553,25.5943,50.2662936985035,51,51,51,51,51,51,0.3212,8038,1.16464264221059,26,-95,0.0073,51,2025-11-02 19:33:04.002087,1.0543,1.13
"2904010",29,0.338472923549987,1,0.3942,1,0.3942,1,179.662764821975,1,61.8400001525879,0.394199997186661,0.426225155591965,169.546005249023,-94.6553,25.5943,50.2662936985035,51,51,51,51,51,51,0.3942,8038,1.16464264221059,26,-95,0.0073,51,2025-11-02 19:33:04.002087,1.0543,1.13
"2904010",29,0.601729641866644,1,0.7008,1,0.7008,1,168.109283208368,1,66.8300018310547,0.700800001621246,0.426225155591965,158.643096923828,-94.6553,25.5943,50.2662936985035,51,51,51,51,51,51,0.7008,8038,1.16464264221059,26,-95,0.0073,51,2025-11-02 19:33:04.002087,1.0543,1.13
"2904010",29,0.463833265605538,1,0.5402,1,0.5402,1,148.035320520131,1,71.9599990844727,0.540199995040894,0.426225155591965,139.699493408203,-94.6553,25.5943,50.2662936985035,51,51,51,51,51,51,0.5402,8038,1.16464264221059,26,-95,0.0073,51,2025-11-02 19:33:04.002087,1.0543,1.13
"2904010",29,0.419957145886096,1,0.4891,1,0.4891,1,136.511638883032,1,76.7900009155273,0.489100009202957,0.426225155591965,128.82470703125,-94.6553,25.5943,50.2662936985035,51,51,51,51,51,51,0.4891,8038,1.16464264221059,26,-95,0.0073,51,2025-11-02 19:33:04.002087,1.0543,1.13
"2904010",29,0.369813009063875,1,0.4307,1,0.4307,1,134.392930081233,1,81.8000030517578,0.4307000041008,0.376081019639969,126.825302124023,-94.6553,25.5943,50.2662936985035,51,51,51,51,51,51,0.4307,8038,1.16464264221059,26,-95,0.0073,51,2025-11-02 19:33:04.002087,1.0543,1.13
"2904010",29,0.351008957755543,1,0.4088,1,0.4088,1,133.405844261451,1,86.9000015258789,0.408800005912781,0.357276946306229,125.893798828125,-94.6553,25.5943,50.2662936985035,51,51,51,51,51,51,0.4088,8038,1.16464264221059,26,-95,0.0073,51,2025-11-02 19:33:04.002087,1.0543,1.13
"2904010",29,0.294596803830545,1,0.3431,1,0.3431,1,128.205513906373,1,91.879997253418,0.343100011348724,0.300864815711975,120.986297607422,-94.6553,25.5943,50.2662936985035,51,51,51,51,51,51,0.3431,8038,1.16464264221059,26,-95,0.0073,51,2025-11-02 19:33:04.002087,1.0543,1.13
"2904010",29,0.225648615699992,1,0.2628,1,0.2628,1,128.665416636598,1,96.6500015258789,0.262800008058548,0.2319166213274,121.420303344727,-94.6553,25.5943,50.2662936985035,51,51,51,51,51,51,0.2628,8038,1.16464264221059,26,-95,0.0073,51,2025-11-02 19:33:04.002087,1.0543,1.13
"2904010",29,0.162968444672216,1,0.1898,1,0.1898,1,129.820347630626,1,101.949996948242,0.18979999423027,0.169236451387405,122.510200500488,-94.6553,25.5943,50.2662936985035,51,51,51,51,51,51,0.1898,8038,1.16464264221059,26,-95,0.0073,51,2025-11-02 19:33:04.002087,1.0543,1.13
"2904010",29,0.106556290747218,1,0.1241,1,0.1241,1,130.77585485349,1,111.389999389648,0.124099999666214,0.112824305891991,123.411903381348,-94.6553,25.5943,50.2662936985035,51,51,51,51,51,51,0.1241,8038,1.16464264221059,26,-95,0.0073,51,2025-11-02 19:33:04.002087,1.0543,1.13
"2904010",29,0.068948188130553,1,0.0803,1,0.0803,1,131.096612875177,1,121.790000915527,0.0803000032901764,0.0752162039279938,123.714599609375,-94.6553,25.5943,50.2662936985035,51,51,51,51,51,51,0.0803,8038,1.16464264221059,26,-95,0.0073,51,2025-11-02 19:33:04.002087,1.0543,1.13
"2904010",29,0.0438761197194428,1,0.0511,1,0.0511,1,130.420227787127,1,131.539993286133,0.0511000007390976,0.0501441359519958,123.076301574707,-94.6553,25.5943,50.2662936985035,51,51,51,51,51,51,0.0511,8038,1.16464264221059,26,-95,0.0073,51,2025-11-02 19:33:04.002087,1.0543,1.13
"2904010",29,0.0188040513083326,1,0.0219,1,0.0219,1,131.01544310737,1,141.580001831055,0.0219000000506639,0.0250720679759979,123.638000488281,-94.6553,25.5943,50.2662936985035,51,51,51,51,51,51,0.0219,8038,1.16464264221059,26,-95,0.0073,51,2025-11-02 19:33:04.002087,1.0543,1.13
"2904010",29,0,1,-0.0073,1,-0.0073,1,131.871444602926,1,151.220001220703,-0.00730000017210841,0,124.44580078125,-94.6553,25.5943,50.2662936985035,51,51,51,51,51,51,0,8038,1.16464264221059,26,-95,0.0073,51,2025-11-02 19:33:04.002087,1.0543,1.13
"2904010",29,0,1,-0.0073,1,-0.0073,1,131.224940337766,1,161.419998168945,-0.00730000017210841,0,123.83570098877,-94.6553,25.5943,50.2662936985035,51,51,51,51,51,51,0,8038,1.16464264221059,26,-95,0.0073,51,2025-11-02 19:33:04.002087,1.0543,1.13
"2904010",29,0,1,-0.0073,1,-0.0073,1,130.026449312967,1,171.679992675781,-0.00730000017210841,0,122.704696655273,-94.6553,25.5943,50.2662936985035,51,51,51,51,51,51,0,8038,1.16464264221059,26,-95,0.0073,51,2025-11-02 19:33:04.002087,1.0543,1.13
"2904010",29,0,1,-0.0073,1,-0.0073,1,129.031424378446,1,181.580001831055,-0.00730000017210841,0,121.765701293945,-94.6553,25.5943,50.2662936985035,51,51,51,51,51,51,0,8038,1.16464264221059,26,-95,0.0073,51,2025-11-02 19:33:04.002087,1.0543,1.13
"2904010",29,0,1,-0.0073,1,-0.0073,1,127.668580743114,1,191.410003662109,-0.00730000017210841,0,120.479598999023,-94.6553,25.5943,50.2662936985035,51,51,51,51,51,51,0,8038,1.16464264221059,26,-95,0.0073,51,2025-11-02 19:33:04.002087,1.0543,1.13
"2904010",29,0,1,-0.0073,1,-0.0073,1,127.393387742479,1,201.399993896484,-0.00730000017210841,0,120.219902038574,-94.6553,25.5943,50.2662936985035,51,51,51,51,51,51,0,8038,1.16464264221059,26,-95,0.0073,51,2025-11-02 19:33:04.002087,1.0543,1.13
"2904010",29,0,1,-0.0073,1,-0.0073,1,124.895210276183,1,211.520004272461,-0.00730000017210841,0,117.862396240234,-94.6553,25.5943,50.2662936985035,51,51,51,51,51,51,0,8038,1.16464264221059,26,-95,0.0073,51,2025-11-02 19:33:04.002087,1.0543,1.13
"2904010",29,0,1,-0.0073,1,-0.0073,1,123.15757089725,1,221.570007324219,-0.00730000017210841,0,116.222602844238,-94.6553,25.5943,50.2662936985035,51,51,51,51,51,51,0,8038,1.16464264221059,26,-95,0.0073,51,2025-11-02 19:33:04.002087,1.0543,1.13
"2904010",29,0,1,-0.0073,1,-0.0073,1,121.22791327577,1,231.509994506836,-0.00730000017210841,0,114.40160369873,-94.6553,25.5943,50.2662936985035,51,51,51,51,51,51,0,8038,1.16464264221059,26,-95,0.0073,51,2025-11-02 19:33:04.002087,1.0543,1.13
"2904010",29,0,1,0,1,0,1,119.725617715647,1,241.429992675781,0,0.00626801699399948,112.983901977539,-94.6553,25.5943,50.2662936985035,51,51,51,51,51,51,0,8038,1.16464264221059,26,-95,0.0073,51,2025-11-02 19:33:04.002087,1.0543,1.13
"2904010",29,0,1,-0.0073,1,-0.0073,1,119.682801471593,1,251.070007324219,-0.00730000017210841,0,112.943496704102,-94.6553,25.5943,50.2662936985035,51,51,51,51,51,51,0,8038,1.16464264221059,26,-95,0.0073,51,2025-11-02 19:33:04.002087,1.0543,1.13
"2904010",29,0,1,0,1,0,1,116.962102422716,1,261.040008544922,0,0.00626801699399948,110.375999450684,-94.6553,25.5943,50.2662936985035,51,51,51,51,51,51,0,8038,1.16464264221059,26,-95,0.0073,51,2025-11-02 19:33:04.002087,1.0543,1.13
"2904010",29,0,1,0,1,0,1,116.152619935522,1,271.320007324219,0,0.00626801699399948,109.612098693848,-94.6553,25.5943,50.2662936985035,51,51,51,51,51,51,0,8038,1.16464264221059,26,-95,0.0073,51,2025-11-02 19:33:04.002087,1.0543,1.13
"2904010",29,0,1,-0.0073,1,-0.0073,1,116.009562262082,1,281.709991455078,-0.00730000017210841,0,109.477096557617,-94.6553,25.5943,50.2662936985035,51,51,51,51,51,51,0,8038,1.16464264221059,26,-95,0.0073,51,2025-11-02 19:33:04.002087,1.0543,1.13
"2904010",29,0,1,0,1,0,1,115.628614108789,1,291.040008544922,0,0.00626801699399948,109.117599487305,-94.6553,25.5943,50.2662936985035,51,51,51,51,51,51,0,8038,1.16464264221059,26,-95,0.0073,51,2025-11-02 19:33:04.002087,1.0543,1.13
"2904010",29,0,1,0,1,0,1,115.588134325183,1,301.619995117188,0,0.00626801699399948,109.079399108887,-94.6553,25.5943,50.2662936985035,51,51,51,51,51,51,0,8038,1.16464264221059,26,-95,0.0073,51,2025-11-02 19:33:04.002087,1.0543,1.13
"2904010",29,0,1,0.0073,1,0.0073,1,115.086490607788,1,311.470001220703,0.00730000017210841,0.012536033987999,108.606002807617,-94.6553,25.5943,50.2662936985035,51,51,51,51,51,51,0,8038,1.16464264221059,26,-95,0.0073,51,2025-11-02 19:33:04.002087,1.0543,1.13
"2904010",29,0,1,0,1,0,1,114.846473868082,1,321.540008544922,0,0.00626801699399948,108.379501342773,-94.6553,25.5943,50.2662936985035,51,51,51,51,51,51,0,8038,1.16464264221059,26,-95,0.0073,51,2025-11-02 19:33:04.002087,1.0543,1.13
"2904010",29,0,1,-0.0073,1,-0.0073,1,114.523484486244,1,331.660003662109,-0.00730000017210841,0,108.074699401855,-94.6553,25.5943,50.2662936985035,51,51,51,51,51,51,0,8038,1.16464264221059,26,-95,0.0073,51,2025-11-02 19:33:04.002087,1.0543,1.13
"2904010",29,0,1,0,1,0,1,114.205159940664,1,341.850006103516,0,0.00626801699399948,107.774299621582,-94.6553,25.5943,50.2662936985035,51,51,51,51,51,51,0,8038,1.16464264221059,26,-95,0.0073,51,2025-11-02 19:33:04.002087,1.0543,1.13
"2904010",29,0,1,-0.0073,1,-0.0073,1,114.006156570687,1,351.170013427734,-0.00730000017210841,0,107.586502075195,-94.6553,25.5943,50.2662936985035,51,51,51,51,51,51,0,8038,1.16464264221059,26,-95,0.0073,51,2025-11-02 19:33:04.002087,1.0543,1.13
"2904010",29,0,1,-0.0073,1,-0.0073,1,114.136068622369,1,361.600006103516,-0.00730000017210841,0,107.709098815918,-94.6553,25.5943,50.2662936985035,51,51,51,51,51,51,0,8038,1.16464264221059,26,-95,0.0073,51,2025-11-02 19:33:04.002087,1.0543,1.13
"2904010",29,0,1,0,1,0,1,114.826448219192,1,381.790008544922,0,0.00626801699399948,108.36060333252,-94.6553,25.5943,50.2662936985035,51,51,51,51,51,51,0,8038,1.16464264221059,26,-95,0.0073,51,2025-11-02 19:33:04.002087,1.0543,1.13
"2904010",29,0,1,0,1,0,1,114.845940281959,1,401.589996337891,0,0.00626801699399948,108.378997802734,-94.6553,25.5943,50.2662936985035,51,51,51,51,51,51,0,8038,1.16464264221059,26,-95,0.0073,51,2025-11-02 19:33:04.002087,1.0543,1.13
"2904010",29,0,1,0.0073,1,0.0073,1,117.137692680385,1,451.869995117188,0.00730000017210841,0.012536033987999,110.541702270508,-94.6553,25.5943,50.2662936985035,51,51,51,51,51,51,0,8038,1.16464264221059,26,-95,0.0073,51,2025-11-02 19:33:04.002087,1.0543,1.13
"2904010",29,0,1,-0.0073,1,-0.0073,1,120.267636116351,1,501.429992675781,-0.00730000017210841,0,113.495399475098,-94.6553,25.5943,50.2662936985035,51,51,51,51,51,51,0,8038,1.16464264221059,26,-95,0.0073,51,2025-11-02 19:33:04.002087,1.0543,1.13
"2904010",29,0,1,0.0073,1,0.0073,1,126.269817060136,1,551.450012207031,0.00730000017210841,0.012536033987999,119.159599304199,-94.6553,25.5943,50.2662936985035,51,51,51,51,51,51,0,8038,1.16464264221059,26,-95,0.0073,51,2025-11-02 19:33:04.002087,1.0543,1.13
"2904010",29,0,1,0.0073,1,0.0073,1,131.781373648431,1,601.049987792969,0.00730000017210841,0.012536033987999,124.360801696777,-94.6553,25.5943,50.2662936985035,51,51,51,51,51,51,0,8038,1.16464264221059,26,-95,0.0073,51,2025-11-02 19:33:04.002087,1.0543,1.13
"2904010",29,0,1,0,1,0,1,139.982147704343,1,651.169982910156,0,0.00626801699399948,132.099792480469,-94.6553,25.5943,50.2662936985035,51,51,51,51,51,51,0,8038,1.16464264221059,26,-95,0.0073,51,2025-11-02 19:33:04.002087,1.0543,1.13
"2904010",29,0,1,0,1,0,1,147.22436662878,1,701.799987792969,0,0.00626801699399948,138.934204101562,-94.6553,25.5943,50.2662936985035,51,51,51,51,51,51,0,8038,1.16464264221059,26,-95,0.0073,51,2025-11-02 19:33:04.002087,1.0543,1.13
"2904010",29,0,1,0,1,0,1,156.674710453815,1,751.210021972656,0,0.00626801699399948,147.852401733398,-94.6553,25.5943,50.2662936985035,51,51,51,51,51,51,0,8038,1.16464264221059,26,-95,0.0073,51,2025-11-02 19:33:04.002087,1.0543,1.13
"2904010",29,0,1,0,1,0,1,163.799297892038,1,800.950012207031,0,0.00626801699399948,154.575805664062,-94.6553,25.5943,50.2662936985035,51,51,51,51,51,51,0,8038,1.16464264221059,26,-95,0.0073,51,2025-11-02 19:33:04.002087,1.0543,1.13
"2904010",29,0,1,0,1,0,1,169.794380523459,1,851.580017089844,0,0.00626801699399948,160.233306884766,-94.6553,25.5943,50.2662936985035,51,51,51,51,51,51,0,8038,1.16464264221059,26,-95,0.0073,51,2025-11-02 19:33:04.002087,1.0543,1.13
"2904010",29,0,1,0.0073,1,0.0073,1,176.290355000919,1,901.820007324219,0.00730000017210841,0.012536033987999,166.363494873047,-94.6553,25.5943,50.2662936985035,51,51,51,51,51,51,0,8038,1.16464264221059,26,-95,0.0073,51,2025-11-02 19:33:04.002087,1.0543,1.13
"2904010",29,0,1,0,1,0,1,182.12235431001,1,951.190002441406,0,0.00626801699399948,171.867095947266,-94.6553,25.5943,50.2662936985035,51,51,51,51,51,51,0,8038,1.16464264221059,26,-95,0.0073,51,2025-11-02 19:33:04.002087,1.0543,1.13
"2904010",29,0,1,0,1,0,1,188.546294660861,1,999.900024414062,0,0.00626801699399948,177.929306030273,-94.6553,25.5943,50.2662936985035,51,51,51,51,51,51,0,8038,1.16464264221059,26,-95,0.0073,51,2025-11-02 19:33:04.002087,1.0543,1.13
"2904010",29,0,1,0,1,0,1,198.9206641275,1,1099.63000488281,0,0.00626801699399948,187.719497680664,-94.6553,25.5943,50.2662936985035,51,51,51,51,51,51,0,8038,1.16464264221059,26,-95,0.0073,51,2025-11-02 19:33:04.002087,1.0543,1.13
"2904010",29,0,1,0,1,0,1,203.662045739665,1,1200.07995605469,0,0.00626801699399948,192.193893432617,-94.6553,25.5943,50.2662936985035,51,51,51,51,51,51,0,8038,1.16464264221059,26,-95,0.0073,51,2025-11-02 19:33:04.002087,1.0543,1.13
"2904010",29,0,1,0.0073,1,0.0073,1,206.473462514095,1,1299.83996582031,0.00730000017210841,0.012536033987999,194.84700012207,-94.6553,25.5943,50.2662936985035,51,51,51,51,51,51,0,8038,1.16464264221059,26,-95,0.0073,51,2025-11-02 19:33:04.002087,1.0543,1.13
"2904010",29,0,1,0,1,0,1,208.126221276275,1,1400.06005859375,0,0.00626801699399948,196.406692504883,-94.6553,25.5943,50.2662936985035,51,51,51,51,51,51,0,8038,1.16464264221059,26,-95,0.0073,51,2025-11-02 19:33:04.002087,1.0543,1.13
"2904010",29,0,1,-0.0073,1,-0.0073,1,209.806435469876,1,1499.10998535156,-0.00730000017210841,0,197.992294311523,-94.6553,25.5943,50.2662936985035,51,51,51,51,51,51,0,8038,1.16464264221059,26,-95,0.0073,51,2025-11-02 19:33:04.002087,1.0543,1.13
"2904010",30,0.238852065955093,1,0.3139,1,0.3139,1,198.883426566114,1,7.59999990463257,0.313899993896484,0.244406774640083,187.624893188477,-94.4637,25.4541,19.7704302460944,51,51,51,51,51,51,0.3139,8271,1.31420257448816,25,-94,0.0073,51,2025-11-13 02:39:42.000271,1.0543,1.13
"2904010",30,0.233297366746835,1,0.3066,1,0.3066,1,198.87918887306,1,11.7600002288818,0.306600004434586,0.238852068781853,187.620895385742,-94.4637,25.4541,19.7704302460944,51,51,51,51,51,51,0.3066,8271,1.31420257448816,25,-94,0.0073,51,2025-11-13 02:39:42.000271,1.0543,1.13
"2904010",30,0.227742667538577,1,0.2993,1,0.2993,1,198.591397756637,1,16.6299991607666,0.299299985170364,0.233297377824783,187.349395751953,-94.4637,25.4541,19.7704302460944,51,51,51,51,51,51,0.2993,8271,1.31420257448816,25,-94,0.0073,51,2025-11-13 02:39:42.000271,1.0543,1.13
"2904010",30,0.244406765163351,1,0.3212,1,0.3212,1,198.267683295665,1,21.6599998474121,0.321200013160706,0.249961465597153,187.044006347656,-94.4637,25.4541,19.7704302460944,51,51,51,51,51,51,0.3212,8271,1.31420257448816,25,-94,0.0073,51,2025-11-13 02:39:42.000271,1.0543,1.13
"2904010",30,0.316617854870705,1,0.4161,1,0.4161,1,197.5012916546,1,26.5799999237061,0.41609999537468,0.322172582149506,186.320999145508,-94.4637,25.4541,19.7704302460944,51,51,51,51,51,51,0.4161,8271,1.31420257448816,25,-94,0.0073,51,2025-11-13 02:39:42.000271,1.0543,1.13
"2904010",30,0.333281952495479,1,0.438,1,0.438,1,196.93048087004,1,31.6200008392334,0.437999993562698,0.338836669921875,185.782501220703,-94.4637,25.4541,19.7704302460944,51,51,51,51,51,51,0.438,8271,1.31420257448816,25,-94,0.0073,51,2025-11-13 02:39:42.000271,1.0543,1.13
"2904010",30,0.388828944578059,1,0.511,1,0.511,1,195.536473948216,1,36.7400016784668,0.510999977588654,0.394383639097214,184.467407226562,-94.4637,25.4541,19.7704302460944,51,51,51,51,51,51,0.511,8271,1.31420257448816,25,-94,0.0073,51,2025-11-13 02:39:42.000271,1.0543,1.13
"2904010",30,0.277734960412899,1,0.365,1,0.365,1,196.214973894421,1,41.8400001525879,0.365000009536743,0.283289670944214,185.107498168945,-94.4637,25.4541,19.7704302460944,51,51,51,51,51,51,0.365,8271,1.31420257448816,25,-94,0.0073,51,2025-11-13 02:39:42.000271,1.0543,1.13
"2904010",30,0.299953757245931,1,0.3942,1,0.3942,1,195.90164339887,1,46.6500015258789,0.394199997186661,0.305508464574814,184.811904907227,-94.4637,25.4541,19.7704302460944,51,51,51,51,51,51,0.3942,8271,1.31420257448816,25,-94,0.0073,51,2025-11-13 02:39:42.000271,1.0543,1.13
"2904010",30,0.266625561996383,1,0.3504,1,0.3504,1,193.663122479306,1,51.6500015258789,0.350400000810623,0.272180289030075,182.700103759766,-94.4637,25.4541,19.7704302460944,51,51,51,51,51,51,0.3504,8271,1.31420257448816,25,-94,0.0073,51,2025-11-13 02:39:42.000271,1.0543,1.13
"2904010",30,0.355500749328511,1,0.4672,1,0.4672,1,182.955895480136,1,56.9799995422363,0.467200011014938,0.361055463552475,172.598999023438,-94.4637,25.4541,19.7704302460944,51,51,51,51,51,51,0.4672,8271,1.31420257448816,25,-94,0.0073,51,2025-11-13 02:39:42.000271,1.0543,1.13
"2904010",30,0.366610147745027,1,0.4818,1,0.4818,1,169.05063357278,1,61.7999992370605,0.481799989938736,0.372164875268936,159.480895996094,-94.4637,25.4541,19.7704302460944,51,51,51,51,51,51,0.4818,8271,1.31420257448816,25,-94,0.0073,51,2025-11-13 02:39:42.000271,1.0543,1.13
"2904010",30,0.338836651703737,1,0.4453,1,0.4453,1,155.506837178256,1,66.7099990844727,0.44530001282692,0.344391345977783,146.703796386719,-94.4637,25.4541,19.7704302460944,51,51,51,51,51,51,0.4453,8271,1.31420257448816,25,-94,0.0073,51,2025-11-13 02:39:42.000271,1.0543,1.13
"2904010",30,0.272180261204641,1,0.3577,1,0.3577,1,150.853413496573,1,71.6900024414062,0.357699990272522,0.277734965085983,142.31379699707,-94.4637,25.4541,19.7704302460944,51,51,51,51,51,51,0.3577,8271,1.31420257448816,25,-94,0.0073,51,2025-11-13 02:39:42.000271,1.0543,1.13
"2904010",30,0.283289659621157,1,0.3723,1,0.3723,1,143.762087054595,1,76.7799987792969,0.372299998998642,0.288844376802444,135.623901367188,-94.4637,25.4541,19.7704302460944,51,51,51,51,51,51,0.3723,8271,1.31420257448816,25,-94,0.0073,51,2025-11-13 02:39:42.000271,1.0543,1.13
"2904010",30,0.238852065955093,1,0.3139,1,0.3139,1,138.580876494927,1,81.8499984741211,0.313899993896484,0.244406774640083,130.735992431641,-94.4637,25.4541,19.7704302460944,51,51,51,51,51,51,0.3139,8271,1.31420257448816,25,-94,0.0073,51,2025-11-13 02:39:42.000271,1.0543,1.13
"2904010",30,0.177750374664255,1,0.2336,1,0.2336,1,133.621222879718,1,86.75,0.233600005507469,0.183305084705353,126.057098388672,-94.4637,25.4541,19.7704302460944,51,51,51,51,51,51,0.2336,8271,1.31420257448816,25,-94,0.0073,51,2025-11-13 02:39:42.000271,1.0543,1.13
"2904010",30,0.166640976247739,1,0.219,1,0.219,1,131.242041282137,1,91.8300018310547,0.218999996781349,0.172195672988892,123.812599182129,-94.4637,25.4541,19.7704302460944,51,51,51,51,51,51,0.219,8271,1.31420257448816,25,-94,0.0073,51,2025-11-13 02:39:42.000271,1.0543,1.13
"2904010",30,0.127758081789934,1,0.1679,1,0.1679,1,130.939199885614,1,96.9599990844727,0.167899996042252,0.133312776684761,123.526901245117,-94.4637,25.4541,19.7704302460944,51,51,51,51,51,51,0.1679,8271,1.31420257448816,25,-94,0.0073,51,2025-11-13 02:39:42.000271,1.0543,1.13
"2904010",30,0.105539284956902,1,0.1387,1,0.1387,1,130.600629237352,1,101.779998779297,0.138699993491173,0.111093983054161,123.207496643066,-94.4637,25.4541,19.7704302460944,51,51,51,51,51,51,0.1387,8271,1.31420257448816,25,-94,0.0073,51,2025-11-13 02:39:42.000271,1.0543,1.13
"2904010",30,0.0888751873321277,1,0.1168,1,0.1168,1,128.735025306505,1,111.569999694824,0.116800002753735,0.0944298878312111,121.44750213623,-94.4637,25.4541,19.7704302460944,51,51,51,51,51,51,0.1168,8271,1.31420257448816,25,-94,0.0073,51,2025-11-13 02:39:42.000271,1.0543,1.13
"2904010",30,0.0444375936660639,1,0.0584,1,0.0584,1,129.318241856608,1,121.819999694824,0.0584000013768673,0.0499922968447208,121.997703552246,-94.4637,25.4541,19.7704302460944,51,51,51,51,51,51,0.0584,8271,1.31420257448816,25,-94,0.0073,51,2025-11-13 02:39:42.000271,1.0543,1.13
"2904010",30,0.0222187968330319,1,0.0292,1,0.0292,1,130.60561095285,1,131.850006103516,0.0292000006884336,0.0277734957635403,123.212196350098,-94.4637,25.4541,19.7704302460944,51,51,51,51,51,51,0.0292,8271,1.31420257448816,25,-94,0.0073,51,2025-11-13 02:39:42.000271,1.0543,1.13
"2904010",30,0.0166640976247739,1,0.0219,1,0.0219,1,129.642384939206,1,141.740005493164,0.0219000000506639,0.0222187973558903,122.303497314453,-94.4637,25.4541,19.7704302460944,51,51,51,51,51,51,0.0219,8271,1.31420257448816,25,-94,0.0073,51,2025-11-13 02:39:42.000271,1.0543,1.13
"2904010",30,0.011109398416516,1,0.0146,1,0.0146,1,129.235768586072,1,151.789993286133,0.0146000003442168,0.0166640970855951,121.919898986816,-94.4637,25.4541,19.7704302460944,51,51,51,51,51,51,0.0146,8271,1.31420257448816,25,-94,0.0073,51,2025-11-13 02:39:42.000271,1.0543,1.13
"2904010",30,0,1,-0.0073,1,-0.0073,1,129.853113122217,1,161.059997558594,-0.00730000017210841,0,122.502296447754,-94.4637,25.4541,19.7704302460944,51,51,51,51,51,51,0,8271,1.31420257448816,25,-94,0.0073,51,2025-11-13 02:39:42.000271,1.0543,1.13
"2904010",30,0,1,-0.0073,1,-0.0073,1,129.794497093109,1,171.550003051758,-0.00730000017210841,0,122.446998596191,-94.4637,25.4541,19.7704302460944,51,51,51,51,51,51,0,8271,1.31420257448816,25,-94,0.0073,51,2025-11-13 02:39:42.000271,1.0543,1.13
"2904010",30,0,1,-0.0073,1,-0.0073,1,128.852047097509,1,181.509994506836,-0.00730000017210841,0,121.557899475098,-94.4637,25.4541,19.7704302460944,51,51,51,51,51,51,0,8271,1.31420257448816,25,-94,0.0073,51,2025-11-13 02:39:42.000271,1.0543,1.13
"2904010",30,0,1,-0.0073,1,-0.0073,1,127.993760597345,1,191.600006103516,-0.00730000017210841,0,120.748199462891,-94.4637,25.4541,19.7704302460944,51,51,51,51,51,51,0,8271,1.31420257448816,25,-94,0.0073,51,2025-11-13 02:39:42.000271,1.0543,1.13
"2904010",30,0,1,-0.0073,1,-0.0073,1,127.053858069897,1,201.830001831055,-0.00730000017210841,0,119.861503601074,-94.4637,25.4541,19.7704302460944,51,51,51,51,51,51,0,8271,1.31420257448816,25,-94,0.0073,51,2025-11-13 02:39:42.000271,1.0543,1.13
"2904010",30,0,1,-0.0073,1,-0.0073,1,125.767216821698,1,211.869995117188,-0.00730000017210841,0,118.64769744873,-94.4637,25.4541,19.7704302460944,51,51,51,51,51,51,0,8271,1.31420257448816,25,-94,0.0073,51,2025-11-13 02:39:42.000271,1.0543,1.13
"2904010",30,0,1,-0.0073,1,-0.0073,1,124.085523917058,1,221.179992675781,-0.00730000017210841,0,117.06120300293,-94.4637,25.4541,19.7704302460944,51,51,51,51,51,51,0,8271,1.31420257448816,25,-94,0.0073,51,2025-11-13 02:39:42.000271,1.0543,1.13
"2904010",30,0,1,-0.0073,1,-0.0073,1,124.042063301657,1,231,-0.00730000017210841,0,117.020202636719,-94.4637,25.4541,19.7704302460944,51,51,51,51,51,51,0,8271,1.31420257448816,25,-94,0.0073,51,2025-11-13 02:39:42.000271,1.0543,1.13
"2904010",30,0,1,-0.0073,1,-0.0073,1,118.899655129911,1,241.110000610352,-0.00730000017210841,0,112.168899536133,-94.4637,25.4541,19.7704302460944,51,51,51,51,51,51,0,8271,1.31420257448816,25,-94,0.0073,51,2025-11-13 02:39:42.000271,1.0543,1.13
"2904010",30,0,1,-0.0073,1,-0.0073,1,117.388828597096,1,251.679992675781,-0.00730000017210841,0,110.743598937988,-94.4637,25.4541,19.7704302460944,51,51,51,51,51,51,0,8271,1.31420257448816,25,-94,0.0073,51,2025-11-13 02:39:42.000271,1.0543,1.13
"2904010",30,0,1,-0.0073,1,-0.0073,1,116.030858240629,1,260.480010986328,-0.00730000017210841,0,109.462501525879,-94.4637,25.4541,19.7704302460944,51,51,51,51,51,51,0,8271,1.31420257448816,25,-94,0.0073,51,2025-11-13 02:39:42.000271,1.0543,1.13
"2904010",30,0,1,-0.0073,1,-0.0073,1,117.001928838742,1,271.589996337891,-0.00730000017210841,0,110.378601074219,-94.4637,25.4541,19.7704302460944,51,51,51,51,51,51,0,8271,1.31420257448816,25,-94,0.0073,51,2025-11-13 02:39:42.000271,1.0543,1.13
"2904010",30,0,1,-0.0073,1,-0.0073,1,116.500651803943,1,281.200012207031,-0.00730000017210841,0,109.905700683594,-94.4637,25.4541,19.7704302460944,51,51,51,51,51,51,0,8271,1.31420257448816,25,-94,0.0073,51,2025-11-13 02:39:42.000271,1.0543,1.13
"2904010",30,0,1,0,1,0,1,114.579181492154,1,291.149993896484,0,0.00555469933897257,108.093002319336,-94.4637,25.4541,19.7704302460944,51,51,51,51,51,51,0,8271,1.31420257448816,25,-94,0.0073,51,2025-11-13 02:39:42.000271,1.0543,1.13
"2904010",30,0,1,0,1,0,1,114.355837276388,1,301.339996337891,0,0.00555469933897257,107.882301330566,-94.4637,25.4541,19.7704302460944,51,51,51,51,51,51,0,8271,1.31420257448816,25,-94,0.0073,51,2025-11-13 02:39:42.000271,1.0543,1.13
"2904010",30,0,1,0,1,0,1,114.184113661311,1,311.670013427734,0,0.00555469933897257,107.72029876709,-94.4637,25.4541,19.7704302460944,51,51,51,51,51,51,0,8271,1.31420257448816,25,-94,0.0073,51,2025-11-13 02:39:42.000271,1.0543,1.13
"2904010",30,0,1,0,1,0,1,114.882556643909,1,321.399993896484,0,0.00555469933897257,108.379203796387,-94.4637,25.4541,19.7704302460944,51,51,51,51,51,51,0,8271,1.31420257448816,25,-94,0.0073,51,2025-11-13 02:39:42.000271,1.0543,1.13
"2904010",30,0,1,-0.0073,1,-0.0073,1,115.885426114325,1,331.109985351562,-0.00730000017210841,0,109.325302124023,-94.4637,25.4541,19.7704302460944,51,51,51,51,51,51,0,8271,1.31420257448816,25,-94,0.0073,51,2025-11-13 02:39:42.000271,1.0543,1.13
"2904010",30,0,1,-0.0073,1,-0.0073,1,115.262242619431,1,341.890014648438,-0.00730000017210841,0,108.737396240234,-94.4637,25.4541,19.7704302460944,51,51,51,51,51,51,0,8271,1.31420257448816,25,-94,0.0073,51,2025-11-13 02:39:42.000271,1.0543,1.13
"2904010",30,0,1,-0.0073,1,-0.0073,1,114.479110473365,1,351.899993896484,-0.00730000017210841,0,107.998596191406,-94.4637,25.4541,19.7704302460944,51,51,51,51,51,51,0,8271,1.31420257448816,25,-94,0.0073,51,2025-11-13 02:39:42.000271,1.0543,1.13
"2904010",30,0,1,0,1,0,1,113.916783162113,1,361.910003662109,0,0.00555469933897257,107.468101501465,-94.4637,25.4541,19.7704302460944,51,51,51,51,51,51,0,8271,1.31420257448816,25,-94,0.0073,51,2025-11-13 02:39:42.000271,1.0543,1.13
"2904010",30,0,1,0,1,0,1,114.890821762804,1,381.019989013672,0,0.00555469933897257,108.387001037598,-94.4637,25.4541,19.7704302460944,51,51,51,51,51,51,0,8271,1.31420257448816,25,-94,0.0073,51,2025-11-13 02:39:42.000271,1.0543,1.13
"2904010",30,0,1,-0.0073,1,-0.0073,1,115.446153645637,1,401.779998779297,-0.00730000017210841,0,108.91089630127,-94.4637,25.4541,19.7704302460944,51,51,51,51,51,51,0,8271,1.31420257448816,25,-94,0.0073,51,2025-11-13 02:39:42.000271,1.0543,1.13
"2904010",30,0,1,0,1,0,1,117.576023026699,1,451.899993896484,0,0.00555469933897257,110.920196533203,-94.4637,25.4541,19.7704302460944,51,51,51,51,51,51,0,8271,1.31420257448816,25,-94,0.0073,51,2025-11-13 02:39:42.000271,1.0543,1.13
"2904010",30,0,1,0.0073,1,0.0073,1,120.76462825912,1,501.829986572266,0.00730000017210841,0.0111093986779451,113.928298950195,-94.4637,25.4541,19.7704302460944,51,51,51,51,51,51,0,8271,1.31420257448816,25,-94,0.0073,51,2025-11-13 02:39:42.000271,1.0543,1.13
"2904010",30,0,1,0,1,0,1,125.909050143786,1,551.659973144531,0,0.00555469933897257,118.78150177002,-94.4637,25.4541,19.7704302460944,51,51,51,51,51,51,0,8271,1.31420257448816,25,-94,0.0073,51,2025-11-13 02:39:42.000271,1.0543,1.13
"2904010",30,0,1,0,1,0,1,132.357064048865,1,601.330017089844,0,0.00555469933897257,124.864501953125,-94.4637,25.4541,19.7704302460944,51,51,51,51,51,51,0,8271,1.31420257448816,25,-94,0.0073,51,2025-11-13 02:39:42.000271,1.0543,1.13
"2904010",30,0,1,0.0073,1,0.0073,1,140.847605569779,1,651.299987792969,0.00730000017210841,0.0111093986779451,132.874404907227,-94.4637,25.4541,19.7704302460944,51,51,51,51,51,51,0,8271,1.31420257448816,25,-94,0.0073,51,2025-11-13 02:39:42.000271,1.0543,1.13
"2904010",30,0,1,0,1,0,1,146.728407494514,1,701.27001953125,0,0.00555469933897257,138.422302246094,-94.4637,25.4541,19.7704302460944,51,51,51,51,51,51,0,8271,1.31420257448816,25,-94,0.0073,51,2025-11-13 02:39:42.000271,1.0543,1.13
"2904010",30,0,1,0,1,0,1,154.159687496036,1,751.369995117188,0,0.00555469933897257,145.432907104492,-94.4637,25.4541,19.7704302460944,51,51,51,51,51,51,0,8271,1.31420257448816,25,-94,0.0073,51,2025-11-13 02:39:42.000271,1.0543,1.13
"2904010",30,0,1,0,1,0,1,162.021950585751,1,801.619995117188,0,0.00555469933897257,152.85009765625,-94.4637,25.4541,19.7704302460944,51,51,51,51,51,51,0,8271,1.31420257448816,25,-94,0.0073,51,2025-11-13 02:39:42.000271,1.0543,1.13
"2904010",30,0,1,-0.0073,1,-0.0073,1,168.409868504033,1,851.340026855469,-0.00730000017210841,0,158.876403808594,-94.4637,25.4541,19.7704302460944,51,51,51,51,51,51,0,8271,1.31420257448816,25,-94,0.0073,51,2025-11-13 02:39:42.000271,1.0543,1.13
"2904010",30,0,1,0,1,0,1,174.407481952559,1,901.820007324219,0,0.00555469933897257,164.53450012207,-94.4637,25.4541,19.7704302460944,51,51,51,51,51,51,0,8271,1.31420257448816,25,-94,0.0073,51,2025-11-13 02:39:42.000271,1.0543,1.13
"2904010",30,0,1,0.0073,1,0.0073,1,179.08211027391,1,951.539978027344,0.00730000017210841,0.0111093986779451,168.94450378418,-94.4637,25.4541,19.7704302460944,51,51,51,51,51,51,0,8271,1.31420257448816,25,-94,0.0073,51,2025-11-13 02:39:42.000271,1.0543,1.13
"2904010",30,0,1,0,1,0,1,185.331688540714,1,998.849975585938,0,0.00555469933897257,174.840301513672,-94.4637,25.4541,19.7704302460944,51,51,51,51,51,51,0,8271,1.31420257448816,25,-94,0.0073,51,2025-11-13 02:39:42.000271,1.0543,1.13
"2904010",30,0,1,-0.0073,1,-0.0073,1,196.119367010299,1,1099.68005371094,-0.00730000017210841,0,185.017303466797,-94.4637,25.4541,19.7704302460944,51,51,51,51,51,51,0,8271,1.31420257448816,25,-94,0.0073,51,2025-11-13 02:39:42.000271,1.0543,1.13
"2904010",30,0,1,0,1,0,1,202.257859491255,1,1200.01000976562,0,0.00555469933897257,190.808303833008,-94.4637,25.4541,19.7704302460944,51,51,51,51,51,51,0,8271,1.31420257448816,25,-94,0.0073,51,2025-11-13 02:39:42.000271,1.0543,1.13
"2904010",30,0,1,0,1,0,1,205.501053326943,1,1299.67004394531,0,0.00555469933897257,193.867904663086,-94.4637,25.4541,19.7704302460944,51,51,51,51,51,51,0,8271,1.31420257448816,25,-94,0.0073,51,2025-11-13 02:39:42.000271,1.0543,1.13
"2904010",30,0,1,-0.0073,1,-0.0073,1,207.566249365734,1,1400.14001464844,-0.00730000017210841,0,195.816192626953,-94.4637,25.4541,19.7704302460944,51,51,51,51,51,51,0,8271,1.31420257448816,25,-94,0.0073,51,2025-11-13 02:39:42.000271,1.0543,1.13
"2904010",30,0,1,0,1,0,1,209.176621249306,1,1499.69995117188,0,0.00555469933897257,197.335403442383,-94.4637,25.4541,19.7704302460944,51,51,51,51,51,51,0,8271,1.31420257448816,25,-94,0.0073,51,2025-11-13 02:39:42.000271,1.0543,1.13
"2904010",31,0.100529146662534,1,0.1314,1,0.1314,1,203.284024699125,1,7.8600001335144,0.131400004029274,0.106114104390144,191.715805053711,-94.5383,25.2478,9.63722313423667,51,51,51,51,51,51,0.1314,8270,1.30708361069746,25,-95,0.0073,51,2025-11-23 09:05:35.000973,1.0543,1.13
"2904010",31,0.094944194070171,1,0.1241,1,0.1241,1,202.19069421654,1,11.8199996948242,0.124099999666214,0.10052914917469,190.684692382812,-94.5383,25.2478,9.63722313423667,51,51,51,51,51,51,0.1241,8270,1.30708361069746,25,-95,0.0073,51,2025-11-23 09:05:35.000973,1.0543,1.13
"2904010",31,0.106114099254897,1,0.1387,1,0.1387,1,200.735169191845,1,16.4799995422363,0.138699993491173,0.111699052155018,189.311996459961,-94.5383,25.2478,9.63722313423667,51,51,51,51,51,51,0.1387,8270,1.30708361069746,25,-95,0.0073,51,2025-11-23 09:05:35.000973,1.0543,1.13
"2904010",31,0.161963625178527,1,0.2117,1,0.2117,1,200.422791365322,1,21.9200000762939,0.21170000731945,0.167548581957817,189.017395019531,-94.5383,25.2478,9.63722313423667,51,51,51,51,51,51,0.2117,8270,1.30708361069746,25,-95,0.0073,51,2025-11-23 09:05:35.000973,1.0543,1.13
"2904010",31,0.402116586650136,1,0.5256,1,0.5256,1,197.907249472006,1,26.8999996185303,0.525600016117096,0.407701581716537,186.645004272461,-94.5383,25.2478,9.63722313423667,51,51,51,51,51,51,0.5256,8270,1.30708361069746,25,-95,0.0073,51,2025-11-23 09:05:35.000973,1.0543,1.13
"2904010",31,0.452381159981403,1,0.5913,1,0.5913,1,197.349299021515,1,31.7199993133545,0.591300010681152,0.457966148853302,186.118804931641,-94.5383,25.2478,9.63722313423667,51,51,51,51,51,51,0.5913,8270,1.30708361069746,25,-95,0.0073,51,2025-11-23 09:05:35.000973,1.0543,1.13
"2904010",31,0.256907819248698,1,0.3358,1,0.3358,1,199.147635533669,1,36.8600006103516,0.335799992084503,0.262492775917053,187.814804077148,-94.5383,25.2478,9.63722313423667,51,51,51,51,51,51,0.3358,8270,1.30708361069746,25,-95,0.0073,51,2025-11-23 09:05:35.000973,1.0543,1.13
"2904010",31,0.256907819248698,1,0.3358,1,0.3358,1,198.408474555543,1,41.689998626709,0.335799992084503,0.262492775917053,187.117706298828,-94.5383,25.2478,9.63722313423667,51,51,51,51,51,51,0.3358,8270,1.30708361069746,25,-95,0.0073,51,2025-11-23 09:05:35.000973,1.0543,1.13
"2904010",31,0.156378672586164,1,0.2044,1,0.2044,1,198.719460944085,1,46.6699981689453,0.20440000295639,0.161963626742363,187.410995483398,-94.5383,25.2478,9.63722313423667,51,51,51,51,51,51,0.2044,8270,1.30708361069746,25,-95,0.0073,51,2025-11-23 09:05:35.000973,1.0543,1.13
"2904010",31,0.139623814809075,1,0.1825,1,0.1825,1,198.494468658613,1,51.5,0.182500004768372,0.145208775997162,187.198806762695,-94.5383,25.2478,9.63722313423667,51,51,51,51,51,51,0.1825,8270,1.30708361069746,25,-95,0.0073,51,2025-11-23 09:05:35.000973,1.0543,1.13
"2904010",31,0.134038862216712,1,0.1752,1,0.1752,1,198.458938451587,1,56.4300003051758,0.175200000405312,0.139623820781708,187.165298461914,-94.5383,25.2478,9.63722313423667,51,51,51,51,51,51,0.1752,8270,1.30708361069746,25,-95,0.0073,51,2025-11-23 09:05:35.000973,1.0543,1.13
"2904010",31,0.145208767401438,1,0.1898,1,0.1898,1,198.067248660201,1,60.8899993896484,0.18979999423027,0.150793716311455,186.7958984375,-94.5383,25.2478,9.63722313423667,51,51,51,51,51,51,0.1898,8270,1.30708361069746,25,-95,0.0073,51,2025-11-23 09:05:35.000973,1.0543,1.13
"2904010",31,0.156378672586164,1,0.2044,1,0.2044,1,196.777126780507,1,66.7300033569336,0.20440000295639,0.161963626742363,185.579193115234,-94.5383,25.2478,9.63722313423667,51,51,51,51,51,51,0.2044,8270,1.30708361069746,25,-95,0.0073,51,2025-11-23 09:05:35.000973,1.0543,1.13
"2904010",31,0.184303435547979,1,0.2409,1,0.2409,1,195.340272911962,1,71.4800033569336,0.240899994969368,0.189888387918472,184.224105834961,-94.5383,25.2478,9.63722313423667,51,51,51,51,51,51,0.2409,8270,1.30708361069746,25,-95,0.0073,51,2025-11-23 09:05:35.000973,1.0543,1.13
"2904010",31,0.33509715554178,1,0.438,1,0.438,1,177.338446967918,1,76.6699981689453,0.437999993562698,0.340682119131088,167.246704101562,-94.5383,25.2478,9.63722313423667,51,51,51,51,51,51,0.438,8270,1.30708361069746,25,-95,0.0073,51,2025-11-23 09:05:35.000973,1.0543,1.13
"2904010",31,0.301587439987602,1,0.3942,1,0.3942,1,169.460222201909,1,81.7699966430664,0.394199997186661,0.307172417640686,159.816802978516,-94.5383,25.2478,9.63722313423667,51,51,51,51,51,51,0.3942,8270,1.30708361069746,25,-95,0.0073,51,2025-11-23 09:05:35.000973,1.0543,1.13
"2904010",31,0.268077724433424,1,0.3504,1,0.3504,1,154.66433408196,1,86.6900024414062,0.350400000810623,0.273662686347961,145.862899780273,-94.5383,25.2478,9.63722313423667,51,51,51,51,51,51,0.3504,8270,1.30708361069746,25,-95,0.0073,51,2025-11-23 09:05:35.000973,1.0543,1.13
"2904010",31,0.245737914063972,1,0.3212,1,0.3212,1,143.554300453134,1,91.879997253418,0.321200013160706,0.251322865486145,135.385101318359,-94.5383,25.2478,9.63722313423667,51,51,51,51,51,51,0.3212,8270,1.30708361069746,25,-95,0.0073,51,2025-11-23 09:05:35.000973,1.0543,1.13
"2904010",31,0.212228198509794,1,0.2774,1,0.2774,1,135.00466641297,1,96.75,0.277399986982346,0.217813149094582,127.321998596191,-94.5383,25.2478,9.63722313423667,51,51,51,51,51,51,0.2774,8270,1.30708361069746,25,-95,0.0073,51,2025-11-23 09:05:35.000973,1.0543,1.13
"2904010",31,0.11169905184726,1,0.146,1,0.146,1,128.743567631479,1,101.709999084473,0.145999997854233,0.117284007370472,121.417198181152,-94.5383,25.2478,9.63722313423667,51,51,51,51,51,51,0.146,8270,1.30708361069746,25,-95,0.0073,51,2025-11-23 09:05:35.000973,1.0543,1.13
"2904010",31,0.072604383700719,1,0.0949,1,0.0949,1,126.418134997066,1,111.699996948242,0.0948999971151352,0.0781893357634544,119.224098205566,-94.5383,25.2478,9.63722313423667,51,51,51,51,51,51,0.0949,8270,1.30708361069746,25,-95,0.0073,51,2025-11-23 09:05:35.000973,1.0543,1.13
"2904010",31,0.033509715554178,1,0.0438,1,0.0438,1,128.127508465809,1,121.559997558594,0.0438000001013279,0.0390946678817272,120.836196899414,-94.5383,25.2478,9.63722313423667,51,51,51,51,51,51,0.0438,8270,1.30708361069746,25,-95,0.0073,51,2025-11-23 09:05:35.000973,1.0543,1.13
"2904010",31,0.011169905184726,1,0.0146,1,0.0146,1,130.926491129516,1,131.25,0.0146000003442168,0.0167548581957817,123.475898742676,-94.5383,25.2478,9.63722313423667,51,51,51,51,51,51,0.0146,8270,1.30708361069746,25,-95,0.0073,51,2025-11-23 09:05:35.000973,1.0543,1.13
"2904010",31,0.011169905184726,1,0.0146,1,0.0146,1,133.161051538174,1,141.589996337891,0.0146000003442168,0.0167548581957817,125.583297729492,-94.5383,25.2478,9.63722313423667,51,51,51,51,51,51,0.0146,8270,1.30708361069746,25,-95,0.0073,51,2025-11-23 09:05:35.000973,1.0543,1.13
"2904010",31,0,1,0,1,0,1,133.817405776975,1,151.830001831055,0,0.00558495288714767,126.202301025391,-94.5383,25.2478,9.63722313423667,51,51,51,51,51,51,0,8270,1.30708361069746,25,-95,0.0073,51,2025-11-23 09:05:35.000973,1.0543,1.13
"2904010",31,0,1,-0.0073,1,-0.0073,1,133.6162620913,1,161.279998779297,-0.00730000017210841,0,126.012603759766,-94.5383,25.2478,9.63722313423667,51,51,51,51,51,51,0,8270,1.30708361069746,25,-95,0.0073,51,2025-11-23 09:05:35.000973,1.0543,1.13
"2904010",31,0,1,-0.0073,1,-0.0073,1,133.285641865679,1,171.190002441406,-0.00730000017210841,0,125.700798034668,-94.5383,25.2478,9.63722313423667,51,51,51,51,51,51,0,8270,1.30708361069746,25,-95,0.0073,51,2025-11-23 09:05:35.000973,1.0543,1.13
"2904010",31,0,1,-0.0073,1,-0.0073,1,131.756847923626,1,181.059997558594,-0.00730000017210841,0,124.259002685547,-94.5383,25.2478,9.63722313423667,51,51,51,51,51,51,0,8270,1.30708361069746,25,-95,0.0073,51,2025-11-23 09:05:35.000973,1.0543,1.13
"2904010",31,0,1,-0.0073,1,-0.0073,1,128.586424127046,1,190.889999389648,-0.00730000017210841,0,121.268997192383,-94.5383,25.2478,9.63722313423667,51,51,51,51,51,51,0,8270,1.30708361069746,25,-95,0.0073,51,2025-11-23 09:05:35.000973,1.0543,1.13
"2904010",31,0,1,-0.0073,1,-0.0073,1,125.022199112842,1,201.559997558594,-0.00730000017210841,0,117.907600402832,-94.5383,25.2478,9.63722313423667,51,51,51,51,51,51,0,8270,1.30708361069746,25,-95,0.0073,51,2025-11-23 09:05:35.000973,1.0543,1.13
"2904010",31,0,1,-0.0073,1,-0.0073,1,124.620113985384,1,211.789993286133,-0.00730000017210841,0,117.528396606445,-94.5383,25.2478,9.63722313423667,51,51,51,51,51,51,0,8270,1.30708361069746,25,-95,0.0073,51,2025-11-23 09:05:35.000973,1.0543,1.13
"2904010",31,0,1,-0.0073,1,-0.0073,1,122.130329874211,1,221.139999389648,-0.00730000017210841,0,115.180297851562,-94.5383,25.2478,9.63722313423667,51,51,51,51,51,51,0,8270,1.30708361069746,25,-95,0.0073,51,2025-11-23 09:05:35.000973,1.0543,1.13
"2904010",31,0,1,0,1,0,1,118.856527089566,1,230.740005493164,0,0.00558495288714767,112.092796325684,-94.5383,25.2478,9.63722313423667,51,51,51,51,51,51,0,8270,1.30708361069746,25,-95,0.0073,51,2025-11-23 09:05:35.000973,1.0543,1.13
"2904010",31,0,1,0,1,0,1,117.802448101627,1,241.779998779297,0,0.00558495288714767,111.098701477051,-94.5383,25.2478,9.63722313423667,51,51,51,51,51,51,0,8270,1.30708361069746,25,-95,0.0073,51,2025-11-23 09:05:35.000973,1.0543,1.13
"2904010",31,0,1,0,1,0,1,117.270053189386,1,251.649993896484,0,0.00558495288714767,110.596603393555,-94.5383,25.2478,9.63722313423667,51,51,51,51,51,51,0,8270,1.30708361069746,25,-95,0.0073,51,2025-11-23 09:05:35.000973,1.0543,1.13
"2904010",31,0,1,0,1,0,1,116.796608326917,1,261.619995117188,0,0.00558495288714767,110.150100708008,-94.5383,25.2478,9.63722313423667,51,51,51,51,51,51,0,8270,1.30708361069746,25,-95,0.0073,51,2025-11-23 09:05:35.000973,1.0543,1.13
"2904010",31,0,1,-0.0073,1,-0.0073,1,116.077696007302,1,271.399993896484,-0.00730000017210841,0,109.472099304199,-94.5383,25.2478,9.63722313423667,51,51,51,51,51,51,0,8270,1.30708361069746,25,-95,0.0073,51,2025-11-23 09:05:35.000973,1.0543,1.13
"2904010",31,0,1,0,1,0,1,115.22030324965,1,281.079986572266,0,0.00558495288714767,108.663497924805,-94.5383,25.2478,9.63722313423667,51,51,51,51,51,51,0,8270,1.30708361069746,25,-95,0.0073,51,2025-11-23 09:05:35.000973,1.0543,1.13
"2904010",31,0,1,0,1,0,1,115.638398003634,1,291.320007324219,0,0.00558495288714767,109.057800292969,-94.5383,25.2478,9.63722313423667,51,51,51,51,51,51,0,8270,1.30708361069746,25,-95,0.0073,51,2025-11-23 09:05:35.000973,1.0543,1.13
"2904010",31,0,1,0.0073,1,0.0073,1,115.722693258007,1,301.510009765625,0.00730000017210841,0.0111699057742953,109.137298583984,-94.5383,25.2478,9.63722313423667,51,51,51,51,51,51,0,8270,1.30708361069746,25,-95,0.0073,51,2025-11-23 09:05:35.000973,1.0543,1.13
"2904010",31,0,1,0,1,0,1,115.365999749771,1,311.920013427734,0,0.00558495288714767,108.800903320312,-94.5383,25.2478,9.63722313423667,51,51,51,51,51,51,0,8270,1.30708361069746,25,-95,0.0073,51,2025-11-23 09:05:35.000973,1.0543,1.13
"2904010",31,0,1,-0.0073,1,-0.0073,1,116.037190600523,1,321.679992675781,-0.00730000017210841,0,109.433898925781,-94.5383,25.2478,9.63722313423667,51,51,51,51,51,51,0,8270,1.30708361069746,25,-95,0.0073,51,2025-11-23 09:05:35.000973,1.0543,1.13
"2904010",31,0,1,0,1,0,1,115.438629576427,1,330.989990234375,0,0.00558495288714767,108.869400024414,-94.5383,25.2478,9.63722313423667,51,51,51,51,51,51,0,8270,1.30708361069746,25,-95,0.0073,51,2025-11-23 09:05:35.000973,1.0543,1.13
"2904010",31,0,1,0,1,0,1,115.041317404832,1,341.880004882812,0,0.00558495288714767,108.494697570801,-94.5383,25.2478,9.63722313423667,51,51,51,51,51,51,0,8270,1.30708361069746,25,-95,0.0073,51,2025-11-23 09:05:35.000973,1.0543,1.13
"2904010",31,0,1,-0.0073,1,-0.0073,1,114.736260807216,1,351.170013427734,-0.00730000017210841,0,108.207000732422,-94.5383,25.2478,9.63722313423667,51,51,51,51,51,51,0,8270,1.30708361069746,25,-95,0.0073,51,2025-11-23 09:05:35.000973,1.0543,1.13
"2904010",31,0,1,-0.0073,1,-0.0073,1,114.31965456828,1,361.829986572266,-0.00730000017210841,0,107.814102172852,-94.5383,25.2478,9.63722313423667,51,51,51,51,51,51,0,8270,1.30708361069746,25,-95,0.0073,51,2025-11-23 09:05:35.000973,1.0543,1.13
"2904010",31,0,1,0,1,0,1,114.317745385935,1,381.470001220703,0,0.00558495288714767,107.812301635742,-94.5383,25.2478,9.63722313423667,51,51,51,51,51,51,0,8270,1.30708361069746,25,-95,0.0073,51,2025-11-23 09:05:35.000973,1.0543,1.13
"2904010",31,0,1,0.0073,1,0.0073,1,114.589083881802,1,401.779998779297,0.00730000017210841,0.0111699057742953,108.068199157715,-94.5383,25.2478,9.63722313423667,51,51,51,51,51,51,0,8270,1.30708361069746,25,-95,0.0073,51,2025-11-23 09:05:35.000973,1.0543,1.13
"2904010",31,0,1,0,1,0,1,116.477766785591,1,451.519989013672,0,0.00558495288714767,109.849403381348,-94.5383,25.2478,9.63722313423667,51,51,51,51,51,51,0,8270,1.30708361069746,25,-95,0.0073,51,2025-11-23 09:05:35.000973,1.0543,1.13
"2904010",31,0,1,0,1,0,1,119.260205898896,1,501.910003662109,0,0.00558495288714767,112.473503112793,-94.5383,25.2478,9.63722313423667,51,51,51,51,51,51,0,8270,1.30708361069746,25,-95,0.0073,51,2025-11-23 09:05:35.000973,1.0543,1.13
"2904010",31,0,1,0,1,0,1,124.363935691696,1,551.739990234375,0,0.00558495288714767,117.286796569824,-94.5383,25.2478,9.63722313423667,51,51,51,51,51,51,0,8270,1.30708361069746,25,-95,0.0073,51,2025-11-23 09:05:35.000973,1.0543,1.13
"2904010",31,0,1,-0.0073,1,-0.0073,1,131.587399900776,1,601.659973144531,-0.00730000017210841,0,124.099197387695,-94.5383,25.2478,9.63722313423667,51,51,51,51,51,51,0,8270,1.30708361069746,25,-95,0.0073,51,2025-11-23 09:05:35.000973,1.0543,1.13
"2904010",31,0,1,-0.0073,1,-0.0073,1,138.596995238468,1,651.77001953125,-0.00730000017210841,0,130.709899902344,-94.5383,25.2478,9.63722313423667,51,51,51,51,51,51,0,8270,1.30708361069746,25,-95,0.0073,51,2025-11-23 09:05:35.000973,1.0543,1.13
"2904010",31,0,1,0.0073,1,0.0073,1,144.498844148921,1,701.010009765625,0.00730000017210841,0.0111699057742953,136.275894165039,-94.5383,25.2478,9.63722313423667,51,51,51,51,51,51,0,8270,1.30708361069746,25,-95,0.0073,51,2025-11-23 09:05:35.000973,1.0543,1.13
"2904010",31,0,1,0.0073,1,0.0073,1,151.274321956713,1,751.450012207031,0.00730000017210841,0.0111699057742953,142.665802001953,-94.5383,25.2478,9.63722313423667,51,51,51,51,51,51,0,8270,1.30708361069746,25,-95,0.0073,51,2025-11-23 09:05:35.000973,1.0543,1.13
"2904010",31,0,1,0.0073,1,0.0073,1,158.27956500584,1,801.059997558594,0.00730000017210841,0.0111699057742953,149.272399902344,-94.5383,25.2478,9.63722313423667,51,51,51,51,51,51,0,8270,1.30708361069746,25,-95,0.0073,51,2025-11-23 09:05:35.000973,1.0543,1.13
"2904010",31,0,1,0,1,0,1,164.870321332023,1,851.849975585938,0,0.00558495288714767,155.488098144531,-94.5383,25.2478,9.63722313423667,51,51,51,51,51,51,0,8270,1.30708361069746,25,-95,0.0073,51,2025-11-23 09:05:35.000973,1.0543,1.13
"2904010",31,0,1,0,1,0,1,172.192925497182,1,901.159973144531,0,0.00558495288714767,162.393997192383,-94.5383,25.2478,9.63722313423667,51,51,51,51,51,51,0,8270,1.30708361069746,25,-95,0.0073,51,2025-11-23 09:05:35.000973,1.0543,1.13
"2904010",31,0,1,0,1,0,1,178.814762664758,1,951.119995117188,0,0.00558495288714767,168.639007568359,-94.5383,25.2478,9.63722313423667,51,51,51,51,51,51,0,8270,1.30708361069746,25,-95,0.0073,51,2025-11-23 09:05:35.000973,1.0543,1.13
"2904010",31,0,1,0,1,0,1,184.691161203785,1,999.169982910156,0,0.00558495288714767,174.180999755859,-94.5383,25.2478,9.63722313423667,51,51,51,51,51,51,0,8270,1.30708361069746,25,-95,0.0073,51,2025-11-23 09:05:35.000973,1.0543,1.13
"2904010",31,0,1,0.0073,1,0.0073,1,194.944764755887,1,1099.98999023438,0.00730000017210841,0.0111699057742953,183.851104736328,-94.5383,25.2478,9.63722313423667,51,51,51,51,51,51,0,8270,1.30708361069746,25,-95,0.0073,51,2025-11-23 09:05:35.000973,1.0543,1.13
"2904010",31,0,1,-0.0073,1,-0.0073,1,201.026125345279,1,1199.27001953125,-0.00730000017210841,0,189.586395263672,-94.5383,25.2478,9.63722313423667,51,51,51,51,51,51,0,8270,1.30708361069746,25,-95,0.0073,51,2025-11-23 09:05:35.000973,1.0543,1.13
"2904010",31,0,1,0,1,0,1,204.658959577557,1,1299.4599609375,0,0.00558495288714767,193.012496948242,-94.5383,25.2478,9.63722313423667,51,51,51,51,51,51,0,8270,1.30708361069746,25,-95,0.0073,51,2025-11-23 09:05:35.000973,1.0543,1.13
"2904010",31,0,1,0,1,0,1,207.159357448207,1,1399.83996582031,0,0.00558495288714767,195.37060546875,-94.5383,25.2478,9.63722313423667,51,51,51,51,51,51,0,8270,1.30708361069746,25,-95,0.0073,51,2025-11-23 09:05:35.000973,1.0543,1.13
"2904010",31,0,1,0,1,0,1,208.99013388071,1,1499.33996582031,0,0.00558495288714767,197.097198486328,-94.5383,25.2478,9.63722313423667,51,51,51,51,51,51,0,8270,1.30708361069746,25,-95,0.0073,51,2025-11-23 09:05:35.000973,1.0543,1.13
"2904010",32,0.128453909624349,5,0.1679,1,0.1679,1,198.149018596858,1,7.53999996185303,0.167899996042252,0.223398104310036,186.814102172852,-94.7959,24.8971,67.4527208515948,51,51,51,51,51,51,0.1679,8270,1.30708361069746,25,-95,0.0073,51,2025-12-03 15:07:58.001619,1.0543,1.13
"2904010",32,0.089359241477808,5,0.1168,1,0.1168,1,198.106906232006,1,11.7399997711182,0.116800002753735,0.223398104310036,186.774398803711,-94.7959,24.8971,67.4527208515948,51,51,51,51,51,51,0.1168,8270,1.30708361069746,25,-95,0.0073,51,2025-12-03 15:07:58.001619,1.0543,1.13
"2904010",32,0.106114099254897,5,0.1387,1,0.1387,1,198.107861124214,1,16.7399997711182,0.138699993491173,0.223398104310036,186.775299072266,-94.7959,24.8971,67.4527208515948,51,51,51,51,51,51,0.1387,8270,1.30708361069746,25,-95,0.0073,51,2025-12-03 15:07:58.001619,1.0543,1.13
"2904010",32,0.094944194070171,5,0.1241,1,0.1241,1,197.980261629789,1,21.7600002288818,0.124099999666214,0.223398104310036,186.654998779297,-94.7959,24.8971,67.4527208515948,51,51,51,51,51,51,0.1241,8270,1.30708361069746,25,-95,0.0073,51,2025-12-03 15:07:58.001619,1.0543,1.13
"2904010",32,0.094944194070171,5,0.1241,1,0.1241,1,197.94017234165,1,26.9200000762939,0.124099999666214,0.223398104310036,186.617202758789,-94.7959,24.8971,67.4527208515948,51,51,51,51,51,51,0.1241,8270,1.30708361069746,25,-95,0.0073,51,2025-12-03 15:07:58.001619,1.0543,1.13
"2904010",32,0.094944194070171,5,0.1241,1,0.1241,1,197.984615290875,1,31.8099994659424,0.124099999666214,0.223398104310036,186.659103393555,-94.7959,24.8971,67.4527208515948,51,51,51,51,51,51,0.1241,8270,1.30708361069746,25,-95,0.0073,51,2025-12-03 15:07:58.001619,1.0543,1.13
"2904010",32,0.100529146662534,5,0.1314,1,0.1314,1,197.896150192381,1,36.3499984741211,0.131400004029274,0.223398104310036,186.575698852539,-94.7959,24.8971,67.4527208515948,51,51,51,51,51,51,0.1314,8270,1.30708361069746,25,-95,0.0073,51,2025-12-03 15:07:58.001619,1.0543,1.13
"2904010",32,0.100529146662534,5,0.1314,1,0.1314,1,197.850962750926,1,41.6699981689453,0.131400004029274,0.223398104310036,186.533096313477,-94.7959,24.8971,67.4527208515948,51,51,51,51,51,51,0.1314,8270,1.30708361069746,25,-95,0.0073,51,2025-12-03 15:07:58.001619,1.0543,1.13
"2904010",32,0.100529146662534,5,0.1314,1,0.1314,1,197.813624847116,1,46.310001373291,0.131400004029274,0.223398104310036,186.497894287109,-94.7959,24.8971,67.4527208515948,51,51,51,51,51,51,0.1314,8270,1.30708361069746,25,-95,0.0073,51,2025-12-03 15:07:58.001619,1.0543,1.13
"2904010",32,0.094944194070171,5,0.1241,1,0.1241,1,197.780009404457,1,51.4799995422363,0.124099999666214,0.223398104310036,186.466201782227,-94.7959,24.8971,67.4527208515948,51,51,51,51,51,51,0.1241,8270,1.30708361069746,25,-95,0.0073,51,2025-12-03 15:07:58.001619,1.0543,1.13
"2904010",32,0.094944194070171,5,0.1241,1,0.1241,1,197.713506826757,1,56.7599983215332,0.124099999666214,0.223398104310036,186.403503417969,-94.7959,24.8971,67.4527208515948,51,51,51,51,51,51,0.1241,8270,1.30708361069746,25,-95,0.0073,51,2025-12-03 15:07:58.001619,1.0543,1.13
"2904010",32,0.100529146662534,5,0.1314,1,0.1314,1,197.741927008417,1,61.8199996948242,0.131400004029274,0.223398104310036,186.430297851562,-94.7959,24.8971,67.4527208515948,51,51,51,51,51,51,0.1314,8270,1.30708361069746,25,-95,0.0073,51,2025-12-03 15:07:58.001619,1.0543,1.13
"2904010",32,0.106114099254897,5,0.1387,1,0.1387,1,197.850752350948,1,66.6399993896484,0.138699993491173,0.223398104310036,186.532897949219,-94.7959,24.8971,67.4527208515948,51,51,51,51,51,51,0.1387,8270,1.30708361069746,25,-95,0.0073,51,2025-12-03 15:07:58.001619,1.0543,1.13
"2904010",32,0.184303435547979,1,0.2409,1,0.2409,1,200.822134134297,1,71.6900024414062,0.240899994969368,0.223398104310036,189.33430480957,-94.7959,24.8971,67.4527208515948,51,51,51,51,51,51,0.2409,8270,1.30708361069746,25,-95,0.0073,51,2025-12-03 15:07:58.001619,1.0543,1.13
"2904010",32,0.228983056286883,1,0.2993,1,0.2993,1,201.43944767011,1,76.8899993896484,0.299299985170364,0.223398104310036,189.916305541992,-94.7959,24.8971,67.4527208515948,51,51,51,51,51,51,0.2993,8270,1.30708361069746,25,-95,0.0073,51,2025-12-03 15:07:58.001619,1.0543,1.13
"2904010",32,0.217813151102157,1,0.2847,1,0.2847,1,199.809721808796,1,81.75,0.284700006246567,0.223398104310036,188.379806518555,-94.7959,24.8971,67.4527208515948,51,51,51,51,51,51,0.2847,8270,1.30708361069746,25,-95,0.0073,51,2025-12-03 15:07:58.001619,1.0543,1.13
"2904010",32,0.217813151102157,1,0.2847,1,0.2847,1,197.378550061585,1,86.8899993896484,0.284700006246567,0.223398104310036,186.087707519531,-94.7959,24.8971,67.4527208515948,51,51,51,51,51,51,0.2847,8270,1.30708361069746,25,-95,0.0073,51,2025-12-03 15:07:58.001619,1.0543,1.13
"2904010",32,0.16754857777089,1,0.219,1,0.219,1,196.785092646368,1,91.9400024414062,0.218999996781349,0.173133537173271,185.528198242188,-94.7959,24.8971,67.4527208515948,51,51,51,51,51,51,0.219,8270,1.30708361069746,25,-95,0.0073,51,2025-12-03 15:07:58.001619,1.0543,1.13
"2904010",32,0.139623814809075,1,0.1825,1,0.1825,1,194.592579212803,1,96.9400024414062,0.182500004768372,0.145208775997162,183.46110534668,-94.7959,24.8971,67.4527208515948,51,51,51,51,51,51,0.1825,8270,1.30708361069746,25,-95,0.0073,51,2025-12-03 15:07:58.001619,1.0543,1.13
"2904010",32,0.078189336293082,1,0.1022,1,0.1022,1,194.32389844074,1,101.669998168945,0.102200001478195,0.0837742909789085,183.207794189453,-94.7959,24.8971,67.4527208515948,51,51,51,51,51,51,0.1022,8270,1.30708361069746,25,-95,0.0073,51,2025-12-03 15:07:58.001619,1.0543,1.13
"2904010",32,0.100529146662534,1,0.1314,1,0.1314,1,187.100284545683,1,111.370002746582,0.131400004029274,0.106114104390144,176.397399902344,-94.7959,24.8971,67.4527208515948,51,51,51,51,51,51,0.1314,8270,1.30708361069746,25,-95,0.0073,51,2025-12-03 15:07:58.001619,1.0543,1.13
"2904010",32,0.083774288885445,1,0.1095,1,0.1095,1,178.556977249384,1,121.470001220703,0.109499998390675,0.0893592461943626,168.342803955078,-94.7959,24.8971,67.4527208515948,51,51,51,51,51,51,0.1095,8270,1.30708361069746,25,-95,0.0073,51,2025-12-03 15:07:58.001619,1.0543,1.13
"2904010",32,0.067019431108356,1,0.0876,1,0.0876,1,161.695215494944,1,131.880004882812,0.0876000002026558,0.0726043879985809,152.445602416992,-94.7959,24.8971,67.4527208515948,51,51,51,51,51,51,0.0876,8270,1.30708361069746,25,-95,0.0073,51,2025-12-03 15:07:58.001619,1.0543,1.13
"2904010",32,0.022339810369452,1,0.0292,1,0.0292,1,140.108679462546,1,141.929992675781,0.0292000006884336,0.0279247630387545,132.093902587891,-94.7959,24.8971,67.4527208515948,51,51,51,51,51,51,0.0292,8270,1.30708361069746,25,-95,0.0073,51,2025-12-03 15:07:58.001619,1.0543,1.13
"2904010",32,0.039094668146541,1,0.0511,1,0.0511,1,138.975869795718,1,151.669998168945,0.0511000007390976,0.0446796230971813,131.025894165039,-94.7959,24.8971,67.4527208515948,51,51,51,51,51,51,0.0511,8270,1.30708361069746,25,-95,0.0073,51,2025-12-03 15:07:58.001619,1.0543,1.13
"2904010",32,0.011169905184726,1,0.0146,1,0.0146,1,142.187706384835,1,161.669998168945,0.0146000003442168,0.0167548581957817,134.054000854492,-94.7959,24.8971,67.4527208515948,51,51,51,51,51,51,0.0146,8270,1.30708361069746,25,-95,0.0073,51,2025-12-03 15:07:58.001619,1.0543,1.13
"2904010",32,0.005584952592363,1,0.0073,1,0.0073,1,139.235956537906,1,171.789993286133,0.00730000017210841,0.0111699057742953,131.271102905273,-94.7959,24.8971,67.4527208515948,51,51,51,51,51,51,0.0073,8270,1.30708361069746,25,-95,0.0073,51,2025-12-03 15:07:58.001619,1.0543,1.13
"2904010",32,0,1,0,1,0,1,133.96832603947,1,181.820007324219,0,0.00558495288714767,126.304801940918,-94.7959,24.8971,67.4527208515948,51,51,51,51,51,51,0,8270,1.30708361069746,25,-95,0.0073,51,2025-12-03 15:07:58.001619,1.0543,1.13
"2904010",32,0,1,-0.0073,1,-0.0073,1,133.086798684975,1,191.410003662109,-0.00730000017210841,0,125.473701477051,-94.7959,24.8971,67.4527208515948,51,51,51,51,51,51,0,8270,1.30708361069746,25,-95,0.0073,51,2025-12-03 15:07:58.001619,1.0543,1.13
"2904010",32,0,1,-0.0073,1,-0.0073,1,131.665919078869,1,201.369995117188,-0.00730000017210841,0,124.134101867676,-94.7959,24.8971,67.4527208515948,51,51,51,51,51,51,0,8270,1.30708361069746,25,-95,0.0073,51,2025-12-03 15:07:58.001619,1.0543,1.13
"2904010",32,0,1,-0.0073,1,-0.0073,1,128.468834765142,1,211.070007324219,-0.00730000017210841,0,121.119903564453,-94.7959,24.8971,67.4527208515948,51,51,51,51,51,51,0,8270,1.30708361069746,25,-95,0.0073,51,2025-12-03 15:07:58.001619,1.0543,1.13
"2904010",32,0,1,-0.0073,1,-0.0073,1,127.634930636465,1,221.429992675781,-0.00730000017210841,0,120.333702087402,-94.7959,24.8971,67.4527208515948,51,51,51,51,51,51,0,8270,1.30708361069746,25,-95,0.0073,51,2025-12-03 15:07:58.001619,1.0543,1.13
"2904010",32,0,1,-0.0073,1,-0.0073,1,127.725402627058,1,231.289993286133,-0.00730000017210841,0,120.418998718262,-94.7959,24.8971,67.4527208515948,51,51,51,51,51,51,0,8270,1.30708361069746,25,-95,0.0073,51,2025-12-03 15:07:58.001619,1.0543,1.13
"2904010",32,0,1,-0.0073,1,-0.0073,1,126.131315285116,1,241.410003662109,-0.00730000017210841,0,118.91609954834,-94.7959,24.8971,67.4527208515948,51,51,51,51,51,51,0,8270,1.30708361069746,25,-95,0.0073,51,2025-12-03 15:07:58.001619,1.0543,1.13
"2904010",32,0,1,-0.0073,1,-0.0073,1,124.91747734979,1,250.869995117188,-0.00730000017210841,0,117.771697998047,-94.7959,24.8971,67.4527208515948,51,51,51,51,51,51,0,8270,1.30708361069746,25,-95,0.0073,51,2025-12-03 15:07:58.001619,1.0543,1.13
"2904010",32,0,1,-0.0073,1,-0.0073,1,123.49935722032,1,260.839996337891,-0.00730000017210841,0,116.434700012207,-94.7959,24.8971,67.4527208515948,51,51,51,51,51,51,0,8270,1.30708361069746,25,-95,0.0073,51,2025-12-03 15:07:58.001619,1.0543,1.13
"2904010",32,0,1,0,1,0,1,121.629702553185,1,271.880004882812,0,0.00558495288714767,114.671997070312,-94.7959,24.8971,67.4527208515948,51,51,51,51,51,51,0,8270,1.30708361069746,25,-95,0.0073,51,2025-12-03 15:07:58.001619,1.0543,1.13
"2904010",32,0,1,-0.0073,1,-0.0073,1,121.074440826304,1,281.790008544922,-0.00730000017210841,0,114.148498535156,-94.7959,24.8971,67.4527208515948,51,51,51,51,51,51,0,8270,1.30708361069746,25,-95,0.0073,51,2025-12-03 15:07:58.001619,1.0543,1.13
"2904010",32,0,1,-0.0073,1,-0.0073,1,119.506443081649,1,291.25,-0.00730000017210841,0,112.670196533203,-94.7959,24.8971,67.4527208515948,51,51,51,51,51,51,0,8270,1.30708361069746,25,-95,0.0073,51,2025-12-03 15:07:58.001619,1.0543,1.13
"2904010",32,0,1,-0.0073,1,-0.0073,1,119.278296674602,1,301.600006103516,-0.00730000017210841,0,112.455101013184,-94.7959,24.8971,67.4527208515948,51,51,51,51,51,51,0,8270,1.30708361069746,25,-95,0.0073,51,2025-12-03 15:07:58.001619,1.0543,1.13
"2904010",32,0,1,-0.0073,1,-0.0073,1,122.049199648028,1,311.209991455078,-0.00730000017210841,0,115.067497253418,-94.7959,24.8971,67.4527208515948,51,51,51,51,51,51,0,8270,1.30708361069746,25,-95,0.0073,51,2025-12-03 15:07:58.001619,1.0543,1.13
"2904010",32,0,1,-0.0073,1,-0.0073,1,122.740549699219,1,321.239990234375,-0.00730000017210841,0,115.719299316406,-94.7959,24.8971,67.4527208515948,51,51,51,51,51,51,0,8270,1.30708361069746,25,-95,0.0073,51,2025-12-03 15:07:58.001619,1.0543,1.13
"2904010",32,0,1,0,1,0,1,120.986615020052,1,331.790008544922,0,0.00558495288714767,114.065696716309,-94.7959,24.8971,67.4527208515948,51,51,51,51,51,51,0,8270,1.30708361069746,25,-95,0.0073,51,2025-12-03 15:07:58.001619,1.0543,1.13
"2904010",32,0,1,-0.0073,1,-0.0073,1,120.341302102535,1,341.070007324219,-0.00730000017210841,0,113.457298278809,-94.7959,24.8971,67.4527208515948,51,51,51,51,51,51,0,8270,1.30708361069746,25,-95,0.0073,51,2025-12-03 15:07:58.001619,1.0543,1.13
"2904010",32,0,1,-0.0073,1,-0.0073,1,118.986504274173,1,351.510009765625,-0.00730000017210841,0,112.180000305176,-94.7959,24.8971,67.4527208515948,51,51,51,51,51,51,0,8270,1.30708361069746,25,-95,0.0073,51,2025-12-03 15:07:58.001619,1.0543,1.13
"2904010",32,0,1,-0.0073,1,-0.0073,1,118.420738733,1,361.070007324219,-0.00730000017210841,0,111.646598815918,-94.7959,24.8971,67.4527208515948,51,51,51,51,51,51,0,8270,1.30708361069746,25,-95,0.0073,51,2025-12-03 15:07:58.001619,1.0543,1.13
"2904010",32,0,1,0,1,0,1,117.950009243484,1,381.489990234375,0,0.00558495288714767,111.202796936035,-94.7959,24.8971,67.4527208515948,51,51,51,51,51,51,0,8270,1.30708361069746,25,-95,0.0073,51,2025-12-03 15:07:58.001619,1.0543,1.13
"2904010",32,0,1,0,1,0,1,115.698624277579,1,400.959991455078,0,0.00558495288714767,109.080200195312,-94.7959,24.8971,67.4527208515948,51,51,51,51,51,51,0,8270,1.30708361069746,25,-95,0.0073,51,2025-12-03 15:07:58.001619,1.0543,1.13
"2904010",32,0,1,0,1,0,1,114.34541254136,1,449.950012207031,0,0.00558495288714767,107.804397583008,-94.7959,24.8971,67.4527208515948,51,51,51,51,51,51,0,8270,1.30708361069746,25,-95,0.0073,51,2025-12-03 15:07:58.001619,1.0543,1.13
"2904010",32,0,1,0,1,0,1,115.013958471846,1,501.920013427734,0,0.00558495288714767,108.434700012207,-94.7959,24.8971,67.4527208515948,51,51,51,51,51,51,0,8270,1.30708361069746,25,-95,0.0073,51,2025-12-03 15:07:58.001619,1.0543,1.13
"2904010",32,0,1,0,1,0,1,117.29780168053,1,551.25,0,0.00558495288714767,110.587898254395,-94.7959,24.8971,67.4527208515948,51,51,51,51,51,51,0,8270,1.30708361069746,25,-95,0.0073,51,2025-12-03 15:07:58.001619,1.0543,1.13
"2904010",32,0,1,0,1,0,1,122.869743378094,1,601.289978027344,0,0.00558495288714767,115.841102600098,-94.7959,24.8971,67.4527208515948,51,51,51,51,51,51,0,8270,1.30708361069746,25,-95,0.0073,51,2025-12-03 15:07:58.001619,1.0543,1.13
"2904010",32,0,1,0,1,0,1,128.735799968153,1,651.369995117188,0,0.00558495288714767,121.371597290039,-94.7959,24.8971,67.4527208515948,51,51,51,51,51,51,0,8270,1.30708361069746,25,-95,0.0073,51,2025-12-03 15:07:58.001619,1.0543,1.13
"2904010",32,0,1,0.0073,1,0.0073,1,136.33310040897,1,701.880004882812,0.00730000017210841,0.0111699057742953,128.534301757812,-94.7959,24.8971,67.4527208515948,51,51,51,51,51,51,0,8270,1.30708361069746,25,-95,0.0073,51,2025-12-03 15:07:58.001619,1.0543,1.13
"2904010",32,0,1,-0.0073,1,-0.0073,1,143.634885988206,1,751.530029296875,-0.00730000017210841,0,135.418395996094,-94.7959,24.8971,67.4527208515948,51,51,51,51,51,51,0,8270,1.30708361069746,25,-95,0.0073,51,2025-12-03 15:07:58.001619,1.0543,1.13
"2904010",32,0,1,0,1,0,1,149.432862000729,1,801.669982910156,0,0.00558495288714767,140.884704589844,-94.7959,24.8971,67.4527208515948,51,51,51,51,51,51,0,8270,1.30708361069746,25,-95,0.0073,51,2025-12-03 15:07:58.001619,1.0543,1.13
"2904010",32,0,1,0.0073,1,0.0073,1,155.595914344522,1,850.909973144531,0.00730000017210841,0.0111699057742953,146.695205688477,-94.7959,24.8971,67.4527208515948,51,51,51,51,51,51,0,8270,1.30708361069746,25,-95,0.0073,51,2025-12-03 15:07:58.001619,1.0543,1.13
"2904010",32,0,1,0,1,0,1,164.190866743144,1,901.669982910156,0,0.00558495288714767,154.798492431641,-94.7959,24.8971,67.4527208515948,51,51,51,51,51,51,0,8270,1.30708361069746,25,-95,0.0073,51,2025-12-03 15:07:58.001619,1.0543,1.13
"2904010",32,0,1,0.0073,1,0.0073,1,171.577621544314,1,951.780029296875,0.00730000017210841,0.0111699057742953,161.7626953125,-94.7959,24.8971,67.4527208515948,51,51,51,51,51,51,0,8270,1.30708361069746,25,-95,0.0073,51,2025-12-03 15:07:58.001619,1.0543,1.13
"2904010",32,0,1,0,1,0,1,179.079044333562,1,999.130004882812,0,0.00558495288714767,168.835006713867,-94.7959,24.8971,67.4527208515948,51,51,51,51,51,51,0,8270,1.30708361069746,25,-95,0.0073,51,2025-12-03 15:07:58.001619,1.0543,1.13
"2904010",32,0,1,0.0073,1,0.0073,1,191.429749633976,1,1099.88000488281,0.00730000017210841,0.0111699057742953,180.479202270508,-94.7959,24.8971,67.4527208515948,51,51,51,51,51,51,0,8270,1.30708361069746,25,-95,0.0073,51,2025-12-03 15:07:58.001619,1.0543,1.13
"2904010",32,0,1,0.0073,1,0.0073,1,199.064485086285,1,1199.81005859375,0.00730000017210841,0.0111699057742953,187.677200317383,-94.7959,24.8971,67.4527208515948,51,51,51,51,51,51,0,8270,1.30708361069746,25,-95,0.0073,51,2025-12-03 15:07:58.001619,1.0543,1.13
"2904010",32,0,1,0,1,0,1,203.400634420036,1,1299.66003417969,0,0.00558495288714767,191.76530456543,-94.7959,24.8971,67.4527208515948,51,51,51,51,51,51,0,8270,1.30708361069746,25,-95,0.0073,51,2025-12-03 15:07:58.001619,1.0543,1.13
"2904010",32,0,1,-0.0073,1,-0.0073,1,206.365639465587,1,1400.31994628906,-0.00730000017210841,0,194.560699462891,-94.7959,24.8971,67.4527208515948,51,51,51,51,51,51,0,8270,1.30708361069746,25,-95,0.0073,51,2025-12-03 15:07:58.001619,1.0543,1.13
"2904010",32,0,1,0,1,0,1,208.013087478904,1,1499.16003417969,0,0.00558495288714767,196.113906860352,-94.7959,24.8971,67.4527208515948,51,51,51,51,51,51,0,8270,1.30708361069746,25,-95,0.0073,51,2025-12-03 15:07:58.001619,1.0543,1.13
"2904010",33,0.0367461466581975,5,0.0511,1,0.0511,1,200.028472307982,1,7.82999992370605,0.0511000007390976,0.136485695838928,188.526504516602,-94.8999,24.3278,89.4059053394794,51,51,51,51,51,51,0.0511,8511,1.39062200113982,24,-95,0.0073,51,2025-12-13 21:36:24.002305,1.0543,1.13
"2904010",33,0.0419955961807972,5,0.0584,1,0.0584,1,199.960993534135,1,11.6599998474121,0.0584000013768673,0.136485695838928,188.462905883789,-94.8999,24.3278,89.4059053394794,51,51,51,51,51,51,0.0584,8511,1.39062200113982,24,-95,0.0073,51,2025-12-13 21:36:24.002305,1.0543,1.13
"2904010",33,0.0472450457033968,5,0.0657,1,0.0657,1,200.010647420745,1,16.4400005340576,0.065700002014637,0.136485695838928,188.509704589844,-94.8999,24.3278,89.4059053394794,51,51,51,51,51,51,0.0657,8511,1.39062200113982,24,-95,0.0073,51,2025-12-13 21:36:24.002305,1.0543,1.13
"2904010",33,0.0472450457033968,5,0.0657,1,0.0657,1,199.914512833628,1,21.8299999237061,0.065700002014637,0.136485695838928,188.419097900391,-94.8999,24.3278,89.4059053394794,51,51,51,51,51,51,0.0657,8511,1.39062200113982,24,-95,0.0073,51,2025-12-13 21:36:24.002305,1.0543,1.13
"2904010",33,0.0524944952259965,5,0.073,1,0.073,1,199.970432143817,1,26.8099994659424,0.0729999989271164,0.136485695838928,188.471801757812,-94.8999,24.3278,89.4059053394794,51,51,51,51,51,51,0.073,8511,1.39062200113982,24,-95,0.0073,51,2025-12-13 21:36:24.002305,1.0543,1.13
"2904010",33,0.0472450457033968,5,0.0657,1,0.0657,1,199.92469617066,1,31.8899993896484,0.065700002014637,0.136485695838928,188.428695678711,-94.8999,24.3278,89.4059053394794,51,51,51,51,51,51,0.0657,8511,1.39062200113982,24,-95,0.0073,51,2025-12-13 21:36:24.002305,1.0543,1.13
"2904010",33,0.0524944952259965,5,0.073,1,0.073,1,199.894567092415,1,36.5400009155273,0.0729999989271164,0.136485695838928,188.400299072266,-94.8999,24.3278,89.4059053394794,51,51,51,51,51,51,0.073,8511,1.39062200113982,24,-95,0.0073,51,2025-12-13 21:36:24.002305,1.0543,1.13
"2904010",33,0.0629933942711958,5,0.0876,1,0.0876,1,199.824854136516,1,41.8600006103516,0.0876000002026558,0.136485695838928,188.334594726562,-94.8999,24.3278,89.4059053394794,51,51,51,51,51,51,0.0876,8511,1.39062200113982,24,-95,0.0073,51,2025-12-13 21:36:24.002305,1.0543,1.13
"2904010",33,0.0524944952259965,5,0.073,1,0.073,1,199.818167780087,1,46.4599990844727,0.0729999989271164,0.136485695838928,188.32829284668,-94.8999,24.3278,89.4059053394794,51,51,51,51,51,51,0.073,8511,1.39062200113982,24,-95,0.0073,51,2025-12-13 21:36:24.002305,1.0543,1.13
"2904010",33,0.0629933942711958,5,0.0876,1,0.0876,1,199.681623639343,1,51.4799995422363,0.0876000002026558,0.136485695838928,188.199600219727,-94.8999,24.3278,89.4059053394794,51,51,51,51,51,51,0.0876,8511,1.39062200113982,24,-95,0.0073,51,2025-12-13 21:36:24.002305,1.0543,1.13
"2904010",33,0.0629933942711958,5,0.0876,1,0.0876,1,199.579126490297,1,56.5999984741211,0.0876000002026558,0.136485695838928,188.102996826172,-94.8999,24.3278,89.4059053394794,51,51,51,51,51,51,0.0876,8511,1.39062200113982,24,-95,0.0073,51,2025-12-13 21:36:24.002305,1.0543,1.13
"2904010",33,0.0682428437937954,5,0.0949,1,0.0949,1,199.468469719845,1,61.7700004577637,0.0948999971151352,0.136485695838928,187.99870300293,-94.8999,24.3278,89.4059053394794,51,51,51,51,51,51,0.0949,8511,1.39062200113982,24,-95,0.0073,51,2025-12-13 21:36:24.002305,1.0543,1.13
"2904010",33,0.0839911923615944,5,0.1168,1,0.1168,1,199.419333904437,1,66.370002746582,0.116800002753735,0.136485695838928,187.952392578125,-94.8999,24.3278,89.4059053394794,51,51,51,51,51,51,0.1168,8511,1.39062200113982,24,-95,0.0073,51,2025-12-13 21:36:24.002305,1.0543,1.13
"2904010",33,0.0734922933163951,5,0.1022,1,0.1022,1,199.284700151244,1,71.7200012207031,0.102200001478195,0.136485695838928,187.825500488281,-94.8999,24.3278,89.4059053394794,51,51,51,51,51,51,0.1022,8511,1.39062200113982,24,-95,0.0073,51,2025-12-13 21:36:24.002305,1.0543,1.13
"2904010",33,0.0839911923615944,5,0.1168,1,0.1168,1,199.212332080444,1,76.4199981689453,0.116800002753735,0.136485695838928,187.757293701172,-94.8999,24.3278,89.4059053394794,51,51,51,51,51,51,0.1168,8511,1.39062200113982,24,-95,0.0073,51,2025-12-13 21:36:24.002305,1.0543,1.13
"2904010",33,0.089240641884194,5,0.1241,1,0.1241,1,198.936685822403,1,81.5500030517578,0.124099999666214,0.136485695838928,187.497497558594,-94.8999,24.3278,89.4059053394794,51,51,51,51,51,51,0.1241,8511,1.39062200113982,24,-95,0.0073,51,2025-12-13 21:36:24.002305,1.0543,1.13
"2904010",33,0.0787417428389947,5,0.1095,1,0.1095,1,198.678233052325,1,86.7099990844727,0.109499998390675,0.136485695838928,187.25390625,-94.8999,24.3278,89.4059053394794,51,51,51,51,51,51,0.1095,8511,1.39062200113982,24,-95,0.0073,51,2025-12-13 21:36:24.002305,1.0543,1.13
"2904010",33,0.0944900914067936,1,0.1314,1,0.1314,1,198.267402590441,1,91.75,0.131400004029274,0.136485695838928,186.86669921875,-94.8999,24.3278,89.4059053394794,51,51,51,51,51,51,0.1314,8511,1.39062200113982,24,-95,0.0073,51,2025-12-13 21:36:24.002305,1.0543,1.13
"2904010",33,0.0997395409293933,1,0.1387,1,0.1387,1,197.398759084692,1,96.7799987792969,0.138699993491173,0.136485695838928,186.048004150391,-94.8999,24.3278,89.4059053394794,51,51,51,51,51,51,0.1387,8511,1.39062200113982,24,-95,0.0073,51,2025-12-13 21:36:24.002305,1.0543,1.13
"2904010",33,0.330715319923778,1,0.4599,1,0.4599,1,195.712388758353,1,101.860000610352,0.459899991750717,0.136485695838928,184.458602905273,-94.8999,24.3278,89.4059053394794,51,51,51,51,51,51,0.4599,8511,1.39062200113982,24,-95,0.0073,51,2025-12-13 21:36:24.002305,1.0543,1.13
"2904010",33,0.230975778994384,1,0.3212,1,0.3212,1,192.65795428912,1,111.809997558594,0.321200013160706,0.136485695838928,181.579803466797,-94.8999,24.3278,89.4059053394794,51,51,51,51,51,51,0.3212,8511,1.39062200113982,24,-95,0.0073,51,2025-12-13 21:36:24.002305,1.0543,1.13
"2904010",33,0.131236238064991,1,0.1825,1,0.1825,1,188.317035701324,1,121.809997558594,0.182500004768372,0.136485695838928,177.488494873047,-94.8999,24.3278,89.4059053394794,51,51,51,51,51,51,0.1825,8511,1.39062200113982,24,-95,0.0073,51,2025-12-13 21:36:24.002305,1.0543,1.13
"2904010",33,0.0787417428389947,1,0.1095,1,0.1095,1,181.543869966199,1,131.610000610352,0.109499998390675,0.0839911922812462,171.104797363281,-94.8999,24.3278,89.4059053394794,51,51,51,51,51,51,0.1095,8511,1.39062200113982,24,-95,0.0073,51,2025-12-13 21:36:24.002305,1.0543,1.13
"2904010",33,0.0262472476129982,1,0.0365,1,0.0365,1,168.796258579376,1,141.899993896484,0.0364999994635582,0.0314966961741447,159.090194702148,-94.8999,24.3278,89.4059053394794,51,51,51,51,51,51,0.0365,8511,1.39062200113982,24,-95,0.0073,51,2025-12-13 21:36:24.002305,1.0543,1.13
"2904010",33,0.0209977980903986,1,0.0292,1,0.0292,1,154.871573235615,1,151.800003051758,0.0292000006884336,0.0262472461909056,145.966201782227,-94.8999,24.3278,89.4059053394794,51,51,51,51,51,51,0.0292,8511,1.39062200113982,24,-95,0.0073,51,2025-12-13 21:36:24.002305,1.0543,1.13
"2904010",33,0.0104988990451993,1,0.0146,1,0.0146,1,143.516958168203,1,161.539993286133,0.0146000003442168,0.0157483480870724,135.264495849609,-94.8999,24.3278,89.4059053394794,51,51,51,51,51,51,0.0146,8511,1.39062200113982,24,-95,0.0073,51,2025-12-13 21:36:24.002305,1.0543,1.13
"2904010",33,0.0104988990451993,1,0.0146,1,0.0146,1,136.509737578592,1,171.860000610352,0.0146000003442168,0.0157483480870724,128.660202026367,-94.8999,24.3278,89.4059053394794,51,51,51,51,51,51,0.0146,8511,1.39062200113982,24,-95,0.0073,51,2025-12-13 21:36:24.002305,1.0543,1.13
"2904010",33,0.0104988990451993,1,0.0146,1,0.0146,1,130.59524247861,1,181.520004272461,0.0146000003442168,0.0157483480870724,123.085800170898,-94.8999,24.3278,89.4059053394794,51,51,51,51,51,51,0.0146,8511,1.39062200113982,24,-95,0.0073,51,2025-12-13 21:36:24.002305,1.0543,1.13
"2904010",33,0.00524944952259965,1,0.0073,1,0.0073,1,128.871311990245,1,191.389999389648,0.00730000017210841,0.0104988990351558,121.460998535156,-94.8999,24.3278,89.4059053394794,51,51,51,51,51,51,0.0073,8511,1.39062200113982,24,-95,0.0073,51,2025-12-13 21:36:24.002305,1.0543,1.13
"2904010",33,0,1,0,1,0,1,130.60234976789,1,201.369995117188,0,0.00524944951757789,123.092498779297,-94.8999,24.3278,89.4059053394794,51,51,51,51,51,51,0,8511,1.39062200113982,24,-95,0.0073,51,2025-12-13 21:36:24.002305,1.0543,1.13
"2904010",33,0,1,-0.0073,1,-0.0073,1,132.485854280827,1,211.190002441406,-0.00730000017210841,0,124.867698669434,-94.8999,24.3278,89.4059053394794,51,51,51,51,51,51,0,8511,1.39062200113982,24,-95,0.0073,51,2025-12-13 21:36:24.002305,1.0543,1.13
"2904010",33,0,1,-0.0073,1,-0.0073,1,134.842997293829,1,221.5,-0.00730000017210841,0,127.089302062988,-94.8999,24.3278,89.4059053394794,51,51,51,51,51,51,0,8511,1.39062200113982,24,-95,0.0073,51,2025-12-13 21:36:24.002305,1.0543,1.13
"2904010",33,0,1,-0.0073,1,-0.0073,1,132.57964945268,1,231.429992675781,-0.00730000017210841,0,124.956100463867,-94.8999,24.3278,89.4059053394794,51,51,51,51,51,51,0,8511,1.39062200113982,24,-95,0.0073,51,2025-12-13 21:36:24.002305,1.0543,1.13
"2904010",33,0,1,-0.0073,1,-0.0073,1,130.266437258496,1,241.679992675781,-0.00730000017210841,0,122.775901794434,-94.8999,24.3278,89.4059053394794,51,51,51,51,51,51,0,8511,1.39062200113982,24,-95,0.0073,51,2025-12-13 21:36:24.002305,1.0543,1.13
"2904010",33,0,1,-0.0073,1,-0.0073,1,127.608076316798,1,251.110000610352,-0.00730000017210841,0,120.270401000977,-94.8999,24.3278,89.4059053394794,51,51,51,51,51,51,0,8511,1.39062200113982,24,-95,0.0073,51,2025-12-13 21:36:24.002305,1.0543,1.13
"2904010",33,0,1,-0.0073,1,-0.0073,1,126.513003317043,1,261.019989013672,-0.00730000017210841,0,119.238296508789,-94.8999,24.3278,89.4059053394794,51,51,51,51,51,51,0,8511,1.39062200113982,24,-95,0.0073,51,2025-12-13 21:36:24.002305,1.0543,1.13
"2904010",33,0,1,-0.0073,1,-0.0073,1,123.104086723827,1,271.100006103516,-0.00730000017210841,0,116.025398254395,-94.8999,24.3278,89.4059053394794,51,51,51,51,51,51,0,8511,1.39062200113982,24,-95,0.0073,51,2025-12-13 21:36:24.002305,1.0543,1.13
"2904010",33,0,1,-0.0073,1,-0.0073,1,122.310450214055,1,281.660003662109,-0.00730000017210841,0,115.277397155762,-94.8999,24.3278,89.4059053394794,51,51,51,51,51,51,0,8511,1.39062200113982,24,-95,0.0073,51,2025-12-13 21:36:24.002305,1.0543,1.13
"2904010",33,0,1,-0.0073,1,-0.0073,1,120.783022513013,1,291.609985351562,-0.00730000017210841,0,113.837799072266,-94.8999,24.3278,89.4059053394794,51,51,51,51,51,51,0,8511,1.39062200113982,24,-95,0.0073,51,2025-12-13 21:36:24.002305,1.0543,1.13
"2904010",33,0,1,-0.0073,1,-0.0073,1,119.263017800889,1,301.640014648438,-0.00730000017210841,0,112.405197143555,-94.8999,24.3278,89.4059053394794,51,51,51,51,51,51,0,8511,1.39062200113982,24,-95,0.0073,51,2025-12-13 21:36:24.002305,1.0543,1.13
"2904010",33,0,1,-0.0073,1,-0.0073,1,118.036071396054,1,310.859985351562,-0.00730000017210841,0,111.248802185059,-94.8999,24.3278,89.4059053394794,51,51,51,51,51,51,0,8511,1.39062200113982,24,-95,0.0073,51,2025-12-13 21:36:24.002305,1.0543,1.13
"2904010",33,0,1,-0.0073,1,-0.0073,1,116.666728264884,1,321.359985351562,-0.00730000017210841,0,109.958198547363,-94.8999,24.3278,89.4059053394794,51,51,51,51,51,51,0,8511,1.39062200113982,24,-95,0.0073,51,2025-12-13 21:36:24.002305,1.0543,1.13
"2904010",33,0,1,0,1,0,1,115.288156990458,1,331.760009765625,0,0.00524944951757789,108.658897399902,-94.8999,24.3278,89.4059053394794,51,51,51,51,51,51,0,8511,1.39062200113982,24,-95,0.0073,51,2025-12-13 21:36:24.002305,1.0543,1.13
"2904010",33,0,1,-0.0073,1,-0.0073,1,114.351921382787,1,341.760009765625,-0.00730000017210841,0,107.776496887207,-94.8999,24.3278,89.4059053394794,51,51,51,51,51,51,0,8511,1.39062200113982,24,-95,0.0073,51,2025-12-13 21:36:24.002305,1.0543,1.13
"2904010",33,0,1,-0.0073,1,-0.0073,1,113.662481943186,1,351.040008544922,-0.00730000017210841,0,107.12670135498,-94.8999,24.3278,89.4059053394794,51,51,51,51,51,51,0,8511,1.39062200113982,24,-95,0.0073,51,2025-12-13 21:36:24.002305,1.0543,1.13
"2904010",33,0,1,-0.0073,1,-0.0073,1,113.040197482931,1,361.720001220703,-0.00730000017210841,0,106.540199279785,-94.8999,24.3278,89.4059053394794,51,51,51,51,51,51,0,8511,1.39062200113982,24,-95,0.0073,51,2025-12-13 21:36:24.002305,1.0543,1.13
"2904010",33,0,1,-0.0073,1,-0.0073,1,111.646027408457,1,381.049987792969,-0.00730000017210841,0,105.226196289062,-94.8999,24.3278,89.4059053394794,51,51,51,51,51,51,0,8511,1.39062200113982,24,-95,0.0073,51,2025-12-13 21:36:24.002305,1.0543,1.13
"2904010",33,0,1,-0.0073,1,-0.0073,1,110.880617684241,1,401.709991455078,-0.00730000017210841,0,104.50479888916,-94.8999,24.3278,89.4059053394794,51,51,51,51,51,51,0,8511,1.39062200113982,24,-95,0.0073,51,2025-12-13 21:36:24.002305,1.0543,1.13
"2904010",33,0,1,0,1,0,1,109.316585014949,1,450.829986572266,0,0.00524944951757789,103.030700683594,-94.8999,24.3278,89.4059053394794,51,51,51,51,51,51,0,8511,1.39062200113982,24,-95,0.0073,51,2025-12-13 21:36:24.002305,1.0543,1.13
"2904010",33,0,1,0,1,0,1,108.953716613411,1,501.309997558594,0,0.00524944951757789,102.688697814941,-94.8999,24.3278,89.4059053394794,51,51,51,51,51,51,0,8511,1.39062200113982,24,-95,0.0073,51,2025-12-13 21:36:24.002305,1.0543,1.13
"2904010",33,0,1,0,1,0,1,111.573456966094,1,551.840026855469,0,0.00524944951757789,105.15779876709,-94.8999,24.3278,89.4059053394794,51,51,51,51,51,51,0,8511,1.39062200113982,24,-95,0.0073,51,2025-12-13 21:36:24.002305,1.0543,1.13
"2904010",33,0,1,0,1,0,1,115.445933955554,1,601.820007324219,0,0.00524944951757789,108.807601928711,-94.8999,24.3278,89.4059053394794,51,51,51,51,51,51,0,8511,1.39062200113982,24,-95,0.0073,51,2025-12-13 21:36:24.002305,1.0543,1.13
"2904010",33,0,1,-0.0073,1,-0.0073,1,120.845943879269,1,651.090026855469,-0.00730000017210841,0,113.897102355957,-94.8999,24.3278,89.4059053394794,51,51,51,51,51,51,0,8511,1.39062200113982,24,-95,0.0073,51,2025-12-13 21:36:24.002305,1.0543,1.13
"2904010",33,0,1,-0.0073,1,-0.0073,1,128.641919776562,1,701.630004882812,-0.00730000017210841,0,121.24479675293,-94.8999,24.3278,89.4059053394794,51,51,51,51,51,51,0,8511,1.39062200113982,24,-95,0.0073,51,2025-12-13 21:36:24.002305,1.0543,1.13
"2904010",33,0,1,-0.0073,1,-0.0073,1,137.270897499993,1,751.219970703125,-0.00730000017210841,0,129.377593994141,-94.8999,24.3278,89.4059053394794,51,51,51,51,51,51,0,8511,1.39062200113982,24,-95,0.0073,51,2025-12-13 21:36:24.002305,1.0543,1.13
"2904010",33,0,1,0,1,0,1,145.204607482818,1,801.330017089844,0,0.00524944951757789,136.855102539062,-94.8999,24.3278,89.4059053394794,51,51,51,51,51,51,0,8511,1.39062200113982,24,-95,0.0073,51,2025-12-13 21:36:24.002305,1.0543,1.13
"2904010",33,0,1,0,1,0,1,151.614702444842,1,851.580017089844,0,0.00524944951757789,142.896606445312,-94.8999,24.3278,89.4059053394794,51,51,51,51,51,51,0,8511,1.39062200113982,24,-95,0.0073,51,2025-12-13 21:36:24.002305,1.0543,1.13
"2904010",33,0,1,0,1,0,1,158.787657249393,1,901.659973144531,0,0.00524944951757789,149.657104492188,-94.8999,24.3278,89.4059053394794,51,51,51,51,51,51,0,8511,1.39062200113982,24,-95,0.0073,51,2025-12-13 21:36:24.002305,1.0543,1.13
"2904010",33,0,1,0,1,0,1,168.070537966025,1,951.630004882812,0,0.00524944951757789,158.406204223633,-94.8999,24.3278,89.4059053394794,51,51,51,51,51,51,0,8511,1.39062200113982,24,-95,0.0073,51,2025-12-13 21:36:24.002305,1.0543,1.13
"2904010",33,0,1,0,1,0,1,176.393206092244,1,999.419982910156,0,0.00524944951757789,166.250305175781,-94.8999,24.3278,89.4059053394794,51,51,51,51,51,51,0,8511,1.39062200113982,24,-95,0.0073,51,2025-12-13 21:36:24.002305,1.0543,1.13
"2904010",33,0,1,0.0073,1,0.0073,1,190.225156691141,1,1100.14001464844,0.00730000017210841,0.0104988990351558,179.286895751953,-94.8999,24.3278,89.4059053394794,51,51,51,51,51,51,0,8511,1.39062200113982,24,-95,0.0073,51,2025-12-13 21:36:24.002305,1.0543,1.13
"2904010",33,0,1,0,1,0,1,197.791214208688,1,1198.91003417969,0,0.00524944951757789,186.417892456055,-94.8999,24.3278,89.4059053394794,51,51,51,51,51,51,0,8511,1.39062200113982,24,-95,0.0073,51,2025-12-13 21:36:24.002305,1.0543,1.13
"2904010",33,0,1,0.0073,1,0.0073,1,203.176370059705,1,1299.14001464844,0.00730000017210841,0.0104988990351558,191.493392944336,-94.8999,24.3278,89.4059053394794,51,51,51,51,51,51,0,8511,1.39062200113982,24,-95,0.0073,51,2025-12-13 21:36:24.002305,1.0543,1.13
"2904010",33,0,1,0,1,0,1,205.98815293047,1,1399.03002929688,0,0.00524944951757789,194.143493652344,-94.8999,24.3278,89.4059053394794,51,51,51,51,51,51,0,8511,1.39062200113982,24,-95,0.0073,51,2025-12-13 21:36:24.002305,1.0543,1.13
"2904010",33,0,1,0.0073,1,0.0073,1,207.739784038329,1,1499.80004882812,0.00730000017210841,0.0104988990351558,195.794403076172,-94.8999,24.3278,89.4059053394794,51,51,51,51,51,51,0,8511,1.39062200113982,24,-95,0.0073,51,2025-12-13 21:36:24.002305,1.0543,1.13
"2904010",34,0.089240641884194,1,0.1241,1,0.1241,1,200.115073884486,1,7.96999979019165,0.124099999666214,0.0944900959730148,188.548706054688,-94.7154,24.1098,91.3141779304979,51,51,51,51,51,51,0.1241,8511,1.39062200113982,24,-95,0.0073,51,2025-12-24 03:38:15.000377,1.0543,1.13
"2904010",34,0.0839911923615944,1,0.1168,1,0.1168,1,200.033662488491,1,11.7700004577637,0.116800002753735,0.0892406404018402,188.47200012207,-94.7154,24.1098,91.3141779304979,51,51,51,51,51,51,0.1168,8511,1.39062200113982,24,-95,0.0073,51,2025-12-24 03:38:15.000377,1.0543,1.13
"2904010",34,0.0997395409293933,1,0.1387,1,0.1387,1,200.016900842409,1,16.5900001525879,0.138699993491173,0.104988984763622,188.456207275391,-94.7154,24.1098,91.3141779304979,51,51,51,51,51,51,0.1387,8511,1.39062200113982,24,-95,0.0073,51,2025-12-24 03:38:15.000377,1.0543,1.13
"2904010",34,0.089240641884194,1,0.1241,1,0.1241,1,199.925934498405,1,21.75,0.124099999666214,0.0944900959730148,188.370498657227,-94.7154,24.1098,91.3141779304979,51,51,51,51,51,51,0.1241,8511,1.39062200113982,24,-95,0.0073,51,2025-12-24 03:38:15.000377,1.0543,1.13
"2904010",34,0.089240641884194,1,0.1241,1,0.1241,1,199.919359398589,1,26.3799991607666,0.124099999666214,0.0944900959730148,188.364303588867,-94.7154,24.1098,91.3141779304979,51,51,51,51,51,51,0.1241,8511,1.39062200113982,24,-95,0.0073,51,2025-12-24 03:38:15.000377,1.0543,1.13
"2904010",34,0.089240641884194,1,0.1241,1,0.1241,1,199.952785521791,1,31.4699993133545,0.124099999666214,0.0944900959730148,188.395797729492,-94.7154,24.1098,91.3141779304979,51,51,51,51,51,51,0.1241,8511,1.39062200113982,24,-95,0.0073,51,2025-12-24 03:38:15.000377,1.0543,1.13
"2904010",34,0.089240641884194,1,0.1241,1,0.1241,1,199.892605544166,1,36.4099998474121,0.124099999666214,0.0944900959730148,188.339096069336,-94.7154,24.1098,91.3141779304979,51,51,51,51,51,51,0.1241,8511,1.39062200113982,24,-95,0.0073,51,2025-12-24 03:38:15.000377,1.0543,1.13
"2904010",34,0.089240641884194,1,0.1241,1,0.1241,1,199.890597385602,1,41.7799987792969,0.124099999666214,0.0944900959730148,188.337203979492,-94.7154,24.1098,91.3141779304979,51,51,51,51,51,51,0.1241,8511,1.39062200113982,24,-95,0.0073,51,2025-12-24 03:38:15.000377,1.0543,1.13
"2904010",34,0.0839911923615944,1,0.1168,1,0.1168,1,199.816829948013,1,46.5200004577637,0.116800002753735,0.0892406404018402,188.267700195312,-94.7154,24.1098,91.3141779304979,51,51,51,51,51,51,0.1168,8511,1.39062200113982,24,-95,0.0073,51,2025-12-24 03:38:15.000377,1.0543,1.13
"2904010",34,0.089240641884194,1,0.1241,1,0.1241,1,199.601487331631,1,51.3899993896484,0.124099999666214,0.0944900959730148,188.064804077148,-94.7154,24.1098,91.3141779304979,51,51,51,51,51,51,0.1241,8511,1.39062200113982,24,-95,0.0073,51,2025-12-24 03:38:15.000377,1.0543,1.13
"2904010",34,0.0944900914067936,1,0.1314,1,0.1314,1,199.351325836913,1,56.5499992370605,0.131400004029274,0.0997395440936089,187.8291015625,-94.7154,24.1098,91.3141779304979,51,51,51,51,51,51,0.1314,8511,1.39062200113982,24,-95,0.0073,51,2025-12-24 03:38:15.000377,1.0543,1.13
"2904010",34,0.104988990451993,1,0.146,1,0.146,1,199.208778968492,1,61.4300003051758,0.145999997854233,0.110238440334797,187.694793701172,-94.7154,24.1098,91.3141779304979,51,51,51,51,51,51,0.146,8511,1.39062200113982,24,-95,0.0073,51,2025-12-24 03:38:15.000377,1.0543,1.13
"2904010",34,0.0997395409293933,1,0.1387,1,0.1387,1,199.158267302666,1,66.7600021362305,0.138699993491173,0.104988984763622,187.647201538086,-94.7154,24.1098,91.3141779304979,51,51,51,51,51,51,0.1387,8511,1.39062200113982,24,-95,0.0073,51,2025-12-24 03:38:15.000377,1.0543,1.13
"2904010",34,0.0997395409293933,1,0.1387,1,0.1387,1,199.007979306875,1,71.8199996948242,0.138699993491173,0.104988984763622,187.505599975586,-94.7154,24.1098,91.3141779304979,51,51,51,51,51,51,0.1387,8511,1.39062200113982,24,-95,0.0073,51,2025-12-24 03:38:15.000377,1.0543,1.13
"2904010",34,0.0997395409293933,1,0.1387,1,0.1387,1,198.710059266944,1,76.879997253418,0.138699993491173,0.104988984763622,187.224899291992,-94.7154,24.1098,91.3141779304979,51,51,51,51,51,51,0.1387,8511,1.39062200113982,24,-95,0.0073,51,2025-12-24 03:38:15.000377,1.0543,1.13
"2904010",34,0.110238439974593,1,0.1533,1,0.1533,1,198.319488620987,1,81.6699981689453,0.153300002217293,0.115487895905972,186.856903076172,-94.7154,24.1098,91.3141779304979,51,51,51,51,51,51,0.1533,8511,1.39062200113982,24,-95,0.0073,51,2025-12-24 03:38:15.000377,1.0543,1.13
"2904010",34,0.0944900914067936,1,0.1314,1,0.1314,1,197.396221526158,1,86.6100006103516,0.131400004029274,0.0997395440936089,185.986999511719,-94.7154,24.1098,91.3141779304979,51,51,51,51,51,51,0.1314,8511,1.39062200113982,24,-95,0.0073,51,2025-12-24 03:38:15.000377,1.0543,1.13
"2904010",34,0.157483485677989,1,0.219,1,0.219,1,192.663364270793,1,91.9199981689453,0.218999996781349,0.162732928991318,181.527694702148,-94.7154,24.1098,91.3141779304979,51,51,51,51,51,51,0.219,8511,1.39062200113982,24,-95,0.0073,51,2025-12-24 03:38:15.000377,1.0543,1.13
"2904010",34,0.29921862278818,1,0.4161,1,0.4161,1,190.738835793664,1,96.1399993896484,0.41609999537468,0.304468065500259,179.714401245117,-94.7154,24.1098,91.3141779304979,51,51,51,51,51,51,0.4161,8511,1.39062200113982,24,-95,0.0073,51,2025-12-24 03:38:15.000377,1.0543,1.13
"2904010",34,0.194229632336187,1,0.2701,1,0.2701,1,183.001417039697,1,101.830001831055,0.270099997520447,0.199479088187218,172.424194335938,-94.7154,24.1098,91.3141779304979,51,51,51,51,51,51,0.2701,8511,1.39062200113982,24,-95,0.0073,51,2025-12-24 03:38:15.000377,1.0543,1.13
"2904010",34,0.104988990451993,1,0.146,1,0.146,1,181.908881611678,1,111.620002746582,0.145999997854233,0.110238440334797,171.394805908203,-94.7154,24.1098,91.3141779304979,51,51,51,51,51,51,0.146,8511,1.39062200113982,24,-95,0.0073,51,2025-12-24 03:38:15.000377,1.0543,1.13
"2904010",34,0.0472450457033968,1,0.0657,1,0.0657,1,181.040158694632,1,121.569999694824,0.065700002014637,0.0524944923818111,170.576293945312,-94.7154,24.1098,91.3141779304979,51,51,51,51,51,51,0.0657,8511,1.39062200113982,24,-95,0.0073,51,2025-12-24 03:38:15.000377,1.0543,1.13
"2904010",34,0.0262472476129982,1,0.0365,1,0.0365,1,176.806992830443,1,131.889999389648,0.0364999994635582,0.0314966961741447,166.587799072266,-94.7154,24.1098,91.3141779304979,51,51,51,51,51,51,0.0365,8511,1.39062200113982,24,-95,0.0073,51,2025-12-24 03:38:15.000377,1.0543,1.13
"2904010",34,0.0157483485677989,1,0.0219,1,0.0219,1,165.967373965092,1,141.929992675781,0.0219000000506639,0.0209977980703115,156.374694824219,-94.7154,24.1098,91.3141779304979,51,51,51,51,51,51,0.0219,8511,1.39062200113982,24,-95,0.0073,51,2025-12-24 03:38:15.000377,1.0543,1.13
"2904010",34,0.0314966971355979,1,0.0438,1,0.0438,1,164.674767642677,1,151.949996948242,0.0438000001013279,0.0367461480200291,155.156799316406,-94.7154,24.1098,91.3141779304979,51,51,51,51,51,51,0.0438,8511,1.39062200113982,24,-95,0.0073,51,2025-12-24 03:38:15.000377,1.0543,1.13
"2904010",34,0.0157483485677989,1,0.0219,1,0.0219,1,172.440511149299,1,161.410003662109,0.0219000000506639,0.0209977980703115,162.473693847656,-94.7154,24.1098,91.3141779304979,51,51,51,51,51,51,0.0219,8511,1.39062200113982,24,-95,0.0073,51,2025-12-24 03:38:15.000377,1.0543,1.13
"2904010",34,0.00524944952259965,1,0.0073,1,0.0073,1,140.81925284707,1,171.389999389648,0.00730000017210841,0.0104988990351558,132.680099487305,-94.7154,24.1098,91.3141779304979,51,51,51,51,51,51,0.0073,8511,1.39062200113982,24,-95,0.0073,51,2025-12-24 03:38:15.000377,1.0543,1.13
"2904010",34,0.00524944952259965,1,0.0073,1,0.0073,1,134.956385333702,1,181.139999389648,0.00730000017210841,0.0104988990351558,127.156097412109,-94.7154,24.1098,91.3141779304979,51,51,51,51,51,51,0.0073,8511,1.39062200113982,24,-95,0.0073,51,2025-12-24 03:38:15.000377,1.0543,1.13
"2904010",34,0,1,0,1,0,1,134.943761465952,1,191.919998168945,0,0.00524944951757789,127.144203186035,-94.7154,24.1098,91.3141779304979,51,51,51,51,51,51,0,8511,1.39062200113982,24,-95,0.0073,51,2025-12-24 03:38:15.000377,1.0543,1.13
"2904010",34,0,1,0,1,0,1,138.147948501203,1,199.699996948242,0,0.00524944951757789,130.163192749023,-94.7154,24.1098,91.3141779304979,51,51,51,51,51,51,0,8511,1.39062200113982,24,-95,0.0073,51,2025-12-24 03:38:15.000377,1.0543,1.13
"2904010",34,0,1,-0.0073,1,-0.0073,1,136.330403052112,1,211.169998168945,-0.00730000017210841,0,128.450698852539,-94.7154,24.1098,91.3141779304979,51,51,51,51,51,51,0,8511,1.39062200113982,24,-95,0.0073,51,2025-12-24 03:38:15.000377,1.0543,1.13
"2904010",34,0,1,-0.0073,1,-0.0073,1,136.829560013993,1,221.25,-0.00730000017210841,0,128.921005249023,-94.7154,24.1098,91.3141779304979,51,51,51,51,51,51,0,8511,1.39062200113982,24,-95,0.0073,51,2025-12-24 03:38:15.000377,1.0543,1.13
"2904010",34,0,1,-0.0073,1,-0.0073,1,136.121959432089,1,231.190002441406,-0.00730000017210841,0,128.254302978516,-94.7154,24.1098,91.3141779304979,51,51,51,51,51,51,0,8511,1.39062200113982,24,-95,0.0073,51,2025-12-24 03:38:15.000377,1.0543,1.13
"2904010",34,0,1,-0.0073,1,-0.0073,1,131.990569959015,1,241.160003662109,-0.00730000017210841,0,124.361701965332,-94.7154,24.1098,91.3141779304979,51,51,51,51,51,51,0,8511,1.39062200113982,24,-95,0.0073,51,2025-12-24 03:38:15.000377,1.0543,1.13
"2904010",34,0,1,-0.0073,1,-0.0073,1,129.809507322692,1,251.539993286133,-0.00730000017210841,0,122.306701660156,-94.7154,24.1098,91.3141779304979,51,51,51,51,51,51,0,8511,1.39062200113982,24,-95,0.0073,51,2025-12-24 03:38:15.000377,1.0543,1.13
"2904010",34,0,1,-0.0073,1,-0.0073,1,127.225663140754,1,261.160003662109,-0.00730000017210841,0,119.872200012207,-94.7154,24.1098,91.3141779304979,51,51,51,51,51,51,0,8511,1.39062200113982,24,-95,0.0073,51,2025-12-24 03:38:15.000377,1.0543,1.13
"2904010",34,0,1,-0.0073,1,-0.0073,1,125.388157567222,1,271.100006103516,-0.00730000017210841,0,118.140899658203,-94.7154,24.1098,91.3141779304979,51,51,51,51,51,51,0,8511,1.39062200113982,24,-95,0.0073,51,2025-12-24 03:38:15.000377,1.0543,1.13
"2904010",34,0,1,-0.0073,1,-0.0073,1,124.164533110978,1,281.390014648438,-0.00730000017210841,0,116.987998962402,-94.7154,24.1098,91.3141779304979,51,51,51,51,51,51,0,8511,1.39062200113982,24,-95,0.0073,51,2025-12-24 03:38:15.000377,1.0543,1.13
"2904010",34,0,1,-0.0073,1,-0.0073,1,122.14861722434,1,290.859985351562,-0.00730000017210841,0,115.088600158691,-94.7154,24.1098,91.3141779304979,51,51,51,51,51,51,0,8511,1.39062200113982,24,-95,0.0073,51,2025-12-24 03:38:15.000377,1.0543,1.13
"2904010",34,0,1,-0.0073,1,-0.0073,1,120.040577063558,1,301.829986572266,-0.00730000017210841,0,113.102401733398,-94.7154,24.1098,91.3141779304979,51,51,51,51,51,51,0,8511,1.39062200113982,24,-95,0.0073,51,2025-12-24 03:38:15.000377,1.0543,1.13
"2904010",34,0,1,-0.0073,1,-0.0073,1,119.047259243967,1,310.529998779297,-0.00730000017210841,0,112.166496276855,-94.7154,24.1098,91.3141779304979,51,51,51,51,51,51,0,8511,1.39062200113982,24,-95,0.0073,51,2025-12-24 03:38:15.000377,1.0543,1.13
"2904010",34,0,1,-0.0073,1,-0.0073,1,118.411733740216,1,321.160003662109,-0.00730000017210841,0,111.56770324707,-94.7154,24.1098,91.3141779304979,51,51,51,51,51,51,0,8511,1.39062200113982,24,-95,0.0073,51,2025-12-24 03:38:15.000377,1.0543,1.13
"2904010",34,0,1,-0.0073,1,-0.0073,1,117.337968116844,1,331.130004882812,-0.00730000017210841,0,110.555999755859,-94.7154,24.1098,91.3141779304979,51,51,51,51,51,51,0,8511,1.39062200113982,24,-95,0.0073,51,2025-12-24 03:38:15.000377,1.0543,1.13
"2904010",34,0,1,-0.0073,1,-0.0073,1,116.721115248777,1,341.200012207031,-0.00730000017210841,0,109.974800109863,-94.7154,24.1098,91.3141779304979,51,51,51,51,51,51,0,8511,1.39062200113982,24,-95,0.0073,51,2025-12-24 03:38:15.000377,1.0543,1.13
"2904010",34,0,1,-0.0073,1,-0.0073,1,114.617002333575,1,351.609985351562,-0.00730000017210841,0,107.992301940918,-94.7154,24.1098,91.3141779304979,51,51,51,51,51,51,0,8511,1.39062200113982,24,-95,0.0073,51,2025-12-24 03:38:15.000377,1.0543,1.13
"2904010",34,0,1,-0.0073,1,-0.0073,1,112.354107235751,1,361.25,-0.00730000017210841,0,105.860198974609,-94.7154,24.1098,91.3141779304979,51,51,51,51,51,51,0,8511,1.39062200113982,24,-95,0.0073,51,2025-12-24 03:38:15.000377,1.0543,1.13
"2904010",34,0,1,-0.0073,1,-0.0073,1,111.307095466801,1,381.109985351562,-0.00730000017210841,0,104.87370300293,-94.7154,24.1098,91.3141779304979,51,51,51,51,51,51,0,8511,1.39062200113982,24,-95,0.0073,51,2025-12-24 03:38:15.000377,1.0543,1.13
"2904010",34,0,1,0,1,0,1,110.48338607177,1,401.690002441406,0,0.00524944951757789,104.097602844238,-94.7154,24.1098,91.3141779304979,51,51,51,51,51,51,0,8511,1.39062200113982,24,-95,0.0073,51,2025-12-24 03:38:15.000377,1.0543,1.13
"2904010",34,0,1,-0.0073,1,-0.0073,1,109.311763205449,1,451.489990234375,-0.00730000017210841,0,102.993698120117,-94.7154,24.1098,91.3141779304979,51,51,51,51,51,51,0,8511,1.39062200113982,24,-95,0.0073,51,2025-12-24 03:38:15.000377,1.0543,1.13
"2904010",34,0,1,0,1,0,1,109.839997979446,1,501.339996337891,0,0.00524944951757789,103.491401672363,-94.7154,24.1098,91.3141779304979,51,51,51,51,51,51,0,8511,1.39062200113982,24,-95,0.0073,51,2025-12-24 03:38:15.000377,1.0543,1.13
"2904010",34,0,1,0,1,0,1,111.339460828826,1,550.969970703125,0,0.00524944951757789,104.904197692871,-94.7154,24.1098,91.3141779304979,51,51,51,51,51,51,0,8511,1.39062200113982,24,-95,0.0073,51,2025-12-24 03:38:15.000377,1.0543,1.13
"2904010",34,0,1,0,1,0,1,114.725361921919,1,601.010009765625,0,0.00524944951757789,108.094398498535,-94.7154,24.1098,91.3141779304979,51,51,51,51,51,51,0,8511,1.39062200113982,24,-95,0.0073,51,2025-12-24 03:38:15.000377,1.0543,1.13
"2904010",34,0,1,0,1,0,1,119.569761049159,1,651.359985351562,0,0.00524944951757789,112.658798217773,-94.7154,24.1098,91.3141779304979,51,51,51,51,51,51,0,8511,1.39062200113982,24,-95,0.0073,51,2025-12-24 03:38:15.000377,1.0543,1.13
"2904010",34,0,1,0,1,0,1,126.077603747911,1,701.099975585938,0,0.00524944951757789,118.790496826172,-94.7154,24.1098,91.3141779304979,51,51,51,51,51,51,0,8511,1.39062200113982,24,-95,0.0073,51,2025-12-24 03:38:15.000377,1.0543,1.13
"2904010",34,0,1,0,1,0,1,134.714928558568,1,751.690002441406,0,0.00524944951757789,126.928596496582,-94.7154,24.1098,91.3141779304979,51,51,51,51,51,51,0,8511,1.39062200113982,24,-95,0.0073,51,2025-12-24 03:38:15.000377,1.0543,1.13
"2904010",34,0,1,0.0073,1,0.0073,1,143.121104601562,1,800.469970703125,0.00730000017210841,0.0104988990351558,134.848907470703,-94.7154,24.1098,91.3141779304979,51,51,51,51,51,51,0,8511,1.39062200113982,24,-95,0.0073,51,2025-12-24 03:38:15.000377,1.0543,1.13
"2904010",34,0,1,0,1,0,1,151.380579802975,1,850.989990234375,0,0.00524944951757789,142.630996704102,-94.7154,24.1098,91.3141779304979,51,51,51,51,51,51,0,8511,1.39062200113982,24,-95,0.0073,51,2025-12-24 03:38:15.000377,1.0543,1.13
"2904010",34,0,1,0,1,0,1,160.181885335763,1,901.75,0,0.00524944951757789,150.923599243164,-94.7154,24.1098,91.3141779304979,51,51,51,51,51,51,0,8511,1.39062200113982,24,-95,0.0073,51,2025-12-24 03:38:15.000377,1.0543,1.13
"2904010",34,0,1,0,1,0,1,170.366974067723,1,951.549987792969,0,0.00524944951757789,160.520004272461,-94.7154,24.1098,91.3141779304979,51,51,51,51,51,51,0,8511,1.39062200113982,24,-95,0.0073,51,2025-12-24 03:38:15.000377,1.0543,1.13
"2904010",34,0,1,-0.0073,1,-0.0073,1,177.68175641801,1,999.950012207031,-0.00730000017210841,0,167.412002563477,-94.7154,24.1098,91.3141779304979,51,51,51,51,51,51,0,8511,1.39062200113982,24,-95,0.0073,51,2025-12-24 03:38:15.000377,1.0543,1.13
"2904010",34,0,1,0,1,0,1,190.682591159033,1,1099.2099609375,0,0.00524944951757789,179.661407470703,-94.7154,24.1098,91.3141779304979,51,51,51,51,51,51,0,8511,1.39062200113982,24,-95,0.0073,51,2025-12-24 03:38:15.000377,1.0543,1.13
"2904010",34,0,1,0.0073,1,0.0073,1,198.695305779426,1,1199.66003417969,0.00730000017210841,0.0104988990351558,187.210998535156,-94.7154,24.1098,91.3141779304979,51,51,51,51,51,51,0,8511,1.39062200113982,24,-95,0.0073,51,2025-12-24 03:38:15.000377,1.0543,1.13
"2904010",34,0,1,-0.0073,1,-0.0073,1,203.175669484967,1,1299.65002441406,-0.00730000017210841,0,191.432403564453,-94.7154,24.1098,91.3141779304979,51,51,51,51,51,51,0,8511,1.39062200113982,24,-95,0.0073,51,2025-12-24 03:38:15.000377,1.0543,1.13
"2904010",34,0,1,0,1,0,1,206.530476509965,1,1400.31994628906,0,0.00524944951757789,194.593307495117,-94.7154,24.1098,91.3141779304979,51,51,51,51,51,51,0,8511,1.39062200113982,24,-95,0.0073,51,2025-12-24 03:38:15.000377,1.0543,1.13
"2904010",34,0,1,-0.0073,1,-0.0073,1,208.414242607201,1,1499.66003417969,-0.00730000017210841,0,196.368194580078,-94.7154,24.1098,91.3141779304979,51,51,51,51,51,51,0,8511,1.39062200113982,24,-95,0.0073,51,2025-12-24 03:38:15.000377,1.0543,1.13
"2904010",35,0.103017073460019,1,0.146,1,0.146,1,200.985501821599,1,6.59000015258789,0.145999997854233,0.108167923986912,189.309097290039,-94.4009,24.4156,51.6015846627831,51,51,51,51,51,51,0.146,8512,1.4172408038427,24,-94,0.0073,51,2026-01-03 10:01:24.001074,1.0543,1.13
"2904010",35,0.103017073460019,1,0.146,1,0.146,1,200.903125143907,1,11.0900001525879,0.145999997854233,0.108167923986912,189.231506347656,-94.4009,24.4156,51.6015846627831,51,51,51,51,51,51,0.146,8512,1.4172408038427,24,-94,0.0073,51,2026-01-03 10:01:24.001074,1.0543,1.13
"2904010",35,0.10816792713302,1,0.1533,1,0.1533,1,200.95758933081,1,16.5599994659424,0.153300002217293,0.113318778574467,189.282806396484,-94.4009,24.4156,51.6015846627831,51,51,51,51,51,51,0.1533,8512,1.4172408038427,24,-94,0.0073,51,2026-01-03 10:01:24.001074,1.0543,1.13
"2904010",35,0.103017073460019,1,0.146,1,0.146,1,200.95758933081,1,21.4500007629395,0.145999997854233,0.108167923986912,189.282806396484,-94.4009,24.4156,51.6015846627831,51,51,51,51,51,51,0.146,8512,1.4172408038427,24,-94,0.0073,51,2026-01-03 10:01:24.001074,1.0543,1.13
"2904010",35,0.103017073460019,1,0.146,1,0.146,1,200.968297488913,1,26.3299999237061,0.145999997854233,0.108167923986912,189.292892456055,-94.4009,24.4156,51.6015846627831,51,51,51,51,51,51,0.146,8512,1.4172408038427,24,-94,0.0073,51,2026-01-03 10:01:24.001074,1.0543,1.13
"2904010",35,0.10816792713302,1,0.1533,1,0.1533,1,200.949732361551,1,31.4500007629395,0.153300002217293,0.113318778574467,189.275405883789,-94.4009,24.4156,51.6015846627831,51,51,51,51,51,51,0.1533,8512,1.4172408038427,24,-94,0.0073,51,2026-01-03 10:01:24.001074,1.0543,1.13
"2904010",35,0.10816792713302,1,0.1533,1,0.1533,1,200.905133936048,1,36.0800018310547,0.153300002217293,0.113318778574467,189.2333984375,-94.4009,24.4156,51.6015846627831,51,51,51,51,51,51,0.1533,8512,1.4172408038427,24,-94,0.0073,51,2026-01-03 10:01:24.001074,1.0543,1.13
"2904010",35,0.10816792713302,1,0.1533,1,0.1533,1,200.670931452391,1,41.6399993896484,0.153300002217293,0.113318778574467,189.012802124023,-94.4009,24.4156,51.6015846627831,51,51,51,51,51,51,0.1533,8512,1.4172408038427,24,-94,0.0073,51,2026-01-03 10:01:24.001074,1.0543,1.13
"2904010",35,0.113318780806021,1,0.1606,1,0.1606,1,200.56380127155,1,46.6500015258789,0.160600006580353,0.118469640612602,188.911895751953,-94.4009,24.4156,51.6015846627831,51,51,51,51,51,51,0.1606,8512,1.4172408038427,24,-94,0.0073,51,2026-01-03 10:01:24.001074,1.0543,1.13
"2904010",35,0.113318780806021,1,0.1606,1,0.1606,1,200.329922786626,1,51.939998626709,0.160600006580353,0.118469640612602,188.691604614258,-94.4009,24.4156,51.6015846627831,51,51,51,51,51,51,0.1606,8512,1.4172408038427,24,-94,0.0073,51,2026-01-03 10:01:24.001074,1.0543,1.13
"2904010",35,0.118469634479022,1,0.1679,1,0.1679,1,200.333421972935,1,56.5800018310547,0.167899996042252,0.123620480298996,188.694900512695,-94.4009,24.4156,51.6015846627831,51,51,51,51,51,51,0.1679,8512,1.4172408038427,24,-94,0.0073,51,2026-01-03 10:01:24.001074,1.0543,1.13
"2904010",35,0.10816792713302,1,0.1533,1,0.1533,1,200.384905371501,1,61.9099998474121,0.153300002217293,0.113318778574467,188.743392944336,-94.4009,24.4156,51.6015846627831,51,51,51,51,51,51,0.1533,8512,1.4172408038427,24,-94,0.0073,51,2026-01-03 10:01:24.001074,1.0543,1.13
"2904010",35,0.10816792713302,1,0.1533,1,0.1533,1,200.361237264105,1,66.8099975585938,0.153300002217293,0.113318778574467,188.721099853516,-94.4009,24.4156,51.6015846627831,51,51,51,51,51,51,0.1533,8512,1.4172408038427,24,-94,0.0073,51,2026-01-03 10:01:24.001074,1.0543,1.13
"2904010",35,0.10816792713302,1,0.1533,1,0.1533,1,200.244565320597,1,71.4000015258789,0.153300002217293,0.113318778574467,188.611206054688,-94.4009,24.4156,51.6015846627831,51,51,51,51,51,51,0.1533,8512,1.4172408038427,24,-94,0.0073,51,2026-01-03 10:01:24.001074,1.0543,1.13
"2904010",35,0.118469634479022,1,0.1679,1,0.1679,1,200.062802031766,1,76.9400024414062,0.167899996042252,0.123620480298996,188.440002441406,-94.4009,24.4156,51.6015846627831,51,51,51,51,51,51,0.1679,8512,1.4172408038427,24,-94,0.0073,51,2026-01-03 10:01:24.001074,1.0543,1.13
"2904010",35,0.10816792713302,1,0.1533,1,0.1533,1,199.978189762821,1,81.9599990844727,0.153300002217293,0.113318778574467,188.360305786133,-94.4009,24.4156,51.6015846627831,51,51,51,51,51,51,0.1533,8512,1.4172408038427,24,-94,0.0073,51,2026-01-03 10:01:24.001074,1.0543,1.13
"2904010",35,0.10816792713302,1,0.1533,1,0.1533,1,199.746951867566,1,86.7300033569336,0.153300002217293,0.113318778574467,188.142501831055,-94.4009,24.4156,51.6015846627831,51,51,51,51,51,51,0.1533,8512,1.4172408038427,24,-94,0.0073,51,2026-01-03 10:01:24.001074,1.0543,1.13
"2904010",35,0.10816792713302,1,0.1533,1,0.1533,1,199.382258894468,1,91.9599990844727,0.153300002217293,0.113318778574467,187.79899597168,-94.4009,24.4156,51.6015846627831,51,51,51,51,51,51,0.1533,8512,1.4172408038427,24,-94,0.0073,51,2026-01-03 10:01:24.001074,1.0543,1.13
"2904010",35,0.118469634479022,1,0.1679,1,0.1679,1,198.884758840993,1,96.6600036621094,0.167899996042252,0.123620480298996,187.33039855957,-94.4009,24.4156,51.6015846627831,51,51,51,51,51,51,0.1679,8512,1.4172408038427,24,-94,0.0073,51,2026-01-03 10:01:24.001074,1.0543,1.13
"2904010",35,0.133922195498025,1,0.1898,1,0.1898,1,196.468797493714,1,101.720001220703,0.18979999423027,0.139073044061661,185.054794311523,-94.4009,24.4156,51.6015846627831,51,51,51,51,51,51,0.1898,8512,1.4172408038427,24,-94,0.0073,51,2026-01-03 10:01:24.001074,1.0543,1.13
"2904010",35,0.247240976304047,1,0.3504,1,0.3504,1,181.539470506386,1,111.639999389648,0.350400000810623,0.252391844987869,170.992797851562,-94.4009,24.4156,51.6015846627831,51,51,51,51,51,51,0.3504,8512,1.4172408038427,24,-94,0.0073,51,2026-01-03 10:01:24.001074,1.0543,1.13
"2904010",35,0.15967646386303,1,0.2263,1,0.2263,1,168.604825514641,1,121.569999694824,0.226300001144409,0.164827316999435,158.809600830078,-94.4009,24.4156,51.6015846627831,51,51,51,51,51,51,0.2263,8512,1.4172408038427,24,-94,0.0073,51,2026-01-03 10:01:24.001074,1.0543,1.13
"2904010",35,0.0618102440760116,1,0.0876,1,0.0876,1,151.481217112686,1,131.869995117188,0.0876000002026558,0.0669610947370529,142.680801391602,-94.4009,24.4156,51.6015846627831,51,51,51,51,51,51,0.0876,8512,1.4172408038427,24,-94,0.0073,51,2026-01-03 10:01:24.001074,1.0543,1.13
"2904010",35,0.0257542683650049,1,0.0365,1,0.0365,1,140.214566194726,1,141.490005493164,0.0364999994635582,0.030905120074749,132.068695068359,-94.4009,24.4156,51.6015846627831,51,51,51,51,51,51,0.0365,8512,1.4172408038427,24,-94,0.0073,51,2026-01-03 10:01:24.001074,1.0543,1.13
"2904010",35,0.0154525610190029,1,0.0219,1,0.0219,1,136.572901443149,1,150.639999389648,0.0219000000506639,0.0206034146249294,128.638595581055,-94.4009,24.4156,51.6015846627831,51,51,51,51,51,51,0.0219,8512,1.4172408038427,24,-94,0.0073,51,2026-01-03 10:01:24.001074,1.0543,1.13
"2904010",35,0,1,0,1,0,1,136.310770268767,1,161.940002441406,0,0.00515085365623236,128.391693115234,-94.4009,24.4156,51.6015846627831,51,51,51,51,51,51,0,8512,1.4172408038427,24,-94,0.0073,51,2026-01-03 10:01:24.001074,1.0543,1.13
"2904010",35,0.00515085367300097,1,0.0073,1,0.0073,1,137.235397851057,1,171.770004272461,0.00730000017210841,0.0103017073124647,129.262603759766,-94.4009,24.4156,51.6015846627831,51,51,51,51,51,51,0.0073,8512,1.4172408038427,24,-94,0.0073,51,2026-01-03 10:01:24.001074,1.0543,1.13
"2904010",35,0.00515085367300097,1,0.0073,1,0.0073,1,131.779534597737,1,181.759994506836,0.00730000017210841,0.0103017073124647,124.12370300293,-94.4009,24.4156,51.6015846627831,51,51,51,51,51,51,0.0073,8512,1.4172408038427,24,-94,0.0073,51,2026-01-03 10:01:24.001074,1.0543,1.13
"2904010",35,0,1,0,1,0,1,131.083285621889,1,191.600006103516,0,0.00515085365623236,123.467903137207,-94.4009,24.4156,51.6015846627831,51,51,51,51,51,51,0,8512,1.4172408038427,24,-94,0.0073,51,2026-01-03 10:01:24.001074,1.0543,1.13
"2904010",35,0.0103017073460019,1,0.0146,1,0.0146,1,126.531654230659,1,201.880004882812,0.0146000003442168,0.0154525600373745,119.180702209473,-94.4009,24.4156,51.6015846627831,51,51,51,51,51,51,0.0146,8512,1.4172408038427,24,-94,0.0073,51,2026-01-03 10:01:24.001074,1.0543,1.13
"2904010",35,0.00515085367300097,1,0.0073,1,0.0073,1,126.657989436359,1,211.279998779297,0.00730000017210841,0.0103017073124647,119.299697875977,-94.4009,24.4156,51.6015846627831,51,51,51,51,51,51,0.0073,8512,1.4172408038427,24,-94,0.0073,51,2026-01-03 10:01:24.001074,1.0543,1.13
"2904010",35,0.0103017073460019,1,0.0146,1,0.0146,1,126.903880174283,1,221.820007324219,0.0146000003442168,0.0154525600373745,119.531303405762,-94.4009,24.4156,51.6015846627831,51,51,51,51,51,51,0.0146,8512,1.4172408038427,24,-94,0.0073,51,2026-01-03 10:01:24.001074,1.0543,1.13
"2904010",35,0.00515085367300097,1,0.0073,1,0.0073,1,128.668174771282,1,231.139999389648,0.00730000017210841,0.0103017073124647,121.193099975586,-94.4009,24.4156,51.6015846627831,51,51,51,51,51,51,0.0073,8512,1.4172408038427,24,-94,0.0073,51,2026-01-03 10:01:24.001074,1.0543,1.13
"2904010",35,0,1,-0.0073,1,-0.0073,1,129.559244184873,1,240.970001220703,-0.00730000017210841,0,122.032402038574,-94.4009,24.4156,51.6015846627831,51,51,51,51,51,51,0,8512,1.4172408038427,24,-94,0.0073,51,2026-01-03 10:01:24.001074,1.0543,1.13
"2904010",35,0,1,-0.0073,1,-0.0073,1,128.05749386064,1,251.399993896484,-0.00730000017210841,0,120.617897033691,-94.4009,24.4156,51.6015846627831,51,51,51,51,51,51,0,8512,1.4172408038427,24,-94,0.0073,51,2026-01-03 10:01:24.001074,1.0543,1.13
"2904010",35,0,1,-0.0073,1,-0.0073,1,127.389173575518,1,261.100006103516,-0.00730000017210841,0,119.988403320312,-94.4009,24.4156,51.6015846627831,51,51,51,51,51,51,0,8512,1.4172408038427,24,-94,0.0073,51,2026-01-03 10:01:24.001074,1.0543,1.13
"2904010",35,0,1,-0.0073,1,-0.0073,1,126.357108013591,1,269.019989013672,-0.00730000017210841,0,119.016296386719,-94.4009,24.4156,51.6015846627831,51,51,51,51,51,51,0,8512,1.4172408038427,24,-94,0.0073,51,2026-01-03 10:01:24.001074,1.0543,1.13
"2904010",35,0,1,-0.0073,1,-0.0073,1,123.032249222475,1,281.519989013672,-0.00730000017210841,0,115.88459777832,-94.4009,24.4156,51.6015846627831,51,51,51,51,51,51,0,8512,1.4172408038427,24,-94,0.0073,51,2026-01-03 10:01:24.001074,1.0543,1.13
"2904010",35,0,1,0,1,0,1,122.340989827106,1,291.769989013672,0,0.00515085365623236,115.233497619629,-94.4009,24.4156,51.6015846627831,51,51,51,51,51,51,0,8512,1.4172408038427,24,-94,0.0073,51,2026-01-03 10:01:24.001074,1.0543,1.13
"2904010",35,0,1,-0.0073,1,-0.0073,1,120.464154270436,1,301.609985351562,-0.00730000017210841,0,113.465698242188,-94.4009,24.4156,51.6015846627831,51,51,51,51,51,51,0,8512,1.4172408038427,24,-94,0.0073,51,2026-01-03 10:01:24.001074,1.0543,1.13
"2904010",35,0,1,-0.0073,1,-0.0073,1,119.272422133222,1,311.799987792969,-0.00730000017210841,0,112.343200683594,-94.4009,24.4156,51.6015846627831,51,51,51,51,51,51,0,8512,1.4172408038427,24,-94,0.0073,51,2026-01-03 10:01:24.001074,1.0543,1.13
"2904010",35,0,1,-0.0073,1,-0.0073,1,119.216467552151,1,321.459991455078,-0.00730000017210841,0,112.290496826172,-94.4009,24.4156,51.6015846627831,51,51,51,51,51,51,0,8512,1.4172408038427,24,-94,0.0073,51,2026-01-03 10:01:24.001074,1.0543,1.13
"2904010",35,0,1,0,1,0,1,117.240366883867,1,331.25,0,0.00515085365623236,110.42919921875,-94.4009,24.4156,51.6015846627831,51,51,51,51,51,51,0,8512,1.4172408038427,24,-94,0.0073,51,2026-01-03 10:01:24.001074,1.0543,1.13
"2904010",35,0,1,-0.0073,1,-0.0073,1,115.704013495023,1,341.850006103516,-0.00730000017210841,0,108.98210144043,-94.4009,24.4156,51.6015846627831,51,51,51,51,51,51,0,8512,1.4172408038427,24,-94,0.0073,51,2026-01-03 10:01:24.001074,1.0543,1.13
"2904010",35,0,1,-0.0073,1,-0.0073,1,113.902766842603,1,351.809997558594,-0.00730000017210841,0,107.285499572754,-94.4009,24.4156,51.6015846627831,51,51,51,51,51,51,0,8512,1.4172408038427,24,-94,0.0073,51,2026-01-03 10:01:24.001074,1.0543,1.13
"2904010",35,0,1,-0.0073,1,-0.0073,1,112.698504054417,1,361.269989013672,-0.00730000017210841,0,106.15119934082,-94.4009,24.4156,51.6015846627831,51,51,51,51,51,51,0,8512,1.4172408038427,24,-94,0.0073,51,2026-01-03 10:01:24.001074,1.0543,1.13
"2904010",35,0,1,-0.0073,1,-0.0073,1,112.040584128602,1,381.040008544922,-0.00730000017210841,0,105.53150177002,-94.4009,24.4156,51.6015846627831,51,51,51,51,51,51,0,8512,1.4172408038427,24,-94,0.0073,51,2026-01-03 10:01:24.001074,1.0543,1.13
"2904010",35,0,1,0,1,0,1,111.202172608982,1,401.820007324219,0,0.00515085365623236,104.741798400879,-94.4009,24.4156,51.6015846627831,51,51,51,51,51,51,0,8512,1.4172408038427,24,-94,0.0073,51,2026-01-03 10:01:24.001074,1.0543,1.13
"2904010",35,0,1,0,1,0,1,111.342318260646,1,451.190002441406,0,0.00515085365623236,104.873802185059,-94.4009,24.4156,51.6015846627831,51,51,51,51,51,51,0,8512,1.4172408038427,24,-94,0.0073,51,2026-01-03 10:01:24.001074,1.0543,1.13
"2904010",35,0,1,0.0073,1,0.0073,1,109.424926162659,1,501.570007324219,0.00730000017210841,0.0103017073124647,103.067802429199,-94.4009,24.4156,51.6015846627831,51,51,51,51,51,51,0,8512,1.4172408038427,24,-94,0.0073,51,2026-01-03 10:01:24.001074,1.0543,1.13
"2904010",35,0,1,0,1,0,1,111.860205934352,1,551.210021972656,0,0.00515085365623236,105.361602783203,-94.4009,24.4156,51.6015846627831,51,51,51,51,51,51,0,8512,1.4172408038427,24,-94,0.0073,51,2026-01-03 10:01:24.001074,1.0543,1.13
"2904010",35,0,1,0,1,0,1,113.992797990346,1,601.409973144531,0,0.00515085365623236,107.370300292969,-94.4009,24.4156,51.6015846627831,51,51,51,51,51,51,0,8512,1.4172408038427,24,-94,0.0073,51,2026-01-03 10:01:24.001074,1.0543,1.13
"2904010",35,0,1,0,1,0,1,120.143419825346,1,651.200012207031,0,0.00515085365623236,113.163597106934,-94.4009,24.4156,51.6015846627831,51,51,51,51,51,51,0,8512,1.4172408038427,24,-94,0.0073,51,2026-01-03 10:01:24.001074,1.0543,1.13
"2904010",35,0,1,0,1,0,1,128.350413014561,1,701.27001953125,0,0.00515085365623236,120.893798828125,-94.4009,24.4156,51.6015846627831,51,51,51,51,51,51,0,8512,1.4172408038427,24,-94,0.0073,51,2026-01-03 10:01:24.001074,1.0543,1.13
"2904010",35,0,1,0,1,0,1,138.059780225569,1,751.739990234375,0,0.00515085365623236,130.039093017578,-94.4009,24.4156,51.6015846627831,51,51,51,51,51,51,0,8512,1.4172408038427,24,-94,0.0073,51,2026-01-03 10:01:24.001074,1.0543,1.13
"2904010",35,0,1,0,1,0,1,146.272192293582,1,801.739990234375,0,0.00515085365623236,137.774398803711,-94.4009,24.4156,51.6015846627831,51,51,51,51,51,51,0,8512,1.4172408038427,24,-94,0.0073,51,2026-01-03 10:01:24.001074,1.0543,1.13
"2904010",35,0,1,0,1,0,1,155.904269606995,1,851.619995117188,0,0.00515085365623236,146.846893310547,-94.4009,24.4156,51.6015846627831,51,51,51,51,51,51,0,8512,1.4172408038427,24,-94,0.0073,51,2026-01-03 10:01:24.001074,1.0543,1.13
"2904010",35,0,1,0,1,0,1,164.905197389852,1,901.200012207031,0,0.00515085365623236,155.324905395508,-94.4009,24.4156,51.6015846627831,51,51,51,51,51,51,0,8512,1.4172408038427,24,-94,0.0073,51,2026-01-03 10:01:24.001074,1.0543,1.13
"2904010",35,0,1,-0.0073,1,-0.0073,1,174.628366946857,1,951.429992675781,-0.00730000017210841,0,164.483200073242,-94.4009,24.4156,51.6015846627831,51,51,51,51,51,51,0,8512,1.4172408038427,24,-94,0.0073,51,2026-01-03 10:01:24.001074,1.0543,1.13
"2904010",35,0,1,0,1,0,1,181.572696576385,1,999.780029296875,0,0.00515085365623236,171.02409362793,-94.4009,24.4156,51.6015846627831,51,51,51,51,51,51,0,8512,1.4172408038427,24,-94,0.0073,51,2026-01-03 10:01:24.001074,1.0543,1.13
"2904010",35,0,1,0,1,0,1,193.960593707343,1,1099.64001464844,0,0.00515085365623236,182.692306518555,-94.4009,24.4156,51.6015846627831,51,51,51,51,51,51,0,8512,1.4172408038427,24,-94,0.0073,51,2026-01-03 10:01:24.001074,1.0543,1.13
"2904010",35,0,1,0,1,0,1,200.610732487927,1,1198.68005371094,0,0.00515085365623236,188.956100463867,-94.4009,24.4156,51.6015846627831,51,51,51,51,51,51,0,8512,1.4172408038427,24,-94,0.0073,51,2026-01-03 10:01:24.001074,1.0543,1.13
"2904010",35,0,1,0,1,0,1,204.05757680176,1,1299.81994628906,0,0.00515085365623236,192.202697753906,-94.4009,24.4156,51.6015846627831,51,51,51,51,51,51,0,8512,1.4172408038427,24,-94,0.0073,51,2026-01-03 10:01:24.001074,1.0543,1.13
"2904010",35,0,1,0,1,0,1,206.729513347508,1,1400.0400390625,0,0.00515085365623236,194.71940612793,-94.4009,24.4156,51.6015846627831,51,51,51,51,51,51,0,8512,1.4172408038427,24,-94,0.0073,51,2026-01-03 10:01:24.001074,1.0543,1.13
"2904010",35,0,1,0,1,0,1,208.635225291195,1,1499.59997558594,0,0.00515085365623236,196.514404296875,-94.4009,24.4156,51.6015846627831,51,51,51,51,51,51,0,8512,1.4172408038427,24,-94,0.0073,51,2026-01-03 10:01:24.001074,1.0543,1.13
"2904010",36,0.0833204881238697,5,0.1095,1,0.1095,1,200.598172188652,1,7.53000020980835,0.109499998390675,0.127758085727692,188.884796142578,-93.8344,24.562,123.070025499225,51,51,51,51,51,51,0.1095,8271,1.31420257448816,25,-94,0.0073,51,2026-01-13 15:59:32.001695,1.0543,1.13
"2904010",36,0.0888751873321277,5,0.1168,1,0.1168,1,200.512901281575,1,11.75,0.116800002753735,0.127758085727692,188.804504394531,-93.8344,24.562,123.070025499225,51,51,51,51,51,51,0.1168,8271,1.31420257448816,25,-94,0.0073,51,2026-01-13 15:59:32.001695,1.0543,1.13
"2904010",36,0.0944298865403857,5,0.1241,1,0.1241,1,200.303353942274,1,16.3700008392334,0.124099999666214,0.127758085727692,188.607192993164,-93.8344,24.562,123.070025499225,51,51,51,51,51,51,0.1241,8271,1.31420257448816,25,-94,0.0073,51,2026-01-13 15:59:32.001695,1.0543,1.13
"2904010",36,0.0944298865403857,5,0.1241,1,0.1241,1,200.176338858719,1,21.6000003814697,0.124099999666214,0.127758085727692,188.487594604492,-93.8344,24.562,123.070025499225,51,51,51,51,51,51,0.1241,8271,1.31420257448816,25,-94,0.0073,51,2026-01-13 15:59:32.001695,1.0543,1.13
"2904010",36,0.11109398416516,5,0.146,1,0.146,1,200.22328485222,1,26.6499996185303,0.145999997854233,0.127758085727692,188.531799316406,-93.8344,24.562,123.070025499225,51,51,51,51,51,51,0.146,8271,1.31420257448816,25,-94,0.0073,51,2026-01-13 15:59:32.001695,1.0543,1.13
"2904010",36,0.105539284956902,5,0.1387,1,0.1387,1,200.14522518681,1,31.4899997711182,0.138699993491173,0.127758085727692,188.458297729492,-93.8344,24.562,123.070025499225,51,51,51,51,51,51,0.1387,8271,1.31420257448816,25,-94,0.0073,51,2026-01-13 15:59:32.001695,1.0543,1.13
"2904010",36,0.116648683373418,5,0.1533,1,0.1533,1,200.136409646435,1,36.5200004577637,0.153300002217293,0.127758085727692,188.449996948242,-93.8344,24.562,123.070025499225,51,51,51,51,51,51,0.1533,8271,1.31420257448816,25,-94,0.0073,51,2026-01-13 15:59:32.001695,1.0543,1.13
"2904010",36,0.11109398416516,5,0.146,1,0.146,1,200.031595464191,1,41.6199989318848,0.145999997854233,0.127758085727692,188.351303100586,-93.8344,24.562,123.070025499225,51,51,51,51,51,51,0.146,8271,1.31420257448816,25,-94,0.0073,51,2026-01-13 15:59:32.001695,1.0543,1.13
"2904010",36,0.116648683373418,5,0.1533,1,0.1533,1,200.01226285451,1,46.7400016784668,0.153300002217293,0.127758085727692,188.333099365234,-93.8344,24.562,123.070025499225,51,51,51,51,51,51,0.1533,8271,1.31420257448816,25,-94,0.0073,51,2026-01-13 15:59:32.001695,1.0543,1.13
"2904010",36,0.11109398416516,5,0.146,1,0.146,1,200.009183897393,1,51.4700012207031,0.145999997854233,0.127758085727692,188.330200195312,-93.8344,24.562,123.070025499225,51,51,51,51,51,51,0.146,8271,1.31420257448816,25,-94,0.0073,51,2026-01-13 15:59:32.001695,1.0543,1.13
"2904010",36,0.105539284956902,5,0.1387,1,0.1387,1,199.97179887599,1,56.6699981689453,0.138699993491173,0.127758085727692,188.294998168945,-93.8344,24.562,123.070025499225,51,51,51,51,51,51,0.1387,8271,1.31420257448816,25,-94,0.0073,51,2026-01-13 15:59:32.001695,1.0543,1.13
"2904010",36,0.105539284956902,5,0.1387,1,0.1387,1,199.896396836722,1,61.810001373291,0.138699993491173,0.127758085727692,188.223999023438,-93.8344,24.562,123.070025499225,51,51,51,51,51,51,0.1387,8271,1.31420257448816,25,-94,0.0073,51,2026-01-13 15:59:32.001695,1.0543,1.13
"2904010",36,0.11109398416516,5,0.146,1,0.146,1,199.950132740916,1,66.6100006103516,0.145999997854233,0.127758085727692,188.274597167969,-93.8344,24.562,123.070025499225,51,51,51,51,51,51,0.146,8271,1.31420257448816,25,-94,0.0073,51,2026-01-13 15:59:32.001695,1.0543,1.13
"2904010",36,0.105539284956902,5,0.1387,1,0.1387,1,199.894160541554,1,71.25,0.138699993491173,0.127758085727692,188.221893310547,-93.8344,24.562,123.070025499225,51,51,51,51,51,51,0.1387,8271,1.31420257448816,25,-94,0.0073,51,2026-01-13 15:59:32.001695,1.0543,1.13
"2904010",36,0.11109398416516,5,0.146,1,0.146,1,199.730943404329,1,76.5699996948242,0.145999997854233,0.127758085727692,188.068206787109,-93.8344,24.562,123.070025499225,51,51,51,51,51,51,0.146,8271,1.31420257448816,25,-94,0.0073,51,2026-01-13 15:59:32.001695,1.0543,1.13
"2904010",36,0.122203382581676,5,0.1606,1,0.1606,1,199.648313918358,1,81.3499984741211,0.160600006580353,0.127758085727692,187.99040222168,-93.8344,24.562,123.070025499225,51,51,51,51,51,51,0.1606,8271,1.31420257448816,25,-94,0.0073,51,2026-01-13 15:59:32.001695,1.0543,1.13
"2904010",36,0.122203382581676,5,0.1606,1,0.1606,1,199.56356157248,1,86.1999969482422,0.160600006580353,0.127758085727692,187.910598754883,-93.8344,24.562,123.070025499225,51,51,51,51,51,51,0.1606,8271,1.31420257448816,25,-94,0.0073,51,2026-01-13 15:59:32.001695,1.0543,1.13
"2904010",36,0.11109398416516,5,0.146,1,0.146,1,199.409889202315,1,91.9000015258789,0.145999997854233,0.127758085727692,187.765899658203,-93.8344,24.562,123.070025499225,51,51,51,51,51,51,0.146,8271,1.31420257448816,25,-94,0.0073,51,2026-01-13 15:59:32.001695,1.0543,1.13
"2904010",36,0.116648683373418,5,0.1533,1,0.1533,1,199.311978366025,1,96.1999969482422,0.153300002217293,0.127758085727692,187.673706054688,-93.8344,24.562,123.070025499225,51,51,51,51,51,51,0.1533,8271,1.31420257448816,25,-94,0.0073,51,2026-01-13 15:59:32.001695,1.0543,1.13
"2904010",36,0.116648683373418,5,0.1533,1,0.1533,1,199.158727326835,1,101.220001220703,0.153300002217293,0.127758085727692,187.529403686523,-93.8344,24.562,123.070025499225,51,51,51,51,51,51,0.1533,8271,1.31420257448816,25,-94,0.0073,51,2026-01-13 15:59:32.001695,1.0543,1.13
"2904010",36,0.122203382581676,5,0.1606,1,0.1606,1,198.31963048753,1,111.620002746582,0.160600006580353,0.127758085727692,186.739303588867,-93.8344,24.562,123.070025499225,51,51,51,51,51,51,0.1606,8271,1.31420257448816,25,-94,0.0073,51,2026-01-13 15:59:32.001695,1.0543,1.13
"2904010",36,0.133312780998192,5,0.1752,1,0.1752,1,194.412790418116,1,121.879997253418,0.175200000405312,0.138867482542992,183.060592651367,-93.8344,24.562,123.070025499225,51,51,51,51,51,51,0.1752,8271,1.31420257448816,25,-94,0.0073,51,2026-01-13 15:59:32.001695,1.0543,1.13
"2904010",36,0.194414472289029,1,0.2555,1,0.2555,1,183.519407731539,1,131.729995727539,0.255499988794327,0.199969187378883,172.803298950195,-93.8344,24.562,123.070025499225,51,51,51,51,51,51,0.2555,8271,1.31420257448816,25,-94,0.0073,51,2026-01-13 15:59:32.001695,1.0543,1.13
"2904010",36,0.105539284956902,1,0.1387,1,0.1387,1,178.983552928358,1,141.729995727539,0.138699993491173,0.111093983054161,168.532302856445,-93.8344,24.562,123.070025499225,51,51,51,51,51,51,0.1387,8271,1.31420257448816,25,-94,0.0073,51,2026-01-13 15:59:32.001695,1.0543,1.13
"2904010",36,0.0666563904990958,1,0.0876,1,0.0876,1,158.208127737593,1,151.380004882812,0.0876000002026558,0.0722110942006111,148.970001220703,-93.8344,24.562,123.070025499225,51,51,51,51,51,51,0.0876,8271,1.31420257448816,25,-94,0.0073,51,2026-01-13 15:59:32.001695,1.0543,1.13
"2904010",36,0.0333281952495479,1,0.0438,1,0.0438,1,147.794770670442,1,161.520004272461,0.0438000001013279,0.0388828963041306,139.164703369141,-93.8344,24.562,123.070025499225,51,51,51,51,51,51,0.0438,8271,1.31420257448816,25,-94,0.0073,51,2026-01-13 15:59:32.001695,1.0543,1.13
"2904010",36,0.0166640976247739,1,0.0219,1,0.0219,1,137.932384876685,1,171.380004882812,0.0219000000506639,0.0222187973558903,129.878204345703,-93.8344,24.562,123.070025499225,51,51,51,51,51,51,0.0219,8271,1.31420257448816,25,-94,0.0073,51,2026-01-13 15:59:32.001695,1.0543,1.13
"2904010",36,0.00555469920825798,1,0.0073,1,0.0073,1,134.914455931705,1,181.520004272461,0.00730000017210841,0.0111093986779451,127.036499023438,-93.8344,24.562,123.070025499225,51,51,51,51,51,51,0.0073,8271,1.31420257448816,25,-94,0.0073,51,2026-01-13 15:59:32.001695,1.0543,1.13
"2904010",36,-0.00555469920825798,1,-0.0073,1,-0.0073,1,133.64364879214,1,191.029998779297,-0.00730000017210841,0,125.839897155762,-93.8344,24.562,123.070025499225,51,51,51,51,51,51,-0.0073,8271,1.31420257448816,25,-94,0.0073,51,2026-01-13 15:59:32.001695,1.0543,1.13
"2904010",36,0,1,-0.0073,1,-0.0073,1,133.084396744608,1,201.850006103516,-0.00730000017210841,0,125.313301086426,-93.8344,24.562,123.070025499225,51,51,51,51,51,51,0,8271,1.31420257448816,25,-94,0.0073,51,2026-01-13 15:59:32.001695,1.0543,1.13
"2904010",36,0,1,0,1,0,1,132.48127766069,1,211.350006103516,0,0.00555469933897257,124.745399475098,-93.8344,24.562,123.070025499225,51,51,51,51,51,51,0,8271,1.31420257448816,25,-94,0.0073,51,2026-01-13 15:59:32.001695,1.0543,1.13
"2904010",36,0,1,-0.0073,1,-0.0073,1,134.073236232495,1,221.190002441406,-0.00730000017210841,0,126.244400024414,-93.8344,24.562,123.070025499225,51,51,51,51,51,51,0,8271,1.31420257448816,25,-94,0.0073,51,2026-01-13 15:59:32.001695,1.0543,1.13
"2904010",36,0,1,-0.0073,1,-0.0073,1,136.183456209595,1,231.600006103516,-0.00730000017210841,0,128.231399536133,-93.8344,24.562,123.070025499225,51,51,51,51,51,51,0,8271,1.31420257448816,25,-94,0.0073,51,2026-01-13 15:59:32.001695,1.0543,1.13
"2904010",36,0,1,-0.0073,1,-0.0073,1,134.078867483009,1,241.320007324219,-0.00730000017210841,0,126.249702453613,-93.8344,24.562,123.070025499225,51,51,51,51,51,51,0,8271,1.31420257448816,25,-94,0.0073,51,2026-01-13 15:59:32.001695,1.0543,1.13
"2904010",36,0,1,-0.0073,1,-0.0073,1,131.778756877038,1,251.419998168945,-0.00730000017210841,0,124.08390045166,-93.8344,24.562,123.070025499225,51,51,51,51,51,51,0,8271,1.31420257448816,25,-94,0.0073,51,2026-01-13 15:59:32.001695,1.0543,1.13
"2904010",36,0,1,-0.0073,1,-0.0073,1,129.642300944302,1,261.029998779297,-0.00730000017210841,0,122.072196960449,-93.8344,24.562,123.070025499225,51,51,51,51,51,51,0,8271,1.31420257448816,25,-94,0.0073,51,2026-01-13 15:59:32.001695,1.0543,1.13
"2904010",36,0,1,-0.0073,1,-0.0073,1,126.979302832132,1,271.239990234375,-0.00730000017210841,0,119.564697265625,-93.8344,24.562,123.070025499225,51,51,51,51,51,51,0,8271,1.31420257448816,25,-94,0.0073,51,2026-01-13 15:59:32.001695,1.0543,1.13
"2904010",36,0,1,-0.0073,1,-0.0073,1,124.878749159872,1,280.869995117188,-0.00730000017210841,0,117.586799621582,-93.8344,24.562,123.070025499225,51,51,51,51,51,51,0,8271,1.31420257448816,25,-94,0.0073,51,2026-01-13 15:59:32.001695,1.0543,1.13
"2904010",36,0,1,-0.0073,1,-0.0073,1,122.518534069988,1,290.940002441406,-0.00730000017210841,0,115.364402770996,-93.8344,24.562,123.070025499225,51,51,51,51,51,51,0,8271,1.31420257448816,25,-94,0.0073,51,2026-01-13 15:59:32.001695,1.0543,1.13
"2904010",36,0,1,-0.0073,1,-0.0073,1,121.133667774312,1,301.529998779297,-0.00730000017210841,0,114.060401916504,-93.8344,24.562,123.070025499225,51,51,51,51,51,51,0,8271,1.31420257448816,25,-94,0.0073,51,2026-01-13 15:59:32.001695,1.0543,1.13
"2904010",36,0,1,-0.0073,1,-0.0073,1,119.656513790342,1,310.850006103516,-0.00730000017210841,0,112.669502258301,-93.8344,24.562,123.070025499225,51,51,51,51,51,51,0,8271,1.31420257448816,25,-94,0.0073,51,2026-01-13 15:59:32.001695,1.0543,1.13
"2904010",36,0,1,-0.0073,1,-0.0073,1,118.243288679123,1,321.890014648438,-0.00730000017210841,0,111.338798522949,-93.8344,24.562,123.070025499225,51,51,51,51,51,51,0,8271,1.31420257448816,25,-94,0.0073,51,2026-01-13 15:59:32.001695,1.0543,1.13
"2904010",36,0,1,-0.0073,1,-0.0073,1,116.581559318566,1,331.779998779297,-0.00730000017210841,0,109.774101257324,-93.8344,24.562,123.070025499225,51,51,51,51,51,51,0,8271,1.31420257448816,25,-94,0.0073,51,2026-01-13 15:59:32.001695,1.0543,1.13
"2904010",36,0,1,-0.0073,1,-0.0073,1,115.32424287268,1,341.480010986328,-0.00730000017210841,0,108.590202331543,-93.8344,24.562,123.070025499225,51,51,51,51,51,51,0,8271,1.31420257448816,25,-94,0.0073,51,2026-01-13 15:59:32.001695,1.0543,1.13
"2904010",36,0,1,-0.0073,1,-0.0073,1,114.991512941181,1,351.540008544922,-0.00730000017210841,0,108.276901245117,-93.8344,24.562,123.070025499225,51,51,51,51,51,51,0,8271,1.31420257448816,25,-94,0.0073,51,2026-01-13 15:59:32.001695,1.0543,1.13
"2904010",36,0,1,-0.0073,1,-0.0073,1,113.900395359411,1,361.529998779297,-0.00730000017210841,0,107.249496459961,-93.8344,24.562,123.070025499225,51,51,51,51,51,51,0,8271,1.31420257448816,25,-94,0.0073,51,2026-01-13 15:59:32.001695,1.0543,1.13
"2904010",36,0,1,-0.0073,1,-0.0073,1,114.346763116048,1,381.329986572266,-0.00730000017210841,0,107.669799804688,-93.8344,24.562,123.070025499225,51,51,51,51,51,51,0,8271,1.31420257448816,25,-94,0.0073,51,2026-01-13 15:59:32.001695,1.0543,1.13
"2904010",36,0,1,0,1,0,1,113.54770082177,1,401.079986572266,0,0.00555469933897257,106.91739654541,-93.8344,24.562,123.070025499225,51,51,51,51,51,51,0,8271,1.31420257448816,25,-94,0.0073,51,2026-01-13 15:59:32.001695,1.0543,1.13
"2904010",36,0,1,-0.0073,1,-0.0073,1,109.684314560286,1,450.609985351562,-0.00730000017210841,0,103.279602050781,-93.8344,24.562,123.070025499225,51,51,51,51,51,51,0,8271,1.31420257448816,25,-94,0.0073,51,2026-01-13 15:59:32.001695,1.0543,1.13
"2904010",36,0,1,-0.0073,1,-0.0073,1,109.472336465366,1,501.880004882812,-0.00730000017210841,0,103.080001831055,-93.8344,24.562,123.070025499225,51,51,51,51,51,51,0,8271,1.31420257448816,25,-94,0.0073,51,2026-01-13 15:59:32.001695,1.0543,1.13
"2904010",36,0,1,0,1,0,1,110.180909830508,1,551.340026855469,0,0.00555469933897257,103.747200012207,-93.8344,24.562,123.070025499225,51,51,51,51,51,51,0,8271,1.31420257448816,25,-94,0.0073,51,2026-01-13 15:59:32.001695,1.0543,1.13
"2904010",36,0,1,0,1,0,1,116.268153894229,1,601.070007324219,0,0.00555469933897257,109.478996276855,-93.8344,24.562,123.070025499225,51,51,51,51,51,51,0,8271,1.31420257448816,25,-94,0.0073,51,2026-01-13 15:59:32.001695,1.0543,1.13
"2904010",36,0,1,0.0073,1,0.0073,1,119.820808562557,1,651.359985351562,0.00730000017210841,0.0111093986779451,112.824203491211,-93.8344,24.562,123.070025499225,51,51,51,51,51,51,0,8271,1.31420257448816,25,-94,0.0073,51,2026-01-13 15:59:32.001695,1.0543,1.13
"2904010",36,0,1,0,1,0,1,125.691723478803,1,701.799987792969,0,0.00555469933897257,118.35230255127,-93.8344,24.562,123.070025499225,51,51,51,51,51,51,0,8271,1.31420257448816,25,-94,0.0073,51,2026-01-13 15:59:32.001695,1.0543,1.13
"2904010",36,0,1,0.0073,1,0.0073,1,131.028658103424,1,751.130004882812,0.00730000017210841,0.0111093986779451,123.377601623535,-93.8344,24.562,123.070025499225,51,51,51,51,51,51,0,8271,1.31420257448816,25,-94,0.0073,51,2026-01-13 15:59:32.001695,1.0543,1.13
"2904010",36,0,1,0,1,0,1,141.168547061041,1,801.590026855469,0,0.00555469933897257,132.925399780273,-93.8344,24.562,123.070025499225,51,51,51,51,51,51,0,8271,1.31420257448816,25,-94,0.0073,51,2026-01-13 15:59:32.001695,1.0543,1.13
"2904010",36,0,1,0,1,0,1,146.558796258882,1,851.419982910156,0,0.00555469933897257,138.000900268555,-93.8344,24.562,123.070025499225,51,51,51,51,51,51,0,8271,1.31420257448816,25,-94,0.0073,51,2026-01-13 15:59:32.001695,1.0543,1.13
"2904010",36,0,1,-0.0073,1,-0.0073,1,155.084525743384,1,901.619995117188,-0.00730000017210841,0,146.028793334961,-93.8344,24.562,123.070025499225,51,51,51,51,51,51,0,8271,1.31420257448816,25,-94,0.0073,51,2026-01-13 15:59:32.001695,1.0543,1.13
"2904010",36,0,1,0,1,0,1,166.057458958817,1,951.489990234375,0,0.00555469933897257,156.360992431641,-93.8344,24.562,123.070025499225,51,51,51,51,51,51,0,8271,1.31420257448816,25,-94,0.0073,51,2026-01-13 15:59:32.001695,1.0543,1.13
"2904010",36,0,1,0,1,0,1,173.776177578172,1,999.309997558594,0,0.00555469933897257,163.628997802734,-93.8344,24.562,123.070025499225,51,51,51,51,51,51,0,8271,1.31420257448816,25,-94,0.0073,51,2026-01-13 15:59:32.001695,1.0543,1.13
"2904010",36,0,1,0,1,0,1,184.904274027215,1,1099.41003417969,0,0.00555469933897257,174.107299804688,-93.8344,24.562,123.070025499225,51,51,51,51,51,51,0,8271,1.31420257448816,25,-94,0.0073,51,2026-01-13 15:59:32.001695,1.0543,1.13
"2904010",36,0,1,0.0073,1,0.0073,1,197.484244601802,1,1199.90002441406,0.00730000017210841,0.0111093986779451,185.952697753906,-93.8344,24.562,123.070025499225,51,51,51,51,51,51,0,8271,1.31420257448816,25,-94,0.0073,51,2026-01-13 15:59:32.001695,1.0543,1.13
"2904010",36,0,1,0,1,0,1,201.76532380615,1,1299.76000976562,0,0.00555469933897257,189.983795166016,-93.8344,24.562,123.070025499225,51,51,51,51,51,51,0,8271,1.31420257448816,25,-94,0.0073,51,2026-01-13 15:59:32.001695,1.0543,1.13
"2904010",36,0,1,0,1,0,1,205.176630035296,1,1399.60998535156,0,0.00555469933897257,193.195907592773,-93.8344,24.562,123.070025499225,51,51,51,51,51,51,0,8271,1.31420257448816,25,-94,0.0073,51,2026-01-13 15:59:32.001695,1.0543,1.13
"2904010",36,0,1,0.0073,1,0.0073,1,207.736815287347,4,1499.36999511719,0.00730000017210841,0.0111093986779451,195.606597900391,-93.8344,24.562,123.070025499225,51,51,51,51,51,51,0,8271,1.31420257448816,25,-94,0.0073,51,2026-01-13 15:59:32.001695,1.0543,1.13
"2904010",37,0.0515085367300097,5,0.073,1,0.073,1,201.548568328939,1,7.65000009536743,0.0729999989271164,0.21118500828743,189.720001220703,-93.78,24.3536,25.8323331115286,51,51,51,51,51,51,0.073,8512,1.4172408038427,24,-94,0.0073,51,2026-01-23 21:52:05.002328,1.0543,1.13
"2904010",37,0.0618102440760116,5,0.0876,1,0.0876,1,201.467290705231,1,11.7399997711182,0.0876000002026558,0.21118500828743,189.643493652344,-93.78,24.3536,25.8323331115286,51,51,51,51,51,51,0.0876,8512,1.4172408038427,24,-94,0.0073,51,2026-01-23 21:52:05.002328,1.0543,1.13
"2904010",37,0.0669610977490126,5,0.0949,1,0.0949,1,201.444661354872,1,16.6399993896484,0.0948999971151352,0.21118500828743,189.622192382812,-93.78,24.3536,25.8323331115286,51,51,51,51,51,51,0.0949,8512,1.4172408038427,24,-94,0.0073,51,2026-01-23 21:52:05.002328,1.0543,1.13
"2904010",37,0.0875645124410165,5,0.1241,1,0.1241,1,201.52349124799,1,21.4899997711182,0.124099999666214,0.21118500828743,189.696395874023,-93.78,24.3536,25.8323331115286,51,51,51,51,51,51,0.1241,8512,1.4172408038427,24,-94,0.0073,51,2026-01-23 21:52:05.002328,1.0543,1.13
"2904010",37,0.0772628050950146,1,0.1095,1,0.1095,1,201.786322398929,1,26.6399993896484,0.109499998390675,0.21118500828743,189.943801879883,-93.78,24.3536,25.8323331115286,51,51,51,51,51,51,0.1095,8512,1.4172408038427,24,-94,0.0073,51,2026-01-23 21:52:05.002328,1.0543,1.13
"2904010",37,0.0927153661140175,1,0.1314,1,0.1314,1,202.064131715864,1,31.7999992370605,0.131400004029274,0.21118500828743,190.205307006836,-93.78,24.3536,25.8323331115286,51,51,51,51,51,51,0.1314,8512,1.4172408038427,24,-94,0.0073,51,2026-01-23 21:52:05.002328,1.0543,1.13
"2904010",37,0.0978662197870184,1,0.1387,1,0.1387,1,202.080163540724,1,36.3600006103516,0.138699993491173,0.21118500828743,190.220397949219,-93.78,24.3536,25.8323331115286,51,51,51,51,51,51,0.1387,8512,1.4172408038427,24,-94,0.0073,51,2026-01-23 21:52:05.002328,1.0543,1.13
"2904010",37,0.103017073460019,1,0.146,1,0.146,1,202.141356805483,1,41.3400001525879,0.145999997854233,0.21118500828743,190.27799987793,-93.78,24.3536,25.8323331115286,51,51,51,51,51,51,0.146,8512,1.4172408038427,24,-94,0.0073,51,2026-01-23 21:52:05.002328,1.0543,1.13
"2904010",37,0.10816792713302,1,0.1533,1,0.1533,1,202.145603861209,1,46.6199989318848,0.153300002217293,0.21118500828743,190.281997680664,-93.78,24.3536,25.8323331115286,51,51,51,51,51,51,0.1533,8512,1.4172408038427,24,-94,0.0073,51,2026-01-23 21:52:05.002328,1.0543,1.13
"2904010",37,0.123620488152023,1,0.1752,1,0.1752,1,201.916992308126,1,51.5800018310547,0.175200000405312,0.21118500828743,190.066802978516,-93.78,24.3536,25.8323331115286,51,51,51,51,51,51,0.1752,8512,1.4172408038427,24,-94,0.0073,51,2026-01-23 21:52:05.002328,1.0543,1.13
"2904010",37,0.154525610190029,1,0.219,1,0.219,1,201.82042852583,1,56.4099998474121,0.218999996781349,0.21118500828743,189.97590637207,-93.78,24.3536,25.8323331115286,51,51,51,51,51,51,0.219,8512,1.4172408038427,24,-94,0.0073,51,2026-01-23 21:52:05.002328,1.0543,1.13
"2904010",37,0.216335854266041,1,0.3066,1,0.3066,1,201.61050725997,1,61.9300003051758,0.306600004434586,0.21118500828743,189.778305053711,-93.78,24.3536,25.8323331115286,51,51,51,51,51,51,0.3066,8512,1.4172408038427,24,-94,0.0073,51,2026-01-23 21:52:05.002328,1.0543,1.13
"2904010",37,0.206034146920039,1,0.292,1,0.292,1,201.590309430066,1,66.7399978637695,0.291999995708466,0.21118500828743,189.759292602539,-93.78,24.3536,25.8323331115286,51,51,51,51,51,51,0.292,8512,1.4172408038427,24,-94,0.0073,51,2026-01-23 21:52:05.002328,1.0543,1.13
"2904010",37,0.221486707939042,1,0.3139,1,0.3139,1,201.575979669524,1,71.3600006103516,0.313899993896484,0.226637557148933,189.745803833008,-93.78,24.3536,25.8323331115286,51,51,51,51,51,51,0.3139,8512,1.4172408038427,24,-94,0.0073,51,2026-01-23 21:52:05.002328,1.0543,1.13
"2904010",37,0.206034146920039,1,0.292,1,0.292,1,201.392934809748,1,76.5999984741211,0.291999995708466,0.21118500828743,189.573501586914,-93.78,24.3536,25.8323331115286,51,51,51,51,51,51,0.292,8512,1.4172408038427,24,-94,0.0073,51,2026-01-23 21:52:05.002328,1.0543,1.13
"2904010",37,0.180279878555034,1,0.2555,1,0.2555,1,201.25843930837,1,81.3099975585938,0.255499988794327,0.185430735349655,189.446899414062,-93.78,24.3536,25.8323331115286,51,51,51,51,51,51,0.2555,8512,1.4172408038427,24,-94,0.0073,51,2026-01-23 21:52:05.002328,1.0543,1.13
"2904010",37,0.169978171209032,1,0.2409,1,0.2409,1,201.025353757652,1,86.2799987792969,0.240899994969368,0.175129011273384,189.227493286133,-93.78,24.3536,25.8323331115286,51,51,51,51,51,51,0.2409,8512,1.4172408038427,24,-94,0.0073,51,2026-01-23 21:52:05.002328,1.0543,1.13
"2904010",37,0.149374756517028,1,0.2117,1,0.2117,1,200.863998060326,1,91.3199996948242,0.21170000731945,0.154525607824326,189.075607299805,-93.78,24.3536,25.8323331115286,51,51,51,51,51,51,0.2117,8512,1.4172408038427,24,-94,0.0073,51,2026-01-23 21:52:05.002328,1.0543,1.13
"2904010",37,0.133922195498025,1,0.1898,1,0.1898,1,200.658631842783,1,96.629997253418,0.18979999423027,0.139073044061661,188.882293701172,-93.78,24.3536,25.8323331115286,51,51,51,51,51,51,0.1898,8512,1.4172408038427,24,-94,0.0073,51,2026-01-23 21:52:05.002328,1.0543,1.13
"2904010",37,0.10816792713302,1,0.1533,1,0.1533,1,200.526584071995,1,101.5,0.153300002217293,0.113318778574467,188.757995605469,-93.78,24.3536,25.8323331115286,51,51,51,51,51,51,0.1533,8512,1.4172408038427,24,-94,0.0073,51,2026-01-23 21:52:05.002328,1.0543,1.13
"2904010",37,0.0978662197870184,1,0.1387,1,0.1387,1,200.1561500359,1,111.76000213623,0.138699993491173,0.103017069399357,188.409301757812,-93.78,24.3536,25.8323331115286,51,51,51,51,51,51,0.1387,8512,1.4172408038427,24,-94,0.0073,51,2026-01-23 21:52:05.002328,1.0543,1.13
"2904010",37,0.0875645124410165,1,0.1241,1,0.1241,1,199.513855802913,1,121.519996643066,0.124099999666214,0.0927153676748276,187.804702758789,-93.78,24.3536,25.8323331115286,51,51,51,51,51,51,0.1241,8512,1.4172408038427,24,-94,0.0073,51,2026-01-23 21:52:05.002328,1.0543,1.13
"2904010",37,0.0927153661140175,1,0.1314,1,0.1314,1,198.802182186306,1,131.350006103516,0.131400004029274,0.0978662222623825,187.134796142578,-93.78,24.3536,25.8323331115286,51,51,51,51,51,51,0.1314,8512,1.4172408038427,24,-94,0.0073,51,2026-01-23 21:52:05.002328,1.0543,1.13
"2904010",37,0.0772628050950146,1,0.1095,1,0.1095,1,195.15110833343,1,141.850006103516,0.109499998390675,0.0824136584997177,183.697998046875,-93.78,24.3536,25.8323331115286,51,51,51,51,51,51,0.1095,8512,1.4172408038427,24,-94,0.0073,51,2026-01-23 21:52:05.002328,1.0543,1.13
"2904010",37,0.0875645124410165,1,0.1241,1,0.1241,1,180.305865455071,1,151.949996948242,0.124099999666214,0.0927153676748276,169.723999023438,-93.78,24.3536,25.8323331115286,51,51,51,51,51,51,0.1241,8512,1.4172408038427,24,-94,0.0073,51,2026-01-23 21:52:05.002328,1.0543,1.13
"2904010",37,0.0515085367300097,1,0.073,1,0.073,1,170.394372099472,1,161.490005493164,0.0729999989271164,0.0566593892872334,160.394195556641,-93.78,24.3536,25.8323331115286,51,51,51,51,51,51,0.073,8512,1.4172408038427,24,-94,0.0073,51,2026-01-23 21:52:05.002328,1.0543,1.13
"2904010",37,0.0206034146920039,1,0.0292,1,0.0292,1,155.438008736367,1,171.929992675781,0.0292000006884336,0.0257542673498392,146.31559753418,-93.78,24.3536,25.8323331115286,51,51,51,51,51,51,0.0292,8512,1.4172408038427,24,-94,0.0073,51,2026-01-23 21:52:05.002328,1.0543,1.13
"2904010",37,0.0103017073460019,1,0.0146,1,0.0146,1,146.931480319349,1,181.669998168945,0.0146000003442168,0.0154525600373745,138.308303833008,-93.78,24.3536,25.8323331115286,51,51,51,51,51,51,0.0146,8512,1.4172408038427,24,-94,0.0073,51,2026-01-23 21:52:05.002328,1.0543,1.13
"2904010",37,0,1,0,1,0,1,139.146481281845,1,191.820007324219,0,0.00515085365623236,130.980194091797,-93.78,24.3536,25.8323331115286,51,51,51,51,51,51,0,8512,1.4172408038427,24,-94,0.0073,51,2026-01-23 21:52:05.002328,1.0543,1.13
"2904010",37,-0.00515085367300097,1,-0.0073,1,-0.0073,1,138.483681226363,1,201.460006713867,-0.00730000017210841,0,130.356292724609,-93.78,24.3536,25.8323331115286,51,51,51,51,51,51,-0.0073,8512,1.4172408038427,24,-94,0.0073,51,2026-01-23 21:52:05.002328,1.0543,1.13
"2904010",37,0,1,-0.0073,1,-0.0073,1,138.15999722353,1,211.119995117188,-0.00730000017210841,0,130.051605224609,-93.78,24.3536,25.8323331115286,51,51,51,51,51,51,0,8512,1.4172408038427,24,-94,0.0073,51,2026-01-23 21:52:05.002328,1.0543,1.13
"2904010",37,0,1,0,1,0,1,136.646683733519,1,219.919998168945,0,0.00515085365623236,128.627105712891,-93.78,24.3536,25.8323331115286,51,51,51,51,51,51,0,8512,1.4172408038427,24,-94,0.0073,51,2026-01-23 21:52:05.002328,1.0543,1.13
"2904010",37,0,1,-0.0073,1,-0.0073,1,130.263350871847,1,231.570007324219,-0.00730000017210841,0,122.61840057373,-93.78,24.3536,25.8323331115286,51,51,51,51,51,51,0,8512,1.4172408038427,24,-94,0.0073,51,2026-01-23 21:52:05.002328,1.0543,1.13
"2904010",37,0,1,-0.0073,1,-0.0073,1,137.568375876804,1,241.199996948242,-0.00730000017210841,0,129.494705200195,-93.78,24.3536,25.8323331115286,51,51,51,51,51,51,0,8512,1.4172408038427,24,-94,0.0073,51,2026-01-23 21:52:05.002328,1.0543,1.13
"2904010",37,0,1,-0.0073,1,-0.0073,1,133.570226794327,1,251.589996337891,-0.00730000017210841,0,125.731201171875,-93.78,24.3536,25.8323331115286,51,51,51,51,51,51,0,8512,1.4172408038427,24,-94,0.0073,51,2026-01-23 21:52:05.002328,1.0543,1.13
"2904010",37,0,1,-0.0073,1,-0.0073,1,135.835042205981,1,261.880004882812,-0.00730000017210841,0,127.863098144531,-93.78,24.3536,25.8323331115286,51,51,51,51,51,51,0,8512,1.4172408038427,24,-94,0.0073,51,2026-01-23 21:52:05.002328,1.0543,1.13
"2904010",37,0,1,-0.0073,1,-0.0073,1,141.262049968034,1,271.649993896484,-0.00730000017210841,0,132.971603393555,-93.78,24.3536,25.8323331115286,51,51,51,51,51,51,0,8512,1.4172408038427,24,-94,0.0073,51,2026-01-23 21:52:05.002328,1.0543,1.13
"2904010",37,0,1,-0.0073,1,-0.0073,1,141.160590724558,1,281.339996337891,-0.00730000017210841,0,132.876098632812,-93.78,24.3536,25.8323331115286,51,51,51,51,51,51,0,8512,1.4172408038427,24,-94,0.0073,51,2026-01-23 21:52:05.002328,1.0543,1.13
"2904010",37,0,1,-0.0073,1,-0.0073,1,132.012189538099,1,291.369995117188,-0.00730000017210841,0,124.264602661133,-93.78,24.3536,25.8323331115286,51,51,51,51,51,51,0,8512,1.4172408038427,24,-94,0.0073,51,2026-01-23 21:52:05.002328,1.0543,1.13
"2904010",37,0,1,-0.0073,1,-0.0073,1,133.540165096447,1,301.839996337891,-0.00730000017210841,0,125.702903747559,-93.78,24.3536,25.8323331115286,51,51,51,51,51,51,0,8512,1.4172408038427,24,-94,0.0073,51,2026-01-23 21:52:05.002328,1.0543,1.13
"2904010",37,0,1,-0.0073,1,-0.0073,1,130.940812995667,1,311.140014648438,-0.00730000017210841,0,123.256103515625,-93.78,24.3536,25.8323331115286,51,51,51,51,51,51,0,8512,1.4172408038427,24,-94,0.0073,51,2026-01-23 21:52:05.002328,1.0543,1.13
"2904010",37,0,1,-0.0073,1,-0.0073,1,128.952096731562,1,321.589996337891,-0.00730000017210841,0,121.384101867676,-93.78,24.3536,25.8323331115286,51,51,51,51,51,51,0,8512,1.4172408038427,24,-94,0.0073,51,2026-01-23 21:52:05.002328,1.0543,1.13
"2904010",37,0,1,-0.0073,1,-0.0073,1,127.354749894661,1,331.790008544922,-0.00730000017210841,0,119.880500793457,-93.78,24.3536,25.8323331115286,51,51,51,51,51,51,0,8512,1.4172408038427,24,-94,0.0073,51,2026-01-23 21:52:05.002328,1.0543,1.13
"2904010",37,0,1,-0.0073,1,-0.0073,1,126.476290185048,1,340.670013427734,-0.00730000017210841,0,119.053596496582,-93.78,24.3536,25.8323331115286,51,51,51,51,51,51,0,8512,1.4172408038427,24,-94,0.0073,51,2026-01-23 21:52:05.002328,1.0543,1.13
"2904010",37,0,1,-0.0073,1,-0.0073,1,125.684846487414,1,348.540008544922,-0.00730000017210841,0,118.308601379395,-93.78,24.3536,25.8323331115286,51,51,51,51,51,51,0,8512,1.4172408038427,24,-94,0.0073,51,2026-01-23 21:52:05.002328,1.0543,1.13
"2904010",37,0,1,-0.0073,1,-0.0073,1,123.456674089002,1,361.709991455078,-0.00730000017210841,0,116.211196899414,-93.78,24.3536,25.8323331115286,51,51,51,51,51,51,0,8512,1.4172408038427,24,-94,0.0073,51,2026-01-23 21:52:05.002328,1.0543,1.13
"2904010",37,0,1,-0.0073,1,-0.0073,1,116.879257264694,1,380.959991455078,-0.00730000017210841,0,110.019798278809,-93.78,24.3536,25.8323331115286,51,51,51,51,51,51,0,8512,1.4172408038427,24,-94,0.0073,51,2026-01-23 21:52:05.002328,1.0543,1.13
"2904010",37,0,1,-0.0073,1,-0.0073,1,114.50916512245,1,400.959991455078,-0.00730000017210841,0,107.788803100586,-93.78,24.3536,25.8323331115286,51,51,51,51,51,51,0,8512,1.4172408038427,24,-94,0.0073,51,2026-01-23 21:52:05.002328,1.0543,1.13
"2904010",37,0,1,-0.0073,1,-0.0073,1,113.787084598301,1,451.350006103516,-0.00730000017210841,0,107.109100341797,-93.78,24.3536,25.8323331115286,51,51,51,51,51,51,0,8512,1.4172408038427,24,-94,0.0073,51,2026-01-23 21:52:05.002328,1.0543,1.13
"2904010",37,0,1,0,1,0,1,110.010017460567,1,501.739990234375,0,0.00515085365623236,103.553703308105,-93.78,24.3536,25.8323331115286,51,51,51,51,51,51,0,8512,1.4172408038427,24,-94,0.0073,51,2026-01-23 21:52:05.002328,1.0543,1.13
"2904010",37,0,1,-0.0073,1,-0.0073,1,113.294045195847,1,551.710021972656,-0.00730000017210841,0,106.644996643066,-93.78,24.3536,25.8323331115286,51,51,51,51,51,51,0,8512,1.4172408038427,24,-94,0.0073,51,2026-01-23 21:52:05.002328,1.0543,1.13
"2904010",37,0,1,0.0073,1,0.0073,1,114.404520587179,1,601.190002441406,0.00730000017210841,0.0103017073124647,107.690299987793,-93.78,24.3536,25.8323331115286,51,51,51,51,51,51,0,8512,1.4172408038427,24,-94,0.0073,51,2026-01-23 21:52:05.002328,1.0543,1.13
"2904010",37,0,1,0,1,0,1,118.653270272712,1,651.539978027344,0,0.00515085365623236,111.689697265625,-93.78,24.3536,25.8323331115286,51,51,51,51,51,51,0,8512,1.4172408038427,24,-94,0.0073,51,2026-01-23 21:52:05.002328,1.0543,1.13
"2904010",37,0,1,0.0073,1,0.0073,1,122.054481083738,1,701.72998046875,0.00730000017210841,0.0103017073124647,114.891296386719,-93.78,24.3536,25.8323331115286,51,51,51,51,51,51,0,8512,1.4172408038427,24,-94,0.0073,51,2026-01-23 21:52:05.002328,1.0543,1.13
"2904010",37,0,1,0.0073,1,0.0073,1,129.596935955957,1,751.510009765625,0.00730000017210841,0.0103017073124647,121.991096496582,-93.78,24.3536,25.8323331115286,51,51,51,51,51,51,0,8512,1.4172408038427,24,-94,0.0073,51,2026-01-23 21:52:05.002328,1.0543,1.13
"2904010",37,0,1,0.0073,1,0.0073,1,135.695027153172,1,801.840026855469,0.00730000017210841,0.0103017073124647,127.731300354004,-93.78,24.3536,25.8323331115286,51,51,51,51,51,51,0,8512,1.4172408038427,24,-94,0.0073,51,2026-01-23 21:52:05.002328,1.0543,1.13
"2904010",37,0,1,0,1,0,1,142.962006968092,1,851.859985351562,0,0.00515085365623236,134.571792602539,-93.78,24.3536,25.8323331115286,51,51,51,51,51,51,0,8512,1.4172408038427,24,-94,0.0073,51,2026-01-23 21:52:05.002328,1.0543,1.13
"2904010",37,0,1,0,1,0,1,150.837944870575,1,901.030029296875,0,0.00515085365623236,141.985504150391,-93.78,24.3536,25.8323331115286,51,51,51,51,51,51,0,8512,1.4172408038427,24,-94,0.0073,51,2026-01-23 21:52:05.002328,1.0543,1.13
"2904010",37,0,1,0.0073,1,0.0073,1,158.654261891526,1,950.059997558594,0.00730000017210841,0.0103017073124647,149.34309387207,-93.78,24.3536,25.8323331115286,51,51,51,51,51,51,0,8512,1.4172408038427,24,-94,0.0073,51,2026-01-23 21:52:05.002328,1.0543,1.13
"2904010",37,0,1,0,1,0,1,167.869383999242,1,999.690002441406,0,0.00515085365623236,158.017395019531,-93.78,24.3536,25.8323331115286,51,51,51,51,51,51,0,8512,1.4172408038427,24,-94,0.0073,51,2026-01-23 21:52:05.002328,1.0543,1.13
"2904010",37,0,1,0,1,0,1,185.150815850851,1,1100.2099609375,0,0.00515085365623236,174.284606933594,-93.78,24.3536,25.8323331115286,51,51,51,51,51,51,0,8512,1.4172408038427,24,-94,0.0073,51,2026-01-23 21:52:05.002328,1.0543,1.13
"2904010",37,0,1,0,1,0,1,195.526762033433,1,1198.68005371094,0,0.00515085365623236,184.051605224609,-93.78,24.3536,25.8323331115286,51,51,51,51,51,51,0,8512,1.4172408038427,24,-94,0.0073,51,2026-01-23 21:52:05.002328,1.0543,1.13
"2904010",37,0,1,0,1,0,1,201.001346545703,1,1299.32995605469,0,0.00515085365623236,189.204895019531,-93.78,24.3536,25.8323331115286,51,51,51,51,51,51,0,8512,1.4172408038427,24,-94,0.0073,51,2026-01-23 21:52:05.002328,1.0543,1.13
"2904010",37,0,1,0,1,0,1,204.520275366974,1,1399.31994628906,0,0.00515085365623236,192.517303466797,-93.78,24.3536,25.8323331115286,51,51,51,51,51,51,0,8512,1.4172408038427,24,-94,0.0073,51,2026-01-23 21:52:05.002328,1.0543,1.13
"2904010",37,0,1,0,1,0,1,206.988203787217,4,1499.19995117188,0,0.00515085365623236,194.840393066406,-93.78,24.3536,25.8323331115286,51,51,51,51,51,51,0,8512,1.4172408038427,24,-94,0.0073,51,2026-01-23 21:52:05.002328,1.0543,1.13
"2904010",38,0.185430732228035,1,0.2628,1,0.2628,1,204.913735475521,1,7.69999980926514,0.262800008058548,0.190581575036049,192.826995849609,-94.1336,24.1396,131.117028939251,51,51,51,51,51,51,0.2628,8512,1.4172408038427,24,-94,0.0073,51,2026-02-03 03:50:04.000395,1.0543,1.13
"2904010",38,0.185430732228035,1,0.2628,1,0.2628,1,204.393453376492,1,11.6300001144409,0.262800008058548,0.190581575036049,192.33740234375,-94.1336,24.1396,131.117028939251,51,51,51,51,51,51,0.2628,8512,1.4172408038427,24,-94,0.0073,51,2026-02-03 03:50:04.000395,1.0543,1.13
"2904010",38,0.180279878555034,1,0.2555,1,0.2555,1,204.275179436757,1,16.7299995422363,0.255499988794327,0.185430735349655,192.226104736328,-94.1336,24.1396,131.117028939251,51,51,51,51,51,51,0.2555,8512,1.4172408038427,24,-94,0.0073,51,2026-02-03 03:50:04.000395,1.0543,1.13
"2904010",38,0.200883293247038,1,0.2847,1,0.2847,1,204.181666164143,1,21.5200004577637,0.284700006246567,0.206034138798714,192.138107299805,-94.1336,24.1396,131.117028939251,51,51,51,51,51,51,0.2847,8512,1.4172408038427,24,-94,0.0073,51,2026-02-03 03:50:04.000395,1.0543,1.13
"2904010",38,0.195732439574037,1,0.2774,1,0.2774,1,204.124166933227,1,26.3400001525879,0.277399986982346,0.200883284211159,192.083999633789,-94.1336,24.1396,131.117028939251,51,51,51,51,51,51,0.2774,8512,1.4172408038427,24,-94,0.0073,51,2026-02-03 03:50:04.000395,1.0543,1.13
"2904010",38,0.175129024882033,1,0.2482,1,0.2482,1,204.094833569232,1,31.8899993896484,0.248199999332428,0.1802798807621,192.056396484375,-94.1336,24.1396,131.117028939251,51,51,51,51,51,51,0.2482,8512,1.4172408038427,24,-94,0.0073,51,2026-02-03 03:50:04.000395,1.0543,1.13
"2904010",38,0.195732439574037,1,0.2774,1,0.2774,1,204.17975276616,1,36.8199996948242,0.277399986982346,0.200883284211159,192.136306762695,-94.1336,24.1396,131.117028939251,51,51,51,51,51,51,0.2774,8512,1.4172408038427,24,-94,0.0073,51,2026-02-03 03:50:04.000395,1.0543,1.13
"2904010",38,0.185430732228035,1,0.2628,1,0.2628,1,204.071029601104,1,41.6300010681152,0.262800008058548,0.190581575036049,192.033996582031,-94.1336,24.1396,131.117028939251,51,51,51,51,51,51,0.2628,8512,1.4172408038427,24,-94,0.0073,51,2026-02-03 03:50:04.000395,1.0543,1.13
"2904010",38,0.175129024882033,1,0.2482,1,0.2482,1,204.067737907963,1,46.8899993896484,0.248199999332428,0.1802798807621,192.030899047852,-94.1336,24.1396,131.117028939251,51,51,51,51,51,51,0.2482,8512,1.4172408038427,24,-94,0.0073,51,2026-02-03 03:50:04.000395,1.0543,1.13
"2904010",38,0.190581585901036,1,0.2701,1,0.2701,1,204.235435890515,1,51.8199996948242,0.270099997520447,0.195732444524765,192.188705444336,-94.1336,24.1396,131.117028939251,51,51,51,51,51,51,0.2701,8512,1.4172408038427,24,-94,0.0073,51,2026-02-03 03:50:04.000395,1.0543,1.13
"2904010",38,0.200883293247038,1,0.2847,1,0.2847,1,204.22001519999,1,56.2700004577637,0.284700006246567,0.206034138798714,192.174194335938,-94.1336,24.1396,131.117028939251,51,51,51,51,51,51,0.2847,8512,1.4172408038427,24,-94,0.0073,51,2026-02-03 03:50:04.000395,1.0543,1.13
"2904010",38,0.185430732228035,1,0.2628,1,0.2628,1,204.061786915931,1,61.1800003051758,0.262800008058548,0.190581575036049,192.025299072266,-94.1336,24.1396,131.117028939251,51,51,51,51,51,51,0.2628,8512,1.4172408038427,24,-94,0.0073,51,2026-02-03 03:50:04.000395,1.0543,1.13
"2904010",38,0.180279878555034,1,0.2555,1,0.2555,1,203.760410518357,1,66.6699981689453,0.255499988794327,0.185430735349655,191.74169921875,-94.1336,24.1396,131.117028939251,51,51,51,51,51,51,0.2555,8512,1.4172408038427,24,-94,0.0073,51,2026-02-03 03:50:04.000395,1.0543,1.13
"2904010",38,0.164827317536031,1,0.2336,1,0.2336,1,203.525127427385,1,71.5400009155273,0.233600005507469,0.16997817158699,191.520294189453,-94.1336,24.1396,131.117028939251,51,51,51,51,51,51,0.2336,8512,1.4172408038427,24,-94,0.0073,51,2026-02-03 03:50:04.000395,1.0543,1.13
"2904010",38,0.15967646386303,1,0.2263,1,0.2263,1,203.38953561438,1,76.9199981689453,0.226300001144409,0.164827316999435,191.392700195312,-94.1336,24.1396,131.117028939251,51,51,51,51,51,51,0.2263,8512,1.4172408038427,24,-94,0.0073,51,2026-02-03 03:50:04.000395,1.0543,1.13
"2904010",38,0.164827317536031,1,0.2336,1,0.2336,1,203.548931395514,1,81.620002746582,0.233600005507469,0.16997817158699,191.542694091797,-94.1336,24.1396,131.117028939251,51,51,51,51,51,51,0.2336,8512,1.4172408038427,24,-94,0.0073,51,2026-02-03 03:50:04.000395,1.0543,1.13
"2904010",38,0.195732439574037,1,0.2774,1,0.2774,1,203.724380261421,1,86.3499984741211,0.277399986982346,0.200883284211159,191.707794189453,-94.1336,24.1396,131.117028939251,51,51,51,51,51,51,0.2774,8512,1.4172408038427,24,-94,0.0073,51,2026-02-03 03:50:04.000395,1.0543,1.13
"2904010",38,0.200883293247038,1,0.2847,1,0.2847,1,203.908342126829,1,91.4700012207031,0.284700006246567,0.206034138798714,191.880905151367,-94.1336,24.1396,131.117028939251,51,51,51,51,51,51,0.2847,8512,1.4172408038427,24,-94,0.0073,51,2026-02-03 03:50:04.000395,1.0543,1.13
"2904010",38,0.190581585901036,1,0.2701,1,0.2701,1,203.741503551846,1,96.8199996948242,0.270099997520447,0.195732444524765,191.723907470703,-94.1336,24.1396,131.117028939251,51,51,51,51,51,51,0.2701,8512,1.4172408038427,24,-94,0.0073,51,2026-02-03 03:50:04.000395,1.0543,1.13
"2904010",38,0.180279878555034,1,0.2555,1,0.2555,1,203.717472570397,1,101.610000610352,0.255499988794327,0.185430735349655,191.701293945312,-94.1336,24.1396,131.117028939251,51,51,51,51,51,51,0.2555,8512,1.4172408038427,24,-94,0.0073,51,2026-02-03 03:50:04.000395,1.0543,1.13
"2904010",38,0.200883293247038,1,0.2847,1,0.2847,1,202.61919834334,1,111.949996948242,0.284700006246567,0.206034138798714,190.66780090332,-94.1336,24.1396,131.117028939251,51,51,51,51,51,51,0.2847,8512,1.4172408038427,24,-94,0.0073,51,2026-02-03 03:50:04.000395,1.0543,1.13
"2904010",38,0.195732439574037,1,0.2774,1,0.2774,1,199.619882143894,1,121.769996643066,0.277399986982346,0.200883284211159,187.845397949219,-94.1336,24.1396,131.117028939251,51,51,51,51,51,51,0.2774,8512,1.4172408038427,24,-94,0.0073,51,2026-02-03 03:50:04.000395,1.0543,1.13
"2904010",38,0.113318780806021,1,0.1606,1,0.1606,1,181.227733197114,1,131.300003051758,0.160600006580353,0.118469640612602,170.538101196289,-94.1336,24.1396,131.117028939251,51,51,51,51,51,51,0.1606,8512,1.4172408038427,24,-94,0.0073,51,2026-02-03 03:50:04.000395,1.0543,1.13
"2904010",38,0.00515085367300097,1,0.0073,1,0.0073,1,145.654356783057,1,141.649993896484,0.00730000017210841,0.0103017073124647,137.063003540039,-94.1336,24.1396,131.117028939251,51,51,51,51,51,51,0.0073,8512,1.4172408038427,24,-94,0.0073,51,2026-02-03 03:50:04.000395,1.0543,1.13
"2904010",38,0,1,0,1,0,1,140.976860830543,1,151.679992675781,0,0.00515085365623236,132.661407470703,-94.1336,24.1396,131.117028939251,51,51,51,51,51,51,0,8512,1.4172408038427,24,-94,0.0073,51,2026-02-03 03:50:04.000395,1.0543,1.13
"2904010",38,0,1,0,1,0,1,138.154582590245,1,161.5,0,0.00515085365623236,130.005599975586,-94.1336,24.1396,131.117028939251,51,51,51,51,51,51,0,8512,1.4172408038427,24,-94,0.0073,51,2026-02-03 03:50:04.000395,1.0543,1.13
"2904010",38,-0.00515085367300097,1,-0.0073,1,-0.0073,1,134.925731601396,1,171.869995117188,-0.00730000017210841,0,126.96720123291,-94.1336,24.1396,131.117028939251,51,51,51,51,51,51,-0.0073,8512,1.4172408038427,24,-94,0.0073,51,2026-02-03 03:50:04.000395,1.0543,1.13
"2904010",38,0.0154525610190029,1,0.0219,1,0.0219,1,128.333062097322,1,181.600006103516,0.0219000000506639,0.0206034146249294,120.763397216797,-94.1336,24.1396,131.117028939251,51,51,51,51,51,51,0.0219,8512,1.4172408038427,24,-94,0.0073,51,2026-02-03 03:50:04.000395,1.0543,1.13
"2904010",38,0.0103017073460019,1,0.0146,1,0.0146,1,128.190562593293,1,191.440002441406,0.0146000003442168,0.0154525600373745,120.629302978516,-94.1336,24.1396,131.117028939251,51,51,51,51,51,51,0.0146,8512,1.4172408038427,24,-94,0.0073,51,2026-02-03 03:50:04.000395,1.0543,1.13
"2904010",38,0.00515085367300097,1,0.0073,1,0.0073,1,129.176303074566,1,201.539993286133,0.00730000017210841,0.0103017073124647,121.556900024414,-94.1336,24.1396,131.117028939251,51,51,51,51,51,51,0.0073,8512,1.4172408038427,24,-94,0.0073,51,2026-02-03 03:50:04.000395,1.0543,1.13
"2904010",38,0,1,0,1,0,1,130.013909256901,1,211.600006103516,0,0.00515085365623236,122.345100402832,-94.1336,24.1396,131.117028939251,51,51,51,51,51,51,0,8512,1.4172408038427,24,-94,0.0073,51,2026-02-03 03:50:04.000395,1.0543,1.13
"2904010",38,0,1,-0.0073,1,-0.0073,1,132.027476867456,1,221.410003662109,-0.00730000017210841,0,124.239898681641,-94.1336,24.1396,131.117028939251,51,51,51,51,51,51,0,8512,1.4172408038427,24,-94,0.0073,51,2026-02-03 03:50:04.000395,1.0543,1.13
"2904010",38,0,1,-0.0073,1,-0.0073,1,131.847244506591,1,231.740005493164,-0.00730000017210841,0,124.070297241211,-94.1336,24.1396,131.117028939251,51,51,51,51,51,51,0,8512,1.4172408038427,24,-94,0.0073,51,2026-02-03 03:50:04.000395,1.0543,1.13
"2904010",38,0,1,-0.0073,1,-0.0073,1,128.473129315779,1,241.270004272461,-0.00730000017210841,0,120.895202636719,-94.1336,24.1396,131.117028939251,51,51,51,51,51,51,0,8512,1.4172408038427,24,-94,0.0073,51,2026-02-03 03:50:04.000395,1.0543,1.13
"2904010",38,0,1,-0.0073,1,-0.0073,1,127.585255898295,1,251.25,-0.00730000017210841,0,120.059700012207,-94.1336,24.1396,131.117028939251,51,51,51,51,51,51,0,8512,1.4172408038427,24,-94,0.0073,51,2026-02-03 03:50:04.000395,1.0543,1.13
"2904010",38,0,1,-0.0073,1,-0.0073,1,125.221317551133,1,261.089996337891,-0.00730000017210841,0,117.83519744873,-94.1336,24.1396,131.117028939251,51,51,51,51,51,51,0,8512,1.4172408038427,24,-94,0.0073,51,2026-02-03 03:50:04.000395,1.0543,1.13
"2904010",38,0,1,-0.0073,1,-0.0073,1,123.444095129584,1,271.869995117188,-0.00730000017210841,0,116.162803649902,-94.1336,24.1396,131.117028939251,51,51,51,51,51,51,0,8512,1.4172408038427,24,-94,0.0073,51,2026-02-03 03:50:04.000395,1.0543,1.13
"2904010",38,0,1,-0.0073,1,-0.0073,1,122.176736517198,1,281.820007324219,-0.00730000017210841,0,114.970199584961,-94.1336,24.1396,131.117028939251,51,51,51,51,51,51,0,8512,1.4172408038427,24,-94,0.0073,51,2026-02-03 03:50:04.000395,1.0543,1.13
"2904010",38,0,1,-0.0073,1,-0.0073,1,120.968895932753,1,290.799987792969,-0.00730000017210841,0,113.833602905273,-94.1336,24.1396,131.117028939251,51,51,51,51,51,51,0,8512,1.4172408038427,24,-94,0.0073,51,2026-02-03 03:50:04.000395,1.0543,1.13
"2904010",38,0,1,-0.0073,1,-0.0073,1,119.811630672962,1,301.609985351562,-0.00730000017210841,0,112.744598388672,-94.1336,24.1396,131.117028939251,51,51,51,51,51,51,0,8512,1.4172408038427,24,-94,0.0073,51,2026-02-03 03:50:04.000395,1.0543,1.13
"2904010",38,0,1,-0.0073,1,-0.0073,1,118.561598041466,1,311.899993896484,-0.00730000017210841,0,111.568298339844,-94.1336,24.1396,131.117028939251,51,51,51,51,51,51,0,8512,1.4172408038427,24,-94,0.0073,51,2026-02-03 03:50:04.000395,1.0543,1.13
"2904010",38,0,1,-0.0073,1,-0.0073,1,117.80645444763,1,321.279998779297,-0.00730000017210841,0,110.857696533203,-94.1336,24.1396,131.117028939251,51,51,51,51,51,51,0,8512,1.4172408038427,24,-94,0.0073,51,2026-02-03 03:50:04.000395,1.0543,1.13
"2904010",38,0,1,-0.0073,1,-0.0073,1,116.533688053657,1,331.75,-0.00730000017210841,0,109.660003662109,-94.1336,24.1396,131.117028939251,51,51,51,51,51,51,0,8512,1.4172408038427,24,-94,0.0073,51,2026-02-03 03:50:04.000395,1.0543,1.13
"2904010",38,0,1,-0.0073,1,-0.0073,1,115.727636722805,1,341.890014648438,-0.00730000017210841,0,108.901496887207,-94.1336,24.1396,131.117028939251,51,51,51,51,51,51,0,8512,1.4172408038427,24,-94,0.0073,51,2026-02-03 03:50:04.000395,1.0543,1.13
"2904010",38,0,1,-0.0073,1,-0.0073,1,114.696842205126,1,351.690002441406,-0.00730000017210841,0,107.931503295898,-94.1336,24.1396,131.117028939251,51,51,51,51,51,51,0,8512,1.4172408038427,24,-94,0.0073,51,2026-02-03 03:50:04.000395,1.0543,1.13
"2904010",38,0,1,-0.0073,1,-0.0073,1,113.630966021883,1,361.839996337891,-0.00730000017210841,0,106.928497314453,-94.1336,24.1396,131.117028939251,51,51,51,51,51,51,0,8512,1.4172408038427,24,-94,0.0073,51,2026-02-03 03:50:04.000395,1.0543,1.13
"2904010",38,0,1,0,1,0,1,111.406559790353,1,381.140014648438,0,0.00515085365623236,104.835296630859,-94.1336,24.1396,131.117028939251,51,51,51,51,51,51,0,8512,1.4172408038427,24,-94,0.0073,51,2026-02-03 03:50:04.000395,1.0543,1.13
"2904010",38,0,1,-0.0073,1,-0.0073,1,110.500306401565,1,401.880004882812,-0.00730000017210841,0,103.982498168945,-94.1336,24.1396,131.117028939251,51,51,51,51,51,51,0,8512,1.4172408038427,24,-94,0.0073,51,2026-02-03 03:50:04.000395,1.0543,1.13
"2904010",38,0,1,-0.0073,1,-0.0073,1,111.623665600486,1,451.570007324219,-0.00730000017210841,0,105.039596557617,-94.1336,24.1396,131.117028939251,51,51,51,51,51,51,0,8512,1.4172408038427,24,-94,0.0073,51,2026-02-03 03:50:04.000395,1.0543,1.13
"2904010",38,0,1,0,1,0,1,110.809652588196,1,501.309997558594,0,0.00515085365623236,104.273597717285,-94.1336,24.1396,131.117028939251,51,51,51,51,51,51,0,8512,1.4172408038427,24,-94,0.0073,51,2026-02-03 03:50:04.000395,1.0543,1.13
"2904010",38,0,1,0,1,0,1,112.685285283977,1,551.539978027344,0,0.00515085365623236,106.038597106934,-94.1336,24.1396,131.117028939251,51,51,51,51,51,51,0,8512,1.4172408038427,24,-94,0.0073,51,2026-02-03 03:50:04.000395,1.0543,1.13
"2904010",38,0,1,0,1,0,1,114.700879799175,1,601.320007324219,0,0.00515085365623236,107.935302734375,-94.1336,24.1396,131.117028939251,51,51,51,51,51,51,0,8512,1.4172408038427,24,-94,0.0073,51,2026-02-03 03:50:04.000395,1.0543,1.13
"2904010",38,0,1,0,1,0,1,119.963810673566,1,651.099975585938,0,0.00515085365623236,112.887802124023,-94.1336,24.1396,131.117028939251,51,51,51,51,51,51,0,8512,1.4172408038427,24,-94,0.0073,51,2026-02-03 03:50:04.000395,1.0543,1.13
"2904010",38,0,1,0.0073,1,0.0073,1,127.248489745652,1,700.97998046875,0.00730000017210841,0.0103017073124647,119.742797851562,-94.1336,24.1396,131.117028939251,51,51,51,51,51,51,0,8512,1.4172408038427,24,-94,0.0073,51,2026-02-03 03:50:04.000395,1.0543,1.13
"2904010",38,0,1,-0.0073,1,-0.0073,1,133.297705576816,1,750.830017089844,-0.00730000017210841,0,125.435203552246,-94.1336,24.1396,131.117028939251,51,51,51,51,51,51,0,8512,1.4172408038427,24,-94,0.0073,51,2026-02-03 03:50:04.000395,1.0543,1.13
"2904010",38,0,1,0,1,0,1,138.871571731078,1,801.390014648438,0,0.00515085365623236,130.680297851562,-94.1336,24.1396,131.117028939251,51,51,51,51,51,51,0,8512,1.4172408038427,24,-94,0.0073,51,2026-02-03 03:50:04.000395,1.0543,1.13
"2904010",38,0,1,0,1,0,1,145.846053316583,1,851.679992675781,0,0.00515085365623236,137.243392944336,-94.1336,24.1396,131.117028939251,51,51,51,51,51,51,0,8512,1.4172408038427,24,-94,0.0073,51,2026-02-03 03:50:04.000395,1.0543,1.13
"2904010",38,0,1,0,1,0,1,153.409164225683,1,901.090026855469,0,0.00515085365623236,144.360397338867,-94.1336,24.1396,131.117028939251,51,51,51,51,51,51,0,8512,1.4172408038427,24,-94,0.0073,51,2026-02-03 03:50:04.000395,1.0543,1.13
"2904010",38,0,1,0.0073,1,0.0073,1,159.573046106316,1,951.070007324219,0.00730000017210841,0.0103017073124647,150.160705566406,-94.1336,24.1396,131.117028939251,51,51,51,51,51,51,0,8512,1.4172408038427,24,-94,0.0073,51,2026-02-03 03:50:04.000395,1.0543,1.13
"2904010",38,0,1,0,1,0,1,168.816039368385,1,999.340026855469,0,0.00515085365623236,158.858505249023,-94.1336,24.1396,131.117028939251,51,51,51,51,51,51,0,8512,1.4172408038427,24,-94,0.0073,51,2026-02-03 03:50:04.000395,1.0543,1.13
"2904010",38,0,1,0.0073,1,0.0073,1,183.984437018398,1,1100.03002929688,0.00730000017210841,0.0103017073124647,173.132202148438,-94.1336,24.1396,131.117028939251,51,51,51,51,51,51,0,8512,1.4172408038427,24,-94,0.0073,51,2026-02-03 03:50:04.000395,1.0543,1.13
"2904010",38,0,1,0,1,0,1,195.323671277604,1,1198.94995117188,0,0.00515085365623236,183.802597045898,-94.1336,24.1396,131.117028939251,51,51,51,51,51,51,0,8512,1.4172408038427,24,-94,0.0073,51,2026-02-03 03:50:04.000395,1.0543,1.13
"2904010",38,0,1,0.0073,1,0.0073,1,200.794886873121,1,1300.11999511719,0.00730000017210841,0.0103017073124647,188.951095581055,-94.1336,24.1396,131.117028939251,51,51,51,51,51,51,0,8512,1.4172408038427,24,-94,0.0073,51,2026-02-03 03:50:04.000395,1.0543,1.13
"2904010",38,0,1,0,1,0,1,204.705985857221,1,1397.38000488281,0,0.00515085365623236,192.631500244141,-94.1336,24.1396,131.117028939251,51,51,51,51,51,51,0,8512,1.4172408038427,24,-94,0.0073,51,2026-02-03 03:50:04.000395,1.0543,1.13
"2904010",38,0,1,0,1,0,1,207.129223326622,4,1499.15002441406,0,0.00515085365623236,194.911804199219,-94.1336,24.1396,131.117028939251,51,51,51,51,51,51,0,8512,1.4172408038427,24,-94,0.0073,51,2026-02-03 03:50:04.000395,1.0543,1.13
"2904010",39,0.0997395409293933,1,0.1387,1,0.1387,1,206.004438690537,1,7.38000011444092,0.138699993491173,0.104988984763622,193.792098999023,-94.6354,23.9545,55.9641675133588,51,51,51,51,51,51,0.1387,8511,1.39062200113982,24,-95,0.0073,51,2026-02-13 11:01:50.001182,1.0543,1.13
"2904010",39,0.0997395409293933,1,0.1387,1,0.1387,1,205.982752064629,1,11.8000001907349,0.138699993491173,0.104988984763622,193.771697998047,-94.6354,23.9545,55.9641675133588,51,51,51,51,51,51,0.1387,8511,1.39062200113982,24,-95,0.0073,51,2026-02-13 11:01:50.001182,1.0543,1.13
"2904010",39,0.110238439974593,1,0.1533,1,0.1533,1,205.939378812814,1,16.6499996185303,0.153300002217293,0.115487895905972,193.730895996094,-94.6354,23.9545,55.9641675133588,51,51,51,51,51,51,0.1533,8511,1.39062200113982,24,-95,0.0073,51,2026-02-13 11:01:50.001182,1.0543,1.13
"2904010",39,0.104988990451993,1,0.146,1,0.146,1,205.923012466111,1,21.75,0.145999997854233,0.110238440334797,193.71549987793,-94.6354,23.9545,55.9641675133588,51,51,51,51,51,51,0.146,8511,1.39062200113982,24,-95,0.0073,51,2026-02-13 11:01:50.001182,1.0543,1.13
"2904010",39,0.0997395409293933,1,0.1387,1,0.1387,1,205.940660221525,1,26.3400001525879,0.138699993491173,0.104988984763622,193.73210144043,-94.6354,23.9545,55.9641675133588,51,51,51,51,51,51,0.1387,8511,1.39062200113982,24,-95,0.0073,51,2026-02-13 11:01:50.001182,1.0543,1.13
"2904010",39,0.0944900914067936,1,0.1314,1,0.1314,1,205.882931948072,1,31.6700000762939,0.131400004029274,0.0997395440936089,193.677795410156,-94.6354,23.9545,55.9641675133588,51,51,51,51,51,51,0.1314,8511,1.39062200113982,24,-95,0.0073,51,2026-02-13 11:01:50.001182,1.0543,1.13
"2904010",39,0.115487889497192,1,0.1606,1,0.1606,1,205.672359190004,1,36.6699981689453,0.160600006580353,0.120737344026566,193.479705810547,-94.6354,23.9545,55.9641675133588,51,51,51,51,51,51,0.1606,8511,1.39062200113982,24,-95,0.0073,51,2026-02-13 11:01:50.001182,1.0543,1.13
"2904010",39,0.125986788542392,1,0.1752,1,0.1752,1,205.427853431638,1,41.3400001525879,0.175200000405312,0.131236240267754,193.249694824219,-94.6354,23.9545,55.9641675133588,51,51,51,51,51,51,0.1752,8511,1.39062200113982,24,-95,0.0073,51,2026-02-13 11:01:50.001182,1.0543,1.13
"2904010",39,0.157483485677989,1,0.219,1,0.219,1,204.968736044709,1,46.5699996948242,0.218999996781349,0.162732928991318,192.817794799805,-94.6354,23.9545,55.9641675133588,51,51,51,51,51,51,0.219,8511,1.39062200113982,24,-95,0.0073,51,2026-02-13 11:01:50.001182,1.0543,1.13
"2904010",39,0.194229632336187,1,0.2701,1,0.2701,1,204.550867041987,1,51.7900009155273,0.270099997520447,0.199479088187218,192.424697875977,-94.6354,23.9545,55.9641675133588,51,51,51,51,51,51,0.2701,8511,1.39062200113982,24,-95,0.0073,51,2026-02-13 11:01:50.001182,1.0543,1.13
"2904010",39,0.178481283768388,1,0.2482,1,0.2482,1,204.908250309473,1,56.3300018310547,0.248199999332428,0.183730751276016,192.760894775391,-94.6354,23.9545,55.9641675133588,51,51,51,51,51,51,0.2482,8511,1.39062200113982,24,-95,0.0073,51,2026-02-13 11:01:50.001182,1.0543,1.13
"2904010",39,0.183730733290988,1,0.2555,1,0.2555,1,203.901257706919,1,61.9099998474121,0.255499988794327,0.18898019194603,191.813598632812,-94.6354,23.9545,55.9641675133588,51,51,51,51,51,51,0.2555,8511,1.39062200113982,24,-95,0.0073,51,2026-02-13 11:01:50.001182,1.0543,1.13
"2904010",39,0.204728531381386,1,0.2847,1,0.2847,1,201.880670813893,1,66.4100036621094,0.284700006246567,0.209977969527245,189.912796020508,-94.6354,23.9545,55.9641675133588,51,51,51,51,51,51,0.2847,8511,1.39062200113982,24,-95,0.0073,51,2026-02-13 11:01:50.001182,1.0543,1.13
"2904010",39,0.241474678039584,1,0.3358,1,0.3358,1,200.741871538094,1,71.870002746582,0.335799992084503,0.246724128723145,188.841506958008,-94.6354,23.9545,55.9641675133588,51,51,51,51,51,51,0.3358,8511,1.39062200113982,24,-95,0.0073,51,2026-02-13 11:01:50.001182,1.0543,1.13
"2904010",39,0.136485687587591,1,0.1898,1,0.1898,1,197.956964899813,1,76.9599990844727,0.18979999423027,0.141735136508942,186.221694946289,-94.6354,23.9545,55.9641675133588,51,51,51,51,51,51,0.1898,8511,1.39062200113982,24,-95,0.0073,51,2026-02-13 11:01:50.001182,1.0543,1.13
"2904010",39,0.110238439974593,1,0.1533,1,0.1533,1,198.730205844956,1,81.5400009155273,0.153300002217293,0.115487895905972,186.949096679688,-94.6354,23.9545,55.9641675133588,51,51,51,51,51,51,0.1533,8511,1.39062200113982,24,-95,0.0073,51,2026-02-13 11:01:50.001182,1.0543,1.13
"2904010",39,0.0839911923615944,1,0.1168,1,0.1168,1,200.570292533716,1,86.5,0.116800002753735,0.0892406404018402,188.680099487305,-94.6354,23.9545,55.9641675133588,51,51,51,51,51,51,0.1168,8511,1.39062200113982,24,-95,0.0073,51,2026-02-13 11:01:50.001182,1.0543,1.13
"2904010",39,0.089240641884194,1,0.1241,1,0.1241,1,201.108824820005,1,91.6100006103516,0.124099999666214,0.0944900959730148,189.186706542969,-94.6354,23.9545,55.9641675133588,51,51,51,51,51,51,0.1241,8511,1.39062200113982,24,-95,0.0073,51,2026-02-13 11:01:50.001182,1.0543,1.13
"2904010",39,0.0997395409293933,1,0.1387,1,0.1387,1,201.085321513393,1,96.5,0.138699993491173,0.104988984763622,189.164596557617,-94.6354,23.9545,55.9641675133588,51,51,51,51,51,51,0.1387,8511,1.39062200113982,24,-95,0.0073,51,2026-02-13 11:01:50.001182,1.0543,1.13
"2904010",39,0.0997395409293933,1,0.1387,1,0.1387,1,201.211191533621,1,101.940002441406,0.138699993491173,0.104988984763622,189.283004760742,-94.6354,23.9545,55.9641675133588,51,51,51,51,51,51,0.1387,8511,1.39062200113982,24,-95,0.0073,51,2026-02-13 11:01:50.001182,1.0543,1.13
"2904010",39,0.0682428437937954,1,0.0949,1,0.0949,1,201.037812068902,1,111.629997253418,0.0948999971151352,0.0734922960400581,189.119903564453,-94.6354,23.9545,55.9641675133588,51,51,51,51,51,51,0.0949,8511,1.39062200113982,24,-95,0.0073,51,2026-02-13 11:01:50.001182,1.0543,1.13
"2904010",39,0.0524944952259965,1,0.073,1,0.073,1,198.23569562502,1,121.430000305176,0.0729999989271164,0.0577439479529858,186.483901977539,-94.6354,23.9545,55.9641675133588,51,51,51,51,51,51,0.073,8511,1.39062200113982,24,-95,0.0073,51,2026-02-13 11:01:50.001182,1.0543,1.13
"2904010",39,0.0472450457033968,1,0.0657,1,0.0657,1,197.235823762012,1,131.389999389648,0.065700002014637,0.0524944923818111,185.543304443359,-94.6354,23.9545,55.9641675133588,51,51,51,51,51,51,0.0657,8511,1.39062200113982,24,-95,0.0073,51,2026-02-13 11:01:50.001182,1.0543,1.13
"2904010",39,0.089240641884194,1,0.1241,1,0.1241,1,200.138814646074,1,141.25,0.124099999666214,0.0944900959730148,188.274200439453,-94.6354,23.9545,55.9641675133588,51,51,51,51,51,51,0.1241,8511,1.39062200113982,24,-95,0.0073,51,2026-02-13 11:01:50.001182,1.0543,1.13
"2904010",39,0.0944900914067936,1,0.1314,1,0.1314,1,196.861960605279,1,151.470001220703,0.131400004029274,0.0997395440936089,185.191604614258,-94.6354,23.9545,55.9641675133588,51,51,51,51,51,51,0.1314,8511,1.39062200113982,24,-95,0.0073,51,2026-02-13 11:01:50.001182,1.0543,1.13
"2904010",39,0.0629933942711958,1,0.0876,1,0.0876,1,187.445634124207,1,160.399993896484,0.0876000002026558,0.0682428479194641,176.33349609375,-94.6354,23.9545,55.9641675133588,51,51,51,51,51,51,0.0876,8511,1.39062200113982,24,-95,0.0073,51,2026-02-13 11:01:50.001182,1.0543,1.13
"2904010",39,0.0367461466581975,1,0.0511,1,0.0511,1,147.466185169509,1,171.690002441406,0.0511000007390976,0.0419955961406231,138.724105834961,-94.6354,23.9545,55.9641675133588,51,51,51,51,51,51,0.0511,8511,1.39062200113982,24,-95,0.0073,51,2026-02-13 11:01:50.001182,1.0543,1.13
"2904010",39,0.0419955961807972,1,0.0584,1,0.0584,1,131.917953047701,1,181.960006713867,0.0584000013768673,0.0472450479865074,124.097602844238,-94.6354,23.9545,55.9641675133588,51,51,51,51,51,51,0.0584,8511,1.39062200113982,24,-95,0.0073,51,2026-02-13 11:01:50.001182,1.0543,1.13
"2904010",39,0.0209977980903986,1,0.0292,1,0.0292,1,127.918879214936,1,191.800003051758,0.0292000006884336,0.0262472461909056,120.335601806641,-94.6354,23.9545,55.9641675133588,51,51,51,51,51,51,0.0292,8511,1.39062200113982,24,-95,0.0073,51,2026-02-13 11:01:50.001182,1.0543,1.13
"2904010",39,0.0157483485677989,1,0.0219,1,0.0219,1,127.548625089067,1,201.740005493164,0.0219000000506639,0.0209977980703115,119.987297058105,-94.6354,23.9545,55.9641675133588,51,51,51,51,51,51,0.0219,8511,1.39062200113982,24,-95,0.0073,51,2026-02-13 11:01:50.001182,1.0543,1.13
"2904010",39,0,1,-0.0073,1,-0.0073,1,129.913310771928,1,211.190002441406,-0.00730000017210841,0,122.211799621582,-94.6354,23.9545,55.9641675133588,51,51,51,51,51,51,0,8511,1.39062200113982,24,-95,0.0073,51,2026-02-13 11:01:50.001182,1.0543,1.13
"2904010",39,0,1,-0.0073,1,-0.0073,1,130.455127681812,1,221.220001220703,-0.00730000017210841,0,122.721496582031,-94.6354,23.9545,55.9641675133588,51,51,51,51,51,51,0,8511,1.39062200113982,24,-95,0.0073,51,2026-02-13 11:01:50.001182,1.0543,1.13
"2904010",39,0,1,-0.0073,1,-0.0073,1,129.322589466298,1,231.330001831055,-0.00730000017210841,0,121.656097412109,-94.6354,23.9545,55.9641675133588,51,51,51,51,51,51,0,8511,1.39062200113982,24,-95,0.0073,51,2026-02-13 11:01:50.001182,1.0543,1.13
"2904010",39,0,1,-0.0073,1,-0.0073,1,127.475811877623,1,241.470001220703,-0.00730000017210841,0,119.918800354004,-94.6354,23.9545,55.9641675133588,51,51,51,51,51,51,0,8511,1.39062200113982,24,-95,0.0073,51,2026-02-13 11:01:50.001182,1.0543,1.13
"2904010",39,0,1,-0.0073,1,-0.0073,1,126.530043036841,1,251.630004882812,-0.00730000017210841,0,119.029098510742,-94.6354,23.9545,55.9641675133588,51,51,51,51,51,51,0,8511,1.39062200113982,24,-95,0.0073,51,2026-02-13 11:01:50.001182,1.0543,1.13
"2904010",39,0,1,-0.0073,1,-0.0073,1,127.238759376253,1,261.579986572266,-0.00730000017210841,0,119.69580078125,-94.6354,23.9545,55.9641675133588,51,51,51,51,51,51,0,8511,1.39062200113982,24,-95,0.0073,51,2026-02-13 11:01:50.001182,1.0543,1.13
"2904010",39,0,1,-0.0073,1,-0.0073,1,128.036663383994,1,271.260009765625,-0.00730000017210841,0,120.446403503418,-94.6354,23.9545,55.9641675133588,51,51,51,51,51,51,0,8511,1.39062200113982,24,-95,0.0073,51,2026-02-13 11:01:50.001182,1.0543,1.13
"2904010",39,0,1,-0.0073,1,-0.0073,1,126.564276113863,1,281.720001220703,-0.00730000017210841,0,119.061302185059,-94.6354,23.9545,55.9641675133588,51,51,51,51,51,51,0,8511,1.39062200113982,24,-95,0.0073,51,2026-02-13 11:01:50.001182,1.0543,1.13
"2904010",39,0,1,-0.0073,1,-0.0073,1,124.715365547396,1,291.679992675781,-0.00730000017210841,0,117.321998596191,-94.6354,23.9545,55.9641675133588,51,51,51,51,51,51,0,8511,1.39062200113982,24,-95,0.0073,51,2026-02-13 11:01:50.001182,1.0543,1.13
"2904010",39,0,1,-0.0073,1,-0.0073,1,122.955967056526,1,301.739990234375,-0.00730000017210841,0,115.666900634766,-94.6354,23.9545,55.9641675133588,51,51,51,51,51,51,0,8511,1.39062200113982,24,-95,0.0073,51,2026-02-13 11:01:50.001182,1.0543,1.13
"2904010",39,0,1,0,1,0,1,121.500692269816,1,311.140014648438,0,0.00524944951757789,114.297897338867,-94.6354,23.9545,55.9641675133588,51,51,51,51,51,51,0,8511,1.39062200113982,24,-95,0.0073,51,2026-02-13 11:01:50.001182,1.0543,1.13
"2904010",39,0,1,-0.0073,1,-0.0073,1,120.000673610579,1,321.809997558594,-0.00730000017210841,0,112.88680267334,-94.6354,23.9545,55.9641675133588,51,51,51,51,51,51,0,8511,1.39062200113982,24,-95,0.0073,51,2026-02-13 11:01:50.001182,1.0543,1.13
"2904010",39,0,1,-0.0073,1,-0.0073,1,118.754811825951,1,331.519989013672,-0.00730000017210841,0,111.714797973633,-94.6354,23.9545,55.9641675133588,51,51,51,51,51,51,0,8511,1.39062200113982,24,-95,0.0073,51,2026-02-13 11:01:50.001182,1.0543,1.13
"2904010",39,0,1,-0.0073,1,-0.0073,1,117.212166051616,1,341.850006103516,-0.00730000017210841,0,110.263603210449,-94.6354,23.9545,55.9641675133588,51,51,51,51,51,51,0,8511,1.39062200113982,24,-95,0.0073,51,2026-02-13 11:01:50.001182,1.0543,1.13
"2904010",39,0,1,-0.0073,1,-0.0073,1,114.91477054645,1,351.510009765625,-0.00730000017210841,0,108.102401733398,-94.6354,23.9545,55.9641675133588,51,51,51,51,51,51,0,8511,1.39062200113982,24,-95,0.0073,51,2026-02-13 11:01:50.001182,1.0543,1.13
"2904010",39,0,1,-0.0073,1,-0.0073,1,113.290374140421,1,361.200012207031,-0.00730000017210841,0,106.57430267334,-94.6354,23.9545,55.9641675133588,51,51,51,51,51,51,0,8511,1.39062200113982,24,-95,0.0073,51,2026-02-13 11:01:50.001182,1.0543,1.13
"2904010",39,0,1,0,1,0,1,112.900988095884,1,380.950012207031,0,0.00524944951757789,106.208000183105,-94.6354,23.9545,55.9641675133588,51,51,51,51,51,51,0,8511,1.39062200113982,24,-95,0.0073,51,2026-02-13 11:01:50.001182,1.0543,1.13
"2904010",39,0,1,-0.0073,1,-0.0073,1,113.928815755266,1,401.339996337891,-0.00730000017210841,0,107.174896240234,-94.6354,23.9545,55.9641675133588,51,51,51,51,51,51,0,8511,1.39062200113982,24,-95,0.0073,51,2026-02-13 11:01:50.001182,1.0543,1.13
"2904010",39,0,1,-0.0073,1,-0.0073,1,112.225442399689,1,451.359985351562,-0.00730000017210841,0,105.57250213623,-94.6354,23.9545,55.9641675133588,51,51,51,51,51,51,0,8511,1.39062200113982,24,-95,0.0073,51,2026-02-13 11:01:50.001182,1.0543,1.13
"2904010",39,0,1,-0.0073,1,-0.0073,1,112.488114965099,1,501.829986572266,-0.00730000017210841,0,105.819602966309,-94.6354,23.9545,55.9641675133588,51,51,51,51,51,51,0,8511,1.39062200113982,24,-95,0.0073,51,2026-02-13 11:01:50.001182,1.0543,1.13
"2904010",39,0,1,0,1,0,1,113.701122403597,1,551.25,0,0.00524944951757789,106.96070098877,-94.6354,23.9545,55.9641675133588,51,51,51,51,51,51,0,8511,1.39062200113982,24,-95,0.0073,51,2026-02-13 11:01:50.001182,1.0543,1.13
"2904010",39,0,1,0,1,0,1,117.1687927998,1,601.559997558594,0,0.00524944951757789,110.222801208496,-94.6354,23.9545,55.9641675133588,51,51,51,51,51,51,0,8511,1.39062200113982,24,-95,0.0073,51,2026-02-13 11:01:50.001182,1.0543,1.13
"2904010",39,0,1,0,1,0,1,121.206771174255,1,651.919982910156,0,0.00524944951757789,114.02140045166,-94.6354,23.9545,55.9641675133588,51,51,51,51,51,51,0,8511,1.39062200113982,24,-95,0.0073,51,2026-02-13 11:01:50.001182,1.0543,1.13
"2904010",39,0,1,0,1,0,1,126.092295978733,1,700.960021972656,0,0.00524944951757789,118.617301940918,-94.6354,23.9545,55.9641675133588,51,51,51,51,51,51,0,8511,1.39062200113982,24,-95,0.0073,51,2026-02-13 11:01:50.001182,1.0543,1.13
"2904010",39,0,1,0,1,0,1,131.581607591585,1,751.090026855469,0,0.00524944951757789,123.781196594238,-94.6354,23.9545,55.9641675133588,51,51,51,51,51,51,0,8511,1.39062200113982,24,-95,0.0073,51,2026-02-13 11:01:50.001182,1.0543,1.13
"2904010",39,0,1,0.0073,1,0.0073,1,139.595270034737,1,801.799987792969,0.00730000017210841,0.0104988990351558,131.319793701172,-94.6354,23.9545,55.9641675133588,51,51,51,51,51,51,0,8511,1.39062200113982,24,-95,0.0073,51,2026-02-13 11:01:50.001182,1.0543,1.13
"2904010",39,0,1,0.0073,1,0.0073,1,147.612557729115,1,851.52001953125,0.00730000017210841,0.0104988990351558,138.861801147461,-94.6354,23.9545,55.9641675133588,51,51,51,51,51,51,0,8511,1.39062200113982,24,-95,0.0073,51,2026-02-13 11:01:50.001182,1.0543,1.13
"2904010",39,0,1,0,1,0,1,155.193793393364,1,901.869995117188,0,0.00524944951757789,145.993606567383,-94.6354,23.9545,55.9641675133588,51,51,51,51,51,51,0,8511,1.39062200113982,24,-95,0.0073,51,2026-02-13 11:01:50.001182,1.0543,1.13
"2904010",39,0,1,-0.0073,1,-0.0073,1,162.779165250289,1,951.210021972656,-0.00730000017210841,0,153.129302978516,-94.6354,23.9545,55.9641675133588,51,51,51,51,51,51,0,8511,1.39062200113982,24,-95,0.0073,51,2026-02-13 11:01:50.001182,1.0543,1.13
"2904010",39,0,1,0,1,0,1,168.305475512128,1,999.22998046875,0,0.00524944951757789,158.328002929688,-94.6354,23.9545,55.9641675133588,51,51,51,51,51,51,0,8511,1.39062200113982,24,-95,0.0073,51,2026-02-13 11:01:50.001182,1.0543,1.13
"2904010",39,0,1,0,1,0,1,183.914185258991,1,1100.18005371094,0,0.00524944951757789,173.01139831543,-94.6354,23.9545,55.9641675133588,51,51,51,51,51,51,0,8511,1.39062200113982,24,-95,0.0073,51,2026-02-13 11:01:50.001182,1.0543,1.13
"2904010",39,0,1,0,1,0,1,195.569213860152,1,1198.80004882812,0,0.00524944951757789,183.975494384766,-94.6354,23.9545,55.9641675133588,51,51,51,51,51,51,0,8511,1.39062200113982,24,-95,0.0073,51,2026-02-13 11:01:50.001182,1.0543,1.13
"2904010",39,0,1,0,1,0,1,200.805650007107,1,1299.65002441406,0,0.00524944951757789,188.901504516602,-94.6354,23.9545,55.9641675133588,51,51,51,51,51,51,0,8511,1.39062200113982,24,-95,0.0073,51,2026-02-13 11:01:50.001182,1.0543,1.13
"2904010",39,0,1,0,1,0,1,204.220912409063,1,1399.72998046875,0,0.00524944951757789,192.114303588867,-94.6354,23.9545,55.9641675133588,51,51,51,51,51,51,0,8511,1.39062200113982,24,-95,0.0073,51,2026-02-13 11:01:50.001182,1.0543,1.13
"2904010",39,0,1,0,1,0,1,206.528080683196,4,1499.07995605469,0,0.00524944951757789,194.284698486328,-94.6354,23.9545,55.9641675133588,51,51,51,51,51,51,0,8511,1.39062200113982,24,-95,0.0073,51,2026-02-13 11:01:50.001182,1.0543,1.13
"2904010",40,0.0682428437937954,5,0.0949,1,0.0949,1,207.591972104613,1,7.82999992370605,0.0948999971151352,0.162732928991318,195.224105834961,-95.1256,23.7275,101.327918371769,51,51,51,51,51,51,0.0949,8511,1.39062200113982,24,-95,0.0073,51,2026-02-23 17:05:18.001831,1.0543,1.13
"2904010",40,0.0629933942711958,5,0.0876,1,0.0876,1,207.4159744737,1,11.8299999237061,0.0876000002026558,0.162732928991318,195.05859375,-95.1256,23.7275,101.327918371769,51,51,51,51,51,51,0.0876,8511,1.39062200113982,24,-95,0.0073,51,2026-02-23 17:05:18.001831,1.0543,1.13
"2904010",40,0.0787417428389947,5,0.1095,1,0.1095,1,207.231377345747,1,16.9099998474121,0.109499998390675,0.162732928991318,194.884994506836,-95.1256,23.7275,101.327918371769,51,51,51,51,51,51,0.1095,8511,1.39062200113982,24,-95,0.0073,51,2026-02-23 17:05:18.001831,1.0543,1.13
"2904010",40,0.0839911923615944,5,0.1168,1,0.1168,1,207.147491685949,1,21.75,0.116800002753735,0.162732928991318,194.806106567383,-95.1256,23.7275,101.327918371769,51,51,51,51,51,51,0.1168,8511,1.39062200113982,24,-95,0.0073,51,2026-02-23 17:05:18.001831,1.0543,1.13
"2904010",40,0.115487889497192,5,0.1606,1,0.1606,1,207.028818626808,1,26.8500003814697,0.160600006580353,0.162732928991318,194.69450378418,-95.1256,23.7275,101.327918371769,51,51,51,51,51,51,0.1606,8511,1.39062200113982,24,-95,0.0073,51,2026-02-23 17:05:18.001831,1.0543,1.13
"2904010",40,0.110238439974593,5,0.1533,1,0.1533,1,206.943959439044,1,31.7999992370605,0.153300002217293,0.162732928991318,194.614700317383,-95.1256,23.7275,101.327918371769,51,51,51,51,51,51,0.1533,8511,1.39062200113982,24,-95,0.0073,51,2026-02-23 17:05:18.001831,1.0543,1.13
"2904010",40,0.136485687587591,5,0.1898,1,0.1898,1,206.849738157333,1,36.75,0.18979999423027,0.162732928991318,194.526092529297,-95.1256,23.7275,101.327918371769,51,51,51,51,51,51,0.1898,8511,1.39062200113982,24,-95,0.0073,51,2026-02-23 17:05:18.001831,1.0543,1.13
"2904010",40,0.136485687587591,5,0.1898,1,0.1898,1,206.78073124996,1,41.6399993896484,0.18979999423027,0.162732928991318,194.461196899414,-95.1256,23.7275,101.327918371769,51,51,51,51,51,51,0.1898,8511,1.39062200113982,24,-95,0.0073,51,2026-02-23 17:05:18.001831,1.0543,1.13
"2904010",40,0.14173513711019,5,0.1971,1,0.1971,1,206.58485742306,1,46.5499992370605,0.19709999859333,0.162732928991318,194.276992797852,-95.1256,23.7275,101.327918371769,51,51,51,51,51,51,0.1971,8511,1.39062200113982,24,-95,0.0073,51,2026-02-23 17:05:18.001831,1.0543,1.13
"2904010",40,0.14698458663279,5,0.2044,1,0.2044,1,206.387831588065,1,51.7400016784668,0.20440000295639,0.162732928991318,194.091705322266,-95.1256,23.7275,101.327918371769,51,51,51,51,51,51,0.2044,8511,1.39062200113982,24,-95,0.0073,51,2026-02-23 17:05:18.001831,1.0543,1.13
"2904010",40,0.14698458663279,5,0.2044,1,0.2044,1,206.342108224563,1,56.4799995422363,0.20440000295639,0.162732928991318,194.048706054688,-95.1256,23.7275,101.327918371769,51,51,51,51,51,51,0.2044,8511,1.39062200113982,24,-95,0.0073,51,2026-02-23 17:05:18.001831,1.0543,1.13
"2904010",40,0.14173513711019,5,0.1971,1,0.1971,1,206.369010047376,1,61.560001373291,0.19709999859333,0.162732928991318,194.074005126953,-95.1256,23.7275,101.327918371769,51,51,51,51,51,51,0.1971,8511,1.39062200113982,24,-95,0.0073,51,2026-02-23 17:05:18.001831,1.0543,1.13
"2904010",40,0.14698458663279,5,0.2044,1,0.2044,1,206.055955904217,1,66.4400024414062,0.20440000295639,0.162732928991318,193.779602050781,-95.1256,23.7275,101.327918371769,51,51,51,51,51,51,0.2044,8511,1.39062200113982,24,-95,0.0073,51,2026-02-23 17:05:18.001831,1.0543,1.13
"2904010",40,0.136485687587591,5,0.1898,1,0.1898,1,205.820427038139,1,71.3199996948242,0.18979999423027,0.162732928991318,193.55810546875,-95.1256,23.7275,101.327918371769,51,51,51,51,51,51,0.1898,8511,1.39062200113982,24,-95,0.0073,51,2026-02-23 17:05:18.001831,1.0543,1.13
"2904010",40,0.15223403615539,5,0.2117,1,0.2117,1,205.281936268824,1,76.5999984741211,0.21170000731945,0.162732928991318,193.051696777344,-95.1256,23.7275,101.327918371769,51,51,51,51,51,51,0.2117,8511,1.39062200113982,24,-95,0.0073,51,2026-02-23 17:05:18.001831,1.0543,1.13
"2904010",40,0.15223403615539,5,0.2117,1,0.2117,1,204.941347509673,1,81.4599990844727,0.21170000731945,0.162732928991318,192.731399536133,-95.1256,23.7275,101.327918371769,51,51,51,51,51,51,0.2117,8511,1.39062200113982,24,-95,0.0073,51,2026-02-23 17:05:18.001831,1.0543,1.13
"2904010",40,0.157483485677989,5,0.219,1,0.219,1,204.081624962279,1,86.6100006103516,0.218999996781349,0.162732928991318,191.922897338867,-95.1256,23.7275,101.327918371769,51,51,51,51,51,51,0.219,8511,1.39062200113982,24,-95,0.0073,51,2026-02-23 17:05:18.001831,1.0543,1.13
"2904010",40,0.15223403615539,5,0.2117,1,0.2117,1,202.754884823791,1,91.8399963378906,0.21170000731945,0.162732928991318,190.675201416016,-95.1256,23.7275,101.327918371769,51,51,51,51,51,51,0.2117,8511,1.39062200113982,24,-95,0.0073,51,2026-02-23 17:05:18.001831,1.0543,1.13
"2904010",40,0.157483485677989,5,0.219,1,0.219,1,199.339391756345,1,96.5899963378906,0.218999996781349,0.162732928991318,187.463195800781,-95.1256,23.7275,101.327918371769,51,51,51,51,51,51,0.219,8511,1.39062200113982,24,-95,0.0073,51,2026-02-23 17:05:18.001831,1.0543,1.13
"2904010",40,0.167982384723189,1,0.2336,1,0.2336,1,192.672704691301,1,101.730003356934,0.233600005507469,0.173231840133667,181.193695068359,-95.1256,23.7275,101.327918371769,51,51,51,51,51,51,0.2336,8511,1.39062200113982,24,-95,0.0073,51,2026-02-23 17:05:18.001831,1.0543,1.13
"2904010",40,0.0787417428389947,1,0.1095,1,0.1095,1,179.936411488657,1,110.98999786377,0.109499998390675,0.0839911922812462,169.216201782227,-95.1256,23.7275,101.327918371769,51,51,51,51,51,51,0.1095,8511,1.39062200113982,24,-95,0.0073,51,2026-02-23 17:05:18.001831,1.0543,1.13
"2904010",40,0.0682428437937954,1,0.0949,1,0.0949,1,164.393080197756,1,121.120002746582,0.0948999971151352,0.0734922960400581,154.598907470703,-95.1256,23.7275,101.327918371769,51,51,51,51,51,51,0.0949,8511,1.39062200113982,24,-95,0.0073,51,2026-02-23 17:05:18.001831,1.0543,1.13
"2904010",40,0.0997395409293933,1,0.1387,1,0.1387,1,142.732164065963,1,131.75,0.138699993491173,0.104988984763622,134.228500366211,-95.1256,23.7275,101.327918371769,51,51,51,51,51,51,0.1387,8511,1.39062200113982,24,-95,0.0073,51,2026-02-23 17:05:18.001831,1.0543,1.13
"2904010",40,0.0577439447485961,1,0.0803,1,0.0803,1,130.800499840531,1,141.619995117188,0.0803000032901764,0.0629933923482895,123.007698059082,-95.1256,23.7275,101.327918371769,51,51,51,51,51,51,0.0803,8511,1.39062200113982,24,-95,0.0073,51,2026-02-23 17:05:18.001831,1.0543,1.13
"2904010",40,0.0734922933163951,1,0.1022,1,0.1022,1,127.735071204445,1,151.880004882812,0.102200001478195,0.0787417441606522,120.124900817871,-95.1256,23.7275,101.327918371769,51,51,51,51,51,51,0.1022,8511,1.39062200113982,24,-95,0.0073,51,2026-02-23 17:05:18.001831,1.0543,1.13
"2904010",40,0.0209977980903986,1,0.0292,1,0.0292,1,131.127167149758,1,161.559997558594,0.0292000006884336,0.0262472461909056,123.314903259277,-95.1256,23.7275,101.327918371769,51,51,51,51,51,51,0.0292,8511,1.39062200113982,24,-95,0.0073,51,2026-02-23 17:05:18.001831,1.0543,1.13
"2904010",40,0,1,0,1,0,1,135.196822334429,1,171.419998168945,0,0.00524944951757789,127.142097473145,-95.1256,23.7275,101.327918371769,51,51,51,51,51,51,0,8511,1.39062200113982,24,-95,0.0073,51,2026-02-23 17:05:18.001831,1.0543,1.13
"2904010",40,0.0157483485677989,1,0.0219,1,0.0219,1,135.843658653705,1,181.550003051758,0.0219000000506639,0.0209977980703115,127.750396728516,-95.1256,23.7275,101.327918371769,51,51,51,51,51,51,0.0219,8511,1.39062200113982,24,-95,0.0073,51,2026-02-23 17:05:18.001831,1.0543,1.13
"2904010",40,0.00524944952259965,1,0.0073,1,0.0073,1,135.539439276844,1,191.520004272461,0.00730000017210841,0.0104988990351558,127.464302062988,-95.1256,23.7275,101.327918371769,51,51,51,51,51,51,0.0073,8511,1.39062200113982,24,-95,0.0073,51,2026-02-23 17:05:18.001831,1.0543,1.13
"2904010",40,0,1,-0.0073,1,-0.0073,1,134.963102607823,1,201.210006713867,-0.00730000017210841,0,126.922302246094,-95.1256,23.7275,101.327918371769,51,51,51,51,51,51,0,8511,1.39062200113982,24,-95,0.0073,51,2026-02-23 17:05:18.001831,1.0543,1.13
"2904010",40,0,1,-0.0073,1,-0.0073,1,130.122080651469,1,210.990005493164,-0.00730000017210841,0,122.369697570801,-95.1256,23.7275,101.327918371769,51,51,51,51,51,51,0,8511,1.39062200113982,24,-95,0.0073,51,2026-02-23 17:05:18.001831,1.0543,1.13
"2904010",40,0,1,-0.0073,1,-0.0073,1,135.645667403477,1,221.820007324219,-0.00730000017210841,0,127.56420135498,-95.1256,23.7275,101.327918371769,51,51,51,51,51,51,0,8511,1.39062200113982,24,-95,0.0073,51,2026-02-23 17:05:18.001831,1.0543,1.13
"2904010",40,0,1,-0.0073,1,-0.0073,1,133.900066857316,1,231.419998168945,-0.00730000017210841,0,125.92259979248,-95.1256,23.7275,101.327918371769,51,51,51,51,51,51,0,8511,1.39062200113982,24,-95,0.0073,51,2026-02-23 17:05:18.001831,1.0543,1.13
"2904010",40,0,1,-0.0073,1,-0.0073,1,131.533152650072,1,241.550003051758,-0.00730000017210841,0,123.696701049805,-95.1256,23.7275,101.327918371769,51,51,51,51,51,51,0,8511,1.39062200113982,24,-95,0.0073,51,2026-02-23 17:05:18.001831,1.0543,1.13
"2904010",40,0,1,-0.0073,1,-0.0073,1,127.06941334448,1,251.080001831055,-0.00730000017210841,0,119.498901367188,-95.1256,23.7275,101.327918371769,51,51,51,51,51,51,0,8511,1.39062200113982,24,-95,0.0073,51,2026-02-23 17:05:18.001831,1.0543,1.13
"2904010",40,0,1,-0.0073,1,-0.0073,1,120.338286840773,1,261.100006103516,-0.00730000017210841,0,113.168800354004,-95.1256,23.7275,101.327918371769,51,51,51,51,51,51,0,8511,1.39062200113982,24,-95,0.0073,51,2026-02-23 17:05:18.001831,1.0543,1.13
"2904010",40,0,1,-0.0073,1,-0.0073,1,119.995458967299,1,271.459991455078,-0.00730000017210841,0,112.846397399902,-95.1256,23.7275,101.327918371769,51,51,51,51,51,51,0,8511,1.39062200113982,24,-95,0.0073,51,2026-02-23 17:05:18.001831,1.0543,1.13
"2904010",40,0,1,-0.0073,1,-0.0073,1,117.125579648791,1,281.299987792969,-0.00730000017210841,0,110.147499084473,-95.1256,23.7275,101.327918371769,51,51,51,51,51,51,0,8511,1.39062200113982,24,-95,0.0073,51,2026-02-23 17:05:18.001831,1.0543,1.13
"2904010",40,0,1,-0.0073,1,-0.0073,1,116.788714634113,1,291.269989013672,-0.00730000017210841,0,109.830703735352,-95.1256,23.7275,101.327918371769,51,51,51,51,51,51,0,8511,1.39062200113982,24,-95,0.0073,51,2026-02-23 17:05:18.001831,1.0543,1.13
"2904010",40,0,1,-0.0073,1,-0.0073,1,115.922080038155,1,301.649993896484,-0.00730000017210841,0,109.015701293945,-95.1256,23.7275,101.327918371769,51,51,51,51,51,51,0,8511,1.39062200113982,24,-95,0.0073,51,2026-02-23 17:05:18.001831,1.0543,1.13
"2904010",40,0,1,-0.0073,1,-0.0073,1,115.373172519596,1,310.929992675781,-0.00730000017210841,0,108.499496459961,-95.1256,23.7275,101.327918371769,51,51,51,51,51,51,0,8511,1.39062200113982,24,-95,0.0073,51,2026-02-23 17:05:18.001831,1.0543,1.13
"2904010",40,0,1,-0.0073,1,-0.0073,1,113.792187439871,1,321.5,-0.00730000017210841,0,107.012702941895,-95.1256,23.7275,101.327918371769,51,51,51,51,51,51,0,8511,1.39062200113982,24,-95,0.0073,51,2026-02-23 17:05:18.001831,1.0543,1.13
"2904010",40,0,1,-0.0073,1,-0.0073,1,113.281028468221,1,330.929992675781,-0.00730000017210841,0,106.531997680664,-95.1256,23.7275,101.327918371769,51,51,51,51,51,51,0,8511,1.39062200113982,24,-95,0.0073,51,2026-02-23 17:05:18.001831,1.0543,1.13
"2904010",40,0,1,-0.0073,1,-0.0073,1,113.104730666184,1,341.200012207031,-0.00730000017210841,0,106.366203308105,-95.1256,23.7275,101.327918371769,51,51,51,51,51,51,0,8511,1.39062200113982,24,-95,0.0073,51,2026-02-23 17:05:18.001831,1.0543,1.13
"2904010",40,0,1,-0.0073,1,-0.0073,1,113.293262469669,1,351.25,-0.00730000017210841,0,106.543502807617,-95.1256,23.7275,101.327918371769,51,51,51,51,51,51,0,8511,1.39062200113982,24,-95,0.0073,51,2026-02-23 17:05:18.001831,1.0543,1.13
"2904010",40,0,1,-0.0073,1,-0.0073,1,114.174248490403,1,361.440002441406,-0.00730000017210841,0,107.372001647949,-95.1256,23.7275,101.327918371769,51,51,51,51,51,51,0,8511,1.39062200113982,24,-95,0.0073,51,2026-02-23 17:05:18.001831,1.0543,1.13
"2904010",40,0,1,0,1,0,1,114.143833854177,1,381.640014648438,0,0.00524944951757789,107.343399047852,-95.1256,23.7275,101.327918371769,51,51,51,51,51,51,0,8511,1.39062200113982,24,-95,0.0073,51,2026-02-23 17:05:18.001831,1.0543,1.13
"2904010",40,0,1,0,1,0,1,113.058050000181,1,401.350006103516,0,0.00524944951757789,106.322303771973,-95.1256,23.7275,101.327918371769,51,51,51,51,51,51,0,8511,1.39062200113982,24,-95,0.0073,51,2026-02-23 17:05:18.001831,1.0543,1.13
"2904010",40,0,1,0,1,0,1,111.989911340581,1,451.149993896484,0,0.00524944951757789,105.317802429199,-95.1256,23.7275,101.327918371769,51,51,51,51,51,51,0,8511,1.39062200113982,24,-95,0.0073,51,2026-02-23 17:05:18.001831,1.0543,1.13
"2904010",40,0,1,0,1,0,1,114.388189373819,1,501.540008544922,0,0.00524944951757789,107.573196411133,-95.1256,23.7275,101.327918371769,51,51,51,51,51,51,0,8511,1.39062200113982,24,-95,0.0073,51,2026-02-23 17:05:18.001831,1.0543,1.13
"2904010",40,0,1,-0.0073,1,-0.0073,1,118.165542786488,1,551.130004882812,-0.00730000017210841,0,111.125503540039,-95.1256,23.7275,101.327918371769,51,51,51,51,51,51,0,8511,1.39062200113982,24,-95,0.0073,51,2026-02-23 17:05:18.001831,1.0543,1.13
"2904010",40,0,1,0,1,0,1,122.102919858683,1,600.919982910156,0,0.00524944951757789,114.828300476074,-95.1256,23.7275,101.327918371769,51,51,51,51,51,51,0,8511,1.39062200113982,24,-95,0.0073,51,2026-02-23 17:05:18.001831,1.0543,1.13
"2904010",40,0,1,0.0073,1,0.0073,1,130.002880264679,1,651.650024414062,0.00730000017210841,0.0104988990351558,122.257598876953,-95.1256,23.7275,101.327918371769,51,51,51,51,51,51,0,8511,1.39062200113982,24,-95,0.0073,51,2026-02-23 17:05:18.001831,1.0543,1.13
"2904010",40,0,1,0,1,0,1,136.052610206292,1,701.900024414062,0,0.00524944951757789,127.946899414062,-95.1256,23.7275,101.327918371769,51,51,51,51,51,51,0,8511,1.39062200113982,24,-95,0.0073,51,2026-02-23 17:05:18.001831,1.0543,1.13
"2904010",40,0,1,0,1,0,1,141.908494504268,1,751.859985351562,0,0.00524944951757789,133.453903198242,-95.1256,23.7275,101.327918371769,51,51,51,51,51,51,0,8511,1.39062200113982,24,-95,0.0073,51,2026-02-23 17:05:18.001831,1.0543,1.13
"2904010",40,0,1,0,1,0,1,150.513135016228,1,801.169982910156,0,0.00524944951757789,141.5458984375,-95.1256,23.7275,101.327918371769,51,51,51,51,51,51,0,8511,1.39062200113982,24,-95,0.0073,51,2026-02-23 17:05:18.001831,1.0543,1.13
"2904010",40,0,1,0,1,0,1,157.139096161332,1,851.039978027344,0,0.00524944951757789,147.777099609375,-95.1256,23.7275,101.327918371769,51,51,51,51,51,51,0,8511,1.39062200113982,24,-95,0.0073,51,2026-02-23 17:05:18.001831,1.0543,1.13
"2904010",40,0,1,0.0073,1,0.0073,1,163.74847488007,1,901.260009765625,0.00730000017210841,0.0104988990351558,153.992706298828,-95.1256,23.7275,101.327918371769,51,51,51,51,51,51,0,8511,1.39062200113982,24,-95,0.0073,51,2026-02-23 17:05:18.001831,1.0543,1.13
"2904010",40,0,1,0,1,0,1,170.789564575642,1,951.109985351562,0,0.00524944951757789,160.614303588867,-95.1256,23.7275,101.327918371769,51,51,51,51,51,51,0,8511,1.39062200113982,24,-95,0.0073,51,2026-02-23 17:05:18.001831,1.0543,1.13
"2904010",40,0,1,0,1,0,1,176.863648941888,1,999.52001953125,0,0.00524944951757789,166.326507568359,-95.1256,23.7275,101.327918371769,51,51,51,51,51,51,0,8511,1.39062200113982,24,-95,0.0073,51,2026-02-23 17:05:18.001831,1.0543,1.13
"2904010",40,0,1,0.0073,1,0.0073,1,188.93896533154,1,1100.22998046875,0.00730000017210841,0.0104988990351558,177.682403564453,-95.1256,23.7275,101.327918371769,51,51,51,51,51,51,0,8511,1.39062200113982,24,-95,0.0073,51,2026-02-23 17:05:18.001831,1.0543,1.13
"2904010",40,0,1,0,1,0,1,197.20631085397,1,1199.44995117188,0,0.00524944951757789,185.45719909668,-95.1256,23.7275,101.327918371769,51,51,51,51,51,51,0,8511,1.39062200113982,24,-95,0.0073,51,2026-02-23 17:05:18.001831,1.0543,1.13
"2904010",40,0,1,0.0073,1,0.0073,1,202.613252730102,1,1299.81005859375,0.00730000017210841,0.0104988990351558,190.542007446289,-95.1256,23.7275,101.327918371769,51,51,51,51,51,51,0,8511,1.39062200113982,24,-95,0.0073,51,2026-02-23 17:05:18.001831,1.0543,1.13
"2904010",40,0,1,0,1,0,1,206.157932958729,1,1399.64001464844,0,0.00524944951757789,193.875503540039,-95.1256,23.7275,101.327918371769,51,51,51,51,51,51,0,8511,1.39062200113982,24,-95,0.0073,51,2026-02-23 17:05:18.001831,1.0543,1.13
"2904010",40,0,1,0,1,0,1,208.489646017243,4,1499.48999023438,0,0.00524944951757789,196.068298339844,-95.1256,23.7275,101.327918371769,51,51,51,51,51,51,0,8511,1.39062200113982,24,-95,0.0073,51,2026-02-23 17:05:18.001831,1.0543,1.13
"2904010",41,0.0314966971355979,5,0.0438,1,0.0438,1,208.757247027194,1,7.73000001907349,0.0438000001013279,0.236225232481956,196.258193969727,-95.1865,23.9817,11.923325483245,51,51,51,51,51,51,0.0438,8511,1.39062200113982,24,-95,0.0073,51,2026-03-05 23:18:47.002494,1.0543,1.13
"2904010",41,0.0314966971355979,5,0.0438,1,0.0438,1,208.638017243416,1,11.9200000762939,0.0438000001013279,0.236225232481956,196.146102905273,-95.1865,23.9817,11.923325483245,51,51,51,51,51,51,0.0438,8511,1.39062200113982,24,-95,0.0073,51,2026-03-05 23:18:47.002494,1.0543,1.13
"2904010",41,0.0524944952259965,1,0.073,1,0.073,1,208.589617676955,1,16.7800006866455,0.0729999989271164,0.236225232481956,196.100601196289,-95.1865,23.9817,11.923325483245,51,51,51,51,51,51,0.073,8511,1.39062200113982,24,-95,0.0073,51,2026-03-05 23:18:47.002494,1.0543,1.13
"2904010",41,0.0629933942711958,1,0.0876,1,0.0876,1,208.357406879718,1,21.7600002288818,0.0876000002026558,0.236225232481956,195.882293701172,-95.1865,23.9817,11.923325483245,51,51,51,51,51,51,0.0876,8511,1.39062200113982,24,-95,0.0073,51,2026-03-05 23:18:47.002494,1.0543,1.13
"2904010",41,0.0629933942711958,1,0.0876,1,0.0876,1,208.244133715958,1,26.7999992370605,0.0876000002026558,0.236225232481956,195.775802612305,-95.1865,23.9817,11.923325483245,51,51,51,51,51,51,0.0876,8511,1.39062200113982,24,-95,0.0073,51,2026-03-05 23:18:47.002494,1.0543,1.13
"2904010",41,0.0839911923615944,1,0.1168,1,0.1168,1,207.79769559554,1,31.5200004577637,0.116800002753735,0.236225232481956,195.356094360352,-95.1865,23.9817,11.923325483245,51,51,51,51,51,51,0.1168,8511,1.39062200113982,24,-95,0.0073,51,2026-03-05 23:18:47.002494,1.0543,1.13
"2904010",41,0.110238439974593,1,0.1533,1,0.1533,1,207.380099202018,1,35.9000015258789,0.153300002217293,0.236225232481956,194.963500976562,-95.1865,23.9817,11.923325483245,51,51,51,51,51,51,0.1533,8511,1.39062200113982,24,-95,0.0073,51,2026-03-05 23:18:47.002494,1.0543,1.13
"2904010",41,0.104988990451993,1,0.146,1,0.146,1,206.853465824094,1,41.7599983215332,0.145999997854233,0.236225232481956,194.468399047852,-95.1865,23.9817,11.923325483245,51,51,51,51,51,51,0.146,8511,1.39062200113982,24,-95,0.0073,51,2026-03-05 23:18:47.002494,1.0543,1.13
"2904010",41,0.136485687587591,1,0.1898,1,0.1898,1,206.490112003045,1,46.6300010681152,0.18979999423027,0.236225232481956,194.126800537109,-95.1865,23.9817,11.923325483245,51,51,51,51,51,51,0.1898,8511,1.39062200113982,24,-95,0.0073,51,2026-03-05 23:18:47.002494,1.0543,1.13
"2904010",41,0.162732935200589,1,0.2263,1,0.2263,1,206.162595285532,1,51.689998626709,0.226300001144409,0.236225232481956,193.818893432617,-95.1865,23.9817,11.923325483245,51,51,51,51,51,51,0.2263,8511,1.39062200113982,24,-95,0.0073,51,2026-03-05 23:18:47.002494,1.0543,1.13
"2904010",41,0.167982384723189,1,0.2336,1,0.2336,1,205.850838453678,1,56.6199989318848,0.233600005507469,0.236225232481956,193.525802612305,-95.1865,23.9817,11.923325483245,51,51,51,51,51,51,0.2336,8511,1.39062200113982,24,-95,0.0073,51,2026-03-05 23:18:47.002494,1.0543,1.13
"2904010",41,0.230975778994384,1,0.3212,1,0.3212,1,204.859264102968,1,61.9199981689453,0.321200013160706,0.236225232481956,192.593597412109,-95.1865,23.9817,11.923325483245,51,51,51,51,51,51,0.3212,8511,1.39062200113982,24,-95,0.0073,51,2026-03-05 23:18:47.002494,1.0543,1.13
"2904010",41,0.393708714194973,1,0.5475,1,0.5475,1,203.382768945025,1,66.6800003051758,0.547500014305115,0.398958176374435,191.205505371094,-95.1865,23.9817,11.923325483245,51,51,51,51,51,51,0.5475,8511,1.39062200113982,24,-95,0.0073,51,2026-03-05 23:18:47.002494,1.0543,1.13
"2904010",41,0.29921862278818,1,0.4161,1,0.4161,1,200.77599296589,1,71.7099990844727,0.41609999537468,0.304468065500259,188.754806518555,-95.1865,23.9817,11.923325483245,51,51,51,51,51,51,0.4161,8511,1.39062200113982,24,-95,0.0073,51,2026-03-05 23:18:47.002494,1.0543,1.13
"2904010",41,0.136485687587591,1,0.1898,1,0.1898,1,198.403440374952,1,76.9100036621094,0.18979999423027,0.141735136508942,186.524307250977,-95.1865,23.9817,11.923325483245,51,51,51,51,51,51,0.1898,8511,1.39062200113982,24,-95,0.0073,51,2026-03-05 23:18:47.002494,1.0543,1.13
"2904010",41,0.0997395409293933,1,0.1387,1,0.1387,1,197.833195449381,1,81.6900024414062,0.138699993491173,0.104988984763622,185.988204956055,-95.1865,23.9817,11.923325483245,51,51,51,51,51,51,0.1387,8511,1.39062200113982,24,-95,0.0073,51,2026-03-05 23:18:47.002494,1.0543,1.13
"2904010",41,0.0944900914067936,1,0.1314,1,0.1314,1,197.187851665992,1,86.6699981689453,0.131400004029274,0.0997395440936089,185.381500244141,-95.1865,23.9817,11.923325483245,51,51,51,51,51,51,0.1314,8511,1.39062200113982,24,-95,0.0073,51,2026-03-05 23:18:47.002494,1.0543,1.13
"2904010",41,0.0787417428389947,1,0.1095,1,0.1095,1,195.742519206777,1,91.5400009155273,0.109499998390675,0.0839911922812462,184.022705078125,-95.1865,23.9817,11.923325483245,51,51,51,51,51,51,0.1095,8511,1.39062200113982,24,-95,0.0073,51,2026-03-05 23:18:47.002494,1.0543,1.13
"2904010",41,0.0839911923615944,1,0.1168,1,0.1168,1,192.085024671638,1,96.879997253418,0.116800002753735,0.0892406404018402,180.584197998047,-95.1865,23.9817,11.923325483245,51,51,51,51,51,51,0.1168,8511,1.39062200113982,24,-95,0.0073,51,2026-03-05 23:18:47.002494,1.0543,1.13
"2904010",41,0.0577439447485961,1,0.0803,1,0.0803,1,189.566429391558,1,101.400001525879,0.0803000032901764,0.0629933923482895,178.216400146484,-95.1865,23.9817,11.923325483245,51,51,51,51,51,51,0.0803,8511,1.39062200113982,24,-95,0.0073,51,2026-03-05 23:18:47.002494,1.0543,1.13
"2904010",41,0.14173513711019,1,0.1971,1,0.1971,1,159.337296949442,1,111.790000915527,0.19709999859333,0.146984592080116,149.79719543457,-95.1865,23.9817,11.923325483245,51,51,51,51,51,51,0.1971,8511,1.39062200113982,24,-95,0.0073,51,2026-03-05 23:18:47.002494,1.0543,1.13
"2904010",41,0.0944900914067936,1,0.1314,1,0.1314,1,139.625266947015,1,121.910003662109,0.131400004029274,0.0997395440936089,131.265396118164,-95.1865,23.9817,11.923325483245,51,51,51,51,51,51,0.1314,8511,1.39062200113982,24,-95,0.0073,51,2026-03-05 23:18:47.002494,1.0543,1.13
"2904010",41,0.0472450457033968,1,0.0657,1,0.0657,1,134.978551494141,1,130.949996948242,0.065700002014637,0.0524944923818111,126.896896362305,-95.1865,23.9817,11.923325483245,51,51,51,51,51,51,0.0657,8511,1.39062200113982,24,-95,0.0073,51,2026-03-05 23:18:47.002494,1.0543,1.13
"2904010",41,-0.00524944952259965,1,-0.0073,1,-0.0073,1,135.085137662133,1,141.610000610352,-0.00730000017210841,0,126.997100830078,-95.1865,23.9817,11.923325483245,51,51,51,51,51,51,-0.0073,8511,1.39062200113982,24,-95,0.0073,51,2026-03-05 23:18:47.002494,1.0543,1.13
"2904010",41,0,1,-0.0073,1,-0.0073,1,134.461924264012,1,151.529998779297,-0.00730000017210841,0,126.411201477051,-95.1865,23.9817,11.923325483245,51,51,51,51,51,51,0,8511,1.39062200113982,24,-95,0.0073,51,2026-03-05 23:18:47.002494,1.0543,1.13
"2904010",41,0,1,0.0073,1,0.0073,1,132.659722097363,1,161.610000610352,0.00730000017210841,0.0104988990351558,124.716903686523,-95.1865,23.9817,11.923325483245,51,51,51,51,51,51,0,8511,1.39062200113982,24,-95,0.0073,51,2026-03-05 23:18:47.002494,1.0543,1.13
"2904010",41,0,1,-0.0073,1,-0.0073,1,136.081280918933,1,171.289993286133,-0.00730000017210841,0,127.933601379395,-95.1865,23.9817,11.923325483245,51,51,51,51,51,51,0,8511,1.39062200113982,24,-95,0.0073,51,2026-03-05 23:18:47.002494,1.0543,1.13
"2904010",41,0,1,-0.0073,1,-0.0073,1,140.949568028932,1,181.270004272461,-0.00730000017210841,0,132.510406494141,-95.1865,23.9817,11.923325483245,51,51,51,51,51,51,0,8511,1.39062200113982,24,-95,0.0073,51,2026-03-05 23:18:47.002494,1.0543,1.13
"2904010",41,0,1,-0.0073,1,-0.0073,1,133.982302738621,1,191.210006713867,-0.00730000017210841,0,125.960296630859,-95.1865,23.9817,11.923325483245,51,51,51,51,51,51,0,8511,1.39062200113982,24,-95,0.0073,51,2026-03-05 23:18:47.002494,1.0543,1.13
"2904010",41,0,1,-0.0073,1,-0.0073,1,131.651235490364,1,201.320007324219,-0.00730000017210841,0,123.768798828125,-95.1865,23.9817,11.923325483245,51,51,51,51,51,51,0,8511,1.39062200113982,24,-95,0.0073,51,2026-03-05 23:18:47.002494,1.0543,1.13
"2904010",41,0,1,-0.0073,1,-0.0073,1,131.315108454271,1,211.770004272461,-0.00730000017210841,0,123.452796936035,-95.1865,23.9817,11.923325483245,51,51,51,51,51,51,0,8511,1.39062200113982,24,-95,0.0073,51,2026-03-05 23:18:47.002494,1.0543,1.13
"2904010",41,0,1,-0.0073,1,-0.0073,1,131.95800142125,1,221.460006713867,-0.00730000017210841,0,124.057197570801,-95.1865,23.9817,11.923325483245,51,51,51,51,51,51,0,8511,1.39062200113982,24,-95,0.0073,51,2026-03-05 23:18:47.002494,1.0543,1.13
"2904010",41,0,1,-0.0073,1,-0.0073,1,133.960927074963,1,231.470001220703,-0.00730000017210841,0,125.940200805664,-95.1865,23.9817,11.923325483245,51,51,51,51,51,51,0,8511,1.39062200113982,24,-95,0.0073,51,2026-03-05 23:18:47.002494,1.0543,1.13
"2904010",41,0,1,-0.0073,1,-0.0073,1,126.444273144428,1,241.059997558594,-0.00730000017210841,0,118.873596191406,-95.1865,23.9817,11.923325483245,51,51,51,51,51,51,0,8511,1.39062200113982,24,-95,0.0073,51,2026-03-05 23:18:47.002494,1.0543,1.13
"2904010",41,0,1,-0.0073,1,-0.0073,1,123.17131332713,1,251,-0.00730000017210841,0,115.796600341797,-95.1865,23.9817,11.923325483245,51,51,51,51,51,51,0,8511,1.39062200113982,24,-95,0.0073,51,2026-03-05 23:18:47.002494,1.0543,1.13
"2904010",41,0,1,-0.0073,1,-0.0073,1,121.265608801218,1,261.25,-0.00730000017210841,0,114.004997253418,-95.1865,23.9817,11.923325483245,51,51,51,51,51,51,0,8511,1.39062200113982,24,-95,0.0073,51,2026-03-05 23:18:47.002494,1.0543,1.13
"2904010",41,0,1,-0.0073,1,-0.0073,1,119.594663272387,1,271.760009765625,-0.00730000017210841,0,112.434097290039,-95.1865,23.9817,11.923325483245,51,51,51,51,51,51,0,8511,1.39062200113982,24,-95,0.0073,51,2026-03-05 23:18:47.002494,1.0543,1.13
"2904010",41,0,1,-0.0073,1,-0.0073,1,118.217190835766,1,281.149993896484,-0.00730000017210841,0,111.139099121094,-95.1865,23.9817,11.923325483245,51,51,51,51,51,51,0,8511,1.39062200113982,24,-95,0.0073,51,2026-03-05 23:18:47.002494,1.0543,1.13
"2904010",41,0,1,-0.0073,1,-0.0073,1,117.23317181644,1,290.920013427734,-0.00730000017210841,0,110.213996887207,-95.1865,23.9817,11.923325483245,51,51,51,51,51,51,0,8511,1.39062200113982,24,-95,0.0073,51,2026-03-05 23:18:47.002494,1.0543,1.13
"2904010",41,0,1,-0.0073,1,-0.0073,1,116.615915038336,1,301.549987792969,-0.00730000017210841,0,109.633697509766,-95.1865,23.9817,11.923325483245,51,51,51,51,51,51,0,8511,1.39062200113982,24,-95,0.0073,51,2026-03-05 23:18:47.002494,1.0543,1.13
"2904010",41,0,1,-0.0073,1,-0.0073,1,118.025621391453,1,311.410003662109,-0.00730000017210841,0,110.958999633789,-95.1865,23.9817,11.923325483245,51,51,51,51,51,51,0,8511,1.39062200113982,24,-95,0.0073,51,2026-03-05 23:18:47.002494,1.0543,1.13
"2904010",41,0,1,-0.0073,1,-0.0073,1,117.226898700263,1,321.579986572266,-0.00730000017210841,0,110.208099365234,-95.1865,23.9817,11.923325483245,51,51,51,51,51,51,0,8511,1.39062200113982,24,-95,0.0073,51,2026-03-05 23:18:47.002494,1.0543,1.13
"2904010",41,0,1,-0.0073,1,-0.0073,1,117.064576747152,1,331.839996337891,-0.00730000017210841,0,110.05549621582,-95.1865,23.9817,11.923325483245,51,51,51,51,51,51,0,8511,1.39062200113982,24,-95,0.0073,51,2026-03-05 23:18:47.002494,1.0543,1.13
"2904010",41,0,1,-0.0073,1,-0.0073,1,115.534358395049,1,341.209991455078,-0.00730000017210841,0,108.616897583008,-95.1865,23.9817,11.923325483245,51,51,51,51,51,51,0,8511,1.39062200113982,24,-95,0.0073,51,2026-03-05 23:18:47.002494,1.0543,1.13
"2904010",41,0,1,0,1,0,1,114.04233057946,1,351.670013427734,0,0.00524944951757789,107.214202880859,-95.1865,23.9817,11.923325483245,51,51,51,51,51,51,0,8511,1.39062200113982,24,-95,0.0073,51,2026-03-05 23:18:47.002494,1.0543,1.13
"2904010",41,0,1,-0.0073,1,-0.0073,1,111.973030000514,1,361.299987792969,-0.00730000017210841,0,105.268798828125,-95.1865,23.9817,11.923325483245,51,51,51,51,51,51,0,8511,1.39062200113982,24,-95,0.0073,51,2026-03-05 23:18:47.002494,1.0543,1.13
"2904010",41,0,1,0,1,0,1,110.846798707098,1,381.359985351562,0,0.00524944951757789,104.209999084473,-95.1865,23.9817,11.923325483245,51,51,51,51,51,51,0,8511,1.39062200113982,24,-95,0.0073,51,2026-03-05 23:18:47.002494,1.0543,1.13
"2904010",41,0,1,0,1,0,1,109.607075137197,1,401.380004882812,0,0.00524944951757789,103.044502258301,-95.1865,23.9817,11.923325483245,51,51,51,51,51,51,0,8511,1.39062200113982,24,-95,0.0073,51,2026-03-05 23:18:47.002494,1.0543,1.13
"2904010",41,0,1,-0.0073,1,-0.0073,1,111.563621930694,1,451.260009765625,-0.00730000017210841,0,104.883903503418,-95.1865,23.9817,11.923325483245,51,51,51,51,51,51,0,8511,1.39062200113982,24,-95,0.0073,51,2026-03-05 23:18:47.002494,1.0543,1.13
"2904010",41,0,1,-0.0073,1,-0.0073,1,114.122850448411,1,501.079986572266,-0.00730000017210841,0,107.289901733398,-95.1865,23.9817,11.923325483245,51,51,51,51,51,51,0,8511,1.39062200113982,24,-95,0.0073,51,2026-03-05 23:18:47.002494,1.0543,1.13
"2904010",41,0,1,0,1,0,1,116.121515576908,1,550.989990234375,0,0.00524944951757789,109.168899536133,-95.1865,23.9817,11.923325483245,51,51,51,51,51,51,0,8511,1.39062200113982,24,-95,0.0073,51,2026-03-05 23:18:47.002494,1.0543,1.13
"2904010",41,0,1,-0.0073,1,-0.0073,1,120.941508619165,1,601.440002441406,-0.00730000017210841,0,113.700302124023,-95.1865,23.9817,11.923325483245,51,51,51,51,51,51,0,8511,1.39062200113982,24,-95,0.0073,51,2026-03-05 23:18:47.002494,1.0543,1.13
"2904010",41,0,1,0.0073,1,0.0073,1,127.751231859892,1,651.299987792969,0.00730000017210841,0.0104988990351558,120.10230255127,-95.1865,23.9817,11.923325483245,51,51,51,51,51,51,0,8511,1.39062200113982,24,-95,0.0073,51,2026-03-05 23:18:47.002494,1.0543,1.13
"2904010",41,0,1,0,1,0,1,134.599778629451,1,701.710021972656,0,0.00524944951757789,126.540802001953,-95.1865,23.9817,11.923325483245,51,51,51,51,51,51,0,8511,1.39062200113982,24,-95,0.0073,51,2026-03-05 23:18:47.002494,1.0543,1.13
"2904010",41,0,1,0,1,0,1,139.433697502701,1,751.380004882812,0,0.00524944951757789,131.085296630859,-95.1865,23.9817,11.923325483245,51,51,51,51,51,51,0,8511,1.39062200113982,24,-95,0.0073,51,2026-03-05 23:18:47.002494,1.0543,1.13
"2904010",41,0,1,-0.0073,1,-0.0073,1,146.050366201754,1,801.599975585938,-0.00730000017210841,0,137.305801391602,-95.1865,23.9817,11.923325483245,51,51,51,51,51,51,0,8511,1.39062200113982,24,-95,0.0073,51,2026-03-05 23:18:47.002494,1.0543,1.13
"2904010",41,0,1,0,1,0,1,152.701281408262,1,851.489990234375,0,0.00524944951757789,143.558502197266,-95.1865,23.9817,11.923325483245,51,51,51,51,51,51,0,8511,1.39062200113982,24,-95,0.0073,51,2026-03-05 23:18:47.002494,1.0543,1.13
"2904010",41,0,1,0.0073,1,0.0073,1,159.394736944648,1,901.900024414062,0.00730000017210841,0.0104988990351558,149.851196289062,-95.1865,23.9817,11.923325483245,51,51,51,51,51,51,0,8511,1.39062200113982,24,-95,0.0073,51,2026-03-05 23:18:47.002494,1.0543,1.13
"2904010",41,0,1,-0.0073,1,-0.0073,1,165.228637605037,1,951.820007324219,-0.00730000017210841,0,155.335800170898,-95.1865,23.9817,11.923325483245,51,51,51,51,51,51,0,8511,1.39062200113982,24,-95,0.0073,51,2026-03-05 23:18:47.002494,1.0543,1.13
"2904010",41,0,1,0,1,0,1,170.537917478462,1,999.919982910156,0,0.00524944951757789,160.327194213867,-95.1865,23.9817,11.923325483245,51,51,51,51,51,51,0,8511,1.39062200113982,24,-95,0.0073,51,2026-03-05 23:18:47.002494,1.0543,1.13
"2904010",41,0,1,-0.0073,1,-0.0073,1,182.741489989343,1,1100.27001953125,-0.00730000017210841,0,171.800094604492,-95.1865,23.9817,11.923325483245,51,51,51,51,51,51,0,8511,1.39062200113982,24,-95,0.0073,51,2026-03-05 23:18:47.002494,1.0543,1.13
"2904010",41,0,1,0,1,0,1,194.177616121768,1,1199.56005859375,0,0.00524944951757789,182.551498413086,-95.1865,23.9817,11.923325483245,51,51,51,51,51,51,0,8511,1.39062200113982,24,-95,0.0073,51,2026-03-05 23:18:47.002494,1.0543,1.13
"2904010",41,0,1,0,1,0,1,200.127451759767,1,1299.76000976562,0,0.00524944951757789,188.145095825195,-95.1865,23.9817,11.923325483245,51,51,51,51,51,51,0,8511,1.39062200113982,24,-95,0.0073,51,2026-03-05 23:18:47.002494,1.0543,1.13
"2904010",41,0,1,0.0073,1,0.0073,1,204.051176371588,1,1399.43994140625,0.00730000017210841,0.0104988990351558,191.833892822266,-95.1865,23.9817,11.923325483245,51,51,51,51,51,51,0,8511,1.39062200113982,24,-95,0.0073,51,2026-03-05 23:18:47.002494,1.0543,1.13
"2904010",41,0,1,0,1,0,1,206.986540286004,4,1499.5,0,0.00524944951757789,194.593505859375,-95.1865,23.9817,11.923325483245,51,51,51,51,51,51,0,8511,1.39062200113982,24,-95,0.0073,51,2026-03-05 23:18:47.002494,1.0543,1.13
"2904010",42,0.0314966971355979,1,0.0438,1,0.0438,1,207.926464821709,1,7.92000007629395,0.0438000001013279,0.0367461480200291,195.415603637695,-94.9668,24.255,27.8194904483256,51,51,51,51,51,51,0.0438,8511,1.39062200113982,24,-95,0.0073,51,2026-03-16 05:49:38.000608,1.0543,1.13
"2904010",42,0.0262472476129982,1,0.0365,1,0.0365,1,207.797813258534,1,11.6199998855591,0.0364999994635582,0.0314966961741447,195.294692993164,-94.9668,24.255,27.8194904483256,51,51,51,51,51,51,0.0365,8511,1.39062200113982,24,-95,0.0073,51,2026-03-16 05:49:38.000608,1.0543,1.13
"2904010",42,0.0262472476129982,1,0.0365,1,0.0365,1,207.726749667921,1,16.9200000762939,0.0364999994635582,0.0314966961741447,195.227905273438,-94.9668,24.255,27.8194904483256,51,51,51,51,51,51,0.0365,8511,1.39062200113982,24,-95,0.0073,51,2026-03-16 05:49:38.000608,1.0543,1.13
"2904010",42,0.0262472476129982,1,0.0365,1,0.0365,1,207.754187974555,1,21.6700000762939,0.0364999994635582,0.0314966961741447,195.253692626953,-94.9668,24.255,27.8194904483256,51,51,51,51,51,51,0.0365,8511,1.39062200113982,24,-95,0.0073,51,2026-03-16 05:49:38.000608,1.0543,1.13
"2904010",42,0.0314966971355979,1,0.0438,1,0.0438,1,207.970934361277,1,26.7700004577637,0.0438000001013279,0.0367461480200291,195.457397460938,-94.9668,24.255,27.8194904483256,51,51,51,51,51,51,0.0438,8511,1.39062200113982,24,-95,0.0073,51,2026-03-16 05:49:38.000608,1.0543,1.13
"2904010",42,0.0419955961807972,1,0.0584,1,0.0584,1,208.132349535567,1,31.4500007629395,0.0584000013768673,0.0472450479865074,195.609100341797,-94.9668,24.255,27.8194904483256,51,51,51,51,51,51,0.0584,8511,1.39062200113982,24,-95,0.0073,51,2026-03-16 05:49:38.000608,1.0543,1.13
"2904010",42,0.0577439447485961,1,0.0803,1,0.0803,1,208.089260029174,1,36.7000007629395,0.0803000032901764,0.0629933923482895,195.568603515625,-94.9668,24.255,27.8194904483256,51,51,51,51,51,51,0.0803,8511,1.39062200113982,24,-95,0.0073,51,2026-03-16 05:49:38.000608,1.0543,1.13
"2904010",42,0.0577439447485961,1,0.0803,1,0.0803,1,207.995304123559,1,41.8199996948242,0.0803000032901764,0.0629933923482895,195.48030090332,-94.9668,24.255,27.8194904483256,51,51,51,51,51,51,0.0803,8511,1.39062200113982,24,-95,0.0073,51,2026-03-16 05:49:38.000608,1.0543,1.13
"2904010",42,0.0734922933163951,1,0.1022,1,0.1022,1,207.923688519677,1,46.5800018310547,0.102200001478195,0.0787417441606522,195.412994384766,-94.9668,24.255,27.8194904483256,51,51,51,51,51,51,0.1022,8511,1.39062200113982,24,-95,0.0073,51,2026-03-16 05:49:38.000608,1.0543,1.13
"2904010",42,0.115487889497192,1,0.1606,1,0.1606,1,207.990936724456,1,51.8199996948242,0.160600006580353,0.120737344026566,195.476196289062,-94.9668,24.255,27.8194904483256,51,51,51,51,51,51,0.1606,8511,1.39062200113982,24,-95,0.0073,51,2026-03-16 05:49:38.000608,1.0543,1.13
"2904010",42,0.110238439974593,1,0.1533,1,0.1533,1,208.590309485399,1,56.9099998474121,0.153300002217293,0.115487895905972,196.039505004883,-94.9668,24.255,27.8194904483256,51,51,51,51,51,51,0.1533,8511,1.39062200113982,24,-95,0.0073,51,2026-03-16 05:49:38.000608,1.0543,1.13
"2904010",42,0.115487889497192,1,0.1606,1,0.1606,1,208.345783842672,1,61.689998626709,0.160600006580353,0.120737344026566,195.809692382812,-94.9668,24.255,27.8194904483256,51,51,51,51,51,51,0.1606,8511,1.39062200113982,24,-95,0.0073,51,2026-03-16 05:49:38.000608,1.0543,1.13
"2904010",42,0.125986788542392,1,0.1752,1,0.1752,1,207.700253030983,1,66.7200012207031,0.175200000405312,0.131236240267754,195.203002929688,-94.9668,24.255,27.8194904483256,51,51,51,51,51,51,0.1752,8511,1.39062200113982,24,-95,0.0073,51,2026-03-16 05:49:38.000608,1.0543,1.13
"2904010",42,0.131236238064991,1,0.1825,1,0.1825,1,207.130786400702,1,71.6600036621094,0.182500004768372,0.136485695838928,194.66780090332,-94.9668,24.255,27.8194904483256,51,51,51,51,51,51,0.1825,8511,1.39062200113982,24,-95,0.0073,51,2026-03-16 05:49:38.000608,1.0543,1.13
"2904010",42,0.14173513711019,1,0.1971,1,0.1971,1,206.764444417931,1,76.879997253418,0.19709999859333,0.146984592080116,194.323501586914,-94.9668,24.255,27.8194904483256,51,51,51,51,51,51,0.1971,8511,1.39062200113982,24,-95,0.0073,51,2026-03-16 05:49:38.000608,1.0543,1.13
"2904010",42,0.14698458663279,1,0.2044,1,0.2044,1,206.606114023676,1,81.6100006103516,0.20440000295639,0.15223403275013,194.174697875977,-94.9668,24.255,27.8194904483256,51,51,51,51,51,51,0.2044,8511,1.39062200113982,24,-95,0.0073,51,2026-03-16 05:49:38.000608,1.0543,1.13
"2904010",42,0.157483485677989,1,0.219,1,0.219,1,205.280665220742,1,86.7399978637695,0.218999996781349,0.162732928991318,192.929000854492,-94.9668,24.255,27.8194904483256,51,51,51,51,51,51,0.219,8511,1.39062200113982,24,-95,0.0073,51,2026-03-16 05:49:38.000608,1.0543,1.13
"2904010",42,0.246724127562183,1,0.3431,1,0.3431,1,202.408767478841,1,91.8499984741211,0.343100011348724,0.251973569393158,190.229904174805,-94.9668,24.255,27.8194904483256,51,51,51,51,51,51,0.3431,8511,1.39062200113982,24,-95,0.0073,51,2026-03-16 05:49:38.000608,1.0543,1.13
"2904010",42,0.30446807231078,1,0.4234,1,0.4234,1,198.902070712638,1,96.5199966430664,0.423400014638901,0.309717506170273,186.934204101562,-94.9668,24.255,27.8194904483256,51,51,51,51,51,51,0.4234,8511,1.39062200113982,24,-95,0.0073,51,2026-03-16 05:49:38.000608,1.0543,1.13
"2904010",42,0.29396917326558,1,0.4088,1,0.4088,1,196.664858345247,1,101.720001220703,0.408800005912781,0.299218624830246,184.831604003906,-94.9668,24.255,27.8194904483256,51,51,51,51,51,51,0.4088,8511,1.39062200113982,24,-95,0.0073,51,2026-03-16 05:49:38.000608,1.0543,1.13
"2904010",42,0.272971375175182,1,0.3796,1,0.3796,1,191.035962799932,1,111.830001831055,0.379599988460541,0.27822083234787,179.541397094727,-94.9668,24.255,27.8194904483256,51,51,51,51,51,51,0.3796,8511,1.39062200113982,24,-95,0.0073,51,2026-03-16 05:49:38.000608,1.0543,1.13
"2904010",42,0.236225228516984,1,0.3285,1,0.3285,1,182.619871078224,1,121.349998474121,0.328500002622604,0.241474688053131,171.631698608398,-94.9668,24.255,27.8194904483256,51,51,51,51,51,51,0.3285,8511,1.39062200113982,24,-95,0.0073,51,2026-03-16 05:49:38.000608,1.0543,1.13
"2904010",42,0.251973577084783,1,0.3504,1,0.3504,1,154.876885591146,1,131.800003051758,0.350400000810623,0.257223039865494,145.557998657227,-94.9668,24.255,27.8194904483256,51,51,51,51,51,51,0.3504,8511,1.39062200113982,24,-95,0.0073,51,2026-03-16 05:49:38.000608,1.0543,1.13
"2904010",42,0.188980182813587,1,0.2628,1,0.2628,1,132.848333352637,1,141.449996948242,0.262800008058548,0.194229632616043,124.85489654541,-94.9668,24.255,27.8194904483256,51,51,51,51,51,51,0.2628,8511,1.39062200113982,24,-95,0.0073,51,2026-03-16 05:49:38.000608,1.0543,1.13
"2904010",42,0.15223403615539,1,0.2117,1,0.2117,1,128.309217533368,1,151.550003051758,0.21170000731945,0.157483488321304,120.588897705078,-94.9668,24.255,27.8194904483256,51,51,51,51,51,51,0.2117,8511,1.39062200113982,24,-95,0.0073,51,2026-03-16 05:49:38.000608,1.0543,1.13
"2904010",42,0.136485687587591,1,0.1898,1,0.1898,1,127.120392014649,1,161.669998168945,0.18979999423027,0.141735136508942,119.471603393555,-94.9668,24.255,27.8194904483256,51,51,51,51,51,51,0.1898,8511,1.39062200113982,24,-95,0.0073,51,2026-03-16 05:49:38.000608,1.0543,1.13
"2904010",42,0.0629933942711958,1,0.0876,1,0.0876,1,128.403067907035,1,171.669998168945,0.0876000002026558,0.0682428479194641,120.677101135254,-94.9668,24.255,27.8194904483256,51,51,51,51,51,51,0.0876,8511,1.39062200113982,24,-95,0.0073,51,2026-03-16 05:49:38.000608,1.0543,1.13
"2904010",42,0.0262472476129982,1,0.0365,1,0.0365,1,134.190172078971,1,181.509994506836,0.0364999994635582,0.0314966961741447,126.115997314453,-94.9668,24.255,27.8194904483256,51,51,51,51,51,51,0.0365,8511,1.39062200113982,24,-95,0.0073,51,2026-03-16 05:49:38.000608,1.0543,1.13
"2904010",42,0,1,0,1,0,1,133.203505184541,1,191.110000610352,0,0.00524944951757789,125.188697814941,-94.9668,24.255,27.8194904483256,51,51,51,51,51,51,0,8511,1.39062200113982,24,-95,0.0073,51,2026-03-16 05:49:38.000608,1.0543,1.13
"2904010",42,0,1,-0.0073,1,-0.0073,1,130.28894006404,1,201.100006103516,-0.00730000017210841,0,122.449501037598,-94.9668,24.255,27.8194904483256,51,51,51,51,51,51,0,8511,1.39062200113982,24,-95,0.0073,51,2026-03-16 05:49:38.000608,1.0543,1.13
"2904010",42,0,1,-0.0073,1,-0.0073,1,129.234919432882,1,211.520004272461,-0.00730000017210841,0,121.45890045166,-94.9668,24.255,27.8194904483256,51,51,51,51,51,51,0,8511,1.39062200113982,24,-95,0.0073,51,2026-03-16 05:49:38.000608,1.0543,1.13
"2904010",42,0,1,-0.0073,1,-0.0073,1,127.881910555681,1,221.380004882812,-0.00730000017210841,0,120.187301635742,-94.9668,24.255,27.8194904483256,51,51,51,51,51,51,0,8511,1.39062200113982,24,-95,0.0073,51,2026-03-16 05:49:38.000608,1.0543,1.13
"2904010",42,0,1,-0.0073,1,-0.0073,1,127.469069572794,1,231.619995117188,-0.00730000017210841,0,119.799301147461,-94.9668,24.255,27.8194904483256,51,51,51,51,51,51,0,8511,1.39062200113982,24,-95,0.0073,51,2026-03-16 05:49:38.000608,1.0543,1.13
"2904010",42,0,1,-0.0073,1,-0.0073,1,126.015935229907,1,241.449996948242,-0.00730000017210841,0,118.433601379395,-94.9668,24.255,27.8194904483256,51,51,51,51,51,51,0,8511,1.39062200113982,24,-95,0.0073,51,2026-03-16 05:49:38.000608,1.0543,1.13
"2904010",42,0,1,-0.0073,1,-0.0073,1,123.712010435322,1,251.679992675781,-0.00730000017210841,0,116.26830291748,-94.9668,24.255,27.8194904483256,51,51,51,51,51,51,0,8511,1.39062200113982,24,-95,0.0073,51,2026-03-16 05:49:38.000608,1.0543,1.13
"2904010",42,0,1,-0.0073,1,-0.0073,1,121.949878546961,1,260.899993896484,-0.00730000017210841,0,114.612197875977,-94.9668,24.255,27.8194904483256,51,51,51,51,51,51,0,8511,1.39062200113982,24,-95,0.0073,51,2026-03-16 05:49:38.000608,1.0543,1.13
"2904010",42,0,1,0,1,0,1,121.445963492439,1,271.700012207031,0,0.00524944951757789,114.138603210449,-94.9668,24.255,27.8194904483256,51,51,51,51,51,51,0,8511,1.39062200113982,24,-95,0.0073,51,2026-03-16 05:49:38.000608,1.0543,1.13
"2904010",42,0,1,-0.0073,1,-0.0073,1,122.995602743391,1,281.75,-0.00730000017210841,0,115.595001220703,-94.9668,24.255,27.8194904483256,51,51,51,51,51,51,0,8511,1.39062200113982,24,-95,0.0073,51,2026-03-16 05:49:38.000608,1.0543,1.13
"2904010",42,0,1,-0.0073,1,-0.0073,1,121.516929668945,1,291.910003662109,-0.00730000017210841,0,114.205299377441,-94.9668,24.255,27.8194904483256,51,51,51,51,51,51,0,8511,1.39062200113982,24,-95,0.0073,51,2026-03-16 05:49:38.000608,1.0543,1.13
"2904010",42,0,1,0,1,0,1,118.627367502418,1,300.820007324219,0,0.00524944951757789,111.489601135254,-94.9668,24.255,27.8194904483256,51,51,51,51,51,51,0,8511,1.39062200113982,24,-95,0.0073,51,2026-03-16 05:49:38.000608,1.0543,1.13
"2904010",42,0,1,-0.0073,1,-0.0073,1,117.672197835721,1,311.059997558594,-0.00730000017210841,0,110.591903686523,-94.9668,24.255,27.8194904483256,51,51,51,51,51,51,0,8511,1.39062200113982,24,-95,0.0073,51,2026-03-16 05:49:38.000608,1.0543,1.13
"2904010",42,0,1,0,1,0,1,116.849389586084,1,319.359985351562,0,0.00524944951757789,109.818603515625,-94.9668,24.255,27.8194904483256,51,51,51,51,51,51,0,8511,1.39062200113982,24,-95,0.0073,51,2026-03-16 05:49:38.000608,1.0543,1.13
"2904010",42,0,1,-0.0073,1,-0.0073,1,113.723395265502,1,331.850006103516,-0.00730000017210841,0,106.880699157715,-94.9668,24.255,27.8194904483256,51,51,51,51,51,51,0,8511,1.39062200113982,24,-95,0.0073,51,2026-03-16 05:49:38.000608,1.0543,1.13
"2904010",42,0,1,-0.0073,1,-0.0073,1,115.522341568237,1,341.779998779297,-0.00730000017210841,0,108.571403503418,-94.9668,24.255,27.8194904483256,51,51,51,51,51,51,0,8511,1.39062200113982,24,-95,0.0073,51,2026-03-16 05:49:38.000608,1.0543,1.13
"2904010",42,0,1,-0.0073,1,-0.0073,1,116.313116812555,1,351.149993896484,-0.00730000017210841,0,109.314598083496,-94.9668,24.255,27.8194904483256,51,51,51,51,51,51,0,8511,1.39062200113982,24,-95,0.0073,51,2026-03-16 05:49:38.000608,1.0543,1.13
"2904010",42,0,1,0,1,0,1,115.299003493649,1,361.670013427734,0,0.00524944951757789,108.361503601074,-94.9668,24.255,27.8194904483256,51,51,51,51,51,51,0,8511,1.39062200113982,24,-95,0.0073,51,2026-03-16 05:49:38.000608,1.0543,1.13
"2904010",42,0,1,0,1,0,1,111.596739791023,1,381.179992675781,0,0.00524944951757789,104.88200378418,-94.9668,24.255,27.8194904483256,51,51,51,51,51,51,0,8511,1.39062200113982,24,-95,0.0073,51,2026-03-16 05:49:38.000608,1.0543,1.13
"2904010",42,0,1,0,1,0,1,111.897319134137,1,401.540008544922,0,0.00524944951757789,105.164497375488,-94.9668,24.255,27.8194904483256,51,51,51,51,51,51,0,8511,1.39062200113982,24,-95,0.0073,51,2026-03-16 05:49:38.000608,1.0543,1.13
"2904010",42,0,1,0,1,0,1,110.15679694171,1,451.420013427734,0,0.00524944951757789,103.528701782227,-94.9668,24.255,27.8194904483256,51,51,51,51,51,51,0,8511,1.39062200113982,24,-95,0.0073,51,2026-03-16 05:49:38.000608,1.0543,1.13
"2904010",42,0,1,0,1,0,1,112.141406413385,1,501.510009765625,0,0.00524944951757789,105.393898010254,-94.9668,24.255,27.8194904483256,51,51,51,51,51,51,0,8511,1.39062200113982,24,-95,0.0073,51,2026-03-16 05:49:38.000608,1.0543,1.13
"2904010",42,0,1,-0.0073,1,-0.0073,1,114.21242219743,1,551.299987792969,-0.00730000017210841,0,107.340301513672,-94.9668,24.255,27.8194904483256,51,51,51,51,51,51,0,8511,1.39062200113982,24,-95,0.0073,51,2026-03-16 05:49:38.000608,1.0543,1.13
"2904010",42,0,1,0.0073,1,0.0073,1,118.158878711254,1,601.450012207031,0.00730000017210841,0.0104988990351558,111.049301147461,-94.9668,24.255,27.8194904483256,51,51,51,51,51,51,0,8511,1.39062200113982,24,-95,0.0073,51,2026-03-16 05:49:38.000608,1.0543,1.13
"2904010",42,0,1,0,1,0,1,124.325735541274,1,651.47998046875,0,0.00524944951757789,116.845100402832,-94.9668,24.255,27.8194904483256,51,51,51,51,51,51,0,8511,1.39062200113982,24,-95,0.0073,51,2026-03-16 05:49:38.000608,1.0543,1.13
"2904010",42,0,1,0,1,0,1,129.479217776028,1,701.419982910156,0,0.00524944951757789,121.688499450684,-94.9668,24.255,27.8194904483256,51,51,51,51,51,51,0,8511,1.39062200113982,24,-95,0.0073,51,2026-03-16 05:49:38.000608,1.0543,1.13
"2904010",42,0,1,0,1,0,1,137.664316297955,1,751.47998046875,0,0.00524944951757789,129.381103515625,-94.9668,24.255,27.8194904483256,51,51,51,51,51,51,0,8511,1.39062200113982,24,-95,0.0073,51,2026-03-16 05:49:38.000608,1.0543,1.13
"2904010",42,0,1,0,1,0,1,144.983297882111,1,801.630004882812,0,0.00524944951757789,136.259704589844,-94.9668,24.255,27.8194904483256,51,51,51,51,51,51,0,8511,1.39062200113982,24,-95,0.0073,51,2026-03-16 05:49:38.000608,1.0543,1.13
"2904010",42,0,1,0.0073,1,0.0073,1,151.132060041869,1,851.630004882812,0.00730000017210841,0.0104988990351558,142.038497924805,-94.9668,24.255,27.8194904483256,51,51,51,51,51,51,0,8511,1.39062200113982,24,-95,0.0073,51,2026-03-16 05:49:38.000608,1.0543,1.13
"2904010",42,0,1,0,1,0,1,156.461537095504,1,901.530029296875,0,0.00524944951757789,147.047302246094,-94.9668,24.255,27.8194904483256,51,51,51,51,51,51,0,8511,1.39062200113982,24,-95,0.0073,51,2026-03-16 05:49:38.000608,1.0543,1.13
"2904010",42,0,1,-0.0073,1,-0.0073,1,162.876304708449,1,951.820007324219,-0.00730000017210841,0,153.076095581055,-94.9668,24.255,27.8194904483256,51,51,51,51,51,51,0,8511,1.39062200113982,24,-95,0.0073,51,2026-03-16 05:49:38.000608,1.0543,1.13
"2904010",42,0,1,0.0073,1,0.0073,1,169.5365558695,1,1000.02001953125,0.00730000017210841,0.0104988990351558,159.335601806641,-94.9668,24.255,27.8194904483256,51,51,51,51,51,51,0,8511,1.39062200113982,24,-95,0.0073,51,2026-03-16 05:49:38.000608,1.0543,1.13
"2904010",42,0,1,-0.0073,1,-0.0073,1,182.422704926887,1,1099.60998535156,-0.00730000017210841,0,171.446395874023,-94.9668,24.255,27.8194904483256,51,51,51,51,51,51,0,8511,1.39062200113982,24,-95,0.0073,51,2026-03-16 05:49:38.000608,1.0543,1.13
"2904010",42,0,1,0.0073,1,0.0073,1,191.476258325138,1,1199.57995605469,0.00730000017210841,0.0104988990351558,179.955200195312,-94.9668,24.255,27.8194904483256,51,51,51,51,51,51,0,8511,1.39062200113982,24,-95,0.0073,51,2026-03-16 05:49:38.000608,1.0543,1.13
"2904010",42,0,1,0,1,0,1,199.700606614099,1,1299.67004394531,0,0.00524944951757789,187.684692382812,-94.9668,24.255,27.8194904483256,51,51,51,51,51,51,0,8511,1.39062200113982,24,-95,0.0073,51,2026-03-16 05:49:38.000608,1.0543,1.13
"2904010",42,0,1,0,1,0,1,203.592917120453,1,1399.35998535156,0,0.00524944951757789,191.342803955078,-94.9668,24.255,27.8194904483256,51,51,51,51,51,51,0,8511,1.39062200113982,24,-95,0.0073,51,2026-03-16 05:49:38.000608,1.0543,1.13
"2904010",42,0,1,0,1,0,1,206.28190364192,4,1499.42004394531,0,0.00524944951757789,193.869995117188,-94.9668,24.255,27.8194904483256,51,51,51,51,51,51,0,8511,1.39062200113982,24,-95,0.0073,51,2026-03-16 05:49:38.000608,1.0543,1.13
"2904010",43,0.0277734960412899,1,0.0365,1,0.0365,1,207.799705832748,1,7.67000007629395,0.0364999994635582,0.199969187378883,195.235107421875,-94.306,24.7358,46.3654777539933,51,51,51,51,51,51,0.0365,8271,1.31420257448816,25,-94,0.0073,51,2026-03-26 11:54:07.001259,1.0543,1.13
"2904010",43,0.0333281952495479,1,0.0438,1,0.0438,1,207.772031530967,1,11.4499998092651,0.0438000001013279,0.199969187378883,195.209106445312,-94.306,24.7358,46.3654777539933,51,51,51,51,51,51,0.0438,8271,1.31420257448816,25,-94,0.0073,51,2026-03-26 11:54:07.001259,1.0543,1.13
"2904010",43,0.0333281952495479,1,0.0438,1,0.0438,1,207.790334898401,1,16.9400005340576,0.0438000001013279,0.199969187378883,195.226303100586,-94.306,24.7358,46.3654777539933,51,51,51,51,51,51,0.0438,8271,1.31420257448816,25,-94,0.0073,51,2026-03-26 11:54:07.001259,1.0543,1.13
"2904010",43,0.0333281952495479,1,0.0438,1,0.0438,1,207.642819826172,1,21.4699993133545,0.0438000001013279,0.199969187378883,195.087707519531,-94.306,24.7358,46.3654777539933,51,51,51,51,51,51,0.0438,8271,1.31420257448816,25,-94,0.0073,51,2026-03-26 11:54:07.001259,1.0543,1.13
"2904010",43,0.0333281952495479,1,0.0438,1,0.0438,1,207.652596780205,1,26.7000007629395,0.0438000001013279,0.199969187378883,195.096893310547,-94.306,24.7358,46.3654777539933,51,51,51,51,51,51,0.0438,8271,1.31420257448816,25,-94,0.0073,51,2026-03-26 11:54:07.001259,1.0543,1.13
"2904010",43,0.0333281952495479,1,0.0438,1,0.0438,1,207.604394123112,1,31.3299999237061,0.0438000001013279,0.199969187378883,195.051605224609,-94.306,24.7358,46.3654777539933,51,51,51,51,51,51,0.0438,8271,1.31420257448816,25,-94,0.0073,51,2026-03-26 11:54:07.001259,1.0543,1.13
"2904010",43,0.0444375936660639,1,0.0584,1,0.0584,1,207.60364704689,1,36.1399993896484,0.0584000013768673,0.199969187378883,195.050903320312,-94.306,24.7358,46.3654777539933,51,51,51,51,51,51,0.0584,8271,1.31420257448816,25,-94,0.0073,51,2026-03-26 11:54:07.001259,1.0543,1.13
"2904010",43,0.0555469920825798,1,0.073,1,0.073,1,207.553186920345,1,41.75,0.0729999989271164,0.199969187378883,195.003494262695,-94.306,24.7358,46.3654777539933,51,51,51,51,51,51,0.073,8271,1.31420257448816,25,-94,0.0073,51,2026-03-26 11:54:07.001259,1.0543,1.13
"2904010",43,0.0611016912908378,1,0.0803,1,0.0803,1,207.493160970003,1,46.6699981689453,0.0803000032901764,0.199969187378883,194.94709777832,-94.306,24.7358,46.3654777539933,51,51,51,51,51,51,0.0803,8271,1.31420257448816,25,-94,0.0073,51,2026-03-26 11:54:07.001259,1.0543,1.13
"2904010",43,0.0777657889156118,1,0.1022,1,0.1022,1,207.50316529506,1,51.6199989318848,0.102200001478195,0.199969187378883,194.956497192383,-94.306,24.7358,46.3654777539933,51,51,51,51,51,51,0.1022,8271,1.31420257448816,25,-94,0.0073,51,2026-03-26 11:54:07.001259,1.0543,1.13
"2904010",43,0.0722110897073538,1,0.0949,1,0.0949,1,207.387790741156,1,56.8300018310547,0.0948999971151352,0.199969187378883,194.848098754883,-94.306,24.7358,46.3654777539933,51,51,51,51,51,51,0.0949,8271,1.31420257448816,25,-94,0.0073,51,2026-03-26 11:54:07.001259,1.0543,1.13
"2904010",43,0.0944298865403857,1,0.1241,1,0.1241,1,207.337444300122,1,61.9099998474121,0.124099999666214,0.199969187378883,194.800796508789,-94.306,24.7358,46.3654777539933,51,51,51,51,51,51,0.1241,8271,1.31420257448816,25,-94,0.0073,51,2026-03-26 11:54:07.001259,1.0543,1.13
"2904010",43,0.0944298865403857,1,0.1241,1,0.1241,1,207.241542450347,1,66.5899963378906,0.124099999666214,0.199969187378883,194.710693359375,-94.306,24.7358,46.3654777539933,51,51,51,51,51,51,0.1241,8271,1.31420257448816,25,-94,0.0073,51,2026-03-26 11:54:07.001259,1.0543,1.13
"2904010",43,0.11109398416516,1,0.146,1,0.146,1,206.916288200482,1,71.4800033569336,0.145999997854233,0.199969187378883,194.40510559082,-94.306,24.7358,46.3654777539933,51,51,51,51,51,51,0.146,8271,1.31420257448816,25,-94,0.0073,51,2026-03-26 11:54:07.001259,1.0543,1.13
"2904010",43,0.149976878622966,1,0.1971,1,0.1971,1,206.621875205947,1,76.5999984741211,0.19709999859333,0.199969187378883,194.128494262695,-94.306,24.7358,46.3654777539933,51,51,51,51,51,51,0.1971,8271,1.31420257448816,25,-94,0.0073,51,2026-03-26 11:54:07.001259,1.0543,1.13
"2904010",43,0.194414472289029,1,0.2555,1,0.2555,1,206.208173627738,1,81.8600006103516,0.255499988794327,0.199969187378883,193.739807128906,-94.306,24.7358,46.3654777539933,51,51,51,51,51,51,0.2555,8271,1.31420257448816,25,-94,0.0073,51,2026-03-26 11:54:07.001259,1.0543,1.13
"2904010",43,0.177750374664255,1,0.2336,1,0.2336,1,205.956766238318,1,86.6800003051758,0.233600005507469,0.199969187378883,193.503601074219,-94.306,24.7358,46.3654777539933,51,51,51,51,51,51,0.2336,8271,1.31420257448816,25,-94,0.0073,51,2026-03-26 11:54:07.001259,1.0543,1.13
"2904010",43,0.227742667538577,1,0.2993,1,0.2993,1,205.23906960099,1,91.6500015258789,0.299299985170364,0.233297377824783,192.829299926758,-94.306,24.7358,46.3654777539933,51,51,51,51,51,51,0.2993,8271,1.31420257448816,25,-94,0.0073,51,2026-03-26 11:54:07.001259,1.0543,1.13
"2904010",43,0.222187968330319,1,0.292,1,0.292,1,204.667832384708,1,96.879997253418,0.291999995708466,0.227742686867714,192.292602539062,-94.306,24.7358,46.3654777539933,51,51,51,51,51,51,0.292,8271,1.31420257448816,25,-94,0.0073,51,2026-03-26 11:54:07.001259,1.0543,1.13
"2904010",43,0.172195675455997,1,0.2263,1,0.2263,1,204.373321945448,1,101.5,0.226300001144409,0.177750378847122,192.015899658203,-94.306,24.7358,46.3654777539933,51,51,51,51,51,51,0.2263,8271,1.31420257448816,25,-94,0.0073,51,2026-03-26 11:54:07.001259,1.0543,1.13
"2904010",43,0.133312780998192,1,0.1752,1,0.1752,1,204.106696938207,1,111.709999084473,0.175200000405312,0.138867482542992,191.765396118164,-94.306,24.7358,46.3654777539933,51,51,51,51,51,51,0.1752,8271,1.31420257448816,25,-94,0.0073,51,2026-03-26 11:54:07.001259,1.0543,1.13
"2904010",43,0.11109398416516,1,0.146,1,0.146,1,203.486396303097,1,121.800003051758,0.145999997854233,0.116648688912392,191.182601928711,-94.306,24.7358,46.3654777539933,51,51,51,51,51,51,0.146,8271,1.31420257448816,25,-94,0.0073,51,2026-03-26 11:54:07.001259,1.0543,1.13
"2904010",43,0.0777657889156118,1,0.1022,1,0.1022,1,202.058246419635,1,131.929992675781,0.102200001478195,0.0833204910159111,189.840805053711,-94.306,24.7358,46.3654777539933,51,51,51,51,51,51,0.1022,8271,1.31420257448816,25,-94,0.0073,51,2026-03-26 11:54:07.001259,1.0543,1.13
"2904010",43,0.0333281952495479,1,0.0438,1,0.0438,1,198.029978950172,1,141.330001831055,0.0438000001013279,0.0388828963041306,186.056106567383,-94.306,24.7358,46.3654777539933,51,51,51,51,51,51,0.0438,8271,1.31420257448816,25,-94,0.0073,51,2026-03-26 11:54:07.001259,1.0543,1.13
"2904010",43,0,1,0,1,0,1,188.724738588101,1,151.490005493164,0,0.00555469933897257,177.313507080078,-94.306,24.7358,46.3654777539933,51,51,51,51,51,51,0,8271,1.31420257448816,25,-94,0.0073,51,2026-03-26 11:54:07.001259,1.0543,1.13
"2904010",43,0,1,-0.0073,1,-0.0073,1,181.699656058867,1,161.419998168945,-0.00730000017210841,0,170.713195800781,-94.306,24.7358,46.3654777539933,51,51,51,51,51,51,0,8271,1.31420257448816,25,-94,0.0073,51,2026-03-26 11:54:07.001259,1.0543,1.13
"2904010",43,0,1,-0.0073,1,-0.0073,1,182.501658623745,1,171.669998168945,-0.00730000017210841,0,171.466705322266,-94.306,24.7358,46.3654777539933,51,51,51,51,51,51,0,8271,1.31420257448816,25,-94,0.0073,51,2026-03-26 11:54:07.001259,1.0543,1.13
"2904010",43,0,1,-0.0146,1,-0.0146,1,164.094041575392,1,181.570007324219,-0.0146000003442168,-0.00555469933897257,154.172103881836,-94.306,24.7358,46.3654777539933,51,51,51,51,51,51,0,8271,1.31420257448816,25,-94,0.0073,51,2026-03-26 11:54:07.001259,1.0543,1.13
"2904010",43,0,1,-0.0073,1,-0.0073,1,143.257988304964,1,191.529998779297,-0.00730000017210841,0,134.595901489258,-94.306,24.7358,46.3654777539933,51,51,51,51,51,51,0,8271,1.31420257448816,25,-94,0.0073,51,2026-03-26 11:54:07.001259,1.0543,1.13
"2904010",43,0,1,-0.0073,1,-0.0073,1,142.665248286123,1,201.360000610352,-0.00730000017210841,0,134.039001464844,-94.306,24.7358,46.3654777539933,51,51,51,51,51,51,0,8271,1.31420257448816,25,-94,0.0073,51,2026-03-26 11:54:07.001259,1.0543,1.13
"2904010",43,0,1,-0.0073,1,-0.0073,1,140.53408343717,1,211.380004882812,-0.00730000017210841,0,132.036697387695,-94.306,24.7358,46.3654777539933,51,51,51,51,51,51,0,8271,1.31420257448816,25,-94,0.0073,51,2026-03-26 11:54:07.001259,1.0543,1.13
"2904010",43,0,1,-0.0073,1,-0.0073,1,140.683839738064,1,221.580001831055,-0.00730000017210841,0,132.177398681641,-94.306,24.7358,46.3654777539933,51,51,51,51,51,51,0,8271,1.31420257448816,25,-94,0.0073,51,2026-03-26 11:54:07.001259,1.0543,1.13
"2904010",43,0,1,-0.0073,1,-0.0073,1,145.336029538233,1,231.729995727539,-0.00730000017210841,0,136.548294067383,-94.306,24.7358,46.3654777539933,51,51,51,51,51,51,0,8271,1.31420257448816,25,-94,0.0073,51,2026-03-26 11:54:07.001259,1.0543,1.13
"2904010",43,0,1,-0.0146,1,-0.0146,1,146.65999477033,1,241.860000610352,-0.0146000003442168,-0.00555469933897257,137.792205810547,-94.306,24.7358,46.3654777539933,51,51,51,51,51,51,0,8271,1.31420257448816,25,-94,0.0073,51,2026-03-26 11:54:07.001259,1.0543,1.13
"2904010",43,0,1,-0.0146,1,-0.0146,1,139.559343857184,1,251.539993286133,-0.0146000003442168,-0.00555469933897257,131.120895385742,-94.306,24.7358,46.3654777539933,51,51,51,51,51,51,0,8271,1.31420257448816,25,-94,0.0073,51,2026-03-26 11:54:07.001259,1.0543,1.13
"2904010",43,0,1,-0.0073,1,-0.0073,1,132.433267991316,1,261.549987792969,-0.00730000017210841,0,124.42569732666,-94.306,24.7358,46.3654777539933,51,51,51,51,51,51,0,8271,1.31420257448816,25,-94,0.0073,51,2026-03-26 11:54:07.001259,1.0543,1.13
"2904010",43,0,1,-0.0073,1,-0.0073,1,132.192831253805,1,271.670013427734,-0.00730000017210841,0,124.199798583984,-94.306,24.7358,46.3654777539933,51,51,51,51,51,51,0,8271,1.31420257448816,25,-94,0.0073,51,2026-03-26 11:54:07.001259,1.0543,1.13
"2904010",43,0,1,-0.0073,1,-0.0073,1,131.190100676683,1,281.579986572266,-0.00730000017210841,0,123.257698059082,-94.306,24.7358,46.3654777539933,51,51,51,51,51,51,0,8271,1.31420257448816,25,-94,0.0073,51,2026-03-26 11:54:07.001259,1.0543,1.13
"2904010",43,0,1,-0.0073,1,-0.0073,1,131.594983507318,1,291.630004882812,-0.00730000017210841,0,123.63809967041,-94.306,24.7358,46.3654777539933,51,51,51,51,51,51,0,8271,1.31420257448816,25,-94,0.0073,51,2026-03-26 11:54:07.001259,1.0543,1.13
"2904010",43,0,1,-0.0073,1,-0.0073,1,131.511749471739,1,300.970001220703,-0.00730000017210841,0,123.559898376465,-94.306,24.7358,46.3654777539933,51,51,51,51,51,51,0,8271,1.31420257448816,25,-94,0.0073,51,2026-03-26 11:54:07.001259,1.0543,1.13
"2904010",43,0,1,-0.0073,1,-0.0073,1,133.307533939865,1,310.779998779297,-0.00730000017210841,0,125.247100830078,-94.306,24.7358,46.3654777539933,51,51,51,51,51,51,0,8271,1.31420257448816,25,-94,0.0073,51,2026-03-26 11:54:07.001259,1.0543,1.13
"2904010",43,0,1,-0.0073,1,-0.0073,1,133.667072491995,1,321.850006103516,-0.00730000017210841,0,125.584899902344,-94.306,24.7358,46.3654777539933,51,51,51,51,51,51,0,8271,1.31420257448816,25,-94,0.0073,51,2026-03-26 11:54:07.001259,1.0543,1.13
"2904010",43,0,1,-0.0073,1,-0.0073,1,128.951226925493,1,330.559997558594,-0.00730000017210841,0,121.154197692871,-94.306,24.7358,46.3654777539933,51,51,51,51,51,51,0,8271,1.31420257448816,25,-94,0.0073,51,2026-03-26 11:54:07.001259,1.0543,1.13
"2904010",43,0,1,0,1,0,1,126.493313674231,1,338.489990234375,0,0.00555469933897257,118.844902038574,-94.306,24.7358,46.3654777539933,51,51,51,51,51,51,0,8271,1.31420257448816,25,-94,0.0073,51,2026-03-26 11:54:07.001259,1.0543,1.13
"2904010",43,0,1,-0.0073,1,-0.0073,1,122.648753871785,1,351.619995117188,-0.00730000017210841,0,115.232803344727,-94.306,24.7358,46.3654777539933,51,51,51,51,51,51,0,8271,1.31420257448816,25,-94,0.0073,51,2026-03-26 11:54:07.001259,1.0543,1.13
"2904010",43,0,1,-0.0073,1,-0.0073,1,121.325543836303,1,361.540008544922,-0.00730000017210841,0,113.989601135254,-94.306,24.7358,46.3654777539933,51,51,51,51,51,51,0,8271,1.31420257448816,25,-94,0.0073,51,2026-03-26 11:54:07.001259,1.0543,1.13
"2904010",43,0,1,-0.0073,1,-0.0073,1,121.651447717665,1,381.600006103516,-0.00730000017210841,0,114.295799255371,-94.306,24.7358,46.3654777539933,51,51,51,51,51,51,0,8271,1.31420257448816,25,-94,0.0073,51,2026-03-26 11:54:07.001259,1.0543,1.13
"2904010",43,0,1,0,1,0,1,117.196908300521,1,401.329986572266,0,0.00555469933897257,110.11060333252,-94.306,24.7358,46.3654777539933,51,51,51,51,51,51,0,8271,1.31420257448816,25,-94,0.0073,51,2026-03-26 11:54:07.001259,1.0543,1.13
"2904010",43,0,1,-0.0073,1,-0.0073,1,115.249556683703,1,451.920013427734,-0.00730000017210841,0,108.28099822998,-94.306,24.7358,46.3654777539933,51,51,51,51,51,51,0,8271,1.31420257448816,25,-94,0.0073,51,2026-03-26 11:54:07.001259,1.0543,1.13
"2904010",43,0,1,0,1,0,1,111.687692147661,1,501.630004882812,0,0.00555469933897257,104.934501647949,-94.306,24.7358,46.3654777539933,51,51,51,51,51,51,0,8271,1.31420257448816,25,-94,0.0073,51,2026-03-26 11:54:07.001259,1.0543,1.13
"2904010",43,0,1,0,1,0,1,111.689502995459,1,551.679992675781,0,0.00555469933897257,104.93620300293,-94.306,24.7358,46.3654777539933,51,51,51,51,51,51,0,8271,1.31420257448816,25,-94,0.0073,51,2026-03-26 11:54:07.001259,1.0543,1.13
"2904010",43,0,1,0,1,0,1,112.101621096894,1,601.390014648438,0,0.00555469933897257,105.323402404785,-94.306,24.7358,46.3654777539933,51,51,51,51,51,51,0,8271,1.31420257448816,25,-94,0.0073,51,2026-03-26 11:54:07.001259,1.0543,1.13
"2904010",43,0,1,0,1,0,1,116.951355714971,1,651.880004882812,0,0.00555469933897257,109.879898071289,-94.306,24.7358,46.3654777539933,51,51,51,51,51,51,0,8271,1.31420257448816,25,-94,0.0073,51,2026-03-26 11:54:07.001259,1.0543,1.13
"2904010",43,0,1,0,1,0,1,121.257527418545,1,701.799987792969,0,0.00555469933897257,113.92569732666,-94.306,24.7358,46.3654777539933,51,51,51,51,51,51,0,8271,1.31420257448816,25,-94,0.0073,51,2026-03-26 11:54:07.001259,1.0543,1.13
"2904010",43,0,1,0.0073,1,0.0073,1,128.289731533067,1,751.27001953125,0.00730000017210841,0.0111093986779451,120.532699584961,-94.306,24.7358,46.3654777539933,51,51,51,51,51,51,0,8271,1.31420257448816,25,-94,0.0073,51,2026-03-26 11:54:07.001259,1.0543,1.13
"2904010",43,0,1,0,1,0,1,136.437588419713,1,801.349975585938,0,0.00555469933897257,128.187896728516,-94.306,24.7358,46.3654777539933,51,51,51,51,51,51,0,8271,1.31420257448816,25,-94,0.0073,51,2026-03-26 11:54:07.001259,1.0543,1.13
"2904010",43,0,1,0,1,0,1,141.511908766768,1,851.080017089844,0,0.00555469933897257,132.95539855957,-94.306,24.7358,46.3654777539933,51,51,51,51,51,51,0,8271,1.31420257448816,25,-94,0.0073,51,2026-03-26 11:54:07.001259,1.0543,1.13
"2904010",43,0,1,0,1,0,1,147.969684350277,1,901.299987792969,0,0.00555469933897257,139.022705078125,-94.306,24.7358,46.3654777539933,51,51,51,51,51,51,0,8271,1.31420257448816,25,-94,0.0073,51,2026-03-26 11:54:07.001259,1.0543,1.13
"2904010",43,0,1,0,1,0,1,154.043966220197,1,951.450012207031,0,0.00555469933897257,144.729705810547,-94.306,24.7358,46.3654777539933,51,51,51,51,51,51,0,8271,1.31420257448816,25,-94,0.0073,51,2026-03-26 11:54:07.001259,1.0543,1.13
"2904010",43,0,1,0,1,0,1,160.018724544744,1,999.359985351562,0,0.00555469933897257,150.343200683594,-94.306,24.7358,46.3654777539933,51,51,51,51,51,51,0,8271,1.31420257448816,25,-94,0.0073,51,2026-03-26 11:54:07.001259,1.0543,1.13
"2904010",43,0,1,0.0073,1,0.0073,1,172.91861959268,1,1099.85998535156,0.00730000017210841,0.0111093986779451,162.463104248047,-94.306,24.7358,46.3654777539933,51,51,51,51,51,51,0,8271,1.31420257448816,25,-94,0.0073,51,2026-03-26 11:54:07.001259,1.0543,1.13
"2904010",43,0,1,0,1,0,1,184.074984906046,1,1199.25,0,0.00555469933897257,172.944900512695,-94.306,24.7358,46.3654777539933,51,51,51,51,51,51,0,8271,1.31420257448816,25,-94,0.0073,51,2026-03-26 11:54:07.001259,1.0543,1.13
"2904010",43,0,1,0,1,0,1,194.290570125943,1,1299.52001953125,0,0.00555469933897257,182.54280090332,-94.306,24.7358,46.3654777539933,51,51,51,51,51,51,0,8271,1.31420257448816,25,-94,0.0073,51,2026-03-26 11:54:07.001259,1.0543,1.13
"2904010",43,0,1,0.0073,1,0.0073,1,200.549298618708,1,1399.68994140625,0.00730000017210841,0.0111093986779451,188.423095703125,-94.306,24.7358,46.3654777539933,51,51,51,51,51,51,0,8271,1.31420257448816,25,-94,0.0073,51,2026-03-26 11:54:07.001259,1.0543,1.13
"2904010",43,0,1,0.0073,1,0.0073,1,204.117139764524,1,1499.59997558594,0.00730000017210841,0.0111093986779451,191.775207519531,-94.306,24.7358,46.3654777539933,51,51,51,51,51,51,0,8271,1.31420257448816,25,-94,0.0073,51,2026-03-26 11:54:07.001259,1.0543,1.13
"2904010",43,0,1,0.0073,1,0.0073,1,205.698553958965,1,1600.65002441406,0.00730000017210841,0.0111093986779451,193.261001586914,-94.306,24.7358,46.3654777539933,51,51,51,51,51,51,0,8271,1.31420257448816,25,-94,0.0073,51,2026-03-26 11:54:07.001259,1.0543,1.13
"2904010",44,0,5,0,1,0,1,207.562288763991,1,7.59000015258789,0,0.272995233535767,194.950805664062,-93.8152,24.0371,23.8458664250309,51,51,51,51,51,51,0,8512,1.4172408038427,24,-94,0.0073,51,2026-04-05 17:54:51.001902,1.0543,1.13
"2904010",44,0,5,0,1,0,1,207.790982145776,1,11.75,0,0.272995233535767,195.165603637695,-93.8152,24.0371,23.8458664250309,51,51,51,51,51,51,0,8512,1.4172408038427,24,-94,0.0073,51,2026-04-05 17:54:51.001902,1.0543,1.13
"2904010",44,0.00515085367300097,5,0.0073,1,0.0073,1,207.594114460866,1,16.8799991607666,0.00730000017210841,0.272995233535767,194.980697631836,-93.8152,24.0371,23.8458664250309,51,51,51,51,51,51,0.0073,8512,1.4172408038427,24,-94,0.0073,51,2026-04-05 17:54:51.001902,1.0543,1.13
"2904010",44,0.0103017073460019,5,0.0146,1,0.0146,1,207.62499789617,1,21.7399997711182,0.0146000003442168,0.272995233535767,195.009704589844,-93.8152,24.0371,23.8458664250309,51,51,51,51,51,51,0.0146,8512,1.4172408038427,24,-94,0.0073,51,2026-04-05 17:54:51.001902,1.0543,1.13
"2904010",44,0.00515085367300097,1,0.0073,1,0.0073,1,207.917570114155,1,26.7900009155273,0.00730000017210841,0.272995233535767,195.28450012207,-93.8152,24.0371,23.8458664250309,51,51,51,51,51,51,0.0073,8512,1.4172408038427,24,-94,0.0073,51,2026-04-05 17:54:51.001902,1.0543,1.13
"2904010",44,0.0154525610190029,1,0.0219,1,0.0219,1,207.966340273431,1,31.6200008392334,0.0219000000506639,0.272995233535767,195.330307006836,-93.8152,24.0371,23.8458664250309,51,51,51,51,51,51,0.0219,8512,1.4172408038427,24,-94,0.0073,51,2026-04-05 17:54:51.001902,1.0543,1.13
"2904010",44,0.0154525610190029,1,0.0219,1,0.0219,1,208.180753518639,1,36.7299995422363,0.0219000000506639,0.272995233535767,195.531692504883,-93.8152,24.0371,23.8458664250309,51,51,51,51,51,51,0.0219,8512,1.4172408038427,24,-94,0.0073,51,2026-04-05 17:54:51.001902,1.0543,1.13
"2904010",44,0.0257542683650049,1,0.0365,1,0.0365,1,207.990400435285,1,41.9199981689453,0.0364999994635582,0.272995233535767,195.352905273438,-93.8152,24.0371,23.8458664250309,51,51,51,51,51,51,0.0365,8512,1.4172408038427,24,-94,0.0073,51,2026-04-05 17:54:51.001902,1.0543,1.13
"2904010",44,0.0360559757110068,1,0.0511,1,0.0511,1,207.318681655951,1,46.8499984741211,0.0511000007390976,0.272995233535767,194.72200012207,-93.8152,24.0371,23.8458664250309,51,51,51,51,51,51,0.0511,8512,1.4172408038427,24,-94,0.0073,51,2026-04-05 17:54:51.001902,1.0543,1.13
"2904010",44,0.0463576830570087,1,0.0657,1,0.0657,1,207.025670798959,1,51.7400016784668,0.065700002014637,0.272995233535767,194.446792602539,-93.8152,24.0371,23.8458664250309,51,51,51,51,51,51,0.0657,8512,1.4172408038427,24,-94,0.0073,51,2026-04-05 17:54:51.001902,1.0543,1.13
"2904010",44,0.0669610977490126,1,0.0949,1,0.0949,1,206.499401465326,1,56.7999992370605,0.0948999971151352,0.272995233535767,193.952499389648,-93.8152,24.0371,23.8458664250309,51,51,51,51,51,51,0.0949,8512,1.4172408038427,24,-94,0.0073,51,2026-04-05 17:54:51.001902,1.0543,1.13
"2904010",44,0.103017073460019,1,0.146,1,0.146,1,206.102806819013,1,61.7799987792969,0.145999997854233,0.272995233535767,193.580001831055,-93.8152,24.0371,23.8458664250309,51,51,51,51,51,51,0.146,8512,1.4172408038427,24,-94,0.0073,51,2026-04-05 17:54:51.001902,1.0543,1.13
"2904010",44,0.123620488152023,1,0.1752,1,0.1752,1,205.866022984423,1,66.5500030517578,0.175200000405312,0.272995233535767,193.357604980469,-93.8152,24.0371,23.8458664250309,51,51,51,51,51,51,0.1752,8512,1.4172408038427,24,-94,0.0073,51,2026-04-05 17:54:51.001902,1.0543,1.13
"2904010",44,0.252391829977048,1,0.3577,1,0.3577,1,205.452483875711,1,71.4000015258789,0.357699990272522,0.272995233535767,192.969192504883,-93.8152,24.0371,23.8458664250309,51,51,51,51,51,51,0.3577,8512,1.4172408038427,24,-94,0.0073,51,2026-04-05 17:54:51.001902,1.0543,1.13
"2904010",44,0.314202074053059,1,0.4453,1,0.4453,1,205.176417481118,1,76.870002746582,0.44530001282692,0.272995233535767,192.709899902344,-93.8152,24.0371,23.8458664250309,51,51,51,51,51,51,0.4453,8512,1.4172408038427,24,-94,0.0073,51,2026-04-05 17:54:51.001902,1.0543,1.13
"2904010",44,0.226637561612043,1,0.3212,1,0.3212,1,205.165776423715,1,81.7900009155273,0.321200013160706,0.272995233535767,192.699905395508,-93.8152,24.0371,23.8458664250309,51,51,51,51,51,51,0.3212,8512,1.4172408038427,24,-94,0.0073,51,2026-04-05 17:54:51.001902,1.0543,1.13
"2904010",44,0.26784439099605,1,0.3796,1,0.3796,1,204.351808638846,1,86.7399978637695,0.379599988460541,0.272995233535767,191.935394287109,-93.8152,24.0371,23.8458664250309,51,51,51,51,51,51,0.3796,8512,1.4172408038427,24,-94,0.0073,51,2026-04-05 17:54:51.001902,1.0543,1.13
"2904010",44,0.303900366707057,1,0.4307,1,0.4307,1,202.974530893047,1,91.7600021362305,0.4307000041008,0.309051215648651,190.641799926758,-93.8152,24.0371,23.8458664250309,51,51,51,51,51,51,0.4307,8512,1.4172408038427,24,-94,0.0073,51,2026-04-05 17:54:51.001902,1.0543,1.13
"2904010",44,0.252391829977048,1,0.3577,1,0.3577,1,201.997779298739,1,96.8899993896484,0.357699990272522,0.257542669773102,189.724395751953,-93.8152,24.0371,23.8458664250309,51,51,51,51,51,51,0.3577,8512,1.4172408038427,24,-94,0.0073,51,2026-04-05 17:54:51.001902,1.0543,1.13
"2904010",44,0.21118500059304,1,0.2993,1,0.2993,1,201.732256486215,1,101.559997558594,0.299299985170364,0.216335847973824,189.475006103516,-93.8152,24.0371,23.8458664250309,51,51,51,51,51,51,0.2993,8512,1.4172408038427,24,-94,0.0073,51,2026-04-05 17:54:51.001902,1.0543,1.13
"2904010",44,0.144223902844027,1,0.2044,1,0.2044,1,201.704995884195,1,111.410003662109,0.20440000295639,0.149374753236771,189.449401855469,-93.8152,24.0371,23.8458664250309,51,51,51,51,51,51,0.2044,8512,1.4172408038427,24,-94,0.0073,51,2026-04-05 17:54:51.001902,1.0543,1.13
"2904010",44,0.0875645124410165,1,0.1241,1,0.1241,1,200.181748824242,1,121.580001831055,0.124099999666214,0.0927153676748276,188.018707275391,-93.8152,24.0371,23.8458664250309,51,51,51,51,51,51,0.1241,8512,1.4172408038427,24,-94,0.0073,51,2026-04-05 17:54:51.001902,1.0543,1.13
"2904010",44,0.0772628050950146,1,0.1095,1,0.1095,1,200.058556246698,1,131.619995117188,0.109499998390675,0.0824136584997177,187.90299987793,-93.8152,24.0371,23.8458664250309,51,51,51,51,51,51,0.1095,8512,1.4172408038427,24,-94,0.0073,51,2026-04-05 17:54:51.001902,1.0543,1.13
"2904010",44,0.0257542683650049,1,0.0365,1,0.0365,1,196.170736264569,1,141.509994506836,0.0364999994635582,0.030905120074749,184.251403808594,-93.8152,24.0371,23.8458664250309,51,51,51,51,51,51,0.0365,8512,1.4172408038427,24,-94,0.0073,51,2026-04-05 17:54:51.001902,1.0543,1.13
"2904010",44,0.00515085367300097,1,0.0073,1,0.0073,1,190.747631018615,1,151.910003662109,0.00730000017210841,0.0103017073124647,179.157806396484,-93.8152,24.0371,23.8458664250309,51,51,51,51,51,51,0.0073,8512,1.4172408038427,24,-94,0.0073,51,2026-04-05 17:54:51.001902,1.0543,1.13
"2904010",44,0,1,0,1,0,1,183.60280268477,1,161.649993896484,0,0.00515085365623236,172.44709777832,-93.8152,24.0371,23.8458664250309,51,51,51,51,51,51,0,8512,1.4172408038427,24,-94,0.0073,51,2026-04-05 17:54:51.001902,1.0543,1.13
"2904010",44,0,1,-0.0073,1,-0.0073,1,170.920741733583,1,171.860000610352,-0.00730000017210841,0,160.535598754883,-93.8152,24.0371,23.8458664250309,51,51,51,51,51,51,0,8512,1.4172408038427,24,-94,0.0073,51,2026-04-05 17:54:51.001902,1.0543,1.13
"2904010",44,0,1,-0.0073,1,-0.0073,1,149.678673043328,1,181.539993286133,-0.00730000017210841,0,140.584197998047,-93.8152,24.0371,23.8458664250309,51,51,51,51,51,51,0,8512,1.4172408038427,24,-94,0.0073,51,2026-04-05 17:54:51.001902,1.0543,1.13
"2904010",44,0,1,-0.0073,1,-0.0073,1,143.702346533615,1,191.770004272461,-0.00730000017210841,0,134.970993041992,-93.8152,24.0371,23.8458664250309,51,51,51,51,51,51,0,8512,1.4172408038427,24,-94,0.0073,51,2026-04-05 17:54:51.001902,1.0543,1.13
"2904010",44,0,1,-0.0146,1,-0.0146,1,142.132571247092,1,201.270004272461,-0.0146000003442168,-0.00515085365623236,133.496597290039,-93.8152,24.0371,23.8458664250309,51,51,51,51,51,51,0,8512,1.4172408038427,24,-94,0.0073,51,2026-04-05 17:54:51.001902,1.0543,1.13
"2904010",44,0,1,-0.0073,1,-0.0073,1,141.881945914933,1,211.830001831055,-0.00730000017210841,0,133.261199951172,-93.8152,24.0371,23.8458664250309,51,51,51,51,51,51,0,8512,1.4172408038427,24,-94,0.0073,51,2026-04-05 17:54:51.001902,1.0543,1.13
"2904010",44,0,1,-0.0073,1,-0.0073,1,138.070562841328,1,221.389999389648,-0.00730000017210841,0,129.681396484375,-93.8152,24.0371,23.8458664250309,51,51,51,51,51,51,0,8512,1.4172408038427,24,-94,0.0073,51,2026-04-05 17:54:51.001902,1.0543,1.13
"2904010",44,0,1,0,1,0,1,133.526676994076,1,231.830001831055,0,0.00515085365623236,125.413597106934,-93.8152,24.0371,23.8458664250309,51,51,51,51,51,51,0,8512,1.4172408038427,24,-94,0.0073,51,2026-04-05 17:54:51.001902,1.0543,1.13
"2904010",44,0,1,-0.0073,1,-0.0073,1,132.541737471628,1,241.169998168945,-0.00730000017210841,0,124.488502502441,-93.8152,24.0371,23.8458664250309,51,51,51,51,51,51,0,8512,1.4172408038427,24,-94,0.0073,51,2026-04-05 17:54:51.001902,1.0543,1.13
"2904010",44,0,1,0.0073,1,0.0073,1,134.366719431055,1,251.580001831055,0.00730000017210841,0.0103017073124647,126.202598571777,-93.8152,24.0371,23.8458664250309,51,51,51,51,51,51,0,8512,1.4172408038427,24,-94,0.0073,51,2026-04-05 17:54:51.001902,1.0543,1.13
"2904010",44,0,1,0,1,0,1,137.05953242088,1,261.709991455078,0,0.00515085365623236,128.731796264648,-93.8152,24.0371,23.8458664250309,51,51,51,51,51,51,0,8512,1.4172408038427,24,-94,0.0073,51,2026-04-05 17:54:51.001902,1.0543,1.13
"2904010",44,0,1,-0.0073,1,-0.0073,1,134.796642518991,1,271.269989013672,-0.00730000017210841,0,126.606399536133,-93.8152,24.0371,23.8458664250309,51,51,51,51,51,51,0,8512,1.4172408038427,24,-94,0.0073,51,2026-04-05 17:54:51.001902,1.0543,1.13
"2904010",44,0,1,-0.0073,1,-0.0073,1,133.231651646827,1,280.899993896484,-0.00730000017210841,0,125.136497497559,-93.8152,24.0371,23.8458664250309,51,51,51,51,51,51,0,8512,1.4172408038427,24,-94,0.0073,51,2026-04-05 17:54:51.001902,1.0543,1.13
"2904010",44,0,1,-0.0073,1,-0.0073,1,129.848177170902,1,291.040008544922,-0.00730000017210841,0,121.958602905273,-93.8152,24.0371,23.8458664250309,51,51,51,51,51,51,0,8512,1.4172408038427,24,-94,0.0073,51,2026-04-05 17:54:51.001902,1.0543,1.13
"2904010",44,0,1,-0.0073,1,-0.0073,1,128.551909551427,1,300.670013427734,-0.00730000017210841,0,120.741096496582,-93.8152,24.0371,23.8458664250309,51,51,51,51,51,51,0,8512,1.4172408038427,24,-94,0.0073,51,2026-04-05 17:54:51.001902,1.0543,1.13
"2904010",44,0,1,-0.0073,1,-0.0073,1,127.737746815889,1,311.019989013672,-0.00730000017210841,0,119.976402282715,-93.8152,24.0371,23.8458664250309,51,51,51,51,51,51,0,8512,1.4172408038427,24,-94,0.0073,51,2026-04-05 17:54:51.001902,1.0543,1.13
"2904010",44,0,1,-0.0073,1,-0.0073,1,127.49392851129,1,321.489990234375,-0.00730000017210841,0,119.747398376465,-93.8152,24.0371,23.8458664250309,51,51,51,51,51,51,0,8512,1.4172408038427,24,-94,0.0073,51,2026-04-05 17:54:51.001902,1.0543,1.13
"2904010",44,0,1,-0.0073,1,-0.0073,1,126.832436519187,1,330.890014648438,-0.00730000017210841,0,119.126098632812,-93.8152,24.0371,23.8458664250309,51,51,51,51,51,51,0,8512,1.4172408038427,24,-94,0.0073,51,2026-04-05 17:54:51.001902,1.0543,1.13
"2904010",44,0,1,-0.0073,1,-0.0073,1,123.398169270785,1,341.609985351562,-0.00730000017210841,0,115.900497436523,-93.8152,24.0371,23.8458664250309,51,51,51,51,51,51,0,8512,1.4172408038427,24,-94,0.0073,51,2026-04-05 17:54:51.001902,1.0543,1.13
"2904010",44,0,1,-0.0073,1,-0.0073,1,122.144287176143,1,351.170013427734,-0.00730000017210841,0,114.722801208496,-93.8152,24.0371,23.8458664250309,51,51,51,51,51,51,0,8512,1.4172408038427,24,-94,0.0073,51,2026-04-05 17:54:51.001902,1.0543,1.13
"2904010",44,0,1,-0.0073,1,-0.0073,1,120.042694584837,1,361.679992675781,-0.00730000017210841,0,112.748901367188,-93.8152,24.0371,23.8458664250309,51,51,51,51,51,51,0,8512,1.4172408038427,24,-94,0.0073,51,2026-04-05 17:54:51.001902,1.0543,1.13
"2904010",44,0,1,-0.0073,1,-0.0073,1,115.083685654679,1,381.320007324219,-0.00730000017210841,0,108.091201782227,-93.8152,24.0371,23.8458664250309,51,51,51,51,51,51,0,8512,1.4172408038427,24,-94,0.0073,51,2026-04-05 17:54:51.001902,1.0543,1.13
"2904010",44,0,1,0,1,0,1,114.004089459007,1,401.329986572266,0,0.00515085365623236,107.077201843262,-93.8152,24.0371,23.8458664250309,51,51,51,51,51,51,0,8512,1.4172408038427,24,-94,0.0073,51,2026-04-05 17:54:51.001902,1.0543,1.13
"2904010",44,0,1,-0.0073,1,-0.0073,1,111.844897067663,1,451.709991455078,-0.00730000017210841,0,105.049201965332,-93.8152,24.0371,23.8458664250309,51,51,51,51,51,51,0,8512,1.4172408038427,24,-94,0.0073,51,2026-04-05 17:54:51.001902,1.0543,1.13
"2904010",44,0,1,-0.0073,1,-0.0073,1,110.785210209164,1,501.609985351562,-0.00730000017210841,0,104.053901672363,-93.8152,24.0371,23.8458664250309,51,51,51,51,51,51,0,8512,1.4172408038427,24,-94,0.0073,51,2026-04-05 17:54:51.001902,1.0543,1.13
"2904010",44,0,1,0,1,0,1,111.409328533242,1,551.159973144531,0,0.00515085365623236,104.640098571777,-93.8152,24.0371,23.8458664250309,51,51,51,51,51,51,0,8512,1.4172408038427,24,-94,0.0073,51,2026-04-05 17:54:51.001902,1.0543,1.13
"2904010",44,0,1,0,1,0,1,112.346895042883,1,601.909973144531,0,0.00515085365623236,105.520698547363,-93.8152,24.0371,23.8458664250309,51,51,51,51,51,51,0,8512,1.4172408038427,24,-94,0.0073,51,2026-04-05 17:54:51.001902,1.0543,1.13
"2904010",44,0,1,0,1,0,1,117.991992241341,1,651.820007324219,0,0.00515085365623236,110.822799682617,-93.8152,24.0371,23.8458664250309,51,51,51,51,51,51,0,8512,1.4172408038427,24,-94,0.0073,51,2026-04-05 17:54:51.001902,1.0543,1.13
"2904010",44,0,1,0,1,0,1,123.818726603617,1,701.690002441406,0,0.00515085365623236,116.295501708984,-93.8152,24.0371,23.8458664250309,51,51,51,51,51,51,0,8512,1.4172408038427,24,-94,0.0073,51,2026-04-05 17:54:51.001902,1.0543,1.13
"2904010",44,0,1,0.0073,1,0.0073,1,130.334099838792,1,751.200012207031,0.00730000017210841,0.0103017073124647,122.415000915527,-93.8152,24.0371,23.8458664250309,51,51,51,51,51,51,0,8512,1.4172408038427,24,-94,0.0073,51,2026-04-05 17:54:51.001902,1.0543,1.13
"2904010",44,0,1,0,1,0,1,136.063838119804,1,799.489990234375,0,0.00515085365623236,127.796600341797,-93.8152,24.0371,23.8458664250309,51,51,51,51,51,51,0,8512,1.4172408038427,24,-94,0.0073,51,2026-04-05 17:54:51.001902,1.0543,1.13
"2904010",44,0,1,0,1,0,1,143.563200492911,1,851.280029296875,0,0.00515085365623236,134.840301513672,-93.8152,24.0371,23.8458664250309,51,51,51,51,51,51,0,8512,1.4172408038427,24,-94,0.0073,51,2026-04-05 17:54:51.001902,1.0543,1.13
"2904010",44,0,1,0,1,0,1,149.23213853372,1,900.900024414062,0,0.00515085365623236,140.164794921875,-93.8152,24.0371,23.8458664250309,51,51,51,51,51,51,0,8512,1.4172408038427,24,-94,0.0073,51,2026-04-05 17:54:51.001902,1.0543,1.13
"2904010",44,0,1,0.0073,1,0.0073,1,155.449294104426,1,951.130004882812,0.00730000017210841,0.0103017073124647,146.004196166992,-93.8152,24.0371,23.8458664250309,51,51,51,51,51,51,0,8512,1.4172408038427,24,-94,0.0073,51,2026-04-05 17:54:51.001902,1.0543,1.13
"2904010",44,0,1,0,1,0,1,161.523469604584,1,999.890014648438,0,0.00515085365623236,151.70930480957,-93.8152,24.0371,23.8458664250309,51,51,51,51,51,51,0,8512,1.4172408038427,24,-94,0.0073,51,2026-04-05 17:54:51.001902,1.0543,1.13
"2904010",44,0,1,-0.0073,1,-0.0073,1,173.684037513553,1,1099.61999511719,-0.00730000017210841,0,163.130996704102,-93.8152,24.0371,23.8458664250309,51,51,51,51,51,51,0,8512,1.4172408038427,24,-94,0.0073,51,2026-04-05 17:54:51.001902,1.0543,1.13
"2904010",44,0,1,0,1,0,1,184.892043957181,1,1198.81994628906,0,0.00515085365623236,173.658004760742,-93.8152,24.0371,23.8458664250309,51,51,51,51,51,51,0,8512,1.4172408038427,24,-94,0.0073,51,2026-04-05 17:54:51.001902,1.0543,1.13
"2904010",44,0,1,0,1,0,1,194.629699955979,1,1300.01000976562,0,0.00515085365623236,182.804000854492,-93.8152,24.0371,23.8458664250309,51,51,51,51,51,51,0,8512,1.4172408038427,24,-94,0.0073,51,2026-04-05 17:54:51.001902,1.0543,1.13
"2904010",44,0,1,0.0073,1,0.0073,1,200.914682113952,1,1398.84997558594,0.00730000017210841,0.0103017073124647,188.707107543945,-93.8152,24.0371,23.8458664250309,51,51,51,51,51,51,0,8512,1.4172408038427,24,-94,0.0073,51,2026-04-05 17:54:51.001902,1.0543,1.13
"2904010",44,0,1,0,1,0,1,204.639182172298,1,1499.72998046875,0,0.00515085365623236,192.205307006836,-93.8152,24.0371,23.8458664250309,51,51,51,51,51,51,0,8512,1.4172408038427,24,-94,0.0073,51,2026-04-05 17:54:51.001902,1.0543,1.13
"2904010",44,0,1,0,1,0,1,205.819494757853,1,1598.78002929688,0,0.00515085365623236,193.313903808594,-93.8152,24.0371,23.8458664250309,51,51,51,51,51,51,0,8512,1.4172408038427,24,-94,0.0073,51,2026-04-05 17:54:51.001902,1.0543,1.13
"2904010",45,0.0104605337093643,5,0.0146,1,0.0146,1,207.834425223748,1,7.46999979019165,0.0146000003442168,0.298125207424164,195.145095825195,-93.3283,23.5952,15.8980312110814,51,51,51,51,51,51,0.0146,8513,1.39572228393376,24,-93,0.0073,51,2026-04-16 00:02:40.000003,1.0543,1.13
"2904010",45,0.00523026685468215,5,0.0073,1,0.0073,1,207.758061806,1,11.8100004196167,0.00730000017210841,0.298125207424164,195.073394775391,-93.3283,23.5952,15.8980312110814,51,51,51,51,51,51,0.0073,8513,1.39572228393376,24,-93,0.0073,51,2026-04-16 00:02:40.000003,1.0543,1.13
"2904010",45,0.00523026685468215,1,0.0073,1,0.0073,1,208.056592553828,1,16.5,0.00730000017210841,0.298125207424164,195.353698730469,-93.3283,23.5952,15.8980312110814,51,51,51,51,51,51,0.0073,8513,1.39572228393376,24,-93,0.0073,51,2026-04-16 00:02:40.000003,1.0543,1.13
"2904010",45,0.0104605337093643,1,0.0146,1,0.0146,1,208.296327207717,1,21.7800006866455,0.0146000003442168,0.298125207424164,195.578796386719,-93.3283,23.5952,15.8980312110814,51,51,51,51,51,51,0.0146,8513,1.39572228393376,24,-93,0.0073,51,2026-04-16 00:02:40.000003,1.0543,1.13
"2904010",45,0.0156908005640465,1,0.0219,1,0.0219,1,208.687732382537,1,26.9699993133545,0.0219000000506639,0.298125207424164,195.946304321289,-93.3283,23.5952,15.8980312110814,51,51,51,51,51,51,0.0219,8513,1.39572228393376,24,-93,0.0073,51,2026-04-16 00:02:40.000003,1.0543,1.13
"2904010",45,0.0209210674187286,1,0.0292,1,0.0292,1,208.940451580112,1,31.8600006103516,0.0292000006884336,0.298125207424164,196.18359375,-93.3283,23.5952,15.8980312110814,51,51,51,51,51,51,0.0292,8513,1.39572228393376,24,-93,0.0073,51,2026-04-16 00:02:40.000003,1.0543,1.13
"2904010",45,0.0209210674187286,1,0.0292,1,0.0292,1,209.084029106354,1,36.4599990844727,0.0292000006884336,0.298125207424164,196.318405151367,-93.3283,23.5952,15.8980312110814,51,51,51,51,51,51,0.0292,8513,1.39572228393376,24,-93,0.0073,51,2026-04-16 00:02:40.000003,1.0543,1.13
"2904010",45,0.0261513342734108,1,0.0365,1,0.0365,1,209.329077835069,1,41.8400001525879,0.0364999994635582,0.298125207424164,196.548492431641,-93.3283,23.5952,15.8980312110814,51,51,51,51,51,51,0.0365,8513,1.39572228393376,24,-93,0.0073,51,2026-04-16 00:02:40.000003,1.0543,1.13
"2904010",45,0.0313816011280929,1,0.0438,1,0.0438,1,209.408756455461,1,46.4700012207031,0.0438000001013279,0.298125207424164,196.623306274414,-93.3283,23.5952,15.8980312110814,51,51,51,51,51,51,0.0438,8513,1.39572228393376,24,-93,0.0073,51,2026-04-16 00:02:40.000003,1.0543,1.13
"2904010",45,0.0418421348374572,1,0.0584,1,0.0584,1,209.304587588092,1,51.75,0.0584000013768673,0.298125207424164,196.525497436523,-93.3283,23.5952,15.8980312110814,51,51,51,51,51,51,0.0584,8513,1.39572228393376,24,-93,0.0073,51,2026-04-16 00:02:40.000003,1.0543,1.13
"2904010",45,0.0470724016921394,1,0.0657,1,0.0657,1,209.210543089579,1,56.560001373291,0.065700002014637,0.298125207424164,196.437194824219,-93.3283,23.5952,15.8980312110814,51,51,51,51,51,51,0.0657,8513,1.39572228393376,24,-93,0.0073,51,2026-04-16 00:02:40.000003,1.0543,1.13
"2904010",45,0.067993469110868,1,0.0949,1,0.0949,1,209.032903481277,1,61.7700004577637,0.0948999971151352,0.298125207424164,196.270401000977,-93.3283,23.5952,15.8980312110814,51,51,51,51,51,51,0.0949,8513,1.39572228393376,24,-93,0.0073,51,2026-04-16 00:02:40.000003,1.0543,1.13
"2904010",45,0.067993469110868,1,0.0949,1,0.0949,1,208.597620624414,1,66.8600006103516,0.0948999971151352,0.298125207424164,195.861694335938,-93.3283,23.5952,15.8980312110814,51,51,51,51,51,51,0.0949,8513,1.39572228393376,24,-93,0.0073,51,2026-04-16 00:02:40.000003,1.0543,1.13
"2904010",45,0.0784540028202323,1,0.1095,1,0.1095,1,207.851570021732,1,71.7099990844727,0.109499998390675,0.298125207424164,195.161193847656,-93.3283,23.5952,15.8980312110814,51,51,51,51,51,51,0.1095,8513,1.39572228393376,24,-93,0.0073,51,2026-04-16 00:02:40.000003,1.0543,1.13
"2904010",45,0.109835603948325,1,0.1533,1,0.1533,1,207.037476509896,1,76.6600036621094,0.153300002217293,0.298125207424164,194.39680480957,-93.3283,23.5952,15.8980312110814,51,51,51,51,51,51,0.1533,8513,1.39572228393376,24,-93,0.0073,51,2026-04-16 00:02:40.000003,1.0543,1.13
"2904010",45,0.1464474719311,1,0.2044,1,0.2044,1,205.916645498591,1,81.5400009155273,0.20440000295639,0.298125207424164,193.34440612793,-93.3283,23.5952,15.8980312110814,51,51,51,51,51,51,0.2044,8513,1.39572228393376,24,-93,0.0073,51,2026-04-16 00:02:40.000003,1.0543,1.13
"2904010",45,0.162138272495147,1,0.2263,1,0.2263,1,205.113716419186,1,86.9000015258789,0.226300001144409,0.298125207424164,192.59049987793,-93.3283,23.5952,15.8980312110814,51,51,51,51,51,51,0.2263,8513,1.39572228393376,24,-93,0.0073,51,2026-04-16 00:02:40.000003,1.0543,1.13
"2904010",45,0.240592275315379,1,0.3358,1,0.3358,1,204.20578967175,1,91.7900009155273,0.335799992084503,0.298125207424164,191.738006591797,-93.3283,23.5952,15.8980312110814,51,51,51,51,51,51,0.3358,8513,1.39572228393376,24,-93,0.0073,51,2026-04-16 00:02:40.000003,1.0543,1.13
"2904010",45,0.2928949438622,1,0.4088,1,0.4088,1,202.985583836114,1,96.4100036621094,0.408800005912781,0.298125207424164,190.592300415039,-93.3283,23.5952,15.8980312110814,51,51,51,51,51,51,0.4088,8513,1.39572228393376,24,-93,0.0073,51,2026-04-16 00:02:40.000003,1.0543,1.13
"2904010",45,0.387039747246479,1,0.5402,1,0.5402,1,201.716820032349,1,101.879997253418,0.540199995040894,0.392270028591156,189.401000976562,-93.3283,23.5952,15.8980312110814,51,51,51,51,51,51,0.5402,8513,1.39572228393376,24,-93,0.0073,51,2026-04-16 00:02:40.000003,1.0543,1.13
"2904010",45,0.334737078699658,1,0.4672,1,0.4672,1,199.156817301018,1,111.349998474121,0.467200011014938,0.339967340230942,186.997299194336,-93.3283,23.5952,15.8980312110814,51,51,51,51,51,51,0.4672,8513,1.39572228393376,24,-93,0.0073,51,2026-04-16 00:02:40.000003,1.0543,1.13
"2904010",45,0.167368539349829,1,0.2336,1,0.2336,1,194.783073703952,1,121.430000305176,0.233600005507469,0.17259880900383,182.890594482422,-93.3283,23.5952,15.8980312110814,51,51,51,51,51,51,0.2336,8513,1.39572228393376,24,-93,0.0073,51,2026-04-16 00:02:40.000003,1.0543,1.13
"2904010",45,0.0889145365295966,1,0.1241,1,0.1241,1,191.53549144401,1,131.330001831055,0.124099999666214,0.094144806265831,179.841293334961,-93.3283,23.5952,15.8980312110814,51,51,51,51,51,51,0.1241,8513,1.39572228393376,24,-93,0.0073,51,2026-04-16 00:02:40.000003,1.0543,1.13
"2904010",45,0.0313816011280929,1,0.0438,1,0.0438,1,187.182321604524,1,141.289993286133,0.0438000001013279,0.036611869931221,175.75390625,-93.3283,23.5952,15.8980312110814,51,51,51,51,51,51,0.0438,8513,1.39572228393376,24,-93,0.0073,51,2026-04-16 00:02:40.000003,1.0543,1.13
"2904010",45,0.0104605337093643,1,0.0146,1,0.0146,1,182.337087937413,1,151.350006103516,0.0146000003442168,0.0156908016651869,171.204498291016,-93.3283,23.5952,15.8980312110814,51,51,51,51,51,51,0.0146,8513,1.39572228393376,24,-93,0.0073,51,2026-04-16 00:02:40.000003,1.0543,1.13
"2904010",45,0.0209210674187286,1,0.0292,1,0.0292,1,161.776347402798,1,161.960006713867,0.0292000006884336,0.0261513348668814,151.89909362793,-93.3283,23.5952,15.8980312110814,51,51,51,51,51,51,0.0292,8513,1.39572228393376,24,-93,0.0073,51,2026-04-16 00:02:40.000003,1.0543,1.13
"2904010",45,0.0104605337093643,1,0.0146,1,0.0146,1,139.456940618909,1,171.360000610352,0.0146000003442168,0.0156908016651869,130.942398071289,-93.3283,23.5952,15.8980312110814,51,51,51,51,51,51,0.0146,8513,1.39572228393376,24,-93,0.0073,51,2026-04-16 00:02:40.000003,1.0543,1.13
"2904010",45,0.0104605337093643,1,0.0146,1,0.0146,1,135.231137939799,1,181.389999389648,0.0146000003442168,0.0156908016651869,126.974601745605,-93.3283,23.5952,15.8980312110814,51,51,51,51,51,51,0.0146,8513,1.39572228393376,24,-93,0.0073,51,2026-04-16 00:02:40.000003,1.0543,1.13
"2904010",45,0.0156908005640465,1,0.0219,1,0.0219,1,133.046663162785,1,191.710006713867,0.0219000000506639,0.0209210682660341,124.923500061035,-93.3283,23.5952,15.8980312110814,51,51,51,51,51,51,0.0219,8513,1.39572228393376,24,-93,0.0073,51,2026-04-16 00:02:40.000003,1.0543,1.13
"2904010",45,0,1,0,1,0,1,133.019182733031,1,201.5,0,0.00523026706650853,124.89769744873,-93.3283,23.5952,15.8980312110814,51,51,51,51,51,51,0,8513,1.39572228393376,24,-93,0.0073,51,2026-04-16 00:02:40.000003,1.0543,1.13
"2904010",45,0.0209210674187286,1,0.0292,1,0.0292,1,130.896274844321,1,211.240005493164,0.0292000006884336,0.0261513348668814,122.904403686523,-93.3283,23.5952,15.8980312110814,51,51,51,51,51,51,0.0292,8513,1.39572228393376,24,-93,0.0073,51,2026-04-16 00:02:40.000003,1.0543,1.13
"2904010",45,0.0104605337093643,1,0.0146,1,0.0146,1,130.121890634734,1,221.669998168945,0.0146000003442168,0.0156908016651869,122.177299499512,-93.3283,23.5952,15.8980312110814,51,51,51,51,51,51,0.0146,8513,1.39572228393376,24,-93,0.0073,51,2026-04-16 00:02:40.000003,1.0543,1.13
"2904010",45,0.0104605337093643,1,0.0146,1,0.0146,1,130.784549265044,1,231.880004882812,0.0146000003442168,0.0156908016651869,122.799499511719,-93.3283,23.5952,15.8980312110814,51,51,51,51,51,51,0.0146,8513,1.39572228393376,24,-93,0.0073,51,2026-04-16 00:02:40.000003,1.0543,1.13
"2904010",45,0,1,0,1,0,1,132.07195295818,1,241.880004882812,0,0.00523026706650853,124.00830078125,-93.3283,23.5952,15.8980312110814,51,51,51,51,51,51,0,8513,1.39572228393376,24,-93,0.0073,51,2026-04-16 00:02:40.000003,1.0543,1.13
"2904010",45,0,1,0,1,0,1,129.919858285415,1,251.059997558594,0,0.00523026706650853,121.987602233887,-93.3283,23.5952,15.8980312110814,51,51,51,51,51,51,0,8513,1.39572228393376,24,-93,0.0073,51,2026-04-16 00:02:40.000003,1.0543,1.13
"2904010",45,0.00523026685468215,1,0.0073,1,0.0073,1,132.922164302735,1,261.450012207031,0.00730000017210841,0.0104605341330171,124.806602478027,-93.3283,23.5952,15.8980312110814,51,51,51,51,51,51,0.0073,8513,1.39572228393376,24,-93,0.0073,51,2026-04-16 00:02:40.000003,1.0543,1.13
"2904010",45,0,1,0,1,0,1,131.645835661567,1,271.510009765625,0,0.00523026706650853,123.608200073242,-93.3283,23.5952,15.8980312110814,51,51,51,51,51,51,0,8513,1.39572228393376,24,-93,0.0073,51,2026-04-16 00:02:40.000003,1.0543,1.13
"2904010",45,0,1,0,1,0,1,134.671144959973,1,280.869995117188,0,0.00523026706650853,126.448799133301,-93.3283,23.5952,15.8980312110814,51,51,51,51,51,51,0,8513,1.39572228393376,24,-93,0.0073,51,2026-04-16 00:02:40.000003,1.0543,1.13
"2904010",45,0,1,-0.0073,1,-0.0073,1,134.076439858354,1,291.440002441406,-0.00730000017210841,0,125.890403747559,-93.3283,23.5952,15.8980312110814,51,51,51,51,51,51,0,8513,1.39572228393376,24,-93,0.0073,51,2026-04-16 00:02:40.000003,1.0543,1.13
"2904010",45,0,1,-0.0073,1,-0.0073,1,134.193804532323,1,301.200012207031,-0.00730000017210841,0,126.000602722168,-93.3283,23.5952,15.8980312110814,51,51,51,51,51,51,0,8513,1.39572228393376,24,-93,0.0073,51,2026-04-16 00:02:40.000003,1.0543,1.13
"2904010",45,0,1,-0.0073,1,-0.0073,1,129.855739991155,1,311.429992675781,-0.00730000017210841,0,121.927398681641,-93.3283,23.5952,15.8980312110814,51,51,51,51,51,51,0,8513,1.39572228393376,24,-93,0.0073,51,2026-04-16 00:02:40.000003,1.0543,1.13
"2904010",45,0,1,-0.0073,1,-0.0073,1,123.746861583185,1,321.230010986328,-0.00730000017210841,0,116.191497802734,-93.3283,23.5952,15.8980312110814,51,51,51,51,51,51,0,8513,1.39572228393376,24,-93,0.0073,51,2026-04-16 00:02:40.000003,1.0543,1.13
"2904010",45,0,1,-0.0073,1,-0.0073,1,122.929672257115,1,331.269989013672,-0.00730000017210841,0,115.424201965332,-93.3283,23.5952,15.8980312110814,51,51,51,51,51,51,0,8513,1.39572228393376,24,-93,0.0073,51,2026-04-16 00:02:40.000003,1.0543,1.13
"2904010",45,0,1,-0.0073,1,-0.0073,1,122.601962850729,1,341.540008544922,-0.00730000017210841,0,115.116500854492,-93.3283,23.5952,15.8980312110814,51,51,51,51,51,51,0,8513,1.39572228393376,24,-93,0.0073,51,2026-04-16 00:02:40.000003,1.0543,1.13
"2904010",45,0,1,-0.0073,1,-0.0073,1,121.072581866621,1,351.670013427734,-0.00730000017210841,0,113.68049621582,-93.3283,23.5952,15.8980312110814,51,51,51,51,51,51,0,8513,1.39572228393376,24,-93,0.0073,51,2026-04-16 00:02:40.000003,1.0543,1.13
"2904010",45,0,1,0,1,0,1,120.489488099749,1,361.359985351562,0,0.00523026706650853,113.133003234863,-93.3283,23.5952,15.8980312110814,51,51,51,51,51,51,0,8513,1.39572228393376,24,-93,0.0073,51,2026-04-16 00:02:40.000003,1.0543,1.13
"2904010",45,0,1,0,1,0,1,121.961348692897,1,381.010009765625,0,0.00523026706650853,114.514999389648,-93.3283,23.5952,15.8980312110814,51,51,51,51,51,51,0,8513,1.39572228393376,24,-93,0.0073,51,2026-04-16 00:02:40.000003,1.0543,1.13
"2904010",45,0,1,-0.0073,1,-0.0073,1,115.147429063961,1,401.290008544922,-0.00730000017210841,0,108.11710357666,-93.3283,23.5952,15.8980312110814,51,51,51,51,51,51,0,8513,1.39572228393376,24,-93,0.0073,51,2026-04-16 00:02:40.000003,1.0543,1.13
"2904010",45,0,1,-0.0073,1,-0.0073,1,111.954693906573,1,451.220001220703,-0.00730000017210841,0,105.119300842285,-93.3283,23.5952,15.8980312110814,51,51,51,51,51,51,0,8513,1.39572228393376,24,-93,0.0073,51,2026-04-16 00:02:40.000003,1.0543,1.13
"2904010",45,0,1,0,1,0,1,111.256356220365,1,501.040008544922,0,0.00523026706650853,104.463600158691,-93.3283,23.5952,15.8980312110814,51,51,51,51,51,51,0,8513,1.39572228393376,24,-93,0.0073,51,2026-04-16 00:02:40.000003,1.0543,1.13
"2904010",45,0,1,0.0073,1,0.0073,1,112.106990090747,1,551.859985351562,0.00730000017210841,0.0104605341330171,105.262298583984,-93.3283,23.5952,15.8980312110814,51,51,51,51,51,51,0,8513,1.39572228393376,24,-93,0.0073,51,2026-04-16 00:02:40.000003,1.0543,1.13
"2904010",45,0,1,0.0073,1,0.0073,1,114.810879117193,1,601.349975585938,0.00730000017210841,0.0104605341330171,107.80110168457,-93.3283,23.5952,15.8980312110814,51,51,51,51,51,51,0,8513,1.39572228393376,24,-93,0.0073,51,2026-04-16 00:02:40.000003,1.0543,1.13
"2904010",45,0,1,0,1,0,1,117.550650336955,1,651.799987792969,0,0.00523026706650853,110.373596191406,-93.3283,23.5952,15.8980312110814,51,51,51,51,51,51,0,8513,1.39572228393376,24,-93,0.0073,51,2026-04-16 00:02:40.000003,1.0543,1.13
"2904010",45,0,1,-0.0073,1,-0.0073,1,124.18150252581,1,700.969970703125,-0.00730000017210841,0,116.599601745605,-93.3283,23.5952,15.8980312110814,51,51,51,51,51,51,0,8513,1.39572228393376,24,-93,0.0073,51,2026-04-16 00:02:40.000003,1.0543,1.13
"2904010",45,0,1,0,1,0,1,131.399283715967,1,751.690002441406,0,0.00523026706650853,123.37670135498,-93.3283,23.5952,15.8980312110814,51,51,51,51,51,51,0,8513,1.39572228393376,24,-93,0.0073,51,2026-04-16 00:02:40.000003,1.0543,1.13
"2904010",45,0,1,0,1,0,1,136.943903258358,1,798.919982910156,0,0.00523026706650853,128.582794189453,-93.3283,23.5952,15.8980312110814,51,51,51,51,51,51,0,8513,1.39572228393376,24,-93,0.0073,51,2026-04-16 00:02:40.000003,1.0543,1.13
"2904010",45,0,1,-0.0073,1,-0.0073,1,143.855174462953,1,851.299987792969,-0.00730000017210841,0,135.07209777832,-93.3283,23.5952,15.8980312110814,51,51,51,51,51,51,0,8513,1.39572228393376,24,-93,0.0073,51,2026-04-16 00:02:40.000003,1.0543,1.13
"2904010",45,0,1,0,1,0,1,150.89382095342,1,901.330017089844,0,0.00523026706650853,141.680999755859,-93.3283,23.5952,15.8980312110814,51,51,51,51,51,51,0,8513,1.39572228393376,24,-93,0.0073,51,2026-04-16 00:02:40.000003,1.0543,1.13
"2904010",45,0,1,0,1,0,1,157.828298576518,1,951.760009765625,0,0.00523026706650853,148.192092895508,-93.3283,23.5952,15.8980312110814,51,51,51,51,51,51,0,8513,1.39572228393376,24,-93,0.0073,51,2026-04-16 00:02:40.000003,1.0543,1.13
"2904010",45,0,1,0,1,0,1,163.438222735684,1,999.580017089844,0,0.00523026706650853,153.459503173828,-93.3283,23.5952,15.8980312110814,51,51,51,51,51,51,0,8513,1.39572228393376,24,-93,0.0073,51,2026-04-16 00:02:40.000003,1.0543,1.13
"2904010",45,0,1,0,1,0,1,175.987304804031,1,1100.15002441406,0,0.00523026706650853,165.242401123047,-93.3283,23.5952,15.8980312110814,51,51,51,51,51,51,0,8513,1.39572228393376,24,-93,0.0073,51,2026-04-16 00:02:40.000003,1.0543,1.13
"2904010",45,0,1,-0.0073,1,-0.0073,1,187.051208590181,1,1198.94995117188,-0.00730000017210841,0,175.630798339844,-93.3283,23.5952,15.8980312110814,51,51,51,51,51,51,0,8513,1.39572228393376,24,-93,0.0073,51,2026-04-16 00:02:40.000003,1.0543,1.13
"2904010",45,0,1,-0.0073,1,-0.0073,1,194.896603143491,1,1299.43994140625,-0.00730000017210841,0,182.997192382812,-93.3283,23.5952,15.8980312110814,51,51,51,51,51,51,0,8513,1.39572228393376,24,-93,0.0073,51,2026-04-16 00:02:40.000003,1.0543,1.13
"2904010",45,0,1,0.0073,1,0.0073,1,200.347511332732,1,1398.9599609375,0.00730000017210841,0.0104605341330171,188.115295410156,-93.3283,23.5952,15.8980312110814,51,51,51,51,51,51,0,8513,1.39572228393376,24,-93,0.0073,51,2026-04-16 00:02:40.000003,1.0543,1.13
"2904010",45,0,1,0.0073,1,0.0073,1,204.35372246421,1,1499.40002441406,0.00730000017210841,0.0104605341330171,191.876907348633,-93.3283,23.5952,15.8980312110814,51,51,51,51,51,51,0,8513,1.39572228393376,24,-93,0.0073,51,2026-04-16 00:02:40.000003,1.0543,1.13
"2904010",45,0,1,0,1,0,1,206.352659650154,1,1599.97998046875,0,0.00523026706650853,193.753799438477,-93.3283,23.5952,15.8980312110814,51,51,51,51,51,51,0,8513,1.39572228393376,24,-93,0.0073,51,2026-04-16 00:02:40.000003,1.0543,1.13
"2904010",46,99999,9,99999,9,99999,9,204.807841867806,1,7.71999979019165,99999,99999,192.242904663086,-93.2931,23.8282,19.8720319117368,51,51,51,51,51,51,99999,8513,1.39572228393376,24,-93,0.0073,51,2026-04-26 06:14:14.000664,1.0543,1.13
"2904010",46,0,1,0,1,0,1,204.788984793165,1,11.6400003433228,0,0.00523026706650853,192.225204467773,-93.2931,23.8282,19.8720319117368,51,51,51,51,51,51,0,8513,1.39572228393376,24,-93,0.0073,51,2026-04-26 06:14:14.000664,1.0543,1.13
"2904010",46,0.00523026685468215,1,0.0073,1,0.0073,1,204.997891919218,1,16.8999996185303,0.00730000017210841,0.0104605341330171,192.421295166016,-93.2931,23.8282,19.8720319117368,51,51,51,51,51,51,0.0073,8513,1.39572228393376,24,-93,0.0073,51,2026-04-26 06:14:14.000664,1.0543,1.13
"2904010",46,0.00523026685468215,1,0.0073,1,0.0073,1,205.399970267658,1,21.6900005340576,0.00730000017210841,0.0104605341330171,192.798706054688,-93.2931,23.8282,19.8720319117368,51,51,51,51,51,51,0.0073,8513,1.39572228393376,24,-93,0.0073,51,2026-04-26 06:14:14.000664,1.0543,1.13
"2904010",46,0.00523026685468215,1,0.0073,1,0.0073,1,205.935202321608,1,26.6000003814697,0.00730000017210841,0.0104605341330171,193.30110168457,-93.2931,23.8282,19.8720319117368,51,51,51,51,51,51,0.0073,8513,1.39572228393376,24,-93,0.0073,51,2026-04-26 06:14:14.000664,1.0543,1.13
"2904010",46,0.0104605337093643,1,0.0146,1,0.0146,1,206.404808504585,1,31.7000007629395,0.0146000003442168,0.0156908016651869,193.741897583008,-93.2931,23.8282,19.8720319117368,51,51,51,51,51,51,0.0146,8513,1.39572228393376,24,-93,0.0073,51,2026-04-26 06:14:14.000664,1.0543,1.13
"2904010",46,0.0104605337093643,1,0.0146,1,0.0146,1,206.480139266559,1,36.5,0.0146000003442168,0.0156908016651869,193.812606811523,-93.2931,23.8282,19.8720319117368,51,51,51,51,51,51,0.0146,8513,1.39572228393376,24,-93,0.0073,51,2026-04-26 06:14:14.000664,1.0543,1.13
"2904010",46,0.0156908005640465,1,0.0219,1,0.0219,1,206.648243584551,1,41.3400001525879,0.0219000000506639,0.0209210682660341,193.970397949219,-93.2931,23.8282,19.8720319117368,51,51,51,51,51,51,0.0219,8513,1.39572228393376,24,-93,0.0073,51,2026-04-26 06:14:14.000664,1.0543,1.13
"2904010",46,0.0209210674187286,1,0.0292,1,0.0292,1,206.859182722959,1,46.3899993896484,0.0292000006884336,0.0261513348668814,194.168395996094,-93.2931,23.8282,19.8720319117368,51,51,51,51,51,51,0.0292,8513,1.39572228393376,24,-93,0.0073,51,2026-04-26 06:14:14.000664,1.0543,1.13
"2904010",46,0.0261513342734108,1,0.0365,1,0.0365,1,206.89818110405,1,50.5299987792969,0.0364999994635582,0.0313816033303738,194.205001831055,-93.2931,23.8282,19.8720319117368,51,51,51,51,51,51,0.0365,8513,1.39572228393376,24,-93,0.0073,51,2026-04-26 06:14:14.000664,1.0543,1.13
"2904010",46,0.0366118679827751,1,0.0511,1,0.0511,1,207.619529233495,1,56.9199981689453,0.0511000007390976,0.0418421365320683,194.882095336914,-93.2931,23.8282,19.8720319117368,51,51,51,51,51,51,0.0511,8513,1.39572228393376,24,-93,0.0073,51,2026-04-26 06:14:14.000664,1.0543,1.13
"2904010",46,0.0470724016921394,1,0.0657,1,0.0657,1,208.551718964754,1,61.7400016784668,0.065700002014637,0.0523026697337627,195.757095336914,-93.2931,23.8282,19.8720319117368,51,51,51,51,51,51,0.0657,8513,1.39572228393376,24,-93,0.0073,51,2026-04-26 06:14:14.000664,1.0543,1.13
"2904010",46,0.0627632022561858,1,0.0876,1,0.0876,1,209.526418394451,1,66.7099990844727,0.0876000002026558,0.0679934695363045,196.671997070312,-93.2931,23.8282,19.8720319117368,51,51,51,51,51,51,0.0876,8513,1.39572228393376,24,-93,0.0073,51,2026-04-26 06:14:14.000664,1.0543,1.13
"2904010",46,0.0627632022561858,1,0.0876,1,0.0876,1,208.645045228132,1,71.4400024414062,0.0876000002026558,0.0679934695363045,195.844696044922,-93.2931,23.8282,19.8720319117368,51,51,51,51,51,51,0.0876,8513,1.39572228393376,24,-93,0.0073,51,2026-04-26 06:14:14.000664,1.0543,1.13
"2904010",46,0.0784540028202323,1,0.1095,1,0.1095,1,207.234292203441,1,76.9300003051758,0.109499998390675,0.0836842730641365,194.520492553711,-93.2931,23.8282,19.8720319117368,51,51,51,51,51,51,0.1095,8513,1.39572228393376,24,-93,0.0073,51,2026-04-26 06:14:14.000664,1.0543,1.13
"2904010",46,0.130756671367054,1,0.1825,1,0.1825,1,205.13948254002,1,81.8899993896484,0.182500004768372,0.135986939072609,192.55419921875,-93.2931,23.8282,19.8720319117368,51,51,51,51,51,51,0.1825,8513,1.39572228393376,24,-93,0.0073,51,2026-04-26 06:14:14.000664,1.0543,1.13
"2904010",46,0.162138272495147,1,0.2263,1,0.2263,1,202.847681470987,1,86.8199996948242,0.226300001144409,0.167368546128273,190.40299987793,-93.2931,23.8282,19.8720319117368,51,51,51,51,51,51,0.2263,8513,1.39572228393376,24,-93,0.0073,51,2026-04-26 06:14:14.000664,1.0543,1.13
"2904010",46,0.33996734555434,1,0.4745,1,0.4745,1,199.158766244181,1,91.9000015258789,0.474500000476837,0.34519761800766,186.940399169922,-93.2931,23.8282,19.8720319117368,51,51,51,51,51,51,0.4745,8513,1.39572228393376,24,-93,0.0073,51,2026-04-26 06:14:14.000664,1.0543,1.13
"2904010",46,0.53348721917758,1,0.7446,1,0.7446,1,195.916763686387,1,96.9100036621094,0.744599997997284,0.53871750831604,183.89729309082,-93.2931,23.8282,19.8720319117368,51,51,51,51,51,51,0.7446,8513,1.39572228393376,24,-93,0.0073,51,2026-04-26 06:14:14.000664,1.0543,1.13
"2904010",46,0.523026685468215,1,0.73,1,0.73,1,191.18849852484,1,101.580001831055,0.730000019073486,0.528257012367249,179.459106445312,-93.2931,23.8282,19.8720319117368,51,51,51,51,51,51,0.73,8513,1.39572228393376,24,-93,0.0073,51,2026-04-26 06:14:14.000664,1.0543,1.13
"2904010",46,0.434112148938619,1,0.6059,1,0.6059,1,185.078221121333,1,111.480003356934,0.60589998960495,0.439342439174652,173.723693847656,-93.2931,23.8282,19.8720319117368,51,51,51,51,51,51,0.6059,8513,1.39572228393376,24,-93,0.0073,51,2026-04-26 06:14:14.000664,1.0543,1.13
"2904010",46,0.33996734555434,1,0.4745,1,0.4745,1,197.665659822822,1,121.480003356934,0.474500000476837,0.34519761800766,185.53889465332,-93.2931,23.8282,19.8720319117368,51,51,51,51,51,51,0.4745,8513,1.39572228393376,24,-93,0.0073,51,2026-04-26 06:14:14.000664,1.0543,1.13
"2904010",46,0.345197612409022,1,0.4818,1,0.4818,1,189.907713010289,1,131.940002441406,0.481799989938736,0.350427895784378,178.256896972656,-93.2931,23.8282,19.8720319117368,51,51,51,51,51,51,0.4818,8513,1.39572228393376,24,-93,0.0073,51,2026-04-26 06:14:14.000664,1.0543,1.13
"2904010",46,0.313816011280929,1,0.438,1,0.438,1,172.751692806052,1,141.639999389648,0.437999993562698,0.319046288728714,162.153396606445,-93.2931,23.8282,19.8720319117368,51,51,51,51,51,51,0.438,8513,1.39572228393376,24,-93,0.0073,51,2026-04-26 06:14:14.000664,1.0543,1.13
"2904010",46,0.203980407332604,1,0.2847,1,0.2847,1,165.788929323845,1,151.690002441406,0.284700006246567,0.209210678935051,155.617797851562,-93.2931,23.8282,19.8720319117368,51,51,51,51,51,51,0.2847,8513,1.39572228393376,24,-93,0.0073,51,2026-04-26 06:14:14.000664,1.0543,1.13
"2904010",46,0.183059339913875,1,0.2555,1,0.2555,1,167.020068712572,1,161.839996337891,0.255499988794327,0.188289612531662,156.773406982422,-93.2931,23.8282,19.8720319117368,51,51,51,51,51,51,0.2555,8513,1.39572228393376,24,-93,0.0073,51,2026-04-26 06:14:14.000664,1.0543,1.13
"2904010",46,0.130756671367054,1,0.1825,1,0.1825,1,163.9027179206,1,171.630004882812,0.182500004768372,0.135986939072609,153.847305297852,-93.2931,23.8282,19.8720319117368,51,51,51,51,51,51,0.1825,8513,1.39572228393376,24,-93,0.0073,51,2026-04-26 06:14:14.000664,1.0543,1.13
"2904010",46,0.0941448033842787,1,0.1314,1,0.1314,1,157.297165954065,1,181.449996948242,0.131400004029274,0.0993750765919685,147.647003173828,-93.2931,23.8282,19.8720319117368,51,51,51,51,51,51,0.1314,8513,1.39572228393376,24,-93,0.0073,51,2026-04-26 06:14:14.000664,1.0543,1.13
"2904010",46,0.0836842696749144,1,0.1168,1,0.1168,1,139.099227351472,1,191.399993896484,0.116800002753735,0.0889145359396935,130.565505981445,-93.2931,23.8282,19.8720319117368,51,51,51,51,51,51,0.1168,8513,1.39572228393376,24,-93,0.0073,51,2026-04-26 06:14:14.000664,1.0543,1.13
"2904010",46,0.0418421348374572,1,0.0584,1,0.0584,1,138.591256775259,1,201.130004882812,0.0584000013768673,0.0470724031329155,130.08869934082,-93.2931,23.8282,19.8720319117368,51,51,51,51,51,51,0.0584,8513,1.39572228393376,24,-93,0.0073,51,2026-04-26 06:14:14.000664,1.0543,1.13
"2904010",46,0.00523026685468215,1,0.0073,1,0.0073,1,139.360771725534,1,211.539993286133,0.00730000017210841,0.0104605341330171,130.811004638672,-93.2931,23.8282,19.8720319117368,51,51,51,51,51,51,0.0073,8513,1.39572228393376,24,-93,0.0073,51,2026-04-26 06:14:14.000664,1.0543,1.13
"2904010",46,0,1,0,1,0,1,144.274518974722,1,221.410003662109,0,0.00523026706650853,135.423294067383,-93.2931,23.8282,19.8720319117368,51,51,51,51,51,51,0,8513,1.39572228393376,24,-93,0.0073,51,2026-04-26 06:14:14.000664,1.0543,1.13
"2904010",46,0,1,0,1,0,1,143.175070242609,1,231.910003662109,0,0.00523026706650853,134.391296386719,-93.2931,23.8282,19.8720319117368,51,51,51,51,51,51,0,8513,1.39572228393376,24,-93,0.0073,51,2026-04-26 06:14:14.000664,1.0543,1.13
"2904010",46,0,1,0,1,0,1,143.03871408563,1,241.759994506836,0,0.00523026706650853,134.263305664062,-93.2931,23.8282,19.8720319117368,51,51,51,51,51,51,0,8513,1.39572228393376,24,-93,0.0073,51,2026-04-26 06:14:14.000664,1.0543,1.13
"2904010",46,0,1,-0.0073,1,-0.0073,1,141.485947781569,1,251.850006103516,-0.00730000017210841,0,132.805801391602,-93.2931,23.8282,19.8720319117368,51,51,51,51,51,51,0,8513,1.39572228393376,24,-93,0.0073,51,2026-04-26 06:14:14.000664,1.0543,1.13
"2904010",46,0,1,-0.0073,1,-0.0073,1,139.591104389845,1,261.829986572266,-0.00730000017210841,0,131.027206420898,-93.2931,23.8282,19.8720319117368,51,51,51,51,51,51,0,8513,1.39572228393376,24,-93,0.0073,51,2026-04-26 06:14:14.000664,1.0543,1.13
"2904010",46,0,1,-0.0073,1,-0.0073,1,136.443387205259,1,271.820007324219,-0.00730000017210841,0,128.072601318359,-93.2931,23.8282,19.8720319117368,51,51,51,51,51,51,0,8513,1.39572228393376,24,-93,0.0073,51,2026-04-26 06:14:14.000664,1.0543,1.13
"2904010",46,0,1,-0.0073,1,-0.0073,1,134.202719695093,1,281.839996337891,-0.00730000017210841,0,125.969398498535,-93.2931,23.8282,19.8720319117368,51,51,51,51,51,51,0,8513,1.39572228393376,24,-93,0.0073,51,2026-04-26 06:14:14.000664,1.0543,1.13
"2904010",46,0,1,-0.0073,1,-0.0073,1,135.421707649946,1,290.950012207031,-0.00730000017210841,0,127.11360168457,-93.2931,23.8282,19.8720319117368,51,51,51,51,51,51,0,8513,1.39572228393376,24,-93,0.0073,51,2026-04-26 06:14:14.000664,1.0543,1.13
"2904010",46,0,1,-0.0073,1,-0.0073,1,133.401887370423,1,301.799987792969,-0.00730000017210841,0,125.217697143555,-93.2931,23.8282,19.8720319117368,51,51,51,51,51,51,0,8513,1.39572228393376,24,-93,0.0073,51,2026-04-26 06:14:14.000664,1.0543,1.13
"2904010",46,0,1,-0.0073,1,-0.0073,1,130.224031378609,1,311.109985351562,-0.00730000017210841,0,122.234802246094,-93.2931,23.8282,19.8720319117368,51,51,51,51,51,51,0,8513,1.39572228393376,24,-93,0.0073,51,2026-04-26 06:14:14.000664,1.0543,1.13
"2904010",46,0,1,-0.0073,1,-0.0073,1,119.590461963692,1,321.059997558594,-0.00730000017210841,0,112.253601074219,-93.2931,23.8282,19.8720319117368,51,51,51,51,51,51,0,8513,1.39572228393376,24,-93,0.0073,51,2026-04-26 06:14:14.000664,1.0543,1.13
"2904010",46,0,1,-0.0073,1,-0.0073,1,119.631264771753,1,331.320007324219,-0.00730000017210841,0,112.291900634766,-93.2931,23.8282,19.8720319117368,51,51,51,51,51,51,0,8513,1.39572228393376,24,-93,0.0073,51,2026-04-26 06:14:14.000664,1.0543,1.13
"2904010",46,0,1,0,1,0,1,115.894085187524,1,341.679992675781,0,0.00523026706650853,108.783996582031,-93.2931,23.8282,19.8720319117368,51,51,51,51,51,51,0,8513,1.39572228393376,24,-93,0.0073,51,2026-04-26 06:14:14.000664,1.0543,1.13
"2904010",46,0,1,-0.0073,1,-0.0073,1,115.318798106059,1,351.380004882812,-0.00730000017210841,0,108.244003295898,-93.2931,23.8282,19.8720319117368,51,51,51,51,51,51,0,8513,1.39572228393376,24,-93,0.0073,51,2026-04-26 06:14:14.000664,1.0543,1.13
"2904010",46,0,1,0,1,0,1,115.359812243405,1,361.130004882812,0,0.00523026706650853,108.282501220703,-93.2931,23.8282,19.8720319117368,51,51,51,51,51,51,0,8513,1.39572228393376,24,-93,0.0073,51,2026-04-26 06:14:14.000664,1.0543,1.13
"2904010",46,0,1,-0.0073,1,-0.0073,1,114.560361687135,1,381.570007324219,-0.00730000017210841,0,107.532096862793,-93.2931,23.8282,19.8720319117368,51,51,51,51,51,51,0,8513,1.39572228393376,24,-93,0.0073,51,2026-04-26 06:14:14.000664,1.0543,1.13
"2904010",46,0,1,-0.0073,1,-0.0073,1,113.055437081927,1,401.779998779297,-0.00730000017210841,0,106.119499206543,-93.2931,23.8282,19.8720319117368,51,51,51,51,51,51,0,8513,1.39572228393376,24,-93,0.0073,51,2026-04-26 06:14:14.000664,1.0543,1.13
"2904010",46,0,1,0,1,0,1,111.433110930975,1,451.790008544922,0,0.00523026706650853,104.596702575684,-93.2931,23.8282,19.8720319117368,51,51,51,51,51,51,0,8513,1.39572228393376,24,-93,0.0073,51,2026-04-26 06:14:14.000664,1.0543,1.13
"2904010",46,0,1,-0.0073,1,-0.0073,1,111.106046350582,1,501.130004882812,-0.00730000017210841,0,104.289703369141,-93.2931,23.8282,19.8720319117368,51,51,51,51,51,51,0,8513,1.39572228393376,24,-93,0.0073,51,2026-04-26 06:14:14.000664,1.0543,1.13
"2904010",46,0,1,0.0073,1,0.0073,1,111.532078060647,1,551.169982910156,0.00730000017210841,0.0104605341330171,104.689598083496,-93.2931,23.8282,19.8720319117368,51,51,51,51,51,51,0,8513,1.39572228393376,24,-93,0.0073,51,2026-04-26 06:14:14.000664,1.0543,1.13
"2904010",46,0,1,0.0073,1,0.0073,1,115.977934145284,1,601.570007324219,0.00730000017210841,0.0104605341330171,108.862701416016,-93.2931,23.8282,19.8720319117368,51,51,51,51,51,51,0,8513,1.39572228393376,24,-93,0.0073,51,2026-04-26 06:14:14.000664,1.0543,1.13
"2904010",46,0,1,0,1,0,1,121.757082943691,1,651.539978027344,0,0.00523026706650853,114.287300109863,-93.2931,23.8282,19.8720319117368,51,51,51,51,51,51,0,8513,1.39572228393376,24,-93,0.0073,51,2026-04-26 06:14:14.000664,1.0543,1.13
"2904010",46,0,1,0,1,0,1,126.324063220704,1,701.780029296875,0,0.00523026706650853,118.574096679688,-93.2931,23.8282,19.8720319117368,51,51,51,51,51,51,0,8513,1.39572228393376,24,-93,0.0073,51,2026-04-26 06:14:14.000664,1.0543,1.13
"2904010",46,0,1,0.0073,1,0.0073,1,132.586253867769,1,751.039978027344,0.00730000017210841,0.0104605341330171,124.452102661133,-93.2931,23.8282,19.8720319117368,51,51,51,51,51,51,0,8513,1.39572228393376,24,-93,0.0073,51,2026-04-26 06:14:14.000664,1.0543,1.13
"2904010",46,0,1,0.0073,1,0.0073,1,140.715798843439,1,801.140014648438,0.00730000017210841,0.0104605341330171,132.082901000977,-93.2931,23.8282,19.8720319117368,51,51,51,51,51,51,0,8513,1.39572228393376,24,-93,0.0073,51,2026-04-26 06:14:14.000664,1.0543,1.13
"2904010",46,0,1,0.0073,1,0.0073,1,149.215657750436,1,851.190002441406,0.00730000017210841,0.0104605341330171,140.061294555664,-93.2931,23.8282,19.8720319117368,51,51,51,51,51,51,0,8513,1.39572228393376,24,-93,0.0073,51,2026-04-26 06:14:14.000664,1.0543,1.13
"2904010",46,0,1,0.0073,1,0.0073,1,154.849924068028,1,901.5,0.00730000017210841,0.0104605341330171,145.349899291992,-93.2931,23.8282,19.8720319117368,51,51,51,51,51,51,0,8513,1.39572228393376,24,-93,0.0073,51,2026-04-26 06:14:14.000664,1.0543,1.13
"2904010",46,0,1,0.0073,1,0.0073,1,160.228173085159,1,951.409973144531,0.00730000017210841,0.0104605341330171,150.398193359375,-93.2931,23.8282,19.8720319117368,51,51,51,51,51,51,0,8513,1.39572228393376,24,-93,0.0073,51,2026-04-26 06:14:14.000664,1.0543,1.13
"2904010",46,0,1,0,1,0,1,165.799593324677,1,999.780029296875,0,0.00523026706650853,155.627807617188,-93.2931,23.8282,19.8720319117368,51,51,51,51,51,51,0,8513,1.39572228393376,24,-93,0.0073,51,2026-04-26 06:14:14.000664,1.0543,1.13
"2904010",46,0,1,0,1,0,1,177.873192998276,1,1099.73999023438,0,0.00523026706650853,166.960693359375,-93.2931,23.8282,19.8720319117368,51,51,51,51,51,51,0,8513,1.39572228393376,24,-93,0.0073,51,2026-04-26 06:14:14.000664,1.0543,1.13
"2904010",46,0,1,0.0073,1,0.0073,1,188.705997160442,1,1198.82995605469,0.00730000017210841,0.0104605341330171,177.12890625,-93.2931,23.8282,19.8720319117368,51,51,51,51,51,51,0,8513,1.39572228393376,24,-93,0.0073,51,2026-04-26 06:14:14.000664,1.0543,1.13
"2904010",46,0,1,0,1,0,1,196.884115359413,1,1299.53002929688,0,0.00523026706650853,184.805297851562,-93.2931,23.8282,19.8720319117368,51,51,51,51,51,51,0,8513,1.39572228393376,24,-93,0.0073,51,2026-04-26 06:14:14.000664,1.0543,1.13
"2904010",46,0,1,0,1,0,1,201.734171213388,1,1399.14001464844,0,0.00523026706650853,189.357803344727,-93.2931,23.8282,19.8720319117368,51,51,51,51,51,51,0,8513,1.39572228393376,24,-93,0.0073,51,2026-04-26 06:14:14.000664,1.0543,1.13
"2904010",46,0,1,0,1,0,1,205.155364748576,1,1499.5400390625,0,0.00523026706650853,192.569107055664,-93.2931,23.8282,19.8720319117368,51,51,51,51,51,51,0,8513,1.39572228393376,24,-93,0.0073,51,2026-04-26 06:14:14.000664,1.0543,1.13
"2904010",46,0,1,0.0073,1,0.0073,1,206.312555143729,1,1601.01000976562,0.00730000017210841,0.0104605341330171,193.655303955078,-93.2931,23.8282,19.8720319117368,51,51,51,51,51,51,0,8513,1.39572228393376,24,-93,0.0073,51,2026-04-26 06:14:14.000664,1.0543,1.13
"2904010",47,99999,9,99999,9,99999,9,202.213904542828,1,7.57000017166138,99999,99999,189.748504638672,-93.968,23.7677,33.7814465173929,51,51,51,51,51,51,99999,8512,1.4172408038427,24,-94,0.0073,51,2026-05-06 12:27:32.001327,1.0543,1.13
"2904010",47,99999,9,99999,9,99999,9,202.24618303457,1,11.7399997711182,99999,99999,189.778793334961,-93.968,23.7677,33.7814465173929,51,51,51,51,51,51,99999,8512,1.4172408038427,24,-94,0.0073,51,2026-05-06 12:27:32.001327,1.0543,1.13
"2904010",47,99999,9,99999,9,99999,9,202.167007227873,1,16.7800006866455,99999,99999,189.704498291016,-93.968,23.7677,33.7814465173929,51,51,51,51,51,51,99999,8512,1.4172408038427,24,-94,0.0073,51,2026-05-06 12:27:32.001327,1.0543,1.13
"2904010",47,99999,9,99999,9,99999,9,202.168291863061,1,21.4799995422363,99999,99999,189.705703735352,-93.968,23.7677,33.7814465173929,51,51,51,51,51,51,99999,8512,1.4172408038427,24,-94,0.0073,51,2026-05-06 12:27:32.001327,1.0543,1.13
"2904010",47,0.0154525610190029,5,0.0219,1,0.0219,1,202.363523889187,1,26.6399993896484,0.0219000000506639,0.21118500828743,189.888900756836,-93.968,23.7677,33.7814465173929,51,51,51,51,51,51,0.0219,8512,1.4172408038427,24,-94,0.0073,51,2026-05-06 12:27:32.001327,1.0543,1.13
"2904010",47,0.0154525610190029,5,0.0219,1,0.0219,1,202.914388466651,1,31.5200004577637,0.0219000000506639,0.21118500828743,190.405807495117,-93.968,23.7677,33.7814465173929,51,51,51,51,51,51,0.0219,8512,1.4172408038427,24,-94,0.0073,51,2026-05-06 12:27:32.001327,1.0543,1.13
"2904010",47,0.0257542683650049,1,0.0365,1,0.0365,1,204.558754029362,1,36.7599983215332,0.0364999994635582,0.21118500828743,191.948806762695,-93.968,23.7677,33.7814465173929,51,51,51,51,51,51,0.0365,8512,1.4172408038427,24,-94,0.0073,51,2026-05-06 12:27:32.001327,1.0543,1.13
"2904010",47,0.0257542683650049,1,0.0365,1,0.0365,1,206.45206237801,1,41.75,0.0364999994635582,0.21118500828743,193.725402832031,-93.968,23.7677,33.7814465173929,51,51,51,51,51,51,0.0365,8512,1.4172408038427,24,-94,0.0073,51,2026-05-06 12:27:32.001327,1.0543,1.13
"2904010",47,0.0412068293840078,1,0.0584,1,0.0584,1,210.622329682701,1,46.6599998474121,0.0584000013768673,0.21118500828743,197.638595581055,-93.968,23.7677,33.7814465173929,51,51,51,51,51,51,0.0584,8512,1.4172408038427,24,-94,0.0073,51,2026-05-06 12:27:32.001327,1.0543,1.13
"2904010",47,0.0360559757110068,1,0.0511,1,0.0511,1,211.036892840627,1,51.7999992370605,0.0511000007390976,0.21118500828743,198.027603149414,-93.968,23.7677,33.7814465173929,51,51,51,51,51,51,0.0511,8512,1.4172408038427,24,-94,0.0073,51,2026-05-06 12:27:32.001327,1.0543,1.13
"2904010",47,0.0412068293840078,1,0.0584,1,0.0584,1,210.943114471922,1,56.8199996948242,0.0584000013768673,0.21118500828743,197.939605712891,-93.968,23.7677,33.7814465173929,51,51,51,51,51,51,0.0584,8512,1.4172408038427,24,-94,0.0073,51,2026-05-06 12:27:32.001327,1.0543,1.13
"2904010",47,0.0412068293840078,1,0.0584,1,0.0584,1,210.432967951547,1,61.9000015258789,0.0584000013768673,0.21118500828743,197.460906982422,-93.968,23.7677,33.7814465173929,51,51,51,51,51,51,0.0584,8512,1.4172408038427,24,-94,0.0073,51,2026-05-06 12:27:32.001327,1.0543,1.13
"2904010",47,0.0463576830570087,1,0.0657,1,0.0657,1,209.721930505738,1,66.620002746582,0.065700002014637,0.21118500828743,196.793701171875,-93.968,23.7677,33.7814465173929,51,51,51,51,51,51,0.0657,8512,1.4172408038427,24,-94,0.0073,51,2026-05-06 12:27:32.001327,1.0543,1.13
"2904010",47,0.0463576830570087,1,0.0657,1,0.0657,1,209.360232524969,1,71.5699996948242,0.065700002014637,0.21118500828743,196.454299926758,-93.968,23.7677,33.7814465173929,51,51,51,51,51,51,0.0657,8512,1.4172408038427,24,-94,0.0073,51,2026-05-06 12:27:32.001327,1.0543,1.13
"2904010",47,0.0772628050950146,1,0.1095,1,0.1095,1,208.44235255273,1,76.3899993896484,0.109499998390675,0.21118500828743,195.593002319336,-93.968,23.7677,33.7814465173929,51,51,51,51,51,51,0.1095,8512,1.4172408038427,24,-94,0.0073,51,2026-05-06 12:27:32.001327,1.0543,1.13
"2904010",47,0.0978662197870184,1,0.1387,1,0.1387,1,207.433881407948,1,81.9199981689453,0.138699993491173,0.21118500828743,194.646697998047,-93.968,23.7677,33.7814465173929,51,51,51,51,51,51,0.1387,8512,1.4172408038427,24,-94,0.0073,51,2026-05-06 12:27:32.001327,1.0543,1.13
"2904010",47,0.118469634479022,1,0.1679,1,0.1679,1,206.674466877537,1,86.9700012207031,0.167899996042252,0.21118500828743,193.934097290039,-93.968,23.7677,33.7814465173929,51,51,51,51,51,51,0.1679,8512,1.4172408038427,24,-94,0.0073,51,2026-05-06 12:27:32.001327,1.0543,1.13
"2904010",47,0.128771341825024,1,0.1825,1,0.1825,1,204.865554182362,1,91.5899963378906,0.182500004768372,0.21118500828743,192.236694335938,-93.968,23.7677,33.7814465173929,51,51,51,51,51,51,0.1825,8512,1.4172408038427,24,-94,0.0073,51,2026-05-06 12:27:32.001327,1.0543,1.13
"2904010",47,0.15967646386303,1,0.2263,1,0.2263,1,203.129003849028,1,96.5400009155273,0.226300001144409,0.21118500828743,190.607192993164,-93.968,23.7677,33.7814465173929,51,51,51,51,51,51,0.2263,8512,1.4172408038427,24,-94,0.0073,51,2026-05-06 12:27:32.001327,1.0543,1.13
"2904010",47,0.206034146920039,1,0.292,1,0.292,1,201.314562344184,1,101.910003662109,0.291999995708466,0.21118500828743,188.904602050781,-93.968,23.7677,33.7814465173929,51,51,51,51,51,51,0.292,8512,1.4172408038427,24,-94,0.0073,51,2026-05-06 12:27:32.001327,1.0543,1.13
"2904010",47,0.283296952015053,1,0.4015,1,0.4015,1,197.91840969914,1,111.599998474121,0.40149998664856,0.288447797298431,185.717803955078,-93.968,23.7677,33.7814465173929,51,51,51,51,51,51,0.4015,8512,1.4172408038427,24,-94,0.0073,51,2026-05-06 12:27:32.001327,1.0543,1.13
"2904010",47,0.226637561612043,1,0.3212,1,0.3212,1,196.06697395313,1,121.930000305176,0.321200013160706,0.231788411736488,183.980499267578,-93.968,23.7677,33.7814465173929,51,51,51,51,51,51,0.3212,8512,1.4172408038427,24,-94,0.0073,51,2026-05-06 12:27:32.001327,1.0543,1.13
"2904010",47,0.154525610190029,1,0.219,1,0.219,1,194.257752295062,1,131.330001831055,0.218999996781349,0.15967646241188,182.282806396484,-93.968,23.7677,33.7814465173929,51,51,51,51,51,51,0.219,8512,1.4172408038427,24,-94,0.0073,51,2026-05-06 12:27:32.001327,1.0543,1.13
"2904010",47,0.123620488152023,1,0.1752,1,0.1752,1,188.471983066371,1,141.919998168945,0.175200000405312,0.128771334886551,176.853698730469,-93.968,23.7677,33.7814465173929,51,51,51,51,51,51,0.1752,8512,1.4172408038427,24,-94,0.0073,51,2026-05-06 12:27:32.001327,1.0543,1.13
"2904010",47,0.0309051220380058,1,0.0438,1,0.0438,1,184.161365302119,1,151.380004882812,0.0438000001013279,0.0360559746623039,172.808807373047,-93.968,23.7677,33.7814465173929,51,51,51,51,51,51,0.0438,8512,1.4172408038427,24,-94,0.0073,51,2026-05-06 12:27:32.001327,1.0543,1.13
"2904010",47,0.0103017073460019,1,0.0146,1,0.0146,1,178.746465373766,1,161.889999389648,0.0146000003442168,0.0154525600373745,167.72770690918,-93.968,23.7677,33.7814465173929,51,51,51,51,51,51,0.0146,8512,1.4172408038427,24,-94,0.0073,51,2026-05-06 12:27:32.001327,1.0543,1.13
"2904010",47,0.0515085367300097,1,0.073,1,0.073,1,143.020224183091,1,171.779998779297,0.0729999989271164,0.0566593892872334,134.203796386719,-93.968,23.7677,33.7814465173929,51,51,51,51,51,51,0.073,8512,1.4172408038427,24,-94,0.0073,51,2026-05-06 12:27:32.001327,1.0543,1.13
"2904010",47,0.0257542683650049,1,0.0365,1,0.0365,1,132.684057593176,1,181.600006103516,0.0364999994635582,0.030905120074749,124.50479888916,-93.968,23.7677,33.7814465173929,51,51,51,51,51,51,0.0365,8512,1.4172408038427,24,-94,0.0073,51,2026-05-06 12:27:32.001327,1.0543,1.13
"2904010",47,0,1,0,1,0,1,132.569814498095,1,191.020004272461,0,0.00515085365623236,124.397598266602,-93.968,23.7677,33.7814465173929,51,51,51,51,51,51,0,8512,1.4172408038427,24,-94,0.0073,51,2026-05-06 12:27:32.001327,1.0543,1.13
"2904010",47,0,1,-0.0073,1,-0.0073,1,132.013843902289,1,199.360000610352,-0.00730000017210841,0,123.875900268555,-93.968,23.7677,33.7814465173929,51,51,51,51,51,51,0,8512,1.4172408038427,24,-94,0.0073,51,2026-05-06 12:27:32.001327,1.0543,1.13
"2904010",47,0,1,-0.0073,1,-0.0073,1,131.90364984723,1,211.330001831055,-0.00730000017210841,0,123.772499084473,-93.968,23.7677,33.7814465173929,51,51,51,51,51,51,0,8512,1.4172408038427,24,-94,0.0073,51,2026-05-06 12:27:32.001327,1.0543,1.13
"2904010",47,0,1,-0.0073,1,-0.0073,1,134.617758774816,1,221.119995117188,-0.00730000017210841,0,126.319297790527,-93.968,23.7677,33.7814465173929,51,51,51,51,51,51,0,8512,1.4172408038427,24,-94,0.0073,51,2026-05-06 12:27:32.001327,1.0543,1.13
"2904010",47,0,1,-0.0073,1,-0.0073,1,136.667085253954,1,231.210006713867,-0.00730000017210841,0,128.242294311523,-93.968,23.7677,33.7814465173929,51,51,51,51,51,51,0,8512,1.4172408038427,24,-94,0.0073,51,2026-05-06 12:27:32.001327,1.0543,1.13
"2904010",47,0,1,-0.0073,1,-0.0073,1,137.118301167742,1,241.350006103516,-0.00730000017210841,0,128.66569519043,-93.968,23.7677,33.7814465173929,51,51,51,51,51,51,0,8512,1.4172408038427,24,-94,0.0073,51,2026-05-06 12:27:32.001327,1.0543,1.13
"2904010",47,0,1,-0.0073,1,-0.0073,1,135.365668502754,1,250.970001220703,-0.00730000017210841,0,127.021102905273,-93.968,23.7677,33.7814465173929,51,51,51,51,51,51,0,8512,1.4172408038427,24,-94,0.0073,51,2026-05-06 12:27:32.001327,1.0543,1.13
"2904010",47,0,1,-0.0073,1,-0.0073,1,132.503956618217,1,261.779998779297,-0.00730000017210841,0,124.335800170898,-93.968,23.7677,33.7814465173929,51,51,51,51,51,51,0,8512,1.4172408038427,24,-94,0.0073,51,2026-05-06 12:27:32.001327,1.0543,1.13
"2904010",47,0,1,-0.0073,1,-0.0073,1,132.085563946536,1,271.540008544922,-0.00730000017210841,0,123.943199157715,-93.968,23.7677,33.7814465173929,51,51,51,51,51,51,0,8512,1.4172408038427,24,-94,0.0073,51,2026-05-06 12:27:32.001327,1.0543,1.13
"2904010",47,0,1,-0.0073,1,-0.0073,1,131.771503165544,1,281.380004882812,-0.00730000017210841,0,123.648498535156,-93.968,23.7677,33.7814465173929,51,51,51,51,51,51,0,8512,1.4172408038427,24,-94,0.0073,51,2026-05-06 12:27:32.001327,1.0543,1.13
"2904010",47,0,1,-0.0073,1,-0.0073,1,130.167847529321,1,291.420013427734,-0.00730000017210841,0,122.143699645996,-93.968,23.7677,33.7814465173929,51,51,51,51,51,51,0,8512,1.4172408038427,24,-94,0.0073,51,2026-05-06 12:27:32.001327,1.0543,1.13
"2904010",47,0,1,-0.0073,1,-0.0073,1,129.43549977448,1,300.880004882812,-0.00730000017210841,0,121.456497192383,-93.968,23.7677,33.7814465173929,51,51,51,51,51,51,0,8512,1.4172408038427,24,-94,0.0073,51,2026-05-06 12:27:32.001327,1.0543,1.13
"2904010",47,0,1,-0.0073,1,-0.0073,1,126.543631485442,1,310.679992675781,-0.00730000017210841,0,118.742897033691,-93.968,23.7677,33.7814465173929,51,51,51,51,51,51,0,8512,1.4172408038427,24,-94,0.0073,51,2026-05-06 12:27:32.001327,1.0543,1.13
"2904010",47,0,1,-0.0073,1,-0.0073,1,124.033177888124,1,321.290008544922,-0.00730000017210841,0,116.387199401855,-93.968,23.7677,33.7814465173929,51,51,51,51,51,51,0,8512,1.4172408038427,24,-94,0.0073,51,2026-05-06 12:27:32.001327,1.0543,1.13
"2904010",47,0,1,-0.0073,1,-0.0073,1,122.641381360045,1,331.829986572266,-0.00730000017210841,0,115.081199645996,-93.968,23.7677,33.7814465173929,51,51,51,51,51,51,0,8512,1.4172408038427,24,-94,0.0073,51,2026-05-06 12:27:32.001327,1.0543,1.13
"2904010",47,0,1,-0.0073,1,-0.0073,1,122.057490275412,1,341.579986572266,-0.00730000017210841,0,114.533302307129,-93.968,23.7677,33.7814465173929,51,51,51,51,51,51,0,8512,1.4172408038427,24,-94,0.0073,51,2026-05-06 12:27:32.001327,1.0543,1.13
"2904010",47,0,1,-0.0073,1,-0.0073,1,120.499764412451,1,351.640014648438,-0.00730000017210841,0,113.071601867676,-93.968,23.7677,33.7814465173929,51,51,51,51,51,51,0,8512,1.4172408038427,24,-94,0.0073,51,2026-05-06 12:27:32.001327,1.0543,1.13
"2904010",47,0,1,-0.0073,1,-0.0073,1,118.758311325837,1,361.130004882812,-0.00730000017210841,0,111.4375,-93.968,23.7677,33.7814465173929,51,51,51,51,51,51,0,8512,1.4172408038427,24,-94,0.0073,51,2026-05-06 12:27:32.001327,1.0543,1.13
"2904010",47,0,1,-0.0073,1,-0.0073,1,114.603914957136,1,381.790008544922,-0.00730000017210841,0,107.539199829102,-93.968,23.7677,33.7814465173929,51,51,51,51,51,51,0,8512,1.4172408038427,24,-94,0.0073,51,2026-05-06 12:27:32.001327,1.0543,1.13
"2904010",47,0,1,-0.0073,1,-0.0073,1,114.86096395372,1,401.359985351562,-0.00730000017210841,0,107.780403137207,-93.968,23.7677,33.7814465173929,51,51,51,51,51,51,0,8512,1.4172408038427,24,-94,0.0073,51,2026-05-06 12:27:32.001327,1.0543,1.13
"2904010",47,0,1,0,1,0,1,120.080200934016,1,451.420013427734,0,0.00515085365623236,112.67790222168,-93.968,23.7677,33.7814465173929,51,51,51,51,51,51,0,8512,1.4172408038427,24,-94,0.0073,51,2026-05-06 12:27:32.001327,1.0543,1.13
"2904010",47,0,1,-0.0073,1,-0.0073,1,117.659582363213,1,501.850006103516,-0.00730000017210841,0,110.40650177002,-93.968,23.7677,33.7814465173929,51,51,51,51,51,51,0,8512,1.4172408038427,24,-94,0.0073,51,2026-05-06 12:27:32.001327,1.0543,1.13
"2904010",47,0,1,0.0073,1,0.0073,1,117.103928860903,1,551.010009765625,0.00730000017210841,0.0103017073124647,109.885101318359,-93.968,23.7677,33.7814465173929,51,51,51,51,51,51,0,8512,1.4172408038427,24,-94,0.0073,51,2026-05-06 12:27:32.001327,1.0543,1.13
"2904010",47,0,1,0,1,0,1,119.31907897709,1,601.27001953125,0,0.00515085365623236,111.96369934082,-93.968,23.7677,33.7814465173929,51,51,51,51,51,51,0,8512,1.4172408038427,24,-94,0.0073,51,2026-05-06 12:27:32.001327,1.0543,1.13
"2904010",47,0,1,0.0073,1,0.0073,1,121.316190727269,1,651.799987792969,0.00730000017210841,0.0103017073124647,113.837699890137,-93.968,23.7677,33.7814465173929,51,51,51,51,51,51,0,8512,1.4172408038427,24,-94,0.0073,51,2026-05-06 12:27:32.001327,1.0543,1.13
"2904010",47,0,1,0,1,0,1,123.735313267221,1,701.52001953125,0,0.00515085365623236,116.107696533203,-93.968,23.7677,33.7814465173929,51,51,51,51,51,51,0,8512,1.4172408038427,24,-94,0.0073,51,2026-05-06 12:27:32.001327,1.0543,1.13
"2904010",47,0,1,-0.0073,1,-0.0073,1,129.720257864227,1,751.75,-0.00730000017210841,0,121.723701477051,-93.968,23.7677,33.7814465173929,51,51,51,51,51,51,0,8512,1.4172408038427,24,-94,0.0073,51,2026-05-06 12:27:32.001327,1.0543,1.13
"2904010",47,0,1,0,1,0,1,137.40070951338,1,801.400024414062,0,0.00515085365623236,128.930694580078,-93.968,23.7677,33.7814465173929,51,51,51,51,51,51,0,8512,1.4172408038427,24,-94,0.0073,51,2026-05-06 12:27:32.001327,1.0543,1.13
"2904010",47,0,1,0,1,0,1,144.530743768203,1,851.700012207031,0,0.00515085365623236,135.621200561523,-93.968,23.7677,33.7814465173929,51,51,51,51,51,51,0,8512,1.4172408038427,24,-94,0.0073,51,2026-05-06 12:27:32.001327,1.0543,1.13
"2904010",47,0,1,0,1,0,1,150.017144214536,1,900.989990234375,0,0.00515085365623236,140.769393920898,-93.968,23.7677,33.7814465173929,51,51,51,51,51,51,0,8512,1.4172408038427,24,-94,0.0073,51,2026-05-06 12:27:32.001327,1.0543,1.13
"2904010",47,0,1,0,1,0,1,156.709182915162,1,951.799987792969,0,0.00515085365623236,147.048904418945,-93.968,23.7677,33.7814465173929,51,51,51,51,51,51,0,8512,1.4172408038427,24,-94,0.0073,51,2026-05-06 12:27:32.001327,1.0543,1.13
"2904010",47,0,1,0.0073,1,0.0073,1,162.940183934234,1,999.590026855469,0.00730000017210841,0.0103017073124647,152.895797729492,-93.968,23.7677,33.7814465173929,51,51,51,51,51,51,0,8512,1.4172408038427,24,-94,0.0073,51,2026-05-06 12:27:32.001327,1.0543,1.13
"2904010",47,0,1,-0.0073,1,-0.0073,1,176.762029232814,1,1100.15002441406,-0.00730000017210841,0,165.865600585938,-93.968,23.7677,33.7814465173929,51,51,51,51,51,51,0,8512,1.4172408038427,24,-94,0.0073,51,2026-05-06 12:27:32.001327,1.0543,1.13
"2904010",47,0,1,0.0073,1,0.0073,1,187.801663677652,1,1198.85998535156,0.00730000017210841,0.0103017073124647,176.224700927734,-93.968,23.7677,33.7814465173929,51,51,51,51,51,51,0,8512,1.4172408038427,24,-94,0.0073,51,2026-05-06 12:27:32.001327,1.0543,1.13
"2904010",47,0,1,0,1,0,1,195.904248075615,1,1299.66003417969,0,0.00515085365623236,183.82780456543,-93.968,23.7677,33.7814465173929,51,51,51,51,51,51,0,8512,1.4172408038427,24,-94,0.0073,51,2026-05-06 12:27:32.001327,1.0543,1.13
"2904010",47,0,1,0,1,0,1,200.669496606687,1,1399.84997558594,0,0.00515085365623236,188.299301147461,-93.968,23.7677,33.7814465173929,51,51,51,51,51,51,0,8512,1.4172408038427,24,-94,0.0073,51,2026-05-06 12:27:32.001327,1.0543,1.13
"2904010",47,0,1,0,1,0,1,204.389198445786,1,1499.18994140625,0,0.00515085365623236,191.789703369141,-93.968,23.7677,33.7814465173929,51,51,51,51,51,51,0,8512,1.4172408038427,24,-94,0.0073,51,2026-05-06 12:27:32.001327,1.0543,1.13
"2904010",47,0,1,0.0073,1,0.0073,1,206.418596818309,4,1597.93005371094,0.00730000017210841,0.0103017073124647,193.694000244141,-93.968,23.7677,33.7814465173929,51,51,51,51,51,51,0,8512,1.4172408038427,24,-94,0.0073,51,2026-05-06 12:27:32.001327,1.0543,1.13
"2904010",48,0.0103017073460019,5,0.0146,1,0.0146,1,201.905238529666,1,7.75,0.0146000003442168,0.329654633998871,189.399307250977,-93.5544,23.6228,23.7471844155976,51,51,51,51,51,51,0.0146,8512,1.4172408038427,24,-94,0.0073,51,2026-05-16 19:02:25.002041,1.0543,1.13
"2904010",48,0.00515085367300097,5,0.0073,1,0.0073,1,201.966416153345,1,11.6999998092651,0.00730000017210841,0.329654633998871,189.456695556641,-93.5544,23.6228,23.7471844155976,51,51,51,51,51,51,0.0073,8512,1.4172408038427,24,-94,0.0073,51,2026-05-16 19:02:25.002041,1.0543,1.13
"2904010",48,99999,9,99999,9,99999,9,202.324600485542,1,16.7999992370605,99999,99999,189.792694091797,-93.5544,23.6228,23.7471844155976,51,51,51,51,51,51,99999,8512,1.4172408038427,24,-94,0.0073,51,2026-05-16 19:02:25.002041,1.0543,1.13
"2904010",48,99999,9,99999,9,99999,9,203.198215650362,1,21.9200000762939,99999,99999,190.612197875977,-93.5544,23.6228,23.7471844155976,51,51,51,51,51,51,99999,8512,1.4172408038427,24,-94,0.0073,51,2026-05-16 19:02:25.002041,1.0543,1.13
"2904010",48,99999,9,99999,9,99999,9,206.459514901024,1,26.8999996185303,99999,99999,193.671493530273,-93.5544,23.6228,23.7471844155976,51,51,51,51,51,51,99999,8512,1.4172408038427,24,-94,0.0073,51,2026-05-16 19:02:25.002041,1.0543,1.13
"2904010",48,99999,9,99999,9,99999,9,210.527802476148,1,31.9699993133545,99999,99999,197.48779296875,-93.5544,23.6228,23.7471844155976,51,51,51,51,51,51,99999,8512,1.4172408038427,24,-94,0.0073,51,2026-05-16 19:02:25.002041,1.0543,1.13
"2904010",48,0.0463576830570087,1,0.0657,1,0.0657,1,213.09960502049,1,36.7700004577637,0.065700002014637,0.329654633998871,199.900299072266,-93.5544,23.6228,23.7471844155976,51,51,51,51,51,51,0.0657,8512,1.4172408038427,24,-94,0.0073,51,2026-05-16 19:02:25.002041,1.0543,1.13
"2904010",48,99999,9,99999,9,99999,9,212.584401916326,1,41.9500007629395,99999,99999,199.417007446289,-93.5544,23.6228,23.7471844155976,51,51,51,51,51,51,99999,8512,1.4172408038427,24,-94,0.0073,51,2026-05-16 19:02:25.002041,1.0543,1.13
"2904010",48,0.0772628050950146,1,0.1095,1,0.1095,1,211.787531241938,1,46.7599983215332,0.109499998390675,0.329654633998871,198.669494628906,-93.5544,23.6228,23.7471844155976,51,51,51,51,51,51,0.1095,8512,1.4172408038427,24,-94,0.0073,51,2026-05-16 19:02:25.002041,1.0543,1.13
"2904010",48,0.0721119514220136,1,0.1022,1,0.1022,1,207.284737768464,1,51.7900009155273,0.102200001478195,0.329654633998871,194.445602416992,-93.5544,23.6228,23.7471844155976,51,51,51,51,51,51,0.1022,8512,1.4172408038427,24,-94,0.0073,51,2026-05-16 19:02:25.002041,1.0543,1.13
"2904010",48,0.0824136587680155,1,0.1168,1,0.1168,1,205.185081383358,1,56.9000015258789,0.116800002753735,0.329654633998871,192.475997924805,-93.5544,23.6228,23.7471844155976,51,51,51,51,51,51,0.1168,8512,1.4172408038427,24,-94,0.0073,51,2026-05-16 19:02:25.002041,1.0543,1.13
"2904010",48,0.118469634479022,1,0.1679,1,0.1679,1,202.309147483018,1,61.8499984741211,0.167899996042252,0.329654633998871,189.778198242188,-93.5544,23.6228,23.7471844155976,51,51,51,51,51,51,0.1679,8512,1.4172408038427,24,-94,0.0073,51,2026-05-16 19:02:25.002041,1.0543,1.13
"2904010",48,0.175129024882033,1,0.2482,1,0.2482,1,200.123572403876,1,66.8099975585938,0.248199999332428,0.329654633998871,187.727996826172,-93.5544,23.6228,23.7471844155976,51,51,51,51,51,51,0.2482,8512,1.4172408038427,24,-94,0.0073,51,2026-05-16 19:02:25.002041,1.0543,1.13
"2904010",48,0.221486707939042,1,0.3139,1,0.3139,1,198.316547087626,1,71.6999969482422,0.313899993896484,0.329654633998871,186.032897949219,-93.5544,23.6228,23.7471844155976,51,51,51,51,51,51,0.3139,8512,1.4172408038427,24,-94,0.0073,51,2026-05-16 19:02:25.002041,1.0543,1.13
"2904010",48,0.391464879148074,1,0.5548,1,0.5548,1,199.272242095328,1,76.7699966430664,0.554799973964691,0.329654633998871,186.929397583008,-93.5544,23.6228,23.7471844155976,51,51,51,51,51,51,0.5548,8512,1.4172408038427,24,-94,0.0073,51,2026-05-16 19:02:25.002041,1.0543,1.13
"2904010",48,0.324503781399061,1,0.4599,1,0.4599,1,204.207540709982,1,81.5999984741211,0.459899991750717,0.329654633998871,191.559005737305,-93.5544,23.6228,23.7471844155976,51,51,51,51,51,51,0.4599,8512,1.4172408038427,24,-94,0.0073,51,2026-05-16 19:02:25.002041,1.0543,1.13
"2904010",48,0.448124269551084,1,0.6351,1,0.6351,1,195.725452689607,1,86.8099975585938,0.63510000705719,0.453275114297867,183.602294921875,-93.5544,23.6228,23.7471844155976,51,51,51,51,51,51,0.6351,8512,1.4172408038427,24,-94,0.0073,51,2026-05-16 19:02:25.002041,1.0543,1.13
"2904010",48,0.31935292772606,1,0.4526,1,0.4526,1,193.511736879552,1,91.629997253418,0.452600002288818,0.324503779411316,181.525695800781,-93.5544,23.6228,23.7471844155976,51,51,51,51,51,51,0.4526,8512,1.4172408038427,24,-94,0.0073,51,2026-05-16 19:02:25.002041,1.0543,1.13
"2904010",48,0.278146098342052,1,0.3942,1,0.3942,1,188.6396654447,1,96.8000030517578,0.394199997186661,0.283296942710876,176.95539855957,-93.5544,23.6228,23.7471844155976,51,51,51,51,51,51,0.3942,8512,1.4172408038427,24,-94,0.0073,51,2026-05-16 19:02:25.002041,1.0543,1.13
"2904010",48,0.26269353732305,1,0.3723,1,0.3723,1,175.932807865743,1,101.569999694824,0.372299998998642,0.267844378948212,165.035598754883,-93.5544,23.6228,23.7471844155976,51,51,51,51,51,51,0.3723,8512,1.4172408038427,24,-94,0.0073,51,2026-05-16 19:02:25.002041,1.0543,1.13
"2904010",48,0.231788415285044,1,0.3285,1,0.3285,1,156.495142909343,1,111.800003051758,0.328500002622604,0.236939281225204,146.801895141602,-93.5544,23.6228,23.7471844155976,51,51,51,51,51,51,0.3285,8512,1.4172408038427,24,-94,0.0073,51,2026-05-16 19:02:25.002041,1.0543,1.13
"2904010",48,0.180279878555034,1,0.2555,1,0.2555,1,138.361451104908,1,121.839996337891,0.255499988794327,0.185430735349655,129.791397094727,-93.5544,23.6228,23.7471844155976,51,51,51,51,51,51,0.2555,8512,1.4172408038427,24,-94,0.0073,51,2026-05-16 19:02:25.002041,1.0543,1.13
"2904010",48,0.169978171209032,1,0.2409,1,0.2409,1,130.999884697055,1,131.490005493164,0.240899994969368,0.175129011273384,122.885803222656,-93.5544,23.6228,23.7471844155976,51,51,51,51,51,51,0.2409,8512,1.4172408038427,24,-94,0.0073,51,2026-05-16 19:02:25.002041,1.0543,1.13
"2904010",48,0.133922195498025,1,0.1898,1,0.1898,1,127.749768540325,1,141.649993896484,0.18979999423027,0.139073044061661,119.83699798584,-93.5544,23.6228,23.7471844155976,51,51,51,51,51,51,0.1898,8512,1.4172408038427,24,-94,0.0073,51,2026-05-16 19:02:25.002041,1.0543,1.13
"2904010",48,0.10816792713302,1,0.1533,1,0.1533,1,130.719835625517,1,151.919998168945,0.153300002217293,0.113318778574467,122.623100280762,-93.5544,23.6228,23.7471844155976,51,51,51,51,51,51,0.1533,8512,1.4172408038427,24,-94,0.0073,51,2026-05-16 19:02:25.002041,1.0543,1.13
"2904010",48,0.0927153661140175,1,0.1314,1,0.1314,1,136.094438702462,1,161.800003051758,0.131400004029274,0.0978662222623825,127.66480255127,-93.5544,23.6228,23.7471844155976,51,51,51,51,51,51,0.1314,8512,1.4172408038427,24,-94,0.0073,51,2026-05-16 19:02:25.002041,1.0543,1.13
"2904010",48,0.0360559757110068,1,0.0511,1,0.0511,1,135.698939435748,1,171.589996337891,0.0511000007390976,0.0412068292498589,127.293800354004,-93.5544,23.6228,23.7471844155976,51,51,51,51,51,51,0.0511,8512,1.4172408038427,24,-94,0.0073,51,2026-05-16 19:02:25.002041,1.0543,1.13
"2904010",48,0.00515085367300097,1,0.0073,1,0.0073,1,135.807037254986,1,181.669998168945,0.00730000017210841,0.0103017073124647,127.395202636719,-93.5544,23.6228,23.7471844155976,51,51,51,51,51,51,0.0073,8512,1.4172408038427,24,-94,0.0073,51,2026-05-16 19:02:25.002041,1.0543,1.13
"2904010",48,0,1,0,1,0,1,134.923507769073,1,191.470001220703,0,0.00515085365623236,126.566398620605,-93.5544,23.6228,23.7471844155976,51,51,51,51,51,51,0,8512,1.4172408038427,24,-94,0.0073,51,2026-05-16 19:02:25.002041,1.0543,1.13
"2904010",48,0,1,0,1,0,1,133.143240546669,1,201.339996337891,0,0.00515085365623236,124.89640045166,-93.5544,23.6228,23.7471844155976,51,51,51,51,51,51,0,8512,1.4172408038427,24,-94,0.0073,51,2026-05-16 19:02:25.002041,1.0543,1.13
"2904010",48,0,1,-0.0073,1,-0.0073,1,129.879696544061,1,211.729995727539,-0.00730000017210841,0,121.834999084473,-93.5544,23.6228,23.7471844155976,51,51,51,51,51,51,0,8512,1.4172408038427,24,-94,0.0073,51,2026-05-16 19:02:25.002041,1.0543,1.13
"2904010",48,0,1,-0.0073,1,-0.0073,1,125.077765474351,1,221.399993896484,-0.00730000017210841,0,117.330497741699,-93.5544,23.6228,23.7471844155976,51,51,51,51,51,51,0,8512,1.4172408038427,24,-94,0.0073,51,2026-05-16 19:02:25.002041,1.0543,1.13
"2904010",48,0,1,-0.0073,1,-0.0073,1,125.173281296271,1,231.25,-0.00730000017210841,0,117.420097351074,-93.5544,23.6228,23.7471844155976,51,51,51,51,51,51,0,8512,1.4172408038427,24,-94,0.0073,51,2026-05-16 19:02:25.002041,1.0543,1.13
"2904010",48,0,1,-0.0073,1,-0.0073,1,125.390436647535,1,241.089996337891,-0.00730000017210841,0,117.623802185059,-93.5544,23.6228,23.7471844155976,51,51,51,51,51,51,0,8512,1.4172408038427,24,-94,0.0073,51,2026-05-16 19:02:25.002041,1.0543,1.13
"2904010",48,0,1,-0.0073,1,-0.0073,1,126.631402214996,1,251,-0.00730000017210841,0,118.787902832031,-93.5544,23.6228,23.7471844155976,51,51,51,51,51,51,0,8512,1.4172408038427,24,-94,0.0073,51,2026-05-16 19:02:25.002041,1.0543,1.13
"2904010",48,0,1,-0.0073,1,-0.0073,1,124.538569550479,1,261.109985351562,-0.00730000017210841,0,116.824699401855,-93.5544,23.6228,23.7471844155976,51,51,51,51,51,51,0,8512,1.4172408038427,24,-94,0.0073,51,2026-05-16 19:02:25.002041,1.0543,1.13
"2904010",48,0,1,-0.0073,1,-0.0073,1,122.377198753185,1,271.369995117188,-0.00730000017210841,0,114.797203063965,-93.5544,23.6228,23.7471844155976,51,51,51,51,51,51,0,8512,1.4172408038427,24,-94,0.0073,51,2026-05-16 19:02:25.002041,1.0543,1.13
"2904010",48,0,1,-0.0073,1,-0.0073,1,123.451540287638,1,281.670013427734,-0.00730000017210841,0,115.805000305176,-93.5544,23.6228,23.7471844155976,51,51,51,51,51,51,0,8512,1.4172408038427,24,-94,0.0073,51,2026-05-16 19:02:25.002041,1.0543,1.13
"2904010",48,0,1,0,1,0,1,121.867737659433,1,288.760009765625,0,0.00515085365623236,114.319297790527,-93.5544,23.6228,23.7471844155976,51,51,51,51,51,51,0,8512,1.4172408038427,24,-94,0.0073,51,2026-05-16 19:02:25.002041,1.0543,1.13
"2904010",48,0,1,0,1,0,1,121.370972427229,1,301.869995117188,0,0.00515085365623236,113.853302001953,-93.5544,23.6228,23.7471844155976,51,51,51,51,51,51,0,8512,1.4172408038427,24,-94,0.0073,51,2026-05-16 19:02:25.002041,1.0543,1.13
"2904010",48,0,1,-0.0073,1,-0.0073,1,120.676026504228,1,311.200012207031,-0.00730000017210841,0,113.201400756836,-93.5544,23.6228,23.7471844155976,51,51,51,51,51,51,0,8512,1.4172408038427,24,-94,0.0073,51,2026-05-16 19:02:25.002041,1.0543,1.13
"2904010",48,0,1,0,1,0,1,116.655391108994,1,321.820007324219,0,0.00515085365623236,109.429801940918,-93.5544,23.6228,23.7471844155976,51,51,51,51,51,51,0,8512,1.4172408038427,24,-94,0.0073,51,2026-05-16 19:02:25.002041,1.0543,1.13
"2904010",48,0,1,0,1,0,1,112.49179917409,1,331.690002441406,0,0.00515085365623236,105.524101257324,-93.5544,23.6228,23.7471844155976,51,51,51,51,51,51,0,8512,1.4172408038427,24,-94,0.0073,51,2026-05-16 19:02:25.002041,1.0543,1.13
"2904010",48,0,1,0,1,0,1,113.7462983185,1,341.040008544922,0,0.00515085365623236,106.700897216797,-93.5544,23.6228,23.7471844155976,51,51,51,51,51,51,0,8512,1.4172408038427,24,-94,0.0073,51,2026-05-16 19:02:25.002041,1.0543,1.13
"2904010",48,0,1,0,1,0,1,115.695645787999,1,351.600006103516,0,0.00515085365623236,108.529502868652,-93.5544,23.6228,23.7471844155976,51,51,51,51,51,51,0,8512,1.4172408038427,24,-94,0.0073,51,2026-05-16 19:02:25.002041,1.0543,1.13
"2904010",48,0,1,0,1,0,1,115.447576298527,1,361.549987792969,0,0.00515085365623236,108.296798706055,-93.5544,23.6228,23.7471844155976,51,51,51,51,51,51,0,8512,1.4172408038427,24,-94,0.0073,51,2026-05-16 19:02:25.002041,1.0543,1.13
"2904010",48,0,1,-0.0073,1,-0.0073,1,113.354532171869,1,381.779998779297,-0.00730000017210841,0,106.333396911621,-93.5544,23.6228,23.7471844155976,51,51,51,51,51,51,0,8512,1.4172408038427,24,-94,0.0073,51,2026-05-16 19:02:25.002041,1.0543,1.13
"2904010",48,0,1,0,1,0,1,115.746494299463,1,401.720001220703,0,0.00515085365623236,108.577201843262,-93.5544,23.6228,23.7471844155976,51,51,51,51,51,51,0,8512,1.4172408038427,24,-94,0.0073,51,2026-05-16 19:02:25.002041,1.0543,1.13
"2904010",48,0,1,0,1,0,1,116.917848157132,1,451.450012207031,0,0.00515085365623236,109.676002502441,-93.5544,23.6228,23.7471844155976,51,51,51,51,51,51,0,8512,1.4172408038427,24,-94,0.0073,51,2026-05-16 19:02:25.002041,1.0543,1.13
"2904010",48,0,1,0,1,0,1,117.693385554877,1,501.559997558594,0,0.00515085365623236,110.403503417969,-93.5544,23.6228,23.7471844155976,51,51,51,51,51,51,0,8512,1.4172408038427,24,-94,0.0073,51,2026-05-16 19:02:25.002041,1.0543,1.13
"2904010",48,0,1,0,1,0,1,122.518447329418,1,551.02001953125,0,0.00515085365623236,114.929702758789,-93.5544,23.6228,23.7471844155976,51,51,51,51,51,51,0,8512,1.4172408038427,24,-94,0.0073,51,2026-05-16 19:02:25.002041,1.0543,1.13
"2904010",48,0,1,0.0073,1,0.0073,1,127.544024011451,1,601.799987792969,0.00730000017210841,0.0103017073124647,119.643997192383,-93.5544,23.6228,23.7471844155976,51,51,51,51,51,51,0,8512,1.4172408038427,24,-94,0.0073,51,2026-05-16 19:02:25.002041,1.0543,1.13
"2904010",48,0,1,0,1,0,1,131.088999722666,1,651.789978027344,0,0.00515085365623236,122.969398498535,-93.5544,23.6228,23.7471844155976,51,51,51,51,51,51,0,8512,1.4172408038427,24,-94,0.0073,51,2026-05-16 19:02:25.002041,1.0543,1.13
"2904010",48,0,1,0,1,0,1,138.870050083782,1,701.369995117188,0,0.00515085365623236,130.268493652344,-93.5544,23.6228,23.7471844155976,51,51,51,51,51,51,0,8512,1.4172408038427,24,-94,0.0073,51,2026-05-16 19:02:25.002041,1.0543,1.13
"2904010",48,0,1,0.0073,1,0.0073,1,144.863375115487,1,751.070007324219,0.00730000017210841,0.0103017073124647,135.890594482422,-93.5544,23.6228,23.7471844155976,51,51,51,51,51,51,0,8512,1.4172408038427,24,-94,0.0073,51,2026-05-16 19:02:25.002041,1.0543,1.13
"2904010",48,0,1,0,1,0,1,151.514233537764,1,801.739990234375,0,0.00515085365623236,142.129501342773,-93.5544,23.6228,23.7471844155976,51,51,51,51,51,51,0,8512,1.4172408038427,24,-94,0.0073,51,2026-05-16 19:02:25.002041,1.0543,1.13
"2904010",48,0,1,0.0073,1,0.0073,1,157.185615594771,1,851.109985351562,0.00730000017210841,0.0103017073124647,147.449600219727,-93.5544,23.6228,23.7471844155976,51,51,51,51,51,51,0,8512,1.4172408038427,24,-94,0.0073,51,2026-05-16 19:02:25.002041,1.0543,1.13
"2904010",48,0,1,0,1,0,1,164.029311222234,1,901.849975585938,0,0.00515085365623236,153.869400024414,-93.5544,23.6228,23.7471844155976,51,51,51,51,51,51,0,8512,1.4172408038427,24,-94,0.0073,51,2026-05-16 19:02:25.002041,1.0543,1.13
"2904010",48,0,1,0,1,0,1,169.533117666602,1,951.539978027344,0,0.00515085365623236,159.032302856445,-93.5544,23.6228,23.7471844155976,51,51,51,51,51,51,0,8512,1.4172408038427,24,-94,0.0073,51,2026-05-16 19:02:25.002041,1.0543,1.13
"2904010",48,0,1,0,1,0,1,174.473100980969,1,999.390014648438,0,0.00515085365623236,163.666305541992,-93.5544,23.6228,23.7471844155976,51,51,51,51,51,51,0,8512,1.4172408038427,24,-94,0.0073,51,2026-05-16 19:02:25.002041,1.0543,1.13
"2904010",48,0,1,0.0073,1,0.0073,1,185.6328202135,1,1099.81994628906,0.00730000017210841,0.0103017073124647,174.134796142578,-93.5544,23.6228,23.7471844155976,51,51,51,51,51,51,0,8512,1.4172408038427,24,-94,0.0073,51,2026-05-16 19:02:25.002041,1.0543,1.13
"2904010",48,0,1,0,1,0,1,194.22587705832,1,1199.38000488281,0,0.00515085365623236,182.195602416992,-93.5544,23.6228,23.7471844155976,51,51,51,51,51,51,0,8512,1.4172408038427,24,-94,0.0073,51,2026-05-16 19:02:25.002041,1.0543,1.13
"2904010",48,0,1,0,1,0,1,201.218490831163,1,1300.05004882812,0,0.00515085365623236,188.755096435547,-93.5544,23.6228,23.7471844155976,51,51,51,51,51,51,0,8512,1.4172408038427,24,-94,0.0073,51,2026-05-16 19:02:25.002041,1.0543,1.13
"2904010",48,0,1,0,1,0,1,205.306297988423,1,1399.55004882812,0,0.00515085365623236,192.589706420898,-93.5544,23.6228,23.7471844155976,51,51,51,51,51,51,0,8512,1.4172408038427,24,-94,0.0073,51,2026-05-16 19:02:25.002041,1.0543,1.13
"2904010",48,0,1,-0.0073,1,-0.0073,1,207.289959256686,1,1499.83996582031,-0.00730000017210841,0,194.450500488281,-93.5544,23.6228,23.7471844155976,51,51,51,51,51,51,0,8512,1.4172408038427,24,-94,0.0073,51,2026-05-16 19:02:25.002041,1.0543,1.13
"2904010",48,0,1,-0.0073,1,-0.0073,1,207.84610468438,1,1601.06005859375,-0.00730000017210841,0,194.972198486328,-93.5544,23.6228,23.7471844155976,51,51,51,51,51,51,0,8512,1.4172408038427,24,-94,0.0073,51,2026-05-16 19:02:25.002041,1.0543,1.13
"2904010",49,99999,9,99999,9,99999,9,198.458186887642,1,7.84999990463257,99999,99999,186.107299804688,-94.7353,23.8302,9.93625559422644,51,51,51,51,51,51,99999,8511,1.39062200113982,24,-95,0.0073,51,2026-05-27 01:27:03.000147,1.0543,1.13
"2904010",49,0.0157483485677989,1,0.0219,1,0.0219,1,199.51176187931,1,11.8199996948242,0.0219000000506639,0.0209977980703115,187.095306396484,-94.7353,23.8302,9.93625559422644,51,51,51,51,51,51,0.0219,8511,1.39062200113982,24,-95,0.0073,51,2026-05-27 01:27:03.000147,1.0543,1.13
"2904010",49,0.0209977980903986,1,0.0292,1,0.0292,1,199.854910033739,1,16.8400001525879,0.0292000006884336,0.0262472461909056,187.417098999023,-94.7353,23.8302,9.93625559422644,51,51,51,51,51,51,0.0292,8511,1.39062200113982,24,-95,0.0073,51,2026-05-27 01:27:03.000147,1.0543,1.13
"2904010",49,0.0262472476129982,1,0.0365,1,0.0365,1,202.095990144587,1,21.8799991607666,0.0364999994635582,0.0314966961741447,189.518707275391,-94.7353,23.8302,9.93625559422644,51,51,51,51,51,51,0.0365,8511,1.39062200113982,24,-95,0.0073,51,2026-05-27 01:27:03.000147,1.0543,1.13
"2904010",49,99999,9,99999,9,99999,9,212.112030636804,1,26.6200008392334,99999,99999,198.911407470703,-94.7353,23.8302,9.93625559422644,51,51,51,51,51,51,99999,8511,1.39062200113982,24,-95,0.0073,51,2026-05-27 01:27:03.000147,1.0543,1.13
"2904010",49,99999,9,99999,9,99999,9,213.573156096677,1,31.8799991607666,99999,99999,200.281600952148,-94.7353,23.8302,9.93625559422644,51,51,51,51,51,51,99999,8511,1.39062200113982,24,-95,0.0073,51,2026-05-27 01:27:03.000147,1.0543,1.13
"2904010",49,99999,9,99999,9,99999,9,214.284412776767,1,36.6399993896484,99999,99999,200.948593139648,-94.7353,23.8302,9.93625559422644,51,51,51,51,51,51,99999,8511,1.39062200113982,24,-95,0.0073,51,2026-05-27 01:27:03.000147,1.0543,1.13
"2904010",49,99999,9,99999,9,99999,9,214.299236048078,1,41.9000015258789,99999,99999,200.962493896484,-94.7353,23.8302,9.93625559422644,51,51,51,51,51,51,99999,8511,1.39062200113982,24,-95,0.0073,51,2026-05-27 01:27:03.000147,1.0543,1.13
"2904010",49,99999,9,99999,9,99999,9,214.942787314417,1,46.5800018310547,99999,99999,201.565994262695,-94.7353,23.8302,9.93625559422644,51,51,51,51,51,51,99999,8511,1.39062200113982,24,-95,0.0073,51,2026-05-27 01:27:03.000147,1.0543,1.13
"2904010",49,99999,9,99999,9,99999,9,215.519690809855,1,51.6300010681152,99999,99999,202.106994628906,-94.7353,23.8302,9.93625559422644,51,51,51,51,51,51,99999,8511,1.39062200113982,24,-95,0.0073,51,2026-05-27 01:27:03.000147,1.0543,1.13
"2904010",49,99999,9,99999,9,99999,9,216.308920175042,1,56.8499984741211,99999,99999,202.847106933594,-94.7353,23.8302,9.93625559422644,51,51,51,51,51,51,99999,8511,1.39062200113982,24,-95,0.0073,51,2026-05-27 01:27:03.000147,1.0543,1.13
"2904010",49,99999,9,99999,9,99999,9,216.747288728718,1,62.0099983215332,99999,99999,203.258193969727,-94.7353,23.8302,9.93625559422644,51,51,51,51,51,51,99999,8511,1.39062200113982,24,-95,0.0073,51,2026-05-27 01:27:03.000147,1.0543,1.13
"2904010",49,99999,9,99999,9,99999,9,216.922287941619,1,66.9499969482422,99999,99999,203.422302246094,-94.7353,23.8302,9.93625559422644,51,51,51,51,51,51,99999,8511,1.39062200113982,24,-95,0.0073,51,2026-05-27 01:27:03.000147,1.0543,1.13
"2904010",49,99999,9,99999,9,99999,9,212.179312993415,1,71.7300033569336,99999,99999,198.974502563477,-94.7353,23.8302,9.93625559422644,51,51,51,51,51,51,99999,8511,1.39062200113982,24,-95,0.0073,51,2026-05-27 01:27:03.000147,1.0543,1.13
"2904010",49,99999,9,99999,9,99999,9,208.423460523118,1,76.8000030517578,99999,99999,195.452392578125,-94.7353,23.8302,9.93625559422644,51,51,51,51,51,51,99999,8511,1.39062200113982,24,-95,0.0073,51,2026-05-27 01:27:03.000147,1.0543,1.13
"2904010",49,99999,9,99999,9,99999,9,200.398440829441,1,81.6900024414062,99999,99999,187.926803588867,-94.7353,23.8302,9.93625559422644,51,51,51,51,51,51,99999,8511,1.39062200113982,24,-95,0.0073,51,2026-05-27 01:27:03.000147,1.0543,1.13
"2904010",49,99999,9,99999,9,99999,9,192.280202122215,1,86.8899993896484,99999,99999,180.31379699707,-94.7353,23.8302,9.93625559422644,51,51,51,51,51,51,99999,8511,1.39062200113982,24,-95,0.0073,51,2026-05-27 01:27:03.000147,1.0543,1.13
"2904010",49,99999,9,99999,9,99999,9,174.47873872014,1,91.9300003051758,99999,99999,163.620193481445,-94.7353,23.8302,9.93625559422644,51,51,51,51,51,51,99999,8511,1.39062200113982,24,-95,0.0073,51,2026-05-27 01:27:03.000147,1.0543,1.13
"2904010",49,99999,9,99999,9,99999,9,165.471054919948,1,96.3000030517578,99999,99999,155.173095703125,-94.7353,23.8302,9.93625559422644,51,51,51,51,51,51,99999,8511,1.39062200113982,24,-95,0.0073,51,2026-05-27 01:27:03.000147,1.0543,1.13
"2904010",49,99999,9,99999,9,99999,9,158.47421051814,1,101.449996948242,99999,99999,148.611694335938,-94.7353,23.8302,9.93625559422644,51,51,51,51,51,51,99999,8511,1.39062200113982,24,-95,0.0073,51,2026-05-27 01:27:03.000147,1.0543,1.13
"2904010",49,0.288719723742981,1,0.4015,1,0.4015,1,132.697420364852,1,111.970001220703,0.40149998664856,0.293969184160233,124.439102172852,-94.7353,23.8302,9.93625559422644,51,51,51,51,51,51,0.4015,8511,1.39062200113982,24,-95,0.0073,51,2026-05-27 01:27:03.000147,1.0543,1.13
"2904010",49,0.188980182813587,1,0.2628,1,0.2628,1,133.171415211103,1,121.629997253418,0.262800008058548,0.194229632616043,124.883598327637,-94.7353,23.8302,9.93625559422644,51,51,51,51,51,51,0.2628,8511,1.39062200113982,24,-95,0.0073,51,2026-05-27 01:27:03.000147,1.0543,1.13
"2904010",49,0.157483485677989,1,0.219,1,0.219,1,137.544792797945,1,131.630004882812,0.218999996781349,0.162732928991318,128.984802246094,-94.7353,23.8302,9.93625559422644,51,51,51,51,51,51,0.219,8511,1.39062200113982,24,-95,0.0073,51,2026-05-27 01:27:03.000147,1.0543,1.13
"2904010",49,0.104988990451993,1,0.146,1,0.146,1,137.477510441335,1,141.699996948242,0.145999997854233,0.110238440334797,128.92170715332,-94.7353,23.8302,9.93625559422644,51,51,51,51,51,51,0.146,8511,1.39062200113982,24,-95,0.0073,51,2026-05-27 01:27:03.000147,1.0543,1.13
"2904010",49,0.0734922933163951,1,0.1022,1,0.1022,1,135.17746267381,1,151.710006713867,0.102200001478195,0.0787417441606522,126.764801025391,-94.7353,23.8302,9.93625559422644,51,51,51,51,51,51,0.1022,8511,1.39062200113982,24,-95,0.0073,51,2026-05-27 01:27:03.000147,1.0543,1.13
"2904010",49,0.0787417428389947,1,0.1095,1,0.1095,1,134.549588928776,1,161.710006713867,0.109499998390675,0.0839911922812462,126.176002502441,-94.7353,23.8302,9.93625559422644,51,51,51,51,51,51,0.1095,8511,1.39062200113982,24,-95,0.0073,51,2026-05-27 01:27:03.000147,1.0543,1.13
"2904010",49,0.0524944952259965,1,0.073,1,0.073,1,132.189190433157,1,171.229995727539,0.0729999989271164,0.0577439479529858,123.962501525879,-94.7353,23.8302,9.93625559422644,51,51,51,51,51,51,0.073,8511,1.39062200113982,24,-95,0.0073,51,2026-05-27 01:27:03.000147,1.0543,1.13
"2904010",49,0.0157483485677989,1,0.0219,1,0.0219,1,130.604361438548,1,180.960006713867,0.0219000000506639,0.0209977980703115,122.476303100586,-94.7353,23.8302,9.93625559422644,51,51,51,51,51,51,0.0219,8511,1.39062200113982,24,-95,0.0073,51,2026-05-27 01:27:03.000147,1.0543,1.13
"2904010",49,0,1,0,1,0,1,133.364426895291,1,191.899993896484,0,0.00524944951757789,125.064598083496,-94.7353,23.8302,9.93625559422644,51,51,51,51,51,51,0,8511,1.39062200113982,24,-95,0.0073,51,2026-05-27 01:27:03.000147,1.0543,1.13
"2904010",49,-0.00524944952259965,1,-0.0073,1,-0.0073,1,132.356184103265,1,201.570007324219,-0.00730000017210841,0,124.119102478027,-94.7353,23.8302,9.93625559422644,51,51,51,51,51,51,-0.0073,8511,1.39062200113982,24,-95,0.0073,51,2026-05-27 01:27:03.000147,1.0543,1.13
"2904010",49,0,1,0,1,0,1,130.965001378553,1,211.240005493164,0,0.00524944951757789,122.814498901367,-94.7353,23.8302,9.93625559422644,51,51,51,51,51,51,0,8511,1.39062200113982,24,-95,0.0073,51,2026-05-27 01:27:03.000147,1.0543,1.13
"2904010",49,0,1,-0.0073,1,-0.0073,1,127.997418259165,1,221.199996948242,-0.00730000017210841,0,120.031600952148,-94.7353,23.8302,9.93625559422644,51,51,51,51,51,51,0,8511,1.39062200113982,24,-95,0.0073,51,2026-05-27 01:27:03.000147,1.0543,1.13
"2904010",49,0,1,-0.0073,1,-0.0073,1,124.743726477754,1,231.75,-0.00730000017210841,0,116.980400085449,-94.7353,23.8302,9.93625559422644,51,51,51,51,51,51,0,8511,1.39062200113982,24,-95,0.0073,51,2026-05-27 01:27:03.000147,1.0543,1.13
"2904010",49,0,1,-0.0073,1,-0.0073,1,120.243667684771,1,241.660003662109,-0.00730000017210841,0,112.760398864746,-94.7353,23.8302,9.93625559422644,51,51,51,51,51,51,0,8511,1.39062200113982,24,-95,0.0073,51,2026-05-27 01:27:03.000147,1.0543,1.13
"2904010",49,0,1,-0.0073,1,-0.0073,1,119.671987317863,1,251.770004272461,-0.00730000017210841,0,112.224296569824,-94.7353,23.8302,9.93625559422644,51,51,51,51,51,51,0,8511,1.39062200113982,24,-95,0.0073,51,2026-05-27 01:27:03.000147,1.0543,1.13
"2904010",49,0,1,-0.0073,1,-0.0073,1,119.303773027918,1,261.200012207031,-0.00730000017210841,0,111.878997802734,-94.7353,23.8302,9.93625559422644,51,51,51,51,51,51,0,8511,1.39062200113982,24,-95,0.0073,51,2026-05-27 01:27:03.000147,1.0543,1.13
"2904010",49,0,1,-0.0073,1,-0.0073,1,119.478869869391,1,271,-0.00730000017210841,0,112.043197631836,-94.7353,23.8302,9.93625559422644,51,51,51,51,51,51,0,8511,1.39062200113982,24,-95,0.0073,51,2026-05-27 01:27:03.000147,1.0543,1.13
"2904010",49,0,1,0,1,0,1,119.479512590814,1,281.029998779297,0,0.00524944951757789,112.043800354004,-94.7353,23.8302,9.93625559422644,51,51,51,51,51,51,0,8511,1.39062200113982,24,-95,0.0073,51,2026-05-27 01:27:03.000147,1.0543,1.13
"2904010",49,0,1,0,1,0,1,119.583161589994,1,290.940002441406,0,0.00524944951757789,112.140998840332,-94.7353,23.8302,9.93625559422644,51,51,51,51,51,51,0,8511,1.39062200113982,24,-95,0.0073,51,2026-05-27 01:27:03.000147,1.0543,1.13
"2904010",49,0,1,-0.0073,1,-0.0073,1,119.825971980931,1,300.920013427734,-0.00730000017210841,0,112.368698120117,-94.7353,23.8302,9.93625559422644,51,51,51,51,51,51,0,8511,1.39062200113982,24,-95,0.0073,51,2026-05-27 01:27:03.000147,1.0543,1.13
"2904010",49,0,1,-0.0073,1,-0.0073,1,119.568981040107,1,311.809997558594,-0.00730000017210841,0,112.127700805664,-94.7353,23.8302,9.93625559422644,51,51,51,51,51,51,0,8511,1.39062200113982,24,-95,0.0073,51,2026-05-27 01:27:03.000147,1.0543,1.13
"2904010",49,0,1,0,1,0,1,120.687487166975,1,321.559997558594,0,0.00524944951757789,113.176597595215,-94.7353,23.8302,9.93625559422644,51,51,51,51,51,51,0,8511,1.39062200113982,24,-95,0.0073,51,2026-05-27 01:27:03.000147,1.0543,1.13
"2904010",49,0,1,-0.0073,1,-0.0073,1,119.990516801059,1,331.410003662109,-0.00730000017210841,0,112.523002624512,-94.7353,23.8302,9.93625559422644,51,51,51,51,51,51,0,8511,1.39062200113982,24,-95,0.0073,51,2026-05-27 01:27:03.000147,1.0543,1.13
"2904010",49,0,1,-0.0073,1,-0.0073,1,119.170477486115,1,341.359985351562,-0.00730000017210841,0,111.753997802734,-94.7353,23.8302,9.93625559422644,51,51,51,51,51,51,0,8511,1.39062200113982,24,-95,0.0073,51,2026-05-27 01:27:03.000147,1.0543,1.13
"2904010",49,0,1,0,1,0,1,117.785697568495,1,351.899993896484,0,0.00524944951757789,110.45539855957,-94.7353,23.8302,9.93625559422644,51,51,51,51,51,51,0,8511,1.39062200113982,24,-95,0.0073,51,2026-05-27 01:27:03.000147,1.0543,1.13
"2904010",49,0,1,0,1,0,1,117.175527137606,1,361.109985351562,0,0.00524944951757789,109.883201599121,-94.7353,23.8302,9.93625559422644,51,51,51,51,51,51,0,8511,1.39062200113982,24,-95,0.0073,51,2026-05-27 01:27:03.000147,1.0543,1.13
"2904010",49,0,1,0,1,0,1,116.739379633913,1,381.179992675781,0,0.00524944951757789,109.474197387695,-94.7353,23.8302,9.93625559422644,51,51,51,51,51,51,0,8511,1.39062200113982,24,-95,0.0073,51,2026-05-27 01:27:03.000147,1.0543,1.13
"2904010",49,0,1,0,1,0,1,115.502612765122,1,401.339996337891,0,0.00524944951757789,108.314399719238,-94.7353,23.8302,9.93625559422644,51,51,51,51,51,51,0,8511,1.39062200113982,24,-95,0.0073,51,2026-05-27 01:27:03.000147,1.0543,1.13
"2904010",49,0,1,0,1,0,1,115.954966611545,1,451.609985351562,0,0.00524944951757789,108.73860168457,-94.7353,23.8302,9.93625559422644,51,51,51,51,51,51,0,8511,1.39062200113982,24,-95,0.0073,51,2026-05-27 01:27:03.000147,1.0543,1.13
"2904010",49,0,1,0,1,0,1,115.947180733035,1,501.529998779297,0,0.00524944951757789,108.731300354004,-94.7353,23.8302,9.93625559422644,51,51,51,51,51,51,0,8511,1.39062200113982,24,-95,0.0073,51,2026-05-27 01:27:03.000147,1.0543,1.13
"2904010",49,0,1,0,1,0,1,118.568727519446,1,551.609985351562,0,0.00524944951757789,111.189697265625,-94.7353,23.8302,9.93625559422644,51,51,51,51,51,51,0,8511,1.39062200113982,24,-95,0.0073,51,2026-05-27 01:27:03.000147,1.0543,1.13
"2904010",49,0,1,0.0073,1,0.0073,1,124.383932652028,1,599.840026855469,0.00730000017210841,0.0104988990351558,116.642997741699,-94.7353,23.8302,9.93625559422644,51,51,51,51,51,51,0,8511,1.39062200113982,24,-95,0.0073,51,2026-05-27 01:27:03.000147,1.0543,1.13
"2904010",49,0,1,0,1,0,1,132.804583992576,1,651.760009765625,0,0.00524944951757789,124.539596557617,-94.7353,23.8302,9.93625559422644,51,51,51,51,51,51,0,8511,1.39062200113982,24,-95,0.0073,51,2026-05-27 01:27:03.000147,1.0543,1.13
"2904010",49,0,1,0,1,0,1,139.221221798973,1,701.469970703125,0,0.00524944951757789,130.556900024414,-94.7353,23.8302,9.93625559422644,51,51,51,51,51,51,0,8511,1.39062200113982,24,-95,0.0073,51,2026-05-27 01:27:03.000147,1.0543,1.13
"2904010",49,0,1,0.0073,1,0.0073,1,146.196945886663,1,751.090026855469,0.00730000017210841,0.0104988990351558,137.098495483398,-94.7353,23.8302,9.93625559422644,51,51,51,51,51,51,0,8511,1.39062200113982,24,-95,0.0073,51,2026-05-27 01:27:03.000147,1.0543,1.13
"2904010",49,0,1,0,1,0,1,153.184515574259,1,801.919982910156,0,0.00524944951757789,143.65119934082,-94.7353,23.8302,9.93625559422644,51,51,51,51,51,51,0,8511,1.39062200113982,24,-95,0.0073,51,2026-05-27 01:27:03.000147,1.0543,1.13
"2904010",49,0,1,0,1,0,1,159.424022610628,1,851.260009765625,0,0.00524944951757789,149.502395629883,-94.7353,23.8302,9.93625559422644,51,51,51,51,51,51,0,8511,1.39062200113982,24,-95,0.0073,51,2026-05-27 01:27:03.000147,1.0543,1.13
"2904010",49,0,1,0.0073,1,0.0073,1,164.360757728729,1,900.679992675781,0.00730000017210841,0.0104988990351558,154.131896972656,-94.7353,23.8302,9.93625559422644,51,51,51,51,51,51,0,8511,1.39062200113982,24,-95,0.0073,51,2026-05-27 01:27:03.000147,1.0543,1.13
"2904010",49,0,1,0,1,0,1,170.809499063444,1,951.260009765625,0,0.00524944951757789,160.179306030273,-94.7353,23.8302,9.93625559422644,51,51,51,51,51,51,0,8511,1.39062200113982,24,-95,0.0073,51,2026-05-27 01:27:03.000147,1.0543,1.13
"2904010",49,0,1,0.0073,1,0.0073,1,175.376514784469,1,999.849975585938,0.00730000017210841,0.0104988990351558,164.462097167969,-94.7353,23.8302,9.93625559422644,51,51,51,51,51,51,0,8511,1.39062200113982,24,-95,0.0073,51,2026-05-27 01:27:03.000147,1.0543,1.13
"2904010",49,0,1,0,1,0,1,186.350682069108,1,1099.98999023438,0,0.00524944951757789,174.753295898438,-94.7353,23.8302,9.93625559422644,51,51,51,51,51,51,0,8511,1.39062200113982,24,-95,0.0073,51,2026-05-27 01:27:03.000147,1.0543,1.13
"2904010",49,0,1,0.0146,1,0.0146,1,193.923795380645,1,1199.53002929688,0.0146000003442168,0.0157483480870724,181.855102539062,-94.7353,23.8302,9.93625559422644,51,51,51,51,51,51,0,8511,1.39062200113982,24,-95,0.0073,51,2026-05-27 01:27:03.000147,1.0543,1.13
"2904010",49,0,1,0,1,0,1,200.567452156675,1,1299.16003417969,0,0.00524944951757789,188.085296630859,-94.7353,23.8302,9.93625559422644,51,51,51,51,51,51,0,8511,1.39062200113982,24,-95,0.0073,51,2026-05-27 01:27:03.000147,1.0543,1.13
"2904010",49,0,1,0.0073,1,0.0073,1,204.655583467202,1,1400.2900390625,0.00730000017210841,0.0104988990351558,191.919006347656,-94.7353,23.8302,9.93625559422644,51,51,51,51,51,51,0,8511,1.39062200113982,24,-95,0.0073,51,2026-05-27 01:27:03.000147,1.0543,1.13
"2904010",49,0,1,0.0073,1,0.0073,1,207.248874918121,4,1499.32995605469,0.00730000017210841,0.0104988990351558,194.35090637207,-94.7353,23.8302,9.93625559422644,51,51,51,51,51,51,0,8511,1.39062200113982,24,-95,0.0073,51,2026-05-27 01:27:03.000147,1.0543,1.13
"2904010",50,0.0151711931034356,1,0.0219,1,0.0219,1,193.07191291563,1,7.90000009536743,0.0219000000506639,0.0202282592654228,180.999404907227,-95.0248,23.1503,9.93671091916878,51,51,51,51,51,51,0.0219,8754,1.44352522907645,23,-95,0.0073,51,2026-06-06 07:48:50.000821,1.0543,1.13
"2904010",50,0.0151711931034356,1,0.0219,1,0.0219,1,195.638381064795,1,11.0799999237061,0.0219000000506639,0.0202282592654228,183.405395507812,-95.0248,23.1503,9.93671091916878,51,51,51,51,51,51,0.0219,8754,1.44352522907645,23,-95,0.0073,51,2026-06-06 07:48:50.000821,1.0543,1.13
"2904010",50,0.0202282574712475,1,0.0292,1,0.0292,1,197.650714496348,1,16.6399993896484,0.0292000006884336,0.0252853222191334,185.291900634766,-95.0248,23.1503,9.93671091916878,51,51,51,51,51,51,0.0292,8754,1.44352522907645,23,-95,0.0073,51,2026-06-06 07:48:50.000821,1.0543,1.13
"2904010",50,0.0151711931034356,1,0.0219,1,0.0219,1,199.570564642089,1,21.6700000762939,0.0219000000506639,0.0202282592654228,187.091705322266,-95.0248,23.1503,9.93671091916878,51,51,51,51,51,51,0.0219,8754,1.44352522907645,23,-95,0.0073,51,2026-06-06 07:48:50.000821,1.0543,1.13
"2904010",50,0.0252853218390593,1,0.0365,1,0.0365,1,205.764340545501,1,26.8299999237061,0.0364999994635582,0.0303423870354891,192.898193359375,-95.0248,23.1503,9.93671091916878,51,51,51,51,51,51,0.0365,8754,1.44352522907645,23,-95,0.0073,51,2026-06-06 07:48:50.000821,1.0543,1.13
"2904010",50,99999,9,99999,9,99999,9,212.4993764254,1,31.6900005340576,99999,99999,199.212097167969,-95.0248,23.1503,9.93671091916878,51,51,51,51,51,51,99999,8754,1.44352522907645,23,-95,0.0073,51,2026-06-06 07:48:50.000821,1.0543,1.13
"2904010",50,99999,9,99999,9,99999,9,215.218290624356,1,36.8800010681152,99999,99999,201.761001586914,-95.0248,23.1503,9.93671091916878,51,51,51,51,51,51,99999,8754,1.44352522907645,23,-95,0.0073,51,2026-06-06 07:48:50.000821,1.0543,1.13
"2904010",50,99999,9,99999,9,99999,9,214.450054333078,1,41.5499992370605,99999,99999,201.040802001953,-95.0248,23.1503,9.93671091916878,51,51,51,51,51,51,99999,8754,1.44352522907645,23,-95,0.0073,51,2026-06-06 07:48:50.000821,1.0543,1.13
"2904010",50,99999,9,99999,9,99999,9,213.367241402432,1,46.8499984741211,99999,99999,200.025695800781,-95.0248,23.1503,9.93671091916878,51,51,51,51,51,51,99999,8754,1.44352522907645,23,-95,0.0073,51,2026-06-06 07:48:50.000821,1.0543,1.13
"2904010",50,99999,9,99999,9,99999,9,210.578142773976,1,51.5999984741211,99999,99999,197.410995483398,-95.0248,23.1503,9.93671091916878,51,51,51,51,51,51,99999,8754,1.44352522907645,23,-95,0.0073,51,2026-06-06 07:48:50.000821,1.0543,1.13
"2904010",50,99999,9,99999,9,99999,9,208.33040178123,1,56.8899993896484,99999,99999,195.303802490234,-95.0248,23.1503,9.93671091916878,51,51,51,51,51,51,99999,8754,1.44352522907645,23,-95,0.0073,51,2026-06-06 07:48:50.000821,1.0543,1.13
"2904010",50,99999,9,99999,9,99999,9,206.651948962465,1,61.9599990844727,99999,99999,193.73030090332,-95.0248,23.1503,9.93671091916878,51,51,51,51,51,51,99999,8754,1.44352522907645,23,-95,0.0073,51,2026-06-06 07:48:50.000821,1.0543,1.13
"2904010",50,99999,9,99999,9,99999,9,203.713610762095,1,66.75,99999,99999,190.975692749023,-95.0248,23.1503,9.93671091916878,51,51,51,51,51,51,99999,8754,1.44352522907645,23,-95,0.0073,51,2026-06-06 07:48:50.000821,1.0543,1.13
"2904010",50,99999,9,99999,9,99999,9,201.184041523338,1,71.9400024414062,99999,99999,188.604293823242,-95.0248,23.1503,9.93671091916878,51,51,51,51,51,51,99999,8754,1.44352522907645,23,-95,0.0073,51,2026-06-06 07:48:50.000821,1.0543,1.13
"2904010",50,99999,9,99999,9,99999,9,198.324546870394,1,76.4400024414062,99999,99999,185.923599243164,-95.0248,23.1503,9.93671091916878,51,51,51,51,51,51,99999,8754,1.44352522907645,23,-95,0.0073,51,2026-06-06 07:48:50.000821,1.0543,1.13
"2904010",50,99999,9,99999,9,99999,9,189.814310433106,1,81.9100036621094,99999,99999,177.945495605469,-95.0248,23.1503,9.93671091916878,51,51,51,51,51,51,99999,8754,1.44352522907645,23,-95,0.0073,51,2026-06-06 07:48:50.000821,1.0543,1.13
"2904010",50,99999,9,99999,9,99999,9,185.374282610719,1,86.9300003051758,99999,99999,173.783096313477,-95.0248,23.1503,9.93671091916878,51,51,51,51,51,51,99999,8754,1.44352522907645,23,-95,0.0073,51,2026-06-06 07:48:50.000821,1.0543,1.13
"2904010",50,99999,9,99999,9,99999,9,181.533524344303,1,91.8899993896484,99999,99999,170.182495117188,-95.0248,23.1503,9.93671091916878,51,51,51,51,51,51,99999,8754,1.44352522907645,23,-95,0.0073,51,2026-06-06 07:48:50.000821,1.0543,1.13
"2904010",50,99999,9,99999,9,99999,9,167.967144312392,1,96.7600021362305,99999,99999,157.464401245117,-95.0248,23.1503,9.93671091916878,51,51,51,51,51,51,99999,8754,1.44352522907645,23,-95,0.0073,51,2026-06-06 07:48:50.000821,1.0543,1.13
"2904010",50,99999,9,99999,9,99999,9,151.18743397983,1,101.040000915527,99999,99999,141.733901977539,-95.0248,23.1503,9.93671091916878,51,51,51,51,51,51,99999,8754,1.44352522907645,23,-95,0.0073,51,2026-06-06 07:48:50.000821,1.0543,1.13
"2904010",50,99999,9,99999,9,99999,9,147.959812879296,1,111.690002441406,99999,99999,138.708099365234,-95.0248,23.1503,9.93671091916878,51,51,51,51,51,51,99999,8754,1.44352522907645,23,-95,0.0073,51,2026-06-06 07:48:50.000821,1.0543,1.13
"2904010",50,99999,9,99999,9,99999,9,130.104980280035,1,121.73999786377,99999,99999,121.969703674316,-95.0248,23.1503,9.93671091916878,51,51,51,51,51,51,99999,8754,1.44352522907645,23,-95,0.0073,51,2026-06-06 07:48:50.000821,1.0543,1.13
"2904010",50,99999,9,99999,9,99999,9,133.675645683945,1,131.649993896484,99999,99999,125.317100524902,-95.0248,23.1503,9.93671091916878,51,51,51,51,51,51,99999,8754,1.44352522907645,23,-95,0.0073,51,2026-06-06 07:48:50.000821,1.0543,1.13
"2904010",50,0,9,99999,9,99999,9,133.456758808267,1,141.479995727539,99999,99999,125.11190032959,-95.0248,23.1503,9.93671091916878,51,51,51,51,51,51,0,8754,1.44352522907645,23,-95,0.0073,51,2026-06-06 07:48:50.000821,1.0543,1.13
"2904010",50,0,9,99999,9,99999,9,130.474376297547,1,151.199996948242,99999,99999,122.31600189209,-95.0248,23.1503,9.93671091916878,51,51,51,51,51,51,0,8754,1.44352522907645,23,-95,0.0073,51,2026-06-06 07:48:50.000821,1.0543,1.13
"2904010",50,0,1,-0.0073,1,-0.0073,1,129.429967857024,1,161.639999389648,-0.00730000017210841,0,121.336898803711,-95.0248,23.1503,9.93671091916878,51,51,51,51,51,51,0,8754,1.44352522907645,23,-95,0.0073,51,2026-06-06 07:48:50.000821,1.0543,1.13
"2904010",50,0,1,-0.0073,1,-0.0073,1,128.614480777517,1,171.070007324219,-0.00730000017210841,0,120.572402954102,-95.0248,23.1503,9.93671091916878,51,51,51,51,51,51,0,8754,1.44352522907645,23,-95,0.0073,51,2026-06-06 07:48:50.000821,1.0543,1.13
"2904010",50,0,1,-0.0073,1,-0.0073,1,128.358361322414,1,181.009994506836,-0.00730000017210841,0,120.332298278809,-95.0248,23.1503,9.93671091916878,51,51,51,51,51,51,0,8754,1.44352522907645,23,-95,0.0073,51,2026-06-06 07:48:50.000821,1.0543,1.13
"2904010",50,0,1,-0.0073,1,-0.0073,1,130.051430471813,1,191.509994506836,-0.00730000017210841,0,121.919502258301,-95.0248,23.1503,9.93671091916878,51,51,51,51,51,51,0,8754,1.44352522907645,23,-95,0.0073,51,2026-06-06 07:48:50.000821,1.0543,1.13
"2904010",50,0,1,-0.0073,1,-0.0073,1,129.324788871998,1,201.229995727539,-0.00730000017210841,0,121.238296508789,-95.0248,23.1503,9.93671091916878,51,51,51,51,51,51,0,8754,1.44352522907645,23,-95,0.0073,51,2026-06-06 07:48:50.000821,1.0543,1.13
"2904010",50,0,1,-0.0073,1,-0.0073,1,129.524265976762,1,211.139999389648,-0.00730000017210841,0,121.425300598145,-95.0248,23.1503,9.93671091916878,51,51,51,51,51,51,0,8754,1.44352522907645,23,-95,0.0073,51,2026-06-06 07:48:50.000821,1.0543,1.13
"2904010",50,0,1,0,1,0,1,128.258309446686,1,221.470001220703,0,0.00505706481635571,120.238502502441,-95.0248,23.1503,9.93671091916878,51,51,51,51,51,51,0,8754,1.44352522907645,23,-95,0.0073,51,2026-06-06 07:48:50.000821,1.0543,1.13
"2904010",50,0,1,-0.0073,1,-0.0073,1,127.113954927928,1,231.669998168945,-0.00730000017210841,0,119.165702819824,-95.0248,23.1503,9.93671091916878,51,51,51,51,51,51,0,8754,1.44352522907645,23,-95,0.0073,51,2026-06-06 07:48:50.000821,1.0543,1.13
"2904010",50,0,1,-0.0073,1,-0.0073,1,125.385044843057,1,240.820007324219,-0.00730000017210841,0,117.544898986816,-95.0248,23.1503,9.93671091916878,51,51,51,51,51,51,0,8754,1.44352522907645,23,-95,0.0073,51,2026-06-06 07:48:50.000821,1.0543,1.13
"2904010",50,0,1,-0.0073,1,-0.0073,1,122.893766158659,1,250.929992675781,-0.00730000017210841,0,115.209396362305,-95.0248,23.1503,9.93671091916878,51,51,51,51,51,51,0,8754,1.44352522907645,23,-95,0.0073,51,2026-06-06 07:48:50.000821,1.0543,1.13
"2904010",50,0,1,-0.0073,1,-0.0073,1,123.067746067502,1,261.559997558594,-0.00730000017210841,0,115.372497558594,-95.0248,23.1503,9.93671091916878,51,51,51,51,51,51,0,8754,1.44352522907645,23,-95,0.0073,51,2026-06-06 07:48:50.000821,1.0543,1.13
"2904010",50,0,1,-0.0073,1,-0.0073,1,122.640112598981,1,270.959991455078,-0.00730000017210841,0,114.971603393555,-95.0248,23.1503,9.93671091916878,51,51,51,51,51,51,0,8754,1.44352522907645,23,-95,0.0073,51,2026-06-06 07:48:50.000821,1.0543,1.13
"2904010",50,0,1,-0.0073,1,-0.0073,1,121.128168758368,1,281.579986572266,-0.00730000017210841,0,113.55419921875,-95.0248,23.1503,9.93671091916878,51,51,51,51,51,51,0,8754,1.44352522907645,23,-95,0.0073,51,2026-06-06 07:48:50.000821,1.0543,1.13
"2904010",50,0,1,-0.0073,1,-0.0073,1,120.146058764948,1,291.690002441406,-0.00730000017210841,0,112.633499145508,-95.0248,23.1503,9.93671091916878,51,51,51,51,51,51,0,8754,1.44352522907645,23,-95,0.0073,51,2026-06-06 07:48:50.000821,1.0543,1.13
"2904010",50,0,1,-0.0073,1,-0.0073,1,117.838257348997,1,301.399993896484,-0.00730000017210841,0,110.470001220703,-95.0248,23.1503,9.93671091916878,51,51,51,51,51,51,0,8754,1.44352522907645,23,-95,0.0073,51,2026-06-06 07:48:50.000821,1.0543,1.13
"2904010",50,0,1,0,1,0,1,114.510690170228,1,311.850006103516,0,0.00505706481635571,107.35050201416,-95.0248,23.1503,9.93671091916878,51,51,51,51,51,51,0,8754,1.44352522907645,23,-95,0.0073,51,2026-06-06 07:48:50.000821,1.0543,1.13
"2904010",50,0,1,-0.0073,1,-0.0073,1,114.702590546808,1,321.010009765625,-0.00730000017210841,0,107.530403137207,-95.0248,23.1503,9.93671091916878,51,51,51,51,51,51,0,8754,1.44352522907645,23,-95,0.0073,51,2026-06-06 07:48:50.000821,1.0543,1.13
"2904010",50,0,1,-0.0073,1,-0.0073,1,115.476580594076,1,331.410003662109,-0.00730000017210841,0,108.255996704102,-95.0248,23.1503,9.93671091916878,51,51,51,51,51,51,0,8754,1.44352522907645,23,-95,0.0073,51,2026-06-06 07:48:50.000821,1.0543,1.13
"2904010",50,0,1,-0.0073,1,-0.0073,1,115.389330215055,1,341.649993896484,-0.00730000017210841,0,108.174201965332,-95.0248,23.1503,9.93671091916878,51,51,51,51,51,51,0,8754,1.44352522907645,23,-95,0.0073,51,2026-06-06 07:48:50.000821,1.0543,1.13
"2904010",50,0,1,-0.0073,1,-0.0073,1,115.06878822471,1,351,-0.00730000017210841,0,107.87370300293,-95.0248,23.1503,9.93671091916878,51,51,51,51,51,51,0,8754,1.44352522907645,23,-95,0.0073,51,2026-06-06 07:48:50.000821,1.0543,1.13
"2904010",50,0,1,-0.0073,1,-0.0073,1,115.105369742637,1,361.109985351562,-0.00730000017210841,0,107.907997131348,-95.0248,23.1503,9.93671091916878,51,51,51,51,51,51,0,8754,1.44352522907645,23,-95,0.0073,51,2026-06-06 07:48:50.000821,1.0543,1.13
"2904010",50,0,1,0.0073,1,0.0073,1,113.053899376777,1,381.109985351562,0.00730000017210841,0.0101141296327114,105.984802246094,-95.0248,23.1503,9.93671091916878,51,51,51,51,51,51,0,8754,1.44352522907645,23,-95,0.0073,51,2026-06-06 07:48:50.000821,1.0543,1.13
"2904010",50,0,1,0,1,0,1,114.315803049026,1,401.75,0,0.00505706481635571,107.16780090332,-95.0248,23.1503,9.93671091916878,51,51,51,51,51,51,0,8754,1.44352522907645,23,-95,0.0073,51,2026-06-06 07:48:50.000821,1.0543,1.13
"2904010",50,0,1,0,1,0,1,114.76157671854,1,451.890014648438,0,0.00505706481635571,107.58570098877,-95.0248,23.1503,9.93671091916878,51,51,51,51,51,51,0,8754,1.44352522907645,23,-95,0.0073,51,2026-06-06 07:48:50.000821,1.0543,1.13
"2904010",50,0,1,0,1,0,1,118.187600672367,1,498.720001220703,0,0.00505706481635571,110.797500610352,-95.0248,23.1503,9.93671091916878,51,51,51,51,51,51,0,8754,1.44352522907645,23,-95,0.0073,51,2026-06-06 07:48:50.000821,1.0543,1.13
"2904010",50,0,1,0,1,0,1,122.413648995118,1,551.700012207031,0,0.00505706481635571,114.759300231934,-95.0248,23.1503,9.93671091916878,51,51,51,51,51,51,0,8754,1.44352522907645,23,-95,0.0073,51,2026-06-06 07:48:50.000821,1.0543,1.13
"2904010",50,0,1,-0.0073,1,-0.0073,1,128.744188504486,1,600.840026855469,-0.00730000017210841,0,120.694000244141,-95.0248,23.1503,9.93671091916878,51,51,51,51,51,51,0,8754,1.44352522907645,23,-95,0.0073,51,2026-06-06 07:48:50.000821,1.0543,1.13
"2904010",50,0,1,0,1,0,1,135.517197546264,1,651.5,0,0.00505706481635571,127.043502807617,-95.0248,23.1503,9.93671091916878,51,51,51,51,51,51,0,8754,1.44352522907645,23,-95,0.0073,51,2026-06-06 07:48:50.000821,1.0543,1.13
"2904010",50,0,1,0,1,0,1,142.582484371099,1,701.039978027344,0,0.00505706481635571,133.667007446289,-95.0248,23.1503,9.93671091916878,51,51,51,51,51,51,0,8754,1.44352522907645,23,-95,0.0073,51,2026-06-06 07:48:50.000821,1.0543,1.13
"2904010",50,0,1,0,1,0,1,147.27862351032,1,751.130004882812,0,0.00505706481635571,138.06950378418,-95.0248,23.1503,9.93671091916878,51,51,51,51,51,51,0,8754,1.44352522907645,23,-95,0.0073,51,2026-06-06 07:48:50.000821,1.0543,1.13
"2904010",50,0,1,0.0073,1,0.0073,1,151.55608127662,1,801.320007324219,0.00730000017210841,0.0101141296327114,142.079498291016,-95.0248,23.1503,9.93671091916878,51,51,51,51,51,51,0,8754,1.44352522907645,23,-95,0.0073,51,2026-06-06 07:48:50.000821,1.0543,1.13
"2904010",50,0,1,0,1,0,1,159.810629587047,1,851.489990234375,0,0.00505706481635571,149.817901611328,-95.0248,23.1503,9.93671091916878,51,51,51,51,51,51,0,8754,1.44352522907645,23,-95,0.0073,51,2026-06-06 07:48:50.000821,1.0543,1.13
"2904010",50,0,1,0,1,0,1,167.162204429155,1,901.130004882812,0,0.00505706481635571,156.70979309082,-95.0248,23.1503,9.93671091916878,51,51,51,51,51,51,0,8754,1.44352522907645,23,-95,0.0073,51,2026-06-06 07:48:50.000821,1.0543,1.13
"2904010",50,0,1,-0.0073,1,-0.0073,1,173.422242116542,1,951.809997558594,-0.00730000017210841,0,162.578399658203,-95.0248,23.1503,9.93671091916878,51,51,51,51,51,51,0,8754,1.44352522907645,23,-95,0.0073,51,2026-06-06 07:48:50.000821,1.0543,1.13
"2904010",50,0,1,0,1,0,1,180.512594809056,1,999.719970703125,0,0.00505706481635571,169.225402832031,-95.0248,23.1503,9.93671091916878,51,51,51,51,51,51,0,8754,1.44352522907645,23,-95,0.0073,51,2026-06-06 07:48:50.000821,1.0543,1.13
"2904010",50,0,1,-0.0073,1,-0.0073,1,193.027429138769,1,1099.61999511719,-0.00730000017210841,0,180.957702636719,-95.0248,23.1503,9.93671091916878,51,51,51,51,51,51,0,8754,1.44352522907645,23,-95,0.0073,51,2026-06-06 07:48:50.000821,1.0543,1.13
"2904010",50,0,1,0.0073,1,0.0073,1,201.92348461986,1,1199.71997070312,0.00730000017210841,0.0101141296327114,189.297500610352,-95.0248,23.1503,9.93671091916878,51,51,51,51,51,51,0,8754,1.44352522907645,23,-95,0.0073,51,2026-06-06 07:48:50.000821,1.0543,1.13
"2904010",50,0,1,-0.0073,1,-0.0073,1,205.268329343137,1,1300,-0.00730000017210841,0,192.433197021484,-95.0248,23.1503,9.93671091916878,51,51,51,51,51,51,0,8754,1.44352522907645,23,-95,0.0073,51,2026-06-06 07:48:50.000821,1.0543,1.13
"2904010",50,0,1,0,1,0,1,207.22146500797,1,1400.32995605469,0,0.00505706481635571,194.264205932617,-95.0248,23.1503,9.93671091916878,51,51,51,51,51,51,0,8754,1.44352522907645,23,-95,0.0073,51,2026-06-06 07:48:50.000821,1.0543,1.13
"2904010",50,0,1,0.0073,1,0.0073,1,209.306961475378,4,1499.14001464844,0.00730000017210841,0.0101141296327114,196.219299316406,-95.0248,23.1503,9.93671091916878,51,51,51,51,51,51,0,8754,1.44352522907645,23,-95,0.0073,51,2026-06-06 07:48:50.000821,1.0543,1.13
"2904010",51,99999,9,99999,9,99999,9,192.3897484293,1,7.78000020980835,99999,99999,180.303100585938,-95.1236,23.1123,21.8403108223046,51,51,51,51,51,51,99999,8754,1.44352522907645,23,-95,0.0073,51,2026-06-16 15:02:45.001612,1.0543,1.13
"2904010",51,99999,9,99999,9,99999,9,192.471156751717,1,11.7399997711182,99999,99999,180.37939453125,-95.1236,23.1123,21.8403108223046,51,51,51,51,51,51,99999,8754,1.44352522907645,23,-95,0.0073,51,2026-06-16 15:02:45.001612,1.0543,1.13
"2904010",51,99999,9,99999,9,99999,9,192.481723551967,1,16.9699993133545,99999,99999,180.389297485352,-95.1236,23.1123,21.8403108223046,51,51,51,51,51,51,99999,8754,1.44352522907645,23,-95,0.0073,51,2026-06-16 15:02:45.001612,1.0543,1.13
"2904010",51,99999,9,99999,9,99999,9,194.42980842575,1,21.9799995422363,99999,99999,182.214996337891,-95.1236,23.1123,21.8403108223046,51,51,51,51,51,51,99999,8754,1.44352522907645,23,-95,0.0073,51,2026-06-16 15:02:45.001612,1.0543,1.13
"2904010",51,99999,9,99999,9,99999,9,213.702821716449,1,26.8700008392334,99999,99999,200.277206420898,-95.1236,23.1123,21.8403108223046,51,51,51,51,51,51,99999,8754,1.44352522907645,23,-95,0.0073,51,2026-06-16 15:02:45.001612,1.0543,1.13
"2904010",51,99999,9,99999,9,99999,9,215.102116807152,1,31.8099994659424,99999,99999,201.588592529297,-95.1236,23.1123,21.8403108223046,51,51,51,51,51,51,99999,8754,1.44352522907645,23,-95,0.0073,51,2026-06-16 15:02:45.001612,1.0543,1.13
"2904010",51,99999,9,99999,9,99999,9,215.307737947914,1,36.9700012207031,99999,99999,201.781295776367,-95.1236,23.1123,21.8403108223046,51,51,51,51,51,51,99999,8754,1.44352522907645,23,-95,0.0073,51,2026-06-16 15:02:45.001612,1.0543,1.13
"2904010",51,99999,9,99999,9,99999,9,215.353831340067,1,41.5400009155273,99999,99999,201.824493408203,-95.1236,23.1123,21.8403108223046,51,51,51,51,51,51,99999,8754,1.44352522907645,23,-95,0.0073,51,2026-06-16 15:02:45.001612,1.0543,1.13
"2904010",51,99999,9,99999,9,99999,9,214.594421945229,1,46.6199989318848,99999,99999,201.11279296875,-95.1236,23.1123,21.8403108223046,51,51,51,51,51,51,99999,8754,1.44352522907645,23,-95,0.0073,51,2026-06-16 15:02:45.001612,1.0543,1.13
"2904010",51,99999,9,99999,9,99999,9,211.261011648869,1,51.7299995422363,99999,99999,197.988800048828,-95.1236,23.1123,21.8403108223046,51,51,51,51,51,51,99999,8754,1.44352522907645,23,-95,0.0073,51,2026-06-16 15:02:45.001612,1.0543,1.13
"2904010",51,99999,9,99999,9,99999,9,209.148595935455,1,56.8400001525879,99999,99999,196.009094238281,-95.1236,23.1123,21.8403108223046,51,51,51,51,51,51,99999,8754,1.44352522907645,23,-95,0.0073,51,2026-06-16 15:02:45.001612,1.0543,1.13
"2904010",51,99999,9,99999,9,99999,9,205.729071915642,1,61.439998626709,99999,99999,192.804397583008,-95.1236,23.1123,21.8403108223046,51,51,51,51,51,51,99999,8754,1.44352522907645,23,-95,0.0073,51,2026-06-16 15:02:45.001612,1.0543,1.13
"2904010",51,99999,9,99999,9,99999,9,203.113243418063,1,66.5999984741211,99999,99999,190.352905273438,-95.1236,23.1123,21.8403108223046,51,51,51,51,51,51,99999,8754,1.44352522907645,23,-95,0.0073,51,2026-06-16 15:02:45.001612,1.0543,1.13
"2904010",51,99999,9,99999,9,99999,9,198.15313202316,1,71.7600021362305,99999,99999,185.704406738281,-95.1236,23.1123,21.8403108223046,51,51,51,51,51,51,99999,8754,1.44352522907645,23,-95,0.0073,51,2026-06-16 15:02:45.001612,1.0543,1.13
"2904010",51,99999,9,99999,9,99999,9,188.604554506853,1,76.9100036621094,99999,99999,176.755706787109,-95.1236,23.1123,21.8403108223046,51,51,51,51,51,51,99999,8754,1.44352522907645,23,-95,0.0073,51,2026-06-16 15:02:45.001612,1.0543,1.13
"2904010",51,99999,9,99999,9,99999,9,182.055938798284,1,81.9199981689453,99999,99999,170.618499755859,-95.1236,23.1123,21.8403108223046,51,51,51,51,51,51,99999,8754,1.44352522907645,23,-95,0.0073,51,2026-06-16 15:02:45.001612,1.0543,1.13
"2904010",51,99999,9,99999,9,99999,9,169.780019664351,1,86.6500015258789,99999,99999,159.113800048828,-95.1236,23.1123,21.8403108223046,51,51,51,51,51,51,99999,8754,1.44352522907645,23,-95,0.0073,51,2026-06-16 15:02:45.001612,1.0543,1.13
"2904010",51,99999,9,99999,9,99999,9,162.712083985418,1,91.5800018310547,99999,99999,152.489898681641,-95.1236,23.1123,21.8403108223046,51,51,51,51,51,51,99999,8754,1.44352522907645,23,-95,0.0073,51,2026-06-16 15:02:45.001612,1.0543,1.13
"2904010",51,99999,9,99999,9,99999,9,151.844121787693,1,96.4400024414062,99999,99999,142.304702758789,-95.1236,23.1123,21.8403108223046,51,51,51,51,51,51,99999,8754,1.44352522907645,23,-95,0.0073,51,2026-06-16 15:02:45.001612,1.0543,1.13
"2904010",51,99999,9,99999,9,99999,9,144.253870312129,1,101.879997253418,99999,99999,135.191299438477,-95.1236,23.1123,21.8403108223046,51,51,51,51,51,51,99999,8754,1.44352522907645,23,-95,0.0073,51,2026-06-16 15:02:45.001612,1.0543,1.13
"2904010",51,99999,9,99999,9,99999,9,131.406130980705,1,111.980003356934,99999,99999,123.150703430176,-95.1236,23.1123,21.8403108223046,51,51,51,51,51,51,99999,8754,1.44352522907645,23,-95,0.0073,51,2026-06-16 15:02:45.001612,1.0543,1.13
"2904010",51,99999,9,99999,9,99999,9,129.118190783326,1,121.919998168945,99999,99999,121.006500244141,-95.1236,23.1123,21.8403108223046,51,51,51,51,51,51,99999,8754,1.44352522907645,23,-95,0.0073,51,2026-06-16 15:02:45.001612,1.0543,1.13
"2904010",51,99999,9,99999,9,99999,9,130.584615176694,1,131.580001831055,99999,99999,122.380798339844,-95.1236,23.1123,21.8403108223046,51,51,51,51,51,51,99999,8754,1.44352522907645,23,-95,0.0073,51,2026-06-16 15:02:45.001612,1.0543,1.13
"2904010",51,99999,9,99999,9,99999,9,131.986596742037,1,141.529998779297,99999,99999,123.694702148438,-95.1236,23.1123,21.8403108223046,51,51,51,51,51,51,99999,8754,1.44352522907645,23,-95,0.0073,51,2026-06-16 15:02:45.001612,1.0543,1.13
"2904010",51,99999,9,99999,9,99999,9,132.440513266172,1,151.880004882812,99999,99999,124.120101928711,-95.1236,23.1123,21.8403108223046,51,51,51,51,51,51,99999,8754,1.44352522907645,23,-95,0.0073,51,2026-06-16 15:02:45.001612,1.0543,1.13
"2904010",51,99999,9,99999,9,99999,9,133.371816333794,1,161.309997558594,99999,99999,124.992897033691,-95.1236,23.1123,21.8403108223046,51,51,51,51,51,51,99999,8754,1.44352522907645,23,-95,0.0073,51,2026-06-16 15:02:45.001612,1.0543,1.13
"2904010",51,99999,9,99999,9,99999,9,133.313243045815,1,171.610000610352,99999,99999,124.938003540039,-95.1236,23.1123,21.8403108223046,51,51,51,51,51,51,99999,8754,1.44352522907645,23,-95,0.0073,51,2026-06-16 15:02:45.001612,1.0543,1.13
"2904010",51,99999,9,99999,9,99999,9,132.748668189018,1,181.259994506836,99999,99999,124.408897399902,-95.1236,23.1123,21.8403108223046,51,51,51,51,51,51,99999,8754,1.44352522907645,23,-95,0.0073,51,2026-06-16 15:02:45.001612,1.0543,1.13
"2904010",51,99999,9,99999,9,99999,9,131.992360451264,1,191.649993896484,99999,99999,123.700103759766,-95.1236,23.1123,21.8403108223046,51,51,51,51,51,51,99999,8754,1.44352522907645,23,-95,0.0073,51,2026-06-16 15:02:45.001612,1.0543,1.13
"2904010",51,99999,9,99999,9,99999,9,131.507598313766,1,201.220001220703,99999,99999,123.245796203613,-95.1236,23.1123,21.8403108223046,51,51,51,51,51,51,99999,8754,1.44352522907645,23,-95,0.0073,51,2026-06-16 15:02:45.001612,1.0543,1.13
"2904010",51,99999,9,99999,9,99999,9,130.182026599844,1,211.179992675781,99999,99999,122.00350189209,-95.1236,23.1123,21.8403108223046,51,51,51,51,51,51,99999,8754,1.44352522907645,23,-95,0.0073,51,2026-06-16 15:02:45.001612,1.0543,1.13
"2904010",51,99999,9,99999,9,99999,9,126.910177276896,1,221.690002441406,99999,99999,118.937202453613,-95.1236,23.1123,21.8403108223046,51,51,51,51,51,51,99999,8754,1.44352522907645,23,-95,0.0073,51,2026-06-16 15:02:45.001612,1.0543,1.13
"2904010",51,99999,9,99999,9,99999,9,127.415739240773,1,231.759994506836,99999,99999,119.411003112793,-95.1236,23.1123,21.8403108223046,51,51,51,51,51,51,99999,8754,1.44352522907645,23,-95,0.0073,51,2026-06-16 15:02:45.001612,1.0543,1.13
"2904010",51,99999,9,99999,9,99999,9,125.273878137139,1,241.220001220703,99999,99999,117.403701782227,-95.1236,23.1123,21.8403108223046,51,51,51,51,51,51,99999,8754,1.44352522907645,23,-95,0.0073,51,2026-06-16 15:02:45.001612,1.0543,1.13
"2904010",51,99999,9,99999,9,99999,9,124.93328199781,1,250.990005493164,99999,99999,117.084503173828,-95.1236,23.1123,21.8403108223046,51,51,51,51,51,51,99999,8754,1.44352522907645,23,-95,0.0073,51,2026-06-16 15:02:45.001612,1.0543,1.13
"2904010",51,99999,9,99999,9,99999,9,124.152633171653,1,261.799987792969,99999,99999,116.352897644043,-95.1236,23.1123,21.8403108223046,51,51,51,51,51,51,99999,8754,1.44352522907645,23,-95,0.0073,51,2026-06-16 15:02:45.001612,1.0543,1.13
"2904010",51,99999,9,99999,9,99999,9,121.925089808675,1,271.600006103516,99999,99999,114.265296936035,-95.1236,23.1123,21.8403108223046,51,51,51,51,51,51,99999,8754,1.44352522907645,23,-95,0.0073,51,2026-06-16 15:02:45.001612,1.0543,1.13
"2904010",51,99999,9,99999,9,99999,9,118.723243502175,1,281.380004882812,99999,99999,111.264602661133,-95.1236,23.1123,21.8403108223046,51,51,51,51,51,51,99999,8754,1.44352522907645,23,-95,0.0073,51,2026-06-16 15:02:45.001612,1.0543,1.13
"2904010",51,99999,9,99999,9,99999,9,116.952498517946,1,291.339996337891,99999,99999,109.605102539062,-95.1236,23.1123,21.8403108223046,51,51,51,51,51,51,99999,8754,1.44352522907645,23,-95,0.0073,51,2026-06-16 15:02:45.001612,1.0543,1.13
"2904010",51,99999,9,99999,9,99999,9,116.439569100891,1,300.609985351562,99999,99999,109.124397277832,-95.1236,23.1123,21.8403108223046,51,51,51,51,51,51,99999,8754,1.44352522907645,23,-95,0.0073,51,2026-06-16 15:02:45.001612,1.0543,1.13
"2904010",51,99999,9,99999,9,99999,9,115.161906184711,1,311.149993896484,99999,99999,107.927001953125,-95.1236,23.1123,21.8403108223046,51,51,51,51,51,51,99999,8754,1.44352522907645,23,-95,0.0073,51,2026-06-16 15:02:45.001612,1.0543,1.13
"2904010",51,99999,9,99999,9,99999,9,112.707722052124,1,321.140014648438,99999,99999,105.626998901367,-95.1236,23.1123,21.8403108223046,51,51,51,51,51,51,99999,8754,1.44352522907645,23,-95,0.0073,51,2026-06-16 15:02:45.001612,1.0543,1.13
"2904010",51,99999,9,99999,9,99999,9,112.0635542785,1,331.690002441406,99999,99999,105.023300170898,-95.1236,23.1123,21.8403108223046,51,51,51,51,51,51,99999,8754,1.44352522907645,23,-95,0.0073,51,2026-06-16 15:02:45.001612,1.0543,1.13
"2904010",51,99999,9,99999,9,99999,9,112.295633124047,1,341.529998779297,99999,99999,105.240798950195,-95.1236,23.1123,21.8403108223046,51,51,51,51,51,51,99999,8754,1.44352522907645,23,-95,0.0073,51,2026-06-16 15:02:45.001612,1.0543,1.13
"2904010",51,99999,9,99999,9,99999,9,112.274296002742,1,351.609985351562,99999,99999,105.220802307129,-95.1236,23.1123,21.8403108223046,51,51,51,51,51,51,99999,8754,1.44352522907645,23,-95,0.0073,51,2026-06-16 15:02:45.001612,1.0543,1.13
"2904010",51,99999,9,99999,9,99999,9,112.255197610302,1,361.899993896484,99999,99999,105.202903747559,-95.1236,23.1123,21.8403108223046,51,51,51,51,51,51,99999,8754,1.44352522907645,23,-95,0.0073,51,2026-06-16 15:02:45.001612,1.0543,1.13
"2904010",51,99999,9,99999,9,99999,9,111.440300302905,1,381.559997558594,99999,99999,104.43920135498,-95.1236,23.1123,21.8403108223046,51,51,51,51,51,51,99999,8754,1.44352522907645,23,-95,0.0073,51,2026-06-16 15:02:45.001612,1.0543,1.13
"2904010",51,99999,9,99999,9,99999,9,110.775747885347,1,400.929992675781,99999,99999,103.816398620605,-95.1236,23.1123,21.8403108223046,51,51,51,51,51,51,99999,8754,1.44352522907645,23,-95,0.0073,51,2026-06-16 15:02:45.001612,1.0543,1.13
"2904010",51,99999,9,99999,9,99999,9,111.398790199304,1,450.820007324219,99999,99999,104.400299072266,-95.1236,23.1123,21.8403108223046,51,51,51,51,51,51,99999,8754,1.44352522907645,23,-95,0.0073,51,2026-06-16 15:02:45.001612,1.0543,1.13
"2904010",51,0,9,99999,9,99999,9,112.99208946316,1,499.600006103516,99999,99999,105.893501281738,-95.1236,23.1123,21.8403108223046,51,51,51,51,51,51,0,8754,1.44352522907645,23,-95,0.0073,51,2026-06-16 15:02:45.001612,1.0543,1.13
"2904010",51,0,9,99999,9,99999,9,118.040227677093,1,551.489990234375,99999,99999,110.624496459961,-95.1236,23.1123,21.8403108223046,51,51,51,51,51,51,0,8754,1.44352522907645,23,-95,0.0073,51,2026-06-16 15:02:45.001612,1.0543,1.13
"2904010",51,0,4,0,1,0,1,123.668416469914,1,601.630004882812,0,0.00505706481635571,115.899101257324,-95.1236,23.1123,21.8403108223046,51,51,51,51,51,51,0,8754,1.44352522907645,23,-95,0.0073,51,2026-06-16 15:02:45.001612,1.0543,1.13
"2904010",51,0,4,0,1,0,1,129.848146647113,1,651.489990234375,0,0.00505706481635571,121.69059753418,-95.1236,23.1123,21.8403108223046,51,51,51,51,51,51,0,8754,1.44352522907645,23,-95,0.0073,51,2026-06-16 15:02:45.001612,1.0543,1.13
"2904010",51,0,4,0.0073,1,0.0073,1,139.054744082609,1,701.419982910156,0.00730000017210841,0.0101141296327114,130.318801879883,-95.1236,23.1123,21.8403108223046,51,51,51,51,51,51,0,8754,1.44352522907645,23,-95,0.0073,51,2026-06-16 15:02:45.001612,1.0543,1.13
"2904010",51,0,4,0,1,0,1,146.903646080157,1,751.260009765625,0,0.00505706481635571,137.674606323242,-95.1236,23.1123,21.8403108223046,51,51,51,51,51,51,0,8754,1.44352522907645,23,-95,0.0073,51,2026-06-16 15:02:45.001612,1.0543,1.13
"2904010",51,0,4,0,1,0,1,153.610161370886,1,801.890014648438,0,0.00505706481635571,143.95979309082,-95.1236,23.1123,21.8403108223046,51,51,51,51,51,51,0,8754,1.44352522907645,23,-95,0.0073,51,2026-06-16 15:02:45.001612,1.0543,1.13
"2904010",51,0,4,0,1,0,1,161.115162051214,1,850.919982910156,0,0.00505706481635571,150.993301391602,-95.1236,23.1123,21.8403108223046,51,51,51,51,51,51,0,8754,1.44352522907645,23,-95,0.0073,51,2026-06-16 15:02:45.001612,1.0543,1.13
"2904010",51,0,4,0.0073,1,0.0073,1,168.391486753872,1,901.659973144531,0.00730000017210841,0.0101141296327114,157.8125,-95.1236,23.1123,21.8403108223046,51,51,51,51,51,51,0,8754,1.44352522907645,23,-95,0.0073,51,2026-06-16 15:02:45.001612,1.0543,1.13
"2904010",51,0,4,-0.0073,1,-0.0073,1,174.551915017826,1,951.77001953125,-0.00730000017210841,0,163.585906982422,-95.1236,23.1123,21.8403108223046,51,51,51,51,51,51,0,8754,1.44352522907645,23,-95,0.0073,51,2026-06-16 15:02:45.001612,1.0543,1.13
"2904010",51,0,4,0,1,0,1,180.734730570444,1,999.409973144531,0,0.00505706481635571,169.380294799805,-95.1236,23.1123,21.8403108223046,51,51,51,51,51,51,0,8754,1.44352522907645,23,-95,0.0073,51,2026-06-16 15:02:45.001612,1.0543,1.13
"2904010",51,0,4,0,1,0,1,193.024310020879,1,1099.5,0,0.00505706481635571,180.897796630859,-95.1236,23.1123,21.8403108223046,51,51,51,51,51,51,0,8754,1.44352522907645,23,-95,0.0073,51,2026-06-16 15:02:45.001612,1.0543,1.13
"2904010",51,0,4,0,1,0,1,199.84692986104,1,1198.93994140625,0,0.00505706481635571,187.291793823242,-95.1236,23.1123,21.8403108223046,51,51,51,51,51,51,0,8754,1.44352522907645,23,-95,0.0073,51,2026-06-16 15:02:45.001612,1.0543,1.13
"2904010",51,0,9,99999,9,99999,9,204.660538838921,1,1299.40002441406,99999,99999,191.802993774414,-95.1236,23.1123,21.8403108223046,51,51,51,51,51,51,0,8754,1.44352522907645,23,-95,0.0073,51,2026-06-16 15:02:45.001612,1.0543,1.13
"2904010",51,0,9,99999,9,99999,9,207.465885911088,1,1400.10998535156,99999,99999,194.432098388672,-95.1236,23.1123,21.8403108223046,51,51,51,51,51,51,0,8754,1.44352522907645,23,-95,0.0073,51,2026-06-16 15:02:45.001612,1.0543,1.13
"2904010",51,0,9,99999,9,99999,9,209.178163438157,1,1499.72998046875,99999,99999,196.036804199219,-95.1236,23.1123,21.8403108223046,51,51,51,51,51,51,0,8754,1.44352522907645,23,-95,0.0073,51,2026-06-16 15:02:45.001612,1.0543,1.13
"2904010",52,0,4,0.0146,1,0.0146,1,192.428635781858,1,7.48000001907349,0.0146000003442168,0.0367461480200291,180.282806396484,-95.0966,24.3925,17.8842216748003,51,51,51,51,51,51,0,8511,1.39062200113982,24,-95,0.0073,51,2026-06-26 22:08:21.002372,1.0543,1.13
"2904010",52,0,4,0.0219,1,0.0219,1,192.398961252959,1,11.539999961853,0.0219000000506639,0.0367461480200291,180.255004882812,-95.0966,24.3925,17.8842216748003,51,51,51,51,51,51,0,8511,1.39062200113982,24,-95,0.0073,51,2026-06-26 22:08:21.002372,1.0543,1.13
"2904010",52,0,4,0.0365,1,0.0365,1,192.641683264042,1,16.8700008392334,0.0364999994635582,0.0367461480200291,180.482406616211,-95.0966,24.3925,17.8842216748003,51,51,51,51,51,51,0,8511,1.39062200113982,24,-95,0.0073,51,2026-06-26 22:08:21.002372,1.0543,1.13
"2904010",52,0,4,0.0219,1,0.0219,1,192.559923585075,1,21.5499992370605,0.0219000000506639,0.0367461480200291,180.405807495117,-95.0966,24.3925,17.8842216748003,51,51,51,51,51,51,0,8511,1.39062200113982,24,-95,0.0073,51,2026-06-26 22:08:21.002372,1.0543,1.13
"2904010",52,0,4,0.0365,1,0.0365,1,192.718947789344,1,26.7800006866455,0.0364999994635582,0.0367461480200291,180.554794311523,-95.0966,24.3925,17.8842216748003,51,51,51,51,51,51,0,8511,1.39062200113982,24,-95,0.0073,51,2026-06-26 22:08:21.002372,1.0543,1.13
"2904010",52,0,4,0.0292,1,0.0292,1,193.488954582607,1,31.7800006866455,0.0292000006884336,0.0367461480200291,181.27619934082,-95.0966,24.3925,17.8842216748003,51,51,51,51,51,51,0,8511,1.39062200113982,24,-95,0.0073,51,2026-06-26 22:08:21.002372,1.0543,1.13
"2904010",52,0,4,0.0438,1,0.0438,1,201.875396648837,1,36.9900016784668,0.0438000001013279,0.0367461480200291,189.13330078125,-95.0966,24.3925,17.8842216748003,51,51,51,51,51,51,0,8511,1.39062200113982,24,-95,0.0073,51,2026-06-26 22:08:21.002372,1.0543,1.13
"2904010",52,0,4,0.0511,1,0.0511,1,212.738880112346,1,41.8300018310547,0.0511000007390976,0.0419955961406231,199.311096191406,-95.0966,24.3925,17.8842216748003,51,51,51,51,51,51,0,8511,1.39062200113982,24,-95,0.0073,51,2026-06-26 22:08:21.002372,1.0543,1.13
"2904010",52,0,4,0.0438,1,0.0438,1,214.525133656301,1,46.6599998474121,0.0438000001013279,0.0367461480200291,200.984603881836,-95.0966,24.3925,17.8842216748003,51,51,51,51,51,51,0,8511,1.39062200113982,24,-95,0.0073,51,2026-06-26 22:08:21.002372,1.0543,1.13
"2904010",52,0,9,99999,9,99999,9,218.35560718946,1,51.6500015258789,99999,99999,204.573303222656,-95.0966,24.3925,17.8842216748003,51,51,51,51,51,51,0,8511,1.39062200113982,24,-95,0.0073,51,2026-06-26 22:08:21.002372,1.0543,1.13
"2904010",52,0,9,99999,9,99999,9,219.800831666108,1,56.939998626709,99999,99999,205.927307128906,-95.0966,24.3925,17.8842216748003,51,51,51,51,51,51,0,8511,1.39062200113982,24,-95,0.0073,51,2026-06-26 22:08:21.002372,1.0543,1.13
"2904010",52,0,9,99999,9,99999,9,218.114057827159,1,61.7400016784668,99999,99999,204.34700012207,-95.0966,24.3925,17.8842216748003,51,51,51,51,51,51,0,8511,1.39062200113982,24,-95,0.0073,51,2026-06-26 22:08:21.002372,1.0543,1.13
"2904010",52,0,9,99999,9,99999,9,215.759118484305,1,66.7200012207031,99999,99999,202.140701293945,-95.0966,24.3925,17.8842216748003,51,51,51,51,51,51,0,8511,1.39062200113982,24,-95,0.0073,51,2026-06-26 22:08:21.002372,1.0543,1.13
"2904010",52,0,9,99999,9,99999,9,213.510173561912,1,71.620002746582,99999,99999,200.033706665039,-95.0966,24.3925,17.8842216748003,51,51,51,51,51,51,0,8511,1.39062200113982,24,-95,0.0073,51,2026-06-26 22:08:21.002372,1.0543,1.13
"2904010",52,0,9,99999,9,99999,9,211.431148705387,1,76.9499969482422,99999,99999,198.085906982422,-95.0966,24.3925,17.8842216748003,51,51,51,51,51,51,0,8511,1.39062200113982,24,-95,0.0073,51,2026-06-26 22:08:21.002372,1.0543,1.13
"2904010",52,0,9,99999,9,99999,9,208.793128689203,1,81.6399993896484,99999,99999,195.614395141602,-95.0966,24.3925,17.8842216748003,51,51,51,51,51,51,0,8511,1.39062200113982,24,-95,0.0073,51,2026-06-26 22:08:21.002372,1.0543,1.13
"2904010",52,0,9,99999,9,99999,9,206.819137332609,1,86.870002746582,99999,99999,193.764999389648,-95.0966,24.3925,17.8842216748003,51,51,51,51,51,51,0,8511,1.39062200113982,24,-95,0.0073,51,2026-06-26 22:08:21.002372,1.0543,1.13
"2904010",52,0,9,99999,9,99999,9,204.813875341829,1,91.6999969482422,99999,99999,191.886306762695,-95.0966,24.3925,17.8842216748003,51,51,51,51,51,51,0,8511,1.39062200113982,24,-95,0.0073,51,2026-06-26 22:08:21.002372,1.0543,1.13
"2904010",52,0,9,99999,9,99999,9,202.484017653479,1,96.5299987792969,99999,99999,189.703506469727,-95.0966,24.3925,17.8842216748003,51,51,51,51,51,51,0,8511,1.39062200113982,24,-95,0.0073,51,2026-06-26 22:08:21.002372,1.0543,1.13
"2904010",52,0,9,99999,9,99999,9,199.471043189253,1,101.519996643066,99999,99999,186.880706787109,-95.0966,24.3925,17.8842216748003,51,51,51,51,51,51,0,8511,1.39062200113982,24,-95,0.0073,51,2026-06-26 22:08:21.002372,1.0543,1.13
"2904010",52,0,9,99999,9,99999,9,188.864141793959,1,111.769996643066,99999,99999,176.943298339844,-95.0966,24.3925,17.8842216748003,51,51,51,51,51,51,0,8511,1.39062200113982,24,-95,0.0073,51,2026-06-26 22:08:21.002372,1.0543,1.13
"2904010",52,0,9,99999,9,99999,9,178.985406431915,1,121.25,99999,99999,167.688095092773,-95.0966,24.3925,17.8842216748003,51,51,51,51,51,51,0,8511,1.39062200113982,24,-95,0.0073,51,2026-06-26 22:08:21.002372,1.0543,1.13
"2904010",52,0,9,99999,9,99999,9,148.644210412764,1,131.669998168945,99999,99999,139.261993408203,-95.0966,24.3925,17.8842216748003,51,51,51,51,51,51,0,8511,1.39062200113982,24,-95,0.0073,51,2026-06-26 22:08:21.002372,1.0543,1.13
"2904010",52,0,9,99999,9,99999,9,129.009395493914,1,141.610000610352,99999,99999,120.866500854492,-95.0966,24.3925,17.8842216748003,51,51,51,51,51,51,0,8511,1.39062200113982,24,-95,0.0073,51,2026-06-26 22:08:21.002372,1.0543,1.13
"2904010",52,0,9,99999,9,99999,9,127.681582476563,1,151.649993896484,99999,99999,119.622497558594,-95.0966,24.3925,17.8842216748003,51,51,51,51,51,51,0,8511,1.39062200113982,24,-95,0.0073,51,2026-06-26 22:08:21.002372,1.0543,1.13
"2904010",52,0,9,99999,9,99999,9,125.908789963418,1,161.449996948242,99999,99999,117.961601257324,-95.0966,24.3925,17.8842216748003,51,51,51,51,51,51,0,8511,1.39062200113982,24,-95,0.0073,51,2026-06-26 22:08:21.002372,1.0543,1.13
"2904010",52,0,9,99999,9,99999,9,129.099909321774,1,171.139999389648,99999,99999,120.951301574707,-95.0966,24.3925,17.8842216748003,51,51,51,51,51,51,0,8511,1.39062200113982,24,-95,0.0073,51,2026-06-26 22:08:21.002372,1.0543,1.13
"2904010",52,0,9,99999,9,99999,9,131.274676065311,1,181.860000610352,99999,99999,122.988800048828,-95.0966,24.3925,17.8842216748003,51,51,51,51,51,51,0,8511,1.39062200113982,24,-95,0.0073,51,2026-06-26 22:08:21.002372,1.0543,1.13
"2904010",52,0,9,99999,9,99999,9,132.671650930617,1,191.570007324219,99999,99999,124.29759979248,-95.0966,24.3925,17.8842216748003,51,51,51,51,51,51,0,8511,1.39062200113982,24,-95,0.0073,51,2026-06-26 22:08:21.002372,1.0543,1.13
"2904010",52,0,9,99999,9,99999,9,132.18215149808,1,201.029998779297,99999,99999,123.838996887207,-95.0966,24.3925,17.8842216748003,51,51,51,51,51,51,0,8511,1.39062200113982,24,-95,0.0073,51,2026-06-26 22:08:21.002372,1.0543,1.13
"2904010",52,0,9,99999,9,99999,9,130.402632541227,1,211.75,99999,99999,122.171798706055,-95.0966,24.3925,17.8842216748003,51,51,51,51,51,51,0,8511,1.39062200113982,24,-95,0.0073,51,2026-06-26 22:08:21.002372,1.0543,1.13
"2904010",52,0,9,99999,9,99999,9,131.326981087025,1,221.580001831055,99999,99999,123.037803649902,-95.0966,24.3925,17.8842216748003,51,51,51,51,51,51,0,8511,1.39062200113982,24,-95,0.0073,51,2026-06-26 22:08:21.002372,1.0543,1.13
"2904010",52,0,9,99999,9,99999,9,128.373453401331,1,231.220001220703,99999,99999,120.270698547363,-95.0966,24.3925,17.8842216748003,51,51,51,51,51,51,0,8511,1.39062200113982,24,-95,0.0073,51,2026-06-26 22:08:21.002372,1.0543,1.13
"2904010",52,0,9,99999,9,99999,9,126.05598181574,1,241.169998168945,99999,99999,118.099502563477,-95.0966,24.3925,17.8842216748003,51,51,51,51,51,51,0,8511,1.39062200113982,24,-95,0.0073,51,2026-06-26 22:08:21.002372,1.0543,1.13
"2904010",52,0,9,99999,9,99999,9,126.741981353204,1,251.130004882812,99999,99999,118.742202758789,-95.0966,24.3925,17.8842216748003,51,51,51,51,51,51,0,8511,1.39062200113982,24,-95,0.0073,51,2026-06-26 22:08:21.002372,1.0543,1.13
"2904010",52,0,9,99999,9,99999,9,121.756391766025,1,261.239990234375,99999,99999,114.071296691895,-95.0966,24.3925,17.8842216748003,51,51,51,51,51,51,0,8511,1.39062200113982,24,-95,0.0073,51,2026-06-26 22:08:21.002372,1.0543,1.13
"2904010",52,0,9,99999,9,99999,9,118.63316388611,1,271.670013427734,99999,99999,111.145202636719,-95.0966,24.3925,17.8842216748003,51,51,51,51,51,51,0,8511,1.39062200113982,24,-95,0.0073,51,2026-06-26 22:08:21.002372,1.0543,1.13
"2904010",52,0,9,99999,9,99999,9,119.958729326629,1,281.230010986328,99999,99999,112.387100219727,-95.0966,24.3925,17.8842216748003,51,51,51,51,51,51,0,8511,1.39062200113982,24,-95,0.0073,51,2026-06-26 22:08:21.002372,1.0543,1.13
"2904010",52,0,9,99999,9,99999,9,123.262243813381,1,291.720001220703,99999,99999,115.48210144043,-95.0966,24.3925,17.8842216748003,51,51,51,51,51,51,0,8511,1.39062200113982,24,-95,0.0073,51,2026-06-26 22:08:21.002372,1.0543,1.13
"2904010",52,0,9,99999,9,99999,9,123.435901697242,1,301.359985351562,99999,99999,115.644798278809,-95.0966,24.3925,17.8842216748003,51,51,51,51,51,51,0,8511,1.39062200113982,24,-95,0.0073,51,2026-06-26 22:08:21.002372,1.0543,1.13
"2904010",52,0,9,99999,9,99999,9,122.163064734941,1,311.179992675781,99999,99999,114.452301025391,-95.0966,24.3925,17.8842216748003,51,51,51,51,51,51,0,8511,1.39062200113982,24,-95,0.0073,51,2026-06-26 22:08:21.002372,1.0543,1.13
"2904010",52,0,9,99999,9,99999,9,117.215048769151,1,321.269989013672,99999,99999,109.816596984863,-95.0966,24.3925,17.8842216748003,51,51,51,51,51,51,0,8511,1.39062200113982,24,-95,0.0073,51,2026-06-26 22:08:21.002372,1.0543,1.13
"2904010",52,0,9,99999,9,99999,9,116.341620868032,1,331.320007324219,99999,99999,108.99829864502,-95.0966,24.3925,17.8842216748003,51,51,51,51,51,51,0,8511,1.39062200113982,24,-95,0.0073,51,2026-06-26 22:08:21.002372,1.0543,1.13
"2904010",52,0,9,99999,9,99999,9,117.884509072753,1,341.239990234375,99999,99999,110.443801879883,-95.0966,24.3925,17.8842216748003,51,51,51,51,51,51,0,8511,1.39062200113982,24,-95,0.0073,51,2026-06-26 22:08:21.002372,1.0543,1.13
"2904010",52,0,9,99999,9,99999,9,117.151009116224,1,351.149993896484,99999,99999,109.75659942627,-95.0966,24.3925,17.8842216748003,51,51,51,51,51,51,0,8511,1.39062200113982,24,-95,0.0073,51,2026-06-26 22:08:21.002372,1.0543,1.13
"2904010",52,0,9,99999,9,99999,9,115.460831338449,1,361.25,99999,99999,108.17310333252,-95.0966,24.3925,17.8842216748003,51,51,51,51,51,51,0,8511,1.39062200113982,24,-95,0.0073,51,2026-06-26 22:08:21.002372,1.0543,1.13
"2904010",52,0,9,99999,9,99999,9,114.650799762106,1,381.410003662109,99999,99999,107.414199829102,-95.0966,24.3925,17.8842216748003,51,51,51,51,51,51,0,8511,1.39062200113982,24,-95,0.0073,51,2026-06-26 22:08:21.002372,1.0543,1.13
"2904010",52,0,9,99999,9,99999,9,115.873685143653,1,401.109985351562,99999,99999,108.559898376465,-95.0966,24.3925,17.8842216748003,51,51,51,51,51,51,0,8511,1.39062200113982,24,-95,0.0073,51,2026-06-26 22:08:21.002372,1.0543,1.13
"2904010",52,0,9,99999,9,99999,9,111.625227466869,1,451.179992675781,99999,99999,104.579597473145,-95.0966,24.3925,17.8842216748003,51,51,51,51,51,51,0,8511,1.39062200113982,24,-95,0.0073,51,2026-06-26 22:08:21.002372,1.0543,1.13
"2904010",52,0,9,99999,9,99999,9,111.063903296435,1,500.570007324219,99999,99999,104.053703308105,-95.0966,24.3925,17.8842216748003,51,51,51,51,51,51,0,8511,1.39062200113982,24,-95,0.0073,51,2026-06-26 22:08:21.002372,1.0543,1.13
"2904010",52,0,9,99999,9,99999,9,113.045582017266,1,551.77001953125,99999,99999,105.910301208496,-95.0966,24.3925,17.8842216748003,51,51,51,51,51,51,0,8511,1.39062200113982,24,-95,0.0073,51,2026-06-26 22:08:21.002372,1.0543,1.13
"2904010",52,0,9,99999,9,99999,9,115.044549164237,1,601.359985351562,99999,99999,107.783096313477,-95.0966,24.3925,17.8842216748003,51,51,51,51,51,51,0,8511,1.39062200113982,24,-95,0.0073,51,2026-06-26 22:08:21.002372,1.0543,1.13
"2904010",52,0,9,99999,9,99999,9,120.556454469671,1,651.659973144531,99999,99999,112.94709777832,-95.0966,24.3925,17.8842216748003,51,51,51,51,51,51,0,8511,1.39062200113982,24,-95,0.0073,51,2026-06-26 22:08:21.002372,1.0543,1.13
"2904010",52,0,9,99999,9,99999,9,126.284078290626,1,701.77001953125,99999,99999,118.313201904297,-95.0966,24.3925,17.8842216748003,51,51,51,51,51,51,0,8511,1.39062200113982,24,-95,0.0073,51,2026-06-26 22:08:21.002372,1.0543,1.13
"2904010",52,0,9,99999,9,99999,9,133.503449799975,1,751.190002441406,99999,99999,125.07689666748,-95.0966,24.3925,17.8842216748003,51,51,51,51,51,51,0,8511,1.39062200113982,24,-95,0.0073,51,2026-06-26 22:08:21.002372,1.0543,1.13
"2904010",52,0,9,99999,9,99999,9,139.495562925029,1,801.369995117188,99999,99999,130.690795898438,-95.0966,24.3925,17.8842216748003,51,51,51,51,51,51,0,8511,1.39062200113982,24,-95,0.0073,51,2026-06-26 22:08:21.002372,1.0543,1.13
"2904010",52,0,9,99999,9,99999,9,147.409590400004,1,851.260009765625,99999,99999,138.10530090332,-95.0966,24.3925,17.8842216748003,51,51,51,51,51,51,0,8511,1.39062200113982,24,-95,0.0073,51,2026-06-26 22:08:21.002372,1.0543,1.13
"2904010",52,0,9,99999,9,99999,9,154.430645827494,1,901.75,99999,99999,144.683197021484,-95.0966,24.3925,17.8842216748003,51,51,51,51,51,51,0,8511,1.39062200113982,24,-95,0.0073,51,2026-06-26 22:08:21.002372,1.0543,1.13
"2904010",52,0,9,99999,9,99999,9,161.502304307284,1,951.369995117188,99999,99999,151.308502197266,-95.0966,24.3925,17.8842216748003,51,51,51,51,51,51,0,8511,1.39062200113982,24,-95,0.0073,51,2026-06-26 22:08:21.002372,1.0543,1.13
"2904010",52,0,9,99999,9,99999,9,167.549165472347,1,999.450012207031,99999,99999,156.973693847656,-95.0966,24.3925,17.8842216748003,51,51,51,51,51,51,0,8511,1.39062200113982,24,-95,0.0073,51,2026-06-26 22:08:21.002372,1.0543,1.13
"2904010",52,0,9,99999,9,99999,9,180.164113899278,1,1099.48999023438,99999,99999,168.792404174805,-95.0966,24.3925,17.8842216748003,51,51,51,51,51,51,0,8511,1.39062200113982,24,-95,0.0073,51,2026-06-26 22:08:21.002372,1.0543,1.13
"2904010",52,0,9,99999,9,99999,9,191.259863255564,1,1199.82995605469,99999,99999,179.187805175781,-95.0966,24.3925,17.8842216748003,51,51,51,51,51,51,0,8511,1.39062200113982,24,-95,0.0073,51,2026-06-26 22:08:21.002372,1.0543,1.13
"2904010",52,0,9,99999,9,99999,9,199.932138462405,1,1299.68994140625,99999,99999,187.312698364258,-95.0966,24.3925,17.8842216748003,51,51,51,51,51,51,0,8511,1.39062200113982,24,-95,0.0073,51,2026-06-26 22:08:21.002372,1.0543,1.13
"2904010",52,0,9,99999,9,99999,9,204.82965724002,1,1399.94995117188,99999,99999,191.901092529297,-95.0966,24.3925,17.8842216748003,51,51,51,51,51,51,0,8511,1.39062200113982,24,-95,0.0073,51,2026-06-26 22:08:21.002372,1.0543,1.13
"2904010",52,0,9,99999,9,99999,9,207.507172718653,4,1499.72998046875,99999,99999,194.409606933594,-95.0966,24.3925,17.8842216748003,51,51,51,51,51,51,0,8511,1.39062200113982,24,-95,0.0073,51,2026-06-26 22:08:21.002372,1.0543,1.13
"2904010",53,0,4,0.0073,1,0.0073,1,191.509246847512,1,7.76000022888184,0.00730000017210841,0.0111699057742953,179.365203857422,-94.6203,25.2671,17.8831226266531,51,51,51,51,51,51,0,8270,1.30708361069746,25,-95,0.0073,51,2026-07-07 04:24:37.000464,1.0543,1.13
"2904010",53,0,9,99999,9,99999,9,192.017146697299,1,11.6000003814697,99999,99999,179.840896606445,-94.6203,25.2671,17.8831226266531,51,51,51,51,51,51,0,8270,1.30708361069746,25,-95,0.0073,51,2026-07-07 04:24:37.000464,1.0543,1.13
"2904010",53,0,4,0.0146,1,0.0146,1,192.463349137908,1,16.5799999237061,0.0146000003442168,0.0167548581957817,180.258804321289,-94.6203,25.2671,17.8831226266531,51,51,51,51,51,51,0,8270,1.30708361069746,25,-95,0.0073,51,2026-07-07 04:24:37.000464,1.0543,1.13
"2904010",53,0,4,0.0219,1,0.0219,1,193.293600436867,1,21.8099994659424,0.0219000000506639,0.0223398115485907,181.036407470703,-94.6203,25.2671,17.8831226266531,51,51,51,51,51,51,0,8270,1.30708361069746,25,-95,0.0073,51,2026-07-07 04:24:37.000464,1.0543,1.13
"2904010",53,0,9,99999,9,99999,9,193.458132291975,1,26.3799991607666,99999,99999,181.190505981445,-94.6203,25.2671,17.8831226266531,51,51,51,51,51,51,0,8270,1.30708361069746,25,-95,0.0073,51,2026-07-07 04:24:37.000464,1.0543,1.13
"2904010",53,0,9,99999,9,99999,9,193.872402616928,1,31.7000007629395,99999,99999,181.578506469727,-94.6203,25.2671,17.8831226266531,51,51,51,51,51,51,0,8270,1.30708361069746,25,-95,0.0073,51,2026-07-07 04:24:37.000464,1.0543,1.13
"2904010",53,0,4,0.0292,1,0.0292,1,195.412345186346,1,36.7599983215332,0.0292000006884336,0.0279247630387545,183.020797729492,-94.6203,25.2671,17.8831226266531,51,51,51,51,51,51,0,8270,1.30708361069746,25,-95,0.0073,51,2026-07-07 04:24:37.000464,1.0543,1.13
"2904010",53,0,4,0.0365,1,0.0365,1,200.199620999048,1,41.9099998474121,0.0364999994635582,0.0335097163915634,187.504501342773,-94.6203,25.2671,17.8831226266531,51,51,51,51,51,51,0,8270,1.30708361069746,25,-95,0.0073,51,2026-07-07 04:24:37.000464,1.0543,1.13
"2904010",53,0,4,0.073,1,0.073,1,210.290609427608,1,46.6599998474121,0.0729999989271164,0.061434481292963,196.955596923828,-94.6203,25.2671,17.8831226266531,51,51,51,51,51,51,0,8270,1.30708361069746,25,-95,0.0073,51,2026-07-07 04:24:37.000464,1.0543,1.13
"2904010",53,0,9,99999,9,99999,9,217.881036238057,1,51.8600006103516,99999,99999,204.064697265625,-94.6203,25.2671,17.8831226266531,51,51,51,51,51,51,0,8270,1.30708361069746,25,-95,0.0073,51,2026-07-07 04:24:37.000464,1.0543,1.13
"2904010",53,0,9,99999,9,99999,9,218.622138283509,1,56.810001373291,99999,99999,204.758804321289,-94.6203,25.2671,17.8831226266531,51,51,51,51,51,51,0,8270,1.30708361069746,25,-95,0.0073,51,2026-07-07 04:24:37.000464,1.0543,1.13
"2904010",53,0,9,99999,9,99999,9,219.020491426321,1,61.689998626709,99999,99999,205.131896972656,-94.6203,25.2671,17.8831226266531,51,51,51,51,51,51,0,8270,1.30708361069746,25,-95,0.0073,51,2026-07-07 04:24:37.000464,1.0543,1.13
"2904010",53,0,9,99999,9,99999,9,216.607580207306,1,66.6699981689453,99999,99999,202.871994018555,-94.6203,25.2671,17.8831226266531,51,51,51,51,51,51,0,8270,1.30708361069746,25,-95,0.0073,51,2026-07-07 04:24:37.000464,1.0543,1.13
"2904010",53,0,9,99999,9,99999,9,212.888238160557,1,71.9100036621094,99999,99999,199.38850402832,-94.6203,25.2671,17.8831226266531,51,51,51,51,51,51,0,8270,1.30708361069746,25,-95,0.0073,51,2026-07-07 04:24:37.000464,1.0543,1.13
"2904010",53,0,9,99999,9,99999,9,210.47713534197,1,76.8300018310547,99999,99999,197.130294799805,-94.6203,25.2671,17.8831226266531,51,51,51,51,51,51,0,8270,1.30708361069746,25,-95,0.0073,51,2026-07-07 04:24:37.000464,1.0543,1.13
"2904010",53,0,9,99999,9,99999,9,209.004771556093,1,81.4499969482422,99999,99999,195.75129699707,-94.6203,25.2671,17.8831226266531,51,51,51,51,51,51,0,8270,1.30708361069746,25,-95,0.0073,51,2026-07-07 04:24:37.000464,1.0543,1.13
"2904010",53,0,9,99999,9,99999,9,207.19117401388,1,86.4199981689453,99999,99999,194.052703857422,-94.6203,25.2671,17.8831226266531,51,51,51,51,51,51,0,8270,1.30708361069746,25,-95,0.0073,51,2026-07-07 04:24:37.000464,1.0543,1.13
"2904010",53,0,9,99999,9,99999,9,205.982641187665,1,91.5199966430664,99999,99999,192.920806884766,-94.6203,25.2671,17.8831226266531,51,51,51,51,51,51,0,8270,1.30708361069746,25,-95,0.0073,51,2026-07-07 04:24:37.000464,1.0543,1.13
"2904010",53,0,9,99999,9,99999,9,204.571763016323,1,96.7200012207031,99999,99999,191.599395751953,-94.6203,25.2671,17.8831226266531,51,51,51,51,51,51,0,8270,1.30708361069746,25,-95,0.0073,51,2026-07-07 04:24:37.000464,1.0543,1.13
"2904010",53,0,9,99999,9,99999,9,202.058395968156,1,101.800003051758,99999,99999,189.245407104492,-94.6203,25.2671,17.8831226266531,51,51,51,51,51,51,0,8270,1.30708361069746,25,-95,0.0073,51,2026-07-07 04:24:37.000464,1.0543,1.13
"2904010",53,0,9,99999,9,99999,9,195.02595029501,1,111.680000305176,99999,99999,182.658905029297,-94.6203,25.2671,17.8831226266531,51,51,51,51,51,51,0,8270,1.30708361069746,25,-95,0.0073,51,2026-07-07 04:24:37.000464,1.0543,1.13
"2904010",53,0,9,99999,9,99999,9,184.182113364166,1,121.51000213623,99999,99999,172.502700805664,-94.6203,25.2671,17.8831226266531,51,51,51,51,51,51,0,8270,1.30708361069746,25,-95,0.0073,51,2026-07-07 04:24:37.000464,1.0543,1.13
"2904010",53,0,9,99999,9,99999,9,176.842598040055,1,131.839996337891,99999,99999,165.628601074219,-94.6203,25.2671,17.8831226266531,51,51,51,51,51,51,0,8270,1.30708361069746,25,-95,0.0073,51,2026-07-07 04:24:37.000464,1.0543,1.13
"2904010",53,0,9,99999,9,99999,9,164.633060364764,1,141.729995727539,99999,99999,154.193298339844,-94.6203,25.2671,17.8831226266531,51,51,51,51,51,51,0,8270,1.30708361069746,25,-95,0.0073,51,2026-07-07 04:24:37.000464,1.0543,1.13
"2904010",53,0,9,99999,9,99999,9,132.325245446732,1,151.759994506836,99999,99999,123.934196472168,-94.6203,25.2671,17.8831226266531,51,51,51,51,51,51,0,8270,1.30708361069746,25,-95,0.0073,51,2026-07-07 04:24:37.000464,1.0543,1.13
"2904010",53,0,9,99999,9,99999,9,125.004311029716,1,161.600006103516,99999,99999,117.077499389648,-94.6203,25.2671,17.8831226266531,51,51,51,51,51,51,0,8270,1.30708361069746,25,-95,0.0073,51,2026-07-07 04:24:37.000464,1.0543,1.13
"2904010",53,0,9,99999,9,99999,9,124.934483964562,1,171.119995117188,99999,99999,117.012100219727,-94.6203,25.2671,17.8831226266531,51,51,51,51,51,51,0,8270,1.30708361069746,25,-95,0.0073,51,2026-07-07 04:24:37.000464,1.0543,1.13
"2904010",53,0,9,99999,9,99999,9,125.493108631745,1,181.460006713867,99999,99999,117.535301208496,-94.6203,25.2671,17.8831226266531,51,51,51,51,51,51,0,8270,1.30708361069746,25,-95,0.0073,51,2026-07-07 04:24:37.000464,1.0543,1.13
"2904010",53,0,9,99999,9,99999,9,127.289412326627,1,191.380004882812,99999,99999,119.217697143555,-94.6203,25.2671,17.8831226266531,51,51,51,51,51,51,0,8270,1.30708361069746,25,-95,0.0073,51,2026-07-07 04:24:37.000464,1.0543,1.13
"2904010",53,0,9,99999,9,99999,9,132.124838837197,1,201.419998168945,99999,99999,123.74649810791,-94.6203,25.2671,17.8831226266531,51,51,51,51,51,51,0,8270,1.30708361069746,25,-95,0.0073,51,2026-07-07 04:24:37.000464,1.0543,1.13
"2904010",53,0,9,99999,9,99999,9,131.697649038921,1,211.630004882812,99999,99999,123.346397399902,-94.6203,25.2671,17.8831226266531,51,51,51,51,51,51,0,8270,1.30708361069746,25,-95,0.0073,51,2026-07-07 04:24:37.000464,1.0543,1.13
"2904010",53,0,9,99999,9,99999,9,128.226644358982,1,221.520004272461,99999,99999,120.095497131348,-94.6203,25.2671,17.8831226266531,51,51,51,51,51,51,0,8270,1.30708361069746,25,-95,0.0073,51,2026-07-07 04:24:37.000464,1.0543,1.13
"2904010",53,0,9,99999,9,99999,9,126.387737356732,1,231.470001220703,99999,99999,118.373199462891,-94.6203,25.2671,17.8831226266531,51,51,51,51,51,51,0,8270,1.30708361069746,25,-95,0.0073,51,2026-07-07 04:24:37.000464,1.0543,1.13
"2904010",53,0,9,99999,9,99999,9,124.92124679927,1,241.229995727539,99999,99999,116.999702453613,-94.6203,25.2671,17.8831226266531,51,51,51,51,51,51,0,8270,1.30708361069746,25,-95,0.0073,51,2026-07-07 04:24:37.000464,1.0543,1.13
"2904010",53,0,9,99999,9,99999,9,124.182287138108,1,251.809997558594,99999,99999,116.307601928711,-94.6203,25.2671,17.8831226266531,51,51,51,51,51,51,0,8270,1.30708361069746,25,-95,0.0073,51,2026-07-07 04:24:37.000464,1.0543,1.13
"2904010",53,0,9,99999,9,99999,9,124.108183450321,1,261.570007324219,99999,99999,116.23819732666,-94.6203,25.2671,17.8831226266531,51,51,51,51,51,51,0,8270,1.30708361069746,25,-95,0.0073,51,2026-07-07 04:24:37.000464,1.0543,1.13
"2904010",53,0,9,99999,9,99999,9,124.351942794428,1,271.390014648438,99999,99999,116.466499328613,-94.6203,25.2671,17.8831226266531,51,51,51,51,51,51,0,8270,1.30708361069746,25,-95,0.0073,51,2026-07-07 04:24:37.000464,1.0543,1.13
"2904010",53,0,9,99999,9,99999,9,123.865817063301,1,281.140014648438,99999,99999,116.011199951172,-94.6203,25.2671,17.8831226266531,51,51,51,51,51,51,0,8270,1.30708361069746,25,-95,0.0073,51,2026-07-07 04:24:37.000464,1.0543,1.13
"2904010",53,0,9,99999,9,99999,9,121.657271384486,1,291.119995117188,99999,99999,113.94270324707,-94.6203,25.2671,17.8831226266531,51,51,51,51,51,51,0,8270,1.30708361069746,25,-95,0.0073,51,2026-07-07 04:24:37.000464,1.0543,1.13
"2904010",53,0,9,99999,9,99999,9,120.248535597433,1,301.119995117188,99999,99999,112.62329864502,-94.6203,25.2671,17.8831226266531,51,51,51,51,51,51,0,8270,1.30708361069746,25,-95,0.0073,51,2026-07-07 04:24:37.000464,1.0543,1.13
"2904010",53,0,9,99999,9,99999,9,118.638969611557,1,309.380004882812,99999,99999,111.115798950195,-94.6203,25.2671,17.8831226266531,51,51,51,51,51,51,0,8270,1.30708361069746,25,-95,0.0073,51,2026-07-07 04:24:37.000464,1.0543,1.13
"2904010",53,0,9,99999,9,99999,9,116.394117443079,1,321.850006103516,99999,99999,109.013298034668,-94.6203,25.2671,17.8831226266531,51,51,51,51,51,51,0,8270,1.30708361069746,25,-95,0.0073,51,2026-07-07 04:24:37.000464,1.0543,1.13
"2904010",53,0,9,99999,9,99999,9,117.36316754782,1,331.260009765625,99999,99999,109.9208984375,-94.6203,25.2671,17.8831226266531,51,51,51,51,51,51,0,8270,1.30708361069746,25,-95,0.0073,51,2026-07-07 04:24:37.000464,1.0543,1.13
"2904010",53,0,9,99999,9,99999,9,118.216797717169,1,341.290008544922,99999,99999,110.720397949219,-94.6203,25.2671,17.8831226266531,51,51,51,51,51,51,0,8270,1.30708361069746,25,-95,0.0073,51,2026-07-07 04:24:37.000464,1.0543,1.13
"2904010",53,0,9,99999,9,99999,9,116.804119291347,1,351.540008544922,99999,99999,109.397300720215,-94.6203,25.2671,17.8831226266531,51,51,51,51,51,51,0,8270,1.30708361069746,25,-95,0.0073,51,2026-07-07 04:24:37.000464,1.0543,1.13
"2904010",53,0,9,99999,9,99999,9,114.727643865373,1,361.890014648438,99999,99999,107.452499389648,-94.6203,25.2671,17.8831226266531,51,51,51,51,51,51,0,8270,1.30708361069746,25,-95,0.0073,51,2026-07-07 04:24:37.000464,1.0543,1.13
"2904010",53,0,9,99999,9,99999,9,113.969036177944,1,381.390014648438,99999,99999,106.741996765137,-94.6203,25.2671,17.8831226266531,51,51,51,51,51,51,0,8270,1.30708361069746,25,-95,0.0073,51,2026-07-07 04:24:37.000464,1.0543,1.13
"2904010",53,0,9,99999,9,99999,9,112.734558507759,1,400.929992675781,99999,99999,105.585800170898,-94.6203,25.2671,17.8831226266531,51,51,51,51,51,51,0,8270,1.30708361069746,25,-95,0.0073,51,2026-07-07 04:24:37.000464,1.0543,1.13
"2904010",53,0,9,99999,9,99999,9,110.683604336466,1,451.269989013672,99999,99999,103.664901733398,-94.6203,25.2671,17.8831226266531,51,51,51,51,51,51,0,8270,1.30708361069746,25,-95,0.0073,51,2026-07-07 04:24:37.000464,1.0543,1.13
"2904010",53,0,9,99999,9,99999,9,111.006688920945,1,501.880004882812,99999,99999,103.967498779297,-94.6203,25.2671,17.8831226266531,51,51,51,51,51,51,0,8270,1.30708361069746,25,-95,0.0073,51,2026-07-07 04:24:37.000464,1.0543,1.13
"2904010",53,0,9,99999,9,99999,9,113.0663999862,1,551.77001953125,99999,99999,105.896598815918,-94.6203,25.2671,17.8831226266531,51,51,51,51,51,51,0,8270,1.30708361069746,25,-95,0.0073,51,2026-07-07 04:24:37.000464,1.0543,1.13
"2904010",53,0,9,99999,9,99999,9,116.554169026858,1,600.890014648438,99999,99999,109.163200378418,-94.6203,25.2671,17.8831226266531,51,51,51,51,51,51,0,8270,1.30708361069746,25,-95,0.0073,51,2026-07-07 04:24:37.000464,1.0543,1.13
"2904010",53,0,9,99999,9,99999,9,119.948088602089,1,651.070007324219,99999,99999,112.341903686523,-94.6203,25.2671,17.8831226266531,51,51,51,51,51,51,0,8270,1.30708361069746,25,-95,0.0073,51,2026-07-07 04:24:37.000464,1.0543,1.13
"2904010",53,0,9,99999,9,99999,9,125.15795175252,1,701.099975585938,99999,99999,117.221397399902,-94.6203,25.2671,17.8831226266531,51,51,51,51,51,51,0,8270,1.30708361069746,25,-95,0.0073,51,2026-07-07 04:24:37.000464,1.0543,1.13
"2904010",53,0,9,99999,9,99999,9,131.935005668,1,751.119995117188,99999,99999,123.568702697754,-94.6203,25.2671,17.8831226266531,51,51,51,51,51,51,0,8270,1.30708361069746,25,-95,0.0073,51,2026-07-07 04:24:37.000464,1.0543,1.13
"2904010",53,0,9,99999,9,99999,9,140.776136876794,1,799.119995117188,99999,99999,131.849197387695,-94.6203,25.2671,17.8831226266531,51,51,51,51,51,51,0,8270,1.30708361069746,25,-95,0.0073,51,2026-07-07 04:24:37.000464,1.0543,1.13
"2904010",53,0,9,99999,9,99999,9,146.533529913407,1,851.429992675781,99999,99999,137.241500854492,-94.6203,25.2671,17.8831226266531,51,51,51,51,51,51,0,8270,1.30708361069746,25,-95,0.0073,51,2026-07-07 04:24:37.000464,1.0543,1.13
"2904010",53,0,9,99999,9,99999,9,151.881344691042,1,901.609985351562,99999,99999,142.250198364258,-94.6203,25.2671,17.8831226266531,51,51,51,51,51,51,0,8270,1.30708361069746,25,-95,0.0073,51,2026-07-07 04:24:37.000464,1.0543,1.13
"2904010",53,0,9,99999,9,99999,9,158.872995457249,1,951.400024414062,99999,99999,148.798492431641,-94.6203,25.2671,17.8831226266531,51,51,51,51,51,51,0,8270,1.30708361069746,25,-95,0.0073,51,2026-07-07 04:24:37.000464,1.0543,1.13
"2904010",53,0,9,99999,9,99999,9,164.21611816891,1,999.869995117188,99999,99999,153.802795410156,-94.6203,25.2671,17.8831226266531,51,51,51,51,51,51,0,8270,1.30708361069746,25,-95,0.0073,51,2026-07-07 04:24:37.000464,1.0543,1.13
"2904010",53,0,9,99999,9,99999,9,178.117227087299,1,1100.19995117188,99999,99999,166.822402954102,-94.6203,25.2671,17.8831226266531,51,51,51,51,51,51,0,8270,1.30708361069746,25,-95,0.0073,51,2026-07-07 04:24:37.000464,1.0543,1.13
"2904010",53,0,9,99999,9,99999,9,188.462857846322,1,1199.18005371094,99999,99999,176.511993408203,-94.6203,25.2671,17.8831226266531,51,51,51,51,51,51,0,8270,1.30708361069746,25,-95,0.0073,51,2026-07-07 04:24:37.000464,1.0543,1.13
"2904010",53,0,9,99999,9,99999,9,196.893474012132,1,1299.31994628906,99999,99999,184.408004760742,-94.6203,25.2671,17.8831226266531,51,51,51,51,51,51,0,8270,1.30708361069746,25,-95,0.0073,51,2026-07-07 04:24:37.000464,1.0543,1.13
"2904010",53,0,9,99999,9,99999,9,202.837490714482,1,1400.01000976562,99999,99999,189.97509765625,-94.6203,25.2671,17.8831226266531,51,51,51,51,51,51,0,8270,1.30708361069746,25,-95,0.0073,51,2026-07-07 04:24:37.000464,1.0543,1.13
"2904010",53,0,9,99999,9,99999,9,205.886323500033,1,1499.27001953125,99999,99999,192.830596923828,-94.6203,25.2671,17.8831226266531,51,51,51,51,51,51,0,8270,1.30708361069746,25,-95,0.0073,51,2026-07-07 04:24:37.000464,1.0543,1.13
"2904010",53,0,9,99999,9,99999,9,207.938776525734,4,1600.5400390625,99999,99999,194.752899169922,-94.6203,25.2671,17.8831226266531,51,51,51,51,51,51,0,8270,1.30708361069746,25,-95,0.0073,51,2026-07-07 04:24:37.000464,1.0543,1.13
"2904010",54,99999,9,99999,9,99999,9,192.271583670911,1,7.94999980926514,99999,99999,180.022705078125,-94.2429,24.742,37.9515096228728,51,51,51,51,51,51,99999,8271,1.31420257448816,25,-94,0.0073,51,2026-07-17 10:56:58.001154,1.0543,1.13
"2904010",54,99999,9,99999,9,99999,9,192.304373251824,1,11.4700002670288,99999,99999,180.053405761719,-94.2429,24.742,37.9515096228728,51,51,51,51,51,51,99999,8271,1.31420257448816,25,-94,0.0073,51,2026-07-17 10:56:58.001154,1.0543,1.13
"2904010",54,99999,9,99999,9,99999,9,192.385010849417,1,16.7900009155273,99999,99999,180.12890625,-94.2429,24.742,37.9515096228728,51,51,51,51,51,51,99999,8271,1.31420257448816,25,-94,0.0073,51,2026-07-17 10:56:58.001154,1.0543,1.13
"2904010",54,99999,9,99999,9,99999,9,192.430495799878,1,21.8799991607666,99999,99999,180.171493530273,-94.2429,24.742,37.9515096228728,51,51,51,51,51,51,99999,8271,1.31420257448816,25,-94,0.0073,51,2026-07-17 10:56:58.001154,1.0543,1.13
"2904010",54,99999,9,99999,9,99999,9,192.529728284063,1,26.4799995422363,99999,99999,180.264404296875,-94.2429,24.742,37.9515096228728,51,51,51,51,51,51,99999,8271,1.31420257448816,25,-94,0.0073,51,2026-07-17 10:56:58.001154,1.0543,1.13
"2904010",54,99999,9,99999,9,99999,9,192.644752569393,1,31.6299991607666,99999,99999,180.372100830078,-94.2429,24.742,37.9515096228728,51,51,51,51,51,51,99999,8271,1.31420257448816,25,-94,0.0073,51,2026-07-17 10:56:58.001154,1.0543,1.13
"2904010",54,0,9,99999,9,99999,9,193.285143514711,1,36.8300018310547,99999,99999,180.971694946289,-94.2429,24.742,37.9515096228728,51,51,51,51,51,51,0,8271,1.31420257448816,25,-94,0.0073,51,2026-07-17 10:56:58.001154,1.0543,1.13
"2904010",54,0,9,99999,9,99999,9,203.19250234999,1,41.9300003051758,99999,99999,190.247894287109,-94.2429,24.742,37.9515096228728,51,51,51,51,51,51,0,8271,1.31420257448816,25,-94,0.0073,51,2026-07-17 10:56:58.001154,1.0543,1.13
"2904010",54,0,4,0.0657,1,0.0657,1,214.931025643795,1,46.8499984741211,0.065700002014637,0.0555469915270805,201.23860168457,-94.2429,24.742,37.9515096228728,51,51,51,51,51,51,0,8271,1.31420257448816,25,-94,0.0073,51,2026-07-17 10:56:58.001154,1.0543,1.13
"2904010",54,0,4,0.073,1,0.073,1,217.902426592463,1,51.7900009155273,0.0729999989271164,0.0611016936600208,204.020706176758,-94.2429,24.742,37.9515096228728,51,51,51,51,51,51,0,8271,1.31420257448816,25,-94,0.0073,51,2026-07-17 10:56:58.001154,1.0543,1.13
"2904010",54,0,4,0.0876,1,0.0876,1,220.17968906209,1,56.9700012207031,0.0876000002026558,0.0722110942006111,206.152893066406,-94.2429,24.742,37.9515096228728,51,51,51,51,51,51,0,8271,1.31420257448816,25,-94,0.0073,51,2026-07-17 10:56:58.001154,1.0543,1.13
"2904010",54,0,4,0.1022,1,0.1022,1,219.43441057067,1,61.5,0.102200001478195,0.0833204910159111,205.455093383789,-94.2429,24.742,37.9515096228728,51,51,51,51,51,51,0,8271,1.31420257448816,25,-94,0.0073,51,2026-07-17 10:56:58.001154,1.0543,1.13
"2904010",54,0,9,99999,9,99999,9,216.702151923354,1,66.8000030517578,99999,99999,202.896896362305,-94.2429,24.742,37.9515096228728,51,51,51,51,51,51,0,8271,1.31420257448816,25,-94,0.0073,51,2026-07-17 10:56:58.001154,1.0543,1.13
"2904010",54,0,9,99999,9,99999,9,214.259865946607,1,71.629997253418,99999,99999,200.610198974609,-94.2429,24.742,37.9515096228728,51,51,51,51,51,51,0,8271,1.31420257448816,25,-94,0.0073,51,2026-07-17 10:56:58.001154,1.0543,1.13
"2904010",54,0,9,99999,9,99999,9,211.185076776611,1,76.4199981689453,99999,99999,197.731292724609,-94.2429,24.742,37.9515096228728,51,51,51,51,51,51,0,8271,1.31420257448816,25,-94,0.0073,51,2026-07-17 10:56:58.001154,1.0543,1.13
"2904010",54,0,9,99999,9,99999,9,209.18709614004,1,81.5400009155273,99999,99999,195.860595703125,-94.2429,24.742,37.9515096228728,51,51,51,51,51,51,0,8271,1.31420257448816,25,-94,0.0073,51,2026-07-17 10:56:58.001154,1.0543,1.13
"2904010",54,0,9,99999,9,99999,9,207.310120790884,1,86.5599975585938,99999,99999,194.10319519043,-94.2429,24.742,37.9515096228728,51,51,51,51,51,51,0,8271,1.31420257448816,25,-94,0.0073,51,2026-07-17 10:56:58.001154,1.0543,1.13
"2904010",54,0,9,99999,9,99999,9,204.649422307479,1,91.8000030517578,99999,99999,191.611999511719,-94.2429,24.742,37.9515096228728,51,51,51,51,51,51,0,8271,1.31420257448816,25,-94,0.0073,51,2026-07-17 10:56:58.001154,1.0543,1.13
"2904010",54,0,9,99999,9,99999,9,200.842180391679,1,96.9499969482422,99999,99999,188.047302246094,-94.2429,24.742,37.9515096228728,51,51,51,51,51,51,0,8271,1.31420257448816,25,-94,0.0073,51,2026-07-17 10:56:58.001154,1.0543,1.13
"2904010",54,0,9,99999,9,99999,9,197.523881322079,1,101.720001220703,99999,99999,184.940399169922,-94.2429,24.742,37.9515096228728,51,51,51,51,51,51,0,8271,1.31420257448816,25,-94,0.0073,51,2026-07-17 10:56:58.001154,1.0543,1.13
"2904010",54,0,9,99999,9,99999,9,191.07623069834,1,111.76000213623,99999,99999,178.903503417969,-94.2429,24.742,37.9515096228728,51,51,51,51,51,51,0,8271,1.31420257448816,25,-94,0.0073,51,2026-07-17 10:56:58.001154,1.0543,1.13
"2904010",54,0,9,99999,9,99999,9,180.741759866754,1,121.610000610352,99999,99999,169.227401733398,-94.2429,24.742,37.9515096228728,51,51,51,51,51,51,0,8271,1.31420257448816,25,-94,0.0073,51,2026-07-17 10:56:58.001154,1.0543,1.13
"2904010",54,0,9,99999,9,99999,9,161.675417119212,1,131.830001831055,99999,99999,151.375701904297,-94.2429,24.742,37.9515096228728,51,51,51,51,51,51,0,8271,1.31420257448816,25,-94,0.0073,51,2026-07-17 10:56:58.001154,1.0543,1.13
"2904010",54,0,9,99999,9,99999,9,134.191946579063,1,141.5,99999,99999,125.643096923828,-94.2429,24.742,37.9515096228728,51,51,51,51,51,51,0,8271,1.31420257448816,25,-94,0.0073,51,2026-07-17 10:56:58.001154,1.0543,1.13
"2904010",54,0,9,99999,9,99999,9,127.102185675619,1,151.970001220703,99999,99999,119.004997253418,-94.2429,24.742,37.9515096228728,51,51,51,51,51,51,0,8271,1.31420257448816,25,-94,0.0073,51,2026-07-17 10:56:58.001154,1.0543,1.13
"2904010",54,0,9,99999,9,99999,9,127.093434182105,1,161.699996948242,99999,99999,118.996803283691,-94.2429,24.742,37.9515096228728,51,51,51,51,51,51,0,8271,1.31420257448816,25,-94,0.0073,51,2026-07-17 10:56:58.001154,1.0543,1.13
"2904010",54,0,9,99999,9,99999,9,128.024865252043,1,171.779998779297,99999,99999,119.868896484375,-94.2429,24.742,37.9515096228728,51,51,51,51,51,51,0,8271,1.31420257448816,25,-94,0.0073,51,2026-07-17 10:56:58.001154,1.0543,1.13
"2904010",54,0,9,99999,9,99999,9,129.087250933028,1,181.789993286133,99999,99999,120.86360168457,-94.2429,24.742,37.9515096228728,51,51,51,51,51,51,0,8271,1.31420257448816,25,-94,0.0073,51,2026-07-17 10:56:58.001154,1.0543,1.13
"2904010",54,0,9,99999,9,99999,9,127.554932866149,1,191.399993896484,99999,99999,119.428901672363,-94.2429,24.742,37.9515096228728,51,51,51,51,51,51,0,8271,1.31420257448816,25,-94,0.0073,51,2026-07-17 10:56:58.001154,1.0543,1.13
"2904010",54,0,9,99999,9,99999,9,131.42049362653,1,201.5,99999,99999,123.048202514648,-94.2429,24.742,37.9515096228728,51,51,51,51,51,51,0,8271,1.31420257448816,25,-94,0.0073,51,2026-07-17 10:56:58.001154,1.0543,1.13
"2904010",54,0,9,99999,9,99999,9,131.333769096297,1,211.210006713867,99999,99999,122.967002868652,-94.2429,24.742,37.9515096228728,51,51,51,51,51,51,0,8271,1.31420257448816,25,-94,0.0073,51,2026-07-17 10:56:58.001154,1.0543,1.13
"2904010",54,0,9,99999,9,99999,9,131.276199914102,1,221.279998779297,99999,99999,122.913101196289,-94.2429,24.742,37.9515096228728,51,51,51,51,51,51,0,8271,1.31420257448816,25,-94,0.0073,51,2026-07-17 10:56:58.001154,1.0543,1.13
"2904010",54,0,9,99999,9,99999,9,130.48489052244,1,231.070007324219,99999,99999,122.172203063965,-94.2429,24.742,37.9515096228728,51,51,51,51,51,51,0,8271,1.31420257448816,25,-94,0.0073,51,2026-07-17 10:56:58.001154,1.0543,1.13
"2904010",54,0,9,99999,9,99999,9,128.304057451552,1,241.589996337891,99999,99999,120.130302429199,-94.2429,24.742,37.9515096228728,51,51,51,51,51,51,0,8271,1.31420257448816,25,-94,0.0073,51,2026-07-17 10:56:58.001154,1.0543,1.13
"2904010",54,0,9,99999,9,99999,9,126.282682459414,1,251.440002441406,99999,99999,118.237701416016,-94.2429,24.742,37.9515096228728,51,51,51,51,51,51,0,8271,1.31420257448816,25,-94,0.0073,51,2026-07-17 10:56:58.001154,1.0543,1.13
"2904010",54,0,9,99999,9,99999,9,123.268029250437,1,261.350006103516,99999,99999,115.415100097656,-94.2429,24.742,37.9515096228728,51,51,51,51,51,51,0,8271,1.31420257448816,25,-94,0.0073,51,2026-07-17 10:56:58.001154,1.0543,1.13
"2904010",54,0,9,99999,9,99999,9,121.740730662146,1,271.299987792969,99999,99999,113.98509979248,-94.2429,24.742,37.9515096228728,51,51,51,51,51,51,0,8271,1.31420257448816,25,-94,0.0073,51,2026-07-17 10:56:58.001154,1.0543,1.13
"2904010",54,0,9,99999,9,99999,9,120.689459540894,1,281.100006103516,99999,99999,113.000801086426,-94.2429,24.742,37.9515096228728,51,51,51,51,51,51,0,8271,1.31420257448816,25,-94,0.0073,51,2026-07-17 10:56:58.001154,1.0543,1.13
"2904010",54,0,9,99999,9,99999,9,119.08888960281,1,289.570007324219,99999,99999,111.502197265625,-94.2429,24.742,37.9515096228728,51,51,51,51,51,51,0,8271,1.31420257448816,25,-94,0.0073,51,2026-07-17 10:56:58.001154,1.0543,1.13
"2904010",54,0,9,99999,9,99999,9,116.432566866161,1,301.339996337891,99999,99999,109.015098571777,-94.2429,24.742,37.9515096228728,51,51,51,51,51,51,0,8271,1.31420257448816,25,-94,0.0073,51,2026-07-17 10:56:58.001154,1.0543,1.13
"2904010",54,0,9,99999,9,99999,9,115.229423923573,1,311.899993896484,99999,99999,107.888603210449,-94.2429,24.742,37.9515096228728,51,51,51,51,51,51,0,8271,1.31420257448816,25,-94,0.0073,51,2026-07-17 10:56:58.001154,1.0543,1.13
"2904010",54,0,9,99999,9,99999,9,113.867132545394,1,321.25,99999,99999,106.613098144531,-94.2429,24.742,37.9515096228728,51,51,51,51,51,51,0,8271,1.31420257448816,25,-94,0.0073,51,2026-07-17 10:56:58.001154,1.0543,1.13
"2904010",54,0,9,99999,9,99999,9,113.906970582443,1,331.399993896484,99999,99999,106.650398254395,-94.2429,24.742,37.9515096228728,51,51,51,51,51,51,0,8271,1.31420257448816,25,-94,0.0073,51,2026-07-17 10:56:58.001154,1.0543,1.13
"2904010",54,0,9,99999,9,99999,9,112.977666272102,1,341.010009765625,99999,99999,105.780296325684,-94.2429,24.742,37.9515096228728,51,51,51,51,51,51,0,8271,1.31420257448816,25,-94,0.0073,51,2026-07-17 10:56:58.001154,1.0543,1.13
"2904010",54,0,9,99999,9,99999,9,112.672211443546,1,351.029998779297,99999,99999,105.494300842285,-94.2429,24.742,37.9515096228728,51,51,51,51,51,51,0,8271,1.31420257448816,25,-94,0.0073,51,2026-07-17 10:56:58.001154,1.0543,1.13
"2904010",54,0,9,99999,9,99999,9,112.040677922297,1,361.309997558594,99999,99999,104.90299987793,-94.2429,24.742,37.9515096228728,51,51,51,51,51,51,0,8271,1.31420257448816,25,-94,0.0073,51,2026-07-17 10:56:58.001154,1.0543,1.13
"2904010",54,0,9,99999,9,99999,9,112.69998154587,1,381.820007324219,99999,99999,105.520301818848,-94.2429,24.742,37.9515096228728,51,51,51,51,51,51,0,8271,1.31420257448816,25,-94,0.0073,51,2026-07-17 10:56:58.001154,1.0543,1.13
"2904010",54,0,9,99999,9,99999,9,112.044629946836,1,401.480010986328,99999,99999,104.906700134277,-94.2429,24.742,37.9515096228728,51,51,51,51,51,51,0,8271,1.31420257448816,25,-94,0.0073,51,2026-07-17 10:56:58.001154,1.0543,1.13
"2904010",54,0,9,99999,9,99999,9,110.593373199768,1,451.5,99999,99999,103.547897338867,-94.2429,24.742,37.9515096228728,51,51,51,51,51,51,0,8271,1.31420257448816,25,-94,0.0073,51,2026-07-17 10:56:58.001154,1.0543,1.13
"2904010",54,0,9,99999,9,99999,9,111.103151771215,1,501.640014648438,99999,99999,104.025199890137,-94.2429,24.742,37.9515096228728,51,51,51,51,51,51,0,8271,1.31420257448816,25,-94,0.0073,51,2026-07-17 10:56:58.001154,1.0543,1.13
"2904010",54,0,9,99999,9,99999,9,115.791638119566,1,551.530029296875,99999,99999,108.415000915527,-94.2429,24.742,37.9515096228728,51,51,51,51,51,51,0,8271,1.31420257448816,25,-94,0.0073,51,2026-07-17 10:56:58.001154,1.0543,1.13
"2904010",54,0,9,99999,9,99999,9,116.301302611955,1,601.559997558594,99999,99999,108.892196655273,-94.2429,24.742,37.9515096228728,51,51,51,51,51,51,0,8271,1.31420257448816,25,-94,0.0073,51,2026-07-17 10:56:58.001154,1.0543,1.13
"2904010",54,0,9,99999,9,99999,9,122.168266380672,1,651.080017089844,99999,99999,114.385398864746,-94.2429,24.742,37.9515096228728,51,51,51,51,51,51,0,8271,1.31420257448816,25,-94,0.0073,51,2026-07-17 10:56:58.001154,1.0543,1.13
"2904010",54,0,9,99999,9,99999,9,128.838933415945,1,701.140014648438,99999,99999,120.631103515625,-94.2429,24.742,37.9515096228728,51,51,51,51,51,51,0,8271,1.31420257448816,25,-94,0.0073,51,2026-07-17 10:56:58.001154,1.0543,1.13
"2904010",54,0,9,99999,9,99999,9,134.905617022679,1,751,99999,99999,126.311302185059,-94.2429,24.742,37.9515096228728,51,51,51,51,51,51,0,8271,1.31420257448816,25,-94,0.0073,51,2026-07-17 10:56:58.001154,1.0543,1.13
"2904010",54,0,9,99999,9,99999,9,142.49916734698,1,801.340026855469,99999,99999,133.421096801758,-94.2429,24.742,37.9515096228728,51,51,51,51,51,51,0,8271,1.31420257448816,25,-94,0.0073,51,2026-07-17 10:56:58.001154,1.0543,1.13
"2904010",54,0,9,99999,9,99999,9,149.570031869177,1,851.570007324219,99999,99999,140.04150390625,-94.2429,24.742,37.9515096228728,51,51,51,51,51,51,0,8271,1.31420257448816,25,-94,0.0073,51,2026-07-17 10:56:58.001154,1.0543,1.13
"2904010",54,0,9,99999,9,99999,9,156.229152473994,1,901.25,99999,99999,146.276397705078,-94.2429,24.742,37.9515096228728,51,51,51,51,51,51,0,8271,1.31420257448816,25,-94,0.0073,51,2026-07-17 10:56:58.001154,1.0543,1.13
"2904010",54,0,9,99999,9,99999,9,162.694648321938,1,951.359985351562,99999,99999,152.330001831055,-94.2429,24.742,37.9515096228728,51,51,51,51,51,51,0,8271,1.31420257448816,25,-94,0.0073,51,2026-07-17 10:56:58.001154,1.0543,1.13
"2904010",54,0,9,99999,9,99999,9,169.593123089216,1,999.210021972656,99999,99999,158.789001464844,-94.2429,24.742,37.9515096228728,51,51,51,51,51,51,0,8271,1.31420257448816,25,-94,0.0073,51,2026-07-17 10:56:58.001154,1.0543,1.13
"2904010",54,0,9,99999,9,99999,9,182.083215519685,1,1099.92004394531,99999,99999,170.4833984375,-94.2429,24.742,37.9515096228728,51,51,51,51,51,51,0,8271,1.31420257448816,25,-94,0.0073,51,2026-07-17 10:56:58.001154,1.0543,1.13
"2904010",54,0,9,99999,9,99999,9,192.901821579991,1,1199.43994140625,99999,99999,180.61279296875,-94.2429,24.742,37.9515096228728,51,51,51,51,51,51,0,8271,1.31420257448816,25,-94,0.0073,51,2026-07-17 10:56:58.001154,1.0543,1.13
"2904010",54,0,9,99999,9,99999,9,198.978340431299,1,1300.16003417969,99999,99999,186.302200317383,-94.2429,24.742,37.9515096228728,51,51,51,51,51,51,0,8271,1.31420257448816,25,-94,0.0073,51,2026-07-17 10:56:58.001154,1.0543,1.13
"2904010",54,0,9,99999,9,99999,9,203.714560717271,1,1399.56994628906,99999,99999,190.736694335938,-94.2429,24.742,37.9515096228728,51,51,51,51,51,51,0,8271,1.31420257448816,25,-94,0.0073,51,2026-07-17 10:56:58.001154,1.0543,1.13
"2904010",54,0,9,99999,9,99999,9,206.813387974666,1,1499.33996582031,99999,99999,193.638107299805,-94.2429,24.742,37.9515096228728,51,51,51,51,51,51,0,8271,1.31420257448816,25,-94,0.0073,51,2026-07-17 10:56:58.001154,1.0543,1.13
"2904010",54,0,9,99999,9,99999,9,208.000510957992,1,1601.43005371094,99999,99999,194.749603271484,-94.2429,24.742,37.9515096228728,51,51,51,51,51,51,0,8271,1.31420257448816,25,-94,0.0073,51,2026-07-17 10:56:58.001154,1.0543,1.13
"2904010",55,0.00515085367300097,5,0.0073,1,0.0073,1,193.460148040399,1,7.90000009536743,0.00730000017210841,0.061810240149498,181.078704833984,-94.3471,23.9981,29.8069790367343,51,51,51,51,51,51,0.0073,8512,1.4172408038427,24,-94,0.0073,51,2026-07-27 17:39:15.001881,1.0543,1.13
"2904010",55,0.0103017073460019,5,0.0146,1,0.0146,1,193.520612620178,1,11.5100002288818,0.0146000003442168,0.061810240149498,181.135299682617,-94.3471,23.9981,29.8069790367343,51,51,51,51,51,51,0.0146,8512,1.4172408038427,24,-94,0.0073,51,2026-07-27 17:39:15.001881,1.0543,1.13
"2904010",55,0.0206034146920039,5,0.0292,1,0.0292,1,193.465478835111,1,16.9400005340576,0.0292000006884336,0.061810240149498,181.083694458008,-94.3471,23.9981,29.8069790367343,51,51,51,51,51,51,0.0292,8512,1.4172408038427,24,-94,0.0073,51,2026-07-27 17:39:15.001881,1.0543,1.13
"2904010",55,0.0154525610190029,5,0.0219,1,0.0219,1,193.447856238524,1,21.75,0.0219000000506639,0.061810240149498,181.067199707031,-94.3471,23.9981,29.8069790367343,51,51,51,51,51,51,0.0219,8512,1.4172408038427,24,-94,0.0073,51,2026-07-27 17:39:15.001881,1.0543,1.13
"2904010",55,0.0206034146920039,5,0.0292,1,0.0292,1,193.811100176688,1,26.8099994659424,0.0292000006884336,0.061810240149498,181.407196044922,-94.3471,23.9981,29.8069790367343,51,51,51,51,51,51,0.0292,8512,1.4172408038427,24,-94,0.0073,51,2026-07-27 17:39:15.001881,1.0543,1.13
"2904010",55,0.0309051220380058,1,0.0438,1,0.0438,1,194.754797559886,1,31.7399997711182,0.0438000001013279,0.061810240149498,182.290496826172,-94.3471,23.9981,29.8069790367343,51,51,51,51,51,51,0.0438,8512,1.4172408038427,24,-94,0.0073,51,2026-07-27 17:39:15.001881,1.0543,1.13
"2904010",55,0.0360559757110068,1,0.0511,1,0.0511,1,196.281719749285,1,36.8899993896484,0.0511000007390976,0.061810240149498,183.719696044922,-94.3471,23.9981,29.8069790367343,51,51,51,51,51,51,0.0511,8512,1.4172408038427,24,-94,0.0073,51,2026-07-27 17:39:15.001881,1.0543,1.13
"2904010",55,0.0515085367300097,1,0.073,1,0.073,1,207.701602495129,1,41.9599990844727,0.0729999989271164,0.061810240149498,194.408706665039,-94.3471,23.9981,29.8069790367343,51,51,51,51,51,51,0.073,8512,1.4172408038427,24,-94,0.0073,51,2026-07-27 17:39:15.001881,1.0543,1.13
"2904010",55,0.0566593904030107,1,0.0803,1,0.0803,1,218.442192015079,1,46.6399993896484,0.0803000032901764,0.061810240149498,204.461898803711,-94.3471,23.9981,29.8069790367343,51,51,51,51,51,51,0.0803,8512,1.4172408038427,24,-94,0.0073,51,2026-07-27 17:39:15.001881,1.0543,1.13
"2904010",55,99999,9,99999,9,99999,9,218.656825786278,1,51.6800003051758,99999,99999,204.662796020508,-94.3471,23.9981,29.8069790367343,51,51,51,51,51,51,99999,8512,1.4172408038427,24,-94,0.0073,51,2026-07-27 17:39:15.001881,1.0543,1.13
"2904010",55,99999,9,99999,9,99999,9,217.474139257873,1,56.2299995422363,99999,99999,203.555801391602,-94.3471,23.9981,29.8069790367343,51,51,51,51,51,51,99999,8512,1.4172408038427,24,-94,0.0073,51,2026-07-27 17:39:15.001881,1.0543,1.13
"2904010",55,0.0824136587680155,1,0.1168,1,0.1168,1,219.615798260136,1,61.8899993896484,0.116800002753735,0.087564505636692,205.560394287109,-94.3471,23.9981,29.8069790367343,51,51,51,51,51,51,0.1168,8512,1.4172408038427,24,-94,0.0073,51,2026-07-27 17:39:15.001881,1.0543,1.13
"2904010",55,0.103017073460019,1,0.146,1,0.146,1,217.969430404507,1,66.8899993896484,0.145999997854233,0.108167923986912,204.019393920898,-94.3471,23.9981,29.8069790367343,51,51,51,51,51,51,0.146,8512,1.4172408038427,24,-94,0.0073,51,2026-07-27 17:39:15.001881,1.0543,1.13
"2904010",55,99999,9,99999,9,99999,9,214.946250321899,1,71.7200012207031,99999,99999,201.189697265625,-94.3471,23.9981,29.8069790367343,51,51,51,51,51,51,99999,8512,1.4172408038427,24,-94,0.0073,51,2026-07-27 17:39:15.001881,1.0543,1.13
"2904010",55,99999,9,99999,9,99999,9,212.618372151445,1,76.8899993896484,99999,99999,199.010803222656,-94.3471,23.9981,29.8069790367343,51,51,51,51,51,51,99999,8512,1.4172408038427,24,-94,0.0073,51,2026-07-27 17:39:15.001881,1.0543,1.13
"2904010",55,99999,9,99999,9,99999,9,212.127335859306,1,81.7900009155273,99999,99999,198.551193237305,-94.3471,23.9981,29.8069790367343,51,51,51,51,51,51,99999,8512,1.4172408038427,24,-94,0.0073,51,2026-07-27 17:39:15.001881,1.0543,1.13
"2904010",55,99999,9,99999,9,99999,9,209.313344638314,1,86.5299987792969,99999,99999,195.917297363281,-94.3471,23.9981,29.8069790367343,51,51,51,51,51,51,99999,8512,1.4172408038427,24,-94,0.0073,51,2026-07-27 17:39:15.001881,1.0543,1.13
"2904010",55,99999,9,99999,9,99999,9,204.491551159348,1,91.8000030517578,99999,99999,191.404098510742,-94.3471,23.9981,29.8069790367343,51,51,51,51,51,51,99999,8512,1.4172408038427,24,-94,0.0073,51,2026-07-27 17:39:15.001881,1.0543,1.13
"2904010",55,99999,9,99999,9,99999,9,199.974346574587,1,96.6699981689453,99999,99999,187.175994873047,-94.3471,23.9981,29.8069790367343,51,51,51,51,51,51,99999,8512,1.4172408038427,24,-94,0.0073,51,2026-07-27 17:39:15.001881,1.0543,1.13
"2904010",55,99999,9,99999,9,99999,9,194.55907425311,1,101.650001525879,99999,99999,182.107299804688,-94.3471,23.9981,29.8069790367343,51,51,51,51,51,51,99999,8512,1.4172408038427,24,-94,0.0073,51,2026-07-27 17:39:15.001881,1.0543,1.13
"2904010",55,99999,9,99999,9,99999,9,183.272852626062,1,111.919998168945,99999,99999,171.543395996094,-94.3471,23.9981,29.8069790367343,51,51,51,51,51,51,99999,8512,1.4172408038427,24,-94,0.0073,51,2026-07-27 17:39:15.001881,1.0543,1.13
"2904010",55,99999,9,99999,9,99999,9,167.531619019231,1,121.26000213623,99999,99999,156.809600830078,-94.3471,23.9981,29.8069790367343,51,51,51,51,51,51,99999,8512,1.4172408038427,24,-94,0.0073,51,2026-07-27 17:39:15.001881,1.0543,1.13
"2904010",55,99999,9,99999,9,99999,9,148.249254230098,1,131.809997558594,99999,99999,138.761306762695,-94.3471,23.9981,29.8069790367343,51,51,51,51,51,51,99999,8512,1.4172408038427,24,-94,0.0073,51,2026-07-27 17:39:15.001881,1.0543,1.13
"2904010",55,99999,9,99999,9,99999,9,133.249033692526,1,141.419998168945,99999,99999,124.721099853516,-94.3471,23.9981,29.8069790367343,51,51,51,51,51,51,99999,8512,1.4172408038427,24,-94,0.0073,51,2026-07-27 17:39:15.001881,1.0543,1.13
"2904010",55,99999,9,99999,9,99999,9,128.37285632622,1,151.919998168945,99999,99999,120.156997680664,-94.3471,23.9981,29.8069790367343,51,51,51,51,51,51,99999,8512,1.4172408038427,24,-94,0.0073,51,2026-07-27 17:39:15.001881,1.0543,1.13
"2904010",55,99999,9,99999,9,99999,9,128.47050605199,1,161.539993286133,99999,99999,120.248397827148,-94.3471,23.9981,29.8069790367343,51,51,51,51,51,51,99999,8512,1.4172408038427,24,-94,0.0073,51,2026-07-27 17:39:15.001881,1.0543,1.13
"2904010",55,99999,9,99999,9,99999,9,126.481402330822,1,171.740005493164,99999,99999,118.386596679688,-94.3471,23.9981,29.8069790367343,51,51,51,51,51,51,99999,8512,1.4172408038427,24,-94,0.0073,51,2026-07-27 17:39:15.001881,1.0543,1.13
"2904010",55,99999,9,99999,9,99999,9,124.978517624002,1,181.869995117188,99999,99999,116.97989654541,-94.3471,23.9981,29.8069790367343,51,51,51,51,51,51,99999,8512,1.4172408038427,24,-94,0.0073,51,2026-07-27 17:39:15.001881,1.0543,1.13
"2904010",55,99999,9,99999,9,99999,9,126.679693222208,1,191.240005493164,99999,99999,118.572196960449,-94.3471,23.9981,29.8069790367343,51,51,51,51,51,51,99999,8512,1.4172408038427,24,-94,0.0073,51,2026-07-27 17:39:15.001881,1.0543,1.13
"2904010",55,99999,9,99999,9,99999,9,126.557582158622,1,201.660003662109,99999,99999,118.457901000977,-94.3471,23.9981,29.8069790367343,51,51,51,51,51,51,99999,8512,1.4172408038427,24,-94,0.0073,51,2026-07-27 17:39:15.001881,1.0543,1.13
"2904010",55,99999,9,99999,9,99999,9,125.224141733881,1,211.399993896484,99999,99999,117.209800720215,-94.3471,23.9981,29.8069790367343,51,51,51,51,51,51,99999,8512,1.4172408038427,24,-94,0.0073,51,2026-07-27 17:39:15.001881,1.0543,1.13
"2904010",55,99999,9,99999,9,99999,9,124.530233653371,1,220.990005493164,99999,99999,116.560302734375,-94.3471,23.9981,29.8069790367343,51,51,51,51,51,51,99999,8512,1.4172408038427,24,-94,0.0073,51,2026-07-27 17:39:15.001881,1.0543,1.13
"2904010",55,99999,9,99999,9,99999,9,124.985144437612,1,231.020004272461,99999,99999,116.986099243164,-94.3471,23.9981,29.8069790367343,51,51,51,51,51,51,99999,8512,1.4172408038427,24,-94,0.0073,51,2026-07-27 17:39:15.001881,1.0543,1.13
"2904010",55,99999,9,99999,9,99999,9,124.223818921223,1,241.229995727539,99999,99999,116.273498535156,-94.3471,23.9981,29.8069790367343,51,51,51,51,51,51,99999,8512,1.4172408038427,24,-94,0.0073,51,2026-07-27 17:39:15.001881,1.0543,1.13
"2904010",55,99999,9,99999,9,99999,9,123.657042958646,1,250.789993286133,99999,99999,115.74299621582,-94.3471,23.9981,29.8069790367343,51,51,51,51,51,51,99999,8512,1.4172408038427,24,-94,0.0073,51,2026-07-27 17:39:15.001881,1.0543,1.13
"2904010",55,99999,9,99999,9,99999,9,121.763885391237,1,261.660003662109,99999,99999,113.971000671387,-94.3471,23.9981,29.8069790367343,51,51,51,51,51,51,99999,8512,1.4172408038427,24,-94,0.0073,51,2026-07-27 17:39:15.001881,1.0543,1.13
"2904010",55,0,9,99999,9,99999,9,121.73706839643,1,271.880004882812,99999,99999,113.945899963379,-94.3471,23.9981,29.8069790367343,51,51,51,51,51,51,0,8512,1.4172408038427,24,-94,0.0073,51,2026-07-27 17:39:15.001881,1.0543,1.13
"2904010",55,0,9,99999,9,99999,9,120.049032310574,1,281.109985351562,99999,99999,112.365898132324,-94.3471,23.9981,29.8069790367343,51,51,51,51,51,51,0,8512,1.4172408038427,24,-94,0.0073,51,2026-07-27 17:39:15.001881,1.0543,1.13
"2904010",55,0,1,-0.0073,1,-0.0073,1,119.073928884521,1,291.019989013672,-0.00730000017210841,0,111.453201293945,-94.3471,23.9981,29.8069790367343,51,51,51,51,51,51,0,8512,1.4172408038427,24,-94,0.0073,51,2026-07-27 17:39:15.001881,1.0543,1.13
"2904010",55,0,1,-0.0073,1,-0.0073,1,118.798178448562,1,300.299987792969,-0.00730000017210841,0,111.195098876953,-94.3471,23.9981,29.8069790367343,51,51,51,51,51,51,0,8512,1.4172408038427,24,-94,0.0073,51,2026-07-27 17:39:15.001881,1.0543,1.13
"2904010",55,0,9,99999,9,99999,9,119.802984345458,1,311.25,99999,99999,112.135597229004,-94.3471,23.9981,29.8069790367343,51,51,51,51,51,51,0,8512,1.4172408038427,24,-94,0.0073,51,2026-07-27 17:39:15.001881,1.0543,1.13
"2904010",55,0,1,-0.0073,1,-0.0073,1,119.095186854872,1,321.089996337891,-0.00730000017210841,0,111.473098754883,-94.3471,23.9981,29.8069790367343,51,51,51,51,51,51,0,8512,1.4172408038427,24,-94,0.0073,51,2026-07-27 17:39:15.001881,1.0543,1.13
"2904010",55,0,9,99999,9,99999,9,116.811104341894,1,331.739990234375,99999,99999,109.33519744873,-94.3471,23.9981,29.8069790367343,51,51,51,51,51,51,0,8512,1.4172408038427,24,-94,0.0073,51,2026-07-27 17:39:15.001881,1.0543,1.13
"2904010",55,0,9,99999,9,99999,9,115.758541371268,1,341.779998779297,99999,99999,108.349998474121,-94.3471,23.9981,29.8069790367343,51,51,51,51,51,51,0,8512,1.4172408038427,24,-94,0.0073,51,2026-07-27 17:39:15.001881,1.0543,1.13
"2904010",55,0,9,99999,9,99999,9,115.132580545685,1,351.179992675781,99999,99999,107.764099121094,-94.3471,23.9981,29.8069790367343,51,51,51,51,51,51,0,8512,1.4172408038427,24,-94,0.0073,51,2026-07-27 17:39:15.001881,1.0543,1.13
"2904010",55,0,9,99999,9,99999,9,114.354912149482,1,361.910003662109,99999,99999,107.036201477051,-94.3471,23.9981,29.8069790367343,51,51,51,51,51,51,0,8512,1.4172408038427,24,-94,0.0073,51,2026-07-27 17:39:15.001881,1.0543,1.13
"2904010",55,0,9,99999,9,99999,9,112.877450605823,1,381.029998779297,99999,99999,105.653297424316,-94.3471,23.9981,29.8069790367343,51,51,51,51,51,51,0,8512,1.4172408038427,24,-94,0.0073,51,2026-07-27 17:39:15.001881,1.0543,1.13
"2904010",55,0,9,99999,9,99999,9,111.076489703538,1,400.890014648438,99999,99999,103.967597961426,-94.3471,23.9981,29.8069790367343,51,51,51,51,51,51,0,8512,1.4172408038427,24,-94,0.0073,51,2026-07-27 17:39:15.001881,1.0543,1.13
"2904010",55,0,9,99999,9,99999,9,112.653630587467,1,450.910003662109,99999,99999,105.443801879883,-94.3471,23.9981,29.8069790367343,51,51,51,51,51,51,0,8512,1.4172408038427,24,-94,0.0073,51,2026-07-27 17:39:15.001881,1.0543,1.13
"2904010",55,0,9,99999,9,99999,9,111.428737858725,1,501.049987792969,99999,99999,104.297302246094,-94.3471,23.9981,29.8069790367343,51,51,51,51,51,51,0,8512,1.4172408038427,24,-94,0.0073,51,2026-07-27 17:39:15.001881,1.0543,1.13
"2904010",55,0,9,99999,9,99999,9,112.542727234477,1,551.820007324219,99999,99999,105.339996337891,-94.3471,23.9981,29.8069790367343,51,51,51,51,51,51,0,8512,1.4172408038427,24,-94,0.0073,51,2026-07-27 17:39:15.001881,1.0543,1.13
"2904010",55,0,9,99999,9,99999,9,116.67969291628,1,601.510009765625,99999,99999,109.212196350098,-94.3471,23.9981,29.8069790367343,51,51,51,51,51,51,0,8512,1.4172408038427,24,-94,0.0073,51,2026-07-27 17:39:15.001881,1.0543,1.13
"2904010",55,0,9,99999,9,99999,9,121.474139581392,1,651.599975585938,99999,99999,113.699798583984,-94.3471,23.9981,29.8069790367343,51,51,51,51,51,51,0,8512,1.4172408038427,24,-94,0.0073,51,2026-07-27 17:39:15.001881,1.0543,1.13
"2904010",55,0,9,99999,9,99999,9,126.448928498813,1,701.169982910156,99999,99999,118.356201171875,-94.3471,23.9981,29.8069790367343,51,51,51,51,51,51,0,8512,1.4172408038427,24,-94,0.0073,51,2026-07-27 17:39:15.001881,1.0543,1.13
"2904010",55,0,9,99999,9,99999,9,132.128629430783,1,751.059997558594,99999,99999,123.672401428223,-94.3471,23.9981,29.8069790367343,51,51,51,51,51,51,0,8512,1.4172408038427,24,-94,0.0073,51,2026-07-27 17:39:15.001881,1.0543,1.13
"2904010",55,0,9,99999,9,99999,9,139.89935496631,1,801.650024414062,99999,99999,130.94580078125,-94.3471,23.9981,29.8069790367343,51,51,51,51,51,51,0,8512,1.4172408038427,24,-94,0.0073,51,2026-07-27 17:39:15.001881,1.0543,1.13
"2904010",55,0,9,99999,9,99999,9,147.478848430361,1,851.260009765625,99999,99999,138.04020690918,-94.3471,23.9981,29.8069790367343,51,51,51,51,51,51,0,8512,1.4172408038427,24,-94,0.0073,51,2026-07-27 17:39:15.001881,1.0543,1.13
"2904010",55,0,9,99999,9,99999,9,153.759828771417,1,901.059997558594,99999,99999,143.919204711914,-94.3471,23.9981,29.8069790367343,51,51,51,51,51,51,0,8512,1.4172408038427,24,-94,0.0073,51,2026-07-27 17:39:15.001881,1.0543,1.13
"2904010",55,0,9,99999,9,99999,9,160.305115457031,1,951.109985351562,99999,99999,150.045593261719,-94.3471,23.9981,29.8069790367343,51,51,51,51,51,51,0,8512,1.4172408038427,24,-94,0.0073,51,2026-07-27 17:39:15.001881,1.0543,1.13
"2904010",55,0,9,99999,9,99999,9,165.536956273607,1,999.169982910156,99999,99999,154.942596435547,-94.3471,23.9981,29.8069790367343,51,51,51,51,51,51,0,8512,1.4172408038427,24,-94,0.0073,51,2026-07-27 17:39:15.001881,1.0543,1.13
"2904010",55,0,9,99999,9,99999,9,179.315593413712,1,1100,99999,99999,167.839401245117,-94.3471,23.9981,29.8069790367343,51,51,51,51,51,51,0,8512,1.4172408038427,24,-94,0.0073,51,2026-07-27 17:39:15.001881,1.0543,1.13
"2904010",55,0,9,99999,9,99999,9,191.500094705094,1,1199.25,99999,99999,179.244094848633,-94.3471,23.9981,29.8069790367343,51,51,51,51,51,51,0,8512,1.4172408038427,24,-94,0.0073,51,2026-07-27 17:39:15.001881,1.0543,1.13
"2904010",55,0,9,99999,9,99999,9,198.648820831292,1,1299.34997558594,99999,99999,185.935302734375,-94.3471,23.9981,29.8069790367343,51,51,51,51,51,51,0,8512,1.4172408038427,24,-94,0.0073,51,2026-07-27 17:39:15.001881,1.0543,1.13
"2904010",55,0,9,99999,9,99999,9,202.863669912906,1,1399.97998046875,99999,99999,189.880401611328,-94.3471,23.9981,29.8069790367343,51,51,51,51,51,51,0,8512,1.4172408038427,24,-94,0.0073,51,2026-07-27 17:39:15.001881,1.0543,1.13
"2904010",55,0,9,99999,9,99999,9,206.162388503855,1,1499.39001464844,99999,99999,192.968002319336,-94.3471,23.9981,29.8069790367343,51,51,51,51,51,51,0,8512,1.4172408038427,24,-94,0.0073,51,2026-07-27 17:39:15.001881,1.0543,1.13
"2904010",55,0,9,99999,9,99999,9,207.524675537903,1,1601.44995117188,99999,99999,194.243103027344,-94.3471,23.9981,29.8069790367343,51,51,51,51,51,51,0,8512,1.4172408038427,24,-94,0.0073,51,2026-07-27 17:39:15.001881,1.0543,1.13
"2904010",56,99999,9,99999,9,99999,9,190.506819575571,1,7.46999979019165,99999,99999,178.258499145508,-94.2817,23.4434,31.7653480156588,51,51,51,51,51,51,99999,8755,1.47451722328267,23,-94,0.0073,51,2026-08-07 00:07:35.00001,1.0543,1.13
"2904010",56,99999,9,99999,9,99999,9,190.896040679104,1,11.539999961853,99999,99999,178.622695922852,-94.2817,23.4434,31.7653480156588,51,51,51,51,51,51,99999,8755,1.47451722328267,23,-94,0.0073,51,2026-08-07 00:07:35.00001,1.0543,1.13
"2904010",56,99999,9,99999,9,99999,9,190.979305424983,1,16.8799991607666,99999,99999,178.700607299805,-94.2817,23.4434,31.7653480156588,51,51,51,51,51,51,99999,8755,1.47451722328267,23,-94,0.0073,51,2026-08-07 00:07:35.00001,1.0543,1.13
"2904010",56,99999,9,99999,9,99999,9,191.093977906969,1,21.3799991607666,99999,99999,178.807907104492,-94.2817,23.4434,31.7653480156588,51,51,51,51,51,51,99999,8755,1.47451722328267,23,-94,0.0073,51,2026-08-07 00:07:35.00001,1.0543,1.13
"2904010",56,99999,9,99999,9,99999,9,191.455411480736,1,26.6900005340576,99999,99999,179.146102905273,-94.2817,23.4434,31.7653480156588,51,51,51,51,51,51,99999,8755,1.47451722328267,23,-94,0.0073,51,2026-08-07 00:07:35.00001,1.0543,1.13
"2904010",56,99999,9,99999,9,99999,9,194.174855040664,1,31.9699993133545,99999,99999,181.690704345703,-94.2817,23.4434,31.7653480156588,51,51,51,51,51,51,99999,8755,1.47451722328267,23,-94,0.0073,51,2026-08-07 00:07:35.00001,1.0543,1.13
"2904010",56,99999,9,99999,9,99999,9,201.85215487949,1,36.7400016784668,99999,99999,188.874404907227,-94.2817,23.4434,31.7653480156588,51,51,51,51,51,51,99999,8755,1.47451722328267,23,-94,0.0073,51,2026-08-07 00:07:35.00001,1.0543,1.13
"2904010",56,99999,9,99999,9,99999,9,220.419296312502,1,42,99999,99999,206.247802734375,-94.2817,23.4434,31.7653480156588,51,51,51,51,51,51,99999,8755,1.47451722328267,23,-94,0.0073,51,2026-08-07 00:07:35.00001,1.0543,1.13
"2904010",56,0.0297046377678041,1,0.0438,1,0.0438,1,223.475158146516,1,46.7900009155273,0.0438000001013279,0.227735564112663,209.107192993164,-94.2817,23.4434,31.7653480156588,51,51,51,51,51,51,0.0438,8755,1.47451722328267,23,-94,0.0073,51,2026-08-07 00:07:35.00001,1.0543,1.13
"2904010",56,0.0198030918452027,1,0.0292,1,0.0292,1,224.268146407894,1,51.75,0.0292000006884336,0.227735564112663,209.849197387695,-94.2817,23.4434,31.7653480156588,51,51,51,51,51,51,0.0292,8755,1.47451722328267,23,-94,0.0073,51,2026-08-07 00:07:35.00001,1.0543,1.13
"2904010",56,0.0247538648065034,1,0.0365,1,0.0365,1,222.884917747557,1,56.8199996948242,0.0364999994635582,0.227735564112663,208.554901123047,-94.2817,23.4434,31.7653480156588,51,51,51,51,51,51,0.0365,8755,1.47451722328267,23,-94,0.0073,51,2026-08-07 00:07:35.00001,1.0543,1.13
"2904010",56,0.0396061836904055,1,0.0584,1,0.0584,1,221.152110873862,1,61.8400001525879,0.0584000013768673,0.227735564112663,206.933502197266,-94.2817,23.4434,31.7653480156588,51,51,51,51,51,51,0.0584,8755,1.47451722328267,23,-94,0.0073,51,2026-08-07 00:07:35.00001,1.0543,1.13
"2904010",56,0.0445569566517061,1,0.0657,1,0.0657,1,219.514195805156,1,66.870002746582,0.065700002014637,0.227735564112663,205.400894165039,-94.2817,23.4434,31.7653480156588,51,51,51,51,51,51,0.0657,8755,1.47451722328267,23,-94,0.0073,51,2026-08-07 00:07:35.00001,1.0543,1.13
"2904010",56,0.0495077296130068,1,0.073,1,0.073,1,217.64920247825,1,71.8199996948242,0.0729999989271164,0.227735564112663,203.655807495117,-94.2817,23.4434,31.7653480156588,51,51,51,51,51,51,0.073,8755,1.47451722328267,23,-94,0.0073,51,2026-08-07 00:07:35.00001,1.0543,1.13
"2904010",56,0.0495077296130068,1,0.073,1,0.073,1,215.431728250019,1,76.8199996948242,0.0729999989271164,0.227735564112663,201.580902099609,-94.2817,23.4434,31.7653480156588,51,51,51,51,51,51,0.073,8755,1.47451722328267,23,-94,0.0073,51,2026-08-07 00:07:35.00001,1.0543,1.13
"2904010",56,0.0643600484969089,1,0.0949,1,0.0949,1,211.946235982217,1,81.7799987792969,0.0948999971151352,0.227735564112663,198.31950378418,-94.2817,23.4434,31.7653480156588,51,51,51,51,51,51,0.0949,8755,1.47451722328267,23,-94,0.0073,51,2026-08-07 00:07:35.00001,1.0543,1.13
"2904010",56,0.0792123673808109,1,0.1168,1,0.1168,1,208.83713102339,1,86.7399978637695,0.116800002753735,0.227735564112663,195.410293579102,-94.2817,23.4434,31.7653480156588,51,51,51,51,51,51,0.1168,8755,1.47451722328267,23,-94,0.0073,51,2026-08-07 00:07:35.00001,1.0543,1.13
"2904010",56,0.094064686264713,1,0.1387,1,0.1387,1,206.302481059291,1,91.7200012207031,0.138699993491173,0.227735564112663,193.038604736328,-94.2817,23.4434,31.7653480156588,51,51,51,51,51,51,0.1387,8755,1.47451722328267,23,-94,0.0073,51,2026-08-07 00:07:35.00001,1.0543,1.13
"2904010",56,0.103966232187314,1,0.1533,1,0.1533,1,203.742913638923,1,96.5599975585938,0.153300002217293,0.227735564112663,190.643600463867,-94.2817,23.4434,31.7653480156588,51,51,51,51,51,51,0.1533,8755,1.47451722328267,23,-94,0.0073,51,2026-08-07 00:07:35.00001,1.0543,1.13
"2904010",56,0.108917005148615,1,0.1606,1,0.1606,1,201.098809508286,1,101.790000915527,0.160600006580353,0.227735564112663,188.169494628906,-94.2817,23.4434,31.7653480156588,51,51,51,51,51,51,0.1606,8755,1.47451722328267,23,-94,0.0073,51,2026-08-07 00:07:35.00001,1.0543,1.13
"2904010",56,0.252489421026335,1,0.3723,1,0.3723,1,195.917283183468,1,111.48999786377,0.372299998998642,0.227735564112663,183.321105957031,-94.2817,23.4434,31.7653480156588,51,51,51,51,51,51,0.3723,8755,1.47451722328267,23,-94,0.0073,51,2026-08-07 00:07:35.00001,1.0543,1.13
"2904010",56,0.282194058794139,1,0.4161,1,0.4161,1,191.802315307427,1,121.51000213623,0.41609999537468,0.227735564112663,179.470703125,-94.2817,23.4434,31.7653480156588,51,51,51,51,51,51,0.4161,8755,1.47451722328267,23,-94,0.0073,51,2026-08-07 00:07:35.00001,1.0543,1.13
"2904010",56,0.222784783258531,1,0.3285,1,0.3285,1,189.478289600626,1,131.740005493164,0.328500002622604,0.227735564112663,177.296096801758,-94.2817,23.4434,31.7653480156588,51,51,51,51,51,51,0.3285,8755,1.47451722328267,23,-94,0.0073,51,2026-08-07 00:07:35.00001,1.0543,1.13
"2904010",56,0.173277053645524,1,0.2555,1,0.2555,1,185.498525016415,1,141.479995727539,0.255499988794327,0.178227826952934,173.572204589844,-94.2817,23.4434,31.7653480156588,51,51,51,51,51,51,0.2555,8755,1.47451722328267,23,-94,0.0073,51,2026-08-07 00:07:35.00001,1.0543,1.13
"2904010",56,0.0445569566517061,1,0.0657,1,0.0657,1,176.65727991675,1,151.759994506836,0.065700002014637,0.0495077297091484,165.299392700195,-94.2817,23.4434,31.7653480156588,51,51,51,51,51,51,0.0657,8755,1.47451722328267,23,-94,0.0073,51,2026-08-07 00:07:35.00001,1.0543,1.13
"2904010",56,0.0198030918452027,1,0.0292,1,0.0292,1,168.092964295054,1,161.979995727539,0.0292000006884336,0.0247538648545742,157.285705566406,-94.2817,23.4434,31.7653480156588,51,51,51,51,51,51,0.0292,8755,1.47451722328267,23,-94,0.0073,51,2026-08-07 00:07:35.00001,1.0543,1.13
"2904010",56,99999,9,99999,9,99999,9,152.851324839633,1,171.779998779297,99999,99999,143.024002075195,-94.2817,23.4434,31.7653480156588,51,51,51,51,51,51,99999,8755,1.47451722328267,23,-94,0.0073,51,2026-08-07 00:07:35.00001,1.0543,1.13
"2904010",56,0.0445569566517061,1,0.0657,1,0.0657,1,142.414188417859,1,181.770004272461,0.065700002014637,0.0495077297091484,133.257904052734,-94.2817,23.4434,31.7653480156588,51,51,51,51,51,51,0.0657,8755,1.47451722328267,23,-94,0.0073,51,2026-08-07 00:07:35.00001,1.0543,1.13
"2904010",56,0.00495077296130068,1,0.0073,1,0.0073,1,136.941643163359,1,191.779998779297,0.00730000017210841,0.00990154594182968,128.13720703125,-94.2817,23.4434,31.7653480156588,51,51,51,51,51,51,0.0073,8755,1.47451722328267,23,-94,0.0073,51,2026-08-07 00:07:35.00001,1.0543,1.13
"2904010",56,-0.00495077296130068,1,-0.0073,1,-0.0073,1,137.548989852648,1,201.860000610352,-0.00730000017210841,0,128.705505371094,-94.2817,23.4434,31.7653480156588,51,51,51,51,51,51,-0.0073,8755,1.47451722328267,23,-94,0.0073,51,2026-08-07 00:07:35.00001,1.0543,1.13
"2904010",56,99999,9,99999,9,99999,9,142.407339378832,1,211.759994506836,99999,99999,133.251495361328,-94.2817,23.4434,31.7653480156588,51,51,51,51,51,51,99999,8755,1.47451722328267,23,-94,0.0073,51,2026-08-07 00:07:35.00001,1.0543,1.13
"2904010",56,0,9,99999,9,99999,9,143.623859167818,1,221.389999389648,99999,99999,134.389801025391,-94.2817,23.4434,31.7653480156588,51,51,51,51,51,51,0,8755,1.47451722328267,23,-94,0.0073,51,2026-08-07 00:07:35.00001,1.0543,1.13
"2904010",56,0,9,99999,9,99999,9,142.178956541771,1,231.360000610352,99999,99999,133.037796020508,-94.2817,23.4434,31.7653480156588,51,51,51,51,51,51,0,8755,1.47451722328267,23,-94,0.0073,51,2026-08-07 00:07:35.00001,1.0543,1.13
"2904010",56,0,9,99999,9,99999,9,137.166177492776,1,241.550003051758,99999,99999,128.347305297852,-94.2817,23.4434,31.7653480156588,51,51,51,51,51,51,0,8755,1.47451722328267,23,-94,0.0073,51,2026-08-07 00:07:35.00001,1.0543,1.13
"2904010",56,0,1,-0.0073,1,-0.0073,1,136.061337808011,1,251.059997558594,-0.00730000017210841,0,127.313499450684,-94.2817,23.4434,31.7653480156588,51,51,51,51,51,51,0,8755,1.47451722328267,23,-94,0.0073,51,2026-08-07 00:07:35.00001,1.0543,1.13
"2904010",56,0,9,99999,9,99999,9,127.604413487527,1,261.450012207031,99999,99999,119.400299072266,-94.2817,23.4434,31.7653480156588,51,51,51,51,51,51,0,8755,1.47451722328267,23,-94,0.0073,51,2026-08-07 00:07:35.00001,1.0543,1.13
"2904010",56,0,1,0.0073,1,0.0073,1,127.700813711825,1,271.179992675781,0.00730000017210841,0.00990154594182968,119.490501403809,-94.2817,23.4434,31.7653480156588,51,51,51,51,51,51,0,8755,1.47451722328267,23,-94,0.0073,51,2026-08-07 00:07:35.00001,1.0543,1.13
"2904010",56,0,9,99999,9,99999,9,126.974946032906,1,281.739990234375,99999,99999,118.811302185059,-94.2817,23.4434,31.7653480156588,51,51,51,51,51,51,0,8755,1.47451722328267,23,-94,0.0073,51,2026-08-07 00:07:35.00001,1.0543,1.13
"2904010",56,0,1,0,1,0,1,127.931976932586,1,291.079986572266,0,0.00495077297091484,119.706802368164,-94.2817,23.4434,31.7653480156588,51,51,51,51,51,51,0,8755,1.47451722328267,23,-94,0.0073,51,2026-08-07 00:07:35.00001,1.0543,1.13
"2904010",56,0,1,-0.0073,1,-0.0073,1,127.118580165632,1,299.959991455078,-0.00730000017210841,0,118.945701599121,-94.2817,23.4434,31.7653480156588,51,51,51,51,51,51,0,8755,1.47451722328267,23,-94,0.0073,51,2026-08-07 00:07:35.00001,1.0543,1.13
"2904010",56,0,9,99999,9,99999,9,124.296751625877,1,311.230010986328,99999,99999,116.305297851562,-94.2817,23.4434,31.7653480156588,51,51,51,51,51,51,0,8755,1.47451722328267,23,-94,0.0073,51,2026-08-07 00:07:35.00001,1.0543,1.13
"2904010",56,0,9,99999,9,99999,9,124.460158281983,1,321.850006103516,99999,99999,116.458198547363,-94.2817,23.4434,31.7653480156588,51,51,51,51,51,51,0,8755,1.47451722328267,23,-94,0.0073,51,2026-08-07 00:07:35.00001,1.0543,1.13
"2904010",56,0,9,99999,9,99999,9,124.142004111968,1,331.339996337891,99999,99999,116.160499572754,-94.2817,23.4434,31.7653480156588,51,51,51,51,51,51,0,8755,1.47451722328267,23,-94,0.0073,51,2026-08-07 00:07:35.00001,1.0543,1.13
"2904010",56,0,9,99999,9,99999,9,123.13538290829,1,341.890014648438,99999,99999,115.218597412109,-94.2817,23.4434,31.7653480156588,51,51,51,51,51,51,0,8755,1.47451722328267,23,-94,0.0073,51,2026-08-07 00:07:35.00001,1.0543,1.13
"2904010",56,0,9,99999,9,99999,9,122.781002213995,1,351.100006103516,99999,99999,114.887001037598,-94.2817,23.4434,31.7653480156588,51,51,51,51,51,51,0,8755,1.47451722328267,23,-94,0.0073,51,2026-08-07 00:07:35.00001,1.0543,1.13
"2904010",56,0,9,99999,9,99999,9,122.11861045034,1,361.350006103516,99999,99999,114.267196655273,-94.2817,23.4434,31.7653480156588,51,51,51,51,51,51,0,8755,1.47451722328267,23,-94,0.0073,51,2026-08-07 00:07:35.00001,1.0543,1.13
"2904010",56,0,9,99999,9,99999,9,121.948044917727,1,381.880004882812,99999,99999,114.107597351074,-94.2817,23.4434,31.7653480156588,51,51,51,51,51,51,0,8755,1.47451722328267,23,-94,0.0073,51,2026-08-07 00:07:35.00001,1.0543,1.13
"2904010",56,0,9,99999,9,99999,9,121.020195816471,1,401.320007324219,99999,99999,113.239402770996,-94.2817,23.4434,31.7653480156588,51,51,51,51,51,51,0,8755,1.47451722328267,23,-94,0.0073,51,2026-08-07 00:07:35.00001,1.0543,1.13
"2904010",56,0,9,99999,9,99999,9,112.917122205119,1,451.75,99999,99999,105.657302856445,-94.2817,23.4434,31.7653480156588,51,51,51,51,51,51,0,8755,1.47451722328267,23,-94,0.0073,51,2026-08-07 00:07:35.00001,1.0543,1.13
"2904010",56,0,9,99999,9,99999,9,111.761632246029,1,501.5,99999,99999,104.576103210449,-94.2817,23.4434,31.7653480156588,51,51,51,51,51,51,0,8755,1.47451722328267,23,-94,0.0073,51,2026-08-07 00:07:35.00001,1.0543,1.13
"2904010",56,0,9,99999,9,99999,9,110.979977513517,1,551.330017089844,99999,99999,103.844703674316,-94.2817,23.4434,31.7653480156588,51,51,51,51,51,51,0,8755,1.47451722328267,23,-94,0.0073,51,2026-08-07 00:07:35.00001,1.0543,1.13
"2904010",56,0,9,99999,9,99999,9,112.0979526767,1,601.219970703125,99999,99999,104.890800476074,-94.2817,23.4434,31.7653480156588,51,51,51,51,51,51,0,8755,1.47451722328267,23,-94,0.0073,51,2026-08-07 00:07:35.00001,1.0543,1.13
"2904010",56,0,9,99999,9,99999,9,115.556831535714,1,651.869995117188,99999,99999,108.127296447754,-94.2817,23.4434,31.7653480156588,51,51,51,51,51,51,0,8755,1.47451722328267,23,-94,0.0073,51,2026-08-07 00:07:35.00001,1.0543,1.13
"2904010",56,0,9,99999,9,99999,9,120.936083094332,1,701.679992675781,99999,99999,113.160697937012,-94.2817,23.4434,31.7653480156588,51,51,51,51,51,51,0,8755,1.47451722328267,23,-94,0.0073,51,2026-08-07 00:07:35.00001,1.0543,1.13
"2904010",56,0,9,99999,9,99999,9,126.380636978621,1,751.090026855469,99999,99999,118.25520324707,-94.2817,23.4434,31.7653480156588,51,51,51,51,51,51,0,8755,1.47451722328267,23,-94,0.0073,51,2026-08-07 00:07:35.00001,1.0543,1.13
"2904010",56,0,9,99999,9,99999,9,132.433597522524,1,801.75,99999,99999,123.918998718262,-94.2817,23.4434,31.7653480156588,51,51,51,51,51,51,0,8755,1.47451722328267,23,-94,0.0073,51,2026-08-07 00:07:35.00001,1.0543,1.13
"2904010",56,0,9,99999,9,99999,9,139.912968287103,1,850.950012207031,99999,99999,130.917495727539,-94.2817,23.4434,31.7653480156588,51,51,51,51,51,51,0,8755,1.47451722328267,23,-94,0.0073,51,2026-08-07 00:07:35.00001,1.0543,1.13
"2904010",56,0,9,99999,9,99999,9,146.005270037319,1,900.969970703125,99999,99999,136.618103027344,-94.2817,23.4434,31.7653480156588,51,51,51,51,51,51,0,8755,1.47451722328267,23,-94,0.0073,51,2026-08-07 00:07:35.00001,1.0543,1.13
"2904010",56,0,9,99999,9,99999,9,153.634903825967,1,950.429992675781,99999,99999,143.757202148438,-94.2817,23.4434,31.7653480156588,51,51,51,51,51,51,0,8755,1.47451722328267,23,-94,0.0073,51,2026-08-07 00:07:35.00001,1.0543,1.13
"2904010",56,0,9,99999,9,99999,9,160.515578889836,1,1000.14001464844,99999,99999,150.195495605469,-94.2817,23.4434,31.7653480156588,51,51,51,51,51,51,0,8755,1.47451722328267,23,-94,0.0073,51,2026-08-07 00:07:35.00001,1.0543,1.13
"2904010",56,0,9,99999,9,99999,9,172.335307989752,1,1100.0400390625,99999,99999,161.255294799805,-94.2817,23.4434,31.7653480156588,51,51,51,51,51,51,0,8755,1.47451722328267,23,-94,0.0073,51,2026-08-07 00:07:35.00001,1.0543,1.13
"2904010",56,0,9,99999,9,99999,9,184.56105464605,1,1199.47998046875,99999,99999,172.695007324219,-94.2817,23.4434,31.7653480156588,51,51,51,51,51,51,0,8755,1.47451722328267,23,-94,0.0073,51,2026-08-07 00:07:35.00001,1.0543,1.13
"2904010",56,0,9,99999,9,99999,9,196.021584263499,1,1299.75,99999,99999,183.418701171875,-94.2817,23.4434,31.7653480156588,51,51,51,51,51,51,0,8755,1.47451722328267,23,-94,0.0073,51,2026-08-07 00:07:35.00001,1.0543,1.13
"2904010",56,0,9,99999,9,99999,9,202.342904832972,1,1400.35998535156,99999,99999,189.333602905273,-94.2817,23.4434,31.7653480156588,51,51,51,51,51,51,0,8755,1.47451722328267,23,-94,0.0073,51,2026-08-07 00:07:35.00001,1.0543,1.13
"2904010",56,0,9,99999,9,99999,9,205.585794354115,4,1498.93994140625,99999,99999,192.36799621582,-94.2817,23.4434,31.7653480156588,51,51,51,51,51,51,0,8755,1.47451722328267,23,-94,0.0073,51,2026-08-07 00:07:35.00001,1.0543,1.13
"2904010",57,99999,9,99999,9,99999,9,190.751286039706,1,7.51000022888184,99999,99999,178.431198120117,-94.2735,23.2147,36.584432556635,51,51,51,51,51,51,99999,8755,1.47451722328267,23,-94,0.0073,51,2026-08-17 07:08:29.000762,1.0543,1.13
"2904010",57,99999,9,99999,9,99999,9,190.785068933762,1,11.5,99999,99999,178.462799072266,-94.2735,23.2147,36.584432556635,51,51,51,51,51,51,99999,8755,1.47451722328267,23,-94,0.0073,51,2026-08-17 07:08:29.000762,1.0543,1.13
"2904010",57,99999,9,99999,9,99999,9,190.792556306225,1,16.4300003051758,99999,99999,178.469802856445,-94.2735,23.2147,36.584432556635,51,51,51,51,51,51,99999,8755,1.47451722328267,23,-94,0.0073,51,2026-08-17 07:08:29.000762,1.0543,1.13
"2904010",57,99999,9,99999,9,99999,9,190.944456986791,1,21.2999992370605,99999,99999,178.611892700195,-94.2735,23.2147,36.584432556635,51,51,51,51,51,51,99999,8755,1.47451722328267,23,-94,0.0073,51,2026-08-17 07:08:29.000762,1.0543,1.13
"2904010",57,99999,9,99999,9,99999,9,191.041107709766,1,26.8899993896484,99999,99999,178.702301025391,-94.2735,23.2147,36.584432556635,51,51,51,51,51,51,99999,8755,1.47451722328267,23,-94,0.0073,51,2026-08-17 07:08:29.000762,1.0543,1.13
"2904010",57,0.0148523188839021,1,0.0219,1,0.0219,1,191.572857965894,1,31.9699993133545,0.0219000000506639,0.0198030918836594,179.19970703125,-94.2735,23.2147,36.584432556635,51,51,51,51,51,51,0.0219,8755,1.47451722328267,23,-94,0.0073,51,2026-08-17 07:08:29.000762,1.0543,1.13
"2904010",57,99999,9,99999,9,99999,9,192.740349762364,1,36.8199996948242,99999,99999,180.291793823242,-94.2735,23.2147,36.584432556635,51,51,51,51,51,51,99999,8755,1.47451722328267,23,-94,0.0073,51,2026-08-17 07:08:29.000762,1.0543,1.13
"2904010",57,0.0297046377678041,1,0.0438,1,0.0438,1,221.251089613276,1,41.9700012207031,0.0438000001013279,0.0346554107964039,206.96110534668,-94.2735,23.2147,36.584432556635,51,51,51,51,51,51,0.0438,8755,1.47451722328267,23,-94,0.0073,51,2026-08-17 07:08:29.000762,1.0543,1.13
"2904010",57,0.0346554107291048,1,0.0511,1,0.0511,1,225.232642653836,1,46.4700012207031,0.0511000007390976,0.0396061837673187,210.685501098633,-94.2735,23.2147,36.584432556635,51,51,51,51,51,51,0.0511,8755,1.47451722328267,23,-94,0.0073,51,2026-08-17 07:08:29.000762,1.0543,1.13
"2904010",57,0.0445569566517061,1,0.0657,1,0.0657,1,225.641332478887,1,51.8300018310547,0.065700002014637,0.0495077297091484,211.067794799805,-94.2735,23.2147,36.584432556635,51,51,51,51,51,51,0.0657,8755,1.47451722328267,23,-94,0.0073,51,2026-08-17 07:08:29.000762,1.0543,1.13
"2904010",57,0.0544585025743075,1,0.0803,1,0.0803,1,223.889483070746,1,56.6100006103516,0.0803000032901764,0.0594092756509781,209.429092407227,-94.2735,23.2147,36.584432556635,51,51,51,51,51,51,0.0803,8755,1.47451722328267,23,-94,0.0073,51,2026-08-17 07:08:29.000762,1.0543,1.13
"2904010",57,0.0544585025743075,1,0.0803,1,0.0803,1,221.596487488092,1,61.9599990844727,0.0803000032901764,0.0594092756509781,207.284194946289,-94.2735,23.2147,36.584432556635,51,51,51,51,51,51,0.0803,8755,1.47451722328267,23,-94,0.0073,51,2026-08-17 07:08:29.000762,1.0543,1.13
"2904010",57,0.0693108214582096,1,0.1022,1,0.1022,1,217.529832874239,1,66.8600006103516,0.102200001478195,0.0742615982890129,203.480194091797,-94.2735,23.2147,36.584432556635,51,51,51,51,51,51,0.1022,8755,1.47451722328267,23,-94,0.0073,51,2026-08-17 07:08:29.000762,1.0543,1.13
"2904010",57,0.0544585025743075,1,0.0803,1,0.0803,1,215.955983919956,1,71.5899963378906,0.0803000032901764,0.0594092756509781,202.007995605469,-94.2735,23.2147,36.584432556635,51,51,51,51,51,51,0.0803,8755,1.47451722328267,23,-94,0.0073,51,2026-08-17 07:08:29.000762,1.0543,1.13
"2904010",57,0.0643600484969089,1,0.0949,1,0.0949,1,213.942859468794,1,76.8399963378906,0.0948999971151352,0.0693108215928078,200.124893188477,-94.2735,23.2147,36.584432556635,51,51,51,51,51,51,0.0949,8755,1.47451722328267,23,-94,0.0073,51,2026-08-17 07:08:29.000762,1.0543,1.13
"2904010",57,0.0693108214582096,1,0.1022,1,0.1022,1,212.105924799717,1,81.9499969482422,0.102200001478195,0.0742615982890129,198.406600952148,-94.2735,23.2147,36.584432556635,51,51,51,51,51,51,0.1022,8755,1.47451722328267,23,-94,0.0073,51,2026-08-17 07:08:29.000762,1.0543,1.13
"2904010",57,0.0792123673808109,1,0.1168,1,0.1168,1,211.091393987103,1,86.4300003051758,0.116800002753735,0.084163136780262,197.457595825195,-94.2735,23.2147,36.584432556635,51,51,51,51,51,51,0.1168,8755,1.47451722328267,23,-94,0.0073,51,2026-08-17 07:08:29.000762,1.0543,1.13
"2904010",57,0.0990154592260137,1,0.146,1,0.146,1,208.440374764302,1,91.8899993896484,0.145999997854233,0.103966236114502,194.977798461914,-94.2735,23.2147,36.584432556635,51,51,51,51,51,51,0.146,8755,1.47451722328267,23,-94,0.0073,51,2026-08-17 07:08:29.000762,1.0543,1.13
"2904010",57,0.103966232187314,1,0.1533,1,0.1533,1,206.90383217347,1,96.5299987792969,0.153300002217293,0.108917012810707,193.540496826172,-94.2735,23.2147,36.584432556635,51,51,51,51,51,51,0.1533,8755,1.47451722328267,23,-94,0.0073,51,2026-08-17 07:08:29.000762,1.0543,1.13
"2904010",57,0.113867778109916,1,0.1679,1,0.1679,1,204.885797702457,1,101.51000213623,0.167899996042252,0.118818551301956,191.652801513672,-94.2735,23.2147,36.584432556635,51,51,51,51,51,51,0.1679,8755,1.47451722328267,23,-94,0.0073,51,2026-08-17 07:08:29.000762,1.0543,1.13
"2904010",57,0.148523188839021,1,0.219,1,0.219,1,200.991581028279,1,111.5,0.218999996781349,0.15347395837307,188.010101318359,-94.2735,23.2147,36.584432556635,51,51,51,51,51,51,0.219,8755,1.47451722328267,23,-94,0.0073,51,2026-08-17 07:08:29.000762,1.0543,1.13
"2904010",57,0.21783401029723,1,0.3212,1,0.3212,1,196.654565387827,1,121.73999786377,0.321200013160706,0.222784787416458,183.953201293945,-94.2735,23.2147,36.584432556635,51,51,51,51,51,51,0.3212,8755,1.47451722328267,23,-94,0.0073,51,2026-08-17 07:08:29.000762,1.0543,1.13
"2904010",57,0.29209560471674,1,0.4307,1,0.4307,1,193.643385605942,1,131.570007324219,0.4307000041008,0.297046393156052,181.136505126953,-94.2735,23.2147,36.584432556635,51,51,51,51,51,51,0.4307,8755,1.47451722328267,23,-94,0.0073,51,2026-08-17 07:08:29.000762,1.0543,1.13
"2904010",57,0.267341739910237,1,0.3942,1,0.3942,1,191.953115350414,1,141.589996337891,0.394199997186661,0.272292524576187,179.555404663086,-94.2735,23.2147,36.584432556635,51,51,51,51,51,51,0.3942,8755,1.47451722328267,23,-94,0.0073,51,2026-08-17 07:08:29.000762,1.0543,1.13
"2904010",57,0.163375507722923,1,0.2409,1,0.2409,1,188.232299045051,1,151.929992675781,0.240899994969368,0.168326273560524,176.074905395508,-94.2735,23.2147,36.584432556635,51,51,51,51,51,51,0.2409,8755,1.47451722328267,23,-94,0.0073,51,2026-08-17 07:08:29.000762,1.0543,1.13
"2904010",57,0.0841631403421116,1,0.1241,1,0.1241,1,185.524072381664,1,161.919998168945,0.124099999666214,0.0891139134764671,173.541595458984,-94.2735,23.2147,36.584432556635,51,51,51,51,51,51,0.1241,8755,1.47451722328267,23,-94,0.0073,51,2026-08-17 07:08:29.000762,1.0543,1.13
"2904010",57,0.0346554107291048,1,0.0511,1,0.0511,1,181.046803084479,1,171.509994506836,0.0511000007390976,0.0396061837673187,169.353500366211,-94.2735,23.2147,36.584432556635,51,51,51,51,51,51,0.0511,8755,1.47451722328267,23,-94,0.0073,51,2026-08-17 07:08:29.000762,1.0543,1.13
"2904010",57,0.00990154592260137,1,0.0146,1,0.0146,1,175.012682310368,1,181.690002441406,0.0146000003442168,0.0148523189127445,163.709106445312,-94.2735,23.2147,36.584432556635,51,51,51,51,51,51,0.0146,8755,1.47451722328267,23,-94,0.0073,51,2026-08-17 07:08:29.000762,1.0543,1.13
"2904010",57,0.0148523188839021,1,0.0219,1,0.0219,1,167.310198777938,1,191.940002441406,0.0219000000506639,0.0198030918836594,156.504104614258,-94.2735,23.2147,36.584432556635,51,51,51,51,51,51,0.0219,8755,1.47451722328267,23,-94,0.0073,51,2026-08-17 07:08:29.000762,1.0543,1.13
"2904010",57,0.00990154592260137,1,0.0146,1,0.0146,1,146.098064780106,1,201.619995117188,0.0146000003442168,0.0148523189127445,136.662002563477,-94.2735,23.2147,36.584432556635,51,51,51,51,51,51,0.0146,8755,1.47451722328267,23,-94,0.0073,51,2026-08-17 07:08:29.000762,1.0543,1.13
"2904010",57,0,1,0,1,0,1,136.935364181366,1,211.600006103516,0,0.00495077297091484,128.091094970703,-94.2735,23.2147,36.584432556635,51,51,51,51,51,51,0,8755,1.47451722328267,23,-94,0.0073,51,2026-08-17 07:08:29.000762,1.0543,1.13
"2904010",57,0.00495077296130068,1,0.0073,1,0.0073,1,134.685343506675,1,221.410003662109,0.00730000017210841,0.00990154594182968,125.986396789551,-94.2735,23.2147,36.584432556635,51,51,51,51,51,51,0.0073,8755,1.47451722328267,23,-94,0.0073,51,2026-08-17 07:08:29.000762,1.0543,1.13
"2904010",57,0.0148523188839021,1,0.0219,1,0.0219,1,132.294848958413,1,229.210006713867,0.0219000000506639,0.0198030918836594,123.750297546387,-94.2735,23.2147,36.584432556635,51,51,51,51,51,51,0.0219,8755,1.47451722328267,23,-94,0.0073,51,2026-08-17 07:08:29.000762,1.0543,1.13
"2904010",57,0.0198030918452027,1,0.0292,1,0.0292,1,131.329075784781,1,241.619995117188,0.0292000006884336,0.0247538648545742,122.846900939941,-94.2735,23.2147,36.584432556635,51,51,51,51,51,51,0.0292,8755,1.47451722328267,23,-94,0.0073,51,2026-08-17 07:08:29.000762,1.0543,1.13
"2904010",57,0.0247538648065034,1,0.0365,1,0.0365,1,127.896792473172,1,251.600006103516,0.0364999994635582,0.029704637825489,119.636299133301,-94.2735,23.2147,36.584432556635,51,51,51,51,51,51,0.0365,8755,1.47451722328267,23,-94,0.0073,51,2026-08-17 07:08:29.000762,1.0543,1.13
"2904010",57,0.00495077296130068,1,0.0073,1,0.0073,1,126.925668846015,1,261.829986572266,0.00730000017210841,0.00990154594182968,118.727897644043,-94.2735,23.2147,36.584432556635,51,51,51,51,51,51,0.0073,8755,1.47451722328267,23,-94,0.0073,51,2026-08-17 07:08:29.000762,1.0543,1.13
"2904010",57,0,1,0,1,0,1,125.999983292926,1,271.179992675781,0,0.00495077297091484,117.861999511719,-94.2735,23.2147,36.584432556635,51,51,51,51,51,51,0,8755,1.47451722328267,23,-94,0.0073,51,2026-08-17 07:08:29.000762,1.0543,1.13
"2904010",57,0,1,0,1,0,1,125.355669608293,1,281.739990234375,0,0.00495077297091484,117.259300231934,-94.2735,23.2147,36.584432556635,51,51,51,51,51,51,0,8755,1.47451722328267,23,-94,0.0073,51,2026-08-17 07:08:29.000762,1.0543,1.13
"2904010",57,0,1,0,1,0,1,124.680354286696,1,290.850006103516,0,0.00495077297091484,116.627601623535,-94.2735,23.2147,36.584432556635,51,51,51,51,51,51,0,8755,1.47451722328267,23,-94,0.0073,51,2026-08-17 07:08:29.000762,1.0543,1.13
"2904010",57,0,1,0,1,0,1,125.000639285896,1,301.269989013672,0,0.00495077297091484,116.927200317383,-94.2735,23.2147,36.584432556635,51,51,51,51,51,51,0,8755,1.47451722328267,23,-94,0.0073,51,2026-08-17 07:08:29.000762,1.0543,1.13
"2904010",57,0,1,-0.0073,1,-0.0073,1,125.315475957422,1,311.529998779297,-0.00730000017210841,0,117.221702575684,-94.2735,23.2147,36.584432556635,51,51,51,51,51,51,0,8755,1.47451722328267,23,-94,0.0073,51,2026-08-17 07:08:29.000762,1.0543,1.13
"2904010",57,0,1,-0.0073,1,-0.0073,1,126.010676043797,1,321.779998779297,-0.00730000017210841,0,117.872001647949,-94.2735,23.2147,36.584432556635,51,51,51,51,51,51,0,8755,1.47451722328267,23,-94,0.0073,51,2026-08-17 07:08:29.000762,1.0543,1.13
"2904010",57,0,1,-0.0073,1,-0.0073,1,125.772915265277,1,331.290008544922,-0.00730000017210841,0,117.649597167969,-94.2735,23.2147,36.584432556635,51,51,51,51,51,51,0,8755,1.47451722328267,23,-94,0.0073,51,2026-08-17 07:08:29.000762,1.0543,1.13
"2904010",57,0,1,-0.0073,1,-0.0073,1,124.093125699962,1,341.690002441406,-0.00730000017210841,0,116.078300476074,-94.2735,23.2147,36.584432556635,51,51,51,51,51,51,0,8755,1.47451722328267,23,-94,0.0073,51,2026-08-17 07:08:29.000762,1.0543,1.13
"2904010",57,0,1,-0.0073,1,-0.0073,1,123.095706551213,1,351.320007324219,-0.00730000017210841,0,115.145301818848,-94.2735,23.2147,36.584432556635,51,51,51,51,51,51,0,8755,1.47451722328267,23,-94,0.0073,51,2026-08-17 07:08:29.000762,1.0543,1.13
"2904010",57,0,1,-0.0073,1,-0.0073,1,121.909920444901,1,361.100006103516,-0.00730000017210841,0,114.036102294922,-94.2735,23.2147,36.584432556635,51,51,51,51,51,51,0,8755,1.47451722328267,23,-94,0.0073,51,2026-08-17 07:08:29.000762,1.0543,1.13
"2904010",57,0,1,-0.0073,1,-0.0073,1,119.416902724673,1,381.589996337891,-0.00730000017210841,0,111.7041015625,-94.2735,23.2147,36.584432556635,51,51,51,51,51,51,0,8755,1.47451722328267,23,-94,0.0073,51,2026-08-17 07:08:29.000762,1.0543,1.13
"2904010",57,0,1,-0.0073,1,-0.0073,1,116.494772106791,1,401.630004882812,-0.00730000017210841,0,108.970703125,-94.2735,23.2147,36.584432556635,51,51,51,51,51,51,0,8755,1.47451722328267,23,-94,0.0073,51,2026-08-17 07:08:29.000762,1.0543,1.13
"2904010",57,0,1,-0.0073,1,-0.0073,1,112.792233798912,1,451.630004882812,-0.00730000017210841,0,105.507301330566,-94.2735,23.2147,36.584432556635,51,51,51,51,51,51,0,8755,1.47451722328267,23,-94,0.0073,51,2026-08-17 07:08:29.000762,1.0543,1.13
"2904010",57,0,1,0,1,0,1,110.36549319049,1,501.369995117188,0,0.00495077297091484,103.237297058105,-94.2735,23.2147,36.584432556635,51,51,51,51,51,51,0,8755,1.47451722328267,23,-94,0.0073,51,2026-08-17 07:08:29.000762,1.0543,1.13
"2904010",57,0,1,-0.0073,1,-0.0073,1,109.133526797808,1,551.210021972656,-0.00730000017210841,0,102.084899902344,-94.2735,23.2147,36.584432556635,51,51,51,51,51,51,0,8755,1.47451722328267,23,-94,0.0073,51,2026-08-17 07:08:29.000762,1.0543,1.13
"2904010",57,0,1,0,1,0,1,112.811050104221,1,601.280029296875,0,0.00495077297091484,105.52490234375,-94.2735,23.2147,36.584432556635,51,51,51,51,51,51,0,8755,1.47451722328267,23,-94,0.0073,51,2026-08-17 07:08:29.000762,1.0543,1.13
"2904010",57,0,1,0,1,0,1,115.04952162923,1,648.830017089844,0,0.00495077297091484,107.618797302246,-94.2735,23.2147,36.584432556635,51,51,51,51,51,51,0,8755,1.47451722328267,23,-94,0.0073,51,2026-08-17 07:08:29.000762,1.0543,1.13
"2904010",57,0,1,0,1,0,1,119.845803561668,1,701.849975585938,0,0.00495077297091484,112.10530090332,-94.2735,23.2147,36.584432556635,51,51,51,51,51,51,0,8755,1.47451722328267,23,-94,0.0073,51,2026-08-17 07:08:29.000762,1.0543,1.13
"2904010",57,0,1,0,1,0,1,124.569275282797,1,750.859985351562,0,0.00495077297091484,116.523696899414,-94.2735,23.2147,36.584432556635,51,51,51,51,51,51,0,8755,1.47451722328267,23,-94,0.0073,51,2026-08-17 07:08:29.000762,1.0543,1.13
"2904010",57,0,1,0,1,0,1,130.985806672725,1,801.210021972656,0,0.00495077297091484,122.525802612305,-94.2735,23.2147,36.584432556635,51,51,51,51,51,51,0,8755,1.47451722328267,23,-94,0.0073,51,2026-08-17 07:08:29.000762,1.0543,1.13
"2904010",57,0,1,0,1,0,1,137.597972175842,1,851.159973144531,0,0.00495077297091484,128.710906982422,-94.2735,23.2147,36.584432556635,51,51,51,51,51,51,0,8755,1.47451722328267,23,-94,0.0073,51,2026-08-17 07:08:29.000762,1.0543,1.13
"2904010",57,0,1,0,1,0,1,144.6198878073,1,901,0,0.00495077297091484,135.279296875,-94.2735,23.2147,36.584432556635,51,51,51,51,51,51,0,8755,1.47451722328267,23,-94,0.0073,51,2026-08-17 07:08:29.000762,1.0543,1.13
"2904010",57,0,1,0,1,0,1,151.792448067733,1,951.179992675781,0,0.00495077297091484,141.98860168457,-94.2735,23.2147,36.584432556635,51,51,51,51,51,51,0,8755,1.47451722328267,23,-94,0.0073,51,2026-08-17 07:08:29.000762,1.0543,1.13
"2904010",57,0,1,0,1,0,1,158.526369013262,1,999.25,0,0.00495077297091484,148.28759765625,-94.2735,23.2147,36.584432556635,51,51,51,51,51,51,0,8755,1.47451722328267,23,-94,0.0073,51,2026-08-17 07:08:29.000762,1.0543,1.13
"2904010",57,0,1,-0.0073,1,-0.0073,1,170.392794064496,1,1097.84997558594,-0.00730000017210841,0,159.387603759766,-94.2735,23.2147,36.584432556635,51,51,51,51,51,51,0,8755,1.47451722328267,23,-94,0.0073,51,2026-08-17 07:08:29.000762,1.0543,1.13
"2904010",57,0,1,0,1,0,1,183.524536124973,1,1199,0,0.00495077297091484,171.671203613281,-94.2735,23.2147,36.584432556635,51,51,51,51,51,51,0,8755,1.47451722328267,23,-94,0.0073,51,2026-08-17 07:08:29.000762,1.0543,1.13
"2904010",57,0,1,0,1,0,1,194.711469890882,1,1299.57995605469,0,0.00495077297091484,182.135604858398,-94.2735,23.2147,36.584432556635,51,51,51,51,51,51,0,8755,1.47451722328267,23,-94,0.0073,51,2026-08-17 07:08:29.000762,1.0543,1.13
"2904010",57,0,1,0,1,0,1,200.735003944451,1,1398.58996582031,0,0.00495077297091484,187.770095825195,-94.2735,23.2147,36.584432556635,51,51,51,51,51,51,0,8755,1.47451722328267,23,-94,0.0073,51,2026-08-17 07:08:29.000762,1.0543,1.13
"2904010",57,0,1,0.0073,1,0.0073,1,204.701272305276,1,1499.25,0.00730000017210841,0.00990154594182968,191.480194091797,-94.2735,23.2147,36.584432556635,51,51,51,51,51,51,0,8755,1.47451722328267,23,-94,0.0073,51,2026-08-17 07:08:29.000762,1.0543,1.13
"2904010",57,0,1,0,1,0,1,207.07969570839,4,1597.11999511719,0,0.00495077297091484,193.705001831055,-94.2735,23.2147,36.584432556635,51,51,51,51,51,51,0,8755,1.47451722328267,23,-94,0.0073,51,2026-08-17 07:08:29.000762,1.0543,1.13
"2904010",58,99999,9,99999,9,99999,9,191.308717409859,1,7.15000009536743,99999,99999,178.896392822266,-94.1578,23.043,36.5053708698772,51,51,51,51,51,51,99999,8755,1.47451722328267,23,-94,0.0073,51,2026-08-27 14:23:59.001535,1.0543,1.13
"2904010",58,99999,9,99999,9,99999,9,191.312894686245,1,11.4499998092651,99999,99999,178.900299072266,-94.1578,23.043,36.5053708698772,51,51,51,51,51,51,99999,8755,1.47451722328267,23,-94,0.0073,51,2026-08-27 14:23:59.001535,1.0543,1.13
"2904010",58,99999,9,99999,9,99999,9,191.432240778009,1,16.8700008392334,99999,99999,179.011901855469,-94.1578,23.043,36.5053708698772,51,51,51,51,51,51,99999,8755,1.47451722328267,23,-94,0.0073,51,2026-08-27 14:23:59.001535,1.0543,1.13
"2904010",58,99999,9,99999,9,99999,9,191.587191623974,1,21.9099998474121,99999,99999,179.156799316406,-94.1578,23.043,36.5053708698772,51,51,51,51,51,51,99999,8755,1.47451722328267,23,-94,0.0073,51,2026-08-27 14:23:59.001535,1.0543,1.13
"2904010",58,99999,9,99999,9,99999,9,191.693385822114,1,26.8299999237061,99999,99999,179.256103515625,-94.1578,23.043,36.5053708698772,51,51,51,51,51,51,99999,8755,1.47451722328267,23,-94,0.0073,51,2026-08-27 14:23:59.001535,1.0543,1.13
"2904010",58,99999,9,99999,9,99999,9,192.188507296326,1,31.6599998474121,99999,99999,179.719100952148,-94.1578,23.043,36.5053708698772,51,51,51,51,51,51,99999,8755,1.47451722328267,23,-94,0.0073,51,2026-08-27 14:23:59.001535,1.0543,1.13
"2904010",58,99999,9,99999,9,99999,9,193.435946457271,1,36.7400016784668,99999,99999,180.885604858398,-94.1578,23.043,36.5053708698772,51,51,51,51,51,51,99999,8755,1.47451722328267,23,-94,0.0073,51,2026-08-27 14:23:59.001535,1.0543,1.13
"2904010",58,99999,9,99999,9,99999,9,221.681008682335,1,41.9799995422363,99999,99999,207.298095703125,-94.1578,23.043,36.5053708698772,51,51,51,51,51,51,99999,8755,1.47451722328267,23,-94,0.0073,51,2026-08-27 14:23:59.001535,1.0543,1.13
"2904010",58,99999,9,99999,9,99999,9,225.492936559955,1,46.5900001525879,99999,99999,210.862701416016,-94.1578,23.043,36.5053708698772,51,51,51,51,51,51,99999,8755,1.47451722328267,23,-94,0.0073,51,2026-08-27 14:23:59.001535,1.0543,1.13
"2904010",58,99999,9,99999,9,99999,9,226.419883980631,1,51.6699981689453,99999,99999,211.729507446289,-94.1578,23.043,36.5053708698772,51,51,51,51,51,51,99999,8755,1.47451722328267,23,-94,0.0073,51,2026-08-27 14:23:59.001535,1.0543,1.13
"2904010",58,99999,9,99999,9,99999,9,224.498092080512,1,56.8800010681152,99999,99999,209.932403564453,-94.1578,23.043,36.5053708698772,51,51,51,51,51,51,99999,8755,1.47451722328267,23,-94,0.0073,51,2026-08-27 14:23:59.001535,1.0543,1.13
"2904010",58,99999,9,99999,9,99999,9,223.535115651002,1,61.7299995422363,99999,99999,209.03190612793,-94.1578,23.043,36.5053708698772,51,51,51,51,51,51,99999,8755,1.47451722328267,23,-94,0.0073,51,2026-08-27 14:23:59.001535,1.0543,1.13
"2904010",58,99999,9,99999,9,99999,9,220.953085637,1,66.9700012207031,99999,99999,206.617401123047,-94.1578,23.043,36.5053708698772,51,51,51,51,51,51,99999,8755,1.47451722328267,23,-94,0.0073,51,2026-08-27 14:23:59.001535,1.0543,1.13
"2904010",58,99999,9,99999,9,99999,9,216.940974842541,1,71.9100036621094,99999,99999,202.865600585938,-94.1578,23.043,36.5053708698772,51,51,51,51,51,51,99999,8755,1.47451722328267,23,-94,0.0073,51,2026-08-27 14:23:59.001535,1.0543,1.13
"2904010",58,99999,9,99999,9,99999,9,214.07267085617,1,76.5899963378906,99999,99999,200.183395385742,-94.1578,23.043,36.5053708698772,51,51,51,51,51,51,99999,8755,1.47451722328267,23,-94,0.0073,51,2026-08-27 14:23:59.001535,1.0543,1.13
"2904010",58,99999,9,99999,9,99999,9,211.300085242002,1,81.7699966430664,99999,99999,197.590698242188,-94.1578,23.043,36.5053708698772,51,51,51,51,51,51,99999,8755,1.47451722328267,23,-94,0.0073,51,2026-08-27 14:23:59.001535,1.0543,1.13
"2904010",58,99999,9,99999,9,99999,9,208.829177306877,1,86.8499984741211,99999,99999,195.28010559082,-94.1578,23.043,36.5053708698772,51,51,51,51,51,51,99999,8755,1.47451722328267,23,-94,0.0073,51,2026-08-27 14:23:59.001535,1.0543,1.13
"2904010",58,99999,9,99999,9,99999,9,205.812971628444,1,91.870002746582,99999,99999,192.459594726562,-94.1578,23.043,36.5053708698772,51,51,51,51,51,51,99999,8755,1.47451722328267,23,-94,0.0073,51,2026-08-27 14:23:59.001535,1.0543,1.13
"2904010",58,99999,9,99999,9,99999,9,202.392337062348,1,96.9000015258789,99999,99999,189.260894775391,-94.1578,23.043,36.5053708698772,51,51,51,51,51,51,99999,8755,1.47451722328267,23,-94,0.0073,51,2026-08-27 14:23:59.001535,1.0543,1.13
"2904010",58,99999,9,99999,9,99999,9,200.187273607264,1,101.860000610352,99999,99999,187.19889831543,-94.1578,23.043,36.5053708698772,51,51,51,51,51,51,99999,8755,1.47451722328267,23,-94,0.0073,51,2026-08-27 14:23:59.001535,1.0543,1.13
"2904010",58,0.21783401029723,1,0.3212,1,0.3212,1,195.016490775075,1,111.540000915527,0.321200013160706,0.222784787416458,182.36360168457,-94.1578,23.043,36.5053708698772,51,51,51,51,51,51,0.3212,8755,1.47451722328267,23,-94,0.0073,51,2026-08-27 14:23:59.001535,1.0543,1.13
"2904010",58,0.316849469523244,1,0.4672,1,0.4672,1,191.849935781696,1,121.550003051758,0.467200011014938,0.321800231933594,179.402496337891,-94.1578,23.043,36.5053708698772,51,51,51,51,51,51,0.4672,8755,1.47451722328267,23,-94,0.0073,51,2026-08-27 14:23:59.001535,1.0543,1.13
"2904010",58,0.247538648065034,1,0.365,1,0.365,1,189.95510036826,1,131.440002441406,0.365000009536743,0.252489417791367,177.630599975586,-94.1578,23.043,36.5053708698772,51,51,51,51,51,51,0.365,8755,1.47451722328267,23,-94,0.0073,51,2026-08-27 14:23:59.001535,1.0543,1.13
"2904010",58,0.148523188839021,1,0.219,1,0.219,1,188.698898717394,1,141.860000610352,0.218999996781349,0.15347395837307,176.455902099609,-94.1578,23.043,36.5053708698772,51,51,51,51,51,51,0.219,8755,1.47451722328267,23,-94,0.0073,51,2026-08-27 14:23:59.001535,1.0543,1.13
"2904010",58,0.133670869955118,1,0.1971,1,0.1971,1,187.587057864155,1,151.389999389648,0.19709999859333,0.138621643185616,175.416198730469,-94.1578,23.043,36.5053708698772,51,51,51,51,51,51,0.1971,8755,1.47451722328267,23,-94,0.0073,51,2026-08-27 14:23:59.001535,1.0543,1.13
"2904010",58,0.0544585025743075,1,0.0803,1,0.0803,1,183.584786513684,1,161.589996337891,0.0803000032901764,0.0594092756509781,171.673599243164,-94.1578,23.043,36.5053708698772,51,51,51,51,51,51,0.0803,8755,1.47451722328267,23,-94,0.0073,51,2026-08-27 14:23:59.001535,1.0543,1.13
"2904010",58,0,1,0,1,0,1,174.461565932918,1,171.850006103516,0,0.00495077297091484,163.142303466797,-94.1578,23.043,36.5053708698772,51,51,51,51,51,51,0,8755,1.47451722328267,23,-94,0.0073,51,2026-08-27 14:23:59.001535,1.0543,1.13
"2904010",58,0,1,-0.0073,1,-0.0073,1,159.591261553472,1,181.949996948242,-0.00730000017210841,0,149.236801147461,-94.1578,23.043,36.5053708698772,51,51,51,51,51,51,0,8755,1.47451722328267,23,-94,0.0073,51,2026-08-27 14:23:59.001535,1.0543,1.13
"2904010",58,0,1,-0.0073,1,-0.0073,1,143.909194886214,1,191.289993286133,-0.00730000017210841,0,134.572204589844,-94.1578,23.043,36.5053708698772,51,51,51,51,51,51,0,8755,1.47451722328267,23,-94,0.0073,51,2026-08-27 14:23:59.001535,1.0543,1.13
"2904010",58,0,1,-0.0073,1,-0.0073,1,138.091325833765,1,201.699996948242,-0.00730000017210841,0,129.131805419922,-94.1578,23.043,36.5053708698772,51,51,51,51,51,51,0,8755,1.47451722328267,23,-94,0.0073,51,2026-08-27 14:23:59.001535,1.0543,1.13
"2904010",58,0,1,-0.0073,1,-0.0073,1,140.931384252068,1,210.619995117188,-0.00730000017210841,0,131.78759765625,-94.1578,23.043,36.5053708698772,51,51,51,51,51,51,0,8755,1.47451722328267,23,-94,0.0073,51,2026-08-27 14:23:59.001535,1.0543,1.13
"2904010",58,0,1,-0.0146,1,-0.0146,1,143.262206570869,1,221.570007324219,-0.0146000003442168,-0.00495077297091484,133.967193603516,-94.1578,23.043,36.5053708698772,51,51,51,51,51,51,0,8755,1.47451722328267,23,-94,0.0073,51,2026-08-27 14:23:59.001535,1.0543,1.13
"2904010",58,0,1,-0.0073,1,-0.0073,1,143.589225305493,1,231.199996948242,-0.00730000017210841,0,134.272994995117,-94.1578,23.043,36.5053708698772,51,51,51,51,51,51,0,8755,1.47451722328267,23,-94,0.0073,51,2026-08-27 14:23:59.001535,1.0543,1.13
"2904010",58,0,1,-0.0146,1,-0.0146,1,142.753182598683,1,241.460006713867,-0.0146000003442168,-0.00495077297091484,133.491195678711,-94.1578,23.043,36.5053708698772,51,51,51,51,51,51,0,8755,1.47451722328267,23,-94,0.0073,51,2026-08-27 14:23:59.001535,1.0543,1.13
"2904010",58,0,1,-0.0073,1,-0.0073,1,146.358824819744,1,251.809997558594,-0.00730000017210841,0,136.862899780273,-94.1578,23.043,36.5053708698772,51,51,51,51,51,51,0,8755,1.47451722328267,23,-94,0.0073,51,2026-08-27 14:23:59.001535,1.0543,1.13
"2904010",58,0,1,-0.0073,1,-0.0073,1,145.401510557837,1,261.589996337891,-0.00730000017210841,0,135.967697143555,-94.1578,23.043,36.5053708698772,51,51,51,51,51,51,0,8755,1.47451722328267,23,-94,0.0073,51,2026-08-27 14:23:59.001535,1.0543,1.13
"2904010",58,0,1,-0.0073,1,-0.0073,1,139.705549442435,1,271.739990234375,-0.00730000017210841,0,130.641296386719,-94.1578,23.043,36.5053708698772,51,51,51,51,51,51,0,8755,1.47451722328267,23,-94,0.0073,51,2026-08-27 14:23:59.001535,1.0543,1.13
"2904010",58,0,1,0,1,0,1,131.291862100411,1,281.200012207031,0,0.00495077297091484,122.773498535156,-94.1578,23.043,36.5053708698772,51,51,51,51,51,51,0,8755,1.47451722328267,23,-94,0.0073,51,2026-08-27 14:23:59.001535,1.0543,1.13
"2904010",58,0,1,-0.0073,1,-0.0073,1,129.539143830291,1,290.950012207031,-0.00730000017210841,0,121.134498596191,-94.1578,23.043,36.5053708698772,51,51,51,51,51,51,0,8755,1.47451722328267,23,-94,0.0073,51,2026-08-27 14:23:59.001535,1.0543,1.13
"2904010",58,0,1,-0.0073,1,-0.0073,1,124.602981968901,1,301.589996337891,-0.00730000017210841,0,116.518600463867,-94.1578,23.043,36.5053708698772,51,51,51,51,51,51,0,8755,1.47451722328267,23,-94,0.0073,51,2026-08-27 14:23:59.001535,1.0543,1.13
"2904010",58,0,1,-0.0073,1,-0.0073,1,124.383005941684,1,311.440002441406,-0.00730000017210841,0,116.312896728516,-94.1578,23.043,36.5053708698772,51,51,51,51,51,51,0,8755,1.47451722328267,23,-94,0.0073,51,2026-08-27 14:23:59.001535,1.0543,1.13
"2904010",58,0,1,-0.0073,1,-0.0073,1,124.185711219847,1,320.690002441406,-0.00730000017210841,0,116.128402709961,-94.1578,23.043,36.5053708698772,51,51,51,51,51,51,0,8755,1.47451722328267,23,-94,0.0073,51,2026-08-27 14:23:59.001535,1.0543,1.13
"2904010",58,0,1,-0.0073,1,-0.0073,1,121.516211322758,1,331.380004882812,-0.00730000017210841,0,113.632102966309,-94.1578,23.043,36.5053708698772,51,51,51,51,51,51,0,8755,1.47451722328267,23,-94,0.0073,51,2026-08-27 14:23:59.001535,1.0543,1.13
"2904010",58,0,1,-0.0073,1,-0.0073,1,118.511778710391,1,341.640014648438,-0.00730000017210841,0,110.822601318359,-94.1578,23.043,36.5053708698772,51,51,51,51,51,51,0,8755,1.47451722328267,23,-94,0.0073,51,2026-08-27 14:23:59.001535,1.0543,1.13
"2904010",58,0,1,-0.0073,1,-0.0073,1,117.836145048575,1,351.839996337891,-0.00730000017210841,0,110.190803527832,-94.1578,23.043,36.5053708698772,51,51,51,51,51,51,0,8755,1.47451722328267,23,-94,0.0073,51,2026-08-27 14:23:59.001535,1.0543,1.13
"2904010",58,0,1,-0.0073,1,-0.0073,1,117.309473715404,1,361.790008544922,-0.00730000017210841,0,109.698303222656,-94.1578,23.043,36.5053708698772,51,51,51,51,51,51,0,8755,1.47451722328267,23,-94,0.0073,51,2026-08-27 14:23:59.001535,1.0543,1.13
"2904010",58,0,1,-0.0073,1,-0.0073,1,116.449901193948,1,380.950012207031,-0.00730000017210841,0,108.894500732422,-94.1578,23.043,36.5053708698772,51,51,51,51,51,51,0,8755,1.47451722328267,23,-94,0.0073,51,2026-08-27 14:23:59.001535,1.0543,1.13
"2904010",58,0,1,-0.0073,1,-0.0073,1,115.375704780645,1,401.589996337891,-0.00730000017210841,0,107.889999389648,-94.1578,23.043,36.5053708698772,51,51,51,51,51,51,0,8755,1.47451722328267,23,-94,0.0073,51,2026-08-27 14:23:59.001535,1.0543,1.13
"2904010",58,0,1,-0.0073,1,-0.0073,1,111.736807523351,1,451.829986572266,-0.00730000017210841,0,104.487197875977,-94.1578,23.043,36.5053708698772,51,51,51,51,51,51,0,8755,1.47451722328267,23,-94,0.0073,51,2026-08-27 14:23:59.001535,1.0543,1.13
"2904010",58,0,1,0,1,0,1,109.918109499054,1,501.730010986328,0,0.00495077297091484,102.786499023438,-94.1578,23.043,36.5053708698772,51,51,51,51,51,51,0,8755,1.47451722328267,23,-94,0.0073,51,2026-08-27 14:23:59.001535,1.0543,1.13
"2904010",58,0,1,0,1,0,1,110.042905631103,1,551.200012207031,0,0.00495077297091484,102.903198242188,-94.1578,23.043,36.5053708698772,51,51,51,51,51,51,0,8755,1.47451722328267,23,-94,0.0073,51,2026-08-27 14:23:59.001535,1.0543,1.13
"2904010",58,0,1,0,1,0,1,111.024704280581,1,601.799987792969,0,0.00495077297091484,103.821296691895,-94.1578,23.043,36.5053708698772,51,51,51,51,51,51,0,8755,1.47451722328267,23,-94,0.0073,51,2026-08-27 14:23:59.001535,1.0543,1.13
"2904010",58,0,1,0,1,0,1,115.020244668124,1,651.460021972656,0,0.00495077297091484,107.557601928711,-94.1578,23.043,36.5053708698772,51,51,51,51,51,51,0,8755,1.47451722328267,23,-94,0.0073,51,2026-08-27 14:23:59.001535,1.0543,1.13
"2904010",58,0,1,0,1,0,1,120.333577057006,1,701.109985351562,0,0.00495077297091484,112.52619934082,-94.1578,23.043,36.5053708698772,51,51,51,51,51,51,0,8755,1.47451722328267,23,-94,0.0073,51,2026-08-27 14:23:59.001535,1.0543,1.13
"2904010",58,0,1,0.0073,1,0.0073,1,126.80398237,1,751.549987792969,0.00730000017210841,0.00990154594182968,118.576797485352,-94.1578,23.043,36.5053708698772,51,51,51,51,51,51,0,8755,1.47451722328267,23,-94,0.0073,51,2026-08-27 14:23:59.001535,1.0543,1.13
"2904010",58,0,1,0,1,0,1,132.545714033309,1,801.099975585938,0,0.00495077297091484,123.945999145508,-94.1578,23.043,36.5053708698772,51,51,51,51,51,51,0,8755,1.47451722328267,23,-94,0.0073,51,2026-08-27 14:23:59.001535,1.0543,1.13
"2904010",58,0,1,0,1,0,1,138.999867130362,1,851.320007324219,0,0.00495077297091484,129.981399536133,-94.1578,23.043,36.5053708698772,51,51,51,51,51,51,0,8755,1.47451722328267,23,-94,0.0073,51,2026-08-27 14:23:59.001535,1.0543,1.13
"2904010",58,0,1,-0.0073,1,-0.0073,1,145.80788122632,1,901.309997558594,-0.00730000017210841,0,136.347702026367,-94.1578,23.043,36.5053708698772,51,51,51,51,51,51,0,8755,1.47451722328267,23,-94,0.0073,51,2026-08-27 14:23:59.001535,1.0543,1.13
"2904010",58,0,1,0,1,0,1,152.618032912928,1,951.200012207031,0,0.00495077297091484,142.716003417969,-94.1578,23.043,36.5053708698772,51,51,51,51,51,51,0,8755,1.47451722328267,23,-94,0.0073,51,2026-08-27 14:23:59.001535,1.0543,1.13
"2904010",58,0,1,0.0073,1,0.0073,1,159.026203334757,1,999.590026855469,0.00730000017210841,0.00990154594182968,148.708404541016,-94.1578,23.043,36.5053708698772,51,51,51,51,51,51,0,8755,1.47451722328267,23,-94,0.0073,51,2026-08-27 14:23:59.001535,1.0543,1.13
"2904010",58,0,1,0,1,0,1,172.477212791916,1,1098.5400390625,0,0.00495077297091484,161.286697387695,-94.1578,23.043,36.5053708698772,51,51,51,51,51,51,0,8755,1.47451722328267,23,-94,0.0073,51,2026-08-27 14:23:59.001535,1.0543,1.13
"2904010",58,0,1,0,1,0,1,185.025245215164,1,1199.83996582031,0,0.00495077297091484,173.020599365234,-94.1578,23.043,36.5053708698772,51,51,51,51,51,51,0,8755,1.47451722328267,23,-94,0.0073,51,2026-08-27 14:23:59.001535,1.0543,1.13
"2904010",58,0,1,0,1,0,1,194.953081024925,1,1300.05004882812,0,0.00495077297091484,182.304306030273,-94.1578,23.043,36.5053708698772,51,51,51,51,51,51,0,8755,1.47451722328267,23,-94,0.0073,51,2026-08-27 14:23:59.001535,1.0543,1.13
"2904010",58,0,1,0.0073,1,0.0073,1,201.24329234129,1,1400.33996582031,0.00730000017210841,0.00990154594182968,188.186401367188,-94.1578,23.043,36.5053708698772,51,51,51,51,51,51,0,8755,1.47451722328267,23,-94,0.0073,51,2026-08-27 14:23:59.001535,1.0543,1.13
"2904010",58,0,1,0.0073,1,0.0073,1,204.954149711339,1,1499.46997070312,0.00730000017210841,0.00990154594182968,191.656494140625,-94.1578,23.043,36.5053708698772,51,51,51,51,51,51,0,8755,1.47451722328267,23,-94,0.0073,51,2026-08-27 14:23:59.001535,1.0543,1.13
"2904010",58,0,1,0,1,0,1,206.990474044885,4,1597.01000976562,0,0.00495077297091484,193.560699462891,-94.1578,23.043,36.5053708698772,51,51,51,51,51,51,0,8755,1.47451722328267,23,-94,0.0073,51,2026-08-27 14:23:59.001535,1.0543,1.13
"2904010",59,99999,9,99999,9,99999,9,189.980266185115,1,7.73999977111816,99999,99999,177.598403930664,-94.3185,22.9957,41.8307250940635,51,51,51,51,51,51,99999,8755,1.47451722328267,23,-94,0.0073,51,2026-09-06 21:18:27.002279,1.0543,1.13
"2904010",59,0.00495077296130068,5,0.0073,1,0.0073,1,190.006366032417,1,11.8999996185303,0.00730000017210841,0.15347395837307,177.622802734375,-94.3185,22.9957,41.8307250940635,51,51,51,51,51,51,0.0073,8755,1.47451722328267,23,-94,0.0073,51,2026-09-06 21:18:27.002279,1.0543,1.13
"2904010",59,0.00495077296130068,5,0.0073,1,0.0073,1,190.07129735985,1,16.5,0.00730000017210841,0.15347395837307,177.683502197266,-94.3185,22.9957,41.8307250940635,51,51,51,51,51,51,0.0073,8755,1.47451722328267,23,-94,0.0073,51,2026-09-06 21:18:27.002279,1.0543,1.13
"2904010",59,99999,9,99999,9,99999,9,190.241280980738,1,20.8999996185303,99999,99999,177.842407226562,-94.3185,22.9957,41.8307250940635,51,51,51,51,51,51,99999,8755,1.47451722328267,23,-94,0.0073,51,2026-09-06 21:18:27.002279,1.0543,1.13
"2904010",59,99999,9,99999,9,99999,9,190.357122516885,1,25.4599990844727,99999,99999,177.950698852539,-94.3185,22.9957,41.8307250940635,51,51,51,51,51,51,99999,8755,1.47451722328267,23,-94,0.0073,51,2026-09-06 21:18:27.002279,1.0543,1.13
"2904010",59,99999,9,99999,9,99999,9,190.612995691557,1,29.9699993133545,99999,99999,178.189895629883,-94.3185,22.9957,41.8307250940635,51,51,51,51,51,51,99999,8755,1.47451722328267,23,-94,0.0073,51,2026-09-06 21:18:27.002279,1.0543,1.13
"2904010",59,99999,9,99999,9,99999,9,191.171179855518,1,36.5299987792969,99999,99999,178.711700439453,-94.3185,22.9957,41.8307250940635,51,51,51,51,51,51,99999,8755,1.47451722328267,23,-94,0.0073,51,2026-09-06 21:18:27.002279,1.0543,1.13
"2904010",59,99999,9,99999,9,99999,9,192.427889951482,1,41.7700004577637,99999,99999,179.886505126953,-94.3185,22.9957,41.8307250940635,51,51,51,51,51,51,99999,8755,1.47451722328267,23,-94,0.0073,51,2026-09-06 21:18:27.002279,1.0543,1.13
"2904010",59,99999,9,99999,9,99999,9,207.528030875694,1,46.7700004577637,99999,99999,194.002502441406,-94.3185,22.9957,41.8307250940635,51,51,51,51,51,51,99999,8755,1.47451722328267,23,-94,0.0073,51,2026-09-06 21:18:27.002279,1.0543,1.13
"2904010",59,99999,9,99999,9,99999,9,225.634616311875,1,51.8300018310547,99999,99999,210.929000854492,-94.3185,22.9957,41.8307250940635,51,51,51,51,51,51,99999,8755,1.47451722328267,23,-94,0.0073,51,2026-09-06 21:18:27.002279,1.0543,1.13
"2904010",59,99999,9,99999,9,99999,9,226.56355215289,1,56.9199981689453,99999,99999,211.797393798828,-94.3185,22.9957,41.8307250940635,51,51,51,51,51,51,99999,8755,1.47451722328267,23,-94,0.0073,51,2026-09-06 21:18:27.002279,1.0543,1.13
"2904010",59,99999,9,99999,9,99999,9,227.53314760593,1,61.7700004577637,99999,99999,212.703796386719,-94.3185,22.9957,41.8307250940635,51,51,51,51,51,51,99999,8755,1.47451722328267,23,-94,0.0073,51,2026-09-06 21:18:27.002279,1.0543,1.13
"2904010",59,99999,9,99999,9,99999,9,226.367582942944,1,66.5299987792969,99999,99999,211.614196777344,-94.3185,22.9957,41.8307250940635,51,51,51,51,51,51,99999,8755,1.47451722328267,23,-94,0.0073,51,2026-09-06 21:18:27.002279,1.0543,1.13
"2904010",59,99999,9,99999,9,99999,9,224.788142277344,1,71.9199981689453,99999,99999,210.1376953125,-94.3185,22.9957,41.8307250940635,51,51,51,51,51,51,99999,8755,1.47451722328267,23,-94,0.0073,51,2026-09-06 21:18:27.002279,1.0543,1.13
"2904010",59,99999,9,99999,9,99999,9,219.775339334814,1,76.8399963378906,99999,99999,205.451599121094,-94.3185,22.9957,41.8307250940635,51,51,51,51,51,51,99999,8755,1.47451722328267,23,-94,0.0073,51,2026-09-06 21:18:27.002279,1.0543,1.13
"2904010",59,99999,9,99999,9,99999,9,216.559867527945,1,81.8600006103516,99999,99999,202.445693969727,-94.3185,22.9957,41.8307250940635,51,51,51,51,51,51,99999,8755,1.47451722328267,23,-94,0.0073,51,2026-09-06 21:18:27.002279,1.0543,1.13
"2904010",59,0.0990154592260137,1,0.146,1,0.146,1,213.54465777645,1,86.6600036621094,0.145999997854233,0.15347395837307,199.626998901367,-94.3185,22.9957,41.8307250940635,51,51,51,51,51,51,0.146,8755,1.47451722328267,23,-94,0.0073,51,2026-09-06 21:18:27.002279,1.0543,1.13
"2904010",59,0.113867778109916,1,0.1679,1,0.1679,1,211.668798582397,1,91.4700012207031,0.167899996042252,0.15347395837307,197.873397827148,-94.3185,22.9957,41.8307250940635,51,51,51,51,51,51,0.1679,8755,1.47451722328267,23,-94,0.0073,51,2026-09-06 21:18:27.002279,1.0543,1.13
"2904010",59,99999,9,99999,9,99999,9,208.723547521043,1,96.8300018310547,99999,99999,195.120101928711,-94.3185,22.9957,41.8307250940635,51,51,51,51,51,51,99999,8755,1.47451722328267,23,-94,0.0073,51,2026-09-06 21:18:27.002279,1.0543,1.13
"2904010",59,99999,9,99999,9,99999,9,206.031704920826,1,101.790000915527,99999,99999,192.603698730469,-94.3185,22.9957,41.8307250940635,51,51,51,51,51,51,99999,8755,1.47451722328267,23,-94,0.0073,51,2026-09-06 21:18:27.002279,1.0543,1.13
"2904010",59,99999,9,99999,9,99999,9,200.322726501584,1,111.599998474121,99999,99999,187.266799926758,-94.3185,22.9957,41.8307250940635,51,51,51,51,51,51,99999,8755,1.47451722328267,23,-94,0.0073,51,2026-09-06 21:18:27.002279,1.0543,1.13
"2904010",59,99999,9,99999,9,99999,9,196.299938592439,1,121.430000305176,99999,99999,183.506195068359,-94.3185,22.9957,41.8307250940635,51,51,51,51,51,51,99999,8755,1.47451722328267,23,-94,0.0073,51,2026-09-06 21:18:27.002279,1.0543,1.13
"2904010",59,0.173277053645524,1,0.2555,1,0.2555,1,191.694596868289,1,131.949996948242,0.255499988794327,0.15347395837307,179.20100402832,-94.3185,22.9957,41.8307250940635,51,51,51,51,51,51,0.2555,8755,1.47451722328267,23,-94,0.0073,51,2026-09-06 21:18:27.002279,1.0543,1.13
"2904010",59,0.158424734761622,1,0.2336,1,0.2336,1,185.575480323251,1,141.820007324219,0.233600005507469,0.15347395837307,173.480697631836,-94.3185,22.9957,41.8307250940635,51,51,51,51,51,51,0.2336,8755,1.47451722328267,23,-94,0.0073,51,2026-09-06 21:18:27.002279,1.0543,1.13
"2904010",59,0.148523188839021,1,0.219,1,0.219,1,179.757075152095,1,151.940002441406,0.218999996781349,0.15347395837307,168.04150390625,-94.3185,22.9957,41.8307250940635,51,51,51,51,51,51,0.219,8755,1.47451722328267,23,-94,0.0073,51,2026-09-06 21:18:27.002279,1.0543,1.13
"2904010",59,0.103966232187314,1,0.1533,1,0.1533,1,172.930879629409,1,161.839996337891,0.153300002217293,0.108917012810707,161.660202026367,-94.3185,22.9957,41.8307250940635,51,51,51,51,51,51,0.1533,8755,1.47451722328267,23,-94,0.0073,51,2026-09-06 21:18:27.002279,1.0543,1.13
"2904010",59,0.108917005148615,1,0.1606,1,0.1606,1,163.080382663579,1,171.970001220703,0.160600006580353,0.113867782056332,152.451705932617,-94.3185,22.9957,41.8307250940635,51,51,51,51,51,51,0.1606,8755,1.47451722328267,23,-94,0.0073,51,2026-09-06 21:18:27.002279,1.0543,1.13
"2904010",59,0.0544585025743075,1,0.0803,1,0.0803,1,141.781960554295,1,181.350006103516,0.0803000032901764,0.0594092756509781,132.541397094727,-94.3185,22.9957,41.8307250940635,51,51,51,51,51,51,0.0803,8755,1.47451722328267,23,-94,0.0073,51,2026-09-06 21:18:27.002279,1.0543,1.13
"2904010",59,0.0445569566517061,1,0.0657,1,0.0657,1,134.226650535602,1,191.610000610352,0.065700002014637,0.0495077297091484,125.478500366211,-94.3185,22.9957,41.8307250940635,51,51,51,51,51,51,0.0657,8755,1.47451722328267,23,-94,0.0073,51,2026-09-06 21:18:27.002279,1.0543,1.13
"2904010",59,0.0198030918452027,1,0.0292,1,0.0292,1,129.790100882087,1,201.470001220703,0.0292000006884336,0.0247538648545742,121.331100463867,-94.3185,22.9957,41.8307250940635,51,51,51,51,51,51,0.0292,8755,1.47451722328267,23,-94,0.0073,51,2026-09-06 21:18:27.002279,1.0543,1.13
"2904010",59,0.0396061836904055,1,0.0584,1,0.0584,1,127.595363253459,1,211.949996948242,0.0584000013768673,0.0445569567382336,119.279403686523,-94.3185,22.9957,41.8307250940635,51,51,51,51,51,51,0.0584,8755,1.47451722328267,23,-94,0.0073,51,2026-09-06 21:18:27.002279,1.0543,1.13
"2904010",59,0.0148523188839021,1,0.0219,1,0.0219,1,127.457796328469,1,221.190002441406,0.0219000000506639,0.0198030918836594,119.150802612305,-94.3185,22.9957,41.8307250940635,51,51,51,51,51,51,0.0219,8755,1.47451722328267,23,-94,0.0073,51,2026-09-06 21:18:27.002279,1.0543,1.13
"2904010",59,99999,9,99999,9,99999,9,124.677166911869,1,231.520004272461,99999,99999,116.551399230957,-94.3185,22.9957,41.8307250940635,51,51,51,51,51,51,99999,8755,1.47451722328267,23,-94,0.0073,51,2026-09-06 21:18:27.002279,1.0543,1.13
"2904010",59,0.00495077296130068,1,0.0073,1,0.0073,1,125.987358027022,1,241.059997558594,0.00730000017210841,0.00990154594182968,117.77619934082,-94.3185,22.9957,41.8307250940635,51,51,51,51,51,51,0.0073,8755,1.47451722328267,23,-94,0.0073,51,2026-09-06 21:18:27.002279,1.0543,1.13
"2904010",59,0,1,-0.0073,1,-0.0073,1,128.404278971141,1,251,-0.00730000017210841,0,120.035598754883,-94.3185,22.9957,41.8307250940635,51,51,51,51,51,51,0,8755,1.47451722328267,23,-94,0.0073,51,2026-09-06 21:18:27.002279,1.0543,1.13
"2904010",59,0,1,-0.0073,1,-0.0073,1,126.810294863423,1,261.470001220703,-0.00730000017210841,0,118.545501708984,-94.3185,22.9957,41.8307250940635,51,51,51,51,51,51,0,8755,1.47451722328267,23,-94,0.0073,51,2026-09-06 21:18:27.002279,1.0543,1.13
"2904010",59,0,1,-0.0073,1,-0.0073,1,125.356758620689,1,271.100006103516,-0.00730000017210841,0,117.186698913574,-94.3185,22.9957,41.8307250940635,51,51,51,51,51,51,0,8755,1.47451722328267,23,-94,0.0073,51,2026-09-06 21:18:27.002279,1.0543,1.13
"2904010",59,0,1,-0.0073,1,-0.0073,1,125.041511965992,1,281.190002441406,-0.00730000017210841,0,116.891998291016,-94.3185,22.9957,41.8307250940635,51,51,51,51,51,51,0,8755,1.47451722328267,23,-94,0.0073,51,2026-09-06 21:18:27.002279,1.0543,1.13
"2904010",59,0,1,-0.0073,1,-0.0073,1,123.685968489533,1,291.670013427734,-0.00730000017210841,0,115.624801635742,-94.3185,22.9957,41.8307250940635,51,51,51,51,51,51,0,8755,1.47451722328267,23,-94,0.0073,51,2026-09-06 21:18:27.002279,1.0543,1.13
"2904010",59,0,1,-0.0073,1,-0.0073,1,123.546263303132,1,301.010009765625,-0.00730000017210841,0,115.494201660156,-94.3185,22.9957,41.8307250940635,51,51,51,51,51,51,0,8755,1.47451722328267,23,-94,0.0073,51,2026-09-06 21:18:27.002279,1.0543,1.13
"2904010",59,0,1,-0.0073,1,-0.0073,1,122.925612525273,1,310.899993896484,-0.00730000017210841,0,114.914001464844,-94.3185,22.9957,41.8307250940635,51,51,51,51,51,51,0,8755,1.47451722328267,23,-94,0.0073,51,2026-09-06 21:18:27.002279,1.0543,1.13
"2904010",59,0,1,-0.0073,1,-0.0073,1,120.99284456473,1,321.820007324219,-0.00730000017210841,0,113.107200622559,-94.3185,22.9957,41.8307250940635,51,51,51,51,51,51,0,8755,1.47451722328267,23,-94,0.0073,51,2026-09-06 21:18:27.002279,1.0543,1.13
"2904010",59,0,1,-0.0073,1,-0.0073,1,119.472450927031,1,331.529998779297,-0.00730000017210841,0,111.685897827148,-94.3185,22.9957,41.8307250940635,51,51,51,51,51,51,0,8755,1.47451722328267,23,-94,0.0073,51,2026-09-06 21:18:27.002279,1.0543,1.13
"2904010",59,0,1,-0.0073,1,-0.0073,1,118.086955468209,1,341.829986572266,-0.00730000017210841,0,110.390701293945,-94.3185,22.9957,41.8307250940635,51,51,51,51,51,51,0,8755,1.47451722328267,23,-94,0.0073,51,2026-09-06 21:18:27.002279,1.0543,1.13
"2904010",59,0,1,-0.0073,1,-0.0073,1,117.5821543878,1,351.529998779297,-0.00730000017210841,0,109.918800354004,-94.3185,22.9957,41.8307250940635,51,51,51,51,51,51,0,8755,1.47451722328267,23,-94,0.0073,51,2026-09-06 21:18:27.002279,1.0543,1.13
"2904010",59,0,1,0,1,0,1,116.881384097445,1,361.429992675781,0,0.00495077297091484,109.263702392578,-94.3185,22.9957,41.8307250940635,51,51,51,51,51,51,0,8755,1.47451722328267,23,-94,0.0073,51,2026-09-06 21:18:27.002279,1.0543,1.13
"2904010",59,0,1,-0.0073,1,-0.0073,1,112.436167140042,1,381.420013427734,-0.00730000017210841,0,105.108200073242,-94.3185,22.9957,41.8307250940635,51,51,51,51,51,51,0,8755,1.47451722328267,23,-94,0.0073,51,2026-09-06 21:18:27.002279,1.0543,1.13
"2904010",59,0,1,0,1,0,1,113.058099242488,1,401.320007324219,0,0.00495077297091484,105.689598083496,-94.3185,22.9957,41.8307250940635,51,51,51,51,51,51,0,8755,1.47451722328267,23,-94,0.0073,51,2026-09-06 21:18:27.002279,1.0543,1.13
"2904010",59,0,1,-0.0073,1,-0.0073,1,111.708758356382,1,451.700012207031,-0.00730000017210841,0,104.428199768066,-94.3185,22.9957,41.8307250940635,51,51,51,51,51,51,0,8755,1.47451722328267,23,-94,0.0073,51,2026-09-06 21:18:27.002279,1.0543,1.13
"2904010",59,0,1,-0.0073,1,-0.0073,1,110.35492059227,1,501.739990234375,-0.00730000017210841,0,103.16259765625,-94.3185,22.9957,41.8307250940635,51,51,51,51,51,51,0,8755,1.47451722328267,23,-94,0.0073,51,2026-09-06 21:18:27.002279,1.0543,1.13
"2904010",59,0,1,-0.0073,1,-0.0073,1,111.469354691358,1,551.099975585938,-0.00730000017210841,0,104.204399108887,-94.3185,22.9957,41.8307250940635,51,51,51,51,51,51,0,8755,1.47451722328267,23,-94,0.0073,51,2026-09-06 21:18:27.002279,1.0543,1.13
"2904010",59,0,1,0,1,0,1,113.891947741129,1,601.359985351562,0,0.00495077297091484,106.469100952148,-94.3185,22.9957,41.8307250940635,51,51,51,51,51,51,0,8755,1.47451722328267,23,-94,0.0073,51,2026-09-06 21:18:27.002279,1.0543,1.13
"2904010",59,0,1,-0.0073,1,-0.0073,1,116.988460394068,1,648.700012207031,-0.00730000017210841,0,109.363800048828,-94.3185,22.9957,41.8307250940635,51,51,51,51,51,51,0,8755,1.47451722328267,23,-94,0.0073,51,2026-09-06 21:18:27.002279,1.0543,1.13
"2904010",59,0,1,0,1,0,1,122.484673641592,1,701.450012207031,0,0.00495077297091484,114.501800537109,-94.3185,22.9957,41.8307250940635,51,51,51,51,51,51,0,8755,1.47451722328267,23,-94,0.0073,51,2026-09-06 21:18:27.002279,1.0543,1.13
"2904010",59,0,1,0,1,0,1,129.645050042158,1,751.72998046875,0,0.00495077297091484,121.195503234863,-94.3185,22.9957,41.8307250940635,51,51,51,51,51,51,0,8755,1.47451722328267,23,-94,0.0073,51,2026-09-06 21:18:27.002279,1.0543,1.13
"2904010",59,0,1,0,1,0,1,136.82734770284,1,801.299987792969,0,0.00495077297091484,127.909698486328,-94.3185,22.9957,41.8307250940635,51,51,51,51,51,51,0,8755,1.47451722328267,23,-94,0.0073,51,2026-09-06 21:18:27.002279,1.0543,1.13
"2904010",59,0,1,0,1,0,1,144.695023436238,1,851.059997558594,0,0.00495077297091484,135.264602661133,-94.3185,22.9957,41.8307250940635,51,51,51,51,51,51,0,8755,1.47451722328267,23,-94,0.0073,51,2026-09-06 21:18:27.002279,1.0543,1.13
"2904010",59,0,1,0.0073,1,0.0073,1,150.479624489969,1,901.260009765625,0.00730000017210841,0.00990154594182968,140.67219543457,-94.3185,22.9957,41.8307250940635,51,51,51,51,51,51,0,8755,1.47451722328267,23,-94,0.0073,51,2026-09-06 21:18:27.002279,1.0543,1.13
"2904010",59,0,1,0,1,0,1,156.900072667925,1,948.820007324219,0,0.00495077297091484,146.674194335938,-94.3185,22.9957,41.8307250940635,51,51,51,51,51,51,0,8755,1.47451722328267,23,-94,0.0073,51,2026-09-06 21:18:27.002279,1.0543,1.13
"2904010",59,0,1,0,1,0,1,163.100377856164,1,1000.03997802734,0,0.00495077297091484,152.470397949219,-94.3185,22.9957,41.8307250940635,51,51,51,51,51,51,0,8755,1.47451722328267,23,-94,0.0073,51,2026-09-06 21:18:27.002279,1.0543,1.13
"2904010",59,0,1,0,1,0,1,176.201113780053,1,1099.83996582031,0,0.00495077297091484,164.717300415039,-94.3185,22.9957,41.8307250940635,51,51,51,51,51,51,0,8755,1.47451722328267,23,-94,0.0073,51,2026-09-06 21:18:27.002279,1.0543,1.13
"2904010",59,0,1,0,1,0,1,188.446496171642,1,1199.81994628906,0,0.00495077297091484,176.164596557617,-94.3185,22.9957,41.8307250940635,51,51,51,51,51,51,0,8755,1.47451722328267,23,-94,0.0073,51,2026-09-06 21:18:27.002279,1.0543,1.13
"2904010",59,0,1,0,1,0,1,197.059772233301,1,1299.46997070312,0,0.00495077297091484,184.216506958008,-94.3185,22.9957,41.8307250940635,51,51,51,51,51,51,0,8755,1.47451722328267,23,-94,0.0073,51,2026-09-06 21:18:27.002279,1.0543,1.13
"2904010",59,0,1,-0.0073,1,-0.0073,1,202.421944238774,1,1399.89001464844,-0.00730000017210841,0,189.229202270508,-94.3185,22.9957,41.8307250940635,51,51,51,51,51,51,0,8755,1.47451722328267,23,-94,0.0073,51,2026-09-06 21:18:27.002279,1.0543,1.13
"2904010",59,0,1,0,1,0,1,206.19986040982,1,1499.46997070312,0,0.00495077297091484,192.760894775391,-94.3185,22.9957,41.8307250940635,51,51,51,51,51,51,0,8755,1.47451722328267,23,-94,0.0073,51,2026-09-06 21:18:27.002279,1.0543,1.13
"2904010",59,0,1,0,1,0,1,208.115840569894,1,1597.86999511719,0,0.00495077297091484,194.552001953125,-94.3185,22.9957,41.8307250940635,51,51,51,51,51,51,0,8755,1.47451722328267,23,-94,0.0073,51,2026-09-06 21:18:27.002279,1.0543,1.13
