"FLOAT_NUM","CYCLE_NUMBER","CHLA_FINAL","CHLA_FINAL_QC","CHLA_FLUORESCENCE","CHLA_FLUORESCENCE_QC","CHLA_FLUORESCENCE_ADJUSTED","CHLA_FLUORESCENCE_ADJUSTED_QC","BBP700_FINAL","BBP700_FINAL_QC","DOXY_FINAL","DOXY_FINAL_QC","DOXY_ADJUSTED_ERROR","PRES","PRES_QC","TEMP","PSAL","CHLA","CHLA_ADJUSTED","BBP700","DOXY","LONGITUDE","LATITUDE","MLD","MIN_FLUOCHLA_CYCLE1","MIN_FLUOCHLA_CYCLE2","MIN_FLUOCHLA_CYCLE3","MIN_FLUOCHLA_CYCLE4","MIN_FLUOCHLA_CYCLE5","MEDIAN_FIRST5","CHLA_NOLUT","NEAREST_INDICES","PHYSIO_RATIO","MATCHED_LAT","MATCHED_LON","SCALE_CHLA","DARK_CHLA","DATE_TIME","PRES_ADJUSTED","DOXY_SLOPE","DOXY_DRIFT","FLOAT_TYPE","DENSITY"
"4903625",1,0.0386356816110984,1,0.0876,1,0.0438,1,0.000621000013779849,3,195.300521888084,1,1.95534568672139,7.84999990463257,1,29.099100112915,36.0288009643555,0.0876000002026558,0.0670279189944267,0.000621000013779849,187.562805175781,-86.8813,26.5653,15.7953520994634,53,52,53,51,53,53,0.0438,7818,1.13366707078925,27,-87,0.0073,47,2021-09-23 09:37:00.001019,7.84999990463257,1.0412,2,"aoml_apex",1022.8370428727
"4903625",1,0.0386356816110984,1,0.0876,1,0.0438,1,0.000526999996509403,3,195.822594723121,1,1.95522655227199,11.6199998855591,1,29.0256996154785,36.0574989318848,0.0876000002026558,0.0670279189944267,0.000526999996509403,188.064193725586,-86.8813,26.5653,15.7953520994634,53,52,53,51,53,53,0.0438,7818,1.13366707078925,27,-87,0.0073,47,2021-09-23 09:37:00.001019,11.6199998855591,1.0412,2,"aoml_apex",1022.89936563923
"4903625",1,0.0450749618796148,1,0.0949,1,0.0511,1,0.000526999996509403,3,196.287930527393,1,1.95513393422227,16.7700004577637,1,29.0650005340576,36.1102981567383,0.0948999971151352,0.065700002014637,0.000526999996509403,188.511093139648,-86.8813,26.5653,15.7953520994634,53,52,53,51,53,53,0.0511,7818,1.13366707078925,27,-87,0.0073,47,2021-09-23 09:37:00.001019,16.7700004577637,1.0412,2,"aoml_apex",1022.9478221376
"4903625",1,0.0515142421481312,1,0.1022,1,0.0584,1,0.000574000005144626,3,194.926607219356,1,1.95488142855374,21.9200000762939,1,28.9941005706787,36.2252006530762,0.102200001478195,0.0729999989271164,0.000574000005144626,187.203704833984,-86.8813,26.5653,15.7953520994634,53,52,53,51,53,53,0.0584,7818,1.13366707078925,27,-87,0.0073,47,2021-09-23 09:37:00.001019,21.9200000762939,1.0412,2,"aoml_apex",1023.07995297681
"4903625",1,0.0450749618796148,1,0.0949,1,0.0511,1,0.000526999996509403,3,194.99511746205,1,1.95481380896367,26.7399997711182,1,28.971700668335,36.2349014282227,0.0948999971151352,0.065700002014637,0.000526999996509403,187.269500732422,-86.8813,26.5653,15.7953520994634,53,52,53,51,53,53,0.0511,7818,1.13366707078925,27,-87,0.0073,47,2021-09-23 09:37:00.001019,26.7399997711182,1.0412,2,"aoml_apex",1023.11534266288
"4903625",1,0.0450749618796148,1,0.0949,1,0.0511,1,0.000549999997019768,3,195.64162726851,1,1.95475318528435,31.7099990844727,1,28.9461994171143,36.2374992370605,0.0948999971151352,0.065700002014637,0.000549999997019768,187.890396118164,-86.8813,26.5653,15.7953520994634,53,52,53,51,53,53,0.0511,7818,1.13366707078925,27,-87,0.0073,47,2021-09-23 09:37:00.001019,31.7099990844727,1.0412,2,"aoml_apex",1023.1470730199
"4903625",1,0.0579535224166476,1,0.1095,1,0.0657,1,0.000549999997019768,3,195.696918466231,1,1.95467068054331,36.2900009155273,1,28.8579998016357,36.2295989990234,0.109499998390675,0.0803000032901764,0.000549999997019768,187.943496704102,-86.8813,26.5653,15.7953520994634,53,52,53,51,53,53,0.0657,7818,1.13366707078925,27,-87,0.0073,47,2021-09-23 09:37:00.001019,36.2900009155273,1.0412,2,"aoml_apex",1023.19025905893
"4903625",1,0.0837106434907133,1,0.1387,1,0.0949,1,0.000561999971978366,3,194.683151178354,1,1.95451669958591,41.5400009155273,1,28.7546005249023,36.2610015869141,0.138699993491173,0.109499998390675,0.000561999971978366,186.96989440918,-86.8813,26.5653,15.7953520994634,53,52,53,51,53,53,0.0949,7818,1.13366707078925,27,-87,0.0073,47,2021-09-23 09:37:00.001019,41.5400009155273,1.0412,2,"aoml_apex",1023.27086815054
"4903625",1,0.0901499237592297,1,0.146,1,0.1022,1,0.000561999971978366,3,194.806857289118,1,1.9544724318496,45.9300003051758,1,28.7537002563477,36.2664985656738,0.145999997854233,0.116800002753735,0.000561999971978366,187.08869934082,-86.8813,26.5653,15.7953520994634,53,52,53,51,53,53,0.1022,7818,1.13366707078925,27,-87,0.0073,47,2021-09-23 09:37:00.001019,45.9300003051758,1.0412,2,"aoml_apex",1023.2940446785
"4903625",1,0.128785605370328,1,0.1898,1,0.146,1,0.000538999971468002,3,195.663807300699,1,1.95430575252883,51.8699989318848,1,28.5907001495361,36.2765007019043,0.18979999423027,0.160600006580353,0.000538999971468002,187.911697387695,-86.8813,26.5653,15.7953520994634,53,52,53,51,53,53,0.146,7818,1.13366707078925,27,-87,0.0073,47,2021-09-23 09:37:00.001019,51.8699989318848,1.0412,2,"aoml_apex",1023.38131963846
"4903625",1,0.128785605370328,1,0.1898,1,0.146,1,0.000561999971978366,3,194.579241858499,1,1.95418598859008,56.7599983215332,1,28.50950050354,36.296199798584,0.18979999423027,0.160600006580353,0.000561999971978366,186.870101928711,-86.8813,26.5653,15.7953520994634,53,52,53,51,53,53,0.146,7818,1.13366707078925,27,-87,0.0073,47,2021-09-23 09:37:00.001019,56.7599983215332,1.0412,2,"aoml_apex",1023.44403842695
"4903625",1,0.154542726444394,1,0.219,1,0.1752,1,0.000585999980103225,3,194.76249722474,1,1.95404752043404,61.9300003051758,1,28.3983993530273,36.3142013549805,0.218999996781349,0.18979999423027,0.000585999980103225,187.046096801758,-86.8813,26.5653,15.7953520994634,53,52,53,51,53,53,0.1752,7818,1.13366707078925,27,-87,0.0073,47,2021-09-23 09:37:00.001019,61.9300003051758,1.0412,2,"aoml_apex",1023.5165619492
"4903625",1,0.244692650203623,1,0.3212,1,0.2774,1,0.000644000014290214,3,195.25959369115,1,1.95381731418145,66.629997253418,1,28.1319007873535,36.3306007385254,0.321200013160706,0.291999995708466,0.000644000014290214,187.523498535156,-86.8813,26.5653,15.7953520994634,53,52,53,51,53,53,0.2774,7818,1.13366707078925,27,-87,0.0073,47,2021-09-23 09:37:00.001019,66.629997253418,1.0412,2,"aoml_apex",1023.63715659767
"4903625",1,0.212496248861041,4,0.2847,1,0.2409,1,0.000655999989248812,3,193.742279297128,1,1.95362598254566,71.5699996948242,1,27.9710998535156,36.3653984069824,0.284700006246567,0.255499988794327,0.000655999989248812,186.066299438477,-86.8813,26.5653,15.7953520994634,53,52,53,51,53,53,0.2409,7818,1.13366707078925,27,-87,0.0073,47,2021-09-23 09:37:00.001019,71.5699996948242,1.0412,2,"aoml_apex",1023.7374082187
"4903625",1,0.244692650203623,1,0.3212,1,0.2774,1,0.000655999989248812,3,191.86698617441,1,1.95345008794059,76.9300003051758,1,27.8547992706299,36.4067001342773,0.321200013160706,0.291999995708466,0.000655999989248812,184.26530456543,-86.8813,26.5653,15.7953520994634,53,52,53,51,53,53,0.2774,7818,1.13366707078925,27,-87,0.0073,47,2021-09-23 09:37:00.001019,76.9300003051758,1.0412,2,"aoml_apex",1023.82958865792
"4903625",1,0.309085452888787,1,0.3942,1,0.3504,1,0.000668000022415072,3,190.078315928123,1,1.95328483652305,81.7399978637695,1,27.698600769043,36.4264984130859,0.394199997186661,0.365000009536743,0.000668000022415072,182.547500610352,-86.8813,26.5653,15.7953520994634,53,52,53,51,53,53,0.3504,7818,1.13366707078925,27,-87,0.0073,47,2021-09-23 09:37:00.001019,81.7399978637695,1.0412,2,"aoml_apex",1023.91620648635
"4903625",1,0.373478255573952,1,0.4672,1,0.4234,1,0.000574000005144626,3,187.276513924966,1,1.95306876652532,86.7600021362305,1,27.431999206543,36.4329986572266,0.467200011014938,0.437999993562698,0.000574000005144626,179.856704711914,-86.8813,26.5653,15.7953520994634,53,52,53,51,53,53,0.4234,7818,1.13366707078925,27,-87,0.0073,47,2021-09-23 09:37:00.001019,86.7600021362305,1.0412,2,"aoml_apex",1024.02948338485
"4903625",1,0.360599695036919,1,0.4526,1,0.4088,1,0.000631999981123954,3,184.439932487381,1,1.95280681920249,91.7799987792969,1,27.1618003845215,36.4706001281738,0.452600002288818,0.423400014638901,0.000631999981123954,177.132507324219,-86.8813,26.5653,15.7953520994634,53,52,53,51,53,53,0.4088,7818,1.13366707078925,27,-87,0.0073,47,2021-09-23 09:37:00.001019,91.7799987792969,1.0412,2,"aoml_apex",1024.16684555454
"4903625",1,0.347721134499886,1,0.438,1,0.3942,1,0.000644000014290214,3,181.701524702301,1,1.95253544965157,96.8199996948242,1,26.9701995849609,36.548900604248,0.437999993562698,0.408800005912781,0.000644000014290214,174.502593994141,-86.8813,26.5653,15.7953520994634,53,52,53,51,53,53,0.3942,7818,1.13366707078925,27,-87,0.0073,47,2021-09-23 09:37:00.001019,96.8199996948242,1.0412,2,"aoml_apex",1024.30918750125
"4903625",1,0.309085452888787,1,0.3942,1,0.3504,1,0.000631999981123954,3,180.481178060179,1,1.95234487889831,100.809997558594,1,26.8162994384766,36.5932998657227,0.394199997186661,0.365000009536743,0.000631999981123954,173.330596923828,-86.8813,26.5653,15.7953520994634,53,52,53,51,53,53,0.3504,7818,1.13366707078925,27,-87,0.0073,47,2021-09-23 09:37:00.001019,100.809997558594,1.0412,2,"aoml_apex",1024.40917156429
"4903625",1,0.25113193047214,1,0.3285,1,0.2847,1,0.000538000022061169,3,175.781267371107,1,1.95186637084441,111.970001220703,1,26.3190002441406,36.6525993347168,0.328500002622604,0.299299985170364,0.000538000022061169,168.81689453125,-86.8813,26.5653,15.7953520994634,53,52,53,51,53,53,0.2847,7818,1.13366707078925,27,-87,0.0073,47,2021-09-23 09:37:00.001019,111.970001220703,1.0412,2,"aoml_apex",1024.66030967825
"4903625",1,0.128785605370328,1,0.1898,1,0.146,1,0.000572999997530133,3,169.152551848419,1,1.9509772995365,121.830001831055,1,25.3031005859375,36.7932014465332,0.18979999423027,0.160600006580353,0.000572999997530133,162.450805664062,-86.8813,26.5653,15.7953520994634,53,52,53,51,53,53,0.146,7818,1.13366707078925,27,-87,0.0073,47,2021-09-23 09:37:00.001019,121.830001831055,1.0412,2,"aoml_apex",1025.12725313367
"4903625",1,0.103028484296262,1,0.1606,1,0.1168,1,0.00052599998889491,3,171.298056867587,1,1.95046533335097,131.839996337891,1,24.4575004577637,36.7492980957031,0.160600006580353,0.131400004029274,0.00052599998889491,164.511306762695,-86.8813,26.5653,15.7953520994634,53,52,53,51,53,53,0.1168,7818,1.13366707078925,27,-87,0.0073,47,2021-09-23 09:37:00.001019,131.839996337891,1.0412,2,"aoml_apex",1025.39633276328
"4903625",1,0.0386356816110984,4,0.0876,1,0.0438,1,0.000479000009363517,3,182.641888158721,1,1.94979502202165,141.619995117188,1,22.229700088501,36.2932014465332,0.0876000002026558,0.0584000013768673,0.000479000009363517,175.405700683594,-86.8813,26.5653,15.7953520994634,53,52,53,51,53,53,0.0438,7818,1.13366707078925,27,-87,0.0073,47,2021-09-23 09:37:00.001019,141.619995117188,1.0412,2,"aoml_apex",1025.74884919251
"4903625",1,0.0579535224166476,1,0.1095,1,0.0657,1,0.000620000006165355,3,169.185345248447,1,1.9493624936409,150.610000610352,1,21.744800567627,36.3605995178223,0.109499998390675,0.0803000032901764,0.000620000006165355,162.482299804688,-86.8813,26.5653,15.7953520994634,53,52,53,51,53,53,0.0657,7818,1.13366707078925,27,-87,0.0073,47,2021-09-23 09:37:00.001019,150.610000610352,1.0412,2,"aoml_apex",1025.97644436285
"4903625",1,0.0708320829536805,1,0.1241,1,0.0803,1,0.00113700004294515,3,148.678157779079,1,1.94861849439218,161.509994506836,1,20.8974990844727,36.5032997131348,0.124099999666214,0.0948999971151352,0.00113700004294515,142.78759765625,-86.8813,26.5653,15.7953520994634,53,52,53,51,53,53,0.0803,7818,1.13366707078925,27,-87,0.0073,47,2021-09-23 09:37:00.001019,161.509994506836,1.0412,2,"aoml_apex",1026.36817096609
"4903625",1,0.0450749618796148,1,0.0949,1,0.0511,1,0.00213599996641278,3,138.864653379362,1,1.94792200500697,171.759994506836,1,19.1774997711182,36.3213005065918,0.0948999971151352,0.065700002014637,0.00213599996641278,133.362899780273,-86.8813,26.5653,15.7953520994634,53,52,53,51,53,53,0.0511,7818,1.13366707078925,27,-87,0.0073,47,2021-09-23 09:37:00.001019,171.759994506836,1.0412,2,"aoml_apex",1026.73515410738
"4903625",1,0.0257571210740656,1,0.073,1,0.0292,1,0.00137099996209145,3,130.018887934247,1,1.94732156639056,181.440002441406,1,17.9976005554199,36.2849998474121,0.0729999989271164,0.0438000001013279,0.00137099996209145,124.867599487305,-86.8813,26.5653,15.7953520994634,53,52,53,51,53,53,0.0292,7818,1.13366707078925,27,-87,0.0073,47,2021-09-23 09:37:00.001019,181.440002441406,1.0412,2,"aoml_apex",1027.05173840758
"4903625",1,0.0128785605370328,1,0.0584,1,0.0146,1,0.000464999990072101,3,127.822985306121,1,1.94697214279229,191.830001831055,1,17.4293994903564,36.2817993164062,0.0584000013768673,0.0292000006884336,0.000464999990072101,122.758697509766,-86.8813,26.5653,15.7953520994634,53,52,53,51,53,53,0.0146,7818,1.13366707078925,27,-87,0.0073,47,2021-09-23 09:37:00.001019,191.830001831055,1.0412,2,"aoml_apex",1027.23606365095
"4903625",1,0.0193178408055492,1,0.0657,1,0.0219,1,0.000429000006988645,3,126.882947559343,1,1.94667374540654,201.210006713867,1,16.6590995788574,36.1893997192383,0.065700002014637,0.0364999994635582,0.000429000006988645,121.855903625488,-86.8813,26.5653,15.7953520994634,53,52,53,51,53,53,0.0219,7818,1.13366707078925,27,-87,0.0073,47,2021-09-23 09:37:00.001019,201.210006713867,1.0412,2,"aoml_apex",1027.39352432286
"4903625",1,0,1,0.0438,1,0,1,0.000475999986520037,3,126.275475245067,1,1.94632329931001,211.729995727539,1,15.6178998947144,36.051399230957,0.0438000001013279,0.0146000003442168,0.000475999986520037,121.272499084473,-86.8813,26.5653,15.7953520994634,53,52,53,51,53,53,0,7818,1.13366707078925,27,-87,0.0073,47,2021-09-23 09:37:00.001019,211.729995727539,1.0412,2,"aoml_apex",1027.57851211514
"4903625",1,0,1,0.0438,1,0,1,0.000628000008873641,3,119.845625319011,1,1.94616641368796,221.139999389648,1,15.231499671936,35.9902992248535,0.0438000001013279,0.0146000003442168,0.000628000008873641,115.097396850586,-86.8813,26.5653,15.7953520994634,53,52,53,51,53,53,0,7818,1.13366707078925,27,-87,0.0073,47,2021-09-23 09:37:00.001019,221.139999389648,1.0412,2,"aoml_apex",1027.66134793686
"4903625",1,0,1,0.0438,1,0,1,0.00105099997017533,3,118.965557867004,1,1.94596117761672,231.820007324219,1,14.7101001739502,35.9177017211914,0.0438000001013279,0.0146000003442168,0.00105099997017533,114.252197265625,-86.8813,26.5653,15.7953520994634,53,52,53,51,53,53,0,7818,1.13366707078925,27,-87,0.0073,47,2021-09-23 09:37:00.001019,231.820007324219,1.0412,2,"aoml_apex",1027.76973302698
"4903625",1,0,1,0.0365,1,-0.0073,1,0.000475000008009374,3,125.834710658404,1,1.94582450090529,241.580001831055,1,14.3697996139526,35.8578987121582,0.0364999994635582,0,0.000475000008009374,120.849197387695,-86.8813,26.5653,15.7953520994634,53,52,53,51,53,53,0,7818,1.13366707078925,27,-87,0.0073,47,2021-09-23 09:37:00.001019,241.580001831055,1.0412,2,"aoml_apex",1027.84192462861
"4903625",1,0,1,0.0365,1,-0.0073,1,0.00056900002527982,3,124.400595217505,1,1.9456874919057,251.660003662109,1,14.0735998153687,35.8101997375488,0.0364999994635582,0,0.00056900002527982,119.471900939941,-86.8813,26.5653,15.7953520994634,53,52,53,51,53,53,0,7818,1.13366707078925,27,-87,0.0073,47,2021-09-23 09:37:00.001019,251.660003662109,1.0412,2,"aoml_apex",1027.91430192168
"4903625",1,0,1,0.0365,1,-0.0073,1,0.000450999999884516,3,122.985633092368,1,1.94557026758172,261.839996337891,1,13.8570003509521,35.7714996337891,0.0364999994635582,0,0.000450999999884516,118.112998962402,-86.8813,26.5653,15.7953520994634,53,52,53,51,53,53,0,7818,1.13366707078925,27,-87,0.0073,47,2021-09-23 09:37:00.001019,261.839996337891,1.0412,2,"aoml_apex",1027.97623572133
"4903625",1,0,1,0.0365,1,-0.0073,1,0.00055699999211356,3,120.64354244406,1,1.94542775144589,271.010009765625,1,13.5269002914429,35.7252006530762,0.0364999994635582,0,0.00055699999211356,115.863700866699,-86.8813,26.5653,15.7953520994634,53,52,53,51,53,53,0,7818,1.13366707078925,27,-87,0.0073,47,2021-09-23 09:37:00.001019,271.010009765625,1.0412,2,"aoml_apex",1028.05154214211
"4903625",1,0,1,0.0365,1,-0.0073,1,0.000498000008519739,3,118.700040955877,1,1.94530988180084,281.130004882812,1,13.289999961853,35.6831016540527,0.0364999994635582,0,0.000498000008519739,113.997200012207,-86.8813,26.5653,15.7953520994634,53,52,53,51,53,53,0,7818,1.13366707078925,27,-87,0.0073,47,2021-09-23 09:37:00.001019,281.130004882812,1.0412,2,"aoml_apex",1028.11383353922
"4903625",1,0,1,0.0438,1,0,1,0.000461999996332452,3,118.018433949484,1,1.94517030810064,290.910003662109,1,12.9399003982544,35.628101348877,0.0438000001013279,0,0.000461999996332452,113.342597961426,-86.8813,26.5653,15.7953520994634,53,52,53,51,53,53,0,7818,1.13366707078925,27,-87,0.0073,47,2021-09-23 09:37:00.001019,290.910003662109,1.0412,2,"aoml_apex",1028.18760479276
"4903625",1,0,1,0.0365,1,-0.0073,1,0.000414999987697229,3,118.392142070635,1,1.94500609587087,301.929992675781,1,12.4694004058838,35.5527000427246,0.0364999994635582,0,0.000414999987697229,113.701499938965,-86.8813,26.5653,15.7953520994634,53,52,53,51,53,53,0,7818,1.13366707078925,27,-87,0.0073,47,2021-09-23 09:37:00.001019,301.929992675781,1.0412,2,"aoml_apex",1028.27441222209
"4903625",1,0,1,0.0365,1,-0.0073,1,0.000484999996842816,3,117.442515749769,1,1.94488728517956,310.850006103516,1,12.1788997650146,35.5071983337402,0.0364999994635582,0,0.000484999996842816,112.789497375488,-86.8813,26.5653,15.7953520994634,53,52,53,51,53,53,0,7818,1.13366707078925,27,-87,0.0073,47,2021-09-23 09:37:00.001019,310.850006103516,1.0412,2,"aoml_apex",1028.33722819847
"4903625",1,0,1,0.0438,1,0,1,0.000426000013248995,3,117.3662996936,1,1.94474272725005,321.529998779297,1,11.8053998947144,35.4491004943848,0.0438000001013279,0,0.000426000013248995,112.716300964355,-86.8813,26.5653,15.7953520994634,53,52,53,51,53,53,0,7818,1.13366707078925,27,-87,0.0073,47,2021-09-23 09:37:00.001019,321.529998779297,1.0412,2,"aoml_apex",1028.41366725566
"4903625",1,0,1,0.0438,1,0,1,0.000801999995019287,3,115.547751545785,1,1.94462139287167,331.559997558594,1,11.5988998413086,35.4221992492676,0.0438000001013279,0,0.000801999995019287,110.969802856445,-86.8813,26.5653,15.7953520994634,53,52,53,51,53,53,0,7818,1.13366707078925,27,-87,0.0073,47,2021-09-23 09:37:00.001019,331.559997558594,1.0412,2,"aoml_apex",1028.47783498182
"4903625",1,0,1,0.0365,1,-0.0073,1,0.00044900001375936,3,115.861584701817,1,1.94451041355668,341.070007324219,1,11.3645000457764,35.3847999572754,0.0364999994635582,0,0.00044900001375936,111.271202087402,-86.8813,26.5653,15.7953520994634,53,52,53,51,53,53,0,7818,1.13366707078925,27,-87,0.0073,47,2021-09-23 09:37:00.001019,341.070007324219,1.0412,2,"aoml_apex",1028.53653344125
"4903625",1,0,1,0.0438,1,0,1,0.000354999996488914,3,114.637901521901,1,1.94438842076673,351.890014648438,1,11.1900997161865,35.3627014160156,0.0438000001013279,0,0.000354999996488914,110.096000671387,-86.8813,26.5653,15.7953520994634,53,52,53,51,53,53,0,7818,1.13366707078925,27,-87,0.0073,47,2021-09-23 09:37:00.001019,351.890014648438,1.0412,2,"aoml_apex",1028.60106480748
"4903625",1,0,1,0.0438,1,0,1,0.000379000004613772,3,114.250759864062,1,1.94428608672203,361.440002441406,1,11.0508003234863,35.3433990478516,0.0438000001013279,0,0.000379000004613772,109.724197387695,-86.8813,26.5653,15.7953520994634,53,52,53,51,53,53,0,7818,1.13366707078925,27,-87,0.0073,47,2021-09-23 09:37:00.001019,361.440002441406,1.0412,2,"aoml_apex",1028.65520339751
"4903625",1,0,1,0.0511,1,0.0073,1,0.000402000005124137,3,114.008463667151,1,1.94408174907079,381.519989013672,1,10.7545003890991,35.2952995300293,0.0511000007390976,0,0.000402000005124137,109.491500854492,-86.8813,26.5653,15.7953520994634,53,52,53,51,53,53,0,7818,1.13366707078925,27,-87,0.0073,47,2021-09-23 09:37:00.001019,381.519989013672,1.0412,2,"aoml_apex",1028.76332281599
"4903625",1,0,1,0.0438,1,0,1,0.000390000001061708,3,112.152530407773,1,1.94384829002514,401.160003662109,1,10.3194999694824,35.2378005981445,0.0438000001013279,0,0.000390000001061708,107.709098815918,-86.8813,26.5653,15.7953520994634,53,52,53,51,53,53,0,7818,1.13366707078925,27,-87,0.0073,47,2021-09-23 09:37:00.001019,401.160003662109,1.0412,2,"aoml_apex",1028.88687880788
"4903625",1,0,1,0.0365,1,-0.0073,1,0.000717999995686114,3,113.418071248723,1,1.94329922533511,451.290008544922,1,9.45880031585693,35.124698638916,0.0364999994635582,0,0.000717999995686114,108.924499511719,-86.8813,26.5653,15.7953520994634,53,52,53,51,53,53,0,7818,1.13366707078925,27,-87,0.0073,47,2021-09-23 09:37:00.001019,451.290008544922,1.0412,2,"aoml_apex",1029.17758311519
"4903625",1,0,1,0.0511,1,0.0073,1,0.000422999990405515,3,115.338145475112,1,1.9427607531129,501.640014648438,1,8.72140026092529,35.037899017334,0.0511000007390976,0,0.000422999990405515,110.768501281738,-86.8813,26.5653,15.7953520994634,53,52,53,51,53,53,0,7818,1.13366707078925,27,-87,0.0073,47,2021-09-23 09:37:00.001019,501.640014648438,1.0412,2,"aoml_apex",1029.46283879545
"4903625",1,0,1,0.0438,1,0,1,0.00044599999091588,3,121.010482159972,1,1.94221188534192,551.539978027344,1,7.94089984893799,34.9578018188477,0.0438000001013279,0,0.00044599999091588,116.216102600098,-86.8813,26.5653,15.7953520994634,53,52,53,51,53,53,0,7818,1.13366707078925,27,-87,0.0073,47,2021-09-23 09:37:00.001019,551.539978027344,1.0412,2,"aoml_apex",1029.7537643005
"4903625",1,0,1,0.0511,1,0.0073,1,0.000515999970957637,3,127.110562989963,1,1.94166804096377,601.099975585938,1,7.32719993591309,34.9160003662109,0.0511000007390976,0,0.000515999970957637,122.074501037598,-86.8813,26.5653,15.7953520994634,53,52,53,51,53,53,0,7818,1.13366707078925,27,-87,0.0073,47,2021-09-23 09:37:00.001019,601.099975585938,1.0412,2,"aoml_apex",1030.0421893988
"4903625",1,0,1,0.0511,1,0.0073,1,0.000432000000728294,3,135.190585067325,1,1.94111071302117,651.159973144531,1,6.74410009384155,34.8903007507324,0.0511000007390976,0,0.000432000000728294,129.834396362305,-86.8813,26.5653,15.7953520994634,53,52,53,51,53,53,0,7818,1.13366707078925,27,-87,0.0073,47,2021-09-23 09:37:00.001019,651.159973144531,1.0412,2,"aoml_apex",1030.33793311417
"4903625",1,0,1,0.0438,1,0,1,0.000432000000728294,3,142.257785209184,1,1.94057706270256,701.710021972656,1,6.36609983444214,34.8875999450684,0.0438000001013279,0,0.000432000000728294,136.621597290039,-86.8813,26.5653,15.7953520994634,53,52,53,51,53,53,0,7818,1.13366707078925,27,-87,0.0073,47,2021-09-23 09:37:00.001019,701.710021972656,1.0412,2,"aoml_apex",1030.62127159984
"4903625",1,0,1,0.0438,1,0,1,0.00044299999717623,3,149.111939468789,1,1.94006321003196,751.070007324219,1,6.04570007324219,34.8903999328613,0.0438000001013279,0,0.00044299999717623,143.204193115234,-86.8813,26.5653,15.7953520994634,53,52,53,51,53,53,0,7818,1.13366707078925,27,-87,0.0073,47,2021-09-23 09:37:00.001019,751.070007324219,1.0412,2,"aoml_apex",1030.89424594937
"4903625",1,0,1,0.0511,1,0.0073,1,0.000348000001395121,3,156.86522711065,1,1.93953465369994,801.429992675781,1,5.72389984130859,34.8981018066406,0.0511000007390976,0,0.000348000001395121,150.650299072266,-86.8813,26.5653,15.7953520994634,53,52,53,51,53,53,0,7818,1.13366707078925,27,-87,0.0073,47,2021-09-23 09:37:00.001019,801.429992675781,1.0412,2,"aoml_apex",1031.17518224524
"4903625",1,0,1,0.0511,1,0.0073,1,0.000372000009519979,3,162.93345194885,1,1.93903600520204,851.349975585938,1,5.48899984359741,34.9047012329102,0.0511000007390976,0,0.000372000009519979,156.478103637695,-86.8813,26.5653,15.7953520994634,53,52,53,51,53,53,0,7818,1.13366707078925,27,-87,0.0073,47,2021-09-23 09:37:00.001019,851.349975585938,1.0412,2,"aoml_apex",1031.44036244526
"4903625",1,0,1,0.0511,1,0.0073,1,0.000358999997843057,3,169.713995829419,1,1.93853991631598,901.320007324219,1,5.27069997787476,34.9127998352051,0.0511000007390976,0,0.000358999997843057,162.990005493164,-86.8813,26.5653,15.7953520994634,53,52,53,51,53,53,0,7818,1.13366707078925,27,-87,0.0073,47,2021-09-23 09:37:00.001019,901.320007324219,1.0412,2,"aoml_apex",1031.7043168246
"4903625",1,0,1,0.0438,1,0,1,0.000334999989718199,3,176.087926970883,1,1.93804973582638,951.900024414062,1,5.07849979400635,34.9184989929199,0.0438000001013279,0,0.000334999989718199,169.111404418945,-86.8813,26.5653,15.7953520994634,53,52,53,51,53,53,0,7818,1.13366707078925,27,-87,0.0073,47,2021-09-23 09:37:00.001019,951.900024414062,1.0412,2,"aoml_apex",1031.96526024509
"4903625",1,0,1,0.0438,1,0,1,0.000346999993780628,3,181.240351626134,1,1.93759821417201,999.609985351562,1,4.9293999671936,34.9225997924805,0.0438000001013279,0,0.000346999993780628,174.059692382812,-86.8813,26.5653,15.7953520994634,53,52,53,51,53,53,0,7818,1.13366707078925,27,-87,0.0073,47,2021-09-23 09:37:00.001019,999.609985351562,1.0412,2,"aoml_apex",1032.20574078339
"4903625",1,0,1,0.0511,1,0.0073,1,0.000345999986166134,3,192.337835210179,1,1.93665918625188,1099.36999511719,1,4.64650011062622,34.9337997436523,0.0511000007390976,0,0.000345999986166134,184.717498779297,-86.8813,26.5653,15.7953520994634,53,52,53,51,53,53,0,7818,1.13366707078925,27,-87,0.0073,47,2021-09-23 09:37:00.001019,1099.36999511719,1.0412,2,"aoml_apex",1032.70622637053
"4903625",1,0,1,0.0438,1,0,1,0.000464000011561438,3,200.041456103742,1,1.93574549548735,1200.05004882812,1,4.4672999382019,34.9420013427734,0.0438000001013279,0,0.000464000011561438,192.115905761719,-86.8813,26.5653,15.7953520994634,53,52,53,51,53,53,0,7818,1.13366707078925,27,-87,0.0073,47,2021-09-23 09:37:00.001019,1200.05004882812,1.0412,2,"aoml_apex",1033.1936737874
"4903625",1,0,1,0.0438,1,0,1,0.000322000007145107,3,204.012174402175,1,1.93487774350335,1299.47998046875,1,4.38840007781982,34.9452018737793,0.0438000001013279,0,0.000322000007145107,195.929306030273,-86.8813,26.5653,15.7953520994634,53,52,53,51,53,53,0,7818,1.13366707078925,27,-87,0.0073,47,2021-09-23 09:37:00.001019,1299.47998046875,1.0412,2,"aoml_apex",1033.65703942552
"4903625",1,0,1,0.0511,1,0.0073,1,0.000334000011207536,3,206.683613107255,1,1.93402671105773,1398.39001464844,1,4.3439998626709,34.9476013183594,0.0511000007390976,0,0.000334000011207536,198.494903564453,-86.8813,26.5653,15.7953520994634,53,52,53,51,53,53,0,7818,1.13366707078925,27,-87,0.0073,47,2021-09-23 09:37:00.001019,1398.39001464844,1.0412,2,"aoml_apex",1034.11188096063
"4903625",1,0,1,0.0511,1,0.0073,1,0.000299000006634742,3,208.691049014872,1,1.93316503807922,1499.31005859375,1,4.31269979476929,34.9496002197266,0.0511000007390976,0,0.000299000006634742,200.422805786133,-86.8813,26.5653,15.7953520994634,53,52,53,51,53,53,0,7818,1.13366707078925,27,-87,0.0073,47,2021-09-23 09:37:00.001019,1499.31005859375,1.0412,2,"aoml_apex",1034.57281742856
"4903625",1,0,1,0.0438,1,0,1,0.000299000006634742,3,210.136818505636,1,1.93231241637449,1599.98999023438,1,4.29489994049072,34.9509010314941,0.0438000001013279,0,0.000299000006634742,201.811294555664,-86.8813,26.5653,15.7953520994634,53,52,53,51,53,53,0,7818,1.13366707078925,27,-87,0.0073,47,2021-09-23 09:37:00.001019,1599.98999023438,1.0412,2,"aoml_apex",1035.029316715
"4903625",1,0,1,0.0438,1,0,1,0.000310000003082678,3,211.051570062421,1,1.93148147470687,1698.89001464844,1,4.28819990158081,34.951301574707,0.0438000001013279,0,0.000310000003082678,202.689804077148,-86.8813,26.5653,15.7953520994634,53,52,53,51,53,53,0,7818,1.13366707078925,27,-87,0.0073,47,2021-09-23 09:37:00.001019,1698.89001464844,1.0412,2,"aoml_apex",1035.47459615347
"4903625",1,0,1,0.0438,1,0,1,0.000287000002572313,3,211.957249414063,1,1.93064109957545,1799.28002929688,1,4.28520011901855,34.9519996643066,0.0438000001013279,0,0.000287000002572313,203.559600830078,-86.8813,26.5653,15.7953520994634,53,52,53,51,53,53,0,7818,1.13366707078925,27,-87,0.0073,47,2021-09-23 09:37:00.001019,1799.28002929688,1.0412,2,"aoml_apex",1035.92532057864
"4903625",1,0,1,0.0438,1,0,1,0.000287000002572313,3,213.572864566793,1,1.92982071128077,1897.72998046875,1,4.28550004959106,34.9524002075195,0.0438000001013279,0,0.000287000002572313,205.111206054688,-86.8813,26.5653,15.7953520994634,53,52,53,51,53,53,0,7818,1.13366707078925,27,-87,0.0073,47,2021-09-23 09:37:00.001019,1897.72998046875,1.0412,2,"aoml_apex",1036.36570397913
"4903625",2,0.032819125250491,5,0.0584,1,0.0146,1,0.000503999995999038,3,194.780769701079,1,1.95502836146353,7.92000007629395,1,28.9407005310059,36.1786003112793,0.0584000013768673,0.0646492391824722,0.000503999995999038,186.957992553711,-86.6036,25.6612,63.5755521883532,53,52,53,51,53,53,0.0438,8046,1.33458767306251,26,-87,0.0073,47,2021-10-03 17:19:10.001851,7.92000007629395,1.0412,2,"aoml_apex",1023.00306196213
"4903625",2,0.032819125250491,5,0.0584,1,0.0146,1,0.00049200002104044,3,194.718992972381,1,1.95499883112158,11.3400001525879,1,28.9419994354248,36.1803016662598,0.0584000013768673,0.0646492391824722,0.00049200002104044,186.898696899414,-86.6036,25.6612,63.5755521883532,53,52,53,51,53,53,0.0438,8046,1.33458767306251,26,-87,0.0073,47,2021-10-03 17:19:10.001851,11.3400001525879,1.0412,2,"aoml_apex",1023.01851446765
"4903625",2,0.032819125250491,5,0.0657,1,0.0219,1,0.00047999998787418,3,194.750358254348,1,1.95495441331393,16.3999996185303,1,28.9340000152588,36.1789016723633,0.065700002014637,0.0646492391824722,0.00047999998787418,186.928802490234,-86.6036,25.6612,63.5755521883532,53,52,53,51,53,53,0.0438,8046,1.33458767306251,26,-87,0.0073,47,2021-10-03 17:19:10.001851,16.3999996185303,1.0412,2,"aoml_apex",1023.04175809896
"4903625",2,0.032819125250491,5,0.0657,1,0.0219,1,0.000468000012915581,3,194.63033398732,1,1.95491102231981,21.3799991607666,1,28.9314994812012,36.1796989440918,0.065700002014637,0.0646492391824722,0.000468000012915581,186.813598632812,-86.6036,25.6612,63.5755521883532,53,52,53,51,53,53,0.0438,8046,1.33458767306251,26,-87,0.0073,47,2021-10-03 17:19:10.001851,21.3799991607666,1.0412,2,"aoml_apex",1023.06446542344
"4903625",2,0.032819125250491,5,0.0657,1,0.0219,1,0.00049200002104044,3,194.579383288536,1,1.95486861854377,26.5799999237061,1,28.931999206543,36.1799011230469,0.065700002014637,0.0646492391824722,0.00049200002104044,186.764694213867,-86.6036,25.6612,63.5755521883532,53,52,53,51,53,53,0.0438,8046,1.33458767306251,26,-87,0.0073,47,2021-10-03 17:19:10.001851,26.5799999237061,1.0412,2,"aoml_apex",1023.086657092
"4903625",2,0.032819125250491,5,0.0584,1,0.0146,1,0.00047999998787418,3,194.530117698666,1,1.95482206015061,31.8700008392334,1,28.9258003234863,36.179500579834,0.0584000013768673,0.0646492391824722,0.00047999998787418,186.717407226562,-86.6036,25.6612,63.5755521883532,53,52,53,51,53,53,0.0438,8046,1.33458767306251,26,-87,0.0073,47,2021-10-03 17:19:10.001851,31.8700008392334,1.0412,2,"aoml_apex",1023.11102415424
"4903625",2,0.032819125250491,5,0.0584,1,0.0146,1,0.00049200002104044,3,194.477497788221,1,1.95477867995535,36.9799995422363,1,28.9244995117188,36.1800994873047,0.0584000013768673,0.0646492391824722,0.00049200002104044,186.666900634766,-86.6036,25.6612,63.5755521883532,53,52,53,51,53,53,0.0438,8046,1.33458767306251,26,-87,0.0073,47,2021-10-03 17:19:10.001851,36.9799995422363,1.0412,2,"aoml_apex",1023.13372890157
"4903625",2,0.032819125250491,5,0.073,1,0.0292,1,0.000503999995999038,3,194.438009009506,1,1.95473920029391,41.9099998474121,1,28.925199508667,36.1799011230469,0.0729999989271164,0.0646492391824722,0.000503999995999038,186.628997802734,-86.6036,25.6612,63.5755521883532,53,52,53,51,53,53,0.0438,8046,1.33458767306251,26,-87,0.0073,47,2021-10-03 17:19:10.001851,41.9099998474121,1.0412,2,"aoml_apex",1023.15439302557
"4903625",2,0.032819125250491,5,0.0803,1,0.0365,1,0.00049200002104044,3,194.326537465083,1,1.9546987791491,46.8800010681152,1,28.9246997833252,36.1795997619629,0.0803000032901764,0.0646492391824722,0.00049200002104044,186.522003173828,-86.6036,25.6612,63.5755521883532,53,52,53,51,53,53,0.0438,8046,1.33458767306251,26,-87,0.0073,47,2021-10-03 17:19:10.001851,46.8800010681152,1.0412,2,"aoml_apex",1023.17555079797
"4903625",2,0.032819125250491,5,0.0803,1,0.0365,1,0.000526999996509403,3,194.469469674996,1,1.95465994298404,51.5800018310547,1,28.9248008728027,36.1800003051758,0.0803000032901764,0.0646492391824722,0.000526999996509403,186.659194946289,-86.6036,25.6612,63.5755521883532,53,52,53,51,53,53,0.0438,8046,1.33458767306251,26,-87,0.0073,47,2021-10-03 17:19:10.001851,51.5800018310547,1.0412,2,"aoml_apex",1023.19587976348
"4903625",2,0.032819125250491,5,0.0949,1,0.0511,1,0.000503999995999038,3,194.654513710519,1,1.95461482832989,56.8600006103516,1,28.9218006134033,36.1800994873047,0.0948999971151352,0.065700002014637,0.000503999995999038,186.836807250977,-86.6036,25.6612,63.5755521883532,53,52,53,51,53,53,0.0438,8046,1.33458767306251,26,-87,0.0073,47,2021-10-03 17:19:10.001851,56.8600006103516,1.0412,2,"aoml_apex",1023.21949624668
"4903625",2,0.032819125250491,5,0.0876,1,0.0438,1,0.00047999998787418,3,196.016097610734,1,1.95457296684012,61.939998626709,1,28.9211006164551,36.1800994873047,0.0876000002026558,0.0584000013768673,0.00047999998787418,188.143707275391,-86.6036,25.6612,63.5755521883532,53,52,53,51,53,53,0.0438,8046,1.33458767306251,26,-87,0.0073,47,2021-10-03 17:19:10.001851,61.939998626709,1.0412,2,"aoml_apex",1023.24141074831
"4903625",2,0.0601683962925669,1,0.1241,1,0.0803,1,0.000574000005144626,3,201.773526573378,1,1.95445909886353,66.2200012207031,1,28.8262004852295,36.192798614502,0.124099999666214,0.0948999971151352,0.000574000005144626,193.669906616211,-86.6036,25.6612,63.5755521883532,53,52,53,51,53,53,0.0803,8046,1.33458767306251,26,-87,0.0073,47,2021-10-03 17:19:10.001851,66.2200012207031,1.0412,2,"aoml_apex",1023.30102541565
"4903625",2,0.0765779589178124,1,0.146,1,0.1022,1,0.000608999980613589,3,202.890690194714,1,1.95411156499286,71.6399993896484,1,28.4123992919922,36.2206001281738,0.145999997854233,0.116800002753735,0.000608999980613589,194.742202758789,-86.6036,25.6612,63.5755521883532,53,52,53,51,53,53,0.1022,8046,1.33458767306251,26,-87,0.0073,47,2021-10-03 17:19:10.001851,71.6399993896484,1.0412,2,"aoml_apex",1023.48301695216
"4903625",2,0.0875176673346428,1,0.1606,1,0.1168,1,0.000608999980613589,3,197.710029501211,1,1.95387501689665,76.1800003051758,1,28.1294994354248,36.2350997924805,0.160600006580353,0.131400004029274,0.000608999980613589,189.769607543945,-86.6036,25.6612,63.5755521883532,53,52,53,51,53,53,0.1168,8046,1.33458767306251,26,-87,0.0073,47,2021-10-03 17:19:10.001851,76.1800003051758,1.0412,2,"aoml_apex",1023.60692608507
"4903625",2,0.114866938376719,1,0.1971,1,0.1533,1,0.000538999971468002,3,194.858078046848,1,1.95346659338365,82,1,27.6023998260498,36.2566986083984,0.19709999859333,0.167899996042252,0.000538999971468002,187.032196044922,-86.6036,25.6612,63.5755521883532,53,52,53,51,53,53,0.1533,8046,1.33458767306251,26,-87,0.0073,47,2021-10-03 17:19:10.001851,82,1.0412,2,"aoml_apex",1023.82093800527
"4903625",2,0.153155917835625,1,0.2482,1,0.2044,1,0.000526999996509403,3,191.78819113862,1,1.95334343502644,86.9700012207031,1,27.4810009002686,36.2616996765137,0.248199999332428,0.218999996781349,0.000526999996509403,184.085601806641,-86.6036,25.6612,63.5755521883532,53,52,53,51,53,53,0.2044,8046,1.33458767306251,26,-87,0.0073,47,2021-10-03 17:19:10.001851,86.9700012207031,1.0412,2,"aoml_apex",1023.88548994352
"4903625",2,0.202384605711361,1,0.3139,1,0.2701,1,0.000526999996509403,3,188.997618981607,1,1.95314429660267,91.8000030517578,1,27.2740001678467,36.2836990356445,0.313899993896484,0.284700006246567,0.000526999996509403,181.407104492188,-86.6036,25.6612,63.5755521883532,53,52,53,51,53,53,0.2701,8046,1.33458767306251,26,-87,0.0073,47,2021-10-03 17:19:10.001851,91.8000030517578,1.0412,2,"aoml_apex",1023.98988312273
"4903625",2,0.344600815130156,1,0.5037,1,0.4599,1,0.000655999989248812,3,185.628704727315,1,1.95295512858688,96.5400009155273,1,27.1886005401611,36.3517990112305,0.503700017929077,0.474500000476837,0.000655999989248812,178.173492431641,-86.6036,25.6612,63.5755521883532,53,52,53,51,53,53,0.4599,8046,1.33458767306251,26,-87,0.0073,47,2021-10-03 17:19:10.001851,96.5400009155273,1.0412,2,"aoml_apex",1024.08906929017
"4903625",2,0.399299357214308,1,0.5767,1,0.5329,1,0.000750000006519258,3,184.452371526923,1,1.95279275589972,101.889999389648,1,26.9930000305176,36.350700378418,0.57669997215271,0.547500014305115,0.000750000006519258,177.044403076172,-86.6036,25.6612,63.5755521883532,53,52,53,51,53,53,0.5329,8046,1.33458767306251,26,-87,0.0073,47,2021-10-03 17:19:10.001851,101.889999389648,1.0412,2,"aoml_apex",1024.17422123144
"4903625",2,0.289902273046004,1,0.4307,1,0.3869,1,0.000574000005144626,3,176.972777150856,1,1.95235929816898,111.620002746582,1,26.5506992340088,36.4091987609863,0.4307000041008,0.40149998664856,0.000574000005144626,169.865203857422,-86.6036,25.6612,63.5755521883532,53,52,53,51,53,53,0.3869,8046,1.33458767306251,26,-87,0.0073,47,2021-10-03 17:19:10.001851,111.620002746582,1.0412,2,"aoml_apex",1024.40160572683
"4903625",2,0.131276501001964,1,0.219,1,0.1752,1,0.000538000022061169,3,171.101476158448,1,1.9518505395004,121.949996948242,1,26.2026996612549,36.5581016540527,0.218999996781349,0.18979999423027,0.000538000022061169,164.229705810547,-86.6036,25.6612,63.5755521883532,53,52,53,51,53,53,0.1752,8046,1.33458767306251,26,-87,0.0073,47,2021-10-03 17:19:10.001851,121.949996948242,1.0412,2,"aoml_apex",1024.66862063728
"4903625",2,0.0875176673346428,1,0.1606,1,0.1168,1,0.000548999989405274,3,165.610962088968,1,1.95132142334632,131.460006713867,1,25.7856998443604,36.698299407959,0.160600006580353,0.131400004029274,0.000548999989405274,158.959701538086,-86.6036,25.6612,63.5755521883532,53,52,53,51,53,53,0.1168,8046,1.33458767306251,26,-87,0.0073,47,2021-10-03 17:19:10.001851,131.460006713867,1.0412,2,"aoml_apex",1024.94646759435
"4903625",2,0.0437588336673214,1,0.1022,1,0.0584,1,0.000478000001749024,3,165.016897607571,1,1.9505400897366,141.809997558594,1,25.1016006469727,36.9014015197754,0.102200001478195,0.0729999989271164,0.000478000001749024,158.389495849609,-86.6036,25.6612,63.5755521883532,53,52,53,51,53,53,0.0584,8046,1.33458767306251,26,-87,0.0073,47,2021-10-03 17:19:10.001851,141.809997558594,1.0412,2,"aoml_apex",1025.35703343072
"4903625",2,0.032819125250491,1,0.0876,1,0.0438,1,0.000361000013072044,3,163.582806332268,1,1.9501255260959,151.610000610352,1,24.6516990661621,36.9514007568359,0.0876000002026558,0.0584000013768673,0.000361000013072044,157.013000488281,-86.6036,25.6612,63.5755521883532,53,52,53,51,53,53,0.0438,8046,1.33458767306251,26,-87,0.0073,47,2021-10-03 17:19:10.001851,151.610000610352,1.0412,2,"aoml_apex",1025.57500696068
"4903625",2,0.0273492710420759,1,0.0803,1,0.0365,1,0.000418999989051372,3,160.743986009636,1,1.94973769908294,161.779998779297,1,24.175199508667,36.9720993041992,0.0803000032901764,0.0511000007390976,0.000418999989051372,154.288192749023,-86.6036,25.6612,63.5755521883532,53,52,53,51,53,53,0.0365,8046,1.33458767306251,26,-87,0.0073,47,2021-10-03 17:19:10.001851,161.779998779297,1.0412,2,"aoml_apex",1025.77900655083
"4903625",2,0.0273492710420759,1,0.0803,1,0.0365,1,0.000349000009009615,3,160.340386527345,1,1.94932323360843,171.919998168945,1,23.7548999786377,37.0359001159668,0.0803000032901764,0.0511000007390976,0.000349000009009615,153.900802612305,-86.6036,25.6612,63.5755521883532,53,52,53,51,53,53,0.0365,8046,1.33458767306251,26,-87,0.0073,47,2021-10-03 17:19:10.001851,171.919998168945,1.0412,2,"aoml_apex",1025.99710787716
"4903625",2,0.0164095626252455,1,0.0657,1,0.0219,1,0.000384000013582408,3,158.356409239264,1,1.9490406704421,181.960006713867,1,23.3831005096436,37.0293006896973,0.065700002014637,0.0364999994635582,0.000384000013582408,151.996505737305,-86.6036,25.6612,63.5755521883532,53,52,53,51,53,53,0.0219,8046,1.33458767306251,26,-87,0.0073,47,2021-10-03 17:19:10.001851,181.960006713867,1.0412,2,"aoml_apex",1026.14585233172
"4903625",2,0.00546985420841517,1,0.0511,1,0.0073,1,0.000372000009519979,3,157.446975034783,1,1.94874152287494,191.699996948242,1,22.9468002319336,37.0124015808105,0.0511000007390976,0.0219000000506639,0.000372000009519979,151.123596191406,-86.6036,25.6612,63.5755521883532,53,52,53,51,53,53,0.0073,8046,1.33458767306251,26,-87,0.0073,47,2021-10-03 17:19:10.001851,191.699996948242,1.0412,2,"aoml_apex",1026.30337401003
"4903625",2,0.00546985420841517,1,0.0511,1,0.0073,1,0.000441999989561737,3,155.661983673904,1,1.94846508583058,201.699996948242,1,22.5256996154785,36.9860000610352,0.0511000007390976,0.0219000000506639,0.000441999989561737,149.410293579102,-86.6036,25.6612,63.5755521883532,53,52,53,51,53,53,0.0073,8046,1.33458767306251,26,-87,0.0073,47,2021-10-03 17:19:10.001851,201.699996948242,1.0412,2,"aoml_apex",1026.4489800429
"4903625",2,0.00546985420841517,1,0.0511,1,0.0073,1,0.000395000010030344,3,152.422488963701,1,1.94817079430025,211.75,1,21.9817008972168,36.9272994995117,0.0511000007390976,0.0219000000506639,0.000395000010030344,146.300903320312,-86.6036,25.6612,63.5755521883532,53,52,53,51,53,53,0.0073,8046,1.33458767306251,26,-87,0.0073,47,2021-10-03 17:19:10.001851,211.75,1.0412,2,"aoml_apex",1026.60403587375
"4903625",2,0,1,0.0438,1,0,1,0.000325000000884756,3,151.280207681186,1,1.94790837120364,221.240005493164,1,21.5442008972168,36.8922004699707,0.0438000001013279,0.0146000003442168,0.000325000000884756,145.204498291016,-86.6036,25.6612,63.5755521883532,53,52,53,51,53,53,0,8046,1.33458767306251,26,-87,0.0073,47,2021-10-03 17:19:10.001851,221.240005493164,1.0412,2,"aoml_apex",1026.74234043369
"4903625",2,-0.00546985420841517,1,0.0365,1,-0.0073,1,0.000348000001395121,3,150.713963394134,1,1.94755021169807,231.889999389648,1,20.8607006072998,36.8292007446289,0.0364999994635582,0.00730000017210841,0.000348000001395121,144.660995483398,-86.6036,25.6612,63.5755521883532,53,52,53,51,53,53,-0.0073,8046,1.33458767306251,26,-87,0.0073,47,2021-10-03 17:19:10.001851,231.889999389648,1.0412,2,"aoml_apex",1026.93116099749
"4903625",2,-0.00546985420841517,1,0.0365,1,-0.0073,1,0.000335999997332692,3,149.813399857334,1,1.94739828267132,240.899993896484,1,20.6459007263184,36.8055000305176,0.0364999994635582,0.00730000017210841,0.000335999997332692,143.796600341797,-86.6036,25.6612,63.5755521883532,53,52,53,51,53,53,-0.0073,8046,1.33458767306251,26,-87,0.0073,47,2021-10-03 17:19:10.001851,240.899993896484,1.0412,2,"aoml_apex",1027.01127848204
"4903625",2,-0.00546985420841517,1,0.0365,1,-0.0073,1,0.000383000005967915,3,150.631249982035,1,1.94714668521927,251.229995727539,1,20.1319999694824,36.7370986938477,0.0364999994635582,0.00730000017210841,0.000383000005967915,144.581604003906,-86.6036,25.6612,63.5755521883532,53,52,53,51,53,53,-0.0073,8046,1.33458767306251,26,-87,0.0073,47,2021-10-03 17:19:10.001851,251.229995727539,1.0412,2,"aoml_apex",1027.14398210568
"4903625",2,0,1,0.0292,1,-0.0146,1,0.000335999997332692,3,153.72957707751,1,1.94690557341494,261.890014648438,1,19.6636009216309,36.6782989501953,0.0292000006884336,0,0.000335999997332692,147.55549621582,-86.6036,25.6612,63.5755521883532,53,52,53,51,53,53,0,8046,1.33458767306251,26,-87,0.0073,47,2021-10-03 17:19:10.001851,261.890014648438,1.0412,2,"aoml_apex",1027.27118731903
"4903625",2,0,1,0.0292,1,-0.0146,1,0.000335999997332692,3,157.902049825236,1,1.94669484933861,271.540008544922,1,19.3365993499756,36.6553993225098,0.0292000006884336,0,0.000335999997332692,151.560394287109,-86.6036,25.6612,63.5755521883532,53,52,53,51,53,53,0,8046,1.33458767306251,26,-87,0.0073,47,2021-10-03 17:19:10.001851,271.540008544922,1.0412,2,"aoml_apex",1027.38238644824
"4903625",2,0,1,0.0292,1,-0.0146,1,0.000371000001905486,3,154.283119458687,1,1.94652399493756,281.420013427734,1,18.997200012207,36.6004981994629,0.0292000006884336,0,0.000371000001905486,148.086807250977,-86.6036,25.6612,63.5755521883532,53,52,53,51,53,53,0,8046,1.33458767306251,26,-87,0.0073,47,2021-10-03 17:19:10.001851,281.420013427734,1.0412,2,"aoml_apex",1027.47256401746
"4903625",2,0,1,0.0365,1,-0.0073,1,0.000335999997332692,3,154.259051016266,1,1.94635150894768,291.290008544922,1,18.673999786377,36.5535011291504,0.0364999994635582,0,0.000335999997332692,148.063705444336,-86.6036,25.6612,63.5755521883532,53,52,53,51,53,53,0,8046,1.33458767306251,26,-87,0.0073,47,2021-10-03 17:19:10.001851,291.290008544922,1.0412,2,"aoml_apex",1027.56361880456
"4903625",2,0,1,0.0292,1,-0.0146,1,0.000346999993780628,3,151.799253021377,1,1.94620799412995,301.019989013672,1,18.4288997650146,36.5145988464355,0.0292000006884336,0,0.000346999993780628,145.702697753906,-86.6036,25.6612,63.5755521883532,53,52,53,51,53,53,0,8046,1.33458767306251,26,-87,0.0073,47,2021-10-03 17:19:10.001851,301.019989013672,1.0412,2,"aoml_apex",1027.63939210624
"4903625",2,0,1,0.0219,1,-0.0219,1,0.000311999989207834,3,151.426684978721,1,1.94603296219313,311.140014648438,1,18.1009006500244,36.4682998657227,0.0219000000506639,0,0.000311999989207834,145.345092773438,-86.6036,25.6612,63.5755521883532,53,52,53,51,53,53,0,8046,1.33458767306251,26,-87,0.0073,47,2021-10-03 17:19:10.001851,311.140014648438,1.0412,2,"aoml_apex",1027.73182102016
"4903625",2,0,1,0.0365,1,-0.0073,1,0.000358999997843057,3,149.245597639399,1,1.94585870479615,321.549987792969,1,17.766300201416,36.4188003540039,0.0364999994635582,0,0.000358999997843057,143.251602172852,-86.6036,25.6612,63.5755521883532,53,52,53,51,53,53,0,8046,1.33458767306251,26,-87,0.0073,47,2021-10-03 17:19:10.001851,321.549987792969,1.0412,2,"aoml_apex",1027.82385744166
"4903625",2,0,1,0.0365,1,-0.0073,1,0.000334999989718199,3,147.496963298214,1,1.9457109812947,331.540008544922,1,17.4815998077393,36.3708000183105,0.0364999994635582,0,0.000334999989718199,141.573196411133,-86.6036,25.6612,63.5755521883532,53,52,53,51,53,53,0,8046,1.33458767306251,26,-87,0.0073,47,2021-10-03 17:19:10.001851,331.540008544922,1.0412,2,"aoml_apex",1027.90189253554
"4903625",2,0,1,0.0219,1,-0.0219,1,0.00032299998565577,3,145.411100509818,1,1.94558126961724,341.049987792969,1,17.2649002075195,36.3358993530273,0.0219000000506639,0,0.00032299998565577,139.571105957031,-86.6036,25.6612,63.5755521883532,53,52,53,51,53,53,0,8046,1.33458767306251,26,-87,0.0073,47,2021-10-03 17:19:10.001851,341.049987792969,1.0412,2,"aoml_apex",1027.97042263543
"4903625",2,0,1,0.0365,1,-0.0073,1,0.00032299998565577,3,141.940618700289,1,1.94540609677141,351.040008544922,1,16.8764991760254,36.2752990722656,0.0364999994635582,0,0.00032299998565577,136.240005493164,-86.6036,25.6612,63.5755521883532,53,52,53,51,53,53,0,8046,1.33458767306251,26,-87,0.0073,47,2021-10-03 17:19:10.001851,351.040008544922,1.0412,2,"aoml_apex",1028.06298557365
"4903625",2,0,1,0.0292,1,-0.0146,1,0.000369999994290993,3,137.008225421113,1,1.94524326917378,361.339996337891,1,16.5097999572754,36.2128982543945,0.0292000006884336,0,0.000369999994290993,131.505706787109,-86.6036,25.6612,63.5755521883532,53,52,53,51,53,53,0,8046,1.33458767306251,26,-87,0.0073,47,2021-10-03 17:19:10.001851,361.339996337891,1.0412,2,"aoml_apex",1028.14904011953
"4903625",2,0,1,0.0365,1,-0.0073,1,0.000381999998353422,3,133.461786532398,1,1.94490046249298,380.660003662109,1,15.648699760437,36.0727996826172,0.0364999994635582,0,0.000381999998353422,128.101699829102,-86.6036,25.6612,63.5755521883532,53,52,53,51,53,53,0,8046,1.33458767306251,26,-87,0.0073,47,2021-10-03 17:19:10.001851,380.660003662109,1.0412,2,"aoml_apex",1028.33026088975
"4903625",2,0,1,0.0292,1,-0.0146,1,0.000357999990228564,3,130.456172221732,1,1.9446128821286,401.209991455078,1,15.0525999069214,35.9743003845215,0.0292000006884336,0,0.000357999990228564,125.216796875,-86.6036,25.6612,63.5755521883532,53,52,53,51,53,53,0,8046,1.33458767306251,26,-87,0.0073,47,2021-10-03 17:19:10.001851,401.209991455078,1.0412,2,"aoml_apex",1028.48233619165
"4903625",2,0,1,0.0365,1,-0.0073,1,0.000368000008165836,3,117.041624248597,1,1.94386254315463,451.440002441406,1,13.2230997085571,35.679500579834,0.0364999994635582,0,0.000368000008165836,112.341003417969,-86.6036,25.6612,63.5755521883532,53,52,53,51,53,53,0,8046,1.33458767306251,26,-87,0.0073,47,2021-10-03 17:19:10.001851,451.440002441406,1.0412,2,"aoml_apex",1028.87933462325
"4903625",2,0,1,0.0365,1,-0.0073,1,0.000460999988717958,3,116.659263497532,1,1.94317338155596,501.130004882812,1,11.4899997711182,35.4090003967285,0.0364999994635582,0,0.000460999988717958,111.973999023438,-86.6036,25.6612,63.5755521883532,53,52,53,51,53,53,0,8046,1.33458767306251,26,-87,0.0073,47,2021-10-03 17:19:10.001851,501.130004882812,1.0412,2,"aoml_apex",1029.24423470567
"4903625",2,0,1,0.0438,1,0,1,0.000494999985676259,3,113.66917285531,1,1.94256861593692,551.409973144531,1,10.33899974823,35.2499008178711,0.0438000001013279,0,0.000494999985676259,109.103996276855,-86.6036,25.6612,63.5755521883532,53,52,53,51,53,53,0,8046,1.33458767306251,26,-87,0.0073,47,2021-10-03 17:19:10.001851,551.409973144531,1.0412,2,"aoml_apex",1029.56466175347
"4903625",2,0,1,0.0511,1,0.0073,1,0.000434999994467944,3,115.668260483234,1,1.94195488923275,601.349975585938,1,9.00100040435791,35.0722007751465,0.0511000007390976,0,0.000434999994467944,111.022796630859,-86.6036,25.6612,63.5755521883532,53,52,53,51,53,53,0,8046,1.33458767306251,26,-87,0.0073,47,2021-10-03 17:19:10.001851,601.349975585938,1.0412,2,"aoml_apex",1029.89004074661
"4903625",2,0,1,0.0438,1,0,1,0.000480999995488673,3,119.132598004126,1,1.94139308297309,650.989990234375,1,8.1628999710083,34.986400604248,0.0438000001013279,0,0.000480999995488673,114.347999572754,-86.6036,25.6612,63.5755521883532,53,52,53,51,53,53,0,8046,1.33458767306251,26,-87,0.0073,47,2021-10-03 17:19:10.001851,650.989990234375,1.0412,2,"aoml_apex",1030.18807347205
"4903625",2,0,1,0.0511,1,0.0073,1,0.000422000011894852,3,124.087390514063,1,1.94084698093484,701.030029296875,1,7.53819990158081,34.9388008117676,0.0511000007390976,0,0.000422000011894852,119.103797912598,-86.6036,25.6612,63.5755521883532,53,52,53,51,53,53,0,8046,1.33458767306251,26,-87,0.0073,47,2021-10-03 17:19:10.001851,701.030029296875,1.0412,2,"aoml_apex",1030.47794063428
"4903625",2,0,1,0.0438,1,0,1,0.000373999995645136,3,131.621584008687,1,1.94027689547557,751.789978027344,1,6.93459987640381,34.9115982055664,0.0438000001013279,0,0.000373999995645136,126.335403442383,-86.6036,25.6612,63.5755521883532,53,52,53,51,53,53,0,8046,1.33458767306251,26,-87,0.0073,47,2021-10-03 17:19:10.001851,751.789978027344,1.0412,2,"aoml_apex",1030.78071210542
"4903625",2,0,1,0.0438,1,0,1,0.0003969999961555,3,137.441838918787,1,1.93975794332033,801.489990234375,1,6.54269981384277,34.9002990722656,0.0438000001013279,0,0.0003969999961555,131.921905517578,-86.6036,25.6612,63.5755521883532,53,52,53,51,53,53,0,8046,1.33458767306251,26,-87,0.0073,47,2021-10-03 17:19:10.001851,801.489990234375,1.0412,2,"aoml_apex",1031.05648149921
"4903625",2,0,1,0.0438,1,0,1,0.000514000013936311,3,144.752540869304,1,1.93923855132273,851.849975585938,1,6.22139978408813,34.9003982543945,0.0438000001013279,0,0.000514000013936311,138.938995361328,-86.6036,25.6612,63.5755521883532,53,52,53,51,53,53,0,8046,1.33458767306251,26,-87,0.0073,47,2021-10-03 17:19:10.001851,851.849975585938,1.0412,2,"aoml_apex",1031.33263240658
"4903625",2,0,1,0.0438,1,0,1,0.000349000009009615,3,154.422411197455,1,1.93868887296532,901.75,1,5.81040000915527,34.907901763916,0.0438000001013279,0,0.000349000009009615,148.220504760742,-86.6036,25.6612,63.5755521883532,53,52,53,51,53,53,0,8046,1.33458767306251,26,-87,0.0073,47,2021-10-03 17:19:10.001851,901.75,1.0412,2,"aoml_apex",1031.62504715927
"4903625",2,0,1,0.0438,1,0,1,0.00036000000545755,3,160.294332182765,1,1.93819221627701,951.150024414062,1,5.56769990921021,34.9147987365723,0.0438000001013279,0,0.00036000000545755,153.856597900391,-86.6036,25.6612,63.5755521883532,53,52,53,51,53,53,0,8046,1.33458767306251,26,-87,0.0073,47,2021-10-03 17:19:10.001851,951.150024414062,1.0412,2,"aoml_apex",1031.88939838058
"4903625",2,0,1,0.0438,1,0,1,0.000371000001905486,3,165.949144371415,1,1.9377150370474,999.869995117188,1,5.36829996109009,34.9208984375,0.0438000001013279,0,0.000371000001905486,159.284301757812,-86.6036,25.6612,63.5755521883532,53,52,53,51,53,53,0,8046,1.33458767306251,26,-87,0.0073,47,2021-10-03 17:19:10.001851,999.869995117188,1.0412,2,"aoml_apex",1032.14351014559
"4903625",2,0,1,0.0438,1,0,1,0.000417000002926216,3,182.654153650791,1,1.93670612561442,1099.71997070312,1,4.8636999130249,34.9384994506836,0.0438000001013279,0,0.000417000002926216,175.318405151367,-86.6036,25.6612,63.5755521883532,53,52,53,51,53,53,0,8046,1.33458767306251,26,-87,0.0073,47,2021-10-03 17:19:10.001851,1099.71997070312,1.0412,2,"aoml_apex",1032.68119698103
"4903625",2,0,1,0.0438,1,0,1,0.000311000010697171,3,193.253329750811,1,1.93576845904477,1199.88000488281,1,4.59189987182617,34.9495010375977,0.0438000001013279,0,0.000311000010697171,185.491897583008,-86.6036,25.6612,63.5755521883532,53,52,53,51,53,53,0,8046,1.33458767306251,26,-87,0.0073,47,2021-10-03 17:19:10.001851,1199.88000488281,1.0412,2,"aoml_apex",1033.18141725841
"4903625",2,0,1,0.0511,1,0.0073,1,0.00032299998565577,3,200.154804591154,1,1.93487816700334,1299.27001953125,1,4.44689989089966,34.956600189209,0.0511000007390976,0,0.00032299998565577,192.116195678711,-86.6036,25.6612,63.5755521883532,53,52,53,51,53,53,0,8046,1.33458767306251,26,-87,0.0073,47,2021-10-03 17:19:10.001851,1299.27001953125,1.0412,2,"aoml_apex",1033.65681318195
"4903625",2,0,1,0.0511,1,0.0073,1,0.000452000007499009,3,203.564447609966,1,1.93400803123093,1399.56005859375,1,4.37760019302368,34.9597015380859,0.0511000007390976,0,0.000452000007499009,195.388900756836,-86.6036,25.6612,63.5755521883532,53,52,53,51,53,53,0,8046,1.33458767306251,26,-87,0.0073,47,2021-10-03 17:19:10.001851,1399.56005859375,1.0412,2,"aoml_apex",1034.12186904264
"4903625",2,0,1,0.0438,1,0,1,0.000299000006634742,3,206.365543749068,1,1.93315127671376,1499.57995605469,1,4.33960008621216,34.9623985290527,0.0438000001013279,0,0.000299000006634742,198.077499389648,-86.6036,25.6612,63.5755521883532,53,52,53,51,53,53,0,8046,1.33458767306251,26,-87,0.0073,47,2021-10-03 17:19:10.001851,1499.57995605469,1.0412,2,"aoml_apex",1034.58018215723
"4903625",2,0,1,0.0438,1,0,1,0.000299000006634742,3,207.809539013558,1,1.93230527613602,1599.21997070312,1,4.31360006332397,34.9636993408203,0.0438000001013279,0,0.000299000006634742,199.463500976562,-86.6036,25.6612,63.5755521883532,53,52,53,51,53,53,0,8046,1.33458767306251,26,-87,0.0073,47,2021-10-03 17:19:10.001851,1599.21997070312,1.0412,2,"aoml_apex",1035.03314134677
"4903625",2,0,1,0.0438,1,0,1,0.000287000002572313,3,209.43032763879,1,1.93145745426482,1699.7900390625,1,4.30030012130737,34.964900970459,0.0438000001013279,0,0.000287000002572313,201.019195556641,-86.6036,25.6612,63.5755521883532,53,52,53,51,53,53,0,8046,1.33458767306251,26,-87,0.0073,47,2021-10-03 17:19:10.001851,1699.7900390625,1.0412,2,"aoml_apex",1035.48747376435
"4903625",2,0,1,0.0365,1,-0.0073,1,0.000274999998509884,3,210.147230201157,1,1.93061863180067,1799.93994140625,1,4.29739999771118,34.9659996032715,0.0364999994635582,0,0.000274999998509884,201.707305908203,-86.6036,25.6612,63.5755521883532,53,52,53,51,53,53,0,8046,1.33458767306251,26,-87,0.0073,47,2021-10-03 17:19:10.001851,1799.93994140625,1.0412,2,"aoml_apex",1035.93737626712
"4903625",2,0,1,0.0511,1,0.0073,1,0.000287000002572313,3,211.286061779573,1,1.92979278615346,1898.86999511719,1,4.29169988632202,34.9663009643555,0.0511000007390976,0,0.000287000002572313,202.800399780273,-86.6036,25.6612,63.5755521883532,53,52,53,51,53,53,0,8046,1.33458767306251,26,-87,0.0073,47,2021-10-03 17:19:10.001851,1898.86999511719,1.0412,2,"aoml_apex",1036.3807007417
"4903625",3,0.0115969133090852,1,0.0584,1,0.0146,1,0.000526999996509403,3,194.67842665677,1,1.95499839457072,7.92999982833862,1,28.9594993591309,36.2078018188477,0.0584000013768673,0.0292000006884336,0.000526999996509403,186.754196166992,-86.344,25.5592,39.737322972226,53,52,53,51,53,53,0.0146,8047,1.25895569026649,26,-86,0.0073,47,2021-10-14 01:13:24.000126,7.92999982833862,1.0412,2,"aoml_apex",1023.01874290754
"4903625",3,0.0115969133090852,1,0.0584,1,0.0146,1,0.000526999996509403,3,194.712418291445,1,1.95496481562174,11.9099998474121,1,28.9615993499756,36.2094993591309,0.0584000013768673,0.0292000006884336,0.000526999996509403,186.786804199219,-86.344,25.5592,39.737322972226,53,52,53,51,53,53,0.0146,8047,1.25895569026649,26,-86,0.0073,47,2021-10-14 01:13:24.000126,11.9099998474121,1.0412,2,"aoml_apex",1023.03631452515
"4903625",3,0.0173953699636278,1,0.0657,1,0.0219,1,0.000526999996509403,3,194.656857795459,1,1.9549282563427,16.4400005340576,1,28.961799621582,36.209300994873,0.065700002014637,0.0364999994635582,0.000526999996509403,186.733505249023,-86.344,25.5592,39.737322972226,53,52,53,51,53,53,0.0219,8047,1.25895569026649,26,-86,0.0073,47,2021-10-14 01:13:24.000126,16.4400005340576,1.0412,2,"aoml_apex",1023.05544641399
"4903625",3,0.0115969133090852,1,0.0584,1,0.0146,1,0.00049200002104044,3,194.695637208346,1,1.95488836170587,21.3799991607666,1,28.9619998931885,36.209098815918,0.0584000013768673,0.0292000006884336,0.00049200002104044,186.770706176758,-86.344,25.5592,39.737322972226,53,52,53,51,53,53,0.0146,8047,1.25895569026649,26,-86,0.0073,47,2021-10-14 01:13:24.000126,21.3799991607666,1.0412,2,"aoml_apex",1023.0763245502
"4903625",3,0.0173953699636278,1,0.0657,1,0.0219,1,0.000526999996509403,3,194.789547648741,1,1.95481153509338,26.7999992370605,1,28.9351005554199,36.219799041748,0.065700002014637,0.0364999994635582,0.000526999996509403,186.860794067383,-86.344,25.5592,39.737322972226,53,52,53,51,53,53,0.0219,8047,1.25895569026649,26,-86,0.0073,47,2021-10-14 01:13:24.000126,26.7999992370605,1.0412,2,"aoml_apex",1023.11653276819
"4903625",3,0.0289922832727131,1,0.0803,1,0.0365,1,0.00047999998787418,3,194.840527147635,1,1.95476336897695,31.7800006866455,1,28.932300567627,36.2238006591797,0.0803000032901764,0.0511000007390976,0.00047999998787418,186.909698486328,-86.344,25.5592,39.737322972226,53,52,53,51,53,53,0.0365,8047,1.25895569026649,26,-86,0.0073,47,2021-10-14 01:13:24.000126,31.7800006866455,1.0412,2,"aoml_apex",1023.14174275054
"4903625",3,0.0231938266181705,1,0.073,1,0.0292,1,0.000526999996509403,3,194.935916868341,1,1.95471467153392,36.6500015258789,1,28.9221000671387,36.2254981994629,0.0729999989271164,0.0438000001013279,0.000526999996509403,187.001205444336,-86.344,25.5592,39.737322972226,53,52,53,51,53,53,0.0292,8047,1.25895569026649,26,-86,0.0073,47,2021-10-14 01:13:24.000126,36.6500015258789,1.0412,2,"aoml_apex",1023.16723209047
"4903625",3,0.0347907399272557,1,0.0876,1,0.0438,1,0.00047999998787418,3,194.938096023208,1,1.95466849049429,41.5099983215332,1,28.9101009368896,36.2247009277344,0.0876000002026558,0.0584000013768673,0.00047999998787418,187.003295898438,-86.344,25.5592,39.737322972226,53,52,53,51,53,53,0.0438,8047,1.25895569026649,26,-86,0.0073,47,2021-10-14 01:13:24.000126,41.5099983215332,1.0412,2,"aoml_apex",1023.19140546142
"4903625",3,0.0289922832727131,4,0.0803,1,0.0365,1,0.000456000008853152,3,194.983126588377,1,1.9546227212932,46.4700012207031,1,28.8999996185303,36.2238998413086,0.0803000032901764,0.0511000007390976,0.000456000008853152,187.046493530273,-86.344,25.5592,39.737322972226,53,52,53,51,53,53,0.0365,8047,1.25895569026649,26,-86,0.0073,47,2021-10-14 01:13:24.000126,46.4700012207031,1.0412,2,"aoml_apex",1023.21536438335
"4903625",3,0.0347907399272557,1,0.0876,1,0.0438,1,0.00047999998787418,3,194.962178070423,1,1.95458039689511,51.4500007629395,1,28.895299911499,36.2229995727539,0.0876000002026558,0.0584000013768673,0.00047999998787418,187.026397705078,-86.344,25.5592,39.737322972226,53,52,53,51,53,53,0.0438,8047,1.25895569026649,26,-86,0.0073,47,2021-10-14 01:13:24.000126,51.4500007629395,1.0412,2,"aoml_apex",1023.23752104392
"4903625",3,0.0347907399272557,1,0.0876,1,0.0438,1,0.000502999988384545,3,194.940497865433,1,1.954538779637,56.3499984741211,1,28.8908996582031,36.2221984863281,0.0876000002026558,0.0584000013768673,0.000502999988384545,187.005599975586,-86.344,25.5592,39.737322972226,53,52,53,51,53,53,0.0438,8047,1.25895569026649,26,-86,0.0073,47,2021-10-14 01:13:24.000126,56.3499984741211,1.0412,2,"aoml_apex",1023.25930845508
"4903625",3,0.0463876532363409,1,0.1022,1,0.0584,1,0.00047999998787418,3,194.923191876418,1,1.95449040676747,61.9199981689453,1,28.8847007751465,36.2215003967285,0.102200001478195,0.0729999989271164,0.00047999998787418,186.988998413086,-86.344,25.5592,39.737322972226,53,52,53,51,53,53,0.0584,8047,1.25895569026649,26,-86,0.0073,47,2021-10-14 01:13:24.000126,61.9199981689453,1.0412,2,"aoml_apex",1023.28463372087
"4903625",3,0.0637830231999688,1,0.1241,1,0.0803,1,0.000608999980613589,3,194.917672411171,1,1.9544491479729,66.6800003051758,1,28.8812999725342,36.2216987609863,0.124099999666214,0.0948999971151352,0.000608999980613589,186.983703613281,-86.344,25.5592,39.737322972226,53,52,53,51,53,53,0.0803,8047,1.25895569026649,26,-86,0.0073,47,2021-10-14 01:13:24.000126,66.6800003051758,1.0412,2,"aoml_apex",1023.3062354548
"4903625",3,0.0695814798545114,1,0.1314,1,0.0876,1,0.000502999988384545,3,194.951345921048,1,1.95440444910031,71.6999969482422,1,28.8726997375488,36.2205009460449,0.131400004029274,0.102200001478195,0.000502999988384545,187.016006469727,-86.344,25.5592,39.737322972226,53,52,53,51,53,53,0.0876,8047,1.25895569026649,26,-86,0.0073,47,2021-10-14 01:13:24.000126,71.6999969482422,1.0412,2,"aoml_apex",1023.32963932859
"4903625",3,0.0695814798545114,1,0.1314,1,0.0876,1,0.000561999971978366,3,195.377171869527,1,1.95435790548052,76.7799987792969,1,28.8651008605957,36.2206993103027,0.131400004029274,0.102200001478195,0.000561999971978366,187.424499511719,-86.344,25.5592,39.737322972226,53,52,53,51,53,53,0.0876,8047,1.25895569026649,26,-86,0.0073,47,2021-10-14 01:13:24.000126,76.7799987792969,1.0412,2,"aoml_apex",1023.35401023092
"4903625",3,0.13336450305448,1,0.2117,1,0.1679,1,0.000785999989602715,3,199.614657805004,1,1.9539028658702,81.6399993896484,1,28.2931003570557,36.2565994262695,0.21170000731945,0.182500004768372,0.000785999989602715,191.489501953125,-86.344,25.5592,39.737322972226,53,52,53,51,53,53,0.1679,8047,1.25895569026649,26,-86,0.0073,47,2021-10-14 01:13:24.000126,81.6399993896484,1.0412,2,"aoml_apex",1023.59233661765
"4903625",3,0.173953699636278,1,0.2628,1,0.219,1,0.000621000013779849,3,197.701057613312,1,1.9536009478224,86.8399963378906,1,27.8701000213623,36.2519989013672,0.262800008058548,0.233600005507469,0.000621000013779849,189.653793334961,-86.344,25.5592,39.737322972226,53,52,53,51,53,53,0.219,8047,1.25895569026649,26,-86,0.0073,47,2021-10-14 01:13:24.000126,86.8399963378906,1.0412,2,"aoml_apex",1023.75052706098
"4903625",3,0.191349069599906,1,0.2847,1,0.2409,1,0.000598000013269484,3,194.178270849217,1,1.95346585322811,91.6600036621094,1,27.7294998168945,36.2574996948242,0.284700006246567,0.255499988794327,0.000598000013269484,186.274398803711,-86.344,25.5592,39.737322972226,53,52,53,51,53,53,0.2409,8047,1.25895569026649,26,-86,0.0073,47,2021-10-14 01:13:24.000126,91.6600036621094,1.0412,2,"aoml_apex",1023.82132592438
"4903625",3,0.255132092799875,1,0.365,1,0.3212,1,0.000515000021550804,3,191.468579256553,1,1.95322110333943,96.9100036621094,1,27.4526996612549,36.2781982421875,0.365000009536743,0.335799992084503,0.000515000021550804,183.675003051758,-86.344,25.5592,39.737322972226,53,52,53,51,53,53,0.3212,8047,1.25895569026649,26,-86,0.0073,47,2021-10-14 01:13:24.000126,96.9100036621094,1.0412,2,"aoml_apex",1023.94961665149
"4903625",3,0.289922832727131,1,0.4088,1,0.365,1,0.000702999997884035,3,188.646812297522,1,1.95310337982946,101.639999389648,1,27.3509006500244,36.2893981933594,0.408800005912781,0.379599988460541,0.000702999997884035,180.96809387207,-86.344,25.5592,39.737322972226,53,52,53,51,53,53,0.365,8047,1.25895569026649,26,-86,0.0073,47,2021-10-14 01:13:24.000126,101.639999389648,1.0412,2,"aoml_apex",1024.01133532145
"4903625",3,0.40009350916344,1,0.5475,1,0.5037,1,0.000714999972842634,3,182.542554140632,1,1.95269538206738,111.769996643066,1,26.9619007110596,36.3490982055664,0.547500014305115,0.518299996852875,0.000714999972842634,175.1123046875,-86.344,25.5592,39.737322972226,53,52,53,51,53,53,0.5037,8047,1.25895569026649,26,-86,0.0073,47,2021-10-14 01:13:24.000126,111.769996643066,1.0412,2,"aoml_apex",1024.22529308311
"4903625",3,0.220341352872619,1,0.3212,1,0.2774,1,0.000644000014290214,3,176.066964813174,1,1.95225580529088,121.860000610352,1,26.6583995819092,36.4687004089355,0.321200013160706,0.291999995708466,0.000644000014290214,168.900299072266,-86.344,25.5592,39.737322972226,53,52,53,51,53,53,0.2774,8047,1.25895569026649,26,-86,0.0073,47,2021-10-14 01:13:24.000126,121.860000610352,1.0412,2,"aoml_apex",1024.45591124878
"4903625",3,0.127566046399938,1,0.2044,1,0.1606,1,0.000667000014800578,3,170.822916110311,1,1.95182913608248,131.759994506836,1,26.2800998687744,36.5498008728027,0.20440000295639,0.175200000405312,0.000667000014800578,163.869705200195,-86.344,25.5592,39.737322972226,53,52,53,51,53,53,0.1606,8047,1.25895569026649,26,-86,0.0073,47,2021-10-14 01:13:24.000126,131.759994506836,1.0412,2,"aoml_apex",1024.67985697468
"4903625",3,0.0579845665454261,1,0.1168,1,0.073,1,0.0003969999961555,3,166.152716824476,1,1.95127019635856,141.869995117188,1,25.8332004547119,36.6945991516113,0.116800002753735,0.0876000002026558,0.0003969999961555,159.389602661133,-86.344,25.5592,39.737322972226,53,52,53,51,53,53,0.073,8047,1.25895569026649,26,-86,0.0073,47,2021-10-14 01:13:24.000126,141.869995117188,1.0412,2,"aoml_apex",1024.97337566698
"4903625",3,0.0231938266181705,1,0.073,1,0.0292,1,0.000349000009009615,3,162.291540712657,1,1.95084755983424,151.899993896484,1,25.4430999755859,36.7703018188477,0.0729999989271164,0.0438000001013279,0.000349000009009615,155.685592651367,-86.344,25.5592,39.737322972226,53,52,53,51,53,53,0.0292,8047,1.25895569026649,26,-86,0.0073,47,2021-10-14 01:13:24.000126,151.899993896484,1.0412,2,"aoml_apex",1025.19542847825
"4903625",3,0.0231938266181705,1,0.073,1,0.0292,1,0.00032600000849925,3,157.56349043229,1,1.9502860229809,161.679992675781,1,24.8463001251221,36.861400604248,0.0729999989271164,0.0438000001013279,0.00032600000849925,151.149993896484,-86.344,25.5592,39.737322972226,53,52,53,51,53,53,0.0292,8047,1.25895569026649,26,-86,0.0073,47,2021-10-14 01:13:24.000126,161.679992675781,1.0412,2,"aoml_apex",1025.49060826633
"4903625",3,0.00579845665454261,1,0.0511,1,0.0073,1,0.000302000000374392,3,154.300691159432,1,1.94973172909327,171.820007324219,1,24.1702995300293,36.9173011779785,0.0511000007390976,0.0219000000506639,0.000302000000374392,148.020004272461,-86.344,25.5592,39.737322972226,53,52,53,51,53,53,0.0073,8047,1.25895569026649,26,-86,0.0073,47,2021-10-14 01:13:24.000126,171.820007324219,1.0412,2,"aoml_apex",1025.78214743939
"4903625",3,0,1,0.0438,1,0,1,0.000289999996311963,3,152.889553180078,1,1.94938896328265,181.419998168945,1,23.7567005157471,36.9370002746582,0.0438000001013279,0.0146000003442168,0.000289999996311963,146.666305541992,-86.344,25.5592,39.737322972226,53,52,53,51,53,53,0,8047,1.25895569026649,26,-86,0.0073,47,2021-10-14 01:13:24.000126,181.419998168945,1.0412,2,"aoml_apex",1025.96251321344
"4903625",3,0,1,0.0438,1,0,1,0.000312999996822327,3,151.476220139617,1,1.94890507861966,191.460006713867,1,22.9813003540039,36.913501739502,0.0438000001013279,0.0146000003442168,0.000312999996822327,145.310501098633,-86.344,25.5592,39.737322972226,53,52,53,51,53,53,0,8047,1.25895569026649,26,-86,0.0073,47,2021-10-14 01:13:24.000126,191.460006713867,1.0412,2,"aoml_apex",1026.21724471903
"4903625",3,-0.0115969133090852,4,0.0292,1,-0.0146,1,0.000325000000884756,3,150.518855372255,1,1.94862562448812,199.259994506836,1,22.5888004302979,36.9124984741211,0.0292000006884336,0,0.000325000000884756,144.392105102539,-86.344,25.5592,39.737322972226,53,52,53,51,53,53,-0.0146,8047,1.25895569026649,26,-86,0.0073,47,2021-10-14 01:13:24.000126,199.259994506836,1.0412,2,"aoml_apex",1026.36441544556
"4903625",3,-0.00579845665454261,1,0.0365,1,-0.0073,1,0.000312999996822327,3,148.72878303966,1,1.94828907138278,211.619995117188,1,22.1077995300293,36.8933982849121,0.0364999994635582,0.00730000017210841,0.000312999996822327,142.674896240234,-86.344,25.5592,39.737322972226,53,52,53,51,53,53,-0.0073,8047,1.25895569026649,26,-86,0.0073,47,2021-10-14 01:13:24.000126,211.619995117188,1.0412,2,"aoml_apex",1026.54171261173
"4903625",3,0,1,0.0292,1,-0.0146,1,0.000312999996822327,3,148.665714798439,1,1.94795305404296,220.960006713867,1,21.591100692749,36.880199432373,0.0292000006884336,0,0.000312999996822327,142.614395141602,-86.344,25.5592,39.737322972226,53,52,53,51,53,53,0,8047,1.25895569026649,26,-86,0.0073,47,2021-10-14 01:13:24.000126,220.960006713867,1.0412,2,"aoml_apex",1026.71878865305
"4903625",3,0,1,0.0365,1,-0.0073,1,0.000312999996822327,3,148.727319665589,1,1.94768271215097,231.039993286133,1,21.1112003326416,36.8334999084473,0.0364999994635582,0,0.000312999996822327,142.673492431641,-86.344,25.5592,39.737322972226,53,52,53,51,53,53,0,8047,1.25895569026649,26,-86,0.0073,47,2021-10-14 01:13:24.000126,231.039993286133,1.0412,2,"aoml_apex",1026.86129908256
"4903625",3,0,1,0.0292,1,-0.0146,1,0.000335999997332692,3,149.646223144863,1,1.94738106127586,241.5,1,20.511100769043,36.7654991149902,0.0292000006884336,0,0.000335999997332692,143.554992675781,-86.344,25.5592,39.737322972226,53,52,53,51,53,53,0,8047,1.25895569026649,26,-86,0.0073,47,2021-10-14 01:13:24.000126,241.5,1.0412,2,"aoml_apex",1027.02036071444
"4903625",3,0,1,0.0365,1,-0.0073,1,0.000300999992759898,3,152.804804733868,1,1.94718487756698,251.880004882812,1,20.2518997192383,36.7495994567871,0.0364999994635582,0,0.000300999992759898,146.585006713867,-86.344,25.5592,39.737322972226,53,52,53,51,53,53,0,8047,1.25895569026649,26,-86,0.0073,47,2021-10-14 01:13:24.000126,251.880004882812,1.0412,2,"aoml_apex",1027.12383556461
"4903625",3,0,1,0.0292,1,-0.0146,1,0.000312999996822327,3,152.986072243818,1,1.94702783220081,261.820007324219,1,20.0641994476318,36.7350997924805,0.0292000006884336,0,0.000312999996822327,146.758895874023,-86.344,25.5592,39.737322972226,53,52,53,51,53,53,0,8047,1.25895569026649,26,-86,0.0073,47,2021-10-14 01:13:24.000126,261.820007324219,1.0412,2,"aoml_apex",1027.20668237152
"4903625",3,0,1,0.0365,1,-0.0073,1,0.000311999989207834,3,152.372807164306,1,1.94681934521013,271.929992675781,1,19.675500869751,36.685001373291,0.0364999994635582,0,0.000311999989207834,146.170593261719,-86.344,25.5592,39.737322972226,53,52,53,51,53,53,0,8047,1.25895569026649,26,-86,0.0073,47,2021-10-14 01:13:24.000126,271.929992675781,1.0412,2,"aoml_apex",1027.31668704686
"4903625",3,0,1,0.0292,1,-0.0146,1,0.000288999988697469,3,154.589023570178,1,1.94660559564426,281.579986572266,1,19.2455005645752,36.6285018920898,0.0292000006884336,0,0.000288999988697469,148.296600341797,-86.344,25.5592,39.737322972226,53,52,53,51,53,53,0,8047,1.25895569026649,26,-86,0.0073,47,2021-10-14 01:13:24.000126,281.579986572266,1.0412,2,"aoml_apex",1027.42949289533
"4903625",3,0,4,0.0219,1,-0.0219,1,0.000323999993270263,3,154.266906305875,1,1.94643008127059,291.600006103516,1,18.9542999267578,36.5928001403809,0.0219000000506639,0,0.000323999993270263,147.987594604492,-86.344,25.5592,39.737322972226,53,52,53,51,53,53,0,8047,1.25895569026649,26,-86,0.0073,47,2021-10-14 01:13:24.000126,291.600006103516,1.0412,2,"aoml_apex",1027.52213873228
"4903625",3,0,1,0.0365,1,-0.0073,1,0.000323999993270263,3,153.583383364705,1,1.94627976976314,301.029998779297,1,18.6998996734619,36.5564002990723,0.0364999994635582,0,0.000323999993270263,147.331893920898,-86.344,25.5592,39.737322972226,53,52,53,51,53,53,0,8047,1.25895569026649,26,-86,0.0073,47,2021-10-14 01:13:24.000126,301.029998779297,1.0412,2,"aoml_apex",1027.60149443644
"4903625",3,0,1,0.0292,1,-0.0146,1,0.000323999993270263,3,151.864730049281,1,1.9460765684732,311.179992675781,1,18.2796001434326,36.497501373291,0.0292000006884336,0,0.000323999993270263,145.683197021484,-86.344,25.5592,39.737322972226,53,52,53,51,53,53,0,8047,1.25895569026649,26,-86,0.0073,47,2021-10-14 01:13:24.000126,311.179992675781,1.0412,2,"aoml_apex",1027.7087923468
"4903625",3,0,1,0.0365,1,-0.0073,1,0.000311999989207834,3,149.214766387457,1,1.94587919386955,321.760009765625,1,17.8910007476807,36.4444999694824,0.0364999994635582,0,0.000311999989207834,143.141098022461,-86.344,25.5592,39.737322972226,53,52,53,51,53,53,0,8047,1.25895569026649,26,-86,0.0073,47,2021-10-14 01:13:24.000126,321.760009765625,1.0412,2,"aoml_apex",1027.81303500287
"4903625",3,0,1,0.0292,1,-0.0146,1,0.000464999990072101,3,147.984911824293,1,1.94574274651819,331.470001220703,1,17.6340999603271,36.398998260498,0.0292000006884336,0,0.000464999990072101,141.961303710938,-86.344,25.5592,39.737322972226,53,52,53,51,53,53,0,8047,1.25895569026649,26,-86,0.0073,47,2021-10-14 01:13:24.000126,331.470001220703,1.0412,2,"aoml_apex",1027.88511152304
"4903625",3,0,1,0.0292,1,-0.0146,1,0.000311999989207834,3,145.524980010607,1,1.94560074744395,341.339996337891,1,17.3687992095947,36.3544006347656,0.0292000006884336,0,0.000311999989207834,139.601501464844,-86.344,25.5592,39.737322972226,53,52,53,51,53,53,0,8047,1.25895569026649,26,-86,0.0073,47,2021-10-14 01:13:24.000126,341.339996337891,1.0412,2,"aoml_apex",1027.96013140287
"4903625",3,0,1,0.0292,1,-0.0146,1,0.000334999989718199,3,141.187109795094,1,1.945475043456,351.209991455078,1,17.1432991027832,36.3120994567871,0.0292000006884336,0,0.000334999989718199,135.440200805664,-86.344,25.5592,39.737322972226,53,52,53,51,53,53,0,8047,1.25895569026649,26,-86,0.0073,47,2021-10-14 01:13:24.000126,351.209991455078,1.0412,2,"aoml_apex",1028.02655152396
"4903625",3,0,1,0.0292,1,-0.0146,1,0.000346999993780628,3,140.083693932929,1,1.94531041056758,361.010009765625,1,16.7835998535156,36.2549018859863,0.0292000006884336,0,0.000346999993780628,134.381698608398,-86.344,25.5592,39.737322972226,53,52,53,51,53,53,0,8047,1.25895569026649,26,-86,0.0073,47,2021-10-14 01:13:24.000126,361.010009765625,1.0412,2,"aoml_apex",1028.1135540813
"4903625",3,0,1,0.0365,1,-0.0073,1,0.000369999994290993,3,137.95181241103,1,1.94497603345746,381.869995117188,1,16.0841999053955,36.1473007202148,0.0364999994635582,0,0.000369999994290993,132.33659362793,-86.344,25.5592,39.737322972226,53,52,53,51,53,53,0,8047,1.25895569026649,26,-86,0.0073,47,2021-10-14 01:13:24.000126,381.869995117188,1.0412,2,"aoml_apex",1028.2903056881
"4903625",3,0,1,0.0292,1,-0.0146,1,0.000357999990228564,3,135.196883472078,1,1.94470000560781,401.660003662109,1,15.5343999862671,36.0561981201172,0.0292000006884336,0,0.000357999990228564,129.693801879883,-86.344,25.5592,39.737322972226,53,52,53,51,53,53,0,8047,1.25895569026649,26,-86,0.0073,47,2021-10-14 01:13:24.000126,401.660003662109,1.0412,2,"aoml_apex",1028.43625969698
"4903625",3,0,4,0.0292,1,-0.0146,1,0.000380999990738928,3,125.648208595101,1,1.94400515537087,451.119995117188,1,14.0106000900269,35.8036994934082,0.0292000006884336,0,0.000380999990738928,120.533798217773,-86.344,25.5592,39.737322972226,53,52,53,51,53,53,0,8047,1.25895569026649,26,-86,0.0073,47,2021-10-14 01:13:24.000126,451.119995117188,1.0412,2,"aoml_apex",1028.8038560363
"4903625",3,0,1,0.0511,1,0.0073,1,0.00040300001273863,3,119.637343925809,1,1.94329977540754,501.75,1,12.2997999191284,35.5283012390137,0.0511000007390976,0,0.00040300001273863,114.767601013184,-86.344,25.5592,39.737322972226,53,52,53,51,53,53,0,8047,1.25895569026649,26,-86,0.0073,47,2021-10-14 01:13:24.000126,501.75,1.0412,2,"aoml_apex",1029.17729179512
"4903625",3,0,1,0.0438,1,0,1,0.000330999988364056,3,116.982163017297,1,1.9426688773203,551.429992675781,1,10.9337997436523,35.3259010314941,0.0438000001013279,0,0.000330999988364056,112.220497131348,-86.344,25.5592,39.737322972226,53,52,53,51,53,53,0,8047,1.25895569026649,26,-86,0.0073,47,2021-10-14 01:13:24.000126,551.429992675781,1.0412,2,"aoml_apex",1029.51152579269
"4903625",3,0,1,0.0438,1,0,1,0.000448000006144866,3,114.849979276839,1,1.94211822631004,601.429992675781,1,10.0796003341675,35.2080001831055,0.0438000001013279,0,0.000448000006144866,110.175102233887,-86.344,25.5592,39.737322972226,53,52,53,51,53,53,0,8047,1.25895569026649,26,-86,0.0073,47,2021-10-14 01:13:24.000126,601.429992675781,1.0412,2,"aoml_apex",1029.80342437748
"4903625",3,0,1,0.0438,1,0,1,0.000506000011228025,3,115.248287430284,1,1.94154979579694,651.760009765625,1,9.11240005493164,35.0828018188477,0.0438000001013279,0,0.000506000011228025,110.557197570801,-86.344,25.5592,39.737322972226,53,52,53,51,53,53,0,8047,1.25895569026649,26,-86,0.0073,47,2021-10-14 01:13:24.000126,651.760009765625,1.0412,2,"aoml_apex",1030.10492150631
"4903625",3,0,1,0.0438,1,0,1,0.000505000003613532,3,119.608362756703,1,1.94094283910904,701.440002441406,1,8.08880043029785,34.9860992431641,0.0438000001013279,0,0.000505000003613532,114.739799499512,-86.344,25.5592,39.737322972226,53,52,53,51,53,53,0,8047,1.25895569026649,26,-86,0.0073,47,2021-10-14 01:13:24.000126,701.440002441406,1.0412,2,"aoml_apex",1030.42704797946
"4903625",3,0,1,0.0438,1,0,1,0.000421000004280359,3,126.320788043216,1,1.94037030747733,751.900024414062,1,7.3161997795105,34.923999786377,0.0438000001013279,0,0.000421000004280359,121.179000854492,-86.344,25.5592,39.737322972226,53,52,53,51,53,53,0,8047,1.25895569026649,26,-86,0.0073,47,2021-10-14 01:13:24.000126,751.900024414062,1.0412,2,"aoml_apex",1030.73108895394
"4903625",3,0,1,0.0438,1,0,1,0.000409000000217929,3,132.135990055445,1,1.93985081211498,801.690002441406,1,6.89499998092651,34.905200958252,0.0438000001013279,0,0.000409000000217929,126.757499694824,-86.344,25.5592,39.737322972226,53,52,53,51,53,53,0,8047,1.25895569026649,26,-86,0.0073,47,2021-10-14 01:13:24.000126,801.690002441406,1.0412,2,"aoml_apex",1031.0071205009
"4903625",3,0,1,0.0438,1,0,1,0.000361000013072044,3,140.893035231742,1,1.93930849560645,851.080017089844,1,6.43650007247925,34.8987007141113,0.0438000001013279,0,0.000361000013072044,135.158096313477,-86.344,25.5592,39.737322972226,53,52,53,51,53,53,0,8047,1.25895569026649,26,-86,0.0073,47,2021-10-14 01:13:24.000126,851.080017089844,1.0412,2,"aoml_apex",1031.29543573446
"4903625",3,0,1,0.0438,1,0,1,0.000361000013072044,3,150.917163525699,1,1.93875668891158,901.150024414062,1,6.00719976425171,34.9023017883301,0.0438000001013279,0,0.000361000013072044,144.774200439453,-86.344,25.5592,39.737322972226,53,52,53,51,53,53,0,8047,1.25895569026649,26,-86,0.0073,47,2021-10-14 01:13:24.000126,901.150024414062,1.0412,2,"aoml_apex",1031.58896185307
"4903625",3,0,1,0.0438,1,0,1,0.000335999997332692,3,159.0251943483,1,1.93820815824642,951.599975585938,1,5.63590002059937,34.9140014648438,0.0438000001013279,0,0.000335999997332692,152.552200317383,-86.344,25.5592,39.737322972226,53,52,53,51,53,53,0,8047,1.25895569026649,26,-86,0.0073,47,2021-10-14 01:13:24.000126,951.599975585938,1.0412,2,"aoml_apex",1031.88091097991
"4903625",3,0,1,0.0511,1,0.0073,1,0.00036000000545755,3,163.484301924364,1,1.93773996648965,999.809997558594,1,5.44600009918213,34.9185981750488,0.0511000007390976,0,0.00036000000545755,156.829803466797,-86.344,25.5592,39.737322972226,53,52,53,51,53,53,0,8047,1.25895569026649,26,-86,0.0073,47,2021-10-14 01:13:24.000126,999.809997558594,1.0412,2,"aoml_apex",1032.13023139691
"4903625",3,0,1,0.0438,1,0,1,0.000300000014249235,3,178.180076971987,1,1.93675102898987,1099.48999023438,1,5.00010013580322,34.9338989257812,0.0438000001013279,0,0.000300000014249235,170.927398681641,-86.344,25.5592,39.737322972226,53,52,53,51,53,53,0,8047,1.25895569026649,26,-86,0.0073,47,2021-10-14 01:13:24.000126,1099.48999023438,1.0412,2,"aoml_apex",1032.65725437261
"4903625",3,0,1,0.0511,1,0.0073,1,0.000299000006634742,3,189.953303124545,1,1.93579208082005,1200.07995605469,1,4.67350006103516,34.9468994140625,0.0511000007390976,0,0.000299000006634742,182.221405029297,-86.344,25.5592,39.737322972226,53,52,53,51,53,53,0,8047,1.25895569026649,26,-86,0.0073,47,2021-10-14 01:13:24.000126,1200.07995605469,1.0412,2,"aoml_apex",1033.16880971677
"4903625",3,0,1,0.0438,1,0,1,0.00032299998565577,3,197.312022797732,1,1.93489092585475,1300.30004882812,1,4.51200008392334,34.9537010192871,0.0438000001013279,0,0.00032299998565577,189.28059387207,-86.344,25.5592,39.737322972226,53,52,53,51,53,53,0,8047,1.25895569026649,26,-86,0.0073,47,2021-10-14 01:13:24.000126,1300.30004882812,1.0412,2,"aoml_apex",1033.64999715242
"4903625",3,0,1,0.0438,1,0,1,0.000299000006634742,3,201.773325434902,1,1.93401986319335,1399.59997558594,1,4.41660022735596,34.9584999084473,0.0438000001013279,0,0.000299000006634742,193.560302734375,-86.344,25.5592,39.737322972226,53,52,53,51,53,53,0,8047,1.25895569026649,26,-86,0.0073,47,2021-10-14 01:13:24.000126,1399.59997558594,1.0412,2,"aoml_apex",1034.11554248347
"4903625",3,0,1,0.0438,1,0,1,0.000287000002572313,3,205.587896263803,1,1.93315037808456,1500.01000976562,1,4.34859991073608,34.9622001647949,0.0438000001013279,0,0.000287000002572313,197.219604492188,-86.344,25.5592,39.737322972226,53,52,53,51,53,53,0,8047,1.25895569026649,26,-86,0.0073,47,2021-10-14 01:13:24.000126,1500.01000976562,1.0412,2,"aoml_apex",1034.5806630841
"4903625",3,0,1,0.0438,1,0,1,0.000287000002572313,3,207.184055625724,1,1.9323053380329,1599.41003417969,1,4.32180023193359,34.9640998840332,0.0438000001013279,0,0.000287000002572313,198.750793457031,-86.344,25.5592,39.737322972226,53,52,53,51,53,53,0,8047,1.25895569026649,26,-86,0.0073,47,2021-10-14 01:13:24.000126,1599.41003417969,1.0412,2,"aoml_apex",1035.0331081919
"4903625",3,0,1,0.0511,1,0.0073,1,0.000274999998509884,3,208.274348839967,1,1.9314604143621,1699.65002441406,1,4.30779981613159,34.9650993347168,0.0511000007390976,0,0.000274999998509884,199.79670715332,-86.344,25.5592,39.737322972226,53,52,53,51,53,53,0,8047,1.25895569026649,26,-86,0.0073,47,2021-10-14 01:13:24.000126,1699.65002441406,1.0412,2,"aoml_apex",1035.48588680785
"4903625",3,0,1,0.0438,1,0,1,0.000262999994447455,3,209.49273500416,1,1.93061812208733,1799.93994140625,1,4.29610013961792,34.9660987854004,0.0438000001013279,0,0.000262999994447455,200.96549987793,-86.344,25.5592,39.737322972226,53,52,53,51,53,53,0,8047,1.25895569026649,26,-86,0.0073,47,2021-10-14 01:13:24.000126,1799.93994140625,1.0412,2,"aoml_apex",1035.93764977077
"4903625",3,0,1,0.0511,1,0.0073,1,0.000262999994447455,3,210.58186706289,1,1.92978511912943,1899.77001953125,1,4.29309988021851,34.9667015075684,0.0511000007390976,0,0.000262999994447455,202.010299682617,-86.344,25.5592,39.737322972226,53,52,53,51,53,53,0,8047,1.25895569026649,26,-86,0.0073,47,2021-10-14 01:13:24.000126,1899.77001953125,1.0412,2,"aoml_apex",1036.38481827565
"4903625",4,0.0586308005536444,1,0.1241,1,0.0803,1,0.000632999988738447,3,193.11937373662,1,1.95478386664549,7.78000020980835,1,28.6268005371094,36.2100982666016,0.124099999666214,0.102433040738106,0.000632999988738447,185.154205322266,-85.082,25.4737,54.0412055516945,53,52,53,51,53,53,0.0803,8280,1.36958730294889,25,-85,0.0073,47,2021-10-24 08:38:53.000913,7.78000020980835,1.0412,2,"aoml_apex",1023.13101418834
"4903625",4,0.0533007277760404,1,0.1168,1,0.073,1,0.000515000021550804,3,193.028513811128,1,1.95475394607033,11.4300003051758,1,28.6273002624512,36.2103996276855,0.116800002753735,0.102433040738106,0.000515000021550804,185.067092895508,-85.082,25.4737,54.0412055516945,53,52,53,51,53,53,0.073,8280,1.36958730294889,25,-85,0.0073,47,2021-10-24 08:38:53.000913,11.4300003051758,1.0412,2,"aoml_apex",1023.14667481328
"4903625",4,0.0639608733312485,1,0.1314,1,0.0876,1,0.000526999996509403,3,193.071707687076,1,1.9547131969566,16.4599990844727,1,28.6268997192383,36.2099990844727,0.131400004029274,0.102200001478195,0.000526999996509403,185.108505249023,-85.082,25.4737,54.0412055516945,53,52,53,51,53,53,0.0876,8280,1.36958730294889,25,-85,0.0073,47,2021-10-24 08:38:53.000913,16.4599990844727,1.0412,2,"aoml_apex",1023.16800393731
"4903625",4,0.0692909461088525,1,0.1387,1,0.0949,1,0.000526999996509403,3,193.037489988738,1,1.95467387664941,21.3500003814697,1,28.6282997131348,36.2102012634277,0.138699993491173,0.109499998390675,0.000526999996509403,185.075698852539,-85.082,25.4737,54.0412055516945,53,52,53,51,53,53,0.0949,8280,1.36958730294889,25,-85,0.0073,47,2021-10-24 08:38:53.000913,21.3500003814697,1.0412,2,"aoml_apex",1023.18858603067
"4903625",4,0.0639608733312485,1,0.1314,1,0.0876,1,0.000526999996509403,3,192.987627640417,1,1.95463153335593,26.5400009155273,1,28.6280994415283,36.2100982666016,0.131400004029274,0.102200001478195,0.000526999996509403,185.027893066406,-85.082,25.4737,54.0412055516945,53,52,53,51,53,53,0.0876,8280,1.36958730294889,25,-85,0.0073,47,2021-10-24 08:38:53.000913,26.5400009155273,1.0412,2,"aoml_apex",1023.21075142289
"4903625",4,0.0586308005536444,1,0.1241,1,0.0803,1,0.000526999996509403,3,192.946439080744,1,1.95459240926357,31.3700008392334,1,28.6296997070312,36.2106018066406,0.124099999666214,0.0948999971151352,0.000526999996509403,184.988403320312,-85.082,25.4737,54.0412055516945,53,52,53,51,53,53,0.0803,8280,1.36958730294889,25,-85,0.0073,47,2021-10-24 08:38:53.000913,31.3700008392334,1.0412,2,"aoml_apex",1023.23123251744
"4903625",4,0.0639608733312485,1,0.1314,1,0.0876,1,0.000551000004634261,3,192.90179692082,1,1.95454700548816,36.6199989318848,1,28.6268005371094,36.2111015319824,0.131400004029274,0.102200001478195,0.000551000004634261,184.945602416992,-85.082,25.4737,54.0412055516945,53,52,53,51,53,53,0.0876,8280,1.36958730294889,25,-85,0.0073,47,2021-10-24 08:38:53.000913,36.6199989318848,1.0412,2,"aoml_apex",1023.25500199495
"4903625",4,0.0586308005536444,1,0.1241,1,0.0803,1,0.000515000021550804,3,192.728750858484,1,1.95450899843311,41.7900009155273,1,28.6319999694824,36.2104988098145,0.124099999666214,0.0948999971151352,0.000515000021550804,184.779693603516,-85.082,25.4737,54.0412055516945,53,52,53,51,53,53,0.0803,8280,1.36958730294889,25,-85,0.0073,47,2021-10-24 08:38:53.000913,41.7900009155273,1.0412,2,"aoml_apex",1023.27490004055
"4903625",4,0.0746210188864565,1,0.146,1,0.1022,1,0.000526999996509403,3,192.518176734436,1,1.95446713501581,46.7299995422363,1,28.6299991607666,36.2107009887695,0.145999997854233,0.116800002753735,0.000526999996509403,184.57780456543,-85.082,25.4737,54.0412055516945,53,52,53,51,53,53,0.1022,8280,1.36958730294889,25,-85,0.0073,47,2021-10-24 08:38:53.000913,46.7299995422363,1.0412,2,"aoml_apex",1023.29681792466
"4903625",4,0.0746210188864565,1,0.146,1,0.1022,1,0.000608999980613589,3,192.243225591889,1,1.9544258674689,51.6199989318848,1,28.6284999847412,36.2109985351562,0.145999997854233,0.116800002753735,0.000608999980613589,184.314193725586,-85.082,25.4737,54.0412055516945,53,52,53,51,53,53,0.1022,8280,1.36958730294889,25,-85,0.0073,47,2021-10-24 08:38:53.000913,51.6199989318848,1.0412,2,"aoml_apex",1023.31842475567
"4903625",4,0.229193129436974,1,0.3577,1,0.3139,1,0.00067999999737367,3,188.654521135888,1,1.95404751265026,56.8899993896484,1,28.2775993347168,36.2896003723145,0.357699990272522,0.328500002622604,0.00067999999737367,180.873504638672,-85.082,25.4737,54.0412055516945,53,52,53,51,53,53,0.3139,8280,1.36958730294889,25,-85,0.0073,47,2021-10-24 08:38:53.000913,56.8899993896484,1.0412,2,"aoml_apex",1023.51656602629
"4903625",4,0.293154002768222,1,0.4453,1,0.4015,1,0.00067999999737367,3,188.125499604384,1,1.95372350531851,61.6300010681152,1,27.9204006195068,36.3317985534668,0.44530001282692,0.41609999537468,0.00067999999737367,180.366302490234,-85.082,25.4737,54.0412055516945,53,52,53,51,53,53,0.4015,8280,1.36958730294889,25,-85,0.0073,47,2021-10-24 08:38:53.000913,61.6300010681152,1.0412,2,"aoml_apex",1023.68630697
"4903625",4,0.399755458320303,1,0.5913,1,0.5475,1,0.000668000022415072,3,184.683421964561,1,1.95335168271132,66.8399963378906,1,27.5447998046875,36.3978996276855,0.591300010681152,0.562099993228912,0.000668000022415072,177.066192626953,-85.082,25.4737,54.0412055516945,53,52,53,51,53,53,0.5475,8280,1.36958730294889,25,-85,0.0073,47,2021-10-24 08:38:53.000913,66.8399963378906,1.0412,2,"aoml_apex",1023.88116676661
"4903625",4,0.389095312765095,1,0.5767,1,0.5329,1,0.000655999989248812,3,180.23338642297,1,1.95298612187104,71.7600021362305,1,27.1637001037598,36.4603004455566,0.57669997215271,0.547500014305115,0.000655999989248812,172.799697875977,-85.082,25.4737,54.0412055516945,53,52,53,51,53,53,0.5329,8280,1.36958730294889,25,-85,0.0073,47,2021-10-24 08:38:53.000913,71.7600021362305,1.0412,2,"aoml_apex",1024.07281731419
"4903625",4,0.319804366656242,1,0.4818,1,0.438,1,0.000691000022925436,3,175.025484566435,1,1.95253183345212,76.5899963378906,1,26.6777992248535,36.5419006347656,0.481799989938736,0.452600002288818,0.000691000022925436,167.806594848633,-85.082,25.4737,54.0412055516945,53,52,53,51,53,53,0.438,8280,1.36958730294889,25,-85,0.0073,47,2021-10-24 08:38:53.000913,76.5899963378906,1.0412,2,"aoml_apex",1024.31108457984
"4903625",4,0.213202911104162,1,0.3358,1,0.292,1,0.000654999981634319,3,173.478685449499,1,1.95199819987827,81.870002746582,1,26.0727005004883,36.6286010742188,0.335799992084503,0.306600004434586,0.000654999981634319,166.323593139648,-85.082,25.4737,54.0412055516945,53,52,53,51,53,53,0.292,8280,1.36958730294889,25,-85,0.0073,47,2021-10-24 08:38:53.000913,81.870002746582,1.0412,2,"aoml_apex",1024.5911088057
"4903625",4,0.143911964995309,1,0.2409,1,0.1971,1,0.000502999988384545,3,183.122872107456,1,1.95163484215965,86.6900024414062,1,25.4414005279541,36.592399597168,0.240899994969368,0.21170000731945,0.000502999988384545,175.570007324219,-85.082,25.4737,54.0412055516945,53,52,53,51,53,53,0.1971,8280,1.36958730294889,25,-85,0.0073,47,2021-10-24 08:38:53.000913,86.6900024414062,1.0412,2,"aoml_apex",1024.78186840876
"4903625",4,0.133251819440101,1,0.2263,1,0.1825,1,0.000421000004280359,3,194.509089745374,1,1.95114063837588,91.6600036621094,1,23.9153995513916,36.293399810791,0.226300001144409,0.19709999859333,0.000421000004280359,186.486602783203,-85.082,25.4737,54.0412055516945,53,52,53,51,53,53,0.1825,8280,1.36958730294889,25,-85,0.0073,47,2021-10-24 08:38:53.000913,91.6600036621094,1.0412,2,"aoml_apex",1025.04143507809
"4903625",4,0.133251819440101,1,0.2263,1,0.1825,1,0.000444000004790723,3,185.035036666593,1,1.95050971398306,96.9199981689453,1,22.895299911499,36.3049011230469,0.226300001144409,0.19709999859333,0.000444000004790723,177.403305053711,-85.082,25.4737,54.0412055516945,53,52,53,51,53,53,0.1825,8280,1.36958730294889,25,-85,0.0073,47,2021-10-24 08:38:53.000913,96.9199981689453,1.0412,2,"aoml_apex",1025.37300156064
"4903625",4,0.111931528329685,1,0.1971,1,0.1533,1,0.000419999996665865,3,176.13171888087,1,1.95025570857186,101.900001525879,1,22.702299118042,36.3788986206055,0.19709999859333,0.167899996042252,0.000419999996665865,168.867202758789,-85.082,25.4737,54.0412055516945,53,52,53,51,53,53,0.1533,8280,1.36958730294889,25,-85,0.0073,47,2021-10-24 08:38:53.000913,101.900001525879,1.0412,2,"aoml_apex",1025.50654830005
"4903625",4,0.106601455552081,1,0.1898,1,0.146,1,0.000537000014446676,3,156.087182177325,1,1.94954746648431,111.839996337891,1,22.4489002227783,36.7168998718262,0.18979999423027,0.160600006580353,0.000537000014446676,149.649398803711,-85.082,25.4737,54.0412055516945,53,52,53,51,53,53,0.146,8280,1.36958730294889,25,-85,0.0073,47,2021-10-24 08:38:53.000913,111.839996337891,1.0412,2,"aoml_apex",1025.87909983371
"4903625",4,0.0373105094432283,1,0.0949,1,0.0511,1,0.000478000001749024,3,147.40645449809,1,1.94886846132974,121.639999389648,1,21.6145992279053,36.8194007873535,0.0948999971151352,0.065700002014637,0.000478000001749024,141.326705932617,-85.082,25.4737,54.0412055516945,53,52,53,51,53,53,0.0511,8280,1.36958730294889,25,-85,0.0073,47,2021-10-24 08:38:53.000913,121.639999389648,1.0412,2,"aoml_apex",1026.23652631506
"4903625",4,-0.00533007277760404,1,0.0365,1,-0.0073,1,0.000335999997332692,3,150.127159396126,1,1.94853959123275,131.190002441406,1,21.2336006164551,36.8526992797852,0.0364999994635582,0.00730000017210841,0.000335999997332692,143.935195922852,-85.082,25.4737,54.0412055516945,53,52,53,51,53,53,-0.0073,8280,1.36958730294889,25,-85,0.0073,47,2021-10-24 08:38:53.000913,131.190002441406,1.0412,2,"aoml_apex",1026.40973219061
"4903625",4,0,1,0.0219,1,-0.0219,1,0.000348000001395121,3,150.019413434385,1,1.94827745932546,141.210006713867,1,20.7707996368408,36.8091011047363,0.0219000000506639,0,0.000348000001395121,143.831893920898,-85.082,25.4737,54.0412055516945,53,52,53,51,53,53,0,8280,1.36958730294889,25,-85,0.0073,47,2021-10-24 08:38:53.000913,141.210006713867,1.0412,2,"aoml_apex",1026.54783097088
"4903625",4,0,1,0.0292,1,-0.0146,1,0.000312999996822327,3,151.414349631536,1,1.94802729184487,151.649993896484,1,20.3211994171143,36.7617988586426,0.0292000006884336,0,0.000312999996822327,145.169296264648,-85.082,25.4737,54.0412055516945,53,52,53,51,53,53,0,8280,1.36958730294889,25,-85,0.0073,47,2021-10-24 08:38:53.000913,151.649993896484,1.0412,2,"aoml_apex",1026.67966120018
"4903625",4,0,1,0.0292,1,-0.0146,1,0.000335999997332692,3,155.072953683396,1,1.94779338037709,161.089996337891,1,19.8806991577148,36.714298248291,0.0292000006884336,0,0.000335999997332692,148.677001953125,-85.082,25.4737,54.0412055516945,53,52,53,51,53,53,0,8280,1.36958730294889,25,-85,0.0073,47,2021-10-24 08:38:53.000913,161.089996337891,1.0412,2,"aoml_apex",1026.8029556671
"4903625",4,0,1,0.0365,1,-0.0073,1,0.000323999993270263,3,154.623937905167,1,1.94760578006006,171.710006713867,1,19.6065998077393,36.687801361084,0.0364999994635582,0,0.000323999993270263,148.246505737305,-85.082,25.4737,54.0412055516945,53,52,53,51,53,53,0,8280,1.36958730294889,25,-85,0.0073,47,2021-10-24 08:38:53.000913,171.710006713867,1.0412,2,"aoml_apex",1026.90186098047
"4903625",4,0,1,0.0292,1,-0.0146,1,0.000300999992759898,3,153.920517518601,1,1.94741244083334,181.350006103516,1,19.2089996337891,36.6291999816895,0.0292000006884336,0,0.000300999992759898,147.57209777832,-85.082,25.4737,54.0412055516945,53,52,53,51,53,53,0,8280,1.36958730294889,25,-85,0.0073,47,2021-10-24 08:38:53.000913,181.350006103516,1.0412,2,"aoml_apex",1027.0038118603
"4903625",4,0,1,0.0292,1,-0.0146,1,0.000300000014249235,3,154.162078553655,1,1.94724979355917,191.25,1,18.9321994781494,36.5905990600586,0.0292000006884336,0,0.000300000014249235,147.803695678711,-85.082,25.4737,54.0412055516945,53,52,53,51,53,53,0,8280,1.36958730294889,25,-85,0.0073,47,2021-10-24 08:38:53.000913,191.25,1.0412,2,"aoml_apex",1027.08959405994
"4903625",4,0,1,0.0365,1,-0.0073,1,0.000300000014249235,3,154.228620040515,1,1.94709494640556,201.270004272461,1,18.707799911499,36.5643997192383,0.0364999994635582,0,0.000300000014249235,147.867492675781,-85.082,25.4737,54.0412055516945,53,52,53,51,53,53,0,8280,1.36958730294889,25,-85,0.0073,47,2021-10-24 08:38:53.000913,201.270004272461,1.0412,2,"aoml_apex",1027.17127569568
"4903625",4,0,1,0.0365,1,-0.0073,1,0.000311999989207834,3,153.255070819586,1,1.94695299243986,209.720001220703,1,18.445499420166,36.5261001586914,0.0364999994635582,0,0.000311999989207834,146.934097290039,-85.082,25.4737,54.0412055516945,53,52,53,51,53,53,0,8280,1.36958730294889,25,-85,0.0073,47,2021-10-24 08:38:53.000913,209.720001220703,1.0412,2,"aoml_apex",1027.24616760966
"4903625",4,0,1,0.0365,1,-0.0073,1,0.000323999993270263,3,151.830930214784,1,1.94676344804074,221.860000610352,1,18.0960998535156,36.4715003967285,0.0364999994635582,0,0.000323999993270263,145.568695068359,-85.082,25.4737,54.0412055516945,53,52,53,51,53,53,0,8280,1.36958730294889,25,-85,0.0073,47,2021-10-24 08:38:53.000913,221.860000610352,1.0412,2,"aoml_apex",1027.34618425923
"4903625",4,0,1,0.0292,1,-0.0146,1,0.000346999993780628,3,149.52241330244,1,1.94662451893566,231.899993896484,1,17.8628997802734,36.4333000183105,0.0292000006884336,0,0.000346999993780628,143.355392456055,-85.082,25.4737,54.0412055516945,53,52,53,51,53,53,0,8280,1.36958730294889,25,-85,0.0073,47,2021-10-24 08:38:53.000913,231.899993896484,1.0412,2,"aoml_apex",1027.41950517171
"4903625",4,0,1,0.0292,1,-0.0146,1,0.000358999997843057,3,146.479314025232,1,1.94646194133769,241.440002441406,1,17.5347003936768,36.3839988708496,0.0292000006884336,0,0.000358999997843057,140.437805175781,-85.082,25.4737,54.0412055516945,53,52,53,51,53,53,0,8280,1.36958730294889,25,-85,0.0073,47,2021-10-24 08:38:53.000913,241.440002441406,1.0412,2,"aoml_apex",1027.50532005035
"4903625",4,0,1,0.0292,1,-0.0146,1,0.000381999998353422,3,142.033129964104,1,1.94631817489411,251.119995117188,1,17.2332992553711,36.3306999206543,0.0292000006884336,0,0.000381999998353422,136.175003051758,-85.082,25.4737,54.0412055516945,53,52,53,51,53,53,0,8280,1.36958730294889,25,-85,0.0073,47,2021-10-24 08:38:53.000913,251.119995117188,1.0412,2,"aoml_apex",1027.58121760272
"4903625",4,0,1,0.0365,1,-0.0073,1,0.000334999989718199,3,141.227804497327,1,1.9461316867877,261.829986572266,1,16.8015003204346,36.2607002258301,0.0364999994635582,0,0.000334999989718199,135.402893066406,-85.082,25.4737,54.0412055516945,53,52,53,51,53,53,0,8280,1.36958730294889,25,-85,0.0073,47,2021-10-24 08:38:53.000913,261.829986572266,1.0412,2,"aoml_apex",1027.67968559272
"4903625",4,0,1,0.0292,1,-0.0146,1,0.000334999989718199,3,140.934932829976,1,1.94600263993236,271.040008544922,1,16.5907001495361,36.2307014465332,0.0292000006884336,0,0.000334999989718199,135.122100830078,-85.082,25.4737,54.0412055516945,53,52,53,51,53,53,0,8280,1.36958730294889,25,-85,0.0073,47,2021-10-24 08:38:53.000913,271.040008544922,1.0412,2,"aoml_apex",1027.7478349513
"4903625",4,0,1,0.0365,1,-0.0073,1,0.00032299998565577,3,139.605710528841,1,1.94582741212159,281.25,1,16.1716003417969,36.1627998352051,0.0364999994635582,0,0.00032299998565577,133.847702026367,-85.082,25.4737,54.0412055516945,53,52,53,51,53,53,0,8280,1.36958730294889,25,-85,0.0073,47,2021-10-24 08:38:53.000913,281.25,1.0412,2,"aoml_apex",1027.84038684055
"4903625",4,0,1,0.0219,1,-0.0219,1,0.000334999989718199,3,137.102248227226,1,1.94566247795798,291.459991455078,1,15.7735996246338,36.0961990356445,0.0219000000506639,0,0.000334999989718199,131.447494506836,-85.082,25.4737,54.0412055516945,53,52,53,51,53,53,0,8280,1.36958730294889,25,-85,0.0073,47,2021-10-24 08:38:53.000913,291.459991455078,1.0412,2,"aoml_apex",1027.92751705787
"4903625",4,0,1,0.0365,1,-0.0073,1,0.000334000011207536,3,134.973764153763,1,1.94550692487899,301.809997558594,1,15.4243001937866,36.0387001037598,0.0364999994635582,0,0.000334000011207536,129.406799316406,-85.082,25.4737,54.0412055516945,53,52,53,51,53,53,0,8280,1.36958730294889,25,-85,0.0073,47,2021-10-24 08:38:53.000913,301.809997558594,1.0412,2,"aoml_apex",1028.00970504096
"4903625",4,0,1,0.0292,1,-0.0146,1,0.000357999990228564,3,132.954060530596,1,1.94538018607125,311.089996337891,1,15.1778001785278,35.9992980957031,0.0292000006884336,0,0.000357999990228564,127.470397949219,-85.082,25.4737,54.0412055516945,53,52,53,51,53,53,0,8280,1.36958730294889,25,-85,0.0073,47,2021-10-24 08:38:53.000913,311.089996337891,1.0412,2,"aoml_apex",1028.07667844045
"4903625",4,0,1,0.0365,1,-0.0073,1,0.000380999990738928,3,130.78698207645,1,1.94520578489937,321.630004882812,1,14.722900390625,35.9252014160156,0.0364999994635582,0,0.000380999990738928,125.392700195312,-85.082,25.4737,54.0412055516945,53,52,53,51,53,53,0,8280,1.36958730294889,25,-85,0.0073,47,2021-10-24 08:38:53.000913,321.630004882812,1.0412,2,"aoml_apex",1028.16885263554
"4903625",4,0,1,0.0365,1,-0.0073,1,0.000392999994801357,3,129.056823842052,1,1.94505984035538,331.660003662109,1,14.3534002304077,35.8613014221191,0.0364999994635582,0,0.000392999994801357,123.733901977539,-85.082,25.4737,54.0412055516945,53,52,53,51,53,53,0,8280,1.36958730294889,25,-85,0.0073,47,2021-10-24 08:38:53.000913,331.660003662109,1.0412,2,"aoml_apex",1028.24599968841
"4903625",4,0,1,0.0365,1,-0.0073,1,0.000368999986676499,3,127.742617540163,1,1.94496518006917,341.760009765625,1,14.2747001647949,35.8459014892578,0.0364999994635582,0,0.000368999986676499,122.473899841309,-85.082,25.4737,54.0412055516945,53,52,53,51,53,53,0,8280,1.36958730294889,25,-85,0.0073,47,2021-10-24 08:38:53.000913,341.760009765625,1.0412,2,"aoml_apex",1028.29604380315
"4903625",4,0,1,0.0292,1,-0.0146,1,0.000345000007655472,3,127.474669089369,1,1.94482941586389,350.959991455078,1,13.9637002944946,35.7980995178223,0.0292000006884336,0,0.000345000007655472,122.217002868652,-85.082,25.4737,54.0412055516945,53,52,53,51,53,53,0,8280,1.36958730294889,25,-85,0.0073,47,2021-10-24 08:38:53.000913,350.959991455078,1.0412,2,"aoml_apex",1028.36782685725
"4903625",4,0,1,0.0365,1,-0.0073,1,0.000368999986676499,3,123.859044058141,1,1.9446926371689,361.779998779297,1,13.7033004760742,35.7569007873535,0.0364999994635582,0,0.000368999986676499,118.750503540039,-85.082,25.4737,54.0412055516945,53,52,53,51,53,53,0,8280,1.36958730294889,25,-85,0.0073,47,2021-10-24 08:38:53.000913,361.779998779297,1.0412,2,"aoml_apex",1028.44015644118
"4903625",4,0,1,0.0438,1,0,1,0.000403999991249293,3,120.179272778938,1,1.94445844232688,381.579986572266,1,13.2585000991821,35.6810989379883,0.0438000001013279,0,0.000403999991249293,115.222503662109,-85.082,25.4737,54.0412055516945,53,52,53,51,53,53,0,8280,1.36958730294889,25,-85,0.0073,47,2021-10-24 08:38:53.000913,381.579986572266,1.0412,2,"aoml_apex",1028.56402403059
"4903625",4,0,1,0.0292,1,-0.0146,1,0.000449999992270023,3,117.022053498972,1,1.94421308819043,401.670013427734,1,12.8193998336792,35.6150016784668,0.0292000006884336,0,0.000449999992270023,112.195503234863,-85.082,25.4737,54.0412055516945,53,52,53,51,53,53,0,8280,1.36958730294889,25,-85,0.0073,47,2021-10-24 08:38:53.000913,401.670013427734,1.0412,2,"aoml_apex",1028.69382587147
"4903625",4,0,1,0.0292,1,-0.0146,1,0.000344000000040978,3,114.505246295005,1,1.94360442636831,451.809997558594,1,11.6372003555298,35.4348983764648,0.0292000006884336,0,0.000344000000040978,109.782501220703,-85.082,25.4737,54.0412055516945,53,52,53,51,53,53,0,8280,1.36958730294889,25,-85,0.0073,47,2021-10-24 08:38:53.000913,451.809997558594,1.0412,2,"aoml_apex",1029.01597303782
"4903625",4,0,1,0.0438,1,0,1,0.000342999992426485,3,112.839337757438,1,1.94301063776892,501.470001220703,1,10.4638996124268,35.2653999328613,0.0438000001013279,0,0.000342999992426485,108.185302734375,-85.082,25.4737,54.0412055516945,53,52,53,51,53,53,0,8280,1.36958730294889,25,-85,0.0073,47,2021-10-24 08:38:53.000913,501.470001220703,1.0412,2,"aoml_apex",1029.33044272805
"4903625",4,0,1,0.0438,1,0,1,0.000365000014426187,3,114.035158780683,1,1.94247753216744,550.070007324219,1,9.62689971923828,35.1529006958008,0.0438000001013279,0,0.000365000014426187,109.331802368164,-85.082,25.4737,54.0412055516945,53,52,53,51,53,53,0,8280,1.36958730294889,25,-85,0.0073,47,2021-10-24 08:38:53.000913,550.070007324219,1.0412,2,"aoml_apex",1029.61293856943
"4903625",4,0,1,0.0292,1,-0.0146,1,0.000353000010363758,3,115.446782073978,1,1.94192683266947,601.260009765625,1,8.83899974822998,35.0559997558594,0.0292000006884336,0,0.000353000010363758,110.685203552246,-85.082,25.4737,54.0412055516945,53,52,53,51,53,53,0,8280,1.36958730294889,25,-85,0.0073,47,2021-10-24 08:38:53.000913,601.260009765625,1.0412,2,"aoml_apex",1029.90492038812
"4903625",4,0,1,0.0438,1,0,1,0.000339999998686835,3,119.356329176319,1,1.9413819285529,651.25,1,8.12329959869385,34.9841003417969,0.0438000001013279,0,0.000339999998686835,114.433502197266,-85.082,25.4737,54.0412055516945,53,52,53,51,53,53,0,8280,1.36958730294889,25,-85,0.0073,47,2021-10-24 08:38:53.000913,651.25,1.0412,2,"aoml_apex",1030.19399252922
"4903625",4,0,1,0.0511,1,0.0073,1,0.000433000008342788,3,125.803850709971,1,1.94080732724836,700.880004882812,1,7.36079978942871,34.9305000305176,0.0511000007390976,0,0.000433000008342788,120.615097045898,-85.082,25.4737,54.0412055516945,53,52,53,51,53,53,0,8280,1.36958730294889,25,-85,0.0073,47,2021-10-24 08:38:53.000913,700.880004882812,1.0412,2,"aoml_apex",1030.49899488764
"4903625",4,0,1,0.0438,1,0,1,0.000409000000217929,3,133.184361555615,1,1.94025331389632,751.400024414062,1,6.80630016326904,34.904598236084,0.0438000001013279,0,0.000409000000217929,127.691200256348,-85.082,25.4737,54.0412055516945,53,52,53,51,53,53,0,8280,1.36958730294889,25,-85,0.0073,47,2021-10-24 08:38:53.000913,751.400024414062,1.0412,2,"aoml_apex",1030.79324007632
"4903625",4,0,1,0.0438,1,0,1,0.000338000012561679,3,142.62889988018,1,1.939690993129,800.97998046875,1,6.28599977493286,34.8993988037109,0.0438000001013279,0,0.000338000012561679,136.746200561523,-85.082,25.4737,54.0412055516945,53,52,53,51,53,53,0,8280,1.36958730294889,25,-85,0.0073,47,2021-10-24 08:38:53.000913,800.97998046875,1.0412,2,"aoml_apex",1031.09206934746
"4903625",4,0,1,0.0438,1,0,1,0.000407999992603436,3,150.19182288838,1,1.93916359544939,851.510009765625,1,5.96299982070923,34.9043998718262,0.0438000001013279,0,0.000407999992603436,143.997192382812,-85.082,25.4737,54.0412055516945,53,52,53,51,53,53,0,8280,1.36958730294889,25,-85,0.0073,47,2021-10-24 08:38:53.000913,851.510009765625,1.0412,2,"aoml_apex",1031.3724972423
"4903625",4,0,1,0.0511,1,0.0073,1,0.000384000013582408,3,156.902613801518,1,1.93864446971766,901.390014648438,1,5.66370010375977,34.912899017334,0.0511000007390976,0,0.000384000013582408,150.431198120117,-85.082,25.4737,54.0412055516945,53,52,53,51,53,53,0,8280,1.36958730294889,25,-85,0.0073,47,2021-10-24 08:38:53.000913,901.390014648438,1.0412,2,"aoml_apex",1031.6486757839
"4903625",4,0,1,0.0438,1,0,1,0.000335999997332692,3,162.671447182659,1,1.93816569369761,951.429992675781,1,5.49389982223511,34.9175987243652,0.0438000001013279,0,0.000335999997332692,155.962097167969,-85.082,25.4737,54.0412055516945,53,52,53,51,53,53,0,8280,1.36958730294889,25,-85,0.0073,47,2021-10-24 08:38:53.000913,951.429992675781,1.0412,2,"aoml_apex",1031.90351913846
"4903625",4,0,1,0.0438,1,0,1,0.000371000001905486,3,169.53952810169,1,1.9376821451844,999.440002441406,1,5.25479984283447,34.9249992370605,0.0438000001013279,0,0.000371000001905486,162.546905517578,-85.082,25.4737,54.0412055516945,53,52,53,51,53,53,0,8280,1.36958730294889,25,-85,0.0073,47,2021-10-24 08:38:53.000913,999.440002441406,1.0412,2,"aoml_apex",1032.16103062645
"4903625",4,0,1,0.0511,1,0.0073,1,0.000369999994290993,3,183.254697779702,1,1.93670747790753,1098.90002441406,1,4.84800004959106,34.9394989013672,0.0511000007390976,0,0.000369999994290993,175.696395874023,-85.082,25.4737,54.0412055516945,53,52,53,51,53,53,0,8280,1.36958730294889,25,-85,0.0073,47,2021-10-24 08:38:53.000913,1098.90002441406,1.0412,2,"aoml_apex",1032.68047591826
"4903625",4,0,1,0.0511,1,0.0073,1,0.000299000006634742,3,192.688294398403,1,1.93577010503899,1199.93994140625,1,4.60290002822876,34.9500007629395,0.0511000007390976,0,0.000299000006634742,184.740905761719,-85.082,25.4737,54.0412055516945,53,52,53,51,53,53,0,8280,1.36958730294889,25,-85,0.0073,47,2021-10-24 08:38:53.000913,1199.93994140625,1.0412,2,"aoml_apex",1033.1805387395
"4903625",4,0,1,0.0438,1,0,1,0.000287000002572313,3,199.400533595518,1,1.93487622034153,1299.55004882812,1,4.44850015640259,34.956600189209,0.0438000001013279,0,0.000287000002572313,191.176300048828,-85.082,25.4737,54.0412055516945,53,52,53,51,53,53,0,8280,1.36958730294889,25,-85,0.0073,47,2021-10-24 08:38:53.000913,1299.55004882812,1.0412,2,"aoml_apex",1033.6578531349
"4903625",4,0,1,0.0438,1,0,1,0.000299000006634742,3,203.824388619079,1,1.93400193062573,1399.85998535156,1,4.36969995498657,34.9607009887695,0.0438000001013279,0,0.000299000006634742,195.417694091797,-85.082,25.4737,54.0412055516945,53,52,53,51,53,53,0,8280,1.36958730294889,25,-85,0.0073,47,2021-10-24 08:38:53.000913,1399.85998535156,1.0412,2,"aoml_apex",1034.12513107105
"4903625",4,0,1,0.0438,1,0,1,0.000322000007145107,3,206.435278578265,1,1.93314608489227,1499.97998046875,1,4.33610010147095,34.9630012512207,0.0438000001013279,0,0.000322000007145107,197.9208984375,-85.082,25.4737,54.0412055516945,53,52,53,51,53,53,0,8280,1.36958730294889,25,-85,0.0073,47,2021-10-24 08:38:53.000913,1499.97998046875,1.0412,2,"aoml_apex",1034.58296071373
"4903625",4,0,1,0.0584,1,0.0146,1,0.000299000006634742,3,207.81676642421,1,1.93230181322518,1599.58996582031,1,4.31710004806519,34.964599609375,0.0584000013768673,0,0.000299000006634742,199.245407104492,-85.082,25.4737,54.0412055516945,53,52,53,51,53,53,0,8280,1.36958730294889,25,-85,0.0073,47,2021-10-24 08:38:53.000913,1599.58996582031,1.0412,2,"aoml_apex",1035.03499624721
"4903625",4,0,1,0.0438,1,0,1,0.000287000002572313,3,209.36762391932,1,1.93145643198157,1699.86999511719,1,4.30270004272461,34.9655990600586,0.0438000001013279,0,0.000287000002572313,200.732299804688,-85.082,25.4737,54.0412055516945,53,52,53,51,53,53,0,8280,1.36958730294889,25,-85,0.0073,47,2021-10-24 08:38:53.000913,1699.86999511719,1.0412,2,"aoml_apex",1035.48802182822
"4903625",4,0,1,0.0365,1,-0.0073,1,0.000274999998509884,3,210.041107798643,1,1.9306214843503,1799.44995117188,1,4.29559993743896,34.9664993286133,0.0364999994635582,0,0.000274999998509884,201.378005981445,-85.082,25.4737,54.0412055516945,53,52,53,51,53,53,0,8280,1.36958730294889,25,-85,0.0073,47,2021-10-24 08:38:53.000913,1799.44995117188,1.0412,2,"aoml_apex",1035.93584563939
"4903625",4,0,1,0.0511,1,0.0073,1,0.000262999994447455,3,211.285629359987,1,1.92978889917334,1899.18005371094,1,4.29169988632202,34.9672012329102,0.0511000007390976,0,0.000262999994447455,202.571197509766,-85.082,25.4737,54.0412055516945,53,52,53,51,53,53,0,8280,1.36958730294889,25,-85,0.0073,47,2021-10-24 08:38:53.000913,1899.18005371094,1.0412,2,"aoml_apex",1036.38278821934
"4903625",5,0.111931528329685,5,0.0803,1,0.0365,1,0.000526999996509403,3,194.081972010649,1,1.95461258206666,7.57000017166138,1,28.1051006317139,36.1008987426758,0.0803000032901764,0.137629300355911,0.000526999996509403,185.972106933594,-84.7944,24.6621,77.4855685314641,53,52,53,51,53,53,0.1533,8280,1.36958730294889,25,-85,0.0073,47,2021-11-03 16:31:55.001762,7.57000017166138,1.0412,2,"aoml_apex",1023.22067214228
"4903625",5,0.111931528329685,5,0.0949,1,0.0511,1,0.000598000013269484,3,193.818251437168,1,1.95457452926032,11.7399997711182,1,28.0997009277344,36.1012992858887,0.0948999971151352,0.137629300355911,0.000598000013269484,185.71940612793,-84.7944,24.6621,77.4855685314641,53,52,53,51,53,53,0.1533,8280,1.36958730294889,25,-85,0.0073,47,2021-11-03 16:31:55.001762,11.7399997711182,1.0412,2,"aoml_apex",1023.24059280403
"4903625",5,0.111931528329685,5,0.1022,1,0.0584,1,0.000538999971468002,3,193.791530639976,1,1.95453071535896,16.6700000762939,1,28.0956993103027,36.1020011901855,0.102200001478195,0.137629300355911,0.000538999971468002,185.693801879883,-84.7944,24.6621,77.4855685314641,53,52,53,51,53,53,0.1533,8280,1.36958730294889,25,-85,0.0073,47,2021-11-03 16:31:55.001762,16.6700000762939,1.0412,2,"aoml_apex",1023.26353036242
"4903625",5,0.111931528329685,5,0.1095,1,0.0657,1,0.00056299997959286,3,193.75062138611,1,1.9544863332062,21.6800003051758,1,28.0941009521484,36.1036987304688,0.109499998390675,0.137629300355911,0.00056299997959286,185.654602050781,-84.7944,24.6621,77.4855685314641,53,52,53,51,53,53,0.1533,8280,1.36958730294889,25,-85,0.0073,47,2021-11-03 16:31:55.001762,21.6800003051758,1.0412,2,"aoml_apex",1023.28676646162
"4903625",5,0.111931528329685,5,0.1387,1,0.0949,1,0.000515999970957637,3,193.549100713603,1,1.95444417258029,26.8500003814697,1,28.0939998626709,36.1035995483398,0.138699993491173,0.137629300355911,0.000515999970957637,185.461502075195,-84.7944,24.6621,77.4855685314641,53,52,53,51,53,53,0.1533,8280,1.36958730294889,25,-85,0.0073,47,2021-11-03 16:31:55.001762,26.8500003814697,1.0412,2,"aoml_apex",1023.30884046668
"4903625",5,0.111931528329685,5,0.1752,1,0.1314,1,0.00056299997959286,3,193.450275166895,1,1.9544048270235,31.4300003051758,1,28.0907001495361,36.1035003662109,0.175200000405312,0.137629300355911,0.00056299997959286,185.366806030273,-84.7944,24.6621,77.4855685314641,53,52,53,51,53,53,0.1533,8280,1.36958730294889,25,-85,0.0073,47,2021-11-03 16:31:55.001762,31.4300003051758,1.0412,2,"aoml_apex",1023.32944144737
"4903625",5,0.111931528329685,5,0.1533,1,0.1095,1,0.000551000004634261,3,193.400703151603,1,1.95436277897833,36.6199989318848,1,28.0916996002197,36.1036987304688,0.153300002217293,0.137629300355911,0.000551000004634261,185.319305419922,-84.7944,24.6621,77.4855685314641,53,52,53,51,53,53,0.1533,8280,1.36958730294889,25,-85,0.0073,47,2021-11-03 16:31:55.001762,36.6199989318848,1.0412,2,"aoml_apex",1023.35145834364
"4903625",5,0.111931528329685,5,0.1606,1,0.1168,1,0.000551000004634261,3,193.304680263004,1,1.95431970364181,41.8800010681152,1,28.0921993255615,36.1040000915527,0.160600006580353,0.137629300355911,0.000551000004634261,185.227294921875,-84.7944,24.6621,77.4855685314641,53,52,53,51,53,53,0.1533,8280,1.36958730294889,25,-85,0.0073,47,2021-11-03 16:31:55.001762,41.8800010681152,1.0412,2,"aoml_apex",1023.37401412526
"4903625",5,0.111931528329685,5,0.1606,1,0.1168,1,0.000668000022415072,3,193.293724417672,1,1.95428362410239,46.5,1,28.093900680542,36.1035995483398,0.160600006580353,0.137629300355911,0.000668000022415072,185.216796875,-84.7944,24.6621,77.4855685314641,53,52,53,51,53,53,0.1533,8280,1.36958730294889,25,-85,0.0073,47,2021-11-03 16:31:55.001762,46.5,1.0412,2,"aoml_apex",1023.39290742336
"4903625",5,0.111931528329685,5,0.1679,1,0.1241,1,0.00056299997959286,3,193.132380486115,1,1.95424172491813,51.7299995422363,1,28.0953998565674,36.1036987304688,0.167899996042252,0.137629300355911,0.00056299997959286,185.062194824219,-84.7944,24.6621,77.4855685314641,53,52,53,51,53,53,0.1533,8280,1.36958730294889,25,-85,0.0073,47,2021-11-03 16:31:55.001762,51.7299995422363,1.0412,2,"aoml_apex",1023.41484909386
"4903625",5,0.111931528329685,5,0.1679,1,0.1241,1,0.000574000005144626,3,193.020194540812,1,1.95420210858072,56.5499992370605,1,28.0967998504639,36.1044998168945,0.167899996042252,0.137629300355911,0.000574000005144626,184.954696655273,-84.7944,24.6621,77.4855685314641,53,52,53,51,53,53,0.1533,8280,1.36958730294889,25,-85,0.0073,47,2021-11-03 16:31:55.001762,56.5499992370605,1.0412,2,"aoml_apex",1023.43559615364
"4903625",5,0.111931528329685,5,0.1679,1,0.1241,1,0.000585999980103225,3,192.913231731074,1,1.95415432479834,61.7599983215332,1,28.0977993011475,36.1086006164551,0.167899996042252,0.137629300355911,0.000585999980103225,184.852203369141,-84.7944,24.6621,77.4855685314641,53,52,53,51,53,53,0.1533,8280,1.36958730294889,25,-85,0.0073,47,2021-11-03 16:31:55.001762,61.7599983215332,1.0412,2,"aoml_apex",1023.46062162025
"4903625",5,0.111931528329685,5,0.1606,1,0.1168,1,0.000574000005144626,3,192.755741454416,1,1.95411277874201,66.7600021362305,1,28.0988998413086,36.1096000671387,0.160600006580353,0.131400004029274,0.000574000005144626,184.701293945312,-84.7944,24.6621,77.4855685314641,53,52,53,51,53,53,0.1533,8280,1.36958730294889,25,-85,0.0073,47,2021-11-03 16:31:55.001762,66.7600021362305,1.0412,2,"aoml_apex",1023.48238124083
"4903625",5,0.111931528329685,5,0.1679,1,0.1241,1,0.000585999980103225,3,192.433802028412,1,1.9540730538022,71.6399993896484,1,28.0995006561279,36.1097984313965,0.167899996042252,0.138699993491173,0.000585999980103225,184.392807006836,-84.7944,24.6621,77.4855685314641,53,52,53,51,53,53,0.1533,8280,1.36958730294889,25,-85,0.0073,47,2021-11-03 16:31:55.001762,71.6399993896484,1.0412,2,"aoml_apex",1023.5031879225
"4903625",5,0.111931528329685,5,0.1971,1,0.1533,1,0.000538999971468002,3,191.653389138782,1,1.95401809635575,76.8600006103516,1,28.1021995544434,36.1195983886719,0.19709999859333,0.167899996042252,0.000538999971468002,183.645004272461,-84.7944,24.6621,77.4855685314641,53,52,53,51,53,53,0.1533,8280,1.36958730294889,25,-85,0.0073,47,2021-11-03 16:31:55.001762,76.8600006103516,1.0412,2,"aoml_apex",1023.53197430976
"4903625",5,0.27716378443541,1,0.4234,1,0.3796,1,0.000561999971978366,3,186.267428691615,1,1.9537690861073,81.9499969482422,1,27.9981994628906,36.2186012268066,0.423400014638901,0.394199997186661,0.000561999971978366,178.484100341797,-84.7944,24.6621,77.4855685314641,53,52,53,51,53,53,0.3796,8280,1.36958730294889,25,-85,0.0073,47,2021-11-03 16:31:55.001762,81.9499969482422,1.0412,2,"aoml_apex",1023.66242470588
"4903625",5,0.325134439433846,1,0.4891,1,0.4453,1,0.000584999972488731,3,180.723993891983,1,1.95321366711369,86.9300003051758,1,27.5513000488281,36.3827018737793,0.489100009202957,0.459899991750717,0.000584999972488731,173.172302246094,-84.7944,24.6621,77.4855685314641,53,52,53,51,53,53,0.4453,8280,1.36958730294889,25,-85,0.0073,47,2021-11-03 16:31:55.001762,86.9300003051758,1.0412,2,"aoml_apex",1023.9535150066
"4903625",5,0.309144221101034,1,0.4672,1,0.4234,1,0.000678999989759177,3,177.011252183897,1,1.95286222871817,91.5100021362305,1,27.1928997039795,36.4468994140625,0.467200011014938,0.437999993562698,0.000678999989759177,169.614700317383,-84.7944,24.6621,77.4855685314641,53,52,53,51,53,53,0.4234,8280,1.36958730294889,25,-85,0.0073,47,2021-11-03 16:31:55.001762,91.5100021362305,1.0412,2,"aoml_apex",1024.13778636743
"4903625",5,0.298484075545826,1,0.4526,1,0.4088,1,0.000574000005144626,3,174.594150655758,1,1.95261721284199,96.9000015258789,1,26.9738998413086,36.4930992126465,0.452600002288818,0.423400014638901,0.000574000005144626,167.298599243164,-84.7944,24.6621,77.4855685314641,53,52,53,51,53,53,0.4088,8280,1.36958730294889,25,-85,0.0073,47,2021-11-03 16:31:55.001762,96.9000015258789,1.0412,2,"aoml_apex",1024.26629594699
"4903625",5,0.186552547216141,1,0.2993,1,0.2555,1,0.00052599998889491,3,171.891305394116,1,1.95218541091143,101.819999694824,1,26.5538005828857,36.5872001647949,0.299299985170364,0.270099997520447,0.00052599998889491,164.708694458008,-84.7944,24.6621,77.4855685314641,53,52,53,51,53,53,0.2555,8280,1.36958730294889,25,-85,0.0073,47,2021-11-03 16:31:55.001762,101.819999694824,1.0412,2,"aoml_apex",1024.49285238037
"4903625",5,0.101271382774477,1,0.1825,1,0.1387,1,0.000595999998040497,3,166.929374379389,1,1.95160341306365,111.410003662109,1,26.0373001098633,36.7206993103027,0.182500004768372,0.153300002217293,0.000595999998040497,159.9541015625,-84.7944,24.6621,77.4855685314641,53,52,53,51,53,53,0.1387,8280,1.36958730294889,25,-85,0.0073,47,2021-11-03 16:31:55.001762,111.410003662109,1.0412,2,"aoml_apex",1024.7983717452
"4903625",5,0.0373105094432283,1,0.0949,1,0.0511,1,0.000584000023081899,3,161.415463035058,1,1.95090517251703,120.629997253418,1,25.2994995117188,36.8487014770508,0.0948999971151352,0.065700002014637,0.000584000023081899,154.670593261719,-84.7944,24.6621,77.4855685314641,53,52,53,51,53,53,0.0511,8280,1.36958730294889,25,-85,0.0073,47,2021-11-03 16:31:55.001762,120.629997253418,1.0412,2,"aoml_apex",1025.16515316817
"4903625",5,0.00533007277760404,1,0.0511,1,0.0073,1,0.000325000000884756,3,155.242210446541,1,1.94996558120576,131.529998779297,1,24.1343002319336,36.9692001342773,0.0511000007390976,0.0219000000506639,0.000325000000884756,148.755294799805,-84.7944,24.6621,77.4855685314641,53,52,53,51,53,53,0.0073,8280,1.36958730294889,25,-85,0.0073,47,2021-11-03 16:31:55.001762,131.529998779297,1.0412,2,"aoml_apex",1025.6591292054
"4903625",5,-0.00533007277760404,1,0.0365,1,-0.0073,1,0.000325000000884756,3,154.55458783417,1,1.94965565614275,140.869995117188,1,23.774299621582,36.988899230957,0.0364999994635582,0.00730000017210841,0.000325000000884756,148.096405029297,-84.7944,24.6621,77.4855685314641,53,52,53,51,53,53,-0.0073,8280,1.36958730294889,25,-85,0.0073,47,2021-11-03 16:31:55.001762,140.869995117188,1.0412,2,"aoml_apex",1025.82217208389
"4903625",5,0.0159902183328121,1,0.0657,1,0.0219,1,0.000395000010030344,3,154.803371513869,1,1.94922882786951,151.589996337891,1,23.2068996429443,37.002498626709,0.065700002014637,0.0364999994635582,0.000395000010030344,148.33479309082,-84.7944,24.6621,77.4855685314641,53,52,53,51,53,53,0.0219,8280,1.36958730294889,25,-85,0.0073,47,2021-11-03 16:31:55.001762,151.589996337891,1.0412,2,"aoml_apex",1026.0467993314
"4903625",5,0.00533007277760404,1,0.0511,1,0.0073,1,0.000372000009519979,3,151.988037747241,1,1.94879614615504,161.770004272461,1,22.5081005096436,36.9763984680176,0.0511000007390976,0.0219000000506639,0.000372000009519979,145.637100219727,-84.7944,24.6621,77.4855685314641,53,52,53,51,53,53,0.0073,8280,1.36958730294889,25,-85,0.0073,47,2021-11-03 16:31:55.001762,161.770004272461,1.0412,2,"aoml_apex",1026.27460750371
"4903625",5,0.0106601455552081,1,0.0584,1,0.0146,1,0.000348000001395121,3,150.183110001261,1,1.94845542501614,171.850006103516,1,21.8211002349854,36.896598815918,0.0584000013768673,0.0292000006884336,0.000348000001395121,143.907592773438,-84.7944,24.6621,77.4855685314641,53,52,53,51,53,53,0.0146,8280,1.36958730294889,25,-85,0.0073,47,2021-11-03 16:31:55.001762,171.850006103516,1.0412,2,"aoml_apex",1026.45406937314
"4903625",5,-0.0106601455552081,1,0.0292,1,-0.0146,1,0.000372000009519979,3,151.499212770239,1,1.94816233116239,181.860000610352,1,21.4288997650146,36.8973999023438,0.0292000006884336,0,0.000372000009519979,145.168701171875,-84.7944,24.6621,77.4855685314641,53,52,53,51,53,53,-0.0146,8280,1.36958730294889,25,-85,0.0073,47,2021-11-03 16:31:55.001762,181.860000610352,1.0412,2,"aoml_apex",1026.60849561067
"4903625",5,-0.00533007277760404,1,0.0365,1,-0.0073,1,0.00036000000545755,3,149.159550596538,1,1.94795824218323,191.300003051758,1,21.0398006439209,36.8424987792969,0.0364999994635582,0.00730000017210841,0.00036000000545755,142.926803588867,-84.7944,24.6621,77.4855685314641,53,52,53,51,53,53,-0.0073,8280,1.36958730294889,25,-85,0.0073,47,2021-11-03 16:31:55.001762,191.300003051758,1.0412,2,"aoml_apex",1026.71605411749
"4903625",5,-0.00533007277760404,1,0.0365,1,-0.0073,1,0.000395000010030344,3,150.141898187713,1,1.94752530075233,200.979995727539,1,19.9920997619629,36.7116012573242,0.0364999994635582,0.00730000017210841,0.000395000010030344,143.868103027344,-84.7944,24.6621,77.4855685314641,53,52,53,51,53,53,-0.0073,8280,1.36958730294889,25,-85,0.0073,47,2021-11-03 16:31:55.001762,200.979995727539,1.0412,2,"aoml_apex",1026.94429655286
"4903625",5,-0.00533007277760404,1,0.0365,1,-0.0073,1,0.000358999997843057,3,151.780258866571,1,1.94732193641405,211.070007324219,1,19.6623992919922,36.67919921875,0.0364999994635582,0.00730000017210841,0.000358999997843057,145.438003540039,-84.7944,24.6621,77.4855685314641,53,52,53,51,53,53,-0.0073,8280,1.36958730294889,25,-85,0.0073,47,2021-11-03 16:31:55.001762,211.070007324219,1.0412,2,"aoml_apex",1027.0515432507
"4903625",5,0,1,0.0438,1,0,1,0.000358999997843057,3,142.77600310473,1,1.9471090817574,221.339996337891,1,19.2299995422363,36.6180992126465,0.0438000001013279,0.0146000003442168,0.000358999997843057,136.809997558594,-84.7944,24.6621,77.4855685314641,53,52,53,51,53,53,0,8280,1.36958730294889,25,-85,0.0073,47,2021-11-03 16:31:55.001762,221.339996337891,1.0412,2,"aoml_apex",1027.16381878044
"4903625",5,0.00533007277760404,1,0.0511,1,0.0073,1,0.000383000005967915,3,145.434388017289,1,1.94688567252577,231.800003051758,1,18.6121997833252,36.5026016235352,0.0511000007390976,0.0219000000506639,0.000383000005967915,139.357299804688,-84.7944,24.6621,77.4855685314641,53,52,53,51,53,53,0.0073,8280,1.36958730294889,25,-85,0.0073,47,2021-11-03 16:31:55.001762,231.800003051758,1.0412,2,"aoml_apex",1027.28168799215
"4903625",5,-0.0159902183328121,1,0.0219,1,-0.0219,1,0.000335999997332692,3,155.550805398143,1,1.94672354314799,241.619995117188,1,18.5471992492676,36.5367012023926,0.0219000000506639,-0.00730000017210841,0.000335999997332692,149.050994873047,-84.7944,24.6621,77.4855685314641,53,52,53,51,53,53,-0.0219,8280,1.36958730294889,25,-85,0.0073,47,2021-11-03 16:31:55.001762,241.619995117188,1.0412,2,"aoml_apex",1027.36724330454
"4903625",5,0,1,0.0365,1,-0.0073,1,0.000358999997843057,3,153.382296459378,1,1.94657920970662,251.419998168945,1,18.323299407959,36.505500793457,0.0364999994635582,0,0.000358999997843057,146.973098754883,-84.7944,24.6621,77.4855685314641,53,52,53,51,53,53,0,8280,1.36958730294889,25,-85,0.0073,47,2021-11-03 16:31:55.001762,251.419998168945,1.0412,2,"aoml_apex",1027.4434197319
"4903625",5,0,1,0.0219,1,-0.0219,1,0.000346999993780628,3,151.536475383725,1,1.94640346907725,261.420013427734,1,17.9708995819092,36.4528999328613,0.0219000000506639,0,0.000346999993780628,145.204406738281,-84.7944,24.6621,77.4855685314641,53,52,53,51,53,53,0,8280,1.36958730294889,25,-85,0.0073,47,2021-11-03 16:31:55.001762,261.420013427734,1.0412,2,"aoml_apex",1027.53618752445
"4903625",5,0,1,0.0292,1,-0.0146,1,0.000346999993780628,3,149.775164004556,1,1.94626715427561,271.660003662109,1,17.7677001953125,36.4217987060547,0.0292000006884336,0,0.000346999993780628,143.516693115234,-84.7944,24.6621,77.4855685314641,53,52,53,51,53,53,0,8280,1.36958730294889,25,-85,0.0073,47,2021-11-03 16:31:55.001762,271.660003662109,1.0412,2,"aoml_apex",1027.60815523519
"4903625",5,0,1,0.0365,1,-0.0073,1,0.000381999998353422,3,141.722792851156,1,1.94611555699154,281.290008544922,1,17.4601993560791,36.3712997436523,0.0364999994635582,0,0.000381999998353422,135.800796508789,-84.7944,24.6621,77.4855685314641,53,52,53,51,53,53,0,8280,1.36958730294889,25,-85,0.0073,47,2021-11-03 16:31:55.001762,281.290008544922,1.0412,2,"aoml_apex",1027.68820320812
"4903625",5,0,1,0.0365,1,-0.0073,1,0.00040600000647828,3,134.702548318742,1,1.94593086208165,290.980010986328,1,16.9533996582031,36.2807006835938,0.0364999994635582,0,0.00040600000647828,129.07389831543,-84.7944,24.6621,77.4855685314641,53,52,53,51,53,53,0,8280,1.36958730294889,25,-85,0.0073,47,2021-11-03 16:31:55.001762,290.980010986328,1.0412,2,"aoml_apex",1027.7857445873
"4903625",5,0,1,0.0365,1,-0.0073,1,0.000404999998863786,3,132.457332538453,1,1.94574551195868,300.980010986328,1,16.5097007751465,36.2113990783691,0.0364999994635582,0,0.000404999998863786,126.922500610352,-84.7944,24.6621,77.4855685314641,53,52,53,51,53,53,0,8280,1.36958730294889,25,-85,0.0073,47,2021-11-03 16:31:55.001762,300.980010986328,1.0412,2,"aoml_apex",1027.88365061508
"4903625",5,0,1,0.0292,1,-0.0146,1,0.000429000006988645,3,130.517574643589,1,1.9455825744026,311.510009765625,1,16.1389007568359,36.1483001708984,0.0292000006884336,0,0.000429000006988645,125.06379699707,-84.7944,24.6621,77.4855685314641,53,52,53,51,53,53,0,8280,1.36958730294889,25,-85,0.0073,47,2021-11-03 16:31:55.001762,311.510009765625,1.0412,2,"aoml_apex",1027.96973323741
"4903625",5,0,1,0.0438,1,0,1,0.000546000024769455,3,125.271253451832,1,1.94545345841434,320.959991455078,1,15.8940000534058,36.1080017089844,0.0438000001013279,0,0.000546000024769455,120.036697387695,-84.7944,24.6621,77.4855685314641,53,52,53,51,53,53,0,8280,1.36958730294889,25,-85,0.0073,47,2021-11-03 16:31:55.001762,320.959991455078,1.0412,2,"aoml_apex",1028.03795760302
"4903625",5,0,1,0.0365,1,-0.0073,1,0.000487000012071803,3,120.468986366216,1,1.9452426716994,331.510009765625,1,15.3267002105713,36.0213012695312,0.0364999994635582,0,0.000487000012071803,115.435096740723,-84.7944,24.6621,77.4855685314641,53,52,53,51,53,53,0,8280,1.36958730294889,25,-85,0.0073,47,2021-11-03 16:31:55.001762,331.510009765625,1.0412,2,"aoml_apex",1028.14935591186
"4903625",5,0,1,0.0365,1,-0.0073,1,0.000533999991603196,3,121.597756919359,1,1.94508104590722,341.369995117188,1,14.8702001571655,35.9408988952637,0.0364999994635582,0,0.000533999991603196,116.516700744629,-84.7944,24.6621,77.4855685314641,53,52,53,51,53,53,0,8280,1.36958730294889,25,-85,0.0073,47,2021-11-03 16:31:55.001762,341.369995117188,1.0412,2,"aoml_apex",1028.23478960342
"4903625",5,0,1,0.0365,1,-0.0073,1,0.000533999991603196,3,121.5914907491,1,1.94494344361334,351.309997558594,1,14.5904998779297,35.8969993591309,0.0364999994635582,0,0.000533999991603196,116.510696411133,-84.7944,24.6621,77.4855685314641,53,52,53,51,53,53,0,8280,1.36958730294889,25,-85,0.0073,47,2021-11-03 16:31:55.001762,351.309997558594,1.0412,2,"aoml_apex",1028.30753591702
"4903625",5,0,1,0.0365,1,-0.0073,1,0.000450999999884516,3,122.067066796863,1,1.94475940980645,361.220001220703,1,14.0770998001099,35.8194007873535,0.0364999994635582,0,0.000450999999884516,116.966400146484,-84.7944,24.6621,77.4855685314641,53,52,53,51,53,53,0,8280,1.36958730294889,25,-85,0.0073,47,2021-11-03 16:31:55.001762,361.220001220703,1.0412,2,"aoml_apex",1028.40484530631
"4903625",5,0,1,0.0365,1,-0.0073,1,0.000438999995822087,3,121.280188684552,1,1.94447056944281,381.589996337891,1,13.3809003829956,35.706298828125,0.0364999994635582,0,0.000438999995822087,116.21240234375,-84.7944,24.6621,77.4855685314641,53,52,53,51,53,53,0,8280,1.36958730294889,25,-85,0.0073,47,2021-11-03 16:31:55.001762,381.589996337891,1.0412,2,"aoml_apex",1028.55760916613
"4903625",5,0,1,0.0292,1,-0.0146,1,0.000414999987697229,3,124.62119601263,1,1.9442038661648,401.869995117188,1,12.7623996734619,35.6049003601074,0.0292000006884336,0,0.000414999987697229,119.413803100586,-84.7944,24.6621,77.4855685314641,53,52,53,51,53,53,0,8280,1.36958730294889,25,-85,0.0073,47,2021-11-03 16:31:55.001762,401.869995117188,1.0412,2,"aoml_apex",1028.69870531904
"4903625",5,0,1,0.0438,1,0,1,0.000508000026457012,3,116.447028662969,1,1.94361302808527,451.230010986328,1,11.6232004165649,35.4287986755371,0.0438000001013279,0,0.000508000026457012,111.581199645996,-84.7944,24.6621,77.4855685314641,53,52,53,51,53,53,0,8280,1.36958730294889,25,-85,0.0073,47,2021-11-03 16:31:55.001762,451.230010986328,1.0412,2,"aoml_apex",1029.0114189913
"4903625",5,0,1,0.0365,1,-0.0073,1,0.000413000001572073,3,113.614464918653,1,1.94303131172907,501.299987792969,1,10.5875997543335,35.2820014953613,0.0364999994635582,0,0.000413000001572073,108.866996765137,-84.7944,24.6621,77.4855685314641,53,52,53,51,53,53,0,8280,1.36958730294889,25,-85,0.0073,47,2021-11-03 16:31:55.001762,501.299987792969,1.0412,2,"aoml_apex",1029.31949059546
"4903625",5,0,1,0.0438,1,0,1,0.000342000013915822,3,115.160361766226,1,1.94249067985594,550.849975585938,1,9.62969970703125,35.1400985717773,0.0438000001013279,0,0.000342000013915822,110.348297119141,-84.7944,24.6621,77.4855685314641,53,52,53,51,53,53,0,8280,1.36958730294889,25,-85,0.0073,47,2021-11-03 16:31:55.001762,550.849975585938,1.0412,2,"aoml_apex",1029.60596966587
"4903625",5,0,1,0.0438,1,0,1,0.000822999980300665,3,116.759485231567,1,1.94191782439467,601.039978027344,1,8.76200008392334,35.046501159668,0.0438000001013279,0,0.000822999980300665,111.880599975586,-84.7944,24.6621,77.4855685314641,53,52,53,51,53,53,0,8280,1.36958730294889,25,-85,0.0073,47,2021-11-03 16:31:55.001762,601.039978027344,1.0412,2,"aoml_apex",1029.90969796749
"4903625",5,0,1,0.0438,1,0,1,0.000327999994624406,3,120.896869453555,1,1.94137008886519,651.650024414062,1,8.03439998626709,34.9710998535156,0.0438000001013279,0,0.000327999994624406,115.845100402832,-84.7944,24.6621,77.4855685314641,53,52,53,51,53,53,0,8280,1.36958730294889,25,-85,0.0073,47,2021-11-03 16:31:55.001762,651.650024414062,1.0412,2,"aoml_apex",1030.20027529583
"4903625",5,0,1,0.0438,1,0,1,0.000632999988738447,3,126.243584725109,1,1.9408061830225,701.609985351562,1,7.33869981765747,34.9225997924805,0.0438000001013279,0,0.000632999988738447,120.968399047852,-84.7944,24.6621,77.4855685314641,53,52,53,51,53,53,0,8280,1.36958730294889,25,-85,0.0073,47,2021-11-03 16:31:55.001762,701.609985351562,1.0412,2,"aoml_apex",1030.49960243084
"4903625",5,0,1,0.0438,1,0,1,0.000349999987520278,3,132.362360646645,1,1.940259777854,751.809997558594,1,6.83869981765747,34.9042015075684,0.0438000001013279,0,0.000349999987520278,126.831497192383,-84.7944,24.6621,77.4855685314641,53,52,53,51,53,53,0,8280,1.36958730294889,25,-85,0.0073,47,2021-11-03 16:31:55.001762,751.809997558594,1.0412,2,"aoml_apex",1030.78980599808
"4903625",5,0,1,0.0438,1,0,1,0.000372999988030642,3,139.366856151393,1,1.9397338134587,800.97998046875,1,6.44210004806519,34.9001998901367,0.0438000001013279,0,0.000372999988030642,133.543304443359,-84.7944,24.6621,77.4855685314641,53,52,53,51,53,53,0,8280,1.36958730294889,25,-85,0.0073,47,2021-11-03 16:31:55.001762,800.97998046875,1.0412,2,"aoml_apex",1031.06930761486
"4903625",5,0,1,0.0438,1,0,1,0.000490000005811453,3,147.038830163358,1,1.93920737752316,850.489990234375,1,6.07959985733032,34.9025001525879,0.0438000001013279,0,0.000490000005811453,140.89469909668,-84.7944,24.6621,77.4855685314641,53,52,53,51,53,53,0,8280,1.36958730294889,25,-85,0.0073,47,2021-11-03 16:31:55.001762,850.489990234375,1.0412,2,"aoml_apex",1031.34921163227
"4903625",5,0,1,0.0438,1,0,1,0.00036000000545755,3,153.862872703993,1,1.93868151006955,901.530029296875,1,5.78749990463257,34.9099006652832,0.0438000001013279,0,0.00036000000545755,147.43359375,-84.7944,24.6621,77.4855685314641,53,52,53,51,53,53,0,8280,1.36958730294889,25,-85,0.0073,47,2021-11-03 16:31:55.001762,901.530029296875,1.0412,2,"aoml_apex",1031.62896515594
"4903625",5,0,1,0.0438,1,0,1,0.000465999997686595,3,161.038728458196,1,1.93817996021138,951.119995117188,1,5.53140020370483,34.9165992736816,0.0438000001013279,0,0.000465999997686595,154.309600830078,-84.7944,24.6621,77.4855685314641,53,52,53,51,53,53,0,8280,1.36958730294889,25,-85,0.0073,47,2021-11-03 16:31:55.001762,951.119995117188,1.0412,2,"aoml_apex",1031.89592352502
"4903625",5,0,1,0.0511,1,0.0073,1,0.000371000001905486,3,166.053161539874,1,1.93771467701253,1000.21997070312,1,5.37690019607544,34.9207000732422,0.0511000007390976,0,0.000371000001905486,159.114501953125,-84.7944,24.6621,77.4855685314641,53,52,53,51,53,53,0,8280,1.36958730294889,25,-85,0.0073,47,2021-11-03 16:31:55.001762,1000.21997070312,1.0412,2,"aoml_apex",1032.14370192184
"4903625",5,0,1,0.0438,1,0,1,0.000311999989207834,3,179.439516571887,1,1.93673117921277,1099.63000488281,1,4.94379997253418,34.9364013671875,0.0438000001013279,0,0.000311999989207834,171.941497802734,-84.7944,24.6621,77.4855685314641,53,52,53,51,53,53,0,8280,1.36958730294889,25,-85,0.0073,47,2021-11-03 16:31:55.001762,1099.63000488281,1.0412,2,"aoml_apex",1032.6678381937
"4903625",5,0,1,0.0511,1,0.0073,1,0.000357999990228564,3,191.389971124984,1,1.93578488951948,1199.38000488281,1,4.63210010528564,34.9483985900879,0.0511000007390976,0,0.000357999990228564,183.392593383789,-84.7944,24.6621,77.4855685314641,53,52,53,51,53,53,0,8280,1.36958730294889,25,-85,0.0073,47,2021-11-03 16:31:55.001762,1199.38000488281,1.0412,2,"aoml_apex",1033.17264786402
"4903625",5,0,1,0.0438,1,0,1,0.00032299998565577,3,199.467613973941,1,1.93487594667477,1299.86999511719,1,4.46049976348877,34.9570999145508,0.0438000001013279,0,0.00032299998565577,191.132705688477,-84.7944,24.6621,77.4855685314641,53,52,53,51,53,53,0,8280,1.36958730294889,25,-85,0.0073,47,2021-11-03 16:31:55.001762,1299.86999511719,1.0412,2,"aoml_apex",1033.65799933435
"4903625",5,0,1,0.0511,1,0.0073,1,0.000274999998509884,3,202.672947170863,1,1.93401266033603,1399.43994140625,1,4.39279985427856,34.9599990844727,0.0511000007390976,0,0.000274999998509884,194.2041015625,-84.7944,24.6621,77.4855685314641,53,52,53,51,53,53,0,8280,1.36958730294889,25,-85,0.0073,47,2021-11-03 16:31:55.001762,1399.43994140625,1.0412,2,"aoml_apex",1034.11939384746
"4903625",5,0,1,0.0511,1,0.0073,1,0.000287000002572313,3,204.942590664437,1,1.93315289549244,1499.96997070312,1,4.35559988021851,34.9620018005371,0.0511000007390976,0,0.000287000002572313,196.37890625,-84.7944,24.6621,77.4855685314641,53,52,53,51,53,53,0,8280,1.36958730294889,25,-85,0.0073,47,2021-11-03 16:31:55.001762,1499.96997070312,1.0412,2,"aoml_apex",1034.57931582309
"4903625",5,0,1,0.0511,1,0.0073,1,0.000287000002572313,3,207.289562043091,1,1.93230903320195,1598.94995117188,1,4.32119989395142,34.9640998840332,0.0511000007390976,0,0.000287000002572313,198.627807617188,-84.7944,24.6621,77.4855685314641,53,52,53,51,53,53,0,8280,1.36958730294889,25,-85,0.0073,47,2021-11-03 16:31:55.001762,1598.94995117188,1.0412,2,"aoml_apex",1035.03112889033
"4903625",5,0,1,0.0511,1,0.0073,1,0.000299000006634742,3,208.438779261071,1,1.93146371626177,1699.21997070312,1,4.30779981613159,34.9653015136719,0.0511000007390976,0,0.000299000006634742,199.72900390625,-84.7944,24.6621,77.4855685314641,53,52,53,51,53,53,0,8280,1.36958730294889,25,-85,0.0073,47,2021-11-03 16:31:55.001762,1699.21997070312,1.0412,2,"aoml_apex",1035.48411661125
"4903625",5,0,1,0.0438,1,0,1,0.000299000006634742,3,209.995942475756,1,1.93062131750944,1799.78002929688,1,4.30480003356934,34.9664993286133,0.0438000001013279,0,0.000299000006634742,201.221099853516,-84.7944,24.6621,77.4855685314641,53,52,53,51,53,53,0,8280,1.36958730294889,25,-85,0.0073,47,2021-11-03 16:31:55.001762,1799.78002929688,1.0412,2,"aoml_apex",1035.93593516312
"4903625",5,0,1,0.0511,1,0.0073,1,0.000274999998509884,3,210.847425042303,1,1.92978714965508,1899.64001464844,1,4.30049991607666,34.9674987792969,0.0511000007390976,0,0.000274999998509884,202.037002563477,-84.7944,24.6621,77.4855685314641,53,52,53,51,53,53,0,8280,1.36958730294889,25,-85,0.0073,47,2021-11-03 16:31:55.001762,1899.64001464844,1.0412,2,"aoml_apex",1036.3837277896
"4903625",6,0.101842950740053,5,0.1168,1,0.073,1,0.000502999988384545,3,193.490115726178,1,1.9541753080915,7.44000005722046,1,27.8483009338379,36.2938995361328,0.116800002753735,0.0876000002026558,0.000502999988384545,185.353607177734,-84.7963,24.3077,84.8373350144782,53,52,53,51,53,53,0.1679,8521,1.64861680440262,24,-85,0.0073,47,2021-11-08 18:17:49.001956,7.44000005722046,1.0412,2,"aoml_apex",1023.44963203596
"4903625",6,0.101842950740053,5,0.1168,1,0.073,1,0.00049200002104044,3,193.523613587797,1,1.95413998588754,11.6000003814697,1,27.8470993041992,36.2943000793457,0.116800002753735,0.0876000002026558,0.00049200002104044,185.385696411133,-84.7963,24.3077,84.8373350144782,53,52,53,51,53,53,0.1679,8521,1.64861680440262,24,-85,0.0073,47,2021-11-08 18:17:49.001956,11.6000003814697,1.0412,2,"aoml_apex",1023.46813147658
"4903625",6,0.101842950740053,5,0.1095,1,0.0657,1,0.00049200002104044,3,193.428408300637,1,1.95409958700352,16.6299991607666,1,27.8472995758057,36.2938995361328,0.109499998390675,0.0803000032901764,0.00049200002104044,185.294494628906,-84.7963,24.3077,84.8373350144782,53,52,53,51,53,53,0.1679,8521,1.64861680440262,24,-85,0.0073,47,2021-11-08 18:17:49.001956,16.6299991607666,1.0412,2,"aoml_apex",1023.48929056726
"4903625",6,0.101842950740053,5,0.1168,1,0.073,1,0.000468000012915581,3,193.229141420535,1,1.95405660843654,21.7099990844727,1,27.8477001190186,36.2951011657715,0.116800002753735,0.0876000002026558,0.000468000012915581,185.103607177734,-84.7963,24.3077,84.8373350144782,53,52,53,51,53,53,0.1679,8521,1.64861680440262,24,-85,0.0073,47,2021-11-08 18:17:49.001956,21.7099990844727,1.0412,2,"aoml_apex",1023.51180173855
"4903625",6,0.101842950740053,5,0.1314,1,0.0876,1,0.000468000012915581,3,193.279969607138,1,1.95401533546324,26.7600002288818,1,27.8472003936768,36.2948989868164,0.131400004029274,0.102200001478195,0.000468000012915581,185.152297973633,-84.7963,24.3077,84.8373350144782,53,52,53,51,53,53,0.1679,8521,1.64861680440262,24,-85,0.0073,47,2021-11-08 18:17:49.001956,26.7600002288818,1.0412,2,"aoml_apex",1023.53342049174
"4903625",6,0.101842950740053,5,0.1387,1,0.0949,1,0.000456000008853152,3,193.10459563832,1,1.95397638615782,31.7700004577637,1,27.8453006744385,36.2927017211914,0.138699993491173,0.109499998390675,0.000456000008853152,184.984298706055,-84.7963,24.3077,84.8373350144782,53,52,53,51,53,53,0.1679,8521,1.64861680440262,24,-85,0.0073,47,2021-11-08 18:17:49.001956,31.7700004577637,1.0412,2,"aoml_apex",1023.553822947
"4903625",6,0.101842950740053,5,0.1679,1,0.1241,1,0.00047999998787418,3,192.932566677081,1,1.95393310476477,36.75,1,27.8402004241943,36.2923011779785,0.167899996042252,0.138699993491173,0.00047999998787418,184.81950378418,-84.7963,24.3077,84.8373350144782,53,52,53,51,53,53,0.1679,8521,1.64861680440262,24,-85,0.0073,47,2021-11-08 18:17:49.001956,36.75,1.0412,2,"aoml_apex",1023.57649559389
"4903625",6,0.101842950740053,5,0.2044,1,0.1606,1,0.000855999998748302,3,192.86365952094,1,1.95389528105694,41.4199981689453,1,27.8400001525879,36.2919998168945,0.20440000295639,0.175200000405312,0.000855999998748302,184.753494262695,-84.7963,24.3077,84.8373350144782,53,52,53,51,53,53,0.1679,8521,1.64861680440262,24,-85,0.0073,47,2021-11-08 18:17:49.001956,41.4199981689453,1.0412,2,"aoml_apex",1023.59631009402
"4903625",6,0.101842950740053,5,0.2044,1,0.1606,1,0.000561999971978366,3,192.794449721256,1,1.95385006983888,46.9099998474121,1,27.8379993438721,36.2914009094238,0.20440000295639,0.175200000405312,0.000561999971978366,184.687194824219,-84.7963,24.3077,84.8373350144782,53,52,53,51,53,53,0.1679,8521,1.64861680440262,24,-85,0.0073,47,2021-11-08 18:17:49.001956,46.9099998474121,1.0412,2,"aoml_apex",1023.61999565552
"4903625",6,0.101842950740053,5,0.2117,1,0.1679,1,0.000549999997019768,3,192.698527646758,1,1.95381210369129,51.8400001525879,1,27.8397998809814,36.290599822998,0.21170000731945,0.182500004768372,0.000549999997019768,184.595306396484,-84.7963,24.3077,84.8373350144782,53,52,53,51,53,53,0.1679,8521,1.64861680440262,24,-85,0.0073,47,2021-11-08 18:17:49.001956,51.8400001525879,1.0412,2,"aoml_apex",1023.6398864668
"4903625",6,0.101842950740053,5,0.1971,1,0.1533,1,0.000632999988738447,3,192.566160918249,1,1.95376949197694,56.9199981689453,1,27.8397998809814,36.2914009094238,0.19709999859333,0.167899996042252,0.000632999988738447,184.468505859375,-84.7963,24.3077,84.8373350144782,53,52,53,51,53,53,0.1679,8521,1.64861680440262,24,-85,0.0073,47,2021-11-08 18:17:49.001956,56.9199981689453,1.0412,2,"aoml_apex",1023.66221205362
"4903625",6,0.101842950740053,5,0.1898,1,0.146,1,0.000515000021550804,3,192.444848643361,1,1.95373086588161,61.7599983215332,1,27.8404998779297,36.2910995483398,0.18979999423027,0.160600006580353,0.000515000021550804,184.352294921875,-84.7963,24.3077,84.8373350144782,53,52,53,51,53,53,0.1679,8521,1.64861680440262,24,-85,0.0073,47,2021-11-08 18:17:49.001956,61.7599983215332,1.0412,2,"aoml_apex",1023.68245029364
"4903625",6,0.101842950740053,5,0.2044,1,0.1606,1,0.000561999971978366,3,192.319474573554,1,1.95369159611324,66.5,1,27.836799621582,36.2899017333984,0.20440000295639,0.175200000405312,0.000561999971978366,184.232192993164,-84.7963,24.3077,84.8373350144782,53,52,53,51,53,53,0.1679,8521,1.64861680440262,24,-85,0.0073,47,2021-11-08 18:17:49.001956,66.5,1.0412,2,"aoml_apex",1023.70302660814
"4903625",6,0.101842950740053,5,0.2044,1,0.1606,1,0.000714999972842634,3,192.17094030841,1,1.95364598060581,71.7900009155273,1,27.8346996307373,36.290699005127,0.20440000295639,0.175200000405312,0.000714999972842634,184.089904785156,-84.7963,24.3077,84.8373350144782,53,52,53,51,53,53,0.1679,8521,1.64861680440262,24,-85,0.0073,47,2021-11-08 18:17:49.001956,71.7900009155273,1.0412,2,"aoml_apex",1023.72692895968
"4903625",6,0.101842950740053,5,0.2044,1,0.1606,1,0.000515000021550804,3,191.801715186047,1,1.95360506009587,76.8199996948242,1,27.8334999084473,36.2901000976562,0.20440000295639,0.175200000405312,0.000515000021550804,183.736206054688,-84.7963,24.3077,84.8373350144782,53,52,53,51,53,53,0.1679,8521,1.64861680440262,24,-85,0.0073,47,2021-11-08 18:17:49.001956,76.8199996948242,1.0412,2,"aoml_apex",1023.74837210027
"4903625",6,0.101842950740053,5,0.2117,1,0.1679,1,0.000538999971468002,3,190.953118620306,1,1.95356016401986,81.9300003051758,1,27.8295001983643,36.290599822998,0.21170000731945,0.182500004768372,0.000538999971468002,182.923294067383,-84.7963,24.3077,84.8373350144782,53,52,53,51,53,53,0.1679,8521,1.64861680440262,24,-85,0.0073,47,2021-11-08 18:17:49.001956,81.9300003051758,1.0412,2,"aoml_apex",1023.77189954804
"4903625",6,0.239109536520124,1,0.438,1,0.3942,1,0.000644000014290214,3,177.799083385244,1,1.95337717911389,86.5999984741211,1,27.6352996826172,36.3070983886719,0.437999993562698,0.408800005912781,0.000644000014290214,170.322402954102,-84.7963,24.3077,84.8373350144782,53,52,53,51,53,53,0.3942,8521,1.64861680440262,24,-85,0.0073,47,2021-11-08 18:17:49.001956,86.5999984741211,1.0412,2,"aoml_apex",1023.8678025855
"4903625",6,0.243537490900127,1,0.4453,1,0.4015,1,0.000584999972488731,3,176.097318743403,1,1.95261343902522,92,1,26.7353992462158,36.4220008850098,0.44530001282692,0.41609999537468,0.000584999972488731,168.692199707031,-84.7963,24.3077,84.8373350144782,53,52,53,51,53,53,0.4015,8521,1.64861680440262,24,-85,0.0073,47,2021-11-08 18:17:49.001956,92,1.0412,2,"aoml_apex",1024.26827554687
"4903625",6,0.119554768260062,1,0.2409,1,0.1971,1,0.000878999999258667,3,171.77569637936,1,1.95227843412262,96.5999984741211,1,26.4109001159668,36.4917984008789,0.240899994969368,0.21170000731945,0.000878999999258667,164.552307128906,-84.7963,24.3077,84.8373350144782,53,52,53,51,53,53,0.1971,8521,1.64861680440262,24,-85,0.0073,47,2021-11-08 18:17:49.001956,96.5999984741211,1.0412,2,"aoml_apex",1024.4440367948
"4903625",6,0.0929870419800484,1,0.1971,1,0.1533,1,0.000631999981123954,3,168.258691695689,1,1.9520021698329,101.819999694824,1,26.2089004516602,36.5694999694824,0.19709999859333,0.167899996042252,0.000631999981123954,161.183197021484,-84.7963,24.3077,84.8373350144782,53,52,53,51,53,53,0.1533,8521,1.64861680440262,24,-85,0.0073,47,2021-11-08 18:17:49.001956,101.819999694824,1.0412,2,"aoml_apex",1024.58902500667
"4903625",6,0.0354236350400184,1,0.1022,1,0.0584,1,0.000432000000728294,3,164.175393157392,1,1.95133171835658,111.620002746582,1,25.6672992706299,36.7546997070312,0.102200001478195,0.0729999989271164,0.000432000000728294,157.271606445312,-84.7963,24.3077,84.8373350144782,53,52,53,51,53,53,0.0584,8521,1.64861680440262,24,-85,0.0073,47,2021-11-08 18:17:49.001956,111.620002746582,1.0412,2,"aoml_apex",1024.94106009019
"4903625",6,0.0221397719000115,1,0.0803,1,0.0365,1,0.00101899995934218,3,159.270321828421,1,1.95058449057409,121.949996948242,1,24.8738994598389,36.8905982971191,0.0803000032901764,0.0511000007390976,0.00101899995934218,152.572799682617,-84.7963,24.3077,84.8373350144782,53,52,53,51,53,53,0.0365,8521,1.64861680440262,24,-85,0.0073,47,2021-11-08 18:17:49.001956,121.949996948242,1.0412,2,"aoml_apex",1025.33369339534
"4903625",6,0,1,0.0438,1,0,1,0.000666000007186085,3,155.891115528425,1,1.95006502794861,131.539993286133,1,24.1819000244141,36.9189987182617,0.0438000001013279,0.0146000003442168,0.000666000007186085,149.335693359375,-84.7963,24.3077,84.8373350144782,53,52,53,51,53,53,0,8521,1.64861680440262,24,-85,0.0073,47,2021-11-08 18:17:49.001956,131.539993286133,1.0412,2,"aoml_apex",1025.60682404726
"4903625",6,0,1,0.0438,1,0,1,0.000289999996311963,3,155.68087383774,1,1.94958264851525,141.850006103516,1,23.6662006378174,36.9915008544922,0.0438000001013279,0.0146000003442168,0.000289999996311963,149.134292602539,-84.7963,24.3077,84.8373350144782,53,52,53,51,53,53,0,8521,1.64861680440262,24,-85,0.0073,47,2021-11-08 18:17:49.001956,141.850006103516,1.0412,2,"aoml_apex",1025.86058689184
"4903625",6,-0.00442795438000231,1,0.0365,1,-0.0073,1,0.000325000000884756,3,153.696647198709,1,1.9491060659275,151.559997558594,1,22.9573993682861,36.9914016723633,0.0364999994635582,0.00730000017210841,0.000325000000884756,147.233505249023,-84.7963,24.3077,84.8373350144782,53,52,53,51,53,53,-0.0073,8521,1.64861680440262,24,-85,0.0073,47,2021-11-08 18:17:49.001956,151.559997558594,1.0412,2,"aoml_apex",1026.11142357114
"4903625",6,0,1,0.0438,1,0,1,0.000700999982655048,3,152.960379173214,1,1.94878743117296,161.369995117188,1,22.4694004058838,36.9700012207031,0.0438000001013279,0.0146000003442168,0.000700999982655048,146.528198242188,-84.7963,24.3077,84.8373350144782,53,52,53,51,53,53,0,8521,1.64861680440262,24,-85,0.0073,47,2021-11-08 18:17:49.001956,161.369995117188,1.0412,2,"aoml_apex",1026.27919700622
"4903625",6,-0.00442795438000231,1,0.0365,1,-0.0073,1,0.000312999996822327,3,151.347034231728,1,1.94844213962397,171.889999389648,1,21.9097995758057,36.9387016296387,0.0364999994635582,0.00730000017210841,0.000312999996822327,144.982696533203,-84.7963,24.3077,84.8373350144782,53,52,53,51,53,53,-0.0073,8521,1.64861680440262,24,-85,0.0073,47,2021-11-08 18:17:49.001956,171.889999389648,1.0412,2,"aoml_apex",1026.46106821832
"4903625",6,-0.00442795438000231,1,0.0365,1,-0.0073,1,0.000300999992759898,3,148.98010686837,1,1.94815101732446,181.679992675781,1,21.2740001678467,36.8493003845215,0.0364999994635582,0.00730000017210841,0.000300999992759898,142.715301513672,-84.7963,24.3077,84.8373350144782,53,52,53,51,53,53,-0.0073,8521,1.64861680440262,24,-85,0.0073,47,2021-11-08 18:17:49.001956,181.679992675781,1.0412,2,"aoml_apex",1026.61445761363
"4903625",6,0,1,0.0292,1,-0.0146,1,0.000300999992759898,3,149.758952061772,1,1.94785811736016,191.850006103516,1,20.75830078125,36.8065986633301,0.0292000006884336,0,0.000300999992759898,143.461395263672,-84.7963,24.3077,84.8373350144782,53,52,53,51,53,53,0,8521,1.64861680440262,24,-85,0.0073,47,2021-11-08 18:17:49.001956,191.850006103516,1.0412,2,"aoml_apex",1026.7688299138
"4903625",6,0,1,0.0219,1,-0.0219,1,0.000335999997332692,3,150.373923740986,1,1.9476399819989,201.360000610352,1,20.357400894165,36.7596015930176,0.0219000000506639,0,0.000335999997332692,144.050506591797,-84.7963,24.3077,84.8373350144782,53,52,53,51,53,53,0,8521,1.64861680440262,24,-85,0.0073,47,2021-11-08 18:17:49.001956,201.360000610352,1.0412,2,"aoml_apex",1026.88382785579
"4903625",6,0,1,0.0292,1,-0.0146,1,0.00036000000545755,3,151.413631739778,1,1.94739681870633,211.630004882812,1,19.9008007049561,36.7076988220215,0.0292000006884336,0,0.00036000000545755,145.046493530273,-84.7963,24.3077,84.8373350144782,53,52,53,51,53,53,0,8521,1.64861680440262,24,-85,0.0073,47,2021-11-08 18:17:49.001956,211.630004882812,1.0412,2,"aoml_apex",1027.01205054274
"4903625",6,0,1,0.0292,1,-0.0146,1,0.000323999993270263,3,152.4720399238,1,1.94718046930425,221.880004882812,1,19.5156993865967,36.6643981933594,0.0292000006884336,0,0.000323999993270263,146.060394287109,-84.7963,24.3077,84.8373350144782,53,52,53,51,53,53,0,8521,1.64861680440262,24,-85,0.0073,47,2021-11-08 18:17:49.001956,221.880004882812,1.0412,2,"aoml_apex",1027.12616089182
"4903625",6,0,1,0.0219,1,-0.0219,1,0.000348000001395121,3,153.316877338166,1,1.94701551073089,230.100006103516,1,19.2208003997803,36.6296997070312,0.0219000000506639,0,0.000348000001395121,146.869705200195,-84.7963,24.3077,84.8373350144782,53,52,53,51,53,53,0,8521,1.64861680440262,24,-85,0.0073,47,2021-11-08 18:17:49.001956,230.100006103516,1.0412,2,"aoml_apex",1027.21318293413
"4903625",6,0,1,0.0292,1,-0.0146,1,0.000335999997332692,3,152.703164018946,1,1.94678668889358,241.600006103516,1,18.7516994476318,36.562198638916,0.0292000006884336,0,0.000335999997332692,146.281799316406,-84.7963,24.3077,84.8373350144782,53,52,53,51,53,53,0,8521,1.64861680440262,24,-85,0.0073,47,2021-11-08 18:17:49.001956,241.600006103516,1.0412,2,"aoml_apex",1027.33391974067
"4903625",6,0,1,0.0365,1,-0.0073,1,0.000311999989207834,3,152.285085857313,1,1.94663893839505,251.440002441406,1,18.5146007537842,36.5281982421875,0.0364999994635582,0,0.000311999989207834,145.881301879883,-84.7963,24.3077,84.8373350144782,53,52,53,51,53,53,0,8521,1.64861680440262,24,-85,0.0073,47,2021-11-08 18:17:49.001956,251.440002441406,1.0412,2,"aoml_apex",1027.41189470346
"4903625",6,0,1,0.0292,1,-0.0146,1,0.000346999993780628,3,151.600920307023,1,1.94648420072116,261.190002441406,1,18.2441005706787,36.4889984130859,0.0292000006884336,0,0.000346999993780628,145.22590637207,-84.7963,24.3077,84.8373350144782,53,52,53,51,53,53,0,8521,1.64861680440262,24,-85,0.0073,47,2021-11-08 18:17:49.001956,261.190002441406,1.0412,2,"aoml_apex",1027.49356982143
"4903625",6,0,1,0.0292,1,-0.0146,1,0.000323999993270263,3,151.769604260682,1,1.9463395251175,271.059997558594,1,18.0321998596191,36.4622993469238,0.0292000006884336,0,0.000323999993270263,145.387496948242,-84.7963,24.3077,84.8373350144782,53,52,53,51,53,53,0,8521,1.64861680440262,24,-85,0.0073,47,2021-11-08 18:17:49.001956,271.059997558594,1.0412,2,"aoml_apex",1027.56994562871
"4903625",6,0,1,0.0292,1,-0.0146,1,0.000311999989207834,3,149.813969472153,1,1.94620410989948,281.940002441406,1,17.8439998626709,36.4317016601562,0.0292000006884336,0,0.000311999989207834,143.514099121094,-84.7963,24.3077,84.8373350144782,53,52,53,51,53,53,0,8521,1.64861680440262,24,-85,0.0073,47,2021-11-08 18:17:49.001956,281.940002441406,1.0412,2,"aoml_apex",1027.64144306699
"4903625",6,0,1,0.0292,1,-0.0146,1,0.000358999997843057,3,143.87941631042,1,1.94605382509543,291.690002441406,1,17.5219993591309,36.3745994567871,0.0292000006884336,0,0.000358999997843057,137.8291015625,-84.7963,24.3077,84.8373350144782,53,52,53,51,53,53,0,8521,1.64861680440262,24,-85,0.0073,47,2021-11-08 18:17:49.001956,291.690002441406,1.0412,2,"aoml_apex",1027.72080309851
"4903625",6,0,1,0.0292,1,-0.0146,1,0.00032299998565577,3,143.573650760425,1,1.94586973201247,301.690002441406,1,17.1173000335693,36.3139991760254,0.0292000006884336,0,0.00032299998565577,137.536193847656,-84.7963,24.3077,84.8373350144782,53,52,53,51,53,53,0,8521,1.64861680440262,24,-85,0.0073,47,2021-11-08 18:17:49.001956,301.690002441406,1.0412,2,"aoml_apex",1027.81803277836
"4903625",6,0,1,0.0365,1,-0.0073,1,0.000346999993780628,3,140.502726730412,1,1.94571832844706,311.75,1,16.8052005767822,36.2616004943848,0.0364999994635582,0,0.000346999993780628,134.59440612793,-84.7963,24.3077,84.8373350144782,53,52,53,51,53,53,0,8521,1.64861680440262,24,-85,0.0073,47,2021-11-08 18:17:49.001956,311.75,1.0412,2,"aoml_apex",1027.89801111462
"4903625",6,0,1,0.0365,1,-0.0073,1,0.000357999990228564,3,136.461893859769,1,1.94556425902681,321.290008544922,1,16.4500007629395,36.2015991210938,0.0364999994635582,0,0.000357999990228564,130.723495483398,-84.7963,24.3077,84.8373350144782,53,52,53,51,53,53,0,8521,1.64861680440262,24,-85,0.0073,47,2021-11-08 18:17:49.001956,321.290008544922,1.0412,2,"aoml_apex",1027.9794104567
"4903625",6,0,1,0.0292,1,-0.0146,1,0.000345999986166134,3,132.477026151655,1,1.94536496306954,331.579986572266,1,15.9067001342773,36.1120986938477,0.0292000006884336,0,0.000345999986166134,126.906196594238,-84.7963,24.3077,84.8373350144782,53,52,53,51,53,53,0,8521,1.64861680440262,24,-85,0.0073,47,2021-11-08 18:17:49.001956,331.579986572266,1.0412,2,"aoml_apex",1028.08472341573
"4903625",6,0,1,0.0365,1,-0.0073,1,0.000369999994290993,3,130.11823830674,1,1.94520300606976,340.980010986328,1,15.5215997695923,36.0528984069824,0.0364999994635582,0,0.000369999994290993,124.646598815918,-84.7963,24.3077,84.8373350144782,53,52,53,51,53,53,0,8521,1.64861680440262,24,-85,0.0073,47,2021-11-08 18:17:49.001956,340.980010986328,1.0412,2,"aoml_apex",1028.17032143136
"4903625",6,0,1,0.0292,1,-0.0146,1,0.000452000007499009,3,128.500512998186,1,1.94506998590325,351.510009765625,1,15.2980003356934,36.0171012878418,0.0292000006884336,0,0.000452000007499009,123.096900939941,-84.7963,24.3077,84.8373350144782,53,52,53,51,53,53,0,8521,1.64861680440262,24,-85,0.0073,47,2021-11-08 18:17:49.001956,351.510009765625,1.0412,2,"aoml_apex",1028.24063632406
"4903625",6,0,1,0.0292,1,-0.0146,1,0.000392999994801357,3,126.135879354311,1,1.94490664622577,361.5,1,14.8758001327515,35.9472007751465,0.0292000006884336,0,0.000392999994801357,120.831703186035,-84.7963,24.3077,84.8373350144782,53,52,53,51,53,53,0,8521,1.64861680440262,24,-85,0.0073,47,2021-11-08 18:17:49.001956,361.5,1.0412,2,"aoml_apex",1028.32699136544
"4903625",6,0,1,0.0365,1,-0.0073,1,0.000415999995311722,3,125.073712018913,1,1.94463453616426,381.140014648438,1,14.28600025177,35.8506011962891,0.0364999994635582,0,0.000415999995311722,119.81420135498,-84.7963,24.3077,84.8373350144782,53,52,53,51,53,53,0,8521,1.64861680440262,24,-85,0.0073,47,2021-11-08 18:17:49.001956,381.140014648438,1.0412,2,"aoml_apex",1028.47088376047
"4903625",6,0,1,0.0292,1,-0.0146,1,0.000334000011207536,3,126.329834043804,1,1.94437263780507,401.609985351562,1,13.7477998733521,35.7606010437012,0.0292000006884336,0,0.000334000011207536,121.017501831055,-84.7963,24.3077,84.8373350144782,53,52,53,51,53,53,0,8521,1.64861680440262,24,-85,0.0073,47,2021-11-08 18:17:49.001956,401.609985351562,1.0412,2,"aoml_apex",1028.60941422099
"4903625",6,0,1,0.0438,1,0,1,0.0011790000135079,3,120.565326731673,1,1.94376415939919,451.160003662109,1,12.5649995803833,35.5705986022949,0.0438000001013279,0,0.0011790000135079,115.495399475098,-84.7963,24.3077,84.8373350144782,53,52,53,51,53,53,0,8521,1.64861680440262,24,-85,0.0073,47,2021-11-08 18:17:49.001956,451.160003662109,1.0412,2,"aoml_apex",1028.93141142092
"4903625",6,0,1,0.0365,1,-0.0073,1,0.000354999996488914,3,116.815334305777,1,1.94309862183987,501.869995117188,1,11.0474996566772,35.345100402832,0.0364999994635582,0,0.000354999996488914,111.903099060059,-84.7963,24.3077,84.8373350144782,53,52,53,51,53,53,0,8521,1.64861680440262,24,-85,0.0073,47,2021-11-08 18:17:49.001956,501.869995117188,1.0412,2,"aoml_apex",1029.28383434612
"4903625",6,0,1,0.0438,1,0,1,0.000507000018842518,3,116.608748230519,1,1.94253221060522,551.169982910156,1,9.90100002288818,35.1726989746094,0.0438000001013279,0,0.000507000018842518,111.705200195312,-84.7963,24.3077,84.8373350144782,53,52,53,51,53,53,0,8521,1.64861680440262,24,-85,0.0073,47,2021-11-08 18:17:49.001956,551.169982910156,1.0412,2,"aoml_apex",1029.58395700264
"4903625",6,0,1,0.0365,1,-0.0073,1,0.000388999993447214,3,115.885748735089,1,1.94201096936766,601.080017089844,1,9.32909965515137,35.1091995239258,0.0364999994635582,0,0.000388999993447214,111.012603759766,-84.7963,24.3077,84.8373350144782,53,52,53,51,53,53,0,8521,1.64861680440262,24,-85,0.0073,47,2021-11-08 18:17:49.001956,601.080017089844,1.0412,2,"aoml_apex",1029.86030024909
"4903625",6,0,1,0.0365,1,-0.0073,1,0.000352000002749264,3,118.621694148912,1,1.94142761203467,651.070007324219,1,8.31330013275146,34.994499206543,0.0364999994635582,0,0.000352000002749264,113.633499145508,-84.7963,24.3077,84.8373350144782,53,52,53,51,53,53,0,8521,1.64861680440262,24,-85,0.0073,47,2021-11-08 18:17:49.001956,651.070007324219,1.0412,2,"aoml_apex",1030.16975116777
"4903625",6,0,1,0.0438,1,0,1,0.000456999987363815,3,121.644720856106,1,1.94090478049365,700.809997558594,1,7.80690002441406,34.956298828125,0.0438000001013279,0,0.000456999987363815,116.529403686523,-84.7963,24.3077,84.8373350144782,53,52,53,51,53,53,0,8521,1.64861680440262,24,-85,0.0073,47,2021-11-08 18:17:49.001956,700.809997558594,1.0412,2,"aoml_apex",1030.4472533121
"4903625",6,0,1,0.0438,1,0,1,0.000433000008342788,3,127.642215910464,1,1.94035706785778,751.599975585938,1,7.25239992141724,34.9217987060547,0.0438000001013279,0,0.000433000008342788,122.274696350098,-84.7963,24.3077,84.8373350144782,53,52,53,51,53,53,0,8521,1.64861680440262,24,-85,0.0073,47,2021-11-08 18:17:49.001956,751.599975585938,1.0412,2,"aoml_apex",1030.73812193138
"4903625",6,0,1,0.0438,1,0,1,0.000384999992093071,3,136.668376399078,1,1.93977087180097,801.409973144531,1,6.59429979324341,34.9020004272461,0.0438000001013279,0,0.000384999992093071,130.921295166016,-84.7963,24.3077,84.8373350144782,53,52,53,51,53,53,0,8521,1.64861680440262,24,-85,0.0073,47,2021-11-08 18:17:49.001956,801.409973144531,1.0412,2,"aoml_apex",1031.04960955678
"4903625",6,0,1,0.0438,1,0,1,0.000407999992603436,3,143.920862547192,1,1.93923837302324,851.669982910156,1,6.22109985351562,34.9015007019043,0.0438000001013279,0,0.000407999992603436,137.868804931641,-84.7963,24.3077,84.8373350144782,53,52,53,51,53,53,0,8521,1.64861680440262,24,-85,0.0073,47,2021-11-08 18:17:49.001956,851.669982910156,1.0412,2,"aoml_apex",1031.33272723045
"4903625",6,0,1,0.0511,1,0.0073,1,0.000430999993113801,3,150.544598770586,1,1.9387257515034,901.77001953125,1,5.93340015411377,34.9057998657227,0.0511000007390976,0,0.000430999993113801,144.214004516602,-84.7963,24.3077,84.8373350144782,53,52,53,51,53,53,0,8521,1.64861680440262,24,-85,0.0073,47,2021-11-08 18:17:49.001956,901.77001953125,1.0412,2,"aoml_apex",1031.60542353609
"4903625",6,0,1,0.0365,1,-0.0073,1,0.000407000014092773,3,158.132477678686,1,1.93821593453356,950.940002441406,1,5.64219999313354,34.9137001037598,0.0364999994635582,0,0.000407000014092773,151.482803344727,-84.7963,24.3077,84.8373350144782,53,52,53,51,53,53,0,8521,1.64861680440262,24,-85,0.0073,47,2021-11-08 18:17:49.001956,950.940002441406,1.0412,2,"aoml_apex",1031.87677098595
"4903625",6,0,1,0.0438,1,0,1,0.000348000001395121,3,163.857840437831,1,1.93774194151545,999.52001953125,1,5.44420003890991,34.9185981750488,0.0438000001013279,0,0.000348000001395121,156.967407226562,-84.7963,24.3077,84.8373350144782,53,52,53,51,53,53,0,8521,1.64861680440262,24,-85,0.0073,47,2021-11-08 18:17:49.001956,999.52001953125,1.0412,2,"aoml_apex",1032.12917940758
"4903625",6,0,1,0.0438,1,0,1,0.000346999993780628,3,175.437046104396,1,1.93677229203464,1099.76000976562,1,5.07499980926514,34.9314994812012,0.0438000001013279,0,0.000346999993780628,168.059692382812,-84.7963,24.3077,84.8373350144782,53,52,53,51,53,53,0,8521,1.64861680440262,24,-85,0.0073,47,2021-11-08 18:17:49.001956,1099.76000976562,1.0412,2,"aoml_apex",1032.64591724355
"4903625",6,0,1,0.0438,1,0,1,0.00032299998565577,3,187.183199506399,1,1.9358161893147,1199.80004882812,1,4.74170017242432,34.9444007873535,0.0438000001013279,0,0.00032299998565577,179.311904907227,-84.7963,24.3077,84.8373350144782,53,52,53,51,53,53,0,8521,1.64861680440262,24,-85,0.0073,47,2021-11-08 18:17:49.001956,1199.80004882812,1.0412,2,"aoml_apex",1033.1559427179
"4903625",6,0,1,0.0365,1,-0.0073,1,0.00032299998565577,3,195.976252788231,1,1.93491059716343,1299.0400390625,1,4.54209995269775,34.9529991149902,0.0364999994635582,0,0.00032299998565577,187.735198974609,-84.7963,24.3077,84.8373350144782,53,52,53,51,53,53,0,8521,1.64861680440262,24,-85,0.0073,47,2021-11-08 18:17:49.001956,1299.0400390625,1.0412,2,"aoml_apex",1033.6394885283
"4903625",6,0,1,0.0438,1,0,1,0.000311000010697171,3,201.582819992477,1,1.93402435587709,1399.33996582031,1,4.4274001121521,34.9589004516602,0.0438000001013279,0,0.000311000010697171,193.106002807617,-84.7963,24.3077,84.8373350144782,53,52,53,51,53,53,0,8521,1.64861680440262,24,-85,0.0073,47,2021-11-08 18:17:49.001956,1399.33996582031,1.0412,2,"aoml_apex",1034.11314026239
"4903625",6,0,1,0.0438,1,0,1,0.000299000006634742,3,204.77421208118,1,1.93316144807236,1499.27001953125,1,4.36600017547607,34.962100982666,0.0438000001013279,0,0.000299000006634742,196.163192749023,-84.7963,24.3077,84.8373350144782,53,52,53,51,53,53,0,8521,1.64861680440262,24,-85,0.0073,47,2021-11-08 18:17:49.001956,1499.27001953125,1.0412,2,"aoml_apex",1034.57473869774
"4903625",6,0,1,0.0365,1,-0.0073,1,0.000274999998509884,3,206.423778676171,1,1.9323068888418,1599.93005371094,1,4.33860015869141,34.9631996154785,0.0364999994635582,0,0.000274999998509884,197.743392944336,-84.7963,24.3077,84.8373350144782,53,52,53,51,53,53,0,8521,1.64861680440262,24,-85,0.0073,47,2021-11-08 18:17:49.001956,1599.93005371094,1.0412,2,"aoml_apex",1035.0322775068
"4903625",6,0,1,0.0438,1,0,1,0.000274999998509884,3,208.082440506058,1,1.93146084768416,1700.03002929688,1,4.32030010223389,34.9650001525879,0.0438000001013279,0,0.000274999998509884,199.332305908203,-84.7963,24.3077,84.8373350144782,53,52,53,51,53,53,0,8521,1.64861680440262,24,-85,0.0073,47,2021-11-08 18:17:49.001956,1700.03002929688,1.0412,2,"aoml_apex",1035.48565449723
"4903625",6,0,1,0.0511,1,0.0073,1,0.000262999994447455,3,208.711270073816,1,1.93062642144886,1799.44995117188,1,4.30849981307983,34.9655990600586,0.0511000007390976,0,0.000262999994447455,199.934692382812,-84.7963,24.3077,84.8373350144782,53,52,53,51,53,53,0,8521,1.64861680440262,24,-85,0.0073,47,2021-11-08 18:17:49.001956,1799.44995117188,1.0412,2,"aoml_apex",1035.93319649022
"4903625",6,0,1,0.0438,1,0,1,0.000262999994447455,3,209.967400063011,1,1.92979009814266,1899.57995605469,1,4.30450010299683,34.9665985107422,0.0438000001013279,0,0.000262999994447455,201.138000488281,-84.7963,24.3077,84.8373350144782,53,52,53,51,53,53,0,8521,1.64861680440262,24,-85,0.0073,47,2021-11-08 18:17:49.001956,1899.57995605469,1.0412,2,"aoml_apex",1036.3821443197
"4903625",7,0.0531354525600277,5,0.0876,1,0.0438,1,0.000526999996509403,3,193.599519871881,1,1.954633725054,7.48000001907349,1,28.3812999725342,36.2079010009766,0.0876000002026558,0.0584000013768673,0.000526999996509403,185.406997680664,-84.5748,24.256,25.8325074866765,53,52,53,51,53,53,0.0876,8521,1.64861680440262,24,-85,0.0073,47,2021-11-13 20:09:06.002159,7.48000001907349,1.0412,2,"aoml_apex",1023.20960411381
"4903625",7,0.0531354525600277,5,0.0949,1,0.0511,1,0.00047999998787418,3,193.645152054046,1,1.95458831753331,11.710000038147,1,28.36549949646,36.2084999084473,0.0948999971151352,0.065700002014637,0.00047999998787418,185.450698852539,-84.5748,24.256,25.8325074866765,53,52,53,51,53,53,0.0876,8521,1.64861680440262,24,-85,0.0073,47,2021-11-13 20:09:06.002159,11.710000038147,1.0412,2,"aoml_apex",1023.23337454713
"4903625",7,0.0531354525600277,5,0.1022,1,0.0584,1,0.00049200002104044,3,193.536982750723,1,1.95454151343404,16.5300006866455,1,28.3551006317139,36.209098815918,0.102200001478195,0.0729999989271164,0.00049200002104044,185.347106933594,-84.5748,24.256,25.8325074866765,53,52,53,51,53,53,0.0876,8521,1.64861680440262,24,-85,0.0073,47,2021-11-13 20:09:06.002159,16.5300006866455,1.0412,2,"aoml_apex",1023.25787723285
"4903625",7,0.0531354525600277,5,0.1314,1,0.0876,1,0.000515000021550804,3,193.417421334882,1,1.95448483525748,21.75,1,28.3397006988525,36.212100982666,0.131400004029274,0.102200001478195,0.000515000021550804,185.232604980469,-84.5748,24.256,25.8325074866765,53,52,53,51,53,53,0.0876,8521,1.64861680440262,24,-85,0.0073,47,2021-11-13 20:09:06.002159,21.75,1.0412,2,"aoml_apex",1023.28755072511
"4903625",7,0.0797031788400415,1,0.1752,1,0.1314,1,0.00049200002104044,3,193.329710035016,1,1.95441312002935,26.6399993896484,1,28.3069000244141,36.219799041748,0.175200000405312,0.145999997854233,0.00049200002104044,185.14860534668,-84.5748,24.256,25.8325074866765,53,52,53,51,53,53,0.1314,8521,1.64861680440262,24,-85,0.0073,47,2021-11-13 20:09:06.002159,26.6399993896484,1.0412,2,"aoml_apex",1023.32509923489
"4903625",7,0.0885590876000461,1,0.1898,1,0.146,1,0.000515000021550804,3,193.432031918348,1,1.95432347512235,31.7099990844727,1,28.2530002593994,36.2296981811523,0.18979999423027,0.160600006580353,0.000515000021550804,185.246597290039,-84.5748,24.256,25.8325074866765,53,52,53,51,53,53,0.146,8521,1.64861680440262,24,-85,0.0073,47,2021-11-13 20:09:06.002159,31.7099990844727,1.0412,2,"aoml_apex",1023.37203920389
"4903625",7,0.0974149963600507,1,0.2044,1,0.1606,1,0.00047999998787418,3,193.374816427372,1,1.95428286838972,36.6100006103516,1,28.2525005340576,36.2299003601074,0.20440000295639,0.175200000405312,0.00047999998787418,185.191802978516,-84.5748,24.256,25.8325074866765,53,52,53,51,53,53,0.1606,8521,1.64861680440262,24,-85,0.0073,47,2021-11-13 20:09:06.002159,36.6100006103516,1.0412,2,"aoml_apex",1023.39330316494
"4903625",7,0.0974149963600507,1,0.2044,1,0.1606,1,0.000502999988384545,3,193.389538542009,1,1.95423140006822,41.7799987792969,1,28.2236995697021,36.2237014770508,0.20440000295639,0.175200000405312,0.000502999988384545,185.205902099609,-84.5748,24.256,25.8325074866765,53,52,53,51,53,53,0.1606,8521,1.64861680440262,24,-85,0.0073,47,2021-11-13 20:09:06.002159,41.7799987792969,1.0412,2,"aoml_apex",1023.4202561325
"4903625",7,0.0841311332200438,4,0.1825,1,0.1387,1,0.00049200002104044,3,193.398206107337,1,1.95418817841994,46.6100006103516,1,28.2122001647949,36.2212982177734,0.182500004768372,0.153300002217293,0.00049200002104044,185.214202880859,-84.5748,24.256,25.8325074866765,53,52,53,51,53,53,0.1387,8521,1.64861680440262,24,-85,0.0073,47,2021-11-13 20:09:06.002159,46.6100006103516,1.0412,2,"aoml_apex",1023.44289157307
"4903625",7,0.0974149963600507,1,0.2044,1,0.1606,1,0.000515000021550804,3,193.390797250945,1,1.95413745299452,51.7400016784668,1,28.1821994781494,36.214298248291,0.20440000295639,0.175200000405312,0.000515000021550804,185.207107543945,-84.5748,24.256,25.8325074866765,53,52,53,51,53,53,0.1606,8521,1.64861680440262,24,-85,0.0073,47,2021-11-13 20:09:06.002159,51.7400016784668,1.0412,2,"aoml_apex",1023.46945806458
"4903625",7,0.0974149963600507,1,0.2044,1,0.1606,1,0.00067999999737367,3,193.244085961358,1,1.95408723507511,56.5400009155273,1,28.1690006256104,36.2162017822266,0.20440000295639,0.175200000405312,0.00067999999737367,185.066604614258,-84.5748,24.256,25.8325074866765,53,52,53,51,53,53,0.1606,8521,1.64861680440262,24,-85,0.0073,47,2021-11-13 20:09:06.002159,56.5400009155273,1.0412,2,"aoml_apex",1023.49576011796
"4903625",7,0.101842950740053,1,0.2117,1,0.1679,1,0.000515000021550804,3,193.209941489857,1,1.9540232261674,61.810001373291,1,28.1126003265381,36.2061004638672,0.21170000731945,0.182500004768372,0.000515000021550804,185.033905029297,-84.5748,24.256,25.8325074866765,53,52,53,51,53,53,0.1679,8521,1.64861680440262,24,-85,0.0073,47,2021-11-13 20:09:06.002159,61.810001373291,1.0412,2,"aoml_apex",1023.52928727607
"4903625",7,0.101842950740053,1,0.2117,1,0.1679,1,0.000526999996509403,3,193.078892363353,1,1.95397707904664,66.6100006103516,1,28.1145000457764,36.211799621582,0.21170000731945,0.182500004768372,0.000526999996509403,184.908401489258,-84.5748,24.256,25.8325074866765,53,52,53,51,53,53,0.1679,8521,1.64861680440262,24,-85,0.0073,47,2021-11-13 20:09:06.002159,66.6100006103516,1.0412,2,"aoml_apex",1023.55345999033
"4903625",7,0.110698859500058,1,0.2263,1,0.1825,1,0.000515000021550804,3,192.56650222849,1,1.95393881475481,71.9499969482422,1,28.1333999633789,36.2164001464844,0.226300001144409,0.19709999859333,0.000515000021550804,184.417694091797,-84.5748,24.256,25.8325074866765,53,52,53,51,53,53,0.1825,8521,1.64861680440262,24,-85,0.0073,47,2021-11-13 20:09:06.002159,71.9499969482422,1.0412,2,"aoml_apex",1023.5735043991
"4903625",7,0.11512681388006,1,0.2336,1,0.1898,1,0.000561999971978366,3,191.732934185778,1,1.95386768523103,76.6900024414062,1,28.0639991760254,36.2085990905762,0.233600005507469,0.20440000295639,0.000561999971978366,183.619400024414,-84.5748,24.256,25.8325074866765,53,52,53,51,53,53,0.1898,8521,1.64861680440262,24,-85,0.0073,47,2021-11-13 20:09:06.002159,76.6900024414062,1.0412,2,"aoml_apex",1023.61076705331
"4903625",7,0.292244989080152,1,0.5256,1,0.4818,1,0.000585999980103225,3,184.366204710533,1,1.95359668469831,81.6999969482422,1,28.0242004394531,36.3515014648438,0.525600016117096,0.496399998664856,0.000585999980103225,176.564407348633,-84.5748,24.256,25.8325074866765,53,52,53,51,53,53,0.4818,8521,1.64861680440262,24,-85,0.0073,47,2021-11-13 20:09:06.002159,81.6999969482422,1.0412,2,"aoml_apex",1023.75276108172
"4903625",7,0.252393399660131,1,0.4599,1,0.4161,1,0.000574000005144626,3,180.77743433936,1,1.95298771921728,86.8199996948242,1,27.3990993499756,36.4748992919922,0.459899991750717,0.4307000041008,0.000574000005144626,173.127502441406,-84.5748,24.256,25.8325074866765,53,52,53,51,53,53,0.4161,8521,1.64861680440262,24,-85,0.0073,47,2021-11-13 20:09:06.002159,86.8199996948242,1.0412,2,"aoml_apex",1024.0719797263
"4903625",7,0.239109536520124,1,0.438,1,0.3942,1,0.000631999981123954,3,176.404376770251,1,1.9524928428652,91.8899993896484,1,26.8749008178711,36.5658988952637,0.437999993562698,0.408800005912781,0.000631999981123954,168.939498901367,-84.5748,24.256,25.8325074866765,53,52,53,51,53,53,0.3942,8521,1.64861680440262,24,-85,0.0073,47,2021-11-13 20:09:06.002159,91.8899993896484,1.0412,2,"aoml_apex",1024.33153970751
"4903625",7,0.194829992720101,4,0.365,1,0.3212,1,0.000549999997019768,3,174.430036039461,1,1.95231392065249,96.4199981689453,1,26.7185001373291,36.598201751709,0.365000009536743,0.335799992084503,0.000549999997019768,167.048706054688,-84.5748,24.256,25.8325074866765,53,52,53,51,53,53,0.3212,8521,1.64861680440262,24,-85,0.0073,47,2021-11-13 20:09:06.002159,96.4199981689453,1.0412,2,"aoml_apex",1024.4254158325
"4903625",7,0.203685901480106,1,0.3796,1,0.3358,1,0.000667000014800578,3,172.050853089177,1,1.95196168033615,101.690002441406,1,26.3453006744385,36.6557006835938,0.379599988460541,0.350400000810623,0.000667000014800578,164.770202636719,-84.5748,24.256,25.8325074866765,53,52,53,51,53,53,0.3358,8521,1.64861680440262,24,-85,0.0073,47,2021-11-13 20:09:06.002159,101.690002441406,1.0412,2,"aoml_apex",1024.61027803352
"4903625",7,0.150550448920078,1,0.292,1,0.2482,1,0.000561000022571534,3,166.696464608151,1,1.9513687366825,111.889999389648,1,25.7297992706299,36.7532997131348,0.291999995708466,0.262800008058548,0.000561000022571534,159.642395019531,-84.5748,24.256,25.8325074866765,53,52,53,51,53,53,0.2482,8521,1.64861680440262,24,-85,0.0073,47,2021-11-13 20:09:06.002159,111.889999389648,1.0412,2,"aoml_apex",1024.92161650605
"4903625",7,0.05756340694003,1,0.1387,1,0.0949,1,0.000361000013072044,3,167.407045634756,1,1.95060709668857,121.910003662109,1,24.9452991485596,36.9040985107422,0.138699993491173,0.109499998390675,0.000361000013072044,160.322906494141,-84.5748,24.256,25.8325074866765,53,52,53,51,53,53,0.0949,8521,1.64861680440262,24,-85,0.0073,47,2021-11-13 20:09:06.002159,121.910003662109,1.0412,2,"aoml_apex",1025.32181052518
"4903625",7,0.044279543800023,1,0.1168,1,0.073,1,0.000407999992603436,3,154.456938250386,1,1.94996913676866,131.960006713867,1,23.9789009094238,36.9025993347168,0.116800002753735,0.0876000002026558,0.000407999992603436,147.920806884766,-84.5748,24.256,25.8325074866765,53,52,53,51,53,53,0.073,8521,1.64861680440262,24,-85,0.0073,47,2021-11-13 20:09:06.002159,131.960006713867,1.0412,2,"aoml_apex",1025.65725902424
"4903625",7,0.0487074981800254,1,0.1241,1,0.0803,1,0.000607000023592263,3,153.741656981554,1,1.94950804078279,140.570007324219,1,23.3309993743896,36.9194984436035,0.124099999666214,0.0948999971151352,0.000607000023592263,147.235794067383,-84.5748,24.256,25.8325074866765,53,52,53,51,53,53,0.0803,8521,1.64861680440262,24,-85,0.0073,47,2021-11-13 20:09:06.002159,140.570007324219,1.0412,2,"aoml_apex",1025.89984660794
"4903625",7,0.0354236350400184,1,0.1022,1,0.0584,1,0.000407000014092773,3,152.226442284727,1,1.94910617556259,151.649993896484,1,22.7971000671387,36.92919921875,0.102200001478195,0.0729999989271164,0.000407000014092773,145.784698486328,-84.5748,24.256,25.8325074866765,53,52,53,51,53,53,0.0584,8521,1.64861680440262,24,-85,0.0073,47,2021-11-13 20:09:06.002159,151.649993896484,1.0412,2,"aoml_apex",1026.11136585349
"4903625",7,0.00885590876000461,1,0.0584,1,0.0146,1,0.00036000000545755,3,153.046658452909,1,1.9487260551051,161.279998779297,1,22.2595996856689,36.9336013793945,0.0584000013768673,0.0292000006884336,0.00036000000545755,146.570205688477,-84.5748,24.256,25.8325074866765,53,52,53,51,53,53,0.0146,8521,1.64861680440262,24,-85,0.0073,47,2021-11-13 20:09:06.002159,161.279998779297,1.0412,2,"aoml_apex",1026.31152016497
"4903625",7,-0.00442795438000231,4,0.0365,1,-0.0073,1,0.000348000001395121,3,150.958173534609,1,1.94848553808634,171.270004272461,1,21.9820995330811,36.9392013549805,0.0364999994635582,0.00730000017210841,0.000348000001395121,144.570098876953,-84.5748,24.256,25.8325074866765,53,52,53,51,53,53,-0.0073,8521,1.64861680440262,24,-85,0.0073,47,2021-11-13 20:09:06.002159,171.270004272461,1.0412,2,"aoml_apex",1026.43820593313
"4903625",7,-0.00442795438000231,4,0.0365,1,-0.0073,1,0.00036000000545755,3,149.084593250751,1,1.94819755224168,181.649993896484,1,21.465799331665,36.8877983093262,0.0364999994635582,0.00730000017210841,0.00036000000545755,142.775802612305,-84.5748,24.256,25.8325074866765,53,52,53,51,53,53,-0.0073,8521,1.64861680440262,24,-85,0.0073,47,2021-11-13 20:09:06.002159,181.649993896484,1.0412,2,"aoml_apex",1026.58993575816
"4903625",7,0.0309956806600161,1,0.0949,1,0.0511,1,0.00047699999413453,3,137.171980689655,1,1.94787366307151,191.75,1,20.7180995941162,36.7818984985352,0.0948999971151352,0.065700002014637,0.00047699999413453,131.367294311523,-84.5748,24.256,25.8325074866765,53,52,53,51,53,53,0.0511,8521,1.64861680440262,24,-85,0.0073,47,2021-11-13 20:09:06.002159,191.75,1.0412,2,"aoml_apex",1026.76063541323
"4903625",7,0.0132838631400069,1,0.0657,1,0.0219,1,0.000829999975394458,3,140.309878333556,1,1.94748656857124,201.679992675781,1,19.6842994689941,36.6264991760254,0.065700002014637,0.0364999994635582,0.000829999975394458,134.372406005859,-84.5748,24.256,25.8325074866765,53,52,53,51,53,53,0.0219,8521,1.64861680440262,24,-85,0.0073,47,2021-11-13 20:09:06.002159,201.679992675781,1.0412,2,"aoml_apex",1026.96472072066
"4903625",7,0.0132838631400069,1,0.0657,1,0.0219,1,0.000570999982301146,3,140.580309558377,1,1.94733655320117,211.369995117188,1,19.4913005828857,36.6078987121582,0.065700002014637,0.0364999994635582,0.000570999982301146,134.631393432617,-84.5748,24.256,25.8325074866765,53,52,53,51,53,53,0.0219,8521,1.64861680440262,24,-85,0.0073,47,2021-11-13 20:09:06.002159,211.369995117188,1.0412,2,"aoml_apex",1027.04383416018
"4903625",7,0.00885590876000461,1,0.0584,1,0.0146,1,0.000653000024612993,3,130.101693101726,1,1.94707532799904,221.690002441406,1,18.8490009307861,36.5093002319336,0.0584000013768673,0.0292000006884336,0.000653000024612993,124.596199035645,-84.5748,24.256,25.8325074866765,53,52,53,51,53,53,0.0146,8521,1.64861680440262,24,-85,0.0073,47,2021-11-13 20:09:06.002159,221.690002441406,1.0412,2,"aoml_apex",1027.18162530227
"4903625",7,0.00442795438000231,1,0.0511,1,0.0073,1,0.000452999986009672,3,130.938399950265,1,1.94686157551257,231.369995117188,1,18.4442005157471,36.4653015136719,0.0511000007390976,0.0219000000506639,0.000452999986009672,125.397499084473,-84.5748,24.256,25.8325074866765,53,52,53,51,53,53,0.0073,8521,1.64861680440262,24,-85,0.0073,47,2021-11-13 20:09:06.002159,231.369995117188,1.0412,2,"aoml_apex",1027.29440303091
"4903625",7,0,1,0.0365,1,-0.0073,1,0.000394000002415851,3,143.20247113227,1,1.94665602923757,241.669998168945,1,18.2273006439209,36.4761009216309,0.0364999994635582,0,0.000394000002415851,137.142593383789,-84.5748,24.256,25.8325074866765,53,52,53,51,53,53,0,8521,1.64861680440262,24,-85,0.0073,47,2021-11-13 20:09:06.002159,241.669998168945,1.0412,2,"aoml_apex",1027.40287444789
"4903625",7,0,1,0.0365,1,-0.0073,1,0.000475999986520037,3,136.675890038856,1,1.94640628265912,251.75,1,17.5130004882812,36.3564987182617,0.0364999994635582,0,0.000475999986520037,130.892196655273,-84.5748,24.256,25.8325074866765,53,52,53,51,53,53,0,8521,1.64861680440262,24,-85,0.0073,47,2021-11-13 20:09:06.002159,251.75,1.0412,2,"aoml_apex",1027.53470219366
"4903625",7,0,1,0.0365,1,-0.0073,1,0.000500000023748726,3,136.442407497848,1,1.94620914093517,261.839996337891,1,17.0629997253418,36.2901992797852,0.0364999994635582,0,0.000500000023748726,130.668594360352,-84.5748,24.256,25.8325074866765,53,52,53,51,53,53,0,8521,1.64861680440262,24,-85,0.0073,47,2021-11-13 20:09:06.002159,261.839996337891,1.0412,2,"aoml_apex",1027.63878656894
"4903625",7,0,1,0.0292,1,-0.0146,1,0.000640999991446733,3,142.660859830477,1,1.94597988850963,271.410003662109,1,16.4894008636475,36.2126007080078,0.0292000006884336,0,0.000640999991446733,136.623901367188,-84.5748,24.256,25.8325074866765,53,52,53,51,53,53,0,8521,1.64861680440262,24,-85,0.0073,47,2021-11-13 20:09:06.002159,271.410003662109,1.0412,2,"aoml_apex",1027.75985086451
"4903625",7,0,1,0.0292,1,-0.0146,1,0.000404999998863786,3,140.798337065621,1,1.94583788986237,281.850006103516,1,16.2507991790771,36.1766014099121,0.0292000006884336,0,0.000404999998863786,134.840194702148,-84.5748,24.256,25.8325074866765,53,52,53,51,53,53,0,8521,1.64861680440262,24,-85,0.0073,47,2021-11-13 20:09:06.002159,281.850006103516,1.0412,2,"aoml_apex",1027.83485223502
"4903625",7,0,1,0.0365,1,-0.0073,1,0.000392999994801357,3,135.646425459928,1,1.94568634576429,291.25,1,15.861499786377,36.1077003479004,0.0364999994635582,0,0.000392999994801357,129.906295776367,-84.5748,24.256,25.8325074866765,53,52,53,51,53,53,0,8521,1.64861680440262,24,-85,0.0073,47,2021-11-13 20:09:06.002159,291.25,1.0412,2,"aoml_apex",1027.91490743303
"4903625",7,0,1,0.0365,1,-0.0073,1,0.000581000000238419,3,130.323058577602,1,1.9455398383489,301.059997558594,1,15.5410995483398,36.0554008483887,0.0364999994635582,0,0.000581000000238419,124.808197021484,-84.5748,24.256,25.8325074866765,53,52,53,51,53,53,0,8521,1.64861680440262,24,-85,0.0073,47,2021-11-13 20:09:06.002159,301.059997558594,1.0412,2,"aoml_apex",1027.99231379262
"4903625",7,0,1,0.0365,1,-0.0073,1,0.000427999999374151,3,122.485086003263,1,1.94535861352834,311.670013427734,1,15.0733003616333,35.9799003601074,0.0364999994635582,0,0.000427999999374151,117.301902770996,-84.5748,24.256,25.8325074866765,53,52,53,51,53,53,0,8521,1.64861680440262,24,-85,0.0073,47,2021-11-13 20:09:06.002159,311.670013427734,1.0412,2,"aoml_apex",1028.08807902649
"4903625",7,0,1,0.0365,1,-0.0073,1,0.000415999995311722,3,121.841240449772,1,1.9452052950145,321.690002441406,1,14.7070999145508,35.9206008911133,0.0364999994635582,0,0.000415999995311722,116.685302734375,-84.5748,24.256,25.8325074866765,53,52,53,51,53,53,0,8521,1.64861680440262,24,-85,0.0073,47,2021-11-13 20:09:06.002159,321.690002441406,1.0412,2,"aoml_apex",1028.16911157189
"4903625",7,0,1,0.0365,1,-0.0073,1,0.000415999995311722,3,121.710502017246,1,1.94509338367635,330.929992675781,1,14.5187997817993,35.8899993896484,0.0364999994635582,0,0.000415999995311722,116.560096740723,-84.5748,24.256,25.8325074866765,53,52,53,51,53,53,0,8521,1.64861680440262,24,-85,0.0073,47,2021-11-13 20:09:06.002159,330.929992675781,1.0412,2,"aoml_apex",1028.22826748805
"4903625",7,0,1,0.0365,1,-0.0073,1,0.000415999995311722,3,119.963995570279,1,1.94495512390186,341.119995117188,1,14.2124004364014,35.8386993408203,0.0364999994635582,0,0.000415999995311722,114.887496948242,-84.5748,24.256,25.8325074866765,53,52,53,51,53,53,0,8521,1.64861680440262,24,-85,0.0073,47,2021-11-13 20:09:06.002159,341.119995117188,1.0412,2,"aoml_apex",1028.30136048986
"4903625",7,0,1,0.0365,1,-0.0073,1,0.000475000008009374,3,118.236290092221,1,1.94481688055981,351.260009765625,1,13.9137001037598,35.790901184082,0.0364999994635582,0,0.000475000008009374,113.232902526855,-84.5748,24.256,25.8325074866765,53,52,53,51,53,53,0,8521,1.64861680440262,24,-85,0.0073,47,2021-11-13 20:09:06.002159,351.260009765625,1.0412,2,"aoml_apex",1028.37445519514
"4903625",7,0,1,0.0365,1,-0.0073,1,0.000463000003946945,3,118.871882339022,1,1.94465101398002,361.059997558594,1,13.4287004470825,35.7135009765625,0.0364999994635582,0,0.000463000003946945,113.841598510742,-84.5748,24.256,25.8325074866765,53,52,53,51,53,53,0,8521,1.64861680440262,24,-85,0.0073,47,2021-11-13 20:09:06.002159,361.059997558594,1.0412,2,"aoml_apex",1028.46216911007
"4903625",7,0,1,0.0365,1,-0.0073,1,0.00040300001273863,3,118.072665897129,1,1.9443527300763,381.880004882812,1,12.6731004714966,35.5938987731934,0.0364999994635582,0,0.00040300001273863,113.076202392578,-84.5748,24.256,25.8325074866765,53,52,53,51,53,53,0,8521,1.64861680440262,24,-85,0.0073,47,2021-11-13 20:09:06.002159,381.880004882812,1.0412,2,"aoml_apex",1028.61994588889
"4903625",7,0,1,0.0365,1,-0.0073,1,0.000379000004613772,3,116.942751565248,1,1.94408295101308,401.519989013672,1,12.0143995285034,35.4931983947754,0.0364999994635582,0,0.000379000004613772,111.994102478027,-84.5748,24.256,25.8325074866765,53,52,53,51,53,53,0,8521,1.64861680440262,24,-85,0.0073,47,2021-11-13 20:09:06.002159,401.519989013672,1.0412,2,"aoml_apex",1028.76268677619
"4903625",7,0,1,0.0511,1,0.0073,1,0.000377999996999279,3,116.038170032343,1,1.94350582913871,451.679992675781,1,10.9229001998901,35.3250007629395,0.0511000007390976,0,0.000377999996999279,111.127799987793,-84.5748,24.256,25.8325074866765,53,52,53,51,53,53,0,8521,1.64861680440262,24,-85,0.0073,47,2021-11-13 20:09:06.002159,451.679992675781,1.0412,2,"aoml_apex",1029.06817670124
"4903625",7,0,1,0.0438,1,0,1,0.000423999998020008,3,114.592072795792,1,1.94289971911446,501.769989013672,1,9.69620037078857,35.1594009399414,0.0438000001013279,0,0.000423999998020008,109.742897033691,-84.5748,24.256,25.8325074866765,53,52,53,51,53,53,0,8521,1.64861680440262,24,-85,0.0073,47,2021-11-13 20:09:06.002159,501.769989013672,1.0412,2,"aoml_apex",1029.38920641337
"4903625",7,0,1,0.0438,1,0,1,0.000422999990405515,3,118.303638986778,1,1.94232553668009,551.719970703125,1,8.69600009918213,35.0391998291016,0.0438000001013279,0,0.000422999990405515,113.297401428223,-84.5748,24.256,25.8325074866765,53,52,53,51,53,53,0,8521,1.64861680440262,24,-85,0.0073,47,2021-11-13 20:09:06.002159,551.719970703125,1.0412,2,"aoml_apex",1029.69351029513
"4903625",7,0,1,0.0438,1,0,1,0.000375000003259629,3,121.735564664783,1,1.94176079914517,601.789978027344,1,7.86499977111816,34.9580993652344,0.0438000001013279,0,0.000375000003259629,116.584098815918,-84.5748,24.256,25.8325074866765,53,52,53,51,53,53,0,8521,1.64861680440262,24,-85,0.0073,47,2021-11-13 20:09:06.002159,601.789978027344,1.0412,2,"aoml_apex",1029.99298414123
"4903625",7,0,1,0.0438,1,0,1,0.000338999991072342,3,129.738420143149,1,1.94118387102148,651.299987792969,1,7.11730003356934,34.9126014709473,0.0438000001013279,0,0.000338999991072342,124.24829864502,-84.5748,24.256,25.8325074866765,53,52,53,51,53,53,0,8521,1.64861680440262,24,-85,0.0073,47,2021-11-13 20:09:06.002159,651.299987792969,1.0412,2,"aoml_apex",1030.29910244802
"4903625",7,0,1,0.0365,1,-0.0073,1,0.000737999973352998,3,135.678896963857,1,1.94064119854109,701.880004882812,1,6.67290019989014,34.9015998840332,0.0364999994635582,0,0.000737999973352998,129.937393188477,-84.5748,24.256,25.8325074866765,53,52,53,51,53,53,0,8521,1.64861680440262,24,-85,0.0073,47,2021-11-13 20:09:06.002159,701.880004882812,1.0412,2,"aoml_apex",1030.58721081647
"4903625",7,0,1,0.0511,1,0.0073,1,0.00134900002740324,3,139.393187702032,1,1.94015450350372,750.940002441406,1,6.43090009689331,34.9016990661621,0.0511000007390976,0,0.00134900002740324,133.494506835938,-84.5748,24.256,25.8325074866765,53,52,53,51,53,53,0,8521,1.64861680440262,24,-85,0.0073,47,2021-11-13 20:09:06.002159,750.940002441406,1.0412,2,"aoml_apex",1030.84573748545
"4903625",7,0,1,0.0365,1,-0.0073,1,0.00116099999286234,3,141.241800936501,1,1.93970336264537,801.27001953125,1,6.35139989852905,34.901798248291,0.0364999994635582,0,0.00116099999286234,135.264892578125,-84.5748,24.256,25.8325074866765,53,52,53,51,53,53,0,8521,1.64861680440262,24,-85,0.0073,47,2021-11-13 20:09:06.002159,801.27001953125,1.0412,2,"aoml_apex",1031.08549405843
"4903625",7,0,1,0.0511,1,0.0073,1,0.000737000023946166,3,144.71999611765,1,1.93922503671706,851.900024414062,1,6.18580007553101,34.9025001525879,0.0511000007390976,0,0.000737000023946166,138.595901489258,-84.5748,24.256,25.8325074866765,53,52,53,51,53,53,0,8521,1.64861680440262,24,-85,0.0073,47,2021-11-13 20:09:06.002159,851.900024414062,1.0412,2,"aoml_apex",1031.33981984155
"4903625",7,0,1,0.0438,1,0,1,0.000478000001749024,3,150.191428596645,1,1.93873541469438,901.580017089844,1,5.96080017089844,34.9054985046387,0.0438000001013279,0,0.000478000001749024,143.835800170898,-84.5748,24.256,25.8325074866765,53,52,53,51,53,53,0,8521,1.64861680440262,24,-85,0.0073,47,2021-11-13 20:09:06.002159,901.580017089844,1.0412,2,"aoml_apex",1031.6002817307
"4903625",7,0,1,0.0438,1,0,1,0.000372000009519979,3,153.943496535907,1,1.93826126681742,951.669982910156,1,5.8076000213623,34.9095993041992,0.0438000001013279,0,0.000372000009519979,147.429092407227,-84.5748,24.256,25.8325074866765,53,52,53,51,53,53,0,8521,1.64861680440262,24,-85,0.0073,47,2021-11-13 20:09:06.002159,951.669982910156,1.0412,2,"aoml_apex",1031.85263732993
"4903625",7,0,1,0.0438,1,0,1,0.00138300005346537,3,157.905561738066,1,1.93781317751555,999.390014648438,1,5.66769981384277,34.9124984741211,0.0438000001013279,0,0.00138300005346537,151.223495483398,-84.5748,24.256,25.8325074866765,53,52,53,51,53,53,0,8521,1.64861680440262,24,-85,0.0073,47,2021-11-13 20:09:06.002159,999.390014648438,1.0412,2,"aoml_apex",1032.09123728025
"4903625",7,0,1,0.0438,1,0,1,0.000395000010030344,3,170.75376149774,1,1.93683103864751,1099.56005859375,1,5.25479984283447,34.9257011413574,0.0438000001013279,0,0.000395000010030344,163.52799987793,-84.5748,24.256,25.8325074866765,53,52,53,51,53,53,0,8521,1.64861680440262,24,-85,0.0073,47,2021-11-13 20:09:06.002159,1099.56005859375,1.0412,2,"aoml_apex",1032.61459574533
"4903625",7,0,1,0.0438,1,0,1,0.000369999994290993,3,184.928289948807,1,1.93585028359688,1199.44995117188,1,4.84140014648438,34.9412994384766,0.0438000001013279,0,0.000369999994290993,177.10270690918,-84.5748,24.256,25.8325074866765,53,52,53,51,53,53,0,8521,1.64861680440262,24,-85,0.0073,47,2021-11-13 20:09:06.002159,1199.44995117188,1.0412,2,"aoml_apex",1033.13774672901
"4903625",7,0,1,0.0438,1,0,1,0.000311000010697171,3,193.807206846225,1,1.93491803541533,1299.86999511719,1,4.58540010452271,34.951000213623,0.0438000001013279,0,0.000311000010697171,185.605895996094,-84.5748,24.256,25.8325074866765,53,52,53,51,53,53,0,8521,1.64861680440262,24,-85,0.0073,47,2021-11-13 20:09:06.002159,1299.86999511719,1.0412,2,"aoml_apex",1033.63551499002
"4903625",7,0,1,0.0438,1,0,1,0.000299000006634742,3,200.756905338234,1,1.93403321821328,1399.11999511719,1,4.44700002670288,34.9576988220215,0.0438000001013279,0,0.000299000006634742,192.261505126953,-84.5748,24.256,25.8325074866765,53,52,53,51,53,53,0,8521,1.64861680440262,24,-85,0.0073,47,2021-11-13 20:09:06.002159,1399.11999511719,1.0412,2,"aoml_apex",1034.10840163731
"4903625",7,0,1,0.0511,1,0.0073,1,0.000287000002572313,3,204.600126110655,1,1.93315875117576,1499.84997558594,1,4.37190008163452,34.9617004394531,0.0511000007390976,0,0.000287000002572313,195.942092895508,-84.5748,24.256,25.8325074866765,53,52,53,51,53,53,0,8521,1.64861680440262,24,-85,0.0073,47,2021-11-13 20:09:06.002159,1499.84997558594,1.0412,2,"aoml_apex",1034.5761820045
"4903625",7,0,1,0.0365,1,-0.0073,1,0.000311000010697171,3,206.725894306283,1,1.9323137414682,1598.94995117188,1,4.33680009841919,34.9637985229492,0.0364999994635582,0,0.000311000010697171,197.977905273438,-84.5748,24.256,25.8325074866765,53,52,53,51,53,53,0,8521,1.64861680440262,24,-85,0.0073,47,2021-11-13 20:09:06.002159,1598.94995117188,1.0412,2,"aoml_apex",1035.02860693853
"4903625",7,0,1,0.0438,1,0,1,0.000299000006634742,3,208.215520565765,1,1.9314612061019,1699.93005371094,1,4.31909990310669,34.9650993347168,0.0438000001013279,0,0.000299000006634742,199.404495239258,-84.5748,24.256,25.8325074866765,53,52,53,51,53,53,0,8521,1.64861680440262,24,-85,0.0073,47,2021-11-13 20:09:06.002159,1699.93005371094,1.0412,2,"aoml_apex",1035.48546234404
"4903625",7,0,1,0.0438,1,0,1,0.000274999998509884,3,209.282364020167,1,1.93061958239677,1800.15002441406,1,4.30649995803833,34.9659004211426,0.0438000001013279,0,0.000274999998509884,200.426193237305,-84.5748,24.256,25.8325074866765,53,52,53,51,53,53,0,8521,1.64861680440262,24,-85,0.0073,47,2021-11-13 20:09:06.002159,1800.15002441406,1.0412,2,"aoml_apex",1035.93686619354
"4903625",7,0,1,0.0438,1,0,1,0.000287000002572313,3,210.140070594996,1,1.92979628307111,1898.84997558594,1,4.3043999671936,34.9664993286133,0.0438000001013279,0,0.000287000002572313,201.247604370117,-84.5748,24.256,25.8325074866765,53,52,53,51,53,53,0,8521,1.64861680440262,24,-85,0.0073,47,2021-11-13 20:09:06.002159,1898.84997558594,1.0412,2,"aoml_apex",1036.37882275178
"4903625",8,0.0885590876000461,5,0.2117,1,0.1679,1,0.000503999995999038,3,194.481325341249,1,1.95461192028268,7.69000005722046,1,27.9465999603271,36.0315017700195,0.21170000731945,0.182500004768372,0.000503999995999038,186.199996948242,-84.5446,24.2497,26.3491363282251,53,52,53,51,53,53,0.146,8521,1.64861680440262,24,-85,0.0073,47,2021-11-18 21:42:18.002314,7.69000005722046,1.0412,2,"aoml_apex",1023.22101857987
"4903625",8,0.0885590876000461,5,0.1971,1,0.1533,1,0.000468999991426244,3,194.431712119943,1,1.95457835414668,11.9200000762939,1,27.9456996917725,36.0303993225098,0.19709999859333,0.167899996042252,0.000468999991426244,186.152496337891,-84.5446,24.2497,26.3491363282251,53,52,53,51,53,53,0.146,8521,1.64861680440262,24,-85,0.0073,47,2021-11-18 21:42:18.002314,11.9200000762939,1.0412,2,"aoml_apex",1023.23859043919
"4903625",8,0.0885590876000461,5,0.2044,1,0.1606,1,0.00049200002104044,3,194.376042675028,1,1.95453151337024,16.6299991607666,1,27.9619998931885,36.0433006286621,0.20440000295639,0.175200000405312,0.00049200002104044,186.099197387695,-84.5446,24.2497,26.3491363282251,53,52,53,51,53,53,0.146,8521,1.64861680440262,24,-85,0.0073,47,2021-11-18 21:42:18.002314,16.6299991607666,1.0412,2,"aoml_apex",1023.26311257645
"4903625",8,0.0885590876000461,5,0.1898,1,0.146,1,0.00049200002104044,3,194.184490697234,1,1.95447782367844,21.7399997711182,1,27.9705009460449,36.0553016662598,0.18979999423027,0.160600006580353,0.00049200002104044,185.915802001953,-84.5446,24.2497,26.3491363282251,53,52,53,51,53,53,0.146,8521,1.64861680440262,24,-85,0.0073,47,2021-11-18 21:42:18.002314,21.7399997711182,1.0412,2,"aoml_apex",1023.29122171153
"4903625",8,0.0885590876000461,1,0.1898,1,0.146,1,0.000468999991426244,3,194.102699803646,1,1.95442252077365,26.5200004577637,1,27.9815006256104,36.0713996887207,0.18979999423027,0.160600006580353,0.000468999991426244,185.837493896484,-84.5446,24.2497,26.3491363282251,53,52,53,51,53,53,0.146,8521,1.64861680440262,24,-85,0.0073,47,2021-11-18 21:42:18.002314,26.5200004577637,1.0412,2,"aoml_apex",1023.32017705583
"4903625",8,0.0929870419800484,1,0.1971,1,0.1533,1,0.000515000021550804,3,193.841692503511,1,1.95432376909312,31.8400001525879,1,28.0079002380371,36.1213989257812,0.19709999859333,0.167899996042252,0.000515000021550804,185.587600708008,-84.5446,24.2497,26.3491363282251,53,52,53,51,53,53,0.1533,8521,1.64861680440262,24,-85,0.0073,47,2021-11-18 21:42:18.002314,31.8400001525879,1.0412,2,"aoml_apex",1023.37188526754
"4903625",8,0.0841311332200438,1,0.1825,1,0.1387,1,0.000503999995999038,3,193.67509854196,1,1.9542408417152,36.6699981689453,1,28.0317993164062,36.1621017456055,0.182500004768372,0.153300002217293,0.000503999995999038,185.428100585938,-84.5446,24.2497,26.3491363282251,53,52,53,51,53,53,0.1387,8521,1.64861680440262,24,-85,0.0073,47,2021-11-18 21:42:18.002314,36.6699981689453,1.0412,2,"aoml_apex",1023.4153116177
"4903625",8,0.0841311332200438,1,0.1825,1,0.1387,1,0.000515000021550804,3,193.485937178749,1,1.95418261340669,41.7400016784668,1,28.0496006011963,36.1815986633301,0.182500004768372,0.153300002217293,0.000515000021550804,185.246994018555,-84.5446,24.2497,26.3491363282251,53,52,53,51,53,53,0.1387,8521,1.64861680440262,24,-85,0.0073,47,2021-11-18 21:42:18.002314,41.7400016784668,1.0412,2,"aoml_apex",1023.44580607717
"4903625",8,0.0752752244600392,1,0.1679,1,0.1241,1,0.000526999996509403,3,193.331264415251,1,1.95412173572145,46.6800003051758,1,28.0776996612549,36.2081985473633,0.167899996042252,0.138699993491173,0.000526999996509403,185.098907470703,-84.5446,24.2497,26.3491363282251,53,52,53,51,53,53,0.1241,8521,1.64861680440262,24,-85,0.0073,47,2021-11-18 21:42:18.002314,46.6800003051758,1.0412,2,"aoml_apex",1023.47768997187
"4903625",8,0.0664193157000346,1,0.1533,1,0.1095,1,0.00049200002104044,3,193.087469540111,1,1.95405275393085,51.9300003051758,1,28.1058006286621,36.2387008666992,0.153300002217293,0.124099999666214,0.00049200002104044,184.865493774414,-84.5446,24.2497,26.3491363282251,53,52,53,51,53,53,0.1095,8521,1.64861680440262,24,-85,0.0073,47,2021-11-18 21:42:18.002314,51.9300003051758,1.0412,2,"aoml_apex",1023.51382068714
"4903625",8,0.05756340694003,1,0.1387,1,0.0949,1,0.000526999996509403,3,192.903854402731,1,1.95400922873653,56.4599990844727,1,28.1061000823975,36.2434005737305,0.138699993491173,0.109499998390675,0.000526999996509403,184.689697265625,-84.5446,24.2497,26.3491363282251,53,52,53,51,53,53,0.0949,8521,1.64861680440262,24,-85,0.0073,47,2021-11-18 21:42:18.002314,56.4599990844727,1.0412,2,"aoml_apex",1023.53661926828
"4903625",8,0.0619913613200323,1,0.146,1,0.1022,1,0.000515000021550804,3,192.721386760352,1,1.95395914167817,61.8899993896484,1,28.0984992980957,36.2440986633301,0.145999997854233,0.116800002753735,0.000515000021550804,184.514999389648,-84.5446,24.2497,26.3491363282251,53,52,53,51,53,53,0.1022,8521,1.64861680440262,24,-85,0.0073,47,2021-11-18 21:42:18.002314,61.8899993896484,1.0412,2,"aoml_apex",1023.56285622344
"4903625",8,0.05756340694003,1,0.1387,1,0.0949,1,0.00049200002104044,3,192.529723220544,1,1.95391839850539,66.4400024414062,1,28.0988998413086,36.2467994689941,0.138699993491173,0.109499998390675,0.00049200002104044,184.331497192383,-84.5446,24.2497,26.3491363282251,53,52,53,51,53,53,0.0949,8521,1.64861680440262,24,-85,0.0073,47,2021-11-18 21:42:18.002314,66.4400024414062,1.0412,2,"aoml_apex",1023.58419959086
"4903625",8,0.0664193157000346,1,0.1533,1,0.1095,1,0.000515000021550804,3,191.82889064949,1,1.9538500817162,71.9499969482422,1,28.0711002349854,36.2509002685547,0.153300002217293,0.124099999666214,0.000515000021550804,183.660507202148,-84.5446,24.2497,26.3491363282251,53,52,53,51,53,53,0.1095,8521,1.64861680440262,24,-85,0.0073,47,2021-11-18 21:42:18.002314,71.9499969482422,1.0412,2,"aoml_apex",1023.619989433
"4903625",8,0.0797031788400415,1,0.1752,1,0.1314,1,0.000526999996509403,3,191.547292189083,1,1.95377691273104,76.4300003051758,1,28.0294990539551,36.2582015991211,0.175200000405312,0.145999997854233,0.000526999996509403,183.390899658203,-84.5446,24.2497,26.3491363282251,53,52,53,51,53,53,0.1314,8521,1.64861680440262,24,-85,0.0073,47,2021-11-18 21:42:18.002314,76.4300003051758,1.0412,2,"aoml_apex",1023.65832402244
"4903625",8,0.0841311332200438,1,0.1825,1,0.1387,1,0.000515000021550804,3,190.94598887182,1,1.95370499246802,81.7099990844727,1,28.0063991546631,36.2681999206543,0.182500004768372,0.153300002217293,0.000515000021550804,182.815200805664,-84.5446,24.2497,26.3491363282251,53,52,53,51,53,53,0.1387,8521,1.64861680440262,24,-85,0.0073,47,2021-11-18 21:42:18.002314,81.7099990844727,1.0412,2,"aoml_apex",1023.69600718146
"4903625",8,0.101842950740053,1,0.2117,1,0.1679,1,0.000468000012915581,3,189.006817946946,1,1.95362617405933,86.6900024414062,1,27.9596996307373,36.2743988037109,0.21170000731945,0.182500004768372,0.000468000012915581,180.958602905273,-84.5446,24.2497,26.3491363282251,53,52,53,51,53,53,0.1679,8521,1.64861680440262,24,-85,0.0073,47,2021-11-18 21:42:18.002314,86.6900024414062,1.0412,2,"aoml_apex",1023.73730786188
"4903625",8,0.247965445280129,1,0.4526,1,0.4088,1,0.00067999999737367,3,181.246054265227,1,1.95328815098091,91.9000015258789,1,27.455099105835,36.2610015869141,0.452600002288818,0.423400014638901,0.00067999999737367,173.528305053711,-84.5446,24.2497,26.3491363282251,53,52,53,51,53,53,0.4088,8521,1.64861680440262,24,-85,0.0073,47,2021-11-18 21:42:18.002314,91.9000015258789,1.0412,2,"aoml_apex",1023.9144690432
"4903625",8,0.181546129580095,1,0.3431,1,0.2993,1,0.00131399999372661,3,179.536876400635,1,1.95285459349849,96.7200012207031,1,27.2558994293213,36.4496994018555,0.343100011348724,0.313899993896484,0.00131399999372661,171.891906738281,-84.5446,24.2497,26.3491363282251,53,52,53,51,53,53,0.2993,8521,1.64861680440262,24,-85,0.0073,47,2021-11-18 21:42:18.002314,96.7200012207031,1.0412,2,"aoml_apex",1024.14179051449
"4903625",8,0.168262266440088,1,0.3212,1,0.2774,1,0.000620000006165355,3,175.741775750655,1,1.95247613459163,101.790000915527,1,26.8927001953125,36.5289001464844,0.321200013160706,0.291999995708466,0.000620000006165355,168.258407592773,-84.5446,24.2497,26.3491363282251,53,52,53,51,53,53,0.2774,8521,1.64861680440262,24,-85,0.0073,47,2021-11-18 21:42:18.002314,101.790000915527,1.0412,2,"aoml_apex",1024.34030540318
"4903625",8,0.0929870419800484,1,0.1971,1,0.1533,1,0.000561000022571534,3,171.311409118907,1,1.95185182978629,111.919998168945,1,26.3090000152588,36.6587982177734,0.19709999859333,0.167899996042252,0.000561000022571534,164.016693115234,-84.5446,24.2497,26.3491363282251,53,52,53,51,53,53,0.1533,8521,1.64861680440262,24,-85,0.0073,47,2021-11-18 21:42:18.002314,111.919998168945,1.0412,2,"aoml_apex",1024.66794327261
"4903625",8,0.0309956806600161,1,0.0949,1,0.0511,1,0.000444000004790723,3,171.051134940577,1,1.95149986392297,121.790000915527,1,26.0097007751465,36.7223014831543,0.0948999971151352,0.065700002014637,0.000444000004790723,163.767501831055,-84.5446,24.2497,26.3491363282251,53,52,53,51,53,53,0.0511,8521,1.64861680440262,24,-85,0.0073,47,2021-11-18 21:42:18.002314,121.790000915527,1.0412,2,"aoml_apex",1024.85274889004
"4903625",8,0.0132838631400069,1,0.0657,1,0.0219,1,0.000514000013936311,3,169.50979415712,1,1.9509433208794,131.610000610352,1,25.4776992797852,36.8330993652344,0.065700002014637,0.0364999994635582,0.000514000013936311,162.291793823242,-84.5446,24.2497,26.3491363282251,53,52,53,51,53,53,0.0219,8521,1.64861680440262,24,-85,0.0073,47,2021-11-18 21:42:18.002314,131.610000610352,1.0412,2,"aoml_apex",1025.1451072902
"4903625",8,0.0221397719000115,1,0.0803,1,0.0365,1,0.000361000013072044,3,163.402969205702,1,1.95052107760197,141.869995117188,1,25.0568008422852,36.8959999084473,0.0803000032901764,0.0511000007390976,0.000361000013072044,156.445007324219,-84.5446,24.2497,26.3491363282251,53,52,53,51,53,53,0.0365,8521,1.64861680440262,24,-85,0.0073,47,2021-11-18 21:42:18.002314,141.869995117188,1.0412,2,"aoml_apex",1025.36702779898
"4903625",8,0.00885590876000461,1,0.0584,1,0.0146,1,0.000314000004436821,3,159.001337761238,1,1.94991828567933,151.800003051758,1,24.3502998352051,36.973201751709,0.0584000013768673,0.0292000006884336,0.000314000004436821,152.230804443359,-84.5446,24.2497,26.3491363282251,53,52,53,51,53,53,0.0146,8521,1.64861680440262,24,-85,0.0073,47,2021-11-18 21:42:18.002314,151.800003051758,1.0412,2,"aoml_apex",1025.6840067035
"4903625",8,-0.00442795438000231,1,0.0365,1,-0.0073,1,0.000349000009009615,3,155.23725135111,1,1.94938367107496,161.539993286133,1,23.5849990844727,36.9860000610352,0.0364999994635582,0.00730000017210841,0.000349000009009615,148.626998901367,-84.5446,24.2497,26.3491363282251,53,52,53,51,53,53,-0.0073,8521,1.64861680440262,24,-85,0.0073,47,2021-11-18 21:42:18.002314,161.539993286133,1.0412,2,"aoml_apex",1025.96529850746
"4903625",8,-0.00885590876000461,1,0.0292,1,-0.0146,1,0.000312999996822327,3,151.001273559794,1,1.94897339081096,171.759994506836,1,22.9687004089355,36.9730987548828,0.0292000006884336,0,0.000312999996822327,144.571395874023,-84.5446,24.2497,26.3491363282251,53,52,53,51,53,53,-0.0146,8521,1.64861680440262,24,-85,0.0073,47,2021-11-18 21:42:18.002314,171.759994506836,1.0412,2,"aoml_apex",1026.18127544974
"4903625",8,0,1,0.0365,1,-0.0073,1,0.000384000013582408,3,150.941954443283,1,1.94854473553448,181.740005493164,1,22.2614994049072,36.9438018798828,0.0364999994635582,0,0.000384000013582408,144.514602661133,-84.5446,24.2497,26.3491363282251,53,52,53,51,53,53,0,8521,1.64861680440262,24,-85,0.0073,47,2021-11-18 21:42:18.002314,181.740005493164,1.0412,2,"aoml_apex",1026.40702239325
"4903625",8,0,1,0.0292,1,-0.0146,1,0.00103000004310161,3,150.573879484706,1,1.94832226585148,191.789993286133,1,21.8892002105713,36.9010009765625,0.0292000006884336,0,0.00103000004310161,144.162200927734,-84.5446,24.2497,26.3491363282251,53,52,53,51,53,53,0,8521,1.64861680440262,24,-85,0.0073,47,2021-11-18 21:42:18.002314,191.789993286133,1.0412,2,"aoml_apex",1026.52422294519
"4903625",8,0,1,0.0292,1,-0.0146,1,0.000348000001395121,3,153.041344357488,1,1.94804713020278,201.589996337891,1,21.5466995239258,36.9085998535156,0.0292000006884336,0,0.000348000001395121,146.524597167969,-84.5446,24.2497,26.3491363282251,53,52,53,51,53,53,0,8521,1.64861680440262,24,-85,0.0073,47,2021-11-18 21:42:18.002314,201.589996337891,1.0412,2,"aoml_apex",1026.66920578652
"4903625",8,0,1,0.0292,1,-0.0146,1,0.000348000001395121,3,153.287944220405,1,1.94782397745263,211.100006103516,1,21.1634998321533,36.8680992126465,0.0292000006884336,0,0.000348000001395121,146.760696411133,-84.5446,24.2497,26.3491363282251,53,52,53,51,53,53,0,8521,1.64861680440262,24,-85,0.0073,47,2021-11-18 21:42:18.002314,211.100006103516,1.0412,2,"aoml_apex",1026.78682630019
"4903625",8,0,1,0.0292,1,-0.0146,1,0.000312999996822327,3,153.023382873257,1,1.94761781676708,220.559997558594,1,20.826000213623,36.8342018127441,0.0292000006884336,0,0.000312999996822327,146.507400512695,-84.5446,24.2497,26.3491363282251,53,52,53,51,53,53,0,8521,1.64861680440262,24,-85,0.0073,47,2021-11-18 21:42:18.002314,220.559997558594,1.0412,2,"aoml_apex",1026.89551450082
"4903625",8,0,1,0.0365,1,-0.0073,1,0.000348000001395121,3,154.112036879341,1,1.94733611036733,231.410003662109,1,20.2779006958008,36.7705993652344,0.0364999994635582,0,0.000348000001395121,147.549697875977,-84.5446,24.2497,26.3491363282251,53,52,53,51,53,53,0,8521,1.64861680440262,24,-85,0.0073,47,2021-11-18 21:42:18.002314,231.410003662109,1.0412,2,"aoml_apex",1027.04406771501
"4903625",8,0,1,0.0292,1,-0.0146,1,0.000323999993270263,3,152.753705610902,1,1.94710384268797,241.479995727539,1,19.7721996307373,36.6953010559082,0.0292000006884336,0,0.000323999993270263,146.249206542969,-84.5446,24.2497,26.3491363282251,53,52,53,51,53,53,0,8521,1.64861680440262,24,-85,0.0073,47,2021-11-18 21:42:18.002314,241.479995727539,1.0412,2,"aoml_apex",1027.1665825686
"4903625",8,0,1,0.0365,1,-0.0073,1,0.000300999992759898,3,152.837568370462,1,1.94686795522575,251.800003051758,1,19.3265991210938,36.6445999145508,0.0364999994635582,0,0.000300999992759898,146.329498291016,-84.5446,24.2497,26.3491363282251,53,52,53,51,53,53,0,8521,1.64861680440262,24,-85,0.0073,47,2021-11-18 21:42:18.002314,251.800003051758,1.0412,2,"aoml_apex",1027.29103667849
"4903625",8,0,1,0.0292,1,-0.0146,1,0.000348000001395121,3,153.599935360873,1,1.94674721395387,261.25,1,19.1833992004395,36.6249008178711,0.0292000006884336,0,0.000348000001395121,147.05940246582,-84.5446,24.2497,26.3491363282251,53,52,53,51,53,53,0,8521,1.64861680440262,24,-85,0.0073,47,2021-11-18 21:42:18.002314,261.25,1.0412,2,"aoml_apex",1027.35475138448
"4903625",8,0,1,0.0292,1,-0.0146,1,0.000323999993270263,3,153.793479517486,1,1.94659556318052,271.070007324219,1,18.9557991027832,36.5957984924316,0.0292000006884336,0,0.000323999993270263,147.244705200195,-84.5446,24.2497,26.3491363282251,53,52,53,51,53,53,0,8521,1.64861680440262,24,-85,0.0073,47,2021-11-18 21:42:18.002314,271.070007324219,1.0412,2,"aoml_apex",1027.43478811399
"4903625",8,0,1,0.0292,1,-0.0146,1,0.000311999989207834,3,155.244040696525,1,1.94642430775897,281.890014648438,1,18.6821994781494,36.5595016479492,0.0292000006884336,0,0.000311999989207834,148.633499145508,-84.5446,24.2497,26.3491363282251,53,52,53,51,53,53,0,8521,1.64861680440262,24,-85,0.0073,47,2021-11-18 21:42:18.002314,281.890014648438,1.0412,2,"aoml_apex",1027.52518658314
"4903625",8,0,1,0.0219,1,-0.0219,1,0.00067699997453019,3,153.820110963937,1,1.94624942555117,291.480010986328,1,18.3271007537842,36.5061988830566,0.0219000000506639,0,0.00067699997453019,147.270202636719,-84.5446,24.2497,26.3491363282251,53,52,53,51,53,53,0,8521,1.64861680440262,24,-85,0.0073,47,2021-11-18 21:42:18.002314,291.480010986328,1.0412,2,"aoml_apex",1027.61751589656
"4903625",8,0,1,0.0292,1,-0.0146,1,0.000358999997843057,3,151.132980485869,1,1.94609494569329,301.790008544922,1,18.0578994750977,36.4645004272461,0.0292000006884336,0,0.000358999997843057,144.697494506836,-84.5446,24.2497,26.3491363282251,53,52,53,51,53,53,0,8521,1.64861680440262,24,-85,0.0073,47,2021-11-18 21:42:18.002314,301.790008544922,1.0412,2,"aoml_apex",1027.69908756302
"4903625",8,0,1,0.0292,1,-0.0146,1,0.000334999989718199,3,148.146831935801,1,1.94592687986226,311.100006103516,1,17.6937007904053,36.4075012207031,0.0292000006884336,0,0.000334999989718199,141.838500976562,-84.5446,24.2497,26.3491363282251,53,52,53,51,53,53,0,8521,1.64861680440262,24,-85,0.0073,47,2021-11-18 21:42:18.002314,311.100006103516,1.0412,2,"aoml_apex",1027.78784788746
"4903625",8,0,1,0.0365,1,-0.0073,1,0.00032299998565577,3,143.399166999212,1,1.94573356172547,321.579986572266,1,17.2138004302979,36.3254013061523,0.0364999994635582,0,0.00032299998565577,137.292999267578,-84.5446,24.2497,26.3491363282251,53,52,53,51,53,53,0,8521,1.64861680440262,24,-85,0.0073,47,2021-11-18 21:42:18.002314,321.579986572266,1.0412,2,"aoml_apex",1027.88996363223
"4903625",8,0,1,0.0292,1,-0.0146,1,0.000346999993780628,3,142.179746375455,1,1.94553291117284,329.660003662109,1,16.6749000549316,36.2459983825684,0.0292000006884336,0,0.000346999993780628,136.125503540039,-84.5446,24.2497,26.3491363282251,53,52,53,51,53,53,0,8521,1.64861680440262,24,-85,0.0073,47,2021-11-18 21:42:18.002314,329.660003662109,1.0412,2,"aoml_apex",1027.99597401533
"4903625",8,0,1,0.0438,1,0,1,0.000334999989718199,3,144.276012553272,1,1.94531593053002,341.880004882812,1,16.1819000244141,36.1716995239258,0.0438000001013279,0,0.000334999989718199,138.132507324219,-84.5446,24.2497,26.3491363282251,53,52,53,51,53,53,0,8521,1.64861680440262,24,-85,0.0073,47,2021-11-18 21:42:18.002314,341.880004882812,1.0412,2,"aoml_apex",1028.11063674119
"4903625",8,0,1,0.0292,1,-0.0146,1,0.000369999994290993,3,143.718361858289,1,1.94518256413464,351.640014648438,1,15.9358997344971,36.1319999694824,0.0292000006884336,0,0.000369999994290993,137.598602294922,-84.5446,24.2497,26.3491363282251,53,52,53,51,53,53,0,8521,1.64861680440262,24,-85,0.0073,47,2021-11-18 21:42:18.002314,351.640014648438,1.0412,2,"aoml_apex",1028.18112647938
"4903625",8,0,1,0.0365,1,-0.0073,1,0.000357999990228564,3,140.933375556637,1,1.94506435173909,361.119995117188,1,15.7033004760742,36.0881996154785,0.0364999994635582,0,0.000357999990228564,134.932205200195,-84.5446,24.2497,26.3491363282251,53,52,53,51,53,53,0,8521,1.64861680440262,24,-85,0.0073,47,2021-11-18 21:42:18.002314,361.119995117188,1.0412,2,"aoml_apex",1028.24361477387
"4903625",8,0,1,0.0365,1,-0.0073,1,0.000499000016134232,3,137.907112493872,1,1.94476711947391,381.100006103516,1,15.0502996444702,35.9824981689453,0.0364999994635582,0,0.000499000016134232,132.034805297852,-84.5446,24.2497,26.3491363282251,53,52,53,51,53,53,0,8521,1.64861680440262,24,-85,0.0073,47,2021-11-18 21:42:18.002314,381.100006103516,1.0412,2,"aoml_apex",1028.40076838662
"4903625",8,0,1,0.0365,1,-0.0073,1,0.00139200000558048,3,134.942877910812,1,1.94448174517942,401.160003662109,1,14.4437999725342,35.8863983154297,0.0364999994635582,0,0.00139200000558048,129.196792602539,-84.5446,24.2497,26.3491363282251,53,52,53,51,53,53,0,8521,1.64861680440262,24,-85,0.0073,47,2021-11-18 21:42:18.002314,401.160003662109,1.0412,2,"aoml_apex",1028.55169762237
"4903625",8,0,1,0.0365,1,-0.0073,1,0.00146199995651841,3,130.417587942702,1,1.94387794324385,451.339996337891,1,13.3283996582031,35.6985015869141,0.0364999994635582,0,0.00146199995651841,124.864196777344,-84.5446,24.2497,26.3491363282251,53,52,53,51,53,53,0,8521,1.64861680440262,24,-85,0.0073,47,2021-11-18 21:42:18.002314,451.339996337891,1.0412,2,"aoml_apex",1028.87118347693
"4903625",8,0,1,0.0365,1,-0.0073,1,0.000333000003593042,3,124.873410070746,1,1.94331777391937,501.329986572266,1,12.4159002304077,35.5490989685059,0.0364999994635582,0,0.000333000003593042,119.556098937988,-84.5446,24.2497,26.3491363282251,53,52,53,51,53,53,0,8521,1.64861680440262,24,-85,0.0073,47,2021-11-18 21:42:18.002314,501.329986572266,1.0412,2,"aoml_apex",1029.16775981846
"4903625",8,0,1,0.0438,1,0,1,0.000367000000551343,3,118.484460723712,1,1.94270011541647,549.450012207031,1,10.9809999465942,35.3275985717773,0.0438000001013279,0,0.000367000000551343,113.43920135498,-84.5446,24.2497,26.3491363282251,53,52,53,51,53,53,0,8521,1.64861680440262,24,-85,0.0073,47,2021-11-18 21:42:18.002314,549.450012207031,1.0412,2,"aoml_apex",1029.49497152382
"4903625",8,0,1,0.0438,1,0,1,0.00167100003454834,3,116.881290678431,1,1.94210570204232,601.090026855469,1,9.91800022125244,35.1804008483887,0.0438000001013279,0,0.00167100003454834,111.904296875,-84.5446,24.2497,26.3491363282251,53,52,53,51,53,53,0,8521,1.64861680440262,24,-85,0.0073,47,2021-11-18 21:42:18.002314,601.090026855469,1.0412,2,"aoml_apex",1029.81006538254
"4903625",8,0,1,0.0438,1,0,1,0.000740999996196479,3,116.813405192999,1,1.94155806452914,651.330017089844,1,9.15970039367676,35.0903015136719,0.0438000001013279,0,0.000740999996196479,111.839302062988,-84.5446,24.2497,26.3491363282251,53,52,53,51,53,53,0,8521,1.64861680440262,24,-85,0.0073,47,2021-11-18 21:42:18.002314,651.330017089844,1.0412,2,"aoml_apex",1030.10053448236
"4903625",8,0,1,0.0365,1,-0.0073,1,0.000422999990405515,3,117.751554073674,1,1.94100511746478,701.549987792969,1,8.39150047302246,35.007999420166,0.0364999994635582,0,0.000422999990405515,112.737503051758,-84.5446,24.2497,26.3491363282251,53,52,53,51,53,53,0,8521,1.64861680440262,24,-85,0.0073,47,2021-11-18 21:42:18.002314,701.549987792969,1.0412,2,"aoml_apex",1030.3939860871
"4903625",8,0,1,0.0511,1,0.0073,1,0.000915999989956617,3,122.852249034401,1,1.9404575424346,751.400024414062,1,7.72429990768433,34.9515991210938,0.0511000007390976,0,0.000915999989956617,117.621002197266,-84.5446,24.2497,26.3491363282251,53,52,53,51,53,53,0,8521,1.64861680440262,24,-85,0.0073,47,2021-11-18 21:42:18.002314,751.400024414062,1.0412,2,"aoml_apex",1030.68475154096
"4903625",8,0,1,0.0511,1,0.0073,1,0.000373999995645136,3,133.183784013734,1,1.93986395964407,801.859985351562,1,6.91970014572144,34.9001998901367,0.0511000007390976,0,0.000373999995645136,127.512603759766,-84.5446,24.2497,26.3491363282251,53,52,53,51,53,53,0,8521,1.64861680440262,24,-85,0.0073,47,2021-11-18 21:42:18.002314,801.859985351562,1.0412,2,"aoml_apex",1031.00013279641
"4903625",8,0,1,0.0438,1,0,1,0.000361000013072044,3,140.274203429044,1,1.93930125761949,851.549987792969,1,6.42770004272461,34.8992004394531,0.0438000001013279,0,0.000361000013072044,134.30110168457,-84.5446,24.2497,26.3491363282251,53,52,53,51,53,53,0,8521,1.64861680440262,24,-85,0.0073,47,2021-11-18 21:42:18.002314,851.549987792969,1.0412,2,"aoml_apex",1031.29928480272
"4903625",8,0,1,0.0438,1,0,1,0.000478000001749024,3,148.031620250347,1,1.93876863456295,901.320007324219,1,6.06780004501343,34.9047012329102,0.0438000001013279,0,0.000478000001749024,141.72819519043,-84.5446,24.2497,26.3491363282251,53,52,53,51,53,53,0,8521,1.64861680440262,24,-85,0.0073,47,2021-11-18 21:42:18.002314,901.320007324219,1.0412,2,"aoml_apex",1031.58260575577
"4903625",8,0,1,0.0511,1,0.0073,1,0.000384000013582408,3,155.110564715659,1,1.93825300037558,951.77001953125,1,5.78130006790161,34.9096984863281,0.0511000007390976,0,0.000384000013582408,148.505706787109,-84.5446,24.2497,26.3491363282251,53,52,53,51,53,53,0,8521,1.64861680440262,24,-85,0.0073,47,2021-11-18 21:42:18.002314,951.77001953125,1.0412,2,"aoml_apex",1031.85703807112
"4903625",8,0,1,0.0438,1,0,1,0.000395000010030344,3,162.039187336014,1,1.93777007393019,999.880004882812,1,5.54250001907349,34.915599822998,0.0438000001013279,0,0.000395000010030344,155.139297485352,-84.5446,24.2497,26.3491363282251,53,52,53,51,53,53,0,8521,1.64861680440262,24,-85,0.0073,47,2021-11-18 21:42:18.002314,999.880004882812,1.0412,2,"aoml_apex",1032.11419502603
"4903625",8,0,1,0.0511,1,0.0073,1,0.000358999997843057,3,176.210001522816,1,1.93677893077945,1099.97998046875,1,5.10230016708374,34.9306983947754,0.0511000007390976,0,0.000358999997843057,168.706695556641,-84.5446,24.2497,26.3491363282251,53,52,53,51,53,53,0,8521,1.64861680440262,24,-85,0.0073,47,2021-11-18 21:42:18.002314,1099.97998046875,1.0412,2,"aoml_apex",1032.64237761772
"4903625",8,0,1,0.0365,1,-0.0073,1,0.000311000010697171,3,187.371796946709,1,1.93584192825236,1198.82995605469,1,4.79869985580444,34.942798614502,0.0364999994635582,0,0.000311000010697171,179.393203735352,-84.5446,24.2497,26.3491363282251,53,52,53,51,53,53,0,8521,1.64861680440262,24,-85,0.0073,47,2021-11-18 21:42:18.002314,1198.82995605469,1.0412,2,"aoml_apex",1033.14220588535
"4903625",8,0,1,0.0438,1,0,1,0.00032299998565577,3,195.797996166228,1,1.93490541512209,1300.06005859375,1,4.5556001663208,34.9530982971191,0.0438000001013279,0,0.00032299998565577,187.460601806641,-84.5446,24.2497,26.3491363282251,53,52,53,51,53,53,0,8521,1.64861680440262,24,-85,0.0073,47,2021-11-18 21:42:18.002314,1300.06005859375,1.0412,2,"aoml_apex",1033.64225680965
"4903625",8,0,1,0.0438,1,0,1,0.000299000006634742,3,200.731682792209,1,1.93403051627595,1399.28002929688,1,4.44360017776489,34.9580001831055,0.0438000001013279,0,0.000299000006634742,192.184204101562,-84.5446,24.2497,26.3491363282251,53,52,53,51,53,53,0,8521,1.64861680440262,24,-85,0.0073,47,2021-11-18 21:42:18.002314,1399.28002929688,1.0412,2,"aoml_apex",1034.10984633845
"4903625",8,0,1,0.0438,1,0,1,0.000299000006634742,3,205.431503562284,1,1.93315695140853,1499.56005859375,1,4.3600001335144,34.9623985290527,0.0438000001013279,0,0.000299000006634742,196.683898925781,-84.5446,24.2497,26.3491363282251,53,52,53,51,53,53,0,8521,1.64861680440262,24,-85,0.0073,47,2021-11-18 21:42:18.002314,1499.56005859375,1.0412,2,"aoml_apex",1034.57714519391
"4903625",8,0,1,0.0438,1,0,1,0.000274999998509884,3,208.367736079866,1,1.93230897842706,1599.02001953125,1,4.32690000534058,34.9648017883301,0.0438000001013279,0,0.000274999998509884,199.495101928711,-84.5446,24.2497,26.3491363282251,53,52,53,51,53,53,0,8521,1.64861680440262,24,-85,0.0073,47,2021-11-18 21:42:18.002314,1599.02001953125,1.0412,2,"aoml_apex",1035.03115823021
"4903625",8,0,1,0.0511,1,0.0073,1,0.000274999998509884,3,209.393724109024,1,1.93145734158036,1699.93994140625,1,4.31020021438599,34.9659996032715,0.0511000007390976,0,0.000274999998509884,200.477401733398,-84.5446,24.2497,26.3491363282251,53,52,53,51,53,53,0,8521,1.64861680440262,24,-85,0.0073,47,2021-11-18 21:42:18.002314,1699.93994140625,1.0412,2,"aoml_apex",1035.48753417642
"4903625",8,0,1,0.0511,1,0.0073,1,0.000299000006634742,3,210.445610462827,1,1.93061818881194,1799.94995117188,1,4.30130004882812,34.9669990539551,0.0511000007390976,0,0.000299000006634742,201.484497070312,-84.5446,24.2497,26.3491363282251,53,52,53,51,53,53,0,8521,1.64861680440262,24,-85,0.0073,47,2021-11-18 21:42:18.002314,1799.94995117188,1.0412,2,"aoml_apex",1035.93761396745
"4903625",8,0,1,0.0438,1,0,1,0.000262999994447455,3,210.667140747487,1,1.92978581142908,1899.63000488281,1,4.29449987411499,34.9673004150391,0.0438000001013279,0,0.000262999994447455,201.696594238281,-84.5446,24.2497,26.3491363282251,53,52,53,51,53,53,0,8521,1.64861680440262,24,-85,0.0073,47,2021-11-18 21:42:18.002314,1899.63000488281,1.0412,2,"aoml_apex",1036.38444647851
"4903625",9,0.0463303471255012,1,0.1168,1,0.073,1,0.000538999971468002,3,195.524697268435,1,1.95406741933328,7.75,1,27.5069999694824,36.2193984985352,0.116800002753735,0.0876000002026558,0.000538999971468002,187.147094726562,-84.2948,24.2263,46.0591693041578,53,52,53,51,53,53,0.073,8522,1.57564111924858,24,-84,0.0073,47,2021-11-23 23:30:36.002511,7.75,1.0412,2,"aoml_apex",1023.50613914969
"4903625",9,0.0509633818380513,1,0.1241,1,0.0803,1,0.000645000021904707,3,195.504961263427,1,1.95402725101404,11.6099996566772,1,27.4908008575439,36.2183990478516,0.124099999666214,0.0948999971151352,0.000645000021904707,187.128204345703,-84.2948,24.2263,46.0591693041578,53,52,53,51,53,53,0.0803,8522,1.57564111924858,24,-84,0.0073,47,2021-11-23 23:30:36.002511,11.6099996566772,1.0412,2,"aoml_apex",1023.52717904119
"4903625",9,0.041697312412951,1,0.1095,1,0.0657,1,0.000526999996509403,3,195.469857319139,1,1.95399739997146,16.3299999237061,1,27.5062999725342,36.2190017700195,0.109499998390675,0.0803000032901764,0.000526999996509403,187.094604492188,-84.2948,24.2263,46.0591693041578,53,52,53,51,53,53,0.0657,8522,1.57564111924858,24,-84,0.0073,47,2021-11-23 23:30:36.002511,16.3299999237061,1.0412,2,"aoml_apex",1023.54281537386
"4903625",9,0.0509633818380513,1,0.1241,1,0.0803,1,0.00049200002104044,3,195.393591529188,1,1.9539551049132,21.5799999237061,1,27.5123996734619,36.2211990356445,0.124099999666214,0.0948999971151352,0.00049200002104044,187.021606445312,-84.2948,24.2263,46.0591693041578,53,52,53,51,53,53,0.0803,8522,1.57564111924858,24,-84,0.0073,47,2021-11-23 23:30:36.002511,21.5799999237061,1.0412,2,"aoml_apex",1023.56497084863
"4903625",9,0.0463303471255012,1,0.1168,1,0.073,1,0.000561999971978366,3,195.397863943842,1,1.95391081798201,26.7600002288818,1,27.5088005065918,36.2210006713867,0.116800002753735,0.0876000002026558,0.000561999971978366,187.025695800781,-84.2948,24.2263,46.0591693041578,53,52,53,51,53,53,0.073,8522,1.57564111924858,24,-84,0.0073,47,2021-11-23 23:30:36.002511,26.7600002288818,1.0412,2,"aoml_apex",1023.58817075673
"4903625",9,0.0555964165506014,1,0.1314,1,0.0876,1,0.000551000004634261,3,195.315333008521,1,1.95387433101874,31.3600006103516,1,27.5084991455078,36.220100402832,0.131400004029274,0.102200001478195,0.000551000004634261,186.946701049805,-84.2948,24.2263,46.0591693041578,53,52,53,51,53,53,0.0876,8522,1.57564111924858,24,-84,0.0073,47,2021-11-23 23:30:36.002511,31.3600006103516,1.0412,2,"aoml_apex",1023.60728540674
"4903625",9,0.041697312412951,1,0.1095,1,0.0657,1,0.000515000021550804,3,195.260477117379,1,1.95383155307625,36.2099990844727,1,27.5069007873535,36.2215995788574,0.109499998390675,0.0803000032901764,0.000515000021550804,186.894195556641,-84.2948,24.2263,46.0591693041578,53,52,53,51,53,53,0.0657,8522,1.57564111924858,24,-84,0.0073,47,2021-11-23 23:30:36.002511,36.2099990844727,1.0412,2,"aoml_apex",1023.62969665991
"4903625",9,0.0648624859757016,1,0.146,1,0.1022,1,0.000526999996509403,3,194.897640708664,1,1.95378221246641,41.7400016784668,1,27.5133991241455,36.2272987365723,0.145999997854233,0.116800002753735,0.000526999996509403,186.546905517578,-84.2948,24.2263,46.0591693041578,53,52,53,51,53,53,0.1022,8522,1.57564111924858,24,-84,0.0073,47,2021-11-23 23:30:36.002511,41.7400016784668,1.0412,2,"aoml_apex",1023.65554729626
"4903625",9,0.0880276595384522,1,0.1825,1,0.1387,1,0.000551000004634261,3,194.206529812767,1,1.95371678722852,46.3600006103516,1,27.5062999725342,36.2434997558594,0.182500004768372,0.153300002217293,0.000551000004634261,185.885406494141,-84.2948,24.2263,46.0591693041578,53,52,53,51,53,53,0.1387,8522,1.57564111924858,24,-84,0.0073,47,2021-11-23 23:30:36.002511,46.3600006103516,1.0412,2,"aoml_apex",1023.68982703841
"4903625",9,0.106559798388653,1,0.2117,1,0.1679,1,0.000574000005144626,3,193.747356830332,1,1.95342916396386,51.4799995422363,1,27.361400604248,36.3521003723145,0.21170000731945,0.182500004768372,0.000574000005144626,185.445907592773,-84.2948,24.2263,46.0591693041578,53,52,53,51,53,53,0.1679,8522,1.57564111924858,24,-84,0.0073,47,2021-11-23 23:30:36.002511,51.4799995422363,1.0412,2,"aoml_apex",1023.84055531435
"4903625",9,0.111192833101203,1,0.219,1,0.1752,1,0.000515000021550804,3,193.556373518539,1,1.95338052106937,56.7599983215332,1,27.3505992889404,36.3512992858887,0.218999996781349,0.18979999423027,0.000515000021550804,185.263107299805,-84.2948,24.2263,46.0591693041578,53,52,53,51,53,53,0.1752,8522,1.57564111924858,24,-84,0.0073,47,2021-11-23 23:30:36.002511,56.7599983215332,1.0412,2,"aoml_apex",1023.86605089372
"4903625",9,0.134358006663953,1,0.2555,1,0.2117,1,0.000585999980103225,3,193.379801635282,1,1.95332989698951,61.8199996948242,1,27.3281002044678,36.3480987548828,0.255499988794327,0.226300001144409,0.000585999980103225,185.094100952148,-84.2948,24.2263,46.0591693041578,53,52,53,51,53,53,0.2117,8522,1.57564111924858,24,-84,0.0073,47,2021-11-23 23:30:36.002511,61.8199996948242,1.0412,2,"aoml_apex",1023.89258623565
"4903625",9,0.166789249651804,1,0.3066,1,0.2628,1,0.000538999971468002,3,192.873919044871,1,1.95328522417989,66.3899993896484,1,27.3391990661621,36.3580017089844,0.306600004434586,0.277399986982346,0.000538999971468002,184.609893798828,-84.2948,24.2263,46.0591693041578,53,52,53,51,53,53,0.2628,8522,1.57564111924858,24,-84,0.0073,47,2021-11-23 23:30:36.002511,66.3899993896484,1.0412,2,"aoml_apex",1023.91600327583
"4903625",9,0.157523180226704,1,0.292,1,0.2482,1,0.000561999971978366,3,192.499062484479,1,1.95323820215358,71.6600036621094,1,27.3362007141113,36.3595008850098,0.291999995708466,0.262800008058548,0.000561999971978366,184.251098632812,-84.2948,24.2263,46.0591693041578,53,52,53,51,53,53,0.2482,8522,1.57564111924858,24,-84,0.0073,47,2021-11-23 23:30:36.002511,71.6600036621094,1.0412,2,"aoml_apex",1023.94065290903
"4903625",9,0.162156214939254,1,0.2993,1,0.2555,1,0.000515000021550804,3,192.162546063057,1,1.95319386793516,76.6900024414062,1,27.3208999633789,36.3552017211914,0.299299985170364,0.270099997520447,0.000515000021550804,183.929000854492,-84.2948,24.2263,46.0591693041578,53,52,53,51,53,53,0.2555,8522,1.57564111924858,24,-84,0.0073,47,2021-11-23 23:30:36.002511,76.6900024414062,1.0412,2,"aoml_apex",1023.9638946411
"4903625",9,0.162156214939254,1,0.2993,1,0.2555,1,0.000526999996509403,3,191.978561221538,1,1.95314889923037,81.6800003051758,1,27.3181991577148,36.3569984436035,0.299299985170364,0.270099997520447,0.000526999996509403,183.752899169922,-84.2948,24.2263,46.0591693041578,53,52,53,51,53,53,0.2555,8522,1.57564111924858,24,-84,0.0073,47,2021-11-23 23:30:36.002511,81.6800003051758,1.0412,2,"aoml_apex",1023.98747007363
"4903625",9,0.166789249651804,1,0.3066,1,0.2628,1,0.000655999989248812,3,191.852556872922,1,1.95309899639232,86.6699981689453,1,27.2873001098633,36.3501014709473,0.306600004434586,0.277399986982346,0.000655999989248812,183.632293701172,-84.2948,24.2263,46.0591693041578,53,52,53,51,53,53,0.2628,8522,1.57564111924858,24,-84,0.0073,47,2021-11-23 23:30:36.002511,86.6699981689453,1.0412,2,"aoml_apex",1024.01363356098
"4903625",9,0.148257110801604,1,0.2774,1,0.2336,1,0.000526999996509403,3,191.514270906625,1,1.9530538910582,91.8600006103516,1,27.2791004180908,36.3484992980957,0.277399986982346,0.248199999332428,0.000526999996509403,183.308502197266,-84.2948,24.2263,46.0591693041578,53,52,53,51,53,53,0.2336,8522,1.57564111924858,24,-84,0.0073,47,2021-11-23 23:30:36.002511,91.8600006103516,1.0412,2,"aoml_apex",1024.03728292226
"4903625",9,0.125091937238853,4,0.2409,1,0.1971,1,0.000526999996509403,3,191.3989316528,1,1.95299984790634,96.7699966430664,1,27.2490005493164,36.3452987670898,0.240899994969368,0.21170000731945,0.000526999996509403,183.198104858398,-84.2948,24.2263,46.0591693041578,53,52,53,51,53,53,0.1971,8522,1.57564111924858,24,-84,0.0073,47,2021-11-23 23:30:36.002511,96.7699966430664,1.0412,2,"aoml_apex",1024.06561994567
"4903625",9,0.125091937238853,4,0.2409,1,0.1971,1,0.000526999996509403,3,191.46934678537,1,1.95293448717453,101.870002746582,1,27.1716003417969,36.3286018371582,0.240899994969368,0.21170000731945,0.000526999996509403,183.265502929688,-84.2948,24.2263,46.0591693041578,53,52,53,51,53,53,0.1971,8522,1.57564111924858,24,-84,0.0073,47,2021-11-23 23:30:36.002511,101.870002746582,1.0412,2,"aoml_apex",1024.09989333209
"4903625",9,0.213119596777305,1,0.3796,1,0.3358,1,0.000502999988384545,3,178.061983518749,1,1.95247748782274,111.680000305176,1,26.8920001983643,36.4715003967285,0.379599988460541,0.350400000810623,0.000502999988384545,170.432601928711,-84.2948,24.2263,46.0591693041578,53,52,53,51,53,53,0.3358,8522,1.57564111924858,24,-84,0.0073,47,2021-11-23 23:30:36.002511,111.680000305176,1.0412,2,"aoml_apex",1024.33959544919
"4903625",9,0.185321388502005,1,0.3358,1,0.292,1,0.000538000022061169,3,166.385059780107,1,1.95148436563384,121.910003662109,1,25.9265003204346,36.6977005004883,0.335799992084503,0.306600004434586,0.000538000022061169,159.255996704102,-84.2948,24.2263,46.0591693041578,53,52,53,51,53,53,0.292,8522,1.57564111924858,24,-84,0.0073,47,2021-11-23 23:30:36.002511,121.910003662109,1.0412,2,"aoml_apex",1024.86088806066
"4903625",9,0.0694955206882517,1,0.1533,1,0.1095,1,0.000432000000728294,3,161.58665986777,1,1.95101324777663,131.479995727539,1,25.5128993988037,36.7997016906738,0.153300002217293,0.124099999666214,0.000432000000728294,154.663192749023,-84.2948,24.2263,46.0591693041578,53,52,53,51,53,53,0.1095,8522,1.57564111924858,24,-84,0.0073,47,2021-11-23 23:30:36.002511,131.479995727539,1.0412,2,"aoml_apex",1025.10836473263
"4903625",9,0.0138991041376503,1,0.0657,1,0.0219,1,0.000478000001749024,3,157.03797302688,1,1.95038244943882,141.639999389648,1,24.7455997467041,36.8672981262207,0.065700002014637,0.0364999994635582,0.000478000001749024,150.30940246582,-84.2948,24.2263,46.0591693041578,53,52,53,51,53,53,0.0219,8522,1.57564111924858,24,-84,0.0073,47,2021-11-23 23:30:36.002511,141.639999389648,1.0412,2,"aoml_apex",1025.43990824746
"4903625",9,0.0185321388502005,1,0.073,1,0.0292,1,0.000407999992603436,3,156.348743268779,1,1.94983548896152,151.729995727539,1,24.19580078125,36.9693984985352,0.0729999989271164,0.0438000001013279,0.000407999992603436,149.649703979492,-84.2948,24.2263,46.0591693041578,53,52,53,51,53,53,0.0292,8522,1.57564111924858,24,-84,0.0073,47,2021-11-23 23:30:36.002511,151.729995727539,1.0412,2,"aoml_apex",1025.72756077242
"4903625",9,0.0185321388502005,1,0.073,1,0.0292,1,0.000395999988541007,3,154.94938399283,1,1.94937687126369,162,1,23.6028003692627,36.9950981140137,0.0729999989271164,0.0438000001013279,0.000395999988541007,148.310302734375,-84.2948,24.2263,46.0591693041578,53,52,53,51,53,53,0.0292,8522,1.57564111924858,24,-84,0.0073,47,2021-11-23 23:30:36.002511,162,1.0412,2,"aoml_apex",1025.96887727692
"4903625",9,0.0277982082753007,1,0.0876,1,0.0438,1,0.000453999993624166,3,152.200292406676,1,1.94900727157716,171.740005493164,1,23.0564994812012,36.9836006164551,0.0876000002026558,0.0584000013768673,0.000453999993624166,145.679000854492,-84.2948,24.2263,46.0591693041578,53,52,53,51,53,53,0.0438,8522,1.57564111924858,24,-84,0.0073,47,2021-11-23 23:30:36.002511,171.740005493164,1.0412,2,"aoml_apex",1026.16343672314
"4903625",9,0.00463303471255012,1,0.0511,1,0.0073,1,0.000348000001395121,3,150.612659932708,1,1.94856527381883,181.690002441406,1,22.3279991149902,36.9550018310547,0.0511000007390976,0.0219000000506639,0.000348000001395121,144.159393310547,-84.2948,24.2263,46.0591693041578,53,52,53,51,53,53,0.0073,8522,1.57564111924858,24,-84,0.0073,47,2021-11-23 23:30:36.002511,181.690002441406,1.0412,2,"aoml_apex",1026.39620384919
"4903625",9,0.00463303471255012,1,0.0511,1,0.0073,1,0.00036000000545755,3,148.507363844337,1,1.94811340963296,191.740005493164,1,21.3990001678467,36.8641014099121,0.0511000007390976,0.0219000000506639,0.00036000000545755,142.144302368164,-84.2948,24.2263,46.0591693041578,53,52,53,51,53,53,0.0073,8522,1.57564111924858,24,-84,0.0073,47,2021-11-23 23:30:36.002511,191.740005493164,1.0412,2,"aoml_apex",1026.63427606959
"4903625",9,0,1,0.0438,1,0,1,0.000348000001395121,3,148.821306612211,1,1.94767106173873,201.5,1,20.3985996246338,36.7519989013672,0.0438000001013279,0.0146000003442168,0.000348000001395121,142.444793701172,-84.2948,24.2263,46.0591693041578,53,52,53,51,53,53,0,8522,1.57564111924858,24,-84,0.0073,47,2021-11-23 23:30:36.002511,201.5,1.0412,2,"aoml_apex",1026.86744147369
"4903625",9,-0.0138991041376503,1,0.0219,1,-0.0219,1,0.000348000001395121,3,152.284401584724,1,1.94744781919522,210.169998168945,1,20.0711994171143,36.7407989501953,0.0219000000506639,-0.00730000017210841,0.000348000001395121,145.759506225586,-84.2948,24.2263,46.0591693041578,53,52,53,51,53,53,-0.0219,8522,1.57564111924858,24,-84,0.0073,47,2021-11-23 23:30:36.002511,210.169998168945,1.0412,2,"aoml_apex",1026.98515476861
"4903625",9,0,1,0.0219,1,-0.0219,1,0.000300999992759898,3,156.231092447324,1,1.94718959458572,221.710006713867,1,19.5725002288818,36.6787986755371,0.0219000000506639,0,0.000300999992759898,149.537094116211,-84.2948,24.2263,46.0591693041578,53,52,53,51,53,53,0,8522,1.57564111924858,24,-84,0.0073,47,2021-11-23 23:30:36.002511,221.710006713867,1.0412,2,"aoml_apex",1027.12134738247
"4903625",9,0,1,0.0292,1,-0.0146,1,0.000323999993270263,3,157.728143353879,1,1.9469618375246,231.820007324219,1,19.1319999694824,36.6264991760254,0.0292000006884336,0,0.000323999993270263,150.970001220703,-84.2948,24.2263,46.0591693041578,53,52,53,51,53,53,0,8522,1.57564111924858,24,-84,0.0073,47,2021-11-23 23:30:36.002511,231.820007324219,1.0412,2,"aoml_apex",1027.24150081073
"4903625",9,0,1,0.0219,1,-0.0219,1,0.000371000001905486,3,157.693979978489,1,1.94678554705458,241.389999389648,1,18.8027992248535,36.5815010070801,0.0219000000506639,0,0.000371000001905486,150.937301635742,-84.2948,24.2263,46.0591693041578,53,52,53,51,53,53,0,8522,1.57564111924858,24,-84,0.0073,47,2021-11-23 23:30:36.002511,241.389999389648,1.0412,2,"aoml_apex",1027.33452229802
"4903625",9,0,1,0.0292,1,-0.0146,1,0.000311999989207834,3,155.692210236261,1,1.94661034088525,251.009994506836,1,18.4743995666504,36.5368995666504,0.0292000006884336,0,0.000311999989207834,149.021301269531,-84.2948,24.2263,46.0591693041578,53,52,53,51,53,53,0,8522,1.57564111924858,24,-84,0.0073,47,2021-11-23 23:30:36.002511,251.009994506836,1.0412,2,"aoml_apex",1027.42698833628
"4903625",9,0,1,0.0365,1,-0.0073,1,0.000346999993780628,3,155.110476343887,1,1.94648739839602,261.170013427734,1,18.3052997589111,36.5073013305664,0.0364999994635582,0,0.000346999993780628,148.464492797852,-84.2948,24.2263,46.0591693041578,53,52,53,51,53,53,0,8522,1.57564111924858,24,-84,0.0073,47,2021-11-23 23:30:36.002511,261.170013427734,1.0412,2,"aoml_apex",1027.49188186272
"4903625",9,0,1,0.0292,1,-0.0146,1,0.000323999993270263,3,153.340867700961,1,1.94633060015297,271.570007324219,1,18.0384006500244,36.467601776123,0.0292000006884336,0,0.000323999993270263,146.770706176758,-84.2948,24.2263,46.0591693041578,53,52,53,51,53,53,0,8522,1.57564111924858,24,-84,0.0073,47,2021-11-23 23:30:36.002511,271.570007324219,1.0412,2,"aoml_apex",1027.57465758531
"4903625",9,0,1,0.0292,1,-0.0146,1,0.000346999993780628,3,144.740560768905,1,1.94618629193509,281.570007324219,1,17.7812004089355,36.4254989624023,0.0292000006884336,0,0.000346999993780628,138.53889465332,-84.2948,24.2263,46.0591693041578,53,52,53,51,53,53,0,8522,1.57564111924858,24,-84,0.0073,47,2021-11-23 23:30:36.002511,281.570007324219,1.0412,2,"aoml_apex",1027.65085145647
"4903625",9,0,1,0.0438,1,0,1,0.000358999997843057,3,138.120103541205,1,1.9459947557813,291.399993896484,1,17.2210998535156,36.3198013305664,0.0438000001013279,0,0.000358999997843057,132.202102661133,-84.2948,24.2263,46.0591693041578,53,52,53,51,53,53,0,8522,1.57564111924858,24,-84,0.0073,47,2021-11-23 23:30:36.002511,291.399993896484,1.0412,2,"aoml_apex",1027.75199884699
"4903625",9,0,1,0.0292,1,-0.0146,1,0.000381999998353422,3,140.845888148909,1,1.94582448202749,301.399993896484,1,16.8528003692627,36.2625999450684,0.0292000006884336,0,0.000381999998353422,134.811096191406,-84.2948,24.2263,46.0591693041578,53,52,53,51,53,53,0,8522,1.57564111924858,24,-84,0.0073,47,2021-11-23 23:30:36.002511,301.399993896484,1.0412,2,"aoml_apex",1027.84193460042
"4903625",9,0,1,0.0292,1,-0.0146,1,0.000334999989718199,3,143.620167851309,1,1.94563277247538,311.420013427734,1,16.4468994140625,36.2098007202148,0.0292000006884336,0,0.000334999989718199,137.466506958008,-84.2948,24.2263,46.0591693041578,53,52,53,51,53,53,0,8522,1.57564111924858,24,-84,0.0073,47,2021-11-23 23:30:36.002511,311.420013427734,1.0412,2,"aoml_apex",1027.94321122349
"4903625",9,0,1,0.0292,1,-0.0146,1,0.000417000002926216,3,141.995024214348,1,1.94549021545312,321.799987792969,1,16.175199508667,36.1642990112305,0.0292000006884336,0,0.000417000002926216,135.910995483398,-84.2948,24.2263,46.0591693041578,53,52,53,51,53,53,0,8522,1.57564111924858,24,-84,0.0073,47,2021-11-23 23:30:36.002511,321.799987792969,1.0412,2,"aoml_apex",1028.01853441046
"4903625",9,0,1,0.0365,1,-0.0073,1,0.000334999989718199,3,139.339766332135,1,1.94535427516163,331.420013427734,1,15.9139995574951,36.1226005554199,0.0364999994635582,0,0.000334999989718199,133.369506835938,-84.2948,24.2263,46.0591693041578,53,52,53,51,53,53,0,8522,1.57564111924858,24,-84,0.0073,47,2021-11-23 23:30:36.002511,331.420013427734,1.0412,2,"aoml_apex",1028.09037178271
"4903625",9,0,1,0.0219,1,-0.0219,1,0.000392999994801357,3,132.734445886952,1,1.94517697747272,341.140014648438,1,15.4654998779297,36.0530014038086,0.0219000000506639,0,0.000392999994801357,127.047203063965,-84.2948,24.2263,46.0591693041578,53,52,53,51,53,53,0,8522,1.57564111924858,24,-84,0.0073,47,2021-11-23 23:30:36.002511,341.140014648438,1.0412,2,"aoml_apex",1028.18407947564
"4903625",9,0,1,0.0438,1,0,1,0.000464000011561438,3,126.115646611207,1,1.94503786254745,351.179992675781,1,15.0930004119873,35.9800987243652,0.0438000001013279,0,0.000464000011561438,120.71199798584,-84.2948,24.2263,46.0591693041578,53,52,53,51,53,53,0,8522,1.57564111924858,24,-84,0.0073,47,2021-11-23 23:30:36.002511,351.179992675781,1.0412,2,"aoml_apex",1028.25761827616
"4903625",9,0,1,0.0365,1,-0.0073,1,0.000404999998863786,3,127.336457215029,1,1.94486794320858,361.420013427734,1,14.6885995864868,35.9194984436035,0.0364999994635582,0,0.000404999998863786,121.880500793457,-84.2948,24.2263,46.0591693041578,53,52,53,51,53,53,0,8522,1.57564111924858,24,-84,0.0073,47,2021-11-23 23:30:36.002511,361.420013427734,1.0412,2,"aoml_apex",1028.3474551493
"4903625",9,0,1,0.0438,1,0,1,0.000403999991249293,3,121.808917133818,1,1.9445651134601,381.339996337891,1,13.8996000289917,35.7873001098633,0.0438000001013279,0,0.000403999991249293,116.589797973633,-84.2948,24.2263,46.0591693041578,53,52,53,51,53,53,0,8522,1.57564111924858,24,-84,0.0073,47,2021-11-23 23:30:36.002511,381.339996337891,1.0412,2,"aoml_apex",1028.50760108581
"4903625",9,0,1,0.0365,1,-0.0073,1,0.000403999991249293,3,119.860743876919,1,1.94425206237891,401.799987792969,1,13.0634002685547,35.6534004211426,0.0364999994635582,0,0.000403999991249293,114.72509765625,-84.2948,24.2263,46.0591693041578,53,52,53,51,53,53,0,8522,1.57564111924858,24,-84,0.0073,47,2021-11-23 23:30:36.002511,401.799987792969,1.0412,2,"aoml_apex",1028.67320482761
"4903625",9,0,1,0.0438,1,0,1,0.000449999992270023,3,119.29542211472,1,1.94362901613185,451.140014648438,1,11.7474002838135,35.4500007629395,0.0438000001013279,0,0.000449999992270023,114.18399810791,-84.2948,24.2263,46.0591693041578,53,52,53,51,53,53,0,8522,1.57564111924858,24,-84,0.0073,47,2021-11-23 23:30:36.002511,451.140014648438,1.0412,2,"aoml_apex",1029.00295447345
"4903625",9,0,1,0.0438,1,0,1,0.000377999996999279,3,116.555943461538,1,1.94303712374845,501.359985351562,1,10.5701999664307,35.2734985351562,0.0438000001013279,0,0.000377999996999279,111.561897277832,-84.2948,24.2263,46.0591693041578,53,52,53,51,53,53,0,8522,1.57564111924858,24,-84,0.0073,47,2021-11-23 23:30:36.002511,501.359985351562,1.0412,2,"aoml_apex",1029.31641169143
"4903625",9,0,1,0.0438,1,0,1,0.000376999989384785,3,116.131770801394,1,1.94248152034146,551.369995117188,1,9.64780044555664,35.1474990844727,0.0438000001013279,0,0.000376999989384785,111.155899047852,-84.2948,24.2263,46.0591693041578,53,52,53,51,53,53,0,8522,1.57564111924858,24,-84,0.0073,47,2021-11-23 23:30:36.002511,551.369995117188,1.0412,2,"aoml_apex",1029.61082463654
"4903625",9,0,1,0.0438,1,0,1,0.000411999993957579,3,118.186507326046,1,1.94192119811801,601.130004882812,1,8.7455997467041,35.0401000976562,0.0438000001013279,0,0.000411999993957579,113.122596740723,-84.2948,24.2263,46.0591693041578,53,52,53,51,53,53,0,8522,1.57564111924858,24,-84,0.0073,47,2021-11-23 23:30:36.002511,601.130004882812,1.0412,2,"aoml_apex",1029.90790869283
"4903625",9,0,1,0.0511,1,0.0073,1,0.000339999998686835,3,119.036948999047,1,1.9413792459297,651.039978027344,1,8.11509990692139,34.9854011535645,0.0511000007390976,0,0.000339999998686835,113.936599731445,-84.2948,24.2263,46.0591693041578,53,52,53,51,53,53,0,8522,1.57564111924858,24,-84,0.0073,47,2021-11-23 23:30:36.002511,651.039978027344,1.0412,2,"aoml_apex",1030.19541606474
"4903625",9,0,1,0.0438,1,0,1,0.000398000003769994,3,130.610226827705,1,1.94076372114802,701.780029296875,1,7.15910005569458,34.9143981933594,0.0438000001013279,0,0.000398000003769994,125.013999938965,-84.2948,24.2263,46.0591693041578,53,52,53,51,53,53,0,8522,1.57564111924858,24,-84,0.0073,47,2021-11-23 23:30:36.002511,701.780029296875,1.0412,2,"aoml_apex",1030.52214868121
"4903625",9,0,1,0.0438,1,0,1,0.00032600000849925,3,138.957576522709,1,1.94018943195848,751.109985351562,1,6.55859994888306,34.9015007019043,0.0438000001013279,0,0.00032600000849925,133.003692626953,-84.2948,24.2263,46.0591693041578,53,52,53,51,53,53,0,8522,1.57564111924858,24,-84,0.0073,47,2021-11-23 23:30:36.002511,751.109985351562,1.0412,2,"aoml_apex",1030.82717958171
"4903625",9,0,1,0.0438,1,0,1,0.000467000005301088,3,146.200833837372,1,1.9396368942767,801,1,6.11310005187988,34.9033012390137,0.0438000001013279,0,0.000467000005301088,139.936599731445,-84.2948,24.2263,46.0591693041578,53,52,53,51,53,53,0,8522,1.57564111924858,24,-84,0.0073,47,2021-11-23 23:30:36.002511,801,1.0412,2,"aoml_apex",1031.12082777009
"4903625",9,0,1,0.0438,1,0,1,0.000478000001749024,3,154.326281010799,1,1.93910807187391,851.25,1,5.78030014038086,34.9095993041992,0.0438000001013279,0,0.000478000001749024,147.713897705078,-84.2948,24.2263,46.0591693041578,53,52,53,51,53,53,0,8522,1.57564111924858,24,-84,0.0073,47,2021-11-23 23:30:36.002511,851.25,1.0412,2,"aoml_apex",1031.40202911292
"4903625",9,0,1,0.0511,1,0.0073,1,0.00036000000545755,3,160.942673067838,1,1.93860521272933,901.150024414062,1,5.53450012207031,34.9171981811523,0.0511000007390976,0,0.00036000000545755,154.046798706055,-84.2948,24.2263,46.0591693041578,53,52,53,51,53,53,0,8522,1.57564111924858,24,-84,0.0073,47,2021-11-23 23:30:36.002511,901.150024414062,1.0412,2,"aoml_apex",1031.66956679345
"4903625",9,0,1,0.0438,1,0,1,0.000323999993270263,3,166.988729652199,1,1.93811706128854,951.030029296875,1,5.32829999923706,34.9226989746094,0.0438000001013279,0,0.000323999993270263,159.833801269531,-84.2948,24.2263,46.0591693041578,53,52,53,51,53,53,0,8522,1.57564111924858,24,-84,0.0073,47,2021-11-23 23:30:36.002511,951.030029296875,1.0412,2,"aoml_apex",1031.92941228757
"4903625",9,0,1,0.0438,1,0,1,0.000358999997843057,3,173.020055971108,1,1.93766012857451,997.369995117188,1,5.13259983062744,34.9297981262207,0.0438000001013279,0,0.000358999997843057,165.606704711914,-84.2948,24.2263,46.0591693041578,53,52,53,51,53,53,0,8522,1.57564111924858,24,-84,0.0073,47,2021-11-23 23:30:36.002511,997.369995117188,1.0412,2,"aoml_apex",1032.17275852776
"4903625",9,0,1,0.0438,1,0,1,0.000357999990228564,3,186.277183283611,1,1.93669200807174,1099.39001464844,1,4.82240009307861,34.9426002502441,0.0438000001013279,0,0.000357999990228564,178.295806884766,-84.2948,24.2263,46.0591693041578,53,52,53,51,53,53,0,8522,1.57564111924858,24,-84,0.0073,47,2021-11-23 23:30:36.002511,1099.39001464844,1.0412,2,"aoml_apex",1032.68872472464
"4903625",9,0,1,0.0438,1,0,1,0.000805000017862767,3,198.501757248466,1,1.93575021484549,1199.25,1,4.52880001068115,34.9542999267578,0.0438000001013279,0,0.000805000017862767,189.996597290039,-84.2948,24.2263,46.0591693041578,53,52,53,51,53,53,0,8522,1.57564111924858,24,-84,0.0073,47,2021-11-23 23:30:36.002511,1199.25,1.0412,2,"aoml_apex",1033.1911548617
"4903625",9,0,1,0.0438,1,0,1,0.000287000002572313,3,203.327640902833,1,1.9348651099971,1298.96997070312,1,4.40439987182617,34.9595985412598,0.0438000001013279,0,0.000287000002572313,194.615707397461,-84.2948,24.2263,46.0591693041578,53,52,53,51,53,53,0,8522,1.57564111924858,24,-84,0.0073,47,2021-11-23 23:30:36.002511,1298.96997070312,1.0412,2,"aoml_apex",1033.66378858472
"4903625",9,0,1,0.0438,1,0,1,0.000299000006634742,3,206.913790982502,1,1.9339892104545,1400.05004882812,1,4.34390020370483,34.9636001586914,0.0438000001013279,0,0.000299000006634742,198.048202514648,-84.2948,24.2263,46.0591693041578,53,52,53,51,53,53,0,8522,1.57564111924858,24,-84,0.0073,47,2021-11-23 23:30:36.002511,1400.05004882812,1.0412,2,"aoml_apex",1034.13193268539
"4903625",9,0,1,0.0438,1,0,1,0.000274999998509884,3,209.283211570854,1,1.93314117407931,1499.5400390625,1,4.31879997253418,34.9656982421875,0.0438000001013279,0,0.000274999998509884,200.316101074219,-84.2948,24.2263,46.0591693041578,53,52,53,51,53,53,0,8522,1.57564111924858,24,-84,0.0073,47,2021-11-23 23:30:36.002511,1499.5400390625,1.0412,2,"aoml_apex",1034.58558889396
"4903625",9,0,1,0.0438,1,0,1,0.000345999986166134,3,210.117448357676,1,1.93229359123041,1599.71997070312,1,4.30009984970093,34.9663009643555,0.0438000001013279,0,0.000345999986166134,201.114593505859,-84.2948,24.2263,46.0591693041578,53,52,53,51,53,53,0,8522,1.57564111924858,24,-84,0.0073,47,2021-11-23 23:30:36.002511,1599.71997070312,1.0412,2,"aoml_apex",1035.03940036694
"4903625",9,0,1,0.0438,1,0,1,0.000287000002572313,3,210.979280479448,1,1.93145291981961,1699.77001953125,1,4.29489994049072,34.967098236084,0.0438000001013279,0,0.000287000002572313,201.939498901367,-84.2948,24.2263,46.0591693041578,53,52,53,51,53,53,0,8522,1.57564111924858,24,-84,0.0073,47,2021-11-23 23:30:36.002511,1699.77001953125,1.0412,2,"aoml_apex",1035.48990476392
"4903625",9,0,1,0.0438,1,0,1,0.000262999994447455,3,211.747183246206,1,1.93061325695839,1800,1,4.2898998260498,34.9678993225098,0.0438000001013279,0,0.000262999994447455,202.674499511719,-84.2948,24.2263,46.0591693041578,53,52,53,51,53,53,0,8522,1.57564111924858,24,-84,0.0073,47,2021-11-23 23:30:36.002511,1800,1.0412,2,"aoml_apex",1035.94026032481
"4903625",9,0,1,0.0438,1,0,1,0.000322000007145107,3,212.843248907225,1,1.92978426695966,1899.47998046875,1,4.28980016708374,34.9682998657227,0.0438000001013279,0,0.000322000007145107,203.723602294922,-84.2948,24.2263,46.0591693041578,53,52,53,51,53,53,0,8522,1.57564111924858,24,-84,0.0073,47,2021-11-23 23:30:36.002511,1899.47998046875,1.0412,2,"aoml_apex",1036.38527593085
"4903625",10,0.0555964165506014,1,0.1314,1,0.0876,1,0.000549999997019768,3,194.794700735518,1,1.95392268697017,7.53000020980835,1,27.3675994873047,36.2612991333008,0.131400004029274,0.102200001478195,0.000549999997019768,186.39680480957,-84.2797,24.3833,43.6149197241426,53,52,53,51,53,53,0.0876,8522,1.57564111924858,24,-84,0.0073,47,2021-11-29 01:11:31.000123,7.53000020980835,1.0412,2,"aoml_apex",1023.58195303074
"4903625",10,0.0602294512631515,1,0.1387,1,0.0949,1,0.000549999997019768,3,194.799612182501,1,1.95389247315401,11.3199996948242,1,27.3684005737305,36.261100769043,0.138699993491173,0.109499998390675,0.000549999997019768,186.401504516602,-84.2797,24.3833,43.6149197241426,53,52,53,51,53,53,0.0949,8522,1.57564111924858,24,-84,0.0073,47,2021-11-29 01:11:31.000123,11.3199996948242,1.0412,2,"aoml_apex",1023.59778108545
"4903625",10,0.0648624859757016,1,0.146,1,0.1022,1,0.000526999996509403,3,194.796375092444,1,1.95385096356006,16.4500007629395,1,27.369800567627,36.2613983154297,0.145999997854233,0.116800002753735,0.000526999996509403,186.398406982422,-84.2797,24.3833,43.6149197241426,53,52,53,51,53,53,0.1022,8522,1.57564111924858,24,-84,0.0073,47,2021-11-29 01:11:31.000123,16.4500007629395,1.0412,2,"aoml_apex",1023.61952743614
"4903625",10,0.0694955206882517,1,0.1533,1,0.1095,1,0.000502999988384545,3,194.692596855535,1,1.95381021047956,21.4799995422363,1,27.3703994750977,36.2613983154297,0.153300002217293,0.124099999666214,0.000502999988384545,186.299102783203,-84.2797,24.3833,43.6149197241426,53,52,53,51,53,53,0.1095,8522,1.57564111924858,24,-84,0.0073,47,2021-11-29 01:11:31.000123,21.4799995422363,1.0412,2,"aoml_apex",1023.64087835794
"4903625",10,0.078761590113352,1,0.1679,1,0.1241,1,0.000538999971468002,3,194.713390773932,1,1.95376959184206,26.3600006103516,1,27.3675994873047,36.2607002258301,0.167899996042252,0.138699993491173,0.000538999971468002,186.319000244141,-84.2797,24.3833,43.6149197241426,53,52,53,51,53,53,0.1241,8522,1.57564111924858,24,-84,0.0073,47,2021-11-29 01:11:31.000123,26.3600006103516,1.0412,2,"aoml_apex",1023.66215973008
"4903625",10,0.0833946248259021,1,0.1752,1,0.1314,1,0.000655999989248812,3,194.626340160028,1,1.95372570495527,31.8099994659424,1,27.3668003082275,36.2598991394043,0.175200000405312,0.145999997854233,0.000655999989248812,186.235702514648,-84.2797,24.3833,43.6149197241426,53,52,53,51,53,53,0.1314,8522,1.57564111924858,24,-84,0.0073,47,2021-11-29 01:11:31.000123,31.8099994659424,1.0412,2,"aoml_apex",1023.68515443461
"4903625",10,0.0833946248259021,1,0.1752,1,0.1314,1,0.000598000013269484,3,194.540852279256,1,1.95368147003302,36.8899993896484,1,27.3631000518799,36.2602005004883,0.175200000405312,0.145999997854233,0.000598000013269484,186.153900146484,-84.2797,24.3833,43.6149197241426,53,52,53,51,53,53,0.1314,8522,1.57564111924858,24,-84,0.0073,47,2021-11-29 01:11:31.000123,36.8899993896484,1.0412,2,"aoml_apex",1023.70833253908
"4903625",10,0.0926606942510023,1,0.1898,1,0.146,1,0.000598000013269484,3,194.3338220319,1,1.95362429509493,41.9700012207031,1,27.3523998260498,36.2664985656738,0.18979999423027,0.160600006580353,0.000598000013269484,185.955795288086,-84.2797,24.3833,43.6149197241426,53,52,53,51,53,53,0.146,8522,1.57564111924858,24,-84,0.0073,47,2021-11-29 01:11:31.000123,41.9700012207031,1.0412,2,"aoml_apex",1023.73829247594
"4903625",10,0.115825867813753,1,0.2263,1,0.1825,1,0.000655999989248812,3,194.613280176004,1,1.95349822759962,46.5699996948242,1,27.2700996398926,36.2927017211914,0.226300001144409,0.19709999859333,0.000655999989248812,186.223205566406,-84.2797,24.3833,43.6149197241426,53,52,53,51,53,53,0.1825,8522,1.57564111924858,24,-84,0.0073,47,2021-11-29 01:11:31.000123,46.5699996948242,1.0412,2,"aoml_apex",1023.80435863386
"4903625",10,0.120458902526303,1,0.2336,1,0.1898,1,0.000632999988738447,3,194.584529075644,1,1.95337587859429,51.5200004577637,1,27.1347999572754,36.2916984558105,0.233600005507469,0.20440000295639,0.000632999988738447,186.195693969727,-84.2797,24.3833,43.6149197241426,53,52,53,51,53,53,0.1898,8522,1.57564111924858,24,-84,0.0073,47,2021-11-29 01:11:31.000123,51.5200004577637,1.0412,2,"aoml_apex",1023.86848425673
"4903625",10,0.134358006663953,1,0.2555,1,0.2117,1,0.000585999980103225,3,194.557468278466,1,1.95332664125458,56.6500015258789,1,27.1298999786377,36.2947006225586,0.255499988794327,0.226300001144409,0.000585999980103225,186.169799804688,-84.2797,24.3833,43.6149197241426,53,52,53,51,53,53,0.2117,8522,1.57564111924858,24,-84,0.0073,47,2021-11-29 01:11:31.000123,56.6500015258789,1.0412,2,"aoml_apex",1023.89429282316
"4903625",10,0.152890145514154,1,0.2847,1,0.2409,1,0.000655999989248812,3,194.411272999427,1,1.95327791138499,61.7000007629395,1,27.118200302124,36.2948989868164,0.284700006246567,0.255499988794327,0.000655999989248812,186.029907226562,-84.2797,24.3833,43.6149197241426,53,52,53,51,53,53,0.2409,8522,1.57564111924858,24,-84,0.0073,47,2021-11-29 01:11:31.000123,61.7000007629395,1.0412,2,"aoml_apex",1023.91983667182
"4903625",10,0.176055319076904,1,0.3212,1,0.2774,1,0.000597000005654991,3,194.232882228637,1,1.95322045238256,66.7099990844727,1,27.0905990600586,36.2946014404297,0.321200013160706,0.291999995708466,0.000597000005654991,185.85920715332,-84.2797,24.3833,43.6149197241426,53,52,53,51,53,53,0.2774,8522,1.57564111924858,24,-84,0.0073,47,2021-11-29 01:11:31.000123,66.7099990844727,1.0412,2,"aoml_apex",1023.94995790689
"4903625",10,0.152890145514154,1,0.2847,1,0.2409,1,0.000549999997019768,3,193.91433981,1,1.95317480930541,71.8199996948242,1,27.0853996276855,36.2951011657715,0.284700006246567,0.255499988794327,0.000549999997019768,185.554397583008,-84.2797,24.3833,43.6149197241426,53,52,53,51,53,53,0.2409,8522,1.57564111924858,24,-84,0.0073,47,2021-11-29 01:11:31.000123,71.8199996948242,1.0412,2,"aoml_apex",1023.97388624485
"4903625",10,0.152890145514154,4,0.2847,1,0.2409,1,0.000526999996509403,3,193.457033067825,1,1.953133412848,76.75,1,27.0818996429443,36.2943992614746,0.284700006246567,0.255499988794327,0.000526999996509403,185.116806030273,-84.2797,24.3833,43.6149197241426,53,52,53,51,53,53,0.2409,8522,1.57564111924858,24,-84,0.0073,47,2021-11-29 01:11:31.000123,76.75,1.0412,2,"aoml_apex",1023.99558926375
"4903625",10,0.166789249651804,1,0.3066,1,0.2628,1,0.00109100004192442,3,192.562878630487,1,1.95308166606139,81.5,1,27.0601005554199,36.2941017150879,0.306600004434586,0.277399986982346,0.00109100004192442,184.261199951172,-84.2797,24.3833,43.6149197241426,53,52,53,51,53,53,0.2628,8522,1.57564111924858,24,-84,0.0073,47,2021-11-29 01:11:31.000123,81.5,1.0412,2,"aoml_apex",1024.02271996809
"4903625",10,0.208486562064755,1,0.3723,1,0.3285,1,0.000927000015508384,3,187.908724494742,1,1.95298228067447,86.9499969482422,1,27.020299911499,36.315299987793,0.372299998998642,0.343100011348724,0.000927000015508384,179.807693481445,-84.2797,24.3833,43.6149197241426,53,52,53,51,53,53,0.3285,8522,1.57564111924858,24,-84,0.0073,47,2021-11-29 01:11:31.000123,86.9499969482422,1.0412,2,"aoml_apex",1024.07483149785
"4903625",10,0.264082978615357,1,0.4599,1,0.4161,1,0.000655999989248812,3,179.97102885675,1,1.95260018319631,91.9700012207031,1,26.8509006500244,36.4804992675781,0.459899991750717,0.4307000041008,0.000655999989248812,172.212203979492,-84.2797,24.3833,43.6149197241426,53,52,53,51,53,53,0.4161,8522,1.57564111924858,24,-84,0.0073,47,2021-11-29 01:11:31.000123,91.9700012207031,1.0412,2,"aoml_apex",1024.27522910814
"4903625",10,0.101926763676103,1,0.2044,1,0.1606,1,0.000491000013425946,3,192.740647497276,1,1.95225543047616,96.6999969482422,1,26.2192001342773,36.426700592041,0.20440000295639,0.175200000405312,0.000491000013425946,184.431304931641,-84.2797,24.3833,43.6149197241426,53,52,53,51,53,53,0.1606,8522,1.57564111924858,24,-84,0.0073,47,2021-11-29 01:11:31.000123,96.6999969482422,1.0412,2,"aoml_apex",1024.45610793471
"4903625",10,0.0741285554008019,1,0.1606,1,0.1168,1,0.000502999988384545,3,195.615279145643,1,1.95207456841609,101.819999694824,1,25.7502994537354,36.3280982971191,0.160600006580353,0.131400004029274,0.000502999988384545,187.182006835938,-84.2797,24.3833,43.6149197241426,53,52,53,51,53,53,0.1168,8522,1.57564111924858,24,-84,0.0073,47,2021-11-29 01:11:31.000123,101.819999694824,1.0412,2,"aoml_apex",1024.55102502708
"4903625",10,0.0648624859757016,4,0.146,1,0.1022,1,0.000608999980613589,3,196.045413466845,1,1.95186118114749,111.790000915527,1,25.5692005157471,36.3450012207031,0.145999997854233,0.116800002753735,0.000608999980613589,187.593597412109,-84.2797,24.3833,43.6149197241426,53,52,53,51,53,53,0.1022,8522,1.57564111924858,24,-84,0.0073,47,2021-11-29 01:11:31.000123,111.790000915527,1.0412,2,"aoml_apex",1024.6630340915
"4903625",10,0.078761590113352,1,0.1679,1,0.1241,1,0.000501999980770051,3,178.113752422973,1,1.95073199496212,121.819999694824,1,24.3474006652832,36.5769004821777,0.167899996042252,0.138699993491173,0.000501999980770051,170.434997558594,-84.2797,24.3833,43.6149197241426,53,52,53,51,53,53,0.1241,8522,1.57564111924858,24,-84,0.0073,47,2021-11-29 01:11:31.000123,121.819999694824,1.0412,2,"aoml_apex",1025.25616289942
"4903625",10,0.0648624859757016,1,0.146,1,0.1022,1,0.000783999974373728,3,162.454975094462,1,1.94976037057929,131.610000610352,1,22.9573001861572,36.6507987976074,0.145999997854233,0.116800002753735,0.000783999974373728,155.451293945312,-84.2797,24.3833,43.6149197241426,53,52,53,51,53,53,0.1022,8522,1.57564111924858,24,-84,0.0073,47,2021-11-29 01:11:31.000123,131.610000610352,1.0412,2,"aoml_apex",1025.76707895944
"4903625",10,0.078761590113352,1,0.1679,1,0.1241,1,0.000384000013582408,3,150.342804660685,1,1.94917286657741,141.669998168945,1,21.5484008789062,36.4701995849609,0.167899996042252,0.138699993491173,0.000384000013582408,143.861297607422,-84.2797,24.3833,43.6149197241426,53,52,53,51,53,53,0.1241,8522,1.57564111924858,24,-84,0.0073,47,2021-11-29 01:11:31.000123,141.669998168945,1.0412,2,"aoml_apex",1026.07625741879
"4903625",10,0.00463303471255012,1,0.0511,1,0.0073,1,0.000312999996822327,3,150.483992815201,1,1.94863978312402,151.619995117188,1,21.8852996826172,36.9077987670898,0.0511000007390976,0.0219000000506639,0.000312999996822327,143.996398925781,-84.2797,24.3833,43.6149197241426,53,52,53,51,53,53,0.0073,8522,1.57564111924858,24,-84,0.0073,47,2021-11-29 01:11:31.000123,151.619995117188,1.0412,2,"aoml_apex",1026.35695797693
"4903625",10,-0.00463303471255012,1,0.0365,1,-0.0073,1,0.000312999996822327,3,150.869413833346,1,1.94836108039814,161.690002441406,1,21.4841995239258,36.8947982788086,0.0364999994635582,0.00730000017210841,0.000312999996822327,144.365203857422,-84.2797,24.3833,43.6149197241426,53,52,53,51,53,53,-0.0073,8522,1.57564111924858,24,-84,0.0073,47,2021-11-29 01:11:31.000123,161.690002441406,1.0412,2,"aoml_apex",1026.50377289989
"4903625",10,0.00463303471255012,1,0.0511,1,0.0073,1,0.000348000001395121,3,146.63882416115,1,1.94810753515576,171.289993286133,1,20.9489002227783,36.8199005126953,0.0511000007390976,0.0219000000506639,0.000348000001395121,140.317001342773,-84.2797,24.3833,43.6149197241426,53,52,53,51,53,53,0.0073,8522,1.57564111924858,24,-84,0.0073,47,2021-11-29 01:11:31.000123,171.289993286133,1.0412,2,"aoml_apex",1026.63737186361
"4903625",10,0.00463303471255012,1,0.0511,1,0.0073,1,0.000335999997332692,3,146.616244262031,1,1.94776085446842,181.460006713867,1,20.1858997344971,36.7282981872559,0.0511000007390976,0.0219000000506639,0.000335999997332692,140.295394897461,-84.2797,24.3833,43.6149197241426,53,52,53,51,53,53,0.0073,8522,1.57564111924858,24,-84,0.0073,47,2021-11-29 01:11:31.000123,181.460006713867,1.0412,2,"aoml_apex",1026.82010238153
"4903625",10,0,1,0.0438,1,0,1,0.000348000001395121,3,149.285312718636,1,1.94756540116904,191.660003662109,1,19.9437007904053,36.719898223877,0.0438000001013279,0.0146000003442168,0.000348000001395121,142.849395751953,-84.2797,24.3833,43.6149197241426,53,52,53,51,53,53,0,8522,1.57564111924858,24,-84,0.0073,47,2021-11-29 01:11:31.000123,191.660003662109,1.0412,2,"aoml_apex",1026.92315174602
"4903625",10,-0.00463303471255012,1,0.0365,1,-0.0073,1,0.000395000010030344,3,146.045448012776,1,1.9473840597431,201.009994506836,1,19.5732002258301,36.6624984741211,0.0364999994635582,0.00730000017210841,0.000395000010030344,139.749206542969,-84.2797,24.3833,43.6149197241426,53,52,53,51,53,53,-0.0073,8522,1.57564111924858,24,-84,0.0073,47,2021-11-29 01:11:31.000123,201.009994506836,1.0412,2,"aoml_apex",1027.018779369
"4903625",10,0,1,0.0438,1,0,1,0.000488999998196959,3,135.669729227732,1,1.9471207399973,211.320007324219,1,18.8090000152588,36.5234985351562,0.0438000001013279,0.0146000003442168,0.000488999998196959,129.82080078125,-84.2797,24.3833,43.6149197241426,53,52,53,51,53,53,0,8522,1.57564111924858,24,-84,0.0073,47,2021-11-29 01:11:31.000123,211.320007324219,1.0412,2,"aoml_apex",1027.15766871384
"4903625",10,0.0138991041376503,1,0.0657,1,0.0219,1,0.00040600000647828,3,132.189283350968,1,1.94687807003962,221.770004272461,1,18.2761001586914,36.4525985717773,0.065700002014637,0.0364999994635582,0.00040600000647828,126.49040222168,-84.2797,24.3833,43.6149197241426,53,52,53,51,53,53,0.0219,8522,1.57564111924858,24,-84,0.0073,47,2021-11-29 01:11:31.000123,221.770004272461,1.0412,2,"aoml_apex",1027.28569948877
"4903625",10,0.00926606942510023,1,0.0584,1,0.0146,1,0.000629000016488135,3,132.032101101243,1,1.94668409360586,231.529998779297,1,17.8743991851807,36.3981018066406,0.0584000013768673,0.0292000006884336,0.000629000016488135,126.339996337891,-84.2797,24.3833,43.6149197241426,53,52,53,51,53,53,0.0146,8522,1.57564111924858,24,-84,0.0073,47,2021-11-29 01:11:31.000123,231.529998779297,1.0412,2,"aoml_apex",1027.38806289591
"4903625",10,0.00463303471255012,1,0.0511,1,0.0073,1,0.00040600000647828,3,129.39647991752,1,1.94642947847418,241.729995727539,1,17.2637996673584,36.3174018859863,0.0511000007390976,0.0219000000506639,0.00040600000647828,123.818000793457,-84.2797,24.3833,43.6149197241426,53,52,53,51,53,53,0.0073,8522,1.57564111924858,24,-84,0.0073,47,2021-11-29 01:11:31.000123,241.729995727539,1.0412,2,"aoml_apex",1027.52245694913
"4903625",10,-0.00463303471255012,1,0.0365,1,-0.0073,1,0.000417000002926216,3,128.289036327175,1,1.94622834938299,251.830001831055,1,16.775899887085,36.2431983947754,0.0364999994635582,0.00730000017210841,0.000417000002926216,122.75830078125,-84.2797,24.3833,43.6149197241426,53,52,53,51,53,53,-0.0073,8522,1.57564111924858,24,-84,0.0073,47,2021-11-29 01:11:31.000123,251.830001831055,1.0412,2,"aoml_apex",1027.62864421025
"4903625",10,-0.00463303471255012,1,0.0365,1,-0.0073,1,0.000417000002926216,3,131.924567520942,1,1.9460684733046,261.709991455078,1,16.4706001281738,36.2011985778809,0.0364999994635582,0.00730000017210841,0.000417000002926216,126.237098693848,-84.2797,24.3833,43.6149197241426,53,52,53,51,53,53,-0.0073,8522,1.57564111924858,24,-84,0.0073,47,2021-11-29 01:11:31.000123,261.709991455078,1.0412,2,"aoml_apex",1027.71306736387
"4903625",10,-0.00926606942510023,1,0.0292,1,-0.0146,1,0.000546000024769455,3,135.656557619913,1,1.94593571925963,271.540008544922,1,16.278600692749,36.1767997741699,0.0292000006884336,0,0.000546000024769455,129.808197021484,-84.2797,24.3833,43.6149197241426,53,52,53,51,53,53,-0.0146,8522,1.57564111924858,24,-84,0.0073,47,2021-11-29 01:11:31.000123,271.540008544922,1.0412,2,"aoml_apex",1027.78317916942
"4903625",10,0,1,0.0292,1,-0.0146,1,0.000404999998863786,3,139.046604168921,1,1.94572833275632,281.040008544922,1,15.720100402832,36.0942993164062,0.0292000006884336,0,0.000404999998863786,133.052093505859,-84.2797,24.3833,43.6149197241426,53,52,53,51,53,53,0,8522,1.57564111924858,24,-84,0.0073,47,2021-11-29 01:11:31.000123,281.040008544922,1.0412,2,"aoml_apex",1027.89272599366
"4903625",10,0,1,0.0365,1,-0.0073,1,0.000417000002926216,3,137.671638207416,1,1.94558243259922,291.670013427734,1,15.4383001327515,36.048999786377,0.0364999994635582,0,0.000417000002926216,131.736404418945,-84.2797,24.3833,43.6149197241426,53,52,53,51,53,53,0,8522,1.57564111924858,24,-84,0.0073,47,2021-11-29 01:11:31.000123,291.670013427734,1.0412,2,"aoml_apex",1027.96980816078
"4903625",10,0,1,0.0292,1,-0.0146,1,0.000357999990228564,3,134.932868663915,1,1.94546745003016,300.929992675781,1,15.1781997680664,35.9976005554199,0.0292000006884336,0,0.000357999990228564,129.115707397461,-84.2797,24.3833,43.6149197241426,53,52,53,51,53,53,0,8522,1.57564111924858,24,-84,0.0073,47,2021-11-29 01:11:31.000123,300.929992675781,1.0412,2,"aoml_apex",1028.03056405236
"4903625",10,0,1,0.0365,1,-0.0073,1,0.000392999994801357,3,133.124706699971,1,1.94529662237082,311.589996337891,1,14.7658004760742,35.9328002929688,0.0364999994635582,0,0.000392999994801357,127.385498046875,-84.2797,24.3833,43.6149197241426,53,52,53,51,53,53,0,8522,1.57564111924858,24,-84,0.0073,47,2021-11-29 01:11:31.000123,311.589996337891,1.0412,2,"aoml_apex",1028.12084131546
"4903625",10,0,1,0.0365,1,-0.0073,1,0.000380999990738928,3,129.906465117844,1,1.94517118423661,321.609985351562,1,14.5064001083374,35.8863983154297,0.0364999994635582,0,0.000380999990738928,124.305999755859,-84.2797,24.3833,43.6149197241426,53,52,53,51,53,53,0,8522,1.57564111924858,24,-84,0.0073,47,2021-11-29 01:11:31.000123,321.609985351562,1.0412,2,"aoml_apex",1028.18714168075
"4903625",10,0,1,0.0438,1,0,1,0.000403999991249293,3,125.340206747594,1,1.94502201086447,330.890014648438,1,14.1535997390747,35.8347015380859,0.0438000001013279,0,0.000403999991249293,119.936599731445,-84.2797,24.3833,43.6149197241426,53,52,53,51,53,53,0,8522,1.57564111924858,24,-84,0.0073,47,2021-11-29 01:11:31.000123,330.890014648438,1.0412,2,"aoml_apex",1028.26599844549
"4903625",10,0,1,0.0292,1,-0.0146,1,0.000415999995311722,3,123.732393549558,1,1.94492114724601,341.390014648438,1,14.0338001251221,35.8097991943359,0.0292000006884336,0,0.000415999995311722,118.398101806641,-84.2797,24.3833,43.6149197241426,53,52,53,51,53,53,0,8522,1.57564111924858,24,-84,0.0073,47,2021-11-29 01:11:31.000123,341.390014648438,1.0412,2,"aoml_apex",1028.31932432427
"4903625",10,0,1,0.0438,1,0,1,0.000380000012228265,3,121.430974008297,1,1.94477635626935,350.799987792969,1,13.6665000915527,35.7522010803223,0.0438000001013279,0,0.000380000012228265,116.195899963379,-84.2797,24.3833,43.6149197241426,53,52,53,51,53,53,0,8522,1.57564111924858,24,-84,0.0073,47,2021-11-29 01:11:31.000123,350.799987792969,1.0412,2,"aoml_apex",1028.39588395479
"4903625",10,0,1,0.0365,1,-0.0073,1,0.000426999991759658,3,119.757948594551,1,1.9446362571762,361.230010986328,1,13.3554000854492,35.7024993896484,0.0364999994635582,0,0.000426999991759658,114.595001220703,-84.2797,24.3833,43.6149197241426,53,52,53,51,53,53,0,8522,1.57564111924858,24,-84,0.0073,47,2021-11-29 01:11:31.000123,361.230010986328,1.0412,2,"aoml_apex",1028.46997355906
"4903625",10,0,1,0.0365,1,-0.0073,1,0.00060299999313429,3,119.022858065198,1,1.94439601289908,378.989990234375,1,12.7985000610352,35.6142997741699,0.0364999994635582,0,0.00060299999313429,113.8916015625,-84.2797,24.3833,43.6149197241426,53,52,53,51,53,53,0,8522,1.57564111924858,24,-84,0.0073,47,2021-11-29 01:11:31.000123,378.989990234375,1.0412,2,"aoml_apex",1028.59704850866
"4903625",10,0,1,0.0438,1,0,1,0.000414999987697229,3,116.892199011021,1,1.94409610170784,401.510009765625,1,12.1085996627808,35.5085983276367,0.0438000001013279,0,0.000414999987697229,111.852798461914,-84.2797,24.3833,43.6149197241426,53,52,53,51,53,53,0,8522,1.57564111924858,24,-84,0.0073,47,2021-11-29 01:11:31.000123,401.510009765625,1.0412,2,"aoml_apex",1028.75572778684
"4903625",10,0,1,0.0511,1,0.0073,1,0.000367000000551343,3,116.870878866161,1,1.94351898237801,451.489990234375,1,11.0223999023438,35.3414993286133,0.0511000007390976,0,0.000367000000551343,111.832397460938,-84.2797,24.3833,43.6149197241426,53,52,53,51,53,53,0,8522,1.57564111924858,24,-84,0.0073,47,2021-11-29 01:11:31.000123,451.489990234375,1.0412,2,"aoml_apex",1029.06121223107
"4903625",10,0,1,0.0438,1,0,1,0.000400999997509643,3,115.993348401162,1,1.94293082724111,501.630004882812,1,9.8681001663208,35.1786003112793,0.0438000001013279,0,0.000400999997509643,110.992698669434,-84.2797,24.3833,43.6149197241426,53,52,53,51,53,53,0,8522,1.57564111924858,24,-84,0.0073,47,2021-11-29 01:11:31.000123,501.630004882812,1.0412,2,"aoml_apex",1029.37272493634
"4903625",10,0,1,0.0438,1,0,1,0.00039999998989515,3,117.716540737666,1,1.94238406931526,551.450012207031,1,8.98980045318604,35.0652008056641,0.0438000001013279,0,0.00039999998989515,112.6416015625,-84.2797,24.3833,43.6149197241426,53,52,53,51,53,53,0,8522,1.57564111924858,24,-84,0.0073,47,2021-11-29 01:11:31.000123,551.450012207031,1.0412,2,"aoml_apex",1029.66248106897
"4903625",10,0,1,0.0438,1,0,1,0.000399000011384487,3,118.02085909556,1,1.94186241276697,601.340026855469,1,8.43120002746582,35.010799407959,0.0438000001013279,0,0.000399000011384487,112.932800292969,-84.2797,24.3833,43.6149197241426,53,52,53,51,53,53,0,8522,1.57564111924858,24,-84,0.0073,47,2021-11-29 01:11:31.000123,601.340026855469,1.0412,2,"aoml_apex",1029.93908675033
"4903625",10,0,1,0.0438,1,0,1,0.000375000003259629,3,124.544400846847,1,1.94127795754528,651.02001953125,1,7.5327000617981,34.9336013793945,0.0438000001013279,0,0.000375000003259629,119.175102233887,-84.2797,24.3833,43.6149197241426,53,52,53,51,53,53,0,8522,1.57564111924858,24,-84,0.0073,47,2021-11-29 01:11:31.000123,651.02001953125,1.0412,2,"aoml_apex",1030.24916768177
"4903625",10,0,1,0.0438,1,0,1,0.000373999995645136,3,130.308709436533,1,1.94074783558437,701.22998046875,1,7.07989978790283,34.9126014709473,0.0438000001013279,0,0.000373999995645136,124.690902709961,-84.2797,24.3833,43.6149197241426,53,52,53,51,53,53,0,8522,1.57564111924858,24,-84,0.0073,47,2021-11-29 01:11:31.000123,701.22998046875,1.0412,2,"aoml_apex",1030.53058379312
"4903625",10,0,1,0.0438,1,0,1,0.000384999992093071,3,138.142850085207,1,1.940176143367,751.940002441406,1,6.52990007400513,34.9001998901367,0.0438000001013279,0,0.000384999992093071,132.187301635742,-84.2797,24.3833,43.6149197241426,53,52,53,51,53,53,0,8522,1.57564111924858,24,-84,0.0073,47,2021-11-29 01:11:31.000123,751.940002441406,1.0412,2,"aoml_apex",1030.83423988977
"4903625",10,0,1,0.0438,1,0,1,0.000395999988541007,3,144.664294903773,1,1.93967192152507,801.27001953125,1,6.23299980163574,34.9006004333496,0.0438000001013279,0,0.000395999988541007,138.427597045898,-84.2797,24.3833,43.6149197241426,53,52,53,51,53,53,0,8522,1.57564111924858,24,-84,0.0073,47,2021-11-29 01:11:31.000123,801.27001953125,1.0412,2,"aoml_apex",1031.10220744315
"4903625",10,0,1,0.0438,1,0,1,0.00044299999717623,3,151.88979883666,1,1.93915429378959,849.849975585938,1,5.89659976959229,34.907901763916,0.0438000001013279,0,0.00044299999717623,145.341598510742,-84.2797,24.3833,43.6149197241426,53,52,53,51,53,53,0,8522,1.57564111924858,24,-84,0.0073,47,2021-11-29 01:11:31.000123,849.849975585938,1.0412,2,"aoml_apex",1031.37744448973
"4903625",10,0,1,0.0438,1,0,1,0.00036000000545755,3,164.331275412172,1,1.93857547379987,901.659973144531,1,5.44980001449585,34.9189987182617,0.0438000001013279,0,0.00036000000545755,157.246704101562,-84.2797,24.3833,43.6149197241426,53,52,53,51,53,53,0,8522,1.57564111924858,24,-84,0.0073,47,2021-11-29 01:11:31.000123,901.659973144531,1.0412,2,"aoml_apex",1031.68539323348
"4903625",10,0,1,0.0438,1,0,1,0.000358999997843057,3,168.552456793069,1,1.93810733784532,951.22998046875,1,5.30819988250732,34.9244995117188,0.0438000001013279,0,0.000358999997843057,161.285903930664,-84.2797,24.3833,43.6149197241426,53,52,53,51,53,53,0,8522,1.57564111924858,24,-84,0.0073,47,2021-11-29 01:11:31.000123,951.22998046875,1.0412,2,"aoml_apex",1031.93458945545
"4903625",10,0,1,0.0438,1,0,1,0.000323999993270263,3,172.943242557457,1,1.93763980314421,999.840026855469,1,5.13800001144409,34.9303016662598,0.0438000001013279,0,0.000323999993270263,165.487396240234,-84.2797,24.3833,43.6149197241426,53,52,53,51,53,53,0,8522,1.57564111924858,24,-84,0.0073,47,2021-11-29 01:11:31.000123,999.840026855469,1.0412,2,"aoml_apex",1032.18358580093
"4903625",10,0,1,0.0438,1,0,1,0.000417000002926216,3,185.12857441578,1,1.93669708441545,1099.23999023438,1,4.8306999206543,34.9415016174316,0.0438000001013279,0,0.000417000002926216,177.147399902344,-84.2797,24.3833,43.6149197241426,53,52,53,51,53,53,0,8522,1.57564111924858,24,-84,0.0073,47,2021-11-29 01:11:31.000123,1099.23999023438,1.0412,2,"aoml_apex",1032.68601790851
"4903625",10,0,1,0.0438,1,0,1,0.000299000006634742,3,196.176045199598,1,1.93576334524911,1199.56994628906,1,4.57639980316162,34.9519996643066,0.0438000001013279,0,0.000299000006634742,187.718597412109,-84.2797,24.3833,43.6149197241426,53,52,53,51,53,53,0,8522,1.57564111924858,24,-84,0.0073,47,2021-11-29 01:11:31.000123,1199.56994628906,1.0412,2,"aoml_apex",1033.18414666159
"4903625",10,0,1,0.0365,1,-0.0073,1,0.000299000006634742,3,201.692158280929,1,1.93487313944724,1299.88000488281,1,4.45629978179932,34.9581985473633,0.0364999994635582,0,0.000299000006634742,192.99690246582,-84.2797,24.3833,43.6149197241426,53,52,53,51,53,53,0,8522,1.57564111924858,24,-84,0.0073,47,2021-11-29 01:11:31.000123,1299.88000488281,1.0412,2,"aoml_apex",1033.65949902605
"4903625",10,0,1,0.0438,1,0,1,0.000287000002572313,3,205.474929233532,1,1.93400361064525,1399.94995117188,1,4.38490009307861,34.961799621582,0.0438000001013279,0,0.000287000002572313,196.616592407227,-84.2797,24.3833,43.6149197241426,53,52,53,51,53,53,0,8522,1.57564111924858,24,-84,0.0073,47,2021-11-29 01:11:31.000123,1399.94995117188,1.0412,2,"aoml_apex",1034.12423275297
"4903625",10,0,1,0.0438,1,0,1,0.000299000006634742,3,207.588669309627,1,1.9331445224583,1500.2900390625,1,4.34539985656738,34.9640007019043,0.0438000001013279,0,0.000299000006634742,198.639205932617,-84.2797,24.3833,43.6149197241426,53,52,53,51,53,53,0,8522,1.57564111924858,24,-84,0.0073,47,2021-11-29 01:11:31.000123,1500.2900390625,1.0412,2,"aoml_apex",1034.58379689931
"4903625",10,0,1,0.0438,1,0,1,0.000299000006634742,3,209.389607619403,1,1.93229665043897,1600.08996582031,1,4.3189001083374,34.9655990600586,0.0438000001013279,0,0.000299000006634742,200.362503051758,-84.2797,24.3833,43.6149197241426,53,52,53,51,53,53,0,8522,1.57564111924858,24,-84,0.0073,47,2021-11-29 01:11:31.000123,1600.08996582031,1.0412,2,"aoml_apex",1035.03776169443
"4903625",10,0,1,0.0438,1,0,1,0.000287000002572313,3,210.282087699815,1,1.93145678703118,1699.88000488281,1,4.30849981307983,34.9664001464844,0.0438000001013279,0,0.000287000002572313,201.216506958008,-84.2797,24.3833,43.6149197241426,53,52,53,51,53,53,0,8522,1.57564111924858,24,-84,0.0073,47,2021-11-29 01:11:31.000123,1699.88000488281,1.0412,2,"aoml_apex",1035.48783147987
"4903625",10,0,1,0.0511,1,0.0073,1,0.000262999994447455,3,211.248127861182,1,1.93062154267937,1799.52001953125,1,4.30359983444214,34.967601776123,0.0511000007390976,0,0.000262999994447455,202.140899658203,-84.2797,24.3833,43.6149197241426,53,52,53,51,53,53,0,8522,1.57564111924858,24,-84,0.0073,47,2021-11-29 01:11:31.000123,1799.52001953125,1.0412,2,"aoml_apex",1035.93581434109
"4903625",10,0,1,0.0365,1,-0.0073,1,0.000262999994447455,3,212.292352517873,1,1.92979043977055,1899.18005371094,1,4.30170011520386,34.9681015014648,0.0364999994635582,0,0.000262999994447455,203.140106201172,-84.2797,24.3833,43.6149197241426,53,52,53,51,53,53,0,8522,1.57564111924858,24,-84,0.0073,47,2021-11-29 01:11:31.000123,1899.18005371094,1.0412,2,"aoml_apex",1036.38196085052
"4903625",11,0.0531354525600277,1,0.1314,1,0.0876,1,0.000503999995999038,3,193.67157855302,1,1.95420522355384,7.59000015258789,1,27.6882991790771,36.2028007507324,0.131400004029274,0.102200001478195,0.000503999995999038,185.27099609375,-84.5571,24.4769,79.6716600144401,53,52,53,51,53,53,0.0876,8521,1.64861680440262,24,-85,0.0073,47,2021-12-04 02:32:32.000261,7.59000015258789,1.0412,2,"aoml_apex",1023.43396481301
"4903625",11,0.0487074981800254,1,0.1241,1,0.0803,1,0.000598000013269484,3,193.578123664605,1,1.95417194880881,11.7799997329712,1,27.6907997131348,36.2032012939453,0.124099999666214,0.0948999971151352,0.000598000013269484,185.181594848633,-84.5571,24.4769,79.6716600144401,53,52,53,51,53,53,0.0803,8521,1.64861680440262,24,-85,0.0073,47,2021-12-04 02:32:32.000261,11.7799997329712,1.0412,2,"aoml_apex",1023.45139137788
"4903625",11,0.0531354525600277,1,0.1314,1,0.0876,1,0.000526999996509403,3,193.584296568141,1,1.95413366876901,16.6000003814697,1,27.6926002502441,36.2032012939453,0.131400004029274,0.102200001478195,0.000526999996509403,185.1875,-84.5571,24.4769,79.6716600144401,53,52,53,51,53,53,0.0876,8521,1.64861680440262,24,-85,0.0073,47,2021-12-04 02:32:32.000261,16.6000003814697,1.0412,2,"aoml_apex",1023.4714400371
"4903625",11,0.0531354525600277,1,0.1314,1,0.0876,1,0.000561999971978366,3,193.480489704546,1,1.95408945655932,21.7700004577637,1,27.6912994384766,36.2039985656738,0.131400004029274,0.102200001478195,0.000561999971978366,185.088195800781,-84.5571,24.4769,79.6716600144401,53,52,53,51,53,53,0.0876,8521,1.64861680440262,24,-85,0.0073,47,2021-12-04 02:32:32.000261,21.7700004577637,1.0412,2,"aoml_apex",1023.49459656853
"4903625",11,0.05756340694003,1,0.1387,1,0.0949,1,0.000574000005144626,3,193.376172419986,1,1.95405517221657,26.5200004577637,1,27.6965007781982,36.2030982971191,0.138699993491173,0.109499998390675,0.000574000005144626,184.988403320312,-84.5571,24.4769,79.6716600144401,53,52,53,51,53,53,0.0949,8521,1.64861680440262,24,-85,0.0073,47,2021-12-04 02:32:32.000261,26.5200004577637,1.0412,2,"aoml_apex",1023.51255401418
"4903625",11,0.0619913613200323,1,0.146,1,0.1022,1,0.000585999980103225,3,193.253974451025,1,1.95401396094162,31.6100006103516,1,27.6984996795654,36.2037010192871,0.145999997854233,0.116800002753735,0.000585999980103225,184.871505737305,-84.5571,24.4769,79.6716600144401,53,52,53,51,53,53,0.1022,8521,1.64861680440262,24,-85,0.0073,47,2021-12-04 02:32:32.000261,31.6100006103516,1.0412,2,"aoml_apex",1023.53414048087
"4903625",11,0.0664193157000346,1,0.1533,1,0.1095,1,0.000621000013779849,3,193.186327722612,1,1.95397527775874,36.689998626709,1,27.7021007537842,36.2033004760742,0.153300002217293,0.124099999666214,0.000621000013779849,184.806793212891,-84.5571,24.4769,79.6716600144401,53,52,53,51,53,53,0.1095,8521,1.64861680440262,24,-85,0.0073,47,2021-12-04 02:32:32.000261,36.689998626709,1.0412,2,"aoml_apex",1023.55440356136
"4903625",11,0.0664193157000346,1,0.1533,1,0.1095,1,0.000551000004634261,3,193.133547004783,1,1.95393596226314,41.4500007629395,1,27.7021007537842,36.2036018371582,0.153300002217293,0.124099999666214,0.000551000004634261,184.756301879883,-84.5571,24.4769,79.6716600144401,53,52,53,51,53,53,0.1095,8521,1.64861680440262,24,-85,0.0073,47,2021-12-04 02:32:32.000261,41.4500007629395,1.0412,2,"aoml_apex",1023.57499868292
"4903625",11,0.0797031788400415,1,0.1752,1,0.1314,1,0.000598000013269484,3,192.865512195955,1,1.95388739839175,46.9099998474121,1,27.7031002044678,36.2067985534668,0.175200000405312,0.145999997854233,0.000598000013269484,184.499893188477,-84.5571,24.4769,79.6716600144401,53,52,53,51,53,53,0.1314,8521,1.64861680440262,24,-85,0.0073,47,2021-12-04 02:32:32.000261,46.9099998474121,1.0412,2,"aoml_apex",1023.60043963956
"4903625",11,0.0708472700800369,1,0.1606,1,0.1168,1,0.000551000004634261,3,192.823817183441,1,1.95385328580415,51.3699989318848,1,27.7045001983643,36.2057991027832,0.160600006580353,0.131400004029274,0.000551000004634261,184.460006713867,-84.5571,24.4769,79.6716600144401,53,52,53,51,53,53,0.1168,8521,1.64861680440262,24,-85,0.0073,47,2021-12-04 02:32:32.000261,51.3699989318848,1.0412,2,"aoml_apex",1023.61831081746
"4903625",11,0.0797031788400415,1,0.1752,1,0.1314,1,0.000468000012915581,3,192.818378010041,1,1.95381459163881,56.1699981689453,1,27.7052993774414,36.2057991027832,0.175200000405312,0.145999997854233,0.000468000012915581,184.454803466797,-84.5571,24.4769,79.6716600144401,53,52,53,51,53,53,0.1314,8521,1.64861680440262,24,-85,0.0073,47,2021-12-04 02:32:32.000261,56.1699981689453,1.0412,2,"aoml_apex",1023.63858298471
"4903625",11,0.0708472700800369,1,0.1606,1,0.1168,1,0.000538999971468002,3,192.774162794017,1,1.9537758156216,61.1800003051758,1,27.7070999145508,36.2051010131836,0.160600006580353,0.131400004029274,0.000538999971468002,184.412506103516,-84.5571,24.4769,79.6716600144401,53,52,53,51,53,53,0.1168,8521,1.64861680440262,24,-85,0.0073,47,2021-12-04 02:32:32.000261,61.1800003051758,1.0412,2,"aoml_apex",1023.65889884029
"4903625",11,0.0752752244600392,1,0.1679,1,0.1241,1,0.000526999996509403,3,192.60031660374,1,1.95373184842686,66.3199996948242,1,27.7070999145508,36.2065010070801,0.167899996042252,0.138699993491173,0.000526999996509403,184.246200561523,-84.5571,24.4769,79.6716600144401,53,52,53,51,53,53,0.1241,8521,1.64861680440262,24,-85,0.0073,47,2021-12-04 02:32:32.000261,66.3199996948242,1.0412,2,"aoml_apex",1023.68193547666
"4903625",11,0.0797031788400415,1,0.1752,1,0.1314,1,0.000526999996509403,3,192.339395787101,1,1.95368926420124,71.4000015258789,1,27.7075996398926,36.2075004577637,0.175200000405312,0.145999997854233,0.000526999996509403,183.996597290039,-84.5571,24.4769,79.6716600144401,53,52,53,51,53,53,0.1314,8521,1.64861680440262,24,-85,0.0073,47,2021-12-04 02:32:32.000261,71.4000015258789,1.0412,2,"aoml_apex",1023.70424849404
"4903625",11,0.0974149963600507,1,0.2044,1,0.1606,1,0.000727000006008893,3,191.641012302827,1,1.95363795626943,76.6999969482422,1,27.7054996490479,36.2122001647949,0.20440000295639,0.175200000405312,0.000727000006008893,183.328506469727,-84.5571,24.4769,79.6716600144401,53,52,53,51,53,53,0.1606,8521,1.64861680440262,24,-85,0.0073,47,2021-12-04 02:32:32.000261,76.6999969482422,1.0412,2,"aoml_apex",1023.73113379671
"4903625",11,0.323240669740168,1,0.5767,1,0.5329,1,0.000974000024143606,3,184.19577285911,1,1.95344950282687,81.870002746582,1,27.641300201416,36.2862014770508,0.57669997215271,0.547500014305115,0.000974000024143606,176.206207275391,-84.5571,24.4769,79.6716600144401,53,52,53,51,53,53,0.5329,8521,1.64861680440262,24,-85,0.0073,47,2021-12-04 02:32:32.000261,81.870002746582,1.0412,2,"aoml_apex",1023.82989532403
"4903625",11,0.305528852220159,1,0.5475,1,0.5037,1,0.000714999972842634,3,180.18488492239,1,1.95309509364819,86.870002746582,1,27.4186992645264,36.4082984924316,0.547500014305115,0.518299996852875,0.000714999972842634,172.369293212891,-84.5571,24.4769,79.6716600144401,53,52,53,51,53,53,0.5037,8521,1.64861680440262,24,-85,0.0073,47,2021-12-04 02:32:32.000261,86.870002746582,1.0412,2,"aoml_apex",1024.01567978147
"4903625",11,0.292244989080152,1,0.5256,1,0.4818,1,0.000821000023279339,3,179.543477178246,1,1.95292280966162,91.6999969482422,1,27.2803001403809,36.4412002563477,0.525600016117096,0.496399998664856,0.000821000023279339,171.755706787109,-84.5571,24.4769,79.6716600144401,53,52,53,51,53,53,0.4818,8521,1.64861680440262,24,-85,0.0073,47,2021-12-04 02:32:32.000261,91.6999969482422,1.0412,2,"aoml_apex",1024.10601694316
"4903625",11,0.28781703470015,1,0.5183,1,0.4745,1,0.000702999997884035,3,177.995003528745,1,1.95278007454637,96.7799987792969,1,27.1629009246826,36.4612998962402,0.518299996852875,0.489100009202957,0.000702999997884035,170.274398803711,-84.5571,24.4769,79.6716600144401,53,52,53,51,53,53,0.4745,8521,1.64861680440262,24,-85,0.0073,47,2021-12-04 02:32:32.000261,96.7799987792969,1.0412,2,"aoml_apex",1024.1808722186
"4903625",11,0.243537490900127,1,0.4453,1,0.4015,1,0.000784999981988221,3,175.722737001347,1,1.95251485935054,101.870002746582,1,26.9197006225586,36.5130004882812,0.44530001282692,0.41609999537468,0.000784999981988221,168.100692749023,-84.5571,24.4769,79.6716600144401,53,52,53,51,53,53,0.4015,8521,1.64861680440262,24,-85,0.0073,47,2021-12-04 02:32:32.000261,101.870002746582,1.0412,2,"aoml_apex",1024.31998938295
"4903625",11,0.194829992720101,1,0.365,1,0.3212,1,0.0007259999983944,3,173.922562013872,1,1.95201729427419,111.400001525879,1,26.4171009063721,36.592098236084,0.365000009536743,0.335799992084503,0.0007259999983944,166.378601074219,-84.5571,24.4769,79.6716600144401,53,52,53,51,53,53,0.3212,8521,1.64861680440262,24,-85,0.0073,47,2021-12-04 02:32:32.000261,111.400001525879,1.0412,2,"aoml_apex",1024.58108638
"4903625",11,0.163834312060085,1,0.3139,1,0.2701,1,0.000584999972488731,3,172.034770077761,1,1.95175135615176,121.720001220703,1,26.2056999206543,36.6296997070312,0.313899993896484,0.284700006246567,0.000584999972488731,164.572692871094,-84.5571,24.4769,79.6716600144401,53,52,53,51,53,53,0.2701,8521,1.64861680440262,24,-85,0.0073,47,2021-12-04 02:32:32.000261,121.720001220703,1.0412,2,"aoml_apex",1024.72069185256
"4903625",11,0.123982722640065,1,0.2482,1,0.2044,1,0.00052599998889491,3,168.540204847644,1,1.95119136089674,131.449996948242,1,25.4234008789062,36.6390991210938,0.248199999332428,0.218999996781349,0.00052599998889491,161.229705810547,-84.5571,24.4769,79.6716600144401,53,52,53,51,53,53,0.2044,8521,1.64861680440262,24,-85,0.0073,47,2021-12-04 02:32:32.000261,131.449996948242,1.0412,2,"aoml_apex",1025.01478844229
"4903625",11,0.0974149963600507,1,0.2044,1,0.1606,1,0.00052599998889491,3,165.451009567036,1,1.95077242079229,141.470001220703,1,24.8901996612549,36.6557006835938,0.20440000295639,0.175200000405312,0.00052599998889491,158.274505615234,-84.5571,24.4769,79.6716600144401,53,52,53,51,53,53,0.1606,8521,1.64861680440262,24,-85,0.0073,47,2021-12-04 02:32:32.000261,141.470001220703,1.0412,2,"aoml_apex",1025.23491652999
"4903625",11,0.0398515894200207,4,0.1095,1,0.0657,1,0.000584000023081899,3,161.334129526967,1,1.95000286228039,151.679992675781,1,24.0340003967285,36.7890014648438,0.109499998390675,0.0803000032901764,0.000584000023081899,154.336196899414,-84.5571,24.4769,79.6716600144401,53,52,53,51,53,53,0.0657,8521,1.64861680440262,24,-85,0.0073,47,2021-12-04 02:32:32.000261,151.679992675781,1.0412,2,"aoml_apex",1025.63952017032
"4903625",11,0.0398515894200207,4,0.1095,1,0.0657,1,0.000418999989051372,3,156.912017750303,1,1.94955600619064,161.529998779297,1,23.5133991241455,36.8382987976074,0.109499998390675,0.0803000032901764,0.000418999989051372,150.105895996094,-84.5571,24.4769,79.6716600144401,53,52,53,51,53,53,0.0657,8521,1.64861680440262,24,-85,0.0073,47,2021-12-04 02:32:32.000261,161.529998779297,1.0412,2,"aoml_apex",1025.87460614067
"4903625",11,0.0797031788400415,1,0.1752,1,0.1314,1,0.000561000022571534,3,154.920546555838,1,1.94911754529108,171.119995117188,1,21.9752998352051,36.4994010925293,0.175200000405312,0.145999997854233,0.000561000022571534,148.200805664062,-84.5571,24.4769,79.6716600144401,53,52,53,51,53,53,0.1314,8521,1.64861680440262,24,-85,0.0073,47,2021-12-04 02:32:32.000261,171.119995117188,1.0412,2,"aoml_apex",1026.10538026906
"4903625",11,0.0487074981800254,1,0.1241,1,0.0803,1,0.000418999989051372,3,143.239674444599,1,1.94851030705998,181.550003051758,1,21.2229995727539,36.5825004577637,0.124099999666214,0.0948999971151352,0.000418999989051372,137.026596069336,-84.5571,24.4769,79.6716600144401,53,52,53,51,53,53,0.0803,8521,1.64861680440262,24,-85,0.0073,47,2021-12-04 02:32:32.000261,181.550003051758,1.0412,2,"aoml_apex",1026.42515810846
"4903625",11,0.0309956806600161,1,0.0949,1,0.0511,1,0.000441999989561737,3,141.002228197352,1,1.94805910463362,191.649993896484,1,20.6506004333496,36.6297988891602,0.0948999971151352,0.065700002014637,0.000441999989561737,134.886199951172,-84.5571,24.4769,79.6716600144401,53,52,53,51,53,53,0.0511,8521,1.64861680440262,24,-85,0.0073,47,2021-12-04 02:32:32.000261,191.649993896484,1.0412,2,"aoml_apex",1026.66289500295
"4903625",11,0.0309956806600161,1,0.0949,1,0.0511,1,0.000429999985499308,3,141.294300643463,1,1.94747230045054,201.630004882812,1,19.5865001678467,36.6026000976562,0.0948999971151352,0.065700002014637,0.000429999985499308,135.165603637695,-84.5571,24.4769,79.6716600144401,53,52,53,51,53,53,0.0511,8521,1.64861680440262,24,-85,0.0073,47,2021-12-04 02:32:32.000261,201.630004882812,1.0412,2,"aoml_apex",1026.97224475917
"4903625",11,-0.00442795438000231,1,0.0365,1,-0.0073,1,0.000395000010030344,3,150.931415312717,1,1.94720730208443,211.580001831055,1,19.3159008026123,36.6353988647461,0.0364999994635582,0.00730000017210841,0.000395000010030344,144.384704589844,-84.5571,24.4769,79.6716600144401,53,52,53,51,53,53,-0.0073,8521,1.64861680440262,24,-85,0.0073,47,2021-12-04 02:32:32.000261,211.580001831055,1.0412,2,"aoml_apex",1027.1120069543
"4903625",11,-0.0132838631400069,1,0.0219,1,-0.0219,1,0.000371000001905486,3,151.642878334197,1,1.94701757552509,221.520004272461,1,19.0098991394043,36.6049003601074,0.0219000000506639,-0.00730000017210841,0.000371000001905486,145.065307617188,-84.5571,24.4769,79.6716600144401,53,52,53,51,53,53,-0.0219,8521,1.64861680440262,24,-85,0.0073,47,2021-12-04 02:32:32.000261,221.520004272461,1.0412,2,"aoml_apex",1027.21209358402
"4903625",11,-0.00885590876000461,1,0.0292,1,-0.0146,1,0.000335999997332692,3,152.299455151371,1,1.94686898136715,231.720001220703,1,18.7709999084473,36.5681991577148,0.0292000006884336,0,0.000335999997332692,145.693405151367,-84.5571,24.4769,79.6716600144401,53,52,53,51,53,53,-0.0146,8521,1.64861680440262,24,-85,0.0073,47,2021-12-04 02:32:32.000261,231.720001220703,1.0412,2,"aoml_apex",1027.29049522148
"4903625",11,-0.00442795438000231,1,0.0365,1,-0.0073,1,0.000358999997843057,3,149.764704643131,1,1.94671250975534,241.619995117188,1,18.4992008209229,36.5281982421875,0.0364999994635582,0.00730000017210841,0.000358999997843057,143.268600463867,-84.5571,24.4769,79.6716600144401,53,52,53,51,53,53,-0.0073,8521,1.64861680440262,24,-85,0.0073,47,2021-12-04 02:32:32.000261,241.619995117188,1.0412,2,"aoml_apex",1027.37306611923
"4903625",11,-0.00442795438000231,1,0.0365,1,-0.0073,1,0.00040600000647828,3,139.298219709665,1,1.94653659033062,251.75,1,18.111400604248,36.4626007080078,0.0364999994635582,0.00730000017210841,0.00040600000647828,133.256103515625,-84.5571,24.4769,79.6716600144401,53,52,53,51,53,53,-0.0073,8521,1.64861680440262,24,-85,0.0073,47,2021-12-04 02:32:32.000261,251.75,1.0412,2,"aoml_apex",1027.46591558307
"4903625",11,0.00442795438000231,1,0.0511,1,0.0073,1,0.000371000001905486,3,130.831364730765,1,1.94637309648599,261.429992675781,1,17.6735000610352,36.3763008117676,0.0511000007390976,0.0219000000506639,0.000371000001905486,125.15650177002,-84.5571,24.4769,79.6716600144401,53,52,53,51,53,53,0.0073,8521,1.64861680440262,24,-85,0.0073,47,2021-12-04 02:32:32.000261,261.429992675781,1.0412,2,"aoml_apex",1027.55222193054
"4903625",11,-0.00885590876000461,1,0.0292,1,-0.0146,1,0.000346999993780628,3,133.428410522621,1,1.9462236145458,271.209991455078,1,17.3661003112793,36.3238983154297,0.0292000006884336,0,0.000346999993780628,127.640899658203,-84.5571,24.4769,79.6716600144401,53,52,53,51,53,53,-0.0146,8521,1.64861680440262,24,-85,0.0073,47,2021-12-04 02:32:32.000261,271.209991455078,1.0412,2,"aoml_apex",1027.63114425921
"4903625",11,-0.00442795438000231,1,0.0365,1,-0.0073,1,0.000334999989718199,3,144.181736087314,1,1.94606390339433,281.079986572266,1,17.220100402832,36.3306999206543,0.0364999994635582,0.00730000017210841,0.000334999989718199,137.927795410156,-84.5571,24.4769,79.6716600144401,53,52,53,51,53,53,-0.0073,8521,1.64861680440262,24,-85,0.0073,47,2021-12-04 02:32:32.000261,281.079986572266,1.0412,2,"aoml_apex",1027.71548072578
"4903625",11,0,1,0.0365,1,-0.0073,1,0.00040600000647828,3,135.568749181428,1,1.9459418268682,291.739990234375,1,17.0272006988525,36.2923011779785,0.0364999994635582,0,0.00040600000647828,129.688400268555,-84.5571,24.4769,79.6716600144401,53,52,53,51,53,53,0,8521,1.64861680440262,24,-85,0.0073,47,2021-12-04 02:32:32.000261,291.739990234375,1.0412,2,"aoml_apex",1027.77995332924
"4903625",11,0,1,0.0292,1,-0.0146,1,0.000357999990228564,3,130.578283661122,1,1.94576447435273,301.779998779297,1,16.5944004058838,36.2202987670898,0.0292000006884336,0,0.000357999990228564,124.914398193359,-84.5571,24.4769,79.6716600144401,53,52,53,51,53,53,0,8521,1.64861680440262,24,-85,0.0073,47,2021-12-04 02:32:32.000261,301.779998779297,1.0412,2,"aoml_apex",1027.8736334033
"4903625",11,0,1,0.0292,1,-0.0146,1,0.000334999989718199,3,128.502234117823,1,1.94556307812044,311.589996337891,1,16.0513000488281,36.1343002319336,0.0292000006884336,0,0.000334999989718199,122.928398132324,-84.5571,24.4769,79.6716600144401,53,52,53,51,53,53,0,8521,1.64861680440262,24,-85,0.0073,47,2021-12-04 02:32:32.000261,311.589996337891,1.0412,2,"aoml_apex",1027.98003441356
"4903625",11,0,1,0.0365,1,-0.0073,1,0.000369999994290993,3,128.137410733658,1,1.94540066027933,321.850006103516,1,15.7046003341675,36.081600189209,0.0364999994635582,0,0.000369999994290993,122.579399108887,-84.5571,24.4769,79.6716600144401,53,52,53,51,53,53,0,8521,1.64861680440262,24,-85,0.0073,47,2021-12-04 02:32:32.000261,321.850006103516,1.0412,2,"aoml_apex",1028.06585853262
"4903625",11,0,1,0.0365,1,-0.0073,1,0.00044000000343658,3,132.673362335994,1,1.94524351503343,331.510009765625,1,15.3273000717163,36.0209007263184,0.0364999994635582,0,0.00044000000343658,126.918601989746,-84.5571,24.4769,79.6716600144401,53,52,53,51,53,53,0,8521,1.64861680440262,24,-85,0.0073,47,2021-12-04 02:32:32.000261,331.510009765625,1.0412,2,"aoml_apex",1028.1489101716
"4903625",11,0,1,0.0365,1,-0.0073,1,0.000369999994290993,3,133.582597530449,1,1.94512185936501,340.260009765625,1,15.0662002563477,35.9768981933594,0.0364999994635582,0,0.000369999994290993,127.788398742676,-84.5571,24.4769,79.6716600144401,53,52,53,51,53,53,0,8521,1.64861680440262,24,-85,0.0073,47,2021-12-04 02:32:32.000261,340.260009765625,1.0412,2,"aoml_apex",1028.21321469952
"4903625",11,0,1,0.0365,1,-0.0073,1,0.000427999999374151,3,128.358295405917,1,1.94495187302677,351.890014648438,1,14.7199001312256,35.9254989624023,0.0364999994635582,0,0.000427999999374151,122.790702819824,-84.5571,24.4769,79.6716600144401,53,52,53,51,53,53,0,8521,1.64861680440262,24,-85,0.0073,47,2021-12-04 02:32:32.000261,351.890014648438,1.0412,2,"aoml_apex",1028.30307923638
"4903625",11,0,1,0.0292,1,-0.0146,1,0.000380999990738928,3,124.131140511597,1,1.94480230447159,361.829986572266,1,14.3474998474121,35.8636016845703,0.0292000006884336,0,0.000380999990738928,118.74690246582,-84.5571,24.4769,79.6716600144401,53,52,53,51,53,53,0,8521,1.64861680440262,24,-85,0.0073,47,2021-12-04 02:32:32.000261,361.829986572266,1.0412,2,"aoml_apex",1028.38216275325
"4903625",11,0,1,0.0365,1,-0.0073,1,0.00048600000445731,3,121.965296755236,1,1.94454271016015,381.739990234375,1,13.7582998275757,35.7607002258301,0.0364999994635582,0,0.00048600000445731,116.675003051758,-84.5571,24.4769,79.6716600144401,53,52,53,51,53,53,0,8521,1.64861680440262,24,-85,0.0073,47,2021-12-04 02:32:32.000261,381.739990234375,1.0412,2,"aoml_apex",1028.51945064003
"4903625",11,0,1,0.0365,1,-0.0073,1,0.000368000008165836,3,119.481564417433,1,1.94425597134064,401.859985351562,1,13.1139001846313,35.6641006469727,0.0364999994635582,0,0.000368000008165836,114.299003601074,-84.5571,24.4769,79.6716600144401,53,52,53,51,53,53,0,8521,1.64861680440262,24,-85,0.0073,47,2021-12-04 02:32:32.000261,401.859985351562,1.0412,2,"aoml_apex",1028.67113666156
"4903625",11,0,1,0.0365,1,-0.0073,1,0.000379000004613772,3,117.626495250324,1,1.94359821035135,451.399993896484,1,11.555100440979,35.4207000732422,0.0364999994635582,0,0.000379000004613772,112.524398803711,-84.5571,24.4769,79.6716600144401,53,52,53,51,53,53,0,8521,1.64861680440262,24,-85,0.0073,47,2021-12-04 02:32:32.000261,451.399993896484,1.0412,2,"aoml_apex",1029.01926403732
"4903625",11,0,1,0.0511,1,0.0073,1,0.00036599999293685,3,114.369945696077,1,1.94301239590087,500.850006103516,1,10.3950004577637,35.2513008117676,0.0511000007390976,0,0.00036599999293685,109.409103393555,-84.5571,24.4769,79.6716600144401,53,52,53,51,53,53,0,8521,1.64861680440262,24,-85,0.0073,47,2021-12-04 02:32:32.000261,500.850006103516,1.0412,2,"aoml_apex",1029.3295113399
"4903625",11,0,1,0.0438,1,0,1,0.000423999998020008,3,114.314333736961,1,1.94246920020459,550.890014648438,1,9.59829998016357,35.1473007202148,0.0438000001013279,0,0.000423999998020008,109.355903625488,-84.5571,24.4769,79.6716600144401,53,52,53,51,53,53,0,8521,1.64861680440262,24,-85,0.0073,47,2021-12-04 02:32:32.000261,550.890014648438,1.0412,2,"aoml_apex",1029.61735495696
"4903625",11,0,1,0.0511,1,0.0073,1,0.000434999994467944,3,116.526793282945,1,1.94188191349669,601.390014648438,1,8.57400035858154,35.0279998779297,0.0511000007390976,0,0.000434999994467944,111.472396850586,-84.5571,24.4769,79.6716600144401,53,52,53,51,53,53,0,8521,1.64861680440262,24,-85,0.0073,47,2021-12-04 02:32:32.000261,601.390014648438,1.0412,2,"aoml_apex",1029.92874391556
"4903625",11,0,1,0.0438,1,0,1,0.000327999994624406,3,124.316790186672,1,1.94132261044815,650.960021972656,1,7.70279979705811,34.9384002685547,0.0438000001013279,0,0.000327999994624406,118.924499511719,-84.5571,24.4769,79.6716600144401,53,52,53,51,53,53,0,8521,1.64861680440262,24,-85,0.0073,47,2021-12-04 02:32:32.000261,650.960021972656,1.0412,2,"aoml_apex",1030.2254706333
"4903625",11,0,1,0.0365,1,-0.0073,1,0.000538999971468002,3,129.49844823471,1,1.94074236696174,701.760009765625,1,7.13700008392334,34.9245986938477,0.0364999994635582,0,0.000538999971468002,123.881401062012,-84.5571,24.4769,79.6716600144401,53,52,53,51,53,53,0,8521,1.64861680440262,24,-85,0.0073,47,2021-12-04 02:32:32.000261,701.760009765625,1.0412,2,"aoml_apex",1030.53348762156
"4903625",11,0,1,0.0438,1,0,1,0.000409000000217929,3,135.787640021796,1,1.94022238131911,751.630004882812,1,6.69379997253418,34.9023017883301,0.0438000001013279,0,0.000409000000217929,129.897796630859,-84.5571,24.4769,79.6716600144401,53,52,53,51,53,53,0,8521,1.64861680440262,24,-85,0.0073,47,2021-12-04 02:32:32.000261,751.630004882812,1.0412,2,"aoml_apex",1030.80967380669
"4903625",11,0,1,0.0438,1,0,1,0.000384999992093071,3,145.048845601567,1,1.93967407703129,801.239990234375,1,6.23400020599365,34.8995018005371,0.0438000001013279,0,0.000384999992093071,138.757293701172,-84.5571,24.4769,79.6716600144401,53,52,53,51,53,53,0,8521,1.64861680440262,24,-85,0.0073,47,2021-12-04 02:32:32.000261,801.239990234375,1.0412,2,"aoml_apex",1031.10106160775
"4903625",11,0,1,0.0438,1,0,1,0.000395999988541007,3,150.654607643566,1,1.93914642535691,851.650024414062,1,5.92159986495972,34.9075012207031,0.0438000001013279,0,0.000395999988541007,144.119903564453,-84.5571,24.4769,79.6716600144401,53,52,53,51,53,53,0,8521,1.64861680440262,24,-85,0.0073,47,2021-12-04 02:32:32.000261,851.650024414062,1.0412,2,"aoml_apex",1031.38162948777
"4903625",11,0,1,0.0438,1,0,1,0.000383000005967915,3,159.516488572123,1,1.93861337274395,901.450012207031,1,5.57149982452393,34.9166984558105,0.0438000001013279,0,0.000383000005967915,152.597396850586,-84.5571,24.4769,79.6716600144401,53,52,53,51,53,53,0,8521,1.64861680440262,24,-85,0.0073,47,2021-12-04 02:32:32.000261,901.450012207031,1.0412,2,"aoml_apex",1031.6652242882
"4903625",11,0,1,0.0438,1,0,1,0.000348000001395121,3,166.206895163057,1,1.93812632181518,949.830017089844,1,5.33300018310547,34.9241981506348,0.0438000001013279,0,0.000348000001395121,158.997604370117,-84.5571,24.4769,79.6716600144401,53,52,53,51,53,53,0,8521,1.64861680440262,24,-85,0.0073,47,2021-12-04 02:32:32.000261,949.830017089844,1.0412,2,"aoml_apex",1031.92448164414
"4903625",11,0,1,0.0511,1,0.0073,1,0.000346999993780628,3,171.866267356953,1,1.9376524995182,999.47998046875,1,5.16760015487671,34.9291000366211,0.0511000007390976,0,0.000346999993780628,164.411499023438,-84.5571,24.4769,79.6716600144401,53,52,53,51,53,53,0,8521,1.64861680440262,24,-85,0.0073,47,2021-12-04 02:32:32.000261,999.47998046875,1.0412,2,"aoml_apex",1032.17682246807
"4903625",11,0,1,0.0438,1,0,1,0.00032299998565577,3,184.703386508012,1,1.93669477816589,1099.75,1,4.83559989929199,34.9410018920898,0.0438000001013279,0,0.00032299998565577,176.691802978516,-84.5571,24.4769,79.6716600144401,53,52,53,51,53,53,0,8521,1.64861680440262,24,-85,0.0073,47,2021-12-04 02:32:32.000261,1099.75,1.0412,2,"aoml_apex",1032.68724764883
"4903625",11,0,1,0.0365,1,-0.0073,1,0.000629000016488135,3,193.136051257638,1,1.93577869443675,1199.68994140625,1,4.62750005722046,34.9500007629395,0.0364999994635582,0,0.000629000016488135,184.758697509766,-84.5571,24.4769,79.6716600144401,53,52,53,51,53,53,0,8521,1.64861680440262,24,-85,0.0073,47,2021-12-04 02:32:32.000261,1199.68994140625,1.0412,2,"aoml_apex",1033.17595433187
"4903625",11,0,1,0.0511,1,0.0073,1,0.000287000002572313,3,200.968078137637,1,1.93487247165632,1300.33996582031,1,4.46740007400513,34.9580001831055,0.0511000007390976,0,0.000287000002572313,192.251007080078,-84.5571,24.4769,79.6716600144401,53,52,53,51,53,53,0,8521,1.64861680440262,24,-85,0.0073,47,2021-12-04 02:32:32.000261,1300.33996582031,1.0412,2,"aoml_apex",1033.65985577743
"4903625",11,0,1,0.0511,1,0.0073,1,0.000334000011207536,3,205.24456043295,1,1.93400647967732,1399.88000488281,1,4.39289999008179,34.9617004394531,0.0511000007390976,0,0.000334000011207536,196.341995239258,-84.5571,24.4769,79.6716600144401,53,52,53,51,53,53,0,8521,1.64861680440262,24,-85,0.0073,47,2021-12-04 02:32:32.000261,1399.88000488281,1.0412,2,"aoml_apex",1034.12269866526
"4903625",11,0,1,0.0438,1,0,1,0.000287000002572313,3,206.805268234937,1,1.9331555713736,1499.44995117188,1,4.35690021514893,34.9634017944336,0.0438000001013279,0,0.000287000002572313,197.835006713867,-84.5571,24.4769,79.6716600144401,53,52,53,51,53,53,0,8521,1.64861680440262,24,-85,0.0073,47,2021-12-04 02:32:32.000261,1499.44995117188,1.0412,2,"aoml_apex",1034.57788375454
"4903625",11,0,1,0.0438,1,0,1,0.000274999998509884,3,208.27448307909,1,1.93231169289702,1598.98999023438,1,4.3358998298645,34.9648017883301,0.0438000001013279,0,0.000274999998509884,199.240493774414,-84.5571,24.4769,79.6716600144401,53,52,53,51,53,53,0,8521,1.64861680440262,24,-85,0.0073,47,2021-12-04 02:32:32.000261,1598.98999023438,1.0412,2,"aoml_apex",1035.02970424068
"4903625",11,0,1,0.0511,1,0.0073,1,0.000287000002572313,3,208.988976725046,1,1.93146425844845,1699.93994140625,1,4.33249998092651,34.9654998779297,0.0511000007390976,0,0.000287000002572313,199.92399597168,-84.5571,24.4769,79.6716600144401,53,52,53,51,53,53,0,8521,1.64861680440262,24,-85,0.0073,47,2021-12-04 02:32:32.000261,1699.93994140625,1.0412,2,"aoml_apex",1035.48382593763
"4903625",11,0,1,0.0438,1,0,1,0.000274999998509884,3,210.715252327296,1,1.9306230487581,1799.66003417969,1,4.3105001449585,34.967098236084,0.0438000001013279,0,0.000274999998509884,201.575393676758,-84.5571,24.4769,79.6716600144401,53,52,53,51,53,53,0,8521,1.64861680440262,24,-85,0.0073,47,2021-12-04 02:32:32.000261,1799.66003417969,1.0412,2,"aoml_apex",1035.93500620773
"4903625",11,0,1,0.0438,1,0,1,0.000287000002572313,3,211.767389441074,1,1.92978927304735,1899.39001464844,1,4.30270004272461,34.9678993225098,0.0438000001013279,0,0.000287000002572313,202.581893920898,-84.5571,24.4769,79.6716600144401,53,52,53,51,53,53,0,8521,1.64861680440262,24,-85,0.0073,47,2021-12-04 02:32:32.000261,1899.39001464844,1.0412,2,"aoml_apex",1036.38258743235
"4903625",12,0.0370642777004009,1,0.1022,1,0.0584,1,0.000526999996509403,3,194.186544570063,1,1.95437740931485,7.51999998092651,1,27.925199508667,36.1862983703613,0.102200001478195,0.0927074626088142,0.000526999996509403,185.659301757812,-84.395,24.3981,63.5812281108751,53,52,53,51,53,53,0.0584,8522,1.57564111924858,24,-84,0.0073,47,2021-12-14 09:48:23.001035,7.51999998092651,1.0412,2,"aoml_apex",1023.34379760414
"4903625",12,0.041697312412951,1,0.1095,1,0.0657,1,0.000503999995999038,3,194.185810427637,1,1.95434134300412,11.8500003814697,1,27.9277992248535,36.1879005432129,0.109499998390675,0.0927074626088142,0.000503999995999038,185.658599853516,-84.395,24.3981,63.5812281108751,53,52,53,51,53,53,0.0657,8522,1.57564111924858,24,-84,0.0073,47,2021-12-14 09:48:23.001035,11.8500003814697,1.0412,2,"aoml_apex",1023.36268285954
"4903625",12,0.0370642777004009,1,0.1022,1,0.0584,1,0.000561999971978366,3,194.108310522939,1,1.95430263080795,16.5799999237061,1,27.9284000396729,36.1882019042969,0.102200001478195,0.0927074626088142,0.000561999971978366,185.584503173828,-84.395,24.3981,63.5812281108751,53,52,53,51,53,53,0.0584,8522,1.57564111924858,24,-84,0.0073,47,2021-12-14 09:48:23.001035,16.5799999237061,1.0412,2,"aoml_apex",1023.38295434477
"4903625",12,0.041697312412951,1,0.1095,1,0.0657,1,0.000515000021550804,3,194.171893640797,1,1.95426369910437,21.2600002288818,1,27.9288997650146,36.1888999938965,0.109499998390675,0.0927074626088142,0.000515000021550804,185.645294189453,-84.395,24.3981,63.5812281108751,53,52,53,51,53,53,0.0657,8522,1.57564111924858,24,-84,0.0073,47,2021-12-14 09:48:23.001035,21.2600002288818,1.0412,2,"aoml_apex",1023.40334158414
"4903625",12,0.041697312412951,1,0.1095,1,0.0657,1,0.000503999995999038,3,194.035614463239,1,1.95422213378634,26.5699996948242,1,27.9302005767822,36.1882019042969,0.109499998390675,0.0927074626088142,0.000503999995999038,185.514999389648,-84.395,24.3981,63.5812281108751,53,52,53,51,53,53,0.0657,8522,1.57564111924858,24,-84,0.0073,47,2021-12-14 09:48:23.001035,26.5699996948242,1.0412,2,"aoml_apex",1023.42510885647
"4903625",12,0.041697312412951,1,0.1095,1,0.0657,1,0.00049200002104044,3,194.066049454644,1,1.95418308701556,31.4300003051758,1,27.9316997528076,36.1884002685547,0.109499998390675,0.0927074626088142,0.00049200002104044,185.544097900391,-84.395,24.3981,63.5812281108751,53,52,53,51,53,53,0.0657,8522,1.57564111924858,24,-84,0.0073,47,2021-12-14 09:48:23.001035,31.4300003051758,1.0412,2,"aoml_apex",1023.44555803848
"4903625",12,0.0370642777004009,1,0.1022,1,0.0584,1,0.000503999995999038,3,193.961242643656,1,1.95414278798196,36.3499984741211,1,27.9305992126465,36.1879997253418,0.102200001478195,0.0927074626088142,0.000503999995999038,185.443893432617,-84.395,24.3981,63.5812281108751,53,52,53,51,53,53,0.0584,8522,1.57564111924858,24,-84,0.0073,47,2021-12-14 09:48:23.001035,36.3499984741211,1.0412,2,"aoml_apex",1023.46666389993
"4903625",12,0.041697312412951,1,0.1095,1,0.0657,1,0.000468000012915581,3,194.022958486216,1,1.95409877431281,41.3699989318848,1,27.926700592041,36.1884002685547,0.109499998390675,0.0927074626088142,0.000468000012915581,185.502899169922,-84.395,24.3981,63.5812281108751,53,52,53,51,53,53,0.0657,8522,1.57564111924858,24,-84,0.0073,47,2021-12-14 09:48:23.001035,41.3699989318848,1.0412,2,"aoml_apex",1023.48971622652
"4903625",12,0.0463303471255012,1,0.1168,1,0.073,1,0.00047999998787418,3,193.937191499426,1,1.9540629554466,46.4500007629395,1,27.9339008331299,36.1875991821289,0.116800002753735,0.0927074626088142,0.00047999998787418,185.4208984375,-84.395,24.3981,63.5812281108751,53,52,53,51,53,53,0.073,8522,1.57564111924858,24,-84,0.0073,47,2021-12-14 09:48:23.001035,46.4500007629395,1.0412,2,"aoml_apex",1023.50847726034
"4903625",12,0.0509633818380513,1,0.1241,1,0.0803,1,0.000515000021550804,3,193.787841394779,1,1.95401989538663,51.3600006103516,1,27.9342002868652,36.1898002624512,0.124099999666214,0.0927074626088142,0.000515000021550804,185.278106689453,-84.395,24.3981,63.5812281108751,53,52,53,51,53,53,0.0803,8522,1.57564111924858,24,-84,0.0073,47,2021-12-14 09:48:23.001035,51.3600006103516,1.0412,2,"aoml_apex",1023.53103196233
"4903625",12,0.0463303471255012,1,0.1168,1,0.073,1,0.000515000021550804,3,193.517565265028,1,1.95396291930479,56.8199996948242,1,27.9253997802734,36.1945991516113,0.116800002753735,0.0927074626088142,0.000515000021550804,185.01969909668,-84.395,24.3981,63.5812281108751,53,52,53,51,53,53,0.073,8522,1.57564111924858,24,-84,0.0073,47,2021-12-14 09:48:23.001035,56.8199996948242,1.0412,2,"aoml_apex",1023.56087735359
"4903625",12,0.0463303471255012,1,0.1168,1,0.073,1,0.000561999971978366,3,193.344563006598,1,1.95392651241505,60.4599990844727,1,27.9193000793457,36.1966018676758,0.116800002753735,0.0876000002026558,0.000561999971978366,184.854293823242,-84.395,24.3981,63.5812281108751,53,52,53,51,53,53,0.073,8522,1.57564111924858,24,-84,0.0073,47,2021-12-14 09:48:23.001035,60.4599990844727,1.0412,2,"aoml_apex",1023.57994903708
"4903625",12,0.0741285554008019,1,0.1606,1,0.1168,1,0.000574000005144626,3,192.53261744409,1,1.95383465989191,66.75,1,27.8843994140625,36.2095985412598,0.160600006580353,0.131400004029274,0.000574000005144626,184.078002929688,-84.395,24.3981,63.5812281108751,53,52,53,51,53,53,0.1168,8522,1.57564111924858,24,-84,0.0073,47,2021-12-14 09:48:23.001035,66.75,1.0412,2,"aoml_apex",1023.62806897419
"4903625",12,0.375275811716559,1,0.6351,1,0.5913,1,0.000785999989602715,3,183.03840032998,1,1.95347319587672,71.9000015258789,1,27.6298999786377,36.3213996887207,0.63510000705719,0.60589998960495,0.000785999989602715,175.000701904297,-84.395,24.3981,63.5812281108751,53,52,53,51,53,53,0.5913,8522,1.57564111924858,24,-84,0.0073,47,2021-12-14 09:48:23.001035,71.9000015258789,1.0412,2,"aoml_apex",1023.8174776196
"4903625",12,0.37990884642911,1,0.6424,1,0.5986,1,0.000774000014644116,3,182.456752054292,1,1.95324189463047,76.2300033569336,1,27.4416007995605,36.3763999938965,0.642400026321411,0.613200008869171,0.000774000014644116,174.444595336914,-84.395,24.3981,63.5812281108751,53,52,53,51,53,53,0.5986,8522,1.57564111924858,24,-84,0.0073,47,2021-12-14 09:48:23.001035,76.2300033569336,1.0412,2,"aoml_apex",1023.93871721576
"4903625",12,0.375275811716559,1,0.6351,1,0.5913,1,0.000737999973352998,3,179.19451039041,1,1.95315020351985,81.9199981689453,1,27.3952007293701,36.3879013061523,0.63510000705719,0.60589998960495,0.000737999973352998,171.325607299805,-84.395,24.3981,63.5812281108751,53,52,53,51,53,53,0.5913,8522,1.57564111924858,24,-84,0.0073,47,2021-12-14 09:48:23.001035,81.9199981689453,1.0412,2,"aoml_apex",1023.9867862675
"4903625",12,0.291881186890657,4,0.5037,1,0.4599,1,0.00080899999011308,3,175.915303652661,1,1.95291512766006,86.8099975585938,1,27.2064990997314,36.4426002502441,0.503700017929077,0.474500000476837,0.00080899999011308,168.190399169922,-84.395,24.3981,63.5812281108751,53,52,53,51,53,53,0.4599,8522,1.57564111924858,24,-84,0.0073,47,2021-12-14 09:48:23.001035,86.8099975585938,1.0412,2,"aoml_apex",1024.11004537425
"4903625",12,0.305780291028308,1,0.5256,1,0.4818,1,0.000831999990623444,3,174.446923044816,1,1.9527486322022,91.8300018310547,1,27.073299407959,36.472900390625,0.525600016117096,0.496399998664856,0.000831999990623444,166.786499023438,-84.395,24.3981,63.5812281108751,53,52,53,51,53,53,0.4818,8522,1.57564111924858,24,-84,0.0073,47,2021-12-14 09:48:23.001035,91.8300018310547,1.0412,2,"aoml_apex",1024.19736315191
"4903625",12,0.254816909190256,4,0.4453,1,0.4015,1,0.000867000024300069,3,174.70286743766,1,1.95257569011055,96.1999969482422,1,26.9463005065918,36.5141983032227,0.44530001282692,0.41609999537468,0.000867000024300069,167.031204223633,-84.395,24.3981,63.5812281108751,53,52,53,51,53,53,0.4015,8522,1.57564111924858,24,-84,0.0073,47,2021-12-14 09:48:23.001035,96.1999969482422,1.0412,2,"aoml_apex",1024.28807760419
"4903625",12,0.282615117465557,1,0.4891,1,0.4453,1,0.00121999997645617,3,174.297349505518,1,1.95235693772062,101.720001220703,1,26.7691993713379,36.559700012207,0.489100009202957,0.459899991750717,0.00121999997645617,166.643493652344,-84.395,24.3981,63.5812281108751,53,52,53,51,53,53,0.4453,8522,1.57564111924858,24,-84,0.0073,47,2021-12-14 09:48:23.001035,101.720001220703,1.0412,2,"aoml_apex",1024.40284425399
"4903625",12,0.106559798388653,1,0.2117,1,0.1679,1,0.000502999988384545,3,173.374532477206,1,1.95191289204375,111.529998779297,1,26.4073009490967,36.6599006652832,0.21170000731945,0.182500004768372,0.000502999988384545,165.761199951172,-84.395,24.3981,63.5812281108751,53,52,53,51,53,53,0.1679,8522,1.57564111924858,24,-84,0.0073,47,2021-12-14 09:48:23.001035,111.529998779297,1.0412,2,"aoml_apex",1024.63588828798
"4903625",12,0.0833946248259021,1,0.1752,1,0.1314,1,0.000514000013936311,3,171.416351194897,1,1.95117481651721,121.559997558594,1,25.7024993896484,36.8219985961914,0.175200000405312,0.145999997854233,0.000514000013936311,163.889007568359,-84.395,24.3981,63.5812281108751,53,52,53,51,53,53,0.1314,8522,1.57564111924858,24,-84,0.0073,47,2021-12-14 09:48:23.001035,121.559997558594,1.0412,2,"aoml_apex",1025.02347973614
"4903625",12,0.0324312429878508,1,0.0949,1,0.0511,1,0.000349000009009615,3,171.677514382806,1,1.95048396015225,131.589996337891,1,24.971700668335,36.945499420166,0.0948999971151352,0.065700002014637,0.000349000009009615,164.138702392578,-84.395,24.3981,63.5812281108751,53,52,53,51,53,53,0.0511,8522,1.57564111924858,24,-84,0.0073,47,2021-12-14 09:48:23.001035,131.589996337891,1.0412,2,"aoml_apex",1025.38654039682
"4903625",12,0.00926606942510023,1,0.0584,1,0.0146,1,0.000325000000884756,3,163.874569900638,1,1.94987686630389,141.720001220703,1,24.209400177002,37.0028991699219,0.0584000013768673,0.0292000006884336,0.000325000000884756,156.678405761719,-84.395,24.3981,63.5812281108751,53,52,53,51,53,53,0.0146,8522,1.57564111924858,24,-84,0.0073,47,2021-12-14 09:48:23.001035,141.720001220703,1.0412,2,"aoml_apex",1025.70579433107
"4903625",12,0.00926606942510023,1,0.0584,1,0.0146,1,0.000312999996822327,3,159.392231405146,1,1.94933543168748,151.919998168945,1,23.4388008117676,37.0168991088867,0.0584000013768673,0.0292000006884336,0.000312999996822327,152.39289855957,-84.395,24.3981,63.5812281108751,53,52,53,51,53,53,0.0146,8522,1.57564111924858,24,-84,0.0073,47,2021-12-14 09:48:23.001035,151.919998168945,1.0412,2,"aoml_apex",1025.990687641
"4903625",12,0,1,0.0438,1,0,1,0.000312999996822327,3,155.177759137096,1,1.94894572530114,161.679992675781,1,22.8500995635986,37.0038986206055,0.0438000001013279,0.0146000003442168,0.000312999996822327,148.363494873047,-84.395,24.3981,63.5812281108751,53,52,53,51,53,53,0,8522,1.57564111924858,24,-84,0.0073,47,2021-12-14 09:48:23.001035,161.679992675781,1.0412,2,"aoml_apex",1026.19584221155
"4903625",12,-0.00926606942510023,1,0.0292,1,-0.0146,1,0.000312999996822327,3,154.892225612598,1,1.94850905006107,171.889999389648,1,22.1403007507324,36.9788017272949,0.0292000006884336,0,0.000312999996822327,148.09049987793,-84.395,24.3981,63.5812281108751,53,52,53,51,53,53,-0.0146,8522,1.57564111924858,24,-84,0.0073,47,2021-12-14 09:48:23.001035,171.889999389648,1.0412,2,"aoml_apex",1026.42582026361
"4903625",12,-0.00463303471255012,1,0.0365,1,-0.0073,1,0.000312999996822327,3,154.233189149537,1,1.94827274061817,181.899993896484,1,21.7402992248535,36.9360008239746,0.0364999994635582,0.00730000017210841,0.000312999996822327,147.460403442383,-84.395,24.3981,63.5812281108751,53,52,53,51,53,53,-0.0073,8522,1.57564111924858,24,-84,0.0073,47,2021-12-14 09:48:23.001035,181.899993896484,1.0412,2,"aoml_apex",1026.55031726483
"4903625",12,0,1,0.0292,1,-0.0146,1,0.000372000009519979,3,154.832600479988,1,1.94804447743371,191.660003662109,1,21.3582000732422,36.8973007202148,0.0292000006884336,0,0.000372000009519979,148.033493041992,-84.395,24.3981,63.5812281108751,53,52,53,51,53,53,0,8522,1.57564111924858,24,-84,0.0073,47,2021-12-14 09:48:23.001035,191.660003662109,1.0412,2,"aoml_apex",1026.67060386359
"4903625",12,0,1,0.0365,1,-0.0073,1,0.000335999997332692,3,154.609724415508,1,1.94788709358695,201.190002441406,1,21.1415996551514,36.8726997375488,0.0364999994635582,0,0.000335999997332692,147.820404052734,-84.395,24.3981,63.5812281108751,53,52,53,51,53,53,0,8522,1.57564111924858,24,-84,0.0073,47,2021-12-14 09:48:23.001035,201.190002441406,1.0412,2,"aoml_apex",1026.75355598619
"4903625",12,0,1,0.0292,1,-0.0146,1,0.000312999996822327,3,153.663893618132,1,1.94761241078091,211.770004272461,1,20.6021003723145,36.8070983886719,0.0292000006884336,0,0.000312999996822327,146.916107177734,-84.395,24.3981,63.5812281108751,53,52,53,51,53,53,0,8522,1.57564111924858,24,-84,0.0073,47,2021-12-14 09:48:23.001035,211.770004272461,1.0412,2,"aoml_apex",1026.89836485386
"4903625",12,0,1,0.0365,1,-0.0073,1,0.000323999993270263,3,152.827657517125,1,1.94740001460133,221.789993286133,1,20.2203006744385,36.7606010437012,0.0364999994635582,0,0.000323999993270263,146.116592407227,-84.395,24.3981,63.5812281108751,53,52,53,51,53,53,0,8522,1.57564111924858,24,-84,0.0073,47,2021-12-14 09:48:23.001035,221.789993286133,1.0412,2,"aoml_apex",1027.01036510439
"4903625",12,0,1,0.0292,1,-0.0146,1,0.000335999997332692,3,151.518154905836,1,1.94718732489224,231.5,1,19.8432998657227,36.7192993164062,0.0292000006884336,0,0.000335999997332692,144.864593505859,-84.395,24.3981,63.5812281108751,53,52,53,51,53,53,0,8522,1.57564111924858,24,-84,0.0073,47,2021-12-14 09:48:23.001035,231.5,1.0412,2,"aoml_apex",1027.1225446225
"4903625",12,0,1,0.0292,1,-0.0146,1,0.000358999997843057,3,152.780800078864,1,1.94701838213231,240.889999389648,1,19.536600112915,36.6754989624023,0.0292000006884336,0,0.000358999997843057,146.071792602539,-84.395,24.3981,63.5812281108751,53,52,53,51,53,53,0,8522,1.57564111924858,24,-84,0.0073,47,2021-12-14 09:48:23.001035,240.889999389648,1.0412,2,"aoml_apex",1027.21166803246
"4903625",12,0,1,0.0365,1,-0.0073,1,0.000335999997332692,3,152.514402136272,1,1.94683527999511,249.820007324219,1,19.1606998443604,36.6212997436523,0.0364999994635582,0,0.000335999997332692,145.817092895508,-84.395,24.3981,63.5812281108751,53,52,53,51,53,53,0,8522,1.57564111924858,24,-84,0.0073,47,2021-12-14 09:48:23.001035,249.820007324219,1.0412,2,"aoml_apex",1027.30827849238
"4903625",12,0,1,0.0365,1,-0.0073,1,0.000394000002415851,3,145.462437476096,1,1.94660236583582,261.570007324219,1,18.5991992950439,36.5242004394531,0.0364999994635582,0,0.000394000002415851,139.074798583984,-84.395,24.3981,63.5812281108751,53,52,53,51,53,53,0,8522,1.57564111924858,24,-84,0.0073,47,2021-12-14 09:48:23.001035,261.570007324219,1.0412,2,"aoml_apex",1027.4311976094
"4903625",12,0,1,0.0365,1,-0.0073,1,0.000383000005967915,3,145.705725891916,1,1.94638965847774,271.470001220703,1,18.1166000366211,36.4533004760742,0.0364999994635582,0,0.000383000005967915,139.307403564453,-84.395,24.3981,63.5812281108751,53,52,53,51,53,53,0,8522,1.57564111924858,24,-84,0.0073,47,2021-12-14 09:48:23.001035,271.470001220703,1.0412,2,"aoml_apex",1027.54347840308
"4903625",12,0,1,0.0292,1,-0.0146,1,0.000346999993780628,3,153.487859032295,1,1.94620633538408,281.679992675781,1,17.8763999938965,36.4422988891602,0.0292000006884336,0,0.000346999993780628,146.747802734375,-84.395,24.3981,63.5812281108751,53,52,53,51,53,53,0,8522,1.57564111924858,24,-84,0.0073,47,2021-12-14 09:48:23.001035,281.679992675781,1.0412,2,"aoml_apex",1027.64026796023
"4903625",12,0,1,0.0292,1,-0.0146,1,0.000346999993780628,3,149.68035702162,1,1.94608087582483,291.239990234375,1,17.6865005493164,36.4121017456055,0.0292000006884336,0,0.000346999993780628,143.107498168945,-84.395,24.3981,63.5812281108751,53,52,53,51,53,53,0,8522,1.57564111924858,24,-84,0.0073,47,2021-12-14 09:48:23.001035,291.239990234375,1.0412,2,"aoml_apex",1027.70651767097
"4903625",12,0,1,0.0365,1,-0.0073,1,0.000346999993780628,3,146.141982048204,1,1.94590925712411,301.260009765625,1,17.2807998657227,36.3417015075684,0.0364999994635582,0,0.000346999993780628,139.724502563477,-84.395,24.3981,63.5812281108751,53,52,53,51,53,53,0,8522,1.57564111924858,24,-84,0.0073,47,2021-12-14 09:48:23.001035,301.260009765625,1.0412,2,"aoml_apex",1027.79715584263
"4903625",12,0,1,0.0219,1,-0.0219,1,0.000346999993780628,3,142.92878429024,1,1.94571646437248,311.809997558594,1,16.8195991516113,36.2671012878418,0.0219000000506639,0,0.000346999993780628,136.652404785156,-84.395,24.3981,63.5812281108751,53,52,53,51,53,53,0,8522,1.57564111924858,24,-84,0.0073,47,2021-12-14 09:48:23.001035,311.809997558594,1.0412,2,"aoml_apex",1027.89899588223
"4903625",12,0,1,0.0365,1,-0.0073,1,0.000429000006988645,3,136.077735260263,1,1.94559736229839,321.859985351562,1,16.5877990722656,36.2187004089355,0.0364999994635582,0,0.000429000006988645,130.102203369141,-84.395,24.3981,63.5812281108751,53,52,53,51,53,53,0,8522,1.57564111924858,24,-84,0.0073,47,2021-12-14 09:48:23.001035,321.859985351562,1.0412,2,"aoml_apex",1027.96191995107
"4903625",12,0,1,0.0438,1,0,1,0.000357999990228564,3,134.932121965562,1,1.94539897145436,330.959991455078,1,16.0757007598877,36.144100189209,0.0438000001013279,0,0.000357999990228564,129.006896972656,-84.395,24.3981,63.5812281108751,53,52,53,51,53,53,0,8522,1.57564111924858,24,-84,0.0073,47,2021-12-14 09:48:23.001035,330.959991455078,1.0412,2,"aoml_apex",1028.06675100934
"4903625",12,0,1,0.0292,1,-0.0146,1,0.000381999998353422,3,129.873697121232,1,1.94520838898866,341.329986572266,1,15.5729999542236,36.0626983642578,0.0292000006884336,0,0.000381999998353422,124.170600891113,-84.395,24.3981,63.5812281108751,53,52,53,51,53,53,0,8522,1.57564111924858,24,-84,0.0073,47,2021-12-14 09:48:23.001035,341.329986572266,1.0412,2,"aoml_apex",1028.16747620538
"4903625",12,0,1,0.0292,1,-0.0146,1,0.000345999986166134,3,127.708830806839,1,1.94506207826989,351.459991455078,1,15.2453002929688,36.0070991516113,0.0292000006884336,0,0.000345999986166134,122.100799560547,-84.395,24.3981,63.5812281108751,53,52,53,51,53,53,0,8522,1.57564111924858,24,-84,0.0073,47,2021-12-14 09:48:23.001035,351.459991455078,1.0412,2,"aoml_apex",1028.24481662764
"4903625",12,0,1,0.0292,1,-0.0146,1,0.000380999990738928,3,125.031461261468,1,1.94490003656533,361.480010986328,1,14.8330001831055,35.9393005371094,0.0292000006884336,0,0.000380999990738928,119.541000366211,-84.395,24.3981,63.5812281108751,53,52,53,51,53,53,0,8522,1.57564111924858,24,-84,0.0073,47,2021-12-14 09:48:23.001035,361.480010986328,1.0412,2,"aoml_apex",1028.33048609119
"4903625",12,0,1,0.0365,1,-0.0073,1,0.000628000008873641,3,123.665166349752,1,1.94460205692019,381.380004882812,1,14.1367998123169,35.8288993835449,0.0364999994635582,0,0.000628000008873641,118.234703063965,-84.395,24.3981,63.5812281108751,53,52,53,51,53,53,0,8522,1.57564111924858,24,-84,0.0073,47,2021-12-14 09:48:23.001035,381.380004882812,1.0412,2,"aoml_apex",1028.48806154589
"4903625",12,0,1,0.0365,1,-0.0073,1,0.000380000012228265,3,120.521097676879,1,1.94430832977063,401.670013427734,1,13.3971996307373,35.706901550293,0.0364999994635582,0,0.000380000012228265,115.228698730469,-84.395,24.3981,63.5812281108751,53,52,53,51,53,53,0,8522,1.57564111924858,24,-84,0.0073,47,2021-12-14 09:48:23.001035,401.670013427734,1.0412,2,"aoml_apex",1028.64343549664
"4903625",12,0,1,0.0292,1,-0.0146,1,0.000379000004613772,3,118.359479144736,1,1.94367457888853,451.540008544922,1,12.0552997589111,35.4958000183105,0.0292000006884336,0,0.000379000004613772,113.162002563477,-84.395,24.3981,63.5812281108751,53,52,53,51,53,53,0,8522,1.57564111924858,24,-84,0.0073,47,2021-12-14 09:48:23.001035,451.540008544922,1.0412,2,"aoml_apex",1028.97883304297
"4903625",12,0,1,0.0438,1,0,1,0.000354999996488914,3,116.386224003286,1,1.94305177721475,501.529998779297,1,10.6611995697021,35.2845001220703,0.0438000001013279,0,0.000354999996488914,111.275398254395,-84.395,24.3981,63.5812281108751,53,52,53,51,53,53,0,8522,1.57564111924858,24,-84,0.0073,47,2021-12-14 09:48:23.001035,501.529998779297,1.0412,2,"aoml_apex",1029.3086491328
"4903625",12,0,1,0.0438,1,0,1,0.000423999998020008,3,114.724763937648,1,1.94248181510131,551.080017089844,1,9.72959995269775,35.1678009033203,0.0438000001013279,0,0.000423999998020008,109.686897277832,-84.395,24.3981,63.5812281108751,53,52,53,51,53,53,0,8522,1.57564111924858,24,-84,0.0073,47,2021-12-14 09:48:23.001035,551.080017089844,1.0412,2,"aoml_apex",1029.61066839933
"4903625",12,0,1,0.0438,1,0,1,0.00039999998989515,3,119.693559567647,1,1.94192071491332,601.280029296875,1,8.65999984741211,35.0209007263184,0.0438000001013279,0,0.00039999998989515,114.4375,-84.395,24.3981,63.5812281108751,53,52,53,51,53,53,0,8522,1.57564111924858,24,-84,0.0073,47,2021-12-14 09:48:23.001035,601.280029296875,1.0412,2,"aoml_apex",1029.90816496299
"4903625",12,0,1,0.0511,1,0.0073,1,0.000433999986853451,3,125.973533568819,1,1.94132311541299,651.080017089844,1,7.70879983901978,34.9385986328125,0.0511000007390976,0,0.000433999986853451,120.441703796387,-84.395,24.3981,63.5812281108751,53,52,53,51,53,53,0,8522,1.57564111924858,24,-84,0.0073,47,2021-12-14 09:48:23.001035,651.080017089844,1.0412,2,"aoml_apex",1030.22520265748
"4903625",12,0,1,0.0438,1,0,1,0.000373999995645136,3,130.991373104737,1,1.94070683132835,701.679992675781,1,6.93179988861084,34.9085998535156,0.0438000001013279,0,0.000373999995645136,125.239196777344,-84.395,24.3981,63.5812281108751,53,52,53,51,53,53,0,8522,1.57564111924858,24,-84,0.0073,47,2021-12-14 09:48:23.001035,701.679992675781,1.0412,2,"aoml_apex",1030.55235737541
"4903625",12,0,1,0.0365,1,-0.0073,1,0.000384999992093071,3,138.213211938227,1,1.94016386652476,751.429992675781,1,6.48000001907349,34.9019012451172,0.0364999994635582,0,0.000384999992093071,132.143905639648,-84.395,24.3981,63.5812281108751,53,52,53,51,53,53,0,8522,1.57564111924858,24,-84,0.0073,47,2021-12-14 09:48:23.001035,751.429992675781,1.0412,2,"aoml_apex",1030.84076273538
"4903625",12,0,1,0.0438,1,0,1,0.000395999988541007,3,144.301040119255,1,1.93965806481259,801.210021972656,1,6.19469976425171,34.9030990600586,0.0438000001013279,0,0.000395999988541007,137.964401245117,-84.395,24.3981,63.5812281108751,53,52,53,51,53,53,0,8522,1.57564111924858,24,-84,0.0073,47,2021-12-14 09:48:23.001035,801.210021972656,1.0412,2,"aoml_apex",1031.10957352849
"4903625",12,0,1,0.0511,1,0.0073,1,0.000312999996822327,3,149.584439717823,1,1.93913796589501,851.640014648438,1,5.91249990463257,34.9115982055664,0.0511000007390976,0,0.000312999996822327,143.01579284668,-84.395,24.3981,63.5812281108751,53,52,53,51,53,53,0,8522,1.57564111924858,24,-84,0.0073,47,2021-12-14 09:48:23.001035,851.640014648438,1.0412,2,"aoml_apex",1031.38612887552
"4903625",12,0,1,0.0438,1,0,1,0.000465999997686595,3,159.595764412687,1,1.93862500925712,901.080017089844,1,5.59689998626709,34.915599822998,0.0438000001013279,0,0.000465999997686595,152.587493896484,-84.395,24.3981,63.5812281108751,53,52,53,51,53,53,0,8522,1.57564111924858,24,-84,0.0073,47,2021-12-14 09:48:23.001035,901.080017089844,1.0412,2,"aoml_apex",1031.6590317621
"4903625",12,0,1,0.0438,1,0,1,0.000348000001395121,3,167.615009596745,1,1.93810672342934,951.739990234375,1,5.32049989700317,34.9241981506348,0.0438000001013279,0,0.000348000001395121,160.254592895508,-84.395,24.3981,63.5812281108751,53,52,53,51,53,53,0,8522,1.57564111924858,24,-84,0.0073,47,2021-12-14 09:48:23.001035,951.739990234375,1.0412,2,"aoml_apex",1031.93491659796
"4903625",12,0,1,0.0438,1,0,1,0.000335999997332692,3,173.481525755851,1,1.93764116102032,999.710021972656,1,5.1395001411438,34.9304008483887,0.0438000001013279,0,0.000335999997332692,165.863494873047,-84.395,24.3981,63.5812281108751,53,52,53,51,53,53,0,8522,1.57564111924858,24,-84,0.0073,47,2021-12-14 09:48:23.001035,999.710021972656,1.0412,2,"aoml_apex",1032.18286245883
"4903625",12,0,1,0.0511,1,0.0073,1,0.000534999999217689,3,186.503568535922,1,1.93668361188721,1099.28002929688,1,4.79080009460449,34.9432983398438,0.0511000007390976,0,0.000534999999217689,178.313705444336,-84.395,24.3981,63.5812281108751,53,52,53,51,53,53,0,8522,1.57564111924858,24,-84,0.0073,47,2021-12-14 09:48:23.001035,1099.28002929688,1.0412,2,"aoml_apex",1032.69320178276
"4903625",12,0,1,0.0438,1,0,1,0.000299000006634742,3,197.518242491203,1,1.93574546189816,1199.46997070312,1,4.52169990539551,34.9550018310547,0.0438000001013279,0,0.000299000006634742,188.844696044922,-84.395,24.3981,63.5812281108751,53,52,53,51,53,53,0,8522,1.57564111924858,24,-84,0.0073,47,2021-12-14 09:48:23.001035,1199.46997070312,1.0412,2,"aoml_apex",1033.19369171545
"4903625",12,0,1,0.0365,1,-0.0073,1,0.000299000006634742,3,202.423558740861,1,1.93486131397264,1299.68005371094,1,4.41559982299805,34.9600982666016,0.0364999994635582,0,0.000299000006634742,193.534606933594,-84.395,24.3981,63.5812281108751,53,52,53,51,53,53,0,8522,1.57564111924858,24,-84,0.0073,47,2021-12-14 09:48:23.001035,1299.68005371094,1.0412,2,"aoml_apex",1033.66581654042
"4903625",12,0,1,0.0438,1,0,1,0.000334000011207536,3,205.528183218005,1,1.9339993161659,1399.80004882812,1,4.36789989471436,34.9625015258789,0.0438000001013279,0,0.000334000011207536,196.502899169922,-84.395,24.3981,63.5812281108751,53,52,53,51,53,53,0,8522,1.57564111924858,24,-84,0.0073,47,2021-12-14 09:48:23.001035,1399.80004882812,1.0412,2,"aoml_apex",1034.12652904394
"4903625",12,0,1,0.0511,1,0.0073,1,0.000274999998509884,3,206.956920134896,1,1.93314551255047,1500.06005859375,1,4.34189987182617,34.9640007019043,0.0511000007390976,0,0.000274999998509884,197.868896484375,-84.395,24.3981,63.5812281108751,53,52,53,51,53,53,0,8522,1.57564111924858,24,-84,0.0073,47,2021-12-14 09:48:23.001035,1500.06005859375,1.0412,2,"aoml_apex",1034.58326702025
"4903625",12,0,1,0.0365,1,-0.0073,1,0.000274999998509884,3,209.581782537257,1,1.93229705480943,1599.56005859375,1,4.30840015411377,34.9664001464844,0.0364999994635582,0,0.000274999998509884,200.378494262695,-84.395,24.3981,63.5812281108751,53,52,53,51,53,53,0,8522,1.57564111924858,24,-84,0.0073,47,2021-12-14 09:48:23.001035,1599.56005859375,1.0412,2,"aoml_apex",1035.0375450928
"4903625",12,0,1,0.0438,1,0,1,0.000262999994447455,3,210.785137729653,1,1.93145342621863,1699.69995117188,1,4.29619979858398,34.967399597168,0.0438000001013279,0,0.000262999994447455,201.529006958008,-84.395,24.3981,63.5812281108751,53,52,53,51,53,53,0,8522,1.57564111924858,24,-84,0.0073,47,2021-12-14 09:48:23.001035,1699.69995117188,1.0412,2,"aoml_apex",1035.48963327351
"4903625",12,0,1,0.0365,1,-0.0073,1,0.000287000002572313,3,210.820057373697,1,1.93061317288613,1799.94995117188,1,4.28760004043579,34.9678001403809,0.0364999994635582,0,0.000287000002572313,201.562393188477,-84.395,24.3981,63.5812281108751,53,52,53,51,53,53,0,8522,1.57564111924858,24,-84,0.0073,47,2021-12-14 09:48:23.001035,1799.94995117188,1.0412,2,"aoml_apex",1035.94030543681
"4903625",12,0,1,0.0365,1,-0.0073,1,0.000274999998509884,3,211.156533998648,1,1.9297875934886,1899.02001953125,1,4.28550004959106,34.9678001403809,0.0364999994635582,0,0.000274999998509884,201.884094238281,-84.395,24.3981,63.5812281108751,53,52,53,51,53,53,0,8522,1.57564111924858,24,-84,0.0073,47,2021-12-14 09:48:23.001035,1899.02001953125,1.0412,2,"aoml_apex",1036.38348943081
"4903625",13,0.111192833101203,5,0.1533,1,0.1095,1,0.000621000013779849,3,195.129439301048,1,1.95359868460899,7.51000022888184,1,26.7057991027832,36.2046012878418,0.153300002217293,0.186461299657822,0.000621000013779849,186.455993652344,-84.4531,24.3706,23.8453181280607,53,52,53,51,53,53,0.1752,8522,1.57564111924858,24,-84,0.0073,47,2021-12-24 17:16:21.001847,7.51000022888184,1.0412,2,"aoml_apex",1023.75171305989
"4903625",13,0.111192833101203,5,0.1533,1,0.1095,1,0.000621000013779849,3,195.086962856805,1,1.95356816878375,11.6700000762939,1,26.7031002044678,36.201000213623,0.153300002217293,0.186461299657822,0.000621000013779849,186.415405273438,-84.4531,24.3706,23.8453181280607,53,52,53,51,53,53,0.1752,8522,1.57564111924858,24,-84,0.0073,47,2021-12-24 17:16:21.001847,11.6700000762939,1.0412,2,"aoml_apex",1023.76770463309
"4903625",13,0.111192833101203,5,0.1898,1,0.146,1,0.000598000013269484,3,194.301132669724,1,1.95352419785222,16.9599990844727,1,26.7019996643066,36.201000213623,0.18979999423027,0.186461299657822,0.000598000013269484,185.664505004883,-84.4531,24.3706,23.8453181280607,53,52,53,51,53,53,0.1752,8522,1.57564111924858,24,-84,0.0073,47,2021-12-24 17:16:21.001847,16.9599990844727,1.0412,2,"aoml_apex",1023.7907481253
"4903625",13,0.111192833101203,5,0.219,1,0.1752,1,0.000655999989248812,3,192.094130082372,1,1.95347803162044,21.8099994659424,1,26.7168998718262,36.211799621582,0.218999996781349,0.18979999423027,0.000655999989248812,183.555603027344,-84.4531,24.3706,23.8453181280607,53,52,53,51,53,53,0.1752,8522,1.57564111924858,24,-84,0.0073,47,2021-12-24 17:16:21.001847,21.8099994659424,1.0412,2,"aoml_apex",1023.8149432072
"4903625",13,0.217752631489855,1,0.3869,1,0.3431,1,0.000644000014290214,3,187.467151848695,1,1.95323341809564,26.6800003051758,1,26.8516998291016,36.4113006591797,0.386900007724762,0.357699990272522,0.000644000014290214,179.134292602539,-84.4531,24.3706,23.8453181280607,53,52,53,51,53,53,0.3431,8522,1.57564111924858,24,-84,0.0073,47,2021-12-24 17:16:21.001847,26.6800003051758,1.0412,2,"aoml_apex",1023.94316084862
"4903625",13,0.287248152178107,1,0.4964,1,0.4526,1,0.000632999988738447,3,195.656578361536,1,1.95301866530819,31.8400001525879,1,26.1196002960205,36.223201751709,0.496399998664856,0.467200011014938,0.000632999988738447,186.959701538086,-84.4531,24.3706,23.8453181280607,53,52,53,51,53,53,0.4526,8522,1.57564111924858,24,-84,0.0073,47,2021-12-24 17:16:21.001847,31.8400001525879,1.0412,2,"aoml_apex",1024.05575303828
"4903625",13,0.189954423214555,1,0.3431,1,0.2993,1,0.000645000021904707,3,200.787333611369,1,1.95283832605898,36.6300010681152,1,25.5820999145508,36.0988006591797,0.343100011348724,0.313899993896484,0.000645000021904707,191.862396240234,-84.4531,24.3706,23.8453181280607,53,52,53,51,53,53,0.2993,8522,1.57564111924858,24,-84,0.0073,47,2021-12-24 17:16:21.001847,36.6300010681152,1.0412,2,"aoml_apex",1024.15032177098
"4903625",13,0.176055319076904,1,0.3212,1,0.2774,1,0.000609999988228083,3,201.426556191459,1,1.9527039166563,41.6199989318848,1,25.328800201416,36.060001373291,0.321200013160706,0.291999995708466,0.000609999988228083,192.473205566406,-84.4531,24.3706,23.8453181280607,53,52,53,51,53,53,0.2774,8522,1.57564111924858,24,-84,0.0073,47,2021-12-24 17:16:21.001847,41.6199989318848,1.0412,2,"aoml_apex",1024.22081655097
"4903625",13,0.148257110801604,1,0.2774,1,0.2336,1,0.000609999988228083,3,201.354969011181,1,1.95258628004157,46.7999992370605,1,25.1972999572754,36.0586013793945,0.277399986982346,0.248199999332428,0.000609999988228083,192.404800415039,-84.4531,24.3706,23.8453181280607,53,52,53,51,53,53,0.2336,8522,1.57564111924858,24,-84,0.0073,47,2021-12-24 17:16:21.001847,46.7999992370605,1.0412,2,"aoml_apex",1024.28252233618
"4903625",13,0.148257110801604,1,0.2774,1,0.2336,1,0.000551000004634261,3,201.860023514381,1,1.9524932867117,51.4700012207031,1,25.0559997558594,36.0391998291016,0.277399986982346,0.248199999332428,0.000551000004634261,192.887405395508,-84.4531,24.3706,23.8453181280607,53,52,53,51,53,53,0.2336,8522,1.57564111924858,24,-84,0.0073,47,2021-12-24 17:16:21.001847,51.4700012207031,1.0412,2,"aoml_apex",1024.33130685346
"4903625",13,0.143624076089054,1,0.2701,1,0.2263,1,0.000538999971468002,3,201.876343411379,1,1.95243577406746,56.5200004577637,1,25.0014991760254,36.0283012390137,0.270099997520447,0.240899994969368,0.000538999971468002,192.90299987793,-84.4531,24.3706,23.8453181280607,53,52,53,51,53,53,0.2263,8522,1.57564111924858,24,-84,0.0073,47,2021-12-24 17:16:21.001847,56.5200004577637,1.0412,2,"aoml_apex",1024.36148044627
"4903625",13,0.129724971951403,1,0.2482,1,0.2044,1,0.00056299997959286,3,202.144040821637,1,1.95234597221636,61.3199996948242,1,24.8397998809814,35.9980010986328,0.248199999332428,0.218999996781349,0.00056299997959286,193.158798217773,-84.4531,24.3706,23.8453181280607,53,52,53,51,53,53,0.2044,8522,1.57564111924858,24,-84,0.0073,47,2021-12-24 17:16:21.001847,61.3199996948242,1.0412,2,"aoml_apex",1024.4085978929
"4903625",13,0.120458902526303,1,0.2336,1,0.1898,1,0.000538999971468002,3,202.375010479355,1,1.95222445726713,66.8099975585938,1,24.5379009246826,35.9299011230469,0.233600005507469,0.20440000295639,0.000538999971468002,193.379501342773,-84.4531,24.3706,23.8453181280607,53,52,53,51,53,53,0.1898,8522,1.57564111924858,24,-84,0.0073,47,2021-12-24 17:16:21.001847,66.8099975585938,1.0412,2,"aoml_apex",1024.47236154379
"4903625",13,0.115825867813753,1,0.2263,1,0.1825,1,0.000551000004634261,3,201.29385722467,1,1.95204852152116,71.9499969482422,1,24.2607002258301,35.9123001098633,0.226300001144409,0.19709999859333,0.000551000004634261,192.346405029297,-84.4531,24.3706,23.8453181280607,53,52,53,51,53,53,0.1825,8522,1.57564111924858,24,-84,0.0073,47,2021-12-24 17:16:21.001847,71.9499969482422,1.0412,2,"aoml_apex",1024.56469598485
"4903625",13,0.125091937238853,1,0.2409,1,0.1971,1,0.000515000021550804,3,194.187468259905,1,1.95180834020721,76.9100036621094,1,24.1292991638184,35.9986000061035,0.240899994969368,0.21170000731945,0.000515000021550804,185.555892944336,-84.4531,24.3706,23.8453181280607,53,52,53,51,53,53,0.1971,8522,1.57564111924858,24,-84,0.0073,47,2021-12-24 17:16:21.001847,76.9100036621094,1.0412,2,"aoml_apex",1024.6907746012
"4903625",13,0.0741285554008019,1,0.1606,1,0.1168,1,0.000537000014446676,3,163.918738123877,1,1.9510122103226,81.8300018310547,1,24.9016990661621,36.8325004577637,0.160600006580353,0.131400004029274,0.000537000014446676,156.632598876953,-84.4531,24.3706,23.8453181280607,53,52,53,51,53,53,0.1168,8522,1.57564111924858,24,-84,0.0073,47,2021-12-24 17:16:21.001847,81.8300018310547,1.0412,2,"aoml_apex",1025.10890983573
"4903625",13,0.078761590113352,1,0.1679,1,0.1241,1,0.000455000001238659,3,160.346453194467,1,1.95061970986959,86.8000030517578,1,24.2945003509521,36.8328018188477,0.167899996042252,0.138699993491173,0.000455000001238659,153.219100952148,-84.4531,24.3706,23.8453181280607,53,52,53,51,53,53,0.1241,8522,1.57564111924858,24,-84,0.0073,47,2021-12-24 17:16:21.001847,86.8000030517578,1.0412,2,"aoml_apex",1025.31518054522
"4903625",13,0.0555964165506014,1,0.1314,1,0.0876,1,0.000490000005811453,3,157.606147671634,1,1.95026649940688,91.9400024414062,1,23.5701007843018,36.7627983093262,0.131400004029274,0.102200001478195,0.000490000005811453,150.600601196289,-84.4531,24.3706,23.8453181280607,53,52,53,51,53,53,0.0876,8522,1.57564111924858,24,-84,0.0073,47,2021-12-24 17:16:21.001847,91.9400024414062,1.0412,2,"aoml_apex",1025.50087416681
"4903625",13,0.00926606942510023,1,0.0584,1,0.0146,1,0.000441999989561737,3,156.200353021665,1,1.94942302881355,96.5299987792969,1,22.6529006958008,36.967700958252,0.0584000013768673,0.0292000006884336,0.000441999989561737,149.257293701172,-84.4531,24.3706,23.8453181280607,53,52,53,51,53,53,0.0146,8522,1.57564111924858,24,-84,0.0073,47,2021-12-24 17:16:21.001847,96.5299987792969,1.0412,2,"aoml_apex",1025.94458485352
"4903625",13,0.00463303471255012,1,0.0511,1,0.0073,1,0.000407000014092773,3,155.196535638961,1,1.94923741412997,101.5,1,22.4228000640869,36.9807014465332,0.0511000007390976,0.0219000000506639,0.000407000014092773,148.298095703125,-84.4531,24.3706,23.8453181280607,53,52,53,51,53,53,0.0073,8522,1.57564111924858,24,-84,0.0073,47,2021-12-24 17:16:21.001847,101.5,1.0412,2,"aoml_apex",1026.04227966386
"4903625",13,-0.00463303471255012,1,0.0365,1,-0.0073,1,0.00036000000545755,3,153.814933399905,1,1.94899435215967,111.5,1,22.0351009368896,36.9463005065918,0.0364999994635582,0.00730000017210841,0.00036000000545755,146.977905273438,-84.4531,24.3706,23.8453181280607,53,52,53,51,53,53,-0.0073,8522,1.57564111924858,24,-84,0.0073,47,2021-12-24 17:16:21.001847,111.5,1.0412,2,"aoml_apex",1026.17023891517
"4903625",13,0,1,0.0292,1,-0.0146,1,0.00047699999413453,3,152.513796876089,1,1.9486469912533,121.889999389648,1,21.4377002716064,36.9061012268066,0.0292000006884336,0,0.00047699999413453,145.734603881836,-84.4531,24.3706,23.8453181280607,53,52,53,51,53,53,0,8522,1.57564111924858,24,-84,0.0073,47,2021-12-24 17:16:21.001847,121.889999389648,1.0412,2,"aoml_apex",1026.35316143827
"4903625",13,0,1,0.0292,1,-0.0146,1,0.000348000001395121,3,151.752973497913,1,1.94836552229755,131.679992675781,1,20.8915004730225,36.8460006713867,0.0292000006884336,0,0.000348000001395121,145.007598876953,-84.4531,24.3706,23.8453181280607,53,52,53,51,53,53,0,8522,1.57564111924858,24,-84,0.0073,47,2021-12-24 17:16:21.001847,131.679992675781,1.0412,2,"aoml_apex",1026.50143266832
"4903625",13,0,1,0.0292,1,-0.0146,1,0.000335999997332692,3,154.079484998315,1,1.94812473057925,141.960006713867,1,20.4375,36.7910003662109,0.0292000006884336,0,0.000335999997332692,147.230697631836,-84.4531,24.3706,23.8453181280607,53,52,53,51,53,53,0,8522,1.57564111924858,24,-84,0.0073,47,2021-12-24 17:16:21.001847,141.960006713867,1.0412,2,"aoml_apex",1026.62831009046
"4903625",13,0,1,0.0365,1,-0.0073,1,0.00047699999413453,3,154.478731637022,1,1.94785416384487,151.919998168945,1,19.8882999420166,36.7271995544434,0.0364999994635582,0,0.00047699999413453,147.612197875977,-84.4531,24.3706,23.8453181280607,53,52,53,51,53,53,0,8522,1.57564111924858,24,-84,0.0073,47,2021-12-24 17:16:21.001847,151.919998168945,1.0412,2,"aoml_apex",1026.77091392315
"4903625",13,0,1,0.0219,1,-0.0219,1,0.000323999993270263,3,155.630529925289,1,1.94770527486089,161.550003051758,1,19.6567993164062,36.6944007873535,0.0219000000506639,0,0.000323999993270263,148.712799072266,-84.4531,24.3706,23.8453181280607,53,52,53,51,53,53,0,8522,1.57564111924858,24,-84,0.0073,47,2021-12-24 17:16:21.001847,161.550003051758,1.0412,2,"aoml_apex",1026.84940366188
"4903625",13,0,1,0.0292,1,-0.0146,1,0.000348000001395121,3,155.915601159358,1,1.94748459291532,171.539993286133,1,19.220100402832,36.6390991210938,0.0292000006884336,0,0.000348000001395121,148.985198974609,-84.4531,24.3706,23.8453181280607,53,52,53,51,53,53,0,8522,1.57564111924858,24,-84,0.0073,47,2021-12-24 17:16:21.001847,171.539993286133,1.0412,2,"aoml_apex",1026.96576254093
"4903625",13,0,1,0.0219,1,-0.0219,1,0.000371000001905486,3,154.538901276836,1,1.94725384881025,181.619995117188,1,18.6816997528076,36.5579986572266,0.0219000000506639,0,0.000371000001905486,147.669692993164,-84.4531,24.3706,23.8453181280607,53,52,53,51,53,53,0,8522,1.57564111924858,24,-84,0.0073,47,2021-12-24 17:16:21.001847,181.619995117188,1.0412,2,"aoml_apex",1027.08745509579
"4903625",13,0,1,0.0292,1,-0.0146,1,0.000383000005967915,3,152.68667281044,1,1.9470334075606,191.410003662109,1,18.1893997192383,36.4898986816406,0.0292000006884336,0,0.000383000005967915,145.899795532227,-84.4531,24.3706,23.8453181280607,53,52,53,51,53,53,0,8522,1.57564111924858,24,-84,0.0073,47,2021-12-24 17:16:21.001847,191.410003662109,1.0412,2,"aoml_apex",1027.20374094955
"4903625",13,0,1,0.0292,1,-0.0146,1,0.000429000006988645,3,149.585109919898,1,1.94684313642809,201.479995727539,1,17.7429008483887,36.4169998168945,0.0292000006884336,0,0.000429000006988645,142.936096191406,-84.4531,24.3706,23.8453181280607,53,52,53,51,53,53,0,8522,1.57564111924858,24,-84,0.0073,47,2021-12-24 17:16:21.001847,201.479995727539,1.0412,2,"aoml_apex",1027.30413281752
"4903625",13,0,1,0.0365,1,-0.0073,1,0.000369999994290993,3,149.922190845283,1,1.94663992750768,211.710006713867,1,17.2670001983643,36.344898223877,0.0364999994635582,0,0.000369999994290993,143.258193969727,-84.4531,24.3706,23.8453181280607,53,52,53,51,53,53,0,8522,1.57564111924858,24,-84,0.0073,47,2021-12-24 17:16:21.001847,211.710006713867,1.0412,2,"aoml_apex",1027.41137266235
"4903625",13,0,1,0.0292,1,-0.0146,1,0.00040600000647828,3,148.811320048216,1,1.94650914885224,221.619995117188,1,17.0828990936279,36.3195991516113,0.0292000006884336,0,0.00040600000647828,142.196701049805,-84.4531,24.3706,23.8453181280607,53,52,53,51,53,53,0,8522,1.57564111924858,24,-84,0.0073,47,2021-12-24 17:16:21.001847,221.619995117188,1.0412,2,"aoml_apex",1027.4804005824
"4903625",13,0,1,0.0292,1,-0.0146,1,0.000346999993780628,3,147.34315209328,1,1.94640167045926,231.399993896484,1,16.9393997192383,36.2921981811523,0.0292000006884336,0,0.000346999993780628,140.793792724609,-84.4531,24.3706,23.8453181280607,53,52,53,51,53,53,0,8522,1.57564111924858,24,-84,0.0073,47,2021-12-24 17:16:21.001847,231.399993896484,1.0412,2,"aoml_apex",1027.5371370433
"4903625",13,0,1,0.0365,1,-0.0073,1,0.000346999993780628,3,146.55649153962,1,1.94625399355804,241.320007324219,1,16.6744003295898,36.2537002563477,0.0364999994635582,0,0.000346999993780628,140.042098999023,-84.4531,24.3706,23.8453181280607,53,52,53,51,53,53,0,8522,1.57564111924858,24,-84,0.0073,47,2021-12-24 17:16:21.001847,241.320007324219,1.0412,2,"aoml_apex",1027.61510399971
"4903625",13,0,1,0.0292,1,-0.0146,1,0.000346999993780628,3,143.842454344149,1,1.94610011554135,251.860000610352,1,16.3542995452881,36.1996002197266,0.0292000006884336,0,0.000346999993780628,137.448699951172,-84.4531,24.3706,23.8453181280607,53,52,53,51,53,53,0,8522,1.57564111924858,24,-84,0.0073,47,2021-12-24 17:16:21.001847,251.860000610352,1.0412,2,"aoml_apex",1027.69635746291
"4903625",13,0,1,0.0292,1,-0.0146,1,0.000334999989718199,3,141.946376134936,1,1.94596563297293,261.859985351562,1,16.097900390625,36.1558990478516,0.0292000006884336,0,0.000334999989718199,135.636901855469,-84.4531,24.3706,23.8453181280607,53,52,53,51,53,53,0,8522,1.57564111924858,24,-84,0.0073,47,2021-12-24 17:16:21.001847,261.859985351562,1.0412,2,"aoml_apex",1027.76737991232
"4903625",13,0,1,0.0292,1,-0.0146,1,0.000345999986166134,3,140.071120964556,1,1.94582004311279,271.299987792969,1,15.7503004074097,36.0960998535156,0.0292000006884336,0,0.000345999986166134,133.845001220703,-84.4531,24.3706,23.8453181280607,53,52,53,51,53,53,0,8522,1.57564111924858,24,-84,0.0073,47,2021-12-24 17:16:21.001847,271.299987792969,1.0412,2,"aoml_apex",1027.84427937156
"4903625",13,0,1,0.0365,1,-0.0073,1,0.000417000002926216,3,137.842672563437,1,1.94570012403063,280.959991455078,1,15.5300998687744,36.0569000244141,0.0364999994635582,0,0.000417000002926216,131.715606689453,-84.4531,24.3706,23.8453181280607,53,52,53,51,53,53,0,8522,1.57564111924858,24,-84,0.0073,47,2021-12-24 17:16:21.001847,280.959991455078,1.0412,2,"aoml_apex",1027.90762836407
"4903625",13,0,1,0.0292,1,-0.0146,1,0.000345999986166134,3,137.791700830346,1,1.94554804685739,290.869995117188,1,15.1981000900269,36.0056991577148,0.0292000006884336,0,0.000345999986166134,131.666900634766,-84.4531,24.3706,23.8453181280607,53,52,53,51,53,53,0,8522,1.57564111924858,24,-84,0.0073,47,2021-12-24 17:16:21.001847,290.869995117188,1.0412,2,"aoml_apex",1027.98797656556
"4903625",13,0,1,0.0292,1,-0.0146,1,0.000345999986166134,3,136.970819592471,1,1.94544500108251,300.970001220703,1,15.0767002105713,35.9827995300293,0.0292000006884336,0,0.000345999986166134,130.882507324219,-84.4531,24.3706,23.8453181280607,53,52,53,51,53,53,0,8522,1.57564111924858,24,-84,0.0073,47,2021-12-24 17:16:21.001847,300.970001220703,1.0412,2,"aoml_apex",1028.04242673894
"4903625",13,0,1,0.0365,1,-0.0073,1,0.000368999986676499,3,132.562674889585,1,1.94529792761302,311.809997558594,1,14.7882995605469,35.937198638916,0.0364999994635582,0,0.000368999986676499,126.670303344727,-84.4531,24.3706,23.8453181280607,53,52,53,51,53,53,0,8522,1.57564111924858,24,-84,0.0073,47,2021-12-24 17:16:21.001847,311.809997558594,1.0412,2,"aoml_apex",1028.12015147423
"4903625",13,0,1,0.0292,1,-0.0146,1,0.000368999986676499,3,129.70703623948,1,1.9451704161102,321.380004882812,1,14.5124998092651,35.8899993896484,0.0292000006884336,0,0.000368999986676499,123.941596984863,-84.4531,24.3706,23.8453181280607,53,52,53,51,53,53,0,8522,1.57564111924858,24,-84,0.0073,47,2021-12-24 17:16:21.001847,321.380004882812,1.0412,2,"aoml_apex",1028.18754770055
"4903625",13,0,1,0.0365,1,-0.0073,1,0.000368999986676499,3,130.659786077564,1,1.94503623856723,331.649993896484,1,14.2145004272461,35.8378982543945,0.0364999994635582,0,0.000368999986676499,124.851997375488,-84.4531,24.3706,23.8453181280607,53,52,53,51,53,53,0,8522,1.57564111924858,24,-84,0.0073,47,2021-12-24 17:16:21.001847,331.649993896484,1.0412,2,"aoml_apex",1028.25847680517
"4903625",13,0,1,0.0365,1,-0.0073,1,0.000357000011717901,3,129.976306555662,1,1.94489705450634,341.839996337891,1,13.9368000030518,35.7963981628418,0.0364999994635582,0,0.000357000011717901,124.19889831543,-84.4531,24.3706,23.8453181280607,53,52,53,51,53,53,0,8522,1.57564111924858,24,-84,0.0073,47,2021-12-24 17:16:21.001847,341.839996337891,1.0412,2,"aoml_apex",1028.33206280301
"4903625",13,0,1,0.0438,1,0,1,0.000333000003593042,3,126.533367189548,1,1.94475631632936,351.769989013672,1,13.6031999588013,35.7428016662598,0.0438000001013279,0,0.000333000003593042,120.908996582031,-84.4531,24.3706,23.8453181280607,53,52,53,51,53,53,0,8522,1.57564111924858,24,-84,0.0073,47,2021-12-24 17:16:21.001847,351.769989013672,1.0412,2,"aoml_apex",1028.40648116516
"4903625",13,0,1,0.0365,1,-0.0073,1,0.000509999983478338,3,124.69066398593,1,1.94460903269371,361.359985351562,1,13.1686000823975,35.6693992614746,0.0364999994635582,0,0.000509999983478338,119.14820098877,-84.4531,24.3706,23.8453181280607,53,52,53,51,53,53,0,8522,1.57564111924858,24,-84,0.0073,47,2021-12-24 17:16:21.001847,361.359985351562,1.0412,2,"aoml_apex",1028.48437211544
"4903625",13,0,1,0.0365,1,-0.0073,1,0.000380000012228265,3,119.462572207571,1,1.9443485019636,381.739990234375,1,12.5848999023438,35.5741996765137,0.0364999994635582,0,0.000380000012228265,114.152496337891,-84.4531,24.3706,23.8453181280607,53,52,53,51,53,53,0,8522,1.57564111924858,24,-84,0.0073,47,2021-12-24 17:16:21.001847,381.739990234375,1.0412,2,"aoml_apex",1028.62218269009
"4903625",13,0,1,0.0438,1,0,1,0.000414999987697229,3,115.701498645807,1,1.94406319166474,401.679992675781,1,11.8894996643066,35.4737014770508,0.0438000001013279,0,0.000414999987697229,110.558601379395,-84.4531,24.3706,23.8453181280607,53,52,53,51,53,53,0,8522,1.57564111924858,24,-84,0.0073,47,2021-12-24 17:16:21.001847,401.679992675781,1.0412,2,"aoml_apex",1028.77314306196
"4903625",13,0,1,0.0438,1,0,1,0.000402000005124137,3,114.75795469874,1,1.94345255497949,451.730010986328,1,10.5865001678467,35.279598236084,0.0438000001013279,0,0.000402000005124137,109.656997680664,-84.4531,24.3706,23.8453181280607,53,52,53,51,53,53,0,8522,1.57564111924858,24,-84,0.0073,47,2021-12-24 17:16:21.001847,451.730010986328,1.0412,2,"aoml_apex",1029.09638564401
"4903625",13,0,1,0.0438,1,0,1,0.000376999989384785,3,116.46346377803,1,1.94286485178748,501.510009765625,1,9.42759990692139,35.1236000061035,0.0438000001013279,0,0.000376999989384785,111.286697387695,-84.4531,24.3706,23.8453181280607,53,52,53,51,53,53,0,8522,1.57564111924858,24,-84,0.0073,47,2021-12-24 17:16:21.001847,501.510009765625,1.0412,2,"aoml_apex",1029.40768018936
"4903625",13,0,1,0.0438,1,0,1,0.00039999998989515,3,119.829378659631,1,1.94232063465713,550.859985351562,1,8.52799987792969,35.0112991333008,0.0438000001013279,0,0.00039999998989515,114.502998352051,-84.4531,24.3706,23.8453181280607,53,52,53,51,53,53,0,8522,1.57564111924858,24,-84,0.0073,47,2021-12-24 17:16:21.001847,550.859985351562,1.0412,2,"aoml_apex",1029.69610903251
"4903625",13,0,1,0.0438,1,0,1,0.000352000002749264,3,121.701807389925,1,1.94174781084662,600.97998046875,1,7.78539991378784,34.9552001953125,0.0438000001013279,0,0.000352000002749264,116.292198181152,-84.4531,24.3706,23.8453181280607,53,52,53,51,53,53,0,8522,1.57564111924858,24,-84,0.0073,47,2021-12-24 17:16:21.001847,600.97998046875,1.0412,2,"aoml_apex",1029.99987373643
"4903625",13,0,1,0.0438,1,0,1,0.000350999995134771,3,128.801593343527,1,1.94118651286087,650.960021972656,1,7.09409999847412,34.9081993103027,0.0438000001013279,0,0.000350999995134771,123.076400756836,-84.4531,24.3706,23.8453181280607,53,52,53,51,53,53,0,8522,1.57564111924858,24,-84,0.0073,47,2021-12-24 17:16:21.001847,650.960021972656,1.0412,2,"aoml_apex",1030.29770027222
"4903625",13,0,1,0.0438,1,0,1,0.000384999992093071,3,137.85648539211,1,1.94060732138894,701.849975585938,1,6.5543999671936,34.9020004272461,0.0438000001013279,0,0.000384999992093071,131.728805541992,-84.4531,24.3706,23.8453181280607,53,52,53,51,53,53,0,8522,1.57564111924858,24,-84,0.0073,47,2021-12-24 17:16:21.001847,701.849975585938,1.0412,2,"aoml_apex",1030.60520176156
"4903625",13,0,1,0.0438,1,0,1,0.000432000000728294,3,143.548903789819,1,1.94009463680517,751.450012207031,1,6.23640012741089,34.9025001525879,0.0438000001013279,0,0.000432000000728294,137.168197631836,-84.4531,24.3706,23.8453181280607,53,52,53,51,53,53,0,8522,1.57564111924858,24,-84,0.0073,47,2021-12-24 17:16:21.001847,751.450012207031,1.0412,2,"aoml_apex",1030.87754692909
"4903625",13,0,1,0.0438,1,0,1,0.000419999996665865,3,146.589674265612,1,1.93963157771554,801.580017089844,1,6.11759996414185,34.9043998718262,0.0438000001013279,0,0.000419999996665865,140.073806762695,-84.4531,24.3706,23.8453181280607,53,52,53,51,53,53,0,8522,1.57564111924858,24,-84,0.0073,47,2021-12-24 17:16:21.001847,801.580017089844,1.0412,2,"aoml_apex",1031.12365408876
"4903625",13,0,1,0.0365,1,-0.0073,1,0.000372000009519979,3,153.708071608599,1,1.93912815929329,849.630004882812,1,5.80499982833862,34.9099006652832,0.0364999994635582,0,0.000372000009519979,146.875793457031,-84.4531,24.3706,23.8453181280607,53,52,53,51,53,53,0,8522,1.57564111924858,24,-84,0.0073,47,2021-12-24 17:16:21.001847,849.630004882812,1.0412,2,"aoml_apex",1031.39134482421
"4903625",13,0,1,0.0511,1,0.0073,1,0.00036000000545755,3,160.668890924599,1,1.93860615592679,901.109985351562,1,5.53730010986328,34.9173011779785,0.0511000007390976,0,0.00036000000545755,153.527206420898,-84.4531,24.3706,23.8453181280607,53,52,53,51,53,53,0,8522,1.57564111924858,24,-84,0.0073,47,2021-12-24 17:16:21.001847,901.109985351562,1.0412,2,"aoml_apex",1031.66906485132
"4903625",13,0,1,0.0511,1,0.0073,1,0.000348000001395121,3,167.765107898769,1,1.93810492601426,951.530029296875,1,5.31040000915527,34.9248008728027,0.0511000007390976,0,0.000348000001395121,160.307998657227,-84.4531,24.3706,23.8453181280607,53,52,53,51,53,53,0,8522,1.57564111924858,24,-84,0.0073,47,2021-12-24 17:16:21.001847,951.530029296875,1.0412,2,"aoml_apex",1031.93587362322
"4903625",13,0,1,0.0438,1,0,1,0.000323999993270263,3,175.163881710936,1,1.93762606635168,999.859985351562,1,5.0939998626709,34.9315986633301,0.0438000001013279,0,0.000323999993270263,167.377899169922,-84.4531,24.3706,23.8453181280607,53,52,53,51,53,53,0,8522,1.57564111924858,24,-84,0.0073,47,2021-12-24 17:16:21.001847,999.859985351562,1.0412,2,"aoml_apex",1032.19090346249
"4903625",13,0,1,0.0511,1,0.0073,1,0.000369999994290993,3,187.304431936351,1,1.93666496426681,1100.31005859375,1,4.75979995727539,34.9444999694824,0.0511000007390976,0,0.000369999994290993,178.978805541992,-84.4531,24.3706,23.8453181280607,53,52,53,51,53,53,0,8522,1.57564111924858,24,-84,0.0073,47,2021-12-24 17:16:21.001847,1100.31005859375,1.0412,2,"aoml_apex",1032.70314530483
"4903625",13,0,1,0.0511,1,0.0073,1,0.00044000000343658,3,195.880314248862,1,1.93575594832108,1199.89001464844,1,4.56470012664795,34.9530982971191,0.0511000007390976,0,0.00044000000343658,187.173492431641,-84.4531,24.3706,23.8453181280607,53,52,53,51,53,53,0,8522,1.57564111924858,24,-84,0.0073,47,2021-12-24 17:16:21.001847,1199.89001464844,1.0412,2,"aoml_apex",1033.18809467415
"4903625",13,0,1,0.0511,1,0.0073,1,0.000345999986166134,3,202.483117820529,1,1.93486028865399,1299.80004882812,1,4.41389989852905,34.9598007202148,0.0511000007390976,0,0.000345999986166134,193.482803344727,-84.4531,24.3706,23.8453181280607,53,52,53,51,53,53,0,8522,1.57564111924858,24,-84,0.0073,47,2021-12-24 17:16:21.001847,1299.80004882812,1.0412,2,"aoml_apex",1033.66636429927
"4903625",13,0,1,0.0365,1,-0.0073,1,0.000274999998509884,3,206.418959594329,1,1.93399566716925,1399.25,1,4.34170007705688,34.9634017944336,0.0364999994635582,0,0.000274999998509884,197.243698120117,-84.4531,24.3706,23.8453181280607,53,52,53,51,53,53,0,8522,1.57564111924858,24,-84,0.0073,47,2021-12-24 17:16:21.001847,1399.25,1.0412,2,"aoml_apex",1034.12848019839
"4903625",13,0,1,0.0438,1,0,1,0.000299000006634742,3,208.775923192164,1,1.93313600114517,1500.03002929688,1,4.31489992141724,34.9656982421875,0.0438000001013279,0,0.000299000006634742,199.495895385742,-84.4531,24.3706,23.8453181280607,53,52,53,51,53,53,0,8522,1.57564111924858,24,-84,0.0073,47,2021-12-24 17:16:21.001847,1500.03002929688,1.0412,2,"aoml_apex",1034.58835737124
"4903625",13,0,1,0.0438,1,0,1,0.000274999998509884,3,209.790519371809,1,1.93229037312128,1600.01000976562,1,4.29990005493164,34.9668006896973,0.0438000001013279,0,0.000274999998509884,200.465393066406,-84.4531,24.3706,23.8453181280607,53,52,53,51,53,53,0,8522,1.57564111924858,24,-84,0.0073,47,2021-12-24 17:16:21.001847,1600.01000976562,1.0412,2,"aoml_apex",1035.04112416052
"4903625",13,0,1,0.0365,1,-0.0073,1,0.000299000006634742,3,210.373436710396,1,1.93145758840512,1699.21997070312,1,4.29409980773926,34.9668998718262,0.0364999994635582,0,0.000299000006634742,201.022399902344,-84.4531,24.3706,23.8453181280607,53,52,53,51,53,53,0,8522,1.57564111924858,24,-84,0.0073,47,2021-12-24 17:16:21.001847,1699.21997070312,1.0412,2,"aoml_apex",1035.48740184944
"4903625",13,0,1,0.0365,1,-0.0073,1,0.000262999994447455,3,210.775398009073,1,1.93061324036113,1799.84997558594,1,4.2859001159668,34.9679985046387,0.0364999994635582,0,0.000262999994447455,201.406494140625,-84.4531,24.3706,23.8453181280607,53,52,53,51,53,53,0,8522,1.57564111924858,24,-84,0.0073,47,2021-12-24 17:16:21.001847,1799.84997558594,1.0412,2,"aoml_apex",1035.94026923067
"4903625",13,0,1,0.0438,1,0,1,0.000262999994447455,3,211.08255380043,1,1.92979076080808,1898.71997070312,1,4.28940010070801,34.9681015014648,0.0438000001013279,0,0.000262999994447455,201.699996948242,-84.4531,24.3706,23.8453181280607,53,52,53,51,53,53,0,8522,1.57564111924858,24,-84,0.0073,47,2021-12-24 17:16:21.001847,1898.71997070312,1.0412,2,"aoml_apex",1036.38178843934
"4903625",14,0.0309956806600161,1,0.0949,1,0.0511,1,0.000538999971468002,3,201.045186878614,1,1.95316477956876,7.73999977111816,1,25.9841003417969,36.2024993896484,0.0948999971151352,0.065700002014637,0.000538999971468002,192.001007080078,-84.5212,24.418,21.8582424448344,53,52,53,51,53,53,0.0511,8521,1.64861680440262,24,-85,0.0073,47,2022-01-04 00:34:17.000049,7.73999977111816,1.0412,2,"aoml_apex",1023.97914447422
"4903625",14,0.0398515894200207,1,0.1095,1,0.0657,1,0.000526999996509403,3,200.980893208864,1,1.95313470962511,11.4899997711182,1,25.9869003295898,36.2032012939453,0.109499998390675,0.0803000032901764,0.000526999996509403,191.939605712891,-84.5212,24.418,21.8582424448344,53,52,53,51,53,53,0.0657,8521,1.64861680440262,24,-85,0.0073,47,2022-01-04 00:34:17.000049,11.4899997711182,1.0412,2,"aoml_apex",1023.99490938538
"4903625",14,0.0309956806600161,1,0.0949,1,0.0511,1,0.000574000005144626,3,200.893559908951,1,1.95307924896122,16.75,1,25.9691009521484,36.2043991088867,0.0948999971151352,0.065700002014637,0.000574000005144626,191.856201171875,-84.5212,24.418,21.8582424448344,53,52,53,51,53,53,0.0511,8521,1.64861680440262,24,-85,0.0073,47,2022-01-04 00:34:17.000049,16.75,1.0412,2,"aoml_apex",1024.02398728251
"4903625",14,0.044279543800023,1,0.1168,1,0.073,1,0.000585999980103225,3,200.779416276572,1,1.95302233294639,21.7000007629395,1,25.9433994293213,36.2051010131836,0.116800002753735,0.0876000002026558,0.000585999980103225,191.747192382812,-84.5212,24.418,21.8582424448344,53,52,53,51,53,53,0.073,8521,1.64861680440262,24,-85,0.0073,47,2022-01-04 00:34:17.000049,21.7000007629395,1.0412,2,"aoml_apex",1024.0538299338
"4903625",14,0.0531354525600277,1,0.1314,1,0.0876,1,0.000585999980103225,3,200.545504913467,1,1.95290941535986,26.8500003814697,1,25.8458003997803,36.2137985229492,0.131400004029274,0.102200001478195,0.000585999980103225,191.523803710938,-84.5212,24.418,21.8582424448344,53,52,53,51,53,53,0.0876,8521,1.64861680440262,24,-85,0.0073,47,2022-01-04 00:34:17.000049,26.8500003814697,1.0412,2,"aoml_apex",1024.11304091719
"4903625",14,0.0797031788400415,1,0.1752,1,0.1314,1,0.00100899999961257,3,199.770753410941,1,1.95281106776861,31.8799991607666,1,25.7735004425049,36.2235984802246,0.175200000405312,0.145999997854233,0.00100899999961257,190.783905029297,-84.5212,24.418,21.8582424448344,53,52,53,51,53,53,0.1314,8521,1.64861680440262,24,-85,0.0073,47,2022-01-04 00:34:17.000049,31.8799991607666,1.0412,2,"aoml_apex",1024.16461736123
"4903625",14,0.154978403300081,1,0.2993,1,0.2555,1,0.000727000006008893,3,198.243331382927,1,1.95264910911714,36.9199981689453,1,25.7444000244141,36.2953987121582,0.299299985170364,0.270099997520447,0.000727000006008893,189.3251953125,-84.5212,24.418,21.8582424448344,53,52,53,51,53,53,0.2555,8521,1.64861680440262,24,-85,0.0073,47,2022-01-04 00:34:17.000049,36.9199981689453,1.0412,2,"aoml_apex",1024.24956468716
"4903625",14,0.17269022082009,1,0.3285,1,0.2847,1,0.000914999982342124,3,199.531281859697,1,1.95251483411685,41.8300018310547,1,25.369499206543,36.2066993713379,0.328500002622604,0.299299985170364,0.000914999982342124,190.555206298828,-84.5212,24.418,21.8582424448344,53,52,53,51,53,53,0.2847,8521,1.64861680440262,24,-85,0.0073,47,2022-01-04 00:34:17.000049,41.8300018310547,1.0412,2,"aoml_apex",1024.32000262094
"4903625",14,0.216969764620113,1,0.4015,1,0.3577,1,0.00067999999737367,3,197.433924569843,1,1.95243668127448,46.5699996948242,1,25.3448009490967,36.2238998413086,0.40149998664856,0.372299998998642,0.00067999999737367,188.552200317383,-84.5212,24.418,21.8582424448344,53,52,53,51,53,53,0.3577,8521,1.64861680440262,24,-85,0.0073,47,2022-01-04 00:34:17.000049,46.5699996948242,1.0412,2,"aoml_apex",1024.36100447287
"4903625",14,0.17269022082009,1,0.3285,1,0.2847,1,0.000597000005654991,3,194.381828652779,1,1.95235950745773,51.4799995422363,1,25.3987007141113,36.271598815918,0.328500002622604,0.299299985170364,0.000597000005654991,185.637405395508,-84.5212,24.418,21.8582424448344,53,52,53,51,53,53,0.2847,8521,1.64861680440262,24,-85,0.0073,47,2022-01-04 00:34:17.000049,51.4799995422363,1.0412,2,"aoml_apex",1024.40149591317
"4903625",14,0.17269022082009,1,0.3285,1,0.2847,1,0.000561999971978366,3,191.692550989363,1,1.95227254946612,56.9500007629395,1,25.339599609375,36.2766990661621,0.328500002622604,0.299299985170364,0.000561999971978366,183.069107055664,-84.5212,24.418,21.8582424448344,53,52,53,51,53,53,0.2847,8521,1.64861680440262,24,-85,0.0073,47,2022-01-04 00:34:17.000049,56.9500007629395,1.0412,2,"aoml_apex",1024.44712473519
"4903625",14,0.159406357680083,4,0.3066,1,0.2628,1,0.000561999971978366,3,189.187142995797,1,1.95221056718474,61.4300003051758,1,25.434700012207,36.3331985473633,0.306600004434586,0.277399986982346,0.000561999971978366,180.676406860352,-84.5212,24.418,21.8582424448344,53,52,53,51,53,53,0.2628,8521,1.64861680440262,24,-85,0.0073,47,2022-01-04 00:34:17.000049,61.4300003051758,1.0412,2,"aoml_apex",1024.47965071932
"4903625",14,0.159406357680083,1,0.3066,1,0.2628,1,0.000574000005144626,3,183.422617942289,1,1.95212892190068,66.7699966430664,1,25.5618991851807,36.4118003845215,0.306600004434586,0.277399986982346,0.000574000005144626,175.171203613281,-84.5212,24.418,21.8582424448344,53,52,53,51,53,53,0.2628,8521,1.64861680440262,24,-85,0.0073,47,2022-01-04 00:34:17.000049,66.7699966430664,1.0412,2,"aoml_apex",1024.52249826447
"4903625",14,0.181546129580095,1,0.3431,1,0.2993,1,0.000584999972488731,3,177.507408594692,1,1.95200897112261,71.4899978637695,1,25.9195995330811,36.6162986755371,0.343100011348724,0.313899993896484,0.000584999972488731,169.522094726562,-84.5212,24.418,21.8582424448344,53,52,53,51,53,53,0.2993,8521,1.64861680440262,24,-85,0.0073,47,2022-01-04 00:34:17.000049,71.4899978637695,1.0412,2,"aoml_apex",1024.58545508107
"4903625",14,0.137266585780071,4,0.2701,1,0.2263,1,0.000468000012915581,3,183.97956345425,1,1.95189613668561,76.6900024414062,1,25.4379005432129,36.4662017822266,0.270099997520447,0.240899994969368,0.000468000012915581,175.703094482422,-84.5212,24.418,21.8582424448344,53,52,53,51,53,53,0.2263,8521,1.64861680440262,24,-85,0.0073,47,2022-01-04 00:34:17.000049,76.6900024414062,1.0412,2,"aoml_apex",1024.64468391032
"4903625",14,0.128410677020067,4,0.2555,1,0.2117,1,0.000526999996509403,3,183.837682791383,1,1.95166374268849,81.5500030517578,1,24.8393001556396,36.3563003540039,0.255499988794327,0.226300001144409,0.000526999996509403,175.567596435547,-84.5212,24.418,21.8582424448344,53,52,53,51,53,53,0.2117,8521,1.64861680440262,24,-85,0.0073,47,2022-01-04 00:34:17.000049,81.5500030517578,1.0412,2,"aoml_apex",1024.76669328546
"4903625",14,0.199257947100104,1,0.3723,1,0.3285,1,0.000549999997019768,3,180.905578290776,1,1.95138409473716,86.7900009155273,1,24.5533008575439,36.4056015014648,0.372299998998642,0.343100011348724,0.000549999997019768,172.767395019531,-84.5212,24.418,21.8582424448344,53,52,53,51,53,53,0.3285,8521,1.64861680440262,24,-85,0.0073,47,2022-01-04 00:34:17.000049,86.7900009155273,1.0412,2,"aoml_apex",1024.91355002532
"4903625",14,0.146122494540076,1,0.2847,1,0.2409,1,0.000549999997019768,3,181.877828315115,1,1.95116972566796,91.879997253418,1,24.3302001953125,36.4362983703613,0.284700006246567,0.255499988794327,0.000549999997019768,173.695907592773,-84.5212,24.418,21.8582424448344,53,52,53,51,53,53,0.2409,8521,1.64861680440262,24,-85,0.0073,47,2022-01-04 00:34:17.000049,91.879997253418,1.0412,2,"aoml_apex",1025.02615415239
"4903625",14,0.0797031788400415,1,0.1752,1,0.1314,1,0.000444000004790723,3,189.838116402013,1,1.95083326888728,96.8199996948242,1,23.6180000305176,36.3605995178223,0.175200000405312,0.145999997854233,0.000444000004790723,181.298095703125,-84.5212,24.418,21.8582424448344,53,52,53,51,53,53,0.1314,8521,1.64861680440262,24,-85,0.0073,47,2022-01-04 00:34:17.000049,96.8199996948242,1.0412,2,"aoml_apex",1025.20293860929
"4903625",14,0.0708472700800369,1,0.1606,1,0.1168,1,0.000409000000217929,3,179.86371407183,1,1.95051206136494,101.860000610352,1,23.0937004089355,36.3512992858887,0.160600006580353,0.131400004029274,0.000409000000217929,171.772399902344,-84.5212,24.418,21.8582424448344,53,52,53,51,53,53,0.1168,8521,1.64861680440262,24,-85,0.0073,47,2022-01-04 00:34:17.000049,101.860000610352,1.0412,2,"aoml_apex",1025.37176755545
"4903625",14,0.0708472700800369,1,0.1606,1,0.1168,1,0.000444000004790723,3,169.028904582182,1,1.95018421754911,111.849998474121,1,22.8647003173828,36.4337997436523,0.160600006580353,0.131400004029274,0.000444000004790723,161.425003051758,-84.5212,24.418,21.8582424448344,53,52,53,51,53,53,0.1168,8521,1.64861680440262,24,-85,0.0073,47,2022-01-04 00:34:17.000049,111.849998474121,1.0412,2,"aoml_apex",1025.54414193419
"4903625",14,0.044279543800023,1,0.1168,1,0.073,1,0.000395999988541007,3,156.097888186433,1,1.94974167082957,121.48999786377,1,22.8572006225586,36.6828994750977,0.116800002753735,0.0876000002026558,0.000395999988541007,149.075698852539,-84.5212,24.418,21.8582424448344,53,52,53,51,53,53,0.073,8521,1.64861680440262,24,-85,0.0073,47,2022-01-04 00:34:17.000049,121.48999786377,1.0412,2,"aoml_apex",1025.77691697436
"4903625",14,0.0398515894200207,1,0.1095,1,0.0657,1,0.000395999988541007,3,146.064736397089,1,1.94922778360307,131.839996337891,1,21.9825000762939,36.6492004394531,0.109499998390675,0.0803000032901764,0.000395999988541007,139.493896484375,-84.5212,24.418,21.8582424448344,53,52,53,51,53,53,0.0657,8521,1.64861680440262,24,-85,0.0073,47,2022-01-04 00:34:17.000049,131.839996337891,1.0412,2,"aoml_apex",1026.04734901894
"4903625",14,0.0309956806600161,4,0.0949,1,0.0511,1,0.000430999993113801,3,135.415266512087,1,1.94873955339679,141.539993286133,1,20.892599105835,36.5315017700195,0.0948999971151352,0.065700002014637,0.000430999993113801,129.323501586914,-84.5212,24.418,21.8582424448344,53,52,53,51,53,53,0.0511,8521,1.64861680440262,24,-85,0.0073,47,2022-01-04 00:34:17.000049,141.539993286133,1.0412,2,"aoml_apex",1026.30441123538
"4903625",14,0.0398515894200207,1,0.1095,1,0.0657,1,0.000430999993113801,3,136.864877861254,1,1.94841849666073,151.869995117188,1,20.6221008300781,36.5974006652832,0.109499998390675,0.0803000032901764,0.000430999993113801,130.707901000977,-84.5212,24.418,21.8582424448344,53,52,53,51,53,53,0.0657,8521,1.64861680440262,24,-85,0.0073,47,2022-01-04 00:34:17.000049,151.869995117188,1.0412,2,"aoml_apex",1026.4735237464
"4903625",14,0.0132838631400069,1,0.0657,1,0.0219,1,0.00036000000545755,3,137.873860277927,1,1.94795164752374,160.940002441406,1,19.9902000427246,36.6441993713379,0.065700002014637,0.0364999994635582,0.00036000000545755,131.671493530273,-84.5212,24.418,21.8582424448344,53,52,53,51,53,53,0.0219,8521,1.64861680440262,24,-85,0.0073,47,2022-01-04 00:34:17.000049,160.940002441406,1.0412,2,"aoml_apex",1026.71952999574
"4903625",14,0,1,0.0438,1,0,1,0.000371000001905486,3,140.38586700052,1,1.94765154441477,171.240005493164,1,19.5583000183105,36.6421012878418,0.0438000001013279,0.0146000003442168,0.000371000001905486,134.070495605469,-84.5212,24.418,21.8582424448344,53,52,53,51,53,53,0,8521,1.64861680440262,24,-85,0.0073,47,2022-01-04 00:34:17.000049,171.240005493164,1.0412,2,"aoml_apex",1026.87773166373
"4903625",14,0.00442795438000231,1,0.0511,1,0.0073,1,0.00040600000647828,3,143.875140698819,1,1.94737636576317,181.820007324219,1,18.911600112915,36.5499992370605,0.0511000007390976,0.0219000000506639,0.00040600000647828,137.402801513672,-84.5212,24.418,21.8582424448344,53,52,53,51,53,53,0.0073,8521,1.64861680440262,24,-85,0.0073,47,2022-01-04 00:34:17.000049,181.820007324219,1.0412,2,"aoml_apex",1027.0228370653
"4903625",14,-0.00885590876000461,1,0.0292,1,-0.0146,1,0.000346999993780628,3,151.856694907595,1,1.94716931773362,191.509994506836,1,18.673900604248,36.557300567627,0.0292000006884336,0,0.000346999993780628,145.025299072266,-84.5212,24.418,21.8582424448344,53,52,53,51,53,53,-0.0146,8521,1.64861680440262,24,-85,0.0073,47,2022-01-04 00:34:17.000049,191.509994506836,1.0412,2,"aoml_apex",1027.13204331294
"4903625",14,0,1,0.0292,1,-0.0146,1,0.000323999993270263,3,148.655704182282,1,1.94697347518052,201.919998168945,1,18.2845001220703,36.502799987793,0.0292000006884336,0,0.000323999993270263,141.968307495117,-84.5212,24.418,21.8582424448344,53,52,53,51,53,53,0,8521,1.64861680440262,24,-85,0.0073,47,2022-01-04 00:34:17.000049,201.919998168945,1.0412,2,"aoml_apex",1027.23536067411
"4903625",14,0,1,0.0365,1,-0.0073,1,0.000441000011051074,3,143.26467038724,1,1.94682030096033,211.789993286133,1,17.9099998474121,36.4285011291504,0.0364999994635582,0,0.000441000011051074,136.819793701172,-84.5212,24.418,21.8582424448344,53,52,53,51,53,53,0,8521,1.64861680440262,24,-85,0.0073,47,2022-01-04 00:34:17.000049,211.789993286133,1.0412,2,"aoml_apex",1027.31618270748
"4903625",14,0,1,0.0292,1,-0.0146,1,0.000346999993780628,3,146.439186308683,1,1.94662817092199,221.850006103516,1,17.5543003082275,36.3875999450684,0.0292000006884336,0,0.000346999993780628,139.851501464844,-84.5212,24.418,21.8582424448344,53,52,53,51,53,53,0,8521,1.64861680440262,24,-85,0.0073,47,2022-01-04 00:34:17.000049,221.850006103516,1.0412,2,"aoml_apex",1027.41757767367
"4903625",14,0,1,0.0292,1,-0.0146,1,0.00040600000647828,3,147.170175295938,1,1.94645719004195,231.539993286133,1,17.1522006988525,36.32080078125,0.0292000006884336,0,0.00040600000647828,140.549606323242,-84.5212,24.418,21.8582424448344,53,52,53,51,53,53,0,8521,1.64861680440262,24,-85,0.0073,47,2022-01-04 00:34:17.000049,231.539993286133,1.0412,2,"aoml_apex",1027.50782818752
"4903625",14,0,1,0.0292,1,-0.0146,1,0.000381999998353422,3,138.137633685953,1,1.94626602327688,241.509994506836,1,16.7119007110596,36.2560997009277,0.0292000006884336,0,0.000381999998353422,131.923400878906,-84.5212,24.418,21.8582424448344,53,52,53,51,53,53,0,8521,1.64861680440262,24,-85,0.0073,47,2022-01-04 00:34:17.000049,241.509994506836,1.0412,2,"aoml_apex",1027.60875239072
"4903625",14,0,1,0.0365,1,-0.0073,1,0.000394000002415851,3,142.95326789633,1,1.94608683355357,251.220001220703,1,16.2724990844727,36.1870994567871,0.0364999994635582,0,0.000394000002415851,136.522399902344,-84.5212,24.418,21.8582424448344,53,52,53,51,53,53,0,8521,1.64861680440262,24,-85,0.0073,47,2022-01-04 00:34:17.000049,251.220001220703,1.0412,2,"aoml_apex",1027.70337146158
"4903625",14,0,1,0.0365,1,-0.0073,1,0.000345999986166134,3,140.741990659827,1,1.94594470496472,261.380004882812,1,15.9722995758057,36.1346015930176,0.0364999994635582,0,0.000345999986166134,134.410598754883,-84.5212,24.418,21.8582424448344,53,52,53,51,53,53,0,8521,1.64861680440262,24,-85,0.0073,47,2022-01-04 00:34:17.000049,261.380004882812,1.0412,2,"aoml_apex",1027.77843321928
"4903625",14,0,1,0.0292,1,-0.0146,1,0.000992999994195998,3,138.430614059264,1,1.94579634565478,271.529998779297,1,15.6358003616333,36.0764999389648,0.0292000006884336,0,0.000992999994195998,132.203201293945,-84.5212,24.418,21.8582424448344,53,52,53,51,53,53,0,8521,1.64861680440262,24,-85,0.0073,47,2022-01-04 00:34:17.000049,271.529998779297,1.0412,2,"aoml_apex",1027.85679727802
"4903625",14,0,1,0.0438,1,0,1,0.000745999976061285,3,129.795665845125,1,1.94564500483031,281.899993896484,1,15.3138999938965,36.0247993469238,0.0438000001013279,0,0.000745999976061285,123.956703186035,-84.5212,24.418,21.8582424448344,53,52,53,51,53,53,0,8521,1.64861680440262,24,-85,0.0073,47,2022-01-04 00:34:17.000049,281.899993896484,1.0412,2,"aoml_apex",1027.93674849973
"4903625",14,0,1,0.0365,1,-0.0073,1,0.000368999986676499,3,128.315369607102,1,1.94548069969134,291.350006103516,1,14.8395004272461,35.9438018798828,0.0364999994635582,0,0.000368999986676499,122.542999267578,-84.5212,24.418,21.8582424448344,53,52,53,51,53,53,0,8521,1.64861680440262,24,-85,0.0073,47,2022-01-04 00:34:17.000049,291.350006103516,1.0412,2,"aoml_apex",1028.02356266876
"4903625",14,0,1,0.0365,1,-0.0073,1,0.000415999995311722,3,126.756751408564,1,1.94534151173053,301.019989013672,1,14.5635004043579,35.9039001464844,0.0364999994635582,0,0.000415999995311722,121.054496765137,-84.5212,24.418,21.8582424448344,53,52,53,51,53,53,0,8521,1.64861680440262,24,-85,0.0073,47,2022-01-04 00:34:17.000049,301.019989013672,1.0412,2,"aoml_apex",1028.09711710765
"4903625",14,0,1,0.0365,1,-0.0073,1,0.000403999991249293,3,122.598489614029,1,1.94520563917391,311.730010986328,1,14.2589998245239,35.8484992980957,0.0364999994635582,0,0.000403999991249293,117.083297729492,-84.5212,24.418,21.8582424448344,53,52,53,51,53,53,0,8521,1.64861680440262,24,-85,0.0073,47,2022-01-04 00:34:17.000049,311.730010986328,1.0412,2,"aoml_apex",1028.16892966101
"4903625",14,0,1,0.0365,1,-0.0073,1,0.000463000003946945,3,121.944680192312,1,1.94508476549303,321.489990234375,1,14.032600402832,35.8112983703613,0.0364999994635582,0,0.000463000003946945,116.45890045166,-84.5212,24.418,21.8582424448344,53,52,53,51,53,53,0,8521,1.64861680440262,24,-85,0.0073,47,2022-01-04 00:34:17.000049,321.489990234375,1.0412,2,"aoml_apex",1028.23282330991
"4903625",14,0,1,0.0365,1,-0.0073,1,0.000427999999374151,3,121.353382943282,1,1.94494128481856,331.239990234375,1,13.7153997421265,35.7649002075195,0.0364999994635582,0,0.000427999999374151,115.894203186035,-84.5212,24.418,21.8582424448344,53,52,53,51,53,53,0,8521,1.64861680440262,24,-85,0.0073,47,2022-01-04 00:34:17.000049,331.239990234375,1.0412,2,"aoml_apex",1028.30867729078
"4903625",14,0,1,0.0438,1,0,1,0.00209699990227818,3,119.739266717439,1,1.94482412355673,341.070007324219,1,13.4590997695923,35.7178993225098,0.0438000001013279,0,0.00209699990227818,114.352699279785,-84.5212,24.418,21.8582424448344,53,52,53,51,53,53,0,8521,1.64861680440262,24,-85,0.0073,47,2022-01-04 00:34:17.000049,341.070007324219,1.0412,2,"aoml_apex",1028.37062527915
"4903625",14,0,1,0.0365,1,-0.0073,1,0.000403999991249293,3,119.777277313943,1,1.94467374145124,351.059997558594,1,13.0916004180908,35.6632995605469,0.0364999994635582,0,0.000403999991249293,114.388999938965,-84.5212,24.418,21.8582424448344,53,52,53,51,53,53,0,8521,1.64861680440262,24,-85,0.0073,47,2022-01-04 00:34:17.000049,351.059997558594,1.0412,2,"aoml_apex",1028.4501494361
"4903625",14,0,1,0.0365,1,-0.0073,1,0.000345000007655472,3,118.737817716592,1,1.94454602376334,361.329986572266,1,12.8049001693726,35.6147003173828,0.0364999994635582,0,0.000345000007655472,113.396301269531,-84.5212,24.418,21.8582424448344,53,52,53,51,53,53,0,8521,1.64861680440262,24,-85,0.0073,47,2022-01-04 00:34:17.000049,361.329986572266,1.0412,2,"aoml_apex",1028.51769799171
"4903625",14,0,1,0.0438,1,0,1,0.000414999987697229,3,120.469201186254,1,1.94428565731671,381.630004882812,1,12.1815004348755,35.5121002197266,0.0438000001013279,0,0.000414999987697229,115.049797058105,-84.5212,24.418,21.8582424448344,53,52,53,51,53,53,0,8521,1.64861680440262,24,-85,0.0073,47,2022-01-04 00:34:17.000049,381.630004882812,1.0412,2,"aoml_apex",1028.65543058121
"4903625",14,0,1,0.0365,1,-0.0073,1,0.000379000004613772,3,118.343371898515,1,1.94401734544222,401.369995117188,1,11.5362997055054,35.4171981811523,0.0364999994635582,0,0.000379000004613772,113.019599914551,-84.5212,24.418,21.8582424448344,53,52,53,51,53,53,0,8521,1.64861680440262,24,-85,0.0073,47,2022-01-04 00:34:17.000049,401.369995117188,1.0412,2,"aoml_apex",1028.7974048632
"4903625",14,0,1,0.0438,1,0,1,0.00036599999293685,3,115.234100311173,1,1.94346549614759,451.320007324219,1,10.6050996780396,35.2775993347168,0.0438000001013279,0,0.00036599999293685,110.050201416016,-84.5212,24.418,21.8582424448344,53,52,53,51,53,53,0,8521,1.64861680440262,24,-85,0.0073,47,2022-01-04 00:34:17.000049,451.320007324219,1.0412,2,"aoml_apex",1029.08953308638
"4903625",14,0,1,0.0365,1,-0.0073,1,0.000507000018842518,3,116.054611522983,1,1.9428967294248,501.369995117188,1,9.60099983215332,35.1419982910156,0.0364999994635582,0,0.000507000018842518,110.833801269531,-84.5212,24.418,21.8582424448344,53,52,53,51,53,53,0,8521,1.64861680440262,24,-85,0.0073,47,2022-01-04 00:34:17.000049,501.369995117188,1.0412,2,"aoml_apex",1029.39079041638
"4903625",14,0,1,0.0438,1,0,1,0.000422999990405515,3,116.51481295683,1,1.94235738045578,551.400024414062,1,8.87730026245117,35.0588989257812,0.0438000001013279,0,0.000422999990405515,111.273300170898,-84.5212,24.418,21.8582424448344,53,52,53,51,53,53,0,8521,1.64861680440262,24,-85,0.0073,47,2022-01-04 00:34:17.000049,551.400024414062,1.0412,2,"aoml_apex",1029.67662909216
"4903625",14,0,1,0.0438,1,0,1,0.000399000011384487,3,122.606973694208,1,1.94176428243633,601.390014648438,1,7.82499980926514,34.9497985839844,0.0438000001013279,0,0.000399000011384487,117.091400146484,-84.5212,24.418,21.8582424448344,53,52,53,51,53,53,0,8521,1.64861680440262,24,-85,0.0073,47,2022-01-04 00:34:17.000049,601.390014648438,1.0412,2,"aoml_apex",1029.99113645792
"4903625",14,0,1,0.0438,1,0,1,0.000445000012405217,3,125.640855201849,1,1.94124765876414,651.809997558594,1,7.43690013885498,34.9301986694336,0.0438000001013279,0,0.000445000012405217,119.988800048828,-84.5212,24.418,21.8582424448344,53,52,53,51,53,53,0,8521,1.64861680440262,24,-85,0.0073,47,2022-01-04 00:34:17.000049,651.809997558594,1.0412,2,"aoml_apex",1030.2652476981
"4903625",14,0,1,0.0438,1,0,1,0.000444000004790723,3,130.400679822654,1,1.94072156345059,701.489990234375,1,6.9871997833252,34.9105987548828,0.0438000001013279,0,0.000444000004790723,124.53450012207,-84.5212,24.418,21.8582424448344,53,52,53,51,53,53,0,8521,1.64861680440262,24,-85,0.0073,47,2022-01-04 00:34:17.000049,701.489990234375,1.0412,2,"aoml_apex",1030.54453439679
"4903625",14,0,1,0.0511,1,0.0073,1,0.000409000000217929,3,138.780234854856,1,1.94018148993311,751.359985351562,1,6.52769994735718,34.8995018005371,0.0511000007390976,0,0.000409000000217929,132.537094116211,-84.5212,24.418,21.8582424448344,53,52,53,51,53,53,0,8521,1.64861680440262,24,-85,0.0073,47,2022-01-04 00:34:17.000049,751.359985351562,1.0412,2,"aoml_apex",1030.83139921562
"4903625",14,0,1,0.0438,1,0,1,0.000419999996665865,3,147.851522028743,1,1.9396196073479,801.419982910156,1,6.082200050354,34.9067993164062,0.0438000001013279,0,0.000419999996665865,141.200302124023,-84.5212,24.418,21.8582424448344,53,52,53,51,53,53,0,8521,1.64861680440262,24,-85,0.0073,47,2022-01-04 00:34:17.000049,801.419982910156,1.0412,2,"aoml_apex",1031.13001767118
"4903625",14,0,1,0.0365,1,-0.0073,1,0.00036000000545755,3,152.885681219529,1,1.93912591153693,851.210021972656,1,5.84119987487793,34.9090003967285,0.0364999994635582,0,0.00036000000545755,146.007995605469,-84.5212,24.418,21.8582424448344,53,52,53,51,53,53,0,8521,1.64861680440262,24,-85,0.0073,47,2022-01-04 00:34:17.000049,851.210021972656,1.0412,2,"aoml_apex",1031.39254037136
"4903625",14,0,1,0.0511,1,0.0073,1,0.000383000005967915,3,159.570816848909,1,1.93863057651163,901.429992675781,1,5.62029981613159,34.9141006469727,0.0511000007390976,0,0.000383000005967915,152.392395019531,-84.5212,24.418,21.8582424448344,53,52,53,51,53,53,0,8521,1.64861680440262,24,-85,0.0073,47,2022-01-04 00:34:17.000049,901.429992675781,1.0412,2,"aoml_apex",1031.65606909945
"4903625",14,0,1,0.0438,1,0,1,0.000536000006832182,3,164.667496201158,1,1.93813793056922,951.760009765625,1,5.42600011825562,34.9221000671387,0.0438000001013279,0,0.000536000006832182,157.259796142578,-84.5212,24.418,21.8582424448344,53,52,53,51,53,53,0,8521,1.64861680440262,24,-85,0.0073,47,2022-01-04 00:34:17.000049,951.760009765625,1.0412,2,"aoml_apex",1031.91830078503
"4903625",14,0,1,0.0438,1,0,1,0.000383000005967915,3,172.15743710861,1,1.93766362159208,999.309997558594,1,5.19619989395142,34.9277000427246,0.0438000001013279,0,0.000383000005967915,164.412796020508,-84.5212,24.418,21.8582424448344,53,52,53,51,53,53,0,8521,1.64861680440262,24,-85,0.0073,47,2022-01-04 00:34:17.000049,999.309997558594,1.0412,2,"aoml_apex",1032.17089783453
"4903625",14,0,1,0.0438,1,0,1,0.000334999989718199,3,185.093901849634,1,1.93669042516856,1099.48999023438,1,4.81850004196167,34.9424018859863,0.0438000001013279,0,0.000334999989718199,176.767303466797,-84.5212,24.418,21.8582424448344,53,52,53,51,53,53,0,8521,1.64861680440262,24,-85,0.0073,47,2022-01-04 00:34:17.000049,1099.48999023438,1.0412,2,"aoml_apex",1032.68956876571
"4903625",14,0,1,0.0511,1,0.0073,1,0.000311000010697171,3,193.514407347931,1,1.93576769862151,1199.81005859375,1,4.59569978713989,34.951099395752,0.0511000007390976,0,0.000311000010697171,184.809005737305,-84.5212,24.418,21.8582424448344,53,52,53,51,53,53,0,8521,1.64861680440262,24,-85,0.0073,47,2022-01-04 00:34:17.000049,1199.81005859375,1.0412,2,"aoml_apex",1033.18182312073
"4903625",14,0,1,0.0438,1,0,1,0.000334000011207536,3,200.310523054369,1,1.93487360116564,1299.64001464844,1,4.44869995117188,34.9579010009766,0.0438000001013279,0,0.000334000011207536,191.299392700195,-84.5212,24.418,21.8582424448344,53,52,53,51,53,53,0,8521,1.64861680440262,24,-85,0.0073,47,2022-01-04 00:34:17.000049,1299.64001464844,1.0412,2,"aoml_apex",1033.65925236414
"4903625",14,0,1,0.0438,1,0,1,0.000274999998509884,3,203.940431166469,1,1.93400968720239,1398.94995117188,1,4.37550020217896,34.9617004394531,0.0438000001013279,0,0.000274999998509884,194.766006469727,-84.5212,24.418,21.8582424448344,53,52,53,51,53,53,0,8521,1.64861680440262,24,-85,0.0073,47,2022-01-04 00:34:17.000049,1398.94995117188,1.0412,2,"aoml_apex",1034.1209835888
"4903625",14,0,1,0.0511,1,0.0073,1,0.000311000010697171,3,206.477666443867,1,1.93314794506952,1499.48999023438,1,4.33260011672974,34.9639015197754,0.0511000007390976,0,0.000311000010697171,197.189102172852,-84.5212,24.418,21.8582424448344,53,52,53,51,53,53,0,8521,1.64861680440262,24,-85,0.0073,47,2022-01-04 00:34:17.000049,1499.48999023438,1.0412,2,"aoml_apex",1034.58196518326
"4903625",14,0,1,0.0438,1,0,1,0.000287000002572313,3,207.917531486239,1,1.93230450268091,1599.11999511719,1,4.31680011749268,34.9654006958008,0.0438000001013279,0,0.000287000002572313,198.564193725586,-84.5212,24.418,21.8582424448344,53,52,53,51,53,53,0,8521,1.64861680440262,24,-85,0.0073,47,2022-01-04 00:34:17.000049,1599.11999511719,1.0412,2,"aoml_apex",1035.03355564569
"4903625",14,0,1,0.0438,1,0,1,0.000274999998509884,3,209.042974280349,1,1.93145368257629,1699.89001464844,1,4.29759979248047,34.9664001464844,0.0438000001013279,0,0.000274999998509884,199.639007568359,-84.5212,24.418,21.8582424448344,53,52,53,51,53,53,0,8521,1.64861680440262,24,-85,0.0073,47,2022-01-04 00:34:17.000049,1699.89001464844,1.0412,2,"aoml_apex",1035.48949583522
"4903625",14,0,1,0.0438,1,0,1,0.000274999998509884,3,209.985777676121,1,1.93064246478476,1796.65002441406,1,4.29080009460449,34.9672012329102,0.0438000001013279,0,0.000274999998509884,200.539398193359,-84.5212,24.418,21.8582424448344,53,52,53,51,53,53,0,8521,1.64861680440262,24,-85,0.0073,47,2022-01-04 00:34:17.000049,1796.65002441406,1.0412,2,"aoml_apex",1035.92458804794
"4903625",14,0,1,0.0438,1,0,1,0.000262999994447455,3,210.650907193519,1,1.92978564367398,1899.44995117188,1,4.29069995880127,34.967700958252,0.0438000001013279,0,0.000262999994447455,201.174606323242,-84.5212,24.418,21.8582424448344,53,52,53,51,53,53,0,8521,1.64861680440262,24,-85,0.0073,47,2022-01-04 00:34:17.000049,1899.44995117188,1.0412,2,"aoml_apex",1036.38453657078
"4903625",15,0.117261601107289,1,0.2044,1,0.1606,1,0.000574000005144626,3,203.054904283398,1,1.95224097286499,7.67999982833862,1,24.3999996185303,36.2001991271973,0.20440000295639,0.203302025794983,0.000574000005144626,193.811294555664,-84.5775,24.5213,21.2421160035473,53,52,53,51,53,53,0.1606,8280,1.36958730294889,25,-85,0.0073,47,2022-01-14 08:31:07.000904,7.67999982833862,1.0412,2,"aoml_apex",1024.46369469693
"4903625",15,0.117261601107289,1,0.2044,1,0.1606,1,0.000597000005654991,3,203.422227005829,1,1.95220630854253,11.6599998474121,1,24.3679008483887,36.1888008117676,0.20440000295639,0.203302025794983,0.000597000005654991,194.161895751953,-84.5775,24.5213,21.2421160035473,53,52,53,51,53,53,0.1606,8280,1.36958730294889,25,-85,0.0073,47,2022-01-14 08:31:07.000904,11.6599998474121,1.0412,2,"aoml_apex",1024.48188557138
"4903625",15,0.106601455552081,1,0.1898,1,0.146,1,0.000608999980613589,3,204.588636914609,1,1.9521672149834,16.7399997711182,1,24.3040008544922,36.1615982055664,0.18979999423027,0.160600006580353,0.000608999980613589,195.275207519531,-84.5775,24.5213,21.2421160035473,53,52,53,51,53,53,0.146,8280,1.36958730294889,25,-85,0.0073,47,2022-01-14 08:31:07.000904,16.7399997711182,1.0412,2,"aoml_apex",1024.50240156144
"4903625",15,0.165232256105725,1,0.2701,1,0.2263,1,0.000668000022415072,3,206.043459985916,1,1.95208417716403,21.3799991607666,1,23.9841003417969,36.0663986206055,0.270099997520447,0.240899994969368,0.000668000022415072,196.663803100586,-84.5775,24.5213,21.2421160035473,53,52,53,51,53,53,0.2263,8280,1.36958730294889,25,-85,0.0073,47,2022-01-14 08:31:07.000904,21.3799991607666,1.0412,2,"aoml_apex",1024.54598187748
"4903625",15,0.170562328883329,1,0.2774,1,0.2336,1,0.000668000022415072,3,206.238959379771,1,1.95194733526838,26.7999992370605,1,23.7656002044678,36.0447006225586,0.277399986982346,0.248199999332428,0.000668000022415072,196.850402832031,-84.5775,24.5213,21.2421160035473,53,52,53,51,53,53,0.2336,8280,1.36958730294889,25,-85,0.0073,47,2022-01-14 08:31:07.000904,26.7999992370605,1.0412,2,"aoml_apex",1024.61780800301
"4903625",15,0.191882619993745,1,0.3066,1,0.2628,1,0.000655999989248812,3,205.815795674206,1,1.9519012378518,31.1900005340576,1,23.7681007385254,36.0526008605957,0.306600004434586,0.277399986982346,0.000655999989248812,196.446502685547,-84.5775,24.5213,21.2421160035473,53,52,53,51,53,53,0.2628,8280,1.36958730294889,25,-85,0.0073,47,2022-01-14 08:31:07.000904,31.1900005340576,1.0412,2,"aoml_apex",1024.64200606847
"4903625",15,0.197212692771349,1,0.3139,1,0.2701,1,0.000621000013779849,3,205.684306385265,1,1.95182516614624,36.7599983215332,1,23.7875995635986,36.0811996459961,0.313899993896484,0.284700006246567,0.000621000013779849,196.320999145508,-84.5775,24.5213,21.2421160035473,53,52,53,51,53,53,0.2701,8280,1.36958730294889,25,-85,0.0073,47,2022-01-14 08:31:07.000904,36.7599983215332,1.0412,2,"aoml_apex",1024.68194113353
"4903625",15,0.186552547216141,1,0.2993,1,0.2555,1,0.000574000005144626,3,205.765182289552,1,1.95178008705175,41.6100006103516,1,23.7840003967285,36.0834007263184,0.299299985170364,0.270099997520447,0.000574000005144626,196.398193359375,-84.5775,24.5213,21.2421160035473,53,52,53,51,53,53,0.2555,8280,1.36958730294889,25,-85,0.0073,47,2022-01-14 08:31:07.000904,41.6100006103516,1.0412,2,"aoml_apex",1024.70560759798
"4903625",15,0.175892401660933,1,0.2847,1,0.2409,1,0.000561999971978366,3,205.39682044204,1,1.9517305870911,46.5699996948242,1,23.7761993408203,36.0863990783691,0.284700006246567,0.255499988794327,0.000561999971978366,196.046600341797,-84.5775,24.5213,21.2421160035473,53,52,53,51,53,53,0.2409,8280,1.36958730294889,25,-85,0.0073,47,2022-01-14 08:31:07.000904,46.5699996948242,1.0412,2,"aoml_apex",1024.73159627059
"4903625",15,0.165232256105725,1,0.2701,1,0.2263,1,0.000561999971978366,3,205.069735840006,1,1.95168470108065,51.310001373291,1,23.7651996612549,36.0868988037109,0.270099997520447,0.240899994969368,0.000561999971978366,195.734405517578,-84.5775,24.5213,21.2421160035473,53,52,53,51,53,53,0.2263,8280,1.36958730294889,25,-85,0.0073,47,2022-01-14 08:31:07.000904,51.310001373291,1.0412,2,"aoml_apex",1024.75568870966
"4903625",15,0.159902183328121,1,0.2628,1,0.219,1,0.000574000005144626,3,204.622048782559,1,1.95163279420972,56.8400001525879,1,23.7649993896484,36.0913009643555,0.262800008058548,0.233600005507469,0.000574000005144626,195.307098388672,-84.5775,24.5213,21.2421160035473,53,52,53,51,53,53,0.219,8280,1.36958730294889,25,-85,0.0073,47,2022-01-14 08:31:07.000904,56.8400001525879,1.0412,2,"aoml_apex",1024.78294376574
"4903625",15,0.154572110550517,1,0.2555,1,0.2117,1,0.000608999980613589,3,203.615744068763,1,1.95157473376007,61.8899993896484,1,23.7658004760742,36.103099822998,0.255499988794327,0.226300001144409,0.000608999980613589,194.346603393555,-84.5775,24.5213,21.2421160035473,53,52,53,51,53,53,0.2117,8280,1.36958730294889,25,-85,0.0073,47,2022-01-14 08:31:07.000904,61.8899993896484,1.0412,2,"aoml_apex",1024.81343163663
"4903625",15,0.154572110550517,1,0.2555,1,0.2117,1,0.000526999996509403,3,202.527284527506,1,1.95152711225939,66.9100036621094,1,23.7733993530273,36.1105003356934,0.255499988794327,0.226300001144409,0.000526999996509403,193.307693481445,-84.5775,24.5213,21.2421160035473,53,52,53,51,53,53,0.2117,8280,1.36958730294889,25,-85,0.0073,47,2022-01-14 08:31:07.000904,66.9100036621094,1.0412,2,"aoml_apex",1024.83843931048
"4903625",15,0.191882619993745,1,0.3066,1,0.2628,1,0.000549999997019768,3,201.7907686575,1,1.9514600802423,71.6900024414062,1,23.8094997406006,36.1439018249512,0.306600004434586,0.277399986982346,0.000549999997019768,192.604705810547,-84.5775,24.5213,21.2421160035473,53,52,53,51,53,53,0.2628,8280,1.36958730294889,25,-85,0.0073,47,2022-01-14 08:31:07.000904,71.6900024414062,1.0412,2,"aoml_apex",1024.87364217652
"4903625",15,0.186552547216141,1,0.2993,1,0.2555,1,0.000644000014290214,3,199.93278104178,1,1.95139595426961,76.8499984741211,1,23.8080005645752,36.1584014892578,0.299299985170364,0.270099997520447,0.000644000014290214,190.831298828125,-84.5775,24.5213,21.2421160035473,53,52,53,51,53,53,0.2555,8280,1.36958730294889,25,-85,0.0073,47,2022-01-14 08:31:07.000904,76.8499984741211,1.0412,2,"aoml_apex",1024.90732115338
"4903625",15,0.181222474438537,1,0.292,1,0.2482,1,0.000549999997019768,3,194.403372680731,1,1.95134813208403,81.8399963378906,1,23.7945995330811,36.157901763916,0.291999995708466,0.262800008058548,0.000549999997019768,185.553604125977,-84.5775,24.5213,21.2421160035473,53,52,53,51,53,53,0.2482,8280,1.36958730294889,25,-85,0.0073,47,2022-01-14 08:31:07.000904,81.8399963378906,1.0412,2,"aoml_apex",1024.93243881809
"4903625",15,0.181222474438537,1,0.292,1,0.2482,1,0.000538000022061169,3,184.21056280012,1,1.95114831428803,86.8399963378906,1,23.603099822998,36.1930999755859,0.291999995708466,0.262800008058548,0.000538000022061169,175.824798583984,-84.5775,24.5213,21.2421160035473,53,52,53,51,53,53,0.2482,8280,1.36958730294889,25,-85,0.0073,47,2022-01-14 08:31:07.000904,86.8399963378906,1.0412,2,"aoml_apex",1025.03740251535
"4903625",15,0.229193129436974,1,0.3577,1,0.3139,1,0.000597000005654991,3,167.65029817489,1,1.95075838728592,91.9000015258789,1,23.2908000946045,36.3133010864258,0.357699990272522,0.328500002622604,0.000597000005654991,160.018402099609,-84.5775,24.5213,21.2421160035473,53,52,53,51,53,53,0.3139,8280,1.36958730294889,25,-85,0.0073,47,2022-01-14 08:31:07.000904,91.9000015258789,1.0412,2,"aoml_apex",1025.24229193887
"4903625",15,0.197212692771349,1,0.3139,1,0.2701,1,0.000584999972488731,3,155.444878866687,1,1.95015768079067,96.9400024414062,1,22.6529998779297,36.456298828125,0.313899993896484,0.284700006246567,0.000584999972488731,148.368606567383,-84.5775,24.5213,21.2421160035473,53,52,53,51,53,53,0.2701,8280,1.36958730294889,25,-85,0.0073,47,2022-01-14 08:31:07.000904,96.9400024414062,1.0412,2,"aoml_apex",1025.55809701968
"4903625",15,0.170562328883329,1,0.2774,1,0.2336,1,0.000501999980770051,3,147.60109915488,1,1.94982099728146,101.559997558594,1,22.2329998016357,36.5045013427734,0.277399986982346,0.248199999332428,0.000501999980770051,140.881896972656,-84.5775,24.5213,21.2421160035473,53,52,53,51,53,53,0.2336,8280,1.36958730294889,25,-85,0.0073,47,2022-01-14 08:31:07.000904,101.559997558594,1.0412,2,"aoml_apex",1025.73518430076
"4903625",15,0.111931528329685,1,0.1971,1,0.1533,1,0.000490000005811453,3,135.666395909769,1,1.94892179089723,111.889999389648,1,20.5783996582031,36.4616012573242,0.19709999859333,0.167899996042252,0.000490000005811453,129.490493774414,-84.5775,24.5213,21.2421160035473,53,52,53,51,53,53,0.1533,8280,1.36958730294889,25,-85,0.0073,47,2022-01-14 08:31:07.000904,111.889999389648,1.0412,2,"aoml_apex",1026.2084447623
"4903625",15,0.0799510916640606,4,0.1533,1,0.1095,1,0.000453999993624166,3,129.975115841101,1,1.94840349939479,121.830001831055,1,20.0207004547119,36.565601348877,0.153300002217293,0.124099999666214,0.000453999993624166,124.058296203613,-84.5775,24.5213,21.2421160035473,53,52,53,51,53,53,0.1095,8280,1.36958730294889,25,-85,0.0073,47,2022-01-14 08:31:07.000904,121.830001831055,1.0412,2,"aoml_apex",1026.48142472606
"4903625",15,0.101271382774477,1,0.1825,1,0.1387,1,0.000383000005967915,3,129.957626566681,1,1.94792777249447,131.919998168945,1,19.1254005432129,36.526798248291,0.182500004768372,0.153300002217293,0.000383000005967915,124.041603088379,-84.5775,24.5213,21.2421160035473,53,52,53,51,53,53,0.1387,8280,1.36958730294889,25,-85,0.0073,47,2022-01-14 08:31:07.000904,131.919998168945,1.0412,2,"aoml_apex",1026.73211411676
"4903625",15,0.0746210188864565,1,0.146,1,0.1022,1,0.000429999985499308,3,127.64389467751,1,1.94754677077641,141.740005493164,1,18.1317005157471,36.4006004333496,0.145999997854233,0.116800002753735,0.000429999985499308,121.833198547363,-84.5775,24.5213,21.2421160035473,53,52,53,51,53,53,0.1022,8280,1.36958730294889,25,-85,0.0073,47,2022-01-14 08:31:07.000904,141.740005493164,1.0412,2,"aoml_apex",1026.93297537736
"4903625",15,0.0266503638880202,1,0.0803,1,0.0365,1,0.000452999986009672,3,127.845892599749,1,1.94727496744408,151.820007324219,1,17.5657005310059,36.3457984924316,0.0803000032901764,0.0511000007390976,0.000452999986009672,122.026000976562,-84.5775,24.5213,21.2421160035473,53,52,53,51,53,53,0.0365,8280,1.36958730294889,25,-85,0.0073,47,2022-01-14 08:31:07.000904,151.820007324219,1.0412,2,"aoml_apex",1027.07631610195
"4903625",15,0.0106601455552081,1,0.0584,1,0.0146,1,0.000429000006988645,3,129.21313341337,1,1.94707872691013,161.380004882812,1,17.1667995452881,36.2985000610352,0.0584000013768673,0.0292000006884336,0.000429000006988645,123.331001281738,-84.5775,24.5213,21.2421160035473,53,52,53,51,53,53,0.0146,8280,1.36958730294889,25,-85,0.0073,47,2022-01-14 08:31:07.000904,161.380004882812,1.0412,2,"aoml_apex",1027.1798322063
"4903625",15,0.00533007277760404,1,0.0511,1,0.0073,1,0.000429000006988645,3,130.337514709308,1,1.94689142603178,171.720001220703,1,16.7791996002197,36.2458992004395,0.0511000007390976,0.0219000000506639,0.000429000006988645,124.404197692871,-84.5775,24.5213,21.2421160035473,53,52,53,51,53,53,0.0073,8280,1.36958730294889,25,-85,0.0073,47,2022-01-14 08:31:07.000904,171.720001220703,1.0412,2,"aoml_apex",1027.27865214162
"4903625",15,0,1,0.0365,1,-0.0073,1,0.000464000011561438,3,128.632606204378,1,1.94674671579398,181.940002441406,1,16.5370006561279,36.2113990783691,0.0364999994635582,0,0.000464000011561438,122.776901245117,-84.5775,24.5213,21.2421160035473,53,52,53,51,53,53,0,8280,1.36958730294889,25,-85,0.0073,47,2022-01-14 08:31:07.000904,181.940002441406,1.0412,2,"aoml_apex",1027.35501427791
"4903625",15,0,1,0.0365,1,-0.0073,1,0.000404999998863786,3,124.300597659296,1,1.94654253918446,191.690002441406,1,15.9660997390747,36.1206016540527,0.0364999994635582,0,0.000404999998863786,118.642097473145,-84.5775,24.5213,21.2421160035473,53,52,53,51,53,53,0,8280,1.36958730294889,25,-85,0.0073,47,2022-01-14 08:31:07.000904,191.690002441406,1.0412,2,"aoml_apex",1027.46277553119
"4903625",15,0,1,0.0292,1,-0.0146,1,0.000417000002926216,3,122.323494336354,1,1.94639260732898,201.710006713867,1,15.601900100708,36.0564002990723,0.0292000006884336,0,0.000417000002926216,116.754997253418,-84.5775,24.5213,21.2421160035473,53,52,53,51,53,53,0,8280,1.36958730294889,25,-85,0.0073,47,2022-01-14 08:31:07.000904,201.710006713867,1.0412,2,"aoml_apex",1027.54192163964
"4903625",15,0,1,0.0365,1,-0.0073,1,0.00044000000343658,3,123.982729297392,1,1.94621155826958,211.350006103516,1,15.1478996276855,35.9907989501953,0.0364999994635582,0,0.00044000000343658,118.33869934082,-84.5775,24.5213,21.2421160035473,53,52,53,51,53,53,0,8280,1.36958730294889,25,-85,0.0073,47,2022-01-14 08:31:07.000904,211.350006103516,1.0412,2,"aoml_apex",1027.63751016783
"4903625",15,0,1,0.0365,1,-0.0073,1,0.000427999999374151,3,123.191195751047,1,1.94603658852512,221.559997558594,1,14.7149000167847,35.9262008666992,0.0364999994635582,0,0.000427999999374151,117.583198547363,-84.5775,24.5213,21.2421160035473,53,52,53,51,53,53,0,8280,1.36958730294889,25,-85,0.0073,47,2022-01-14 08:31:07.000904,221.559997558594,1.0412,2,"aoml_apex",1027.72990589852
"4903625",15,0,1,0.0365,1,-0.0073,1,0.000403999991249293,3,122.15617921197,1,1.94589675039863,231.470001220703,1,14.4026002883911,35.8757019042969,0.0364999994635582,0,0.000403999991249293,116.59529876709,-84.5775,24.5213,21.2421160035473,53,52,53,51,53,53,0,8280,1.36958730294889,25,-85,0.0073,47,2022-01-14 08:31:07.000904,231.470001220703,1.0412,2,"aoml_apex",1027.80376173108
"4903625",15,0,1,0.0365,1,-0.0073,1,0.000368999986676499,3,121.14033852725,1,1.94578571329346,241.399993896484,1,14.2093000411987,35.8400001525879,0.0364999994635582,0,0.000368999986676499,115.625701904297,-84.5775,24.5213,21.2421160035473,53,52,53,51,53,53,0,8280,1.36958730294889,25,-85,0.0073,47,2022-01-14 08:31:07.000904,241.399993896484,1.0412,2,"aoml_apex",1027.86241379827
"4903625",15,0,1,0.0438,1,0,1,0.000391999987186864,3,119.957806193194,1,1.94564406473297,251.330001831055,1,13.8765001296997,35.7867012023926,0.0438000001013279,0,0.000391999987186864,114.497001647949,-84.5775,24.5213,21.2421160035473,53,52,53,51,53,53,0,8280,1.36958730294889,25,-85,0.0073,47,2022-01-14 08:31:07.000904,251.330001831055,1.0412,2,"aoml_apex",1027.93724517875
"4903625",15,0,1,0.0438,1,0,1,0.000403999991249293,3,119.293357644105,1,1.94550500631785,261.260009765625,1,13.5392999649048,35.7317008972168,0.0438000001013279,0,0.000403999991249293,113.862800598145,-84.5775,24.5213,21.2421160035473,53,52,53,51,53,53,0,8280,1.36958730294889,25,-85,0.0073,47,2022-01-14 08:31:07.000904,261.260009765625,1.0412,2,"aoml_apex",1028.01071881346
"4903625",15,0,1,0.0438,1,0,1,0.000426999991759658,3,118.998222141639,1,1.94533467940859,271.019989013672,1,13.0312004089355,35.6543998718262,0.0438000001013279,0,0.000426999991759658,113.581100463867,-84.5775,24.5213,21.2421160035473,53,52,53,51,53,53,0,8280,1.36958730294889,25,-85,0.0073,47,2022-01-14 08:31:07.000904,271.019989013672,1.0412,2,"aoml_apex",1028.10072794674
"4903625",15,0,1,0.0438,1,0,1,0.000532999983988702,3,118.706651637524,1,1.94518930026473,281.549987792969,1,12.6947002410889,35.6038017272949,0.0438000001013279,0,0.000532999983988702,113.302803039551,-84.5775,24.5213,21.2421160035473,53,52,53,51,53,53,0,8280,1.36958730294889,25,-85,0.0073,47,2022-01-14 08:31:07.000904,281.549987792969,1.0412,2,"aoml_apex",1028.17756592009
"4903625",15,0,1,0.0365,1,-0.0073,1,0.000437999988207594,3,118.103703306618,1,1.94506649052489,291.019989013672,1,12.4055004119873,35.5574989318848,0.0364999994635582,0,0.000437999988207594,112.72730255127,-84.5775,24.5213,21.2421160035473,53,52,53,51,53,53,0,8280,1.36958730294889,25,-85,0.0073,47,2022-01-14 08:31:07.000904,291.019989013672,1.0412,2,"aoml_apex",1028.24248412212
"4903625",15,0,1,0.0438,1,0,1,0.000497000000905246,3,117.700650667982,1,1.94494544482274,301.260009765625,1,12.1647996902466,35.5190010070801,0.0438000001013279,0,0.000497000000905246,112.342597961426,-84.5775,24.5213,21.2421160035473,53,52,53,51,53,53,0,8280,1.36958730294889,25,-85,0.0073,47,2022-01-14 08:31:07.000904,301.260009765625,1.0412,2,"aoml_apex",1028.3064778623
"4903625",15,0,1,0.0438,1,0,1,0.000391000008676201,3,117.352815537431,1,1.94482332263035,311.829986572266,1,11.9413995742798,35.4844017028809,0.0438000001013279,0,0.000391000008676201,112.010597229004,-84.5775,24.5213,21.2421160035473,53,52,53,51,53,53,0,8280,1.36958730294889,25,-85,0.0073,47,2022-01-14 08:31:07.000904,311.829986572266,1.0412,2,"aoml_apex",1028.37104878762
"4903625",15,0,1,0.0438,1,0,1,0.00040300001273863,3,116.968730928136,1,1.94471242873152,321.700012207031,1,11.7516002655029,35.4552001953125,0.0438000001013279,0,0.00040300001273863,111.643997192383,-84.5775,24.5213,21.2421160035473,53,52,53,51,53,53,0,8280,1.36958730294889,25,-85,0.0073,47,2022-01-14 08:31:07.000904,321.700012207031,1.0412,2,"aoml_apex",1028.42968988713
"4903625",15,0,1,0.0365,1,-0.0073,1,0.000391000008676201,3,116.220049301427,1,1.94460354628896,331.010009765625,1,11.5090999603271,35.4151000976562,0.0364999994635582,0,0.000391000008676201,110.929397583008,-84.5775,24.5213,21.2421160035473,53,52,53,51,53,53,0,8280,1.36958730294889,25,-85,0.0073,47,2022-01-14 08:31:07.000904,331.010009765625,1.0412,2,"aoml_apex",1028.48727382852
"4903625",15,0,1,0.0438,1,0,1,0.000414000009186566,3,115.513484213528,1,1.94447828031482,341.320007324219,1,11.271900177002,35.3824005126953,0.0438000001013279,0,0.000414000009186566,110.254997253418,-84.5775,24.5213,21.2421160035473,53,52,53,51,53,53,0,8280,1.36958730294889,25,-85,0.0073,47,2022-01-14 08:31:07.000904,341.320007324219,1.0412,2,"aoml_apex",1028.55353039798
"4903625",15,0,1,0.0365,1,-0.0073,1,0.000390000001061708,3,115.319247756308,1,1.94436258185857,351.679992675781,1,11.1099996566772,35.3619003295898,0.0364999994635582,0,0.000390000001061708,110.069602966309,-84.5775,24.5213,21.2421160035473,53,52,53,51,53,53,0,8280,1.36958730294889,25,-85,0.0073,47,2022-01-14 08:31:07.000904,351.679992675781,1.0412,2,"aoml_apex",1028.61473403188
"4903625",15,0,1,0.0438,1,0,1,0.000390000001061708,3,115.446540578581,1,1.94426769705741,361.130004882812,1,10.96399974823,35.3366012573242,0.0438000001013279,0,0.000390000001061708,110.191101074219,-84.5775,24.5213,21.2421160035473,53,52,53,51,53,53,0,8280,1.36958730294889,25,-85,0.0073,47,2022-01-14 08:31:07.000904,361.130004882812,1.0412,2,"aoml_apex",1028.66493283149
"4903625",15,0,1,0.0438,1,0,1,0.00036599999293685,3,116.360650917991,1,1.94405626220968,381.079986572266,1,10.6280002593994,35.2849006652832,0.0438000001013279,0,0.00036599999293685,111.063598632812,-84.5775,24.5213,21.2421160035473,53,52,53,51,53,53,0,8280,1.36958730294889,25,-85,0.0073,47,2022-01-14 08:31:07.000904,381.079986572266,1.0412,2,"aoml_apex",1028.77681005319
"4903625",15,0,1,0.0438,1,0,1,0.000353999988874421,3,115.309711785384,1,1.94384199858834,401.079986572266,1,10.3256998062134,35.2439994812012,0.0438000001013279,0,0.000353999988874421,110.060501098633,-84.5775,24.5213,21.2421160035473,53,52,53,51,53,53,0,8280,1.36958730294889,25,-85,0.0073,47,2022-01-14 08:31:07.000904,401.079986572266,1.0412,2,"aoml_apex",1028.89020890198
"4903625",15,0,1,0.0438,1,0,1,0.000365000014426187,3,114.82588715497,1,1.94324500857896,451.100006103516,1,9.28979969024658,35.1249008178711,0.0438000001013279,0,0.000365000014426187,109.598701477051,-84.5775,24.5213,21.2421160035473,53,52,53,51,53,53,0,8280,1.36958730294889,25,-85,0.0073,47,2022-01-14 08:31:07.000904,451.100006103516,1.0412,2,"aoml_apex",1029.20629728648
"4903625",15,0,1,0.0511,1,0.0073,1,0.000422999990405515,3,117.38781007281,1,1.94274965115649,501.059997558594,1,8.65919971466064,35.035400390625,0.0511000007390976,0,0.000422999990405515,112.043998718262,-84.5775,24.5213,21.2421160035473,53,52,53,51,53,53,0,8280,1.36958730294889,25,-85,0.0073,47,2022-01-14 08:31:07.000904,501.059997558594,1.0412,2,"aoml_apex",1029.468721721
"4903625",15,0,1,0.0438,1,0,1,0.0003629999991972,3,121.149658679889,1,1.9421855821183,551.299987792969,1,7.87610006332397,34.9636993408203,0.0438000001013279,0,0.0003629999991972,115.63459777832,-84.5775,24.5213,21.2421160035473,53,52,53,51,53,53,0,8280,1.36958730294889,25,-85,0.0073,47,2022-01-14 08:31:07.000904,551.299987792969,1.0412,2,"aoml_apex",1029.76771036403
"4903625",15,0,1,0.0438,1,0,1,0.000410000007832423,3,124.192057048079,1,1.94168689820614,600.890014648438,1,7.47510004043579,34.9339981079102,0.0438000001013279,0,0.000410000007832423,118.538497924805,-84.5775,24.5213,21.2421160035473,53,52,53,51,53,53,0,8280,1.36958730294889,25,-85,0.0073,47,2022-01-14 08:31:07.000904,600.890014648438,1.0412,2,"aoml_apex",1030.03218585228
"4903625",15,0,1,0.0511,1,0.0073,1,0.000361999991582707,3,130.606456266494,1,1.94114259315787,651.640014648438,1,6.96339988708496,34.9084014892578,0.0511000007390976,0,0.000361999991582707,124.66089630127,-84.5775,24.5213,21.2421160035473,53,52,53,51,53,53,0,8280,1.36958730294889,25,-85,0.0073,47,2022-01-14 08:31:07.000904,651.640014648438,1.0412,2,"aoml_apex",1030.3210114752
"4903625",15,0,1,0.0511,1,0.0073,1,0.000338000012561679,3,138.329641516158,1,1.94060889562692,701.169982910156,1,6.53730010986328,34.9015998840332,0.0511000007390976,0,0.000338000012561679,132.032501220703,-84.5775,24.5213,21.2421160035473,53,52,53,51,53,53,0,8280,1.36958730294889,25,-85,0.0073,47,2022-01-14 08:31:07.000904,701.169982910156,1.0412,2,"aoml_apex",1030.6043657261
"4903625",15,0,1,0.0438,1,0,1,0.000349000009009615,3,143.55930225804,1,1.94009023982734,751.469970703125,1,6.22009992599487,34.9023017883301,0.0438000001013279,0,0.000349000009009615,137.02409362793,-84.5775,24.5213,21.2421160035473,53,52,53,51,53,53,0,8280,1.36958730294889,25,-85,0.0073,47,2022-01-14 08:31:07.000904,751.469970703125,1.0412,2,"aoml_apex",1030.87988328728
"4903625",15,0,1,0.0511,1,0.0073,1,0.000384000013582408,3,149.89534345217,1,1.9395817897094,800.830017089844,1,5.93219995498657,34.907901763916,0.0511000007390976,0,0.000384000013582408,143.071701049805,-84.5775,24.5213,21.2421160035473,53,52,53,51,53,53,0,8280,1.36958730294889,25,-85,0.0073,47,2022-01-14 08:31:07.000904,800.830017089844,1.0412,2,"aoml_apex",1031.1501224703
"4903625",15,0,1,0.0438,1,0,1,0.000337000004947186,3,156.503571471043,1,1.93907163105479,851.619995117188,1,5.67880010604858,34.913501739502,0.0438000001013279,0,0.000337000004947186,149.379104614258,-84.5775,24.5213,21.2421160035473,53,52,53,51,53,53,0,8280,1.36958730294889,25,-85,0.0073,47,2022-01-14 08:31:07.000904,851.619995117188,1.0412,2,"aoml_apex",1031.42141216932
"4903625",15,0,1,0.0511,1,0.0073,1,0.000348000001395121,3,164.251048267765,1,1.93856033100972,901.809997558594,1,5.41450023651123,34.9220008850098,0.0511000007390976,0,0.000348000001395121,156.773895263672,-84.5775,24.5213,21.2421160035473,53,52,53,51,53,53,0,8280,1.36958730294889,25,-85,0.0073,47,2022-01-14 08:31:07.000904,901.809997558594,1.0412,2,"aoml_apex",1031.69345209817
"4903625",15,0,1,0.0438,1,0,1,0.000335999997332692,3,170.963108861917,1,1.93808626281892,949.710021972656,1,5.20179986953735,34.9283981323242,0.0438000001013279,0,0.000335999997332692,163.180404663086,-84.5775,24.5213,21.2421160035473,53,52,53,51,53,53,0,8280,1.36958730294889,25,-85,0.0073,47,2022-01-14 08:31:07.000904,949.710021972656,1.0412,2,"aoml_apex",1031.94581085933
"4903625",15,0,1,0.0438,1,0,1,0.000311999989207834,3,177.752991931275,1,1.93760973683068,999.460021972656,1,5.02869987487793,34.9333000183105,0.0438000001013279,0,0.000311999989207834,169.661193847656,-84.5775,24.5213,21.2421160035473,53,52,53,51,53,53,0,8280,1.36958730294889,25,-85,0.0073,47,2022-01-14 08:31:07.000904,999.460021972656,1.0412,2,"aoml_apex",1032.1996024191
"4903625",15,0,1,0.0511,1,0.0073,1,0.00032299998565577,3,188.3972616927,1,1.936658337091,1099.85998535156,1,4.7266001701355,34.9457015991211,0.0511000007390976,0,0.00032299998565577,179.820907592773,-84.5775,24.5213,21.2421160035473,53,52,53,51,53,53,0,8280,1.36958730294889,25,-85,0.0073,47,2022-01-14 08:31:07.000904,1099.85998535156,1.0412,2,"aoml_apex",1032.70667917819
"4903625",15,0,1,0.0438,1,0,1,0.000287000002572313,3,197.717750048648,1,1.93573784747149,1199.67004394531,1,4.50069999694824,34.9552993774414,0.0438000001013279,0,0.000287000002572313,188.717102050781,-84.5775,24.5213,21.2421160035473,53,52,53,51,53,53,0,8280,1.36958730294889,25,-85,0.0073,47,2022-01-14 08:31:07.000904,1199.67004394531,1.0412,2,"aoml_apex",1033.19775589058
"4903625",15,0,1,0.0511,1,0.0073,1,0.000287000002572313,3,202.971518492381,1,1.93485249469507,1300.36999511719,1,4.4064998626709,34.9604988098145,0.0511000007390976,0,0.000287000002572313,193.731704711914,-84.5775,24.5213,21.2421160035473,53,52,53,51,53,53,0,8280,1.36958730294889,25,-85,0.0073,47,2022-01-14 08:31:07.000904,1300.36999511719,1.0412,2,"aoml_apex",1033.67052810669
"4903625",15,0,1,0.0365,1,-0.0073,1,0.000487000012071803,3,205.348413199863,1,1.93399600213597,1399.48999023438,1,4.34779977798462,34.9628982543945,0.0364999994635582,0,0.000487000012071803,196.000396728516,-84.5775,24.5213,21.2421160035473,53,52,53,51,53,53,0,8280,1.36958730294889,25,-85,0.0073,47,2022-01-14 08:31:07.000904,1399.48999023438,1.0412,2,"aoml_apex",1034.12830108807
"4903625",15,0,1,0.0438,1,0,1,0.000287000002572313,3,206.951591359482,1,1.93314424075326,1499.43005371094,1,4.31860017776489,34.9641990661621,0.0438000001013279,0,0.000287000002572313,197.53059387207,-84.5775,24.5213,21.2421160035473,53,52,53,51,53,53,0,8280,1.36958730294889,25,-85,0.0073,47,2022-01-14 08:31:07.000904,1499.43005371094,1.0412,2,"aoml_apex",1034.58394766274
"4903625",15,0,1,0.0438,1,0,1,0.000334000011207536,3,207.748999959163,1,1.93231702351606,1597.15002441406,1,4.30319976806641,34.9655990600586,0.0438000001013279,0,0.000334000011207536,198.291702270508,-84.5775,24.5213,21.2421160035473,53,52,53,51,53,53,0,8280,1.36958730294889,25,-85,0.0073,47,2022-01-14 08:31:07.000904,1597.15002441406,1.0412,2,"aoml_apex",1035.02684893848
"4903625",15,0,1,0.0438,1,0,1,0.000287000002572313,3,208.72544181682,1,1.93145049573087,1699.93994140625,1,4.28760004043579,34.9664001464844,0.0438000001013279,0,0.000287000002572313,199.223693847656,-84.5775,24.5213,21.2421160035473,53,52,53,51,53,53,0,8280,1.36958730294889,25,-85,0.0073,47,2022-01-14 08:31:07.000904,1699.93994140625,1.0412,2,"aoml_apex",1035.49120436721
"4903625",15,0,1,0.0438,1,0,1,0.000251999997999519,3,210.022909377969,1,1.93061713499104,1799.43994140625,1,4.28499984741211,34.9674987792969,0.0438000001013279,0,0.000251999997999519,200.462097167969,-84.5775,24.5213,21.2421160035473,53,52,53,51,53,53,0,8280,1.36958730294889,25,-85,0.0073,47,2022-01-14 08:31:07.000904,1799.43994140625,1.0412,2,"aoml_apex",1035.93817943053
"4903625",15,0,1,0.0438,1,0,1,0.000262999994447455,3,211.36961548136,1,1.92978362356563,1899.40002441406,1,4.2846999168396,34.9682006835938,0.0438000001013279,0,0.000262999994447455,201.747497558594,-84.5775,24.5213,21.2421160035473,53,52,53,51,53,53,0,8280,1.36958730294889,25,-85,0.0073,47,2022-01-14 08:31:07.000904,1899.40002441406,1.0412,2,"aoml_apex",1036.38562146394
"4903625",16,0.154572110550517,5,0.1533,1,0.1095,1,0.000784999981988221,3,207.081110843189,1,1.95167144420349,7.82999992370605,1,23.2455005645752,36.1422004699707,0.153300002217293,0.246580615639687,0.000784999981988221,197.543395996094,-84.8161,25.121,43.7119975285011,53,52,53,51,53,53,0.2117,8280,1.36958730294889,25,-85,0.0073,47,2022-01-24 15:56:14.001691,7.82999992370605,1.0412,2,"aoml_apex",1024.76264944084
"4903625",16,0.154572110550517,5,0.1752,1,0.1314,1,0.000821000023279339,3,206.763376070448,1,1.95163466243513,11.8299999237061,1,23.2404003143311,36.1428985595703,0.175200000405312,0.246580615639687,0.000821000023279339,197.240295410156,-84.8161,25.121,43.7119975285011,53,52,53,51,53,53,0.2117,8280,1.36958730294889,25,-85,0.0073,47,2022-01-24 15:56:14.001691,11.8299999237061,1.0412,2,"aoml_apex",1024.78196278012
"4903625",16,0.154572110550517,5,0.2044,1,0.1606,1,0.000821000023279339,3,206.833308431827,1,1.95158955974941,16.6499996185303,1,23.2381992340088,36.1458015441895,0.20440000295639,0.246580615639687,0.000821000023279339,197.307006835938,-84.8161,25.121,43.7119975285011,53,52,53,51,53,53,0.2117,8280,1.36958730294889,25,-85,0.0073,47,2022-01-24 15:56:14.001691,16.6499996185303,1.0412,2,"aoml_apex",1024.8056462532
"4903625",16,0.154572110550517,5,0.2336,1,0.1898,1,0.000844000023789704,3,207.040962117878,1,1.95153152193652,21.8999996185303,1,23.2343997955322,36.154598236084,0.233600005507469,0.246580615639687,0.000844000023789704,197.505096435547,-84.8161,25.121,43.7119975285011,53,52,53,51,53,53,0.2117,8280,1.36958730294889,25,-85,0.0073,47,2022-01-24 15:56:14.001691,21.8999996185303,1.0412,2,"aoml_apex",1024.83612358738
"4903625",16,0.154572110550517,5,0.292,1,0.2482,1,0.00080899999011308,3,206.987089246624,1,1.95147970746499,26.4599990844727,1,23.2243003845215,36.1605987548828,0.291999995708466,0.246580615639687,0.00080899999011308,197.453704833984,-84.8161,25.121,43.7119975285011,53,52,53,51,53,53,0.2117,8280,1.36958730294889,25,-85,0.0073,47,2022-01-24 15:56:14.001691,26.4599990844727,1.0412,2,"aoml_apex",1024.86333439667
"4903625",16,0.154572110550517,5,0.2701,1,0.2263,1,0.000774000014644116,3,206.892315861178,1,1.95142704904512,31.7399997711182,1,23.2145004272461,36.163200378418,0.270099997520447,0.246580615639687,0.000774000014644116,197.363296508789,-84.8161,25.121,43.7119975285011,53,52,53,51,53,53,0.2117,8280,1.36958730294889,25,-85,0.0073,47,2022-01-24 15:56:14.001691,31.7399997711182,1.0412,2,"aoml_apex",1024.89098989309
"4903625",16,0.154572110550517,5,0.2774,1,0.2336,1,0.000750000006519258,3,206.761392627445,1,1.95138528993765,36.4199981689453,1,23.2070999145508,36.1626014709473,0.277399986982346,0.248199999332428,0.000750000006519258,197.238403320312,-84.8161,25.121,43.7119975285011,53,52,53,51,53,53,0.2117,8280,1.36958730294889,25,-85,0.0073,47,2022-01-24 15:56:14.001691,36.4199981689453,1.0412,2,"aoml_apex",1024.91292227785
"4903625",16,0.154572110550517,5,0.2555,1,0.2117,1,0.000878999999258667,3,206.586961611701,1,1.95134349165074,41.6300010681152,1,23.2059001922607,36.1613998413086,0.255499988794327,0.226300001144409,0.000878999999258667,197.072006225586,-84.8161,25.121,43.7119975285011,53,52,53,51,53,53,0.2117,8280,1.36958730294889,25,-85,0.0073,47,2022-01-24 15:56:14.001691,41.6300010681152,1.0412,2,"aoml_apex",1024.93487618015
"4903625",16,0.181222474438537,1,0.292,1,0.2482,1,0.000784999981988221,3,206.424479240502,1,1.95129311477232,46.8199996948242,1,23.18869972229,36.160099029541,0.291999995708466,0.262800008058548,0.000784999981988221,196.917007446289,-84.8161,25.121,43.7119975285011,53,52,53,51,53,53,0.2482,8280,1.36958730294889,25,-85,0.0073,47,2022-01-24 15:56:14.001691,46.8199996948242,1.0412,2,"aoml_apex",1024.96133710458
"4903625",16,0.175892401660933,1,0.2847,1,0.2409,1,0.00080899999011308,3,206.159353693877,1,1.9512490726149,51.9000015258789,1,23.182300567627,36.1591987609863,0.284700006246567,0.255499988794327,0.00080899999011308,196.664093017578,-84.8161,25.121,43.7119975285011,53,52,53,51,53,53,0.2409,8280,1.36958730294889,25,-85,0.0073,47,2022-01-24 15:56:14.001691,51.9000015258789,1.0412,2,"aoml_apex",1024.98447177724
"4903625",16,0.213202911104162,1,0.3358,1,0.292,1,0.00080899999011308,3,205.665940255762,1,1.951207304738,56.4500007629395,1,23.1788997650146,36.1609001159668,0.335799992084503,0.306600004434586,0.00080899999011308,196.193405151367,-84.8161,25.121,43.7119975285011,53,52,53,51,53,53,0.292,8280,1.36958730294889,25,-85,0.0073,47,2022-01-24 15:56:14.001691,56.4500007629395,1.0412,2,"aoml_apex",1025.00641276994
"4903625",16,0.202542765548953,1,0.3212,1,0.2774,1,0.000774000014644116,3,204.992513369579,1,1.95116050833471,61.7799987792969,1,23.1772003173828,36.1623001098633,0.321200013160706,0.291999995708466,0.000774000014644116,195.550994873047,-84.8161,25.121,43.7119975285011,53,52,53,51,53,53,0.2774,8280,1.36958730294889,25,-85,0.0073,47,2022-01-24 15:56:14.001691,61.7799987792969,1.0412,2,"aoml_apex",1025.03099640274
"4903625",16,0.22386305665937,1,0.3504,1,0.3066,1,0.000797000015154481,3,204.602031026036,1,1.95111862908541,66.6900024414062,1,23.1763000488281,36.1629981994629,0.350400000810623,0.321200013160706,0.000797000015154481,195.178497314453,-84.8161,25.121,43.7119975285011,53,52,53,51,53,53,0.3066,8280,1.36958730294889,25,-85,0.0073,47,2022-01-24 15:56:14.001691,66.6900024414062,1.0412,2,"aoml_apex",1025.0529978987
"4903625",16,0.218532983881766,1,0.3431,1,0.2993,1,0.000714999972842634,3,201.672197790849,1,1.95107426715478,71.9100036621094,1,23.1763000488281,36.1640014648438,0.343100011348724,0.313899993896484,0.000714999972842634,192.383605957031,-84.8161,25.121,43.7119975285011,53,52,53,51,53,53,0.2993,8280,1.36958730294889,25,-85,0.0073,47,2022-01-24 15:56:14.001691,71.9100036621094,1.0412,2,"aoml_apex",1025.07630471523
"4903625",16,0.293154002768222,1,0.4453,1,0.4015,1,0.000630999973509461,3,149.949874613312,1,1.94998493291044,76.9100036621094,1,22.0706996917725,36.4706001281738,0.44530001282692,0.41609999537468,0.000630999973509461,143.043502807617,-84.8161,25.121,43.7119975285011,53,52,53,51,53,53,0.4015,8280,1.36958730294889,25,-85,0.0073,47,2022-01-24 15:56:14.001691,76.9100036621094,1.0412,2,"aoml_apex",1025.64895053569
"4903625",16,0.213202911104162,1,0.3358,1,0.292,1,0.000453999993624166,3,135.312289185239,1,1.94918560466991,81.9499969482422,1,20.8712005615234,36.5549011230469,0.335799992084503,0.306600004434586,0.000453999993624166,129.080093383789,-84.8161,25.121,43.7119975285011,53,52,53,51,53,53,0.292,8280,1.36958730294889,25,-85,0.0073,47,2022-01-24 15:56:14.001691,81.9499969482422,1.0412,2,"aoml_apex",1026.06955192381
"4903625",16,0.165232256105725,1,0.2701,1,0.2263,1,0.000478000001749024,3,131.307333869154,1,1.94874668358853,86.9899978637695,1,20.2467994689941,36.6068000793457,0.270099997520447,0.240899994969368,0.000478000001749024,125.25959777832,-84.8161,25.121,43.7119975285011,53,52,53,51,53,53,0.2263,8280,1.36958730294889,25,-85,0.0073,47,2022-01-24 15:56:14.001691,86.9899978637695,1.0412,2,"aoml_apex",1026.30065613099
"4903625",16,0.138581892217705,1,0.2336,1,0.1898,1,0.000465999997686595,3,126.956131787155,1,1.9485160360909,91.9000015258789,1,19.715799331665,36.5522003173828,0.233600005507469,0.20440000295639,0.000465999997686595,121.10880279541,-84.8161,25.121,43.7119975285011,53,52,53,51,53,53,0.1898,8280,1.36958730294889,25,-85,0.0073,47,2022-01-24 15:56:14.001691,91.9000015258789,1.0412,2,"aoml_apex",1026.42214021106
"4903625",16,0.106601455552081,1,0.1898,1,0.146,1,0.000570999982301146,3,127.774206053014,1,1.94829476630157,96.870002746582,1,19.2667999267578,36.521900177002,0.18979999423027,0.160600006580353,0.000570999982301146,121.889198303223,-84.8161,25.121,43.7119975285011,53,52,53,51,53,53,0.146,8280,1.36958730294889,25,-85,0.0073,47,2022-01-24 15:56:14.001691,96.870002746582,1.0412,2,"aoml_apex",1026.53871200228
"4903625",16,0.0692909461088525,1,0.1387,1,0.0949,1,0.000464999990072101,3,129.065483432514,1,1.9480919348496,101.790000915527,1,18.8570003509521,36.4945983886719,0.138699993491173,0.109499998390675,0.000464999990072101,123.121002197266,-84.8161,25.121,43.7119975285011,53,52,53,51,53,53,0.0949,8280,1.36958730294889,25,-85,0.0073,47,2022-01-24 15:56:14.001691,101.790000915527,1.0412,2,"aoml_apex",1026.64559316828
"4903625",16,0.0533007277760404,1,0.1168,1,0.073,1,0.000464999990072101,3,129.864898938184,1,1.94784804872971,111.5,1,18.4057006835938,36.456298828125,0.116800002753735,0.0876000002026558,0.000464999990072101,123.883598327637,-84.8161,25.121,43.7119975285011,53,52,53,51,53,53,0.073,8280,1.36958730294889,25,-85,0.0073,47,2022-01-24 15:56:14.001691,111.5,1.0412,2,"aoml_apex",1026.77413738936
"4903625",16,0.0373105094432283,1,0.0949,1,0.0511,1,0.000383000005967915,3,130.363047046694,1,1.94767743900244,121.660003662109,1,18.1368999481201,36.4269981384277,0.0948999971151352,0.065700002014637,0.000383000005967915,124.35880279541,-84.8161,25.121,43.7119975285011,53,52,53,51,53,53,0.0511,8280,1.36958730294889,25,-85,0.0073,47,2022-01-24 15:56:14.001691,121.660003662109,1.0412,2,"aoml_apex",1026.86407921034
"4903625",16,0.0159902183328121,1,0.0657,1,0.0219,1,0.00040600000647828,3,131.246015088883,1,1.947420891534,131.479995727539,1,17.548900604248,36.356201171875,0.065700002014637,0.0364999994635582,0.00040600000647828,125.201103210449,-84.8161,25.121,43.7119975285011,53,52,53,51,53,53,0.0219,8280,1.36958730294889,25,-85,0.0073,47,2022-01-24 15:56:14.001691,131.479995727539,1.0412,2,"aoml_apex",1026.99935524702
"4903625",16,0,1,0.0438,1,0,1,0.00040600000647828,3,130.425629472105,1,1.94722669376369,141.339996337891,1,17.1210994720459,36.2967987060547,0.0438000001013279,0.0146000003442168,0.00040600000647828,124.418502807617,-84.8161,25.121,43.7119975285011,53,52,53,51,53,53,0,8280,1.36958730294889,25,-85,0.0073,47,2022-01-24 15:56:14.001691,141.339996337891,1.0412,2,"aoml_apex",1027.10177834215
"4903625",16,0,1,0.0292,1,-0.0146,1,0.000394000002415851,3,129.448415896238,1,1.94700130926549,151.419998168945,1,16.5272006988525,36.2080001831055,0.0292000006884336,0,0.000394000002415851,123.486297607422,-84.8161,25.121,43.7119975285011,53,52,53,51,53,53,0,8280,1.36958730294889,25,-85,0.0073,47,2022-01-24 15:56:14.001691,151.419998168945,1.0412,2,"aoml_apex",1027.22067544706
"4903625",16,0,1,0.0365,1,-0.0073,1,0.000464000011561438,3,128.632956895951,1,1.94677586336271,161.740005493164,1,15.8868999481201,36.1078987121582,0.0364999994635582,0,0.000464000011561438,122.708396911621,-84.8161,25.121,43.7119975285011,53,52,53,51,53,53,0,8280,1.36958730294889,25,-85,0.0073,47,2022-01-24 15:56:14.001691,161.740005493164,1.0412,2,"aoml_apex",1027.33963248617
"4903625",16,0,1,0.0365,1,-0.0073,1,0.000404999998863786,3,130.582241491834,1,1.94658251787685,171.25,1,15.3601999282837,36.0287017822266,0.0364999994635582,0,0.000404999998863786,124.567901611328,-84.8161,25.121,43.7119975285011,53,52,53,51,53,53,0,8280,1.36958730294889,25,-85,0.0073,47,2022-01-24 15:56:14.001691,171.25,1.0412,2,"aoml_apex",1027.4416736165
"4903625",16,0,1,0.0365,1,-0.0073,1,0.000404999998863786,3,130.542612620536,1,1.94636443750994,181.5,1,14.7063999176025,35.9287986755371,0.0364999994635582,0,0.000404999998863786,124.530097961426,-84.8161,25.121,43.7119975285011,53,52,53,51,53,53,0,8280,1.36958730294889,25,-85,0.0073,47,2022-01-24 15:56:14.001691,181.5,1.0412,2,"aoml_apex",1027.55679329955
"4903625",16,0,1,0.0292,1,-0.0146,1,0.000450999999884516,3,128.852159338845,1,1.94623265691836,191.619995117188,1,14.3873996734619,35.8698997497559,0.0292000006884336,0,0.000450999999884516,122.917503356934,-84.8161,25.121,43.7119975285011,53,52,53,51,53,53,0,8280,1.36958730294889,25,-85,0.0073,47,2022-01-24 15:56:14.001691,191.619995117188,1.0412,2,"aoml_apex",1027.62636979218
"4903625",16,0,1,0.0365,1,-0.0073,1,0.00044000000343658,3,126.531155130412,1,1.94610047428914,201.130004882812,1,14.1010999679565,35.8250999450684,0.0364999994635582,0,0.00044000000343658,120.703399658203,-84.8161,25.121,43.7119975285011,53,52,53,51,53,53,0,8280,1.36958730294889,25,-85,0.0073,47,2022-01-24 15:56:14.001691,201.130004882812,1.0412,2,"aoml_apex",1027.69616801545
"4903625",16,0,1,0.0365,1,-0.0073,1,0.000438999995822087,3,124.314777540408,1,1.94595868293912,211.589996337891,1,13.7672004699707,35.7691993713379,0.0364999994635582,0,0.000438999995822087,118.58910369873,-84.8161,25.121,43.7119975285011,53,52,53,51,53,53,0,8280,1.36958730294889,25,-85,0.0073,47,2022-01-24 15:56:14.001691,211.589996337891,1.0412,2,"aoml_apex",1027.77105060589
"4903625",16,0,1,0.0365,1,-0.0073,1,0.000380000012228265,3,123.315970028617,1,1.94579606520811,221.710006713867,1,13.388500213623,35.7186012268066,0.0364999994635582,0,0.000380000012228265,117.636299133301,-84.8161,25.121,43.7119975285011,53,52,53,51,53,53,0,8280,1.36958730294889,25,-85,0.0073,47,2022-01-24 15:56:14.001691,221.710006713867,1.0412,2,"aoml_apex",1027.85694542254
"4903625",16,0,1,0.0365,1,-0.0073,1,0.000368000008165836,3,121.428124179316,1,1.94570157812394,231.229995727539,1,13.2173004150391,35.682201385498,0.0364999994635582,0,0.000368000008165836,115.835403442383,-84.8161,25.121,43.7119975285011,53,52,53,51,53,53,0,8280,1.36958730294889,25,-85,0.0073,47,2022-01-24 15:56:14.001691,231.229995727539,1.0412,2,"aoml_apex",1027.90686017144
"4903625",16,0,1,0.0292,1,-0.0146,1,0.000368000008165836,3,120.858900030599,1,1.9455797352667,241.350006103516,1,12.9757995605469,35.6426010131836,0.0292000006884336,0,0.000368000008165836,115.29239654541,-84.8161,25.121,43.7119975285011,53,52,53,51,53,53,0,8280,1.36958730294889,25,-85,0.0073,47,2022-01-24 15:56:14.001691,241.350006103516,1.0412,2,"aoml_apex",1027.97123332796
"4903625",16,0,1,0.0365,1,-0.0073,1,0.000368000008165836,3,120.065354876399,1,1.9454554442682,251.389999389648,1,12.7217998504639,35.6025009155273,0.0364999994635582,0,0.000368000008165836,114.535400390625,-84.8161,25.121,43.7119975285011,53,52,53,51,53,53,0,8280,1.36958730294889,25,-85,0.0073,47,2022-01-24 15:56:14.001691,251.389999389648,1.0412,2,"aoml_apex",1028.0369082173
"4903625",16,0,1,0.0438,1,0,1,0.000356000004103407,3,119.352938939242,1,1.94532047218144,261.559997558594,1,12.4139995574951,35.5556983947754,0.0438000001013279,0,0.000356000004103407,113.855796813965,-84.8161,25.121,43.7119975285011,53,52,53,51,53,53,0,8280,1.36958730294889,25,-85,0.0073,47,2022-01-24 15:56:14.001691,261.559997558594,1.0412,2,"aoml_apex",1028.10823645795
"4903625",16,0,1,0.0438,1,0,1,0.000391000008676201,3,118.284007119975,1,1.94519600862599,270.890014648438,1,12.1878995895386,35.5285987854004,0.0438000001013279,0,0.000391000008676201,112.836097717285,-84.8161,25.121,43.7119975285011,53,52,53,51,53,53,0,8280,1.36958730294889,25,-85,0.0073,47,2022-01-24 15:56:14.001691,270.890014648438,1.0412,2,"aoml_apex",1028.17402006326
"4903625",16,0,1,0.0365,1,-0.0073,1,0.000391000008676201,3,117.733977580968,1,1.94508466008221,281.420013427734,1,11.9462995529175,35.4822998046875,0.0364999994635582,0,0.000391000008676201,112.311401367188,-84.8161,25.121,43.7119975285011,53,52,53,51,53,53,0,8280,1.36958730294889,25,-85,0.0073,47,2022-01-24 15:56:14.001691,281.420013427734,1.0412,2,"aoml_apex",1028.23287903338
"4903625",16,0,1,0.0511,1,0.0073,1,0.000367000000551343,3,117.335945357606,1,1.94497265399965,291.010009765625,1,11.747200012207,35.4532012939453,0.0511000007390976,0,0.000367000000551343,111.931701660156,-84.8161,25.121,43.7119975285011,53,52,53,51,53,53,0,8280,1.36958730294889,25,-85,0.0073,47,2022-01-24 15:56:14.001691,291.010009765625,1.0412,2,"aoml_apex",1028.29209237836
"4903625",16,0,1,0.0365,1,-0.0073,1,0.000354999996488914,3,117.907360890932,1,1.94482835892212,301.540008544922,1,11.3886003494263,35.4015998840332,0.0364999994635582,0,0.000354999996488914,112.47679901123,-84.8161,25.121,43.7119975285011,53,52,53,51,53,53,0,8280,1.36958730294889,25,-85,0.0073,47,2022-01-24 15:56:14.001691,301.540008544922,1.0412,2,"aoml_apex",1028.36838573685
"4903625",16,0,1,0.0438,1,0,1,0.000391000008676201,3,117.761545839165,1,1.94475084546615,310.920013427734,1,11.3135004043579,35.3819007873535,0.0438000001013279,0,0.000391000008676201,112.337699890137,-84.8161,25.121,43.7119975285011,53,52,53,51,53,53,0,8280,1.36958730294889,25,-85,0.0073,47,2022-01-24 15:56:14.001691,310.920013427734,1.0412,2,"aoml_apex",1028.40937422017
"4903625",16,0,1,0.0438,1,0,1,0.000414000009186566,3,117.738592285053,1,1.94463090160064,321.690002441406,1,11.141300201416,35.3594017028809,0.0438000001013279,0,0.000414000009186566,112.315803527832,-84.8161,25.121,43.7119975285011,53,52,53,51,53,53,0,8280,1.36958730294889,25,-85,0.0073,47,2022-01-24 15:56:14.001691,321.690002441406,1.0412,2,"aoml_apex",1028.47280599819
"4903625",16,0,1,0.0365,1,-0.0073,1,0.000367000000551343,3,117.121573558156,1,1.94452913380649,331.529998779297,1,10.9822998046875,35.3334007263184,0.0364999994635582,0,0.000367000000551343,111.727203369141,-84.8161,25.121,43.7119975285011,53,52,53,51,53,53,0,8280,1.36958730294889,25,-85,0.0073,47,2022-01-24 15:56:14.001691,331.529998779297,1.0412,2,"aoml_apex",1028.52663157837
"4903625",16,0,1,0.0365,1,-0.0073,1,0.000367000000551343,3,116.916319198319,1,1.94441134481056,341.190002441406,1,10.7523002624512,35.3026008605957,0.0364999994635582,0,0.000367000000551343,111.531402587891,-84.8161,25.121,43.7119975285011,53,52,53,51,53,53,0,8280,1.36958730294889,25,-85,0.0073,47,2022-01-24 15:56:14.001691,341.190002441406,1.0412,2,"aoml_apex",1028.58893790031
"4903625",16,0,1,0.0438,1,0,1,0.000390000001061708,3,116.873547209681,1,1.94430041376867,350.970001220703,1,10.5524997711182,35.2742004394531,0.0438000001013279,0,0.000390000001061708,111.490600585938,-84.8161,25.121,43.7119975285011,53,52,53,51,53,53,0,8280,1.36958730294889,25,-85,0.0073,47,2022-01-24 15:56:14.001691,350.970001220703,1.0412,2,"aoml_apex",1028.6476235035
"4903625",16,0,1,0.0438,1,0,1,0.000425000005634502,3,116.705402428618,1,1.94419648701117,360.929992675781,1,10.4270000457764,35.2579002380371,0.0438000001013279,0,0.000425000005634502,111.330200195312,-84.8161,25.121,43.7119975285011,53,52,53,51,53,53,0,8280,1.36958730294889,25,-85,0.0073,47,2022-01-24 15:56:14.001691,360.929992675781,1.0412,2,"aoml_apex",1028.70260972162
"4903625",16,0,1,0.0438,1,0,1,0.000353999988874421,3,116.083457085229,1,1.94396551144959,381.720001220703,1,9.9955997467041,35.1948013305664,0.0438000001013279,0,0.000353999988874421,110.73690032959,-84.8161,25.121,43.7119975285011,53,52,53,51,53,53,0,8280,1.36958730294889,25,-85,0.0073,47,2022-01-24 15:56:14.001691,381.720001220703,1.0412,2,"aoml_apex",1028.82483676813
"4903625",16,0,1,0.0438,1,0,1,0.000388999993447214,3,116.330219788565,1,1.94372205923584,401.290008544922,1,9.49030017852783,35.1328010559082,0.0438000001013279,0,0.000388999993447214,110.972297668457,-84.8161,25.121,43.7119975285011,53,52,53,51,53,53,0,8280,1.36958730294889,25,-85,0.0073,47,2022-01-24 15:56:14.001691,401.290008544922,1.0412,2,"aoml_apex",1028.95369762191
"4903625",16,0,1,0.0438,1,0,1,0.000411999993957579,3,116.898284262945,1,1.94323258217941,451.440002441406,1,9.0265998840332,35.0733985900879,0.0438000001013279,0,0.000411999993957579,111.514198303223,-84.8161,25.121,43.7119975285011,53,52,53,51,53,53,0,8280,1.36958730294889,25,-85,0.0073,47,2022-01-24 15:56:14.001691,451.440002441406,1.0412,2,"aoml_apex",1029.21287875738
"4903625",16,0,1,0.0511,1,0.0073,1,0.000387000007322058,3,118.977764296943,1,1.94266647942234,501.339996337891,1,8.18760013580322,34.9905014038086,0.0511000007390976,0,0.000387000007322058,113.497901916504,-84.8161,25.121,43.7119975285011,53,52,53,51,53,53,0,8280,1.36958730294889,25,-85,0.0073,47,2022-01-24 15:56:14.001691,501.339996337891,1.0412,2,"aoml_apex",1029.51279655307
"4903625",16,0,1,0.0438,1,0,1,0.000338999991072342,3,124.497382260787,1,1.94208575132106,551.469970703125,1,7.40520000457764,34.9352989196777,0.0438000001013279,0,0.000338999991072342,118.763298034668,-84.8161,25.121,43.7119975285011,53,52,53,51,53,53,0,8280,1.36958730294889,25,-85,0.0073,47,2022-01-24 15:56:14.001691,551.469970703125,1.0412,2,"aoml_apex",1029.82064444865
"4903625",16,0,1,0.0438,1,0,1,0.000338999991072342,3,131.664697513192,1,1.94156563149556,601.22998046875,1,6.91639995574951,34.9040985107422,0.0438000001013279,0,0.000338999991072342,125.60050201416,-84.8161,25.121,43.7119975285011,53,52,53,51,53,53,0,8280,1.36958730294889,25,-85,0.0073,47,2022-01-24 15:56:14.001691,601.22998046875,1.0412,2,"aoml_apex",1030.09651981706
"4903625",16,0,1,0.0511,1,0.0073,1,0.000349999987520278,3,137.689061732635,1,1.94103864435395,651.059997558594,1,6.54080009460449,34.9009017944336,0.0511000007390976,0,0.000349999987520278,131.347396850586,-84.8161,25.121,43.7119975285011,53,52,53,51,53,53,0,8280,1.36958730294889,25,-85,0.0073,47,2022-01-24 15:56:14.001691,651.059997558594,1.0412,2,"aoml_apex",1030.37618844816
"4903625",16,0,1,0.0438,1,0,1,0.000372999988030642,3,144.67177282615,1,1.94050385762672,701.590026855469,1,6.17810010910034,34.9026985168457,0.0438000001013279,0,0.000372999988030642,138.008499145508,-84.8161,25.121,43.7119975285011,53,52,53,51,53,53,0,8280,1.36958730294889,25,-85,0.0073,47,2022-01-24 15:56:14.001691,701.590026855469,1.0412,2,"aoml_apex",1030.66015155778
"4903625",16,0,1,0.0511,1,0.0073,1,0.000372000009519979,3,150.752641177927,1,1.9400026533534,751.289978027344,1,5.91809988021851,34.9066009521484,0.0511000007390976,0,0.000372000009519979,143.809295654297,-84.8161,25.121,43.7119975285011,53,52,53,51,53,53,0,8280,1.36958730294889,25,-85,0.0073,47,2022-01-24 15:56:14.001691,751.289978027344,1.0412,2,"aoml_apex",1030.92642504529
"4903625",16,0,1,0.0438,1,0,1,0.000348000001395121,3,156.841587261291,1,1.93949483921691,801.409973144531,1,5.66520023345947,34.9145011901855,0.0438000001013279,0,0.000348000001395121,149.617797851562,-84.8161,25.121,43.7119975285011,53,52,53,51,53,53,0,8280,1.36958730294889,25,-85,0.0073,47,2022-01-24 15:56:14.001691,801.409973144531,1.0412,2,"aoml_apex",1031.19635049275
"4903625",16,0,1,0.0511,1,0.0073,1,0.00047699999413453,3,164.168873590125,1,1.93899770933444,851.150024414062,1,5.42570018768311,34.9203987121582,0.0511000007390976,0,0.00047699999413453,156.607604980469,-84.8161,25.121,43.7119975285011,53,52,53,51,53,53,0,8280,1.36958730294889,25,-85,0.0073,47,2022-01-24 15:56:14.001691,851.150024414062,1.0412,2,"aoml_apex",1031.46073374501
"4903625",16,0,1,0.0365,1,-0.0073,1,0.000323999993270263,3,169.779585972553,1,1.93850221201198,901.869995117188,1,5.22609996795654,34.9272003173828,0.0364999994635582,0,0.000323999993270263,161.959899902344,-84.8161,25.121,43.7119975285011,53,52,53,51,53,53,0,8280,1.36958730294889,25,-85,0.0073,47,2022-01-24 15:56:14.001691,901.869995117188,1.0412,2,"aoml_apex",1031.7243837056
"4903625",16,0,1,0.0438,1,0,1,0.000300000014249235,3,176.909055852813,1,1.93801364425598,951.080017089844,1,5.00460004806519,34.9346008300781,0.0438000001013279,0,0.000300000014249235,168.761001586914,-84.8161,25.121,43.7119975285011,53,52,53,51,53,53,0,8280,1.36958730294889,25,-85,0.0073,47,2022-01-24 15:56:14.001691,951.080017089844,1.0412,2,"aoml_apex",1031.98447850341
"4903625",16,0,1,0.0365,1,-0.0073,1,0.000334999989718199,3,183.568257795166,1,1.93755369286591,999.830017089844,1,4.86420011520386,34.939998626709,0.0364999994635582,0,0.000334999989718199,175.113494873047,-84.8161,25.121,43.7119975285011,53,52,53,51,53,53,0,8280,1.36958730294889,25,-85,0.0073,47,2022-01-24 15:56:14.001691,999.830017089844,1.0412,2,"aoml_apex",1032.22945891204
"4903625",16,0,1,0.0511,1,0.0073,1,0.000345999986166134,3,193.715216294956,1,1.93661587375841,1099.73999023438,1,4.59040021896362,34.9511985778809,0.0511000007390976,0,0.000345999986166134,184.793106079102,-84.8161,25.121,43.7119975285011,53,52,53,51,53,53,0,8280,1.36958730294889,25,-85,0.0073,47,2022-01-24 15:56:14.001691,1099.73999023438,1.0412,2,"aoml_apex",1032.72932288765
"4903625",16,0,1,0.0438,1,0,1,0.000334000011207536,3,200.551584484937,1,1.9357119891738,1200.17004394531,1,4.43230009078979,34.9579010009766,0.0438000001013279,0,0.000334000011207536,191.314605712891,-84.8161,25.121,43.7119975285011,53,52,53,51,53,53,0,8280,1.36958730294889,25,-85,0.0073,47,2022-01-24 15:56:14.001691,1200.17004394531,1.0412,2,"aoml_apex",1033.21155791035
"4903625",16,0,1,0.0438,1,0,1,0.000311000010697171,3,206.010195580918,1,1.93485139412943,1298.55004882812,1,4.35820007324219,34.9631004333496,0.0438000001013279,0,0.000311000010697171,196.52180480957,-84.8161,25.121,43.7119975285011,53,52,53,51,53,53,0,8280,1.36958730294889,25,-85,0.0073,47,2022-01-24 15:56:14.001691,1298.55004882812,1.0412,2,"aoml_apex",1033.67111607033
"4903625",16,0,1,0.0438,1,0,1,0.000299000006634742,3,205.726419271858,1,1.93399422034399,1398.96997070312,1,4.3289999961853,34.9636993408203,0.0438000001013279,0,0.000299000006634742,196.251098632812,-84.8161,25.121,43.7119975285011,53,52,53,51,53,53,0,8280,1.36958730294889,25,-85,0.0073,47,2022-01-24 15:56:14.001691,1398.96997070312,1.0412,2,"aoml_apex",1034.12925383214
"4903625",16,0,1,0.0438,1,0,1,0.000274999998509884,3,208.058740302266,1,1.93313665300423,1499.38000488281,1,4.29699993133545,34.9656982421875,0.0438000001013279,0,0.000274999998509884,198.475997924805,-84.8161,25.121,43.7119975285011,53,52,53,51,53,53,0,8280,1.36958730294889,25,-85,0.0073,47,2022-01-24 15:56:14.001691,1499.38000488281,1.0412,2,"aoml_apex",1034.58800850517
"4903625",16,0,1,0.0438,1,0,1,0.000274999998509884,3,208.196269680841,1,1.93229755799741,1598.83996582031,1,4.28649997711182,34.9660987854004,0.0438000001013279,0,0.000274999998509884,198.607192993164,-84.8161,25.121,43.7119975285011,53,52,53,51,53,53,0,8280,1.36958730294889,25,-85,0.0073,47,2022-01-24 15:56:14.001691,1598.83996582031,1.0412,2,"aoml_apex",1035.03727555954
"4903625",16,0,1,0.0511,1,0.0073,1,0.000274999998509884,3,209.293833459593,1,1.93144781689948,1699.92004394531,1,4.2810001373291,34.967098236084,0.0511000007390976,0,0.000274999998509884,199.654205322266,-84.8161,25.121,43.7119975285011,53,52,53,51,53,53,0,8280,1.36958730294889,25,-85,0.0073,47,2022-01-24 15:56:14.001691,1699.92004394531,1.0412,2,"aoml_apex",1035.49264054701
"4903625",16,0,1,0.0438,1,0,1,0.000274999998509884,3,209.717538473443,1,1.93061449726826,1799.56994628906,1,4.28000020980835,34.967601776123,0.0438000001013279,0,0.000274999998509884,200.058395385742,-84.8161,25.121,43.7119975285011,53,52,53,51,53,53,0,8280,1.36958730294889,25,-85,0.0073,47,2022-01-24 15:56:14.001691,1799.56994628906,1.0412,2,"aoml_apex",1035.93959479218
"4903625",16,0,1,0.0438,1,0,1,0.000274999998509884,3,210.419165440392,1,1.92978622921851,1899.03002929688,1,4.2810001373291,34.9678001403809,0.0438000001013279,0,0.000274999998509884,200.72770690918,-84.8161,25.121,43.7119975285011,53,52,53,51,53,53,0,8280,1.36958730294889,25,-85,0.0073,47,2022-01-24 15:56:14.001691,1899.03002929688,1.0412,2,"aoml_apex",1036.38422210626
"4903625",17,0.0751610588203426,5,0.1606,1,0.1168,1,0.000608999980613589,3,201.276063906933,1,1.95298799877995,7.65999984741211,1,25.638599395752,36.1829986572266,0.160600006580353,0.131400004029274,0.000608999980613589,191.898193359375,-85.6641,24.6572,17.7845410354143,53,52,53,51,53,53,0.1095,8279,1.45687144005964,25,-86,0.0073,47,2022-02-03 23:11:40.002483,7.65999984741211,1.0412,2,"aoml_apex",1024.07183313436
"4903625",17,0.0751610588203426,5,0.1606,1,0.1168,1,0.000645000021904707,3,201.216607298486,1,1.95294726867933,11.9399995803833,1,25.6341991424561,36.1851005554199,0.160600006580353,0.131400004029274,0.000645000021904707,191.841506958008,-85.6641,24.6572,17.7845410354143,53,52,53,51,53,53,0.1095,8279,1.45687144005964,25,-86,0.0073,47,2022-02-03 23:11:40.002483,11.9399995803833,1.0412,2,"aoml_apex",1024.09319087887
"4903625",17,0.0751610588203426,5,0.1533,1,0.1095,1,0.000632999988738447,3,201.150108722955,1,1.95289249567094,16.7999992370605,1,25.6084995269775,36.1848983764648,0.153300002217293,0.124099999666214,0.000632999988738447,191.778106689453,-85.6641,24.6572,17.7845410354143,53,52,53,51,53,53,0.1095,8279,1.45687144005964,25,-86,0.0073,47,2022-02-03 23:11:40.002483,16.7999992370605,1.0412,2,"aoml_apex",1024.12191374256
"4903625",17,0.0701503215656531,1,0.146,1,0.1022,1,0.000632999988738447,3,201.211453858938,1,1.95277905347747,21.8199996948242,1,25.5067005157471,36.1932983398438,0.145999997854233,0.116800002753735,0.000632999988738447,191.83659362793,-85.6641,24.6572,17.7845410354143,53,52,53,51,53,53,0.1022,8279,1.45687144005964,25,-86,0.0073,47,2022-02-03 23:11:40.002483,21.8199996948242,1.0412,2,"aoml_apex",1024.18140774218
"4903625",17,0.0751610588203426,1,0.1533,1,0.1095,1,0.00080899999011308,3,201.33428817114,1,1.95265292876915,26.5699996948242,1,25.4004001617432,36.2103004455566,0.153300002217293,0.124099999666214,0.00080899999011308,191.953704833984,-85.6641,24.6572,17.7845410354143,53,52,53,51,53,53,0.1095,8279,1.45687144005964,25,-86,0.0073,47,2022-02-03 23:11:40.002483,26.5699996948242,1.0412,2,"aoml_apex",1024.24756111712
"4903625",17,0.0851825333297216,1,0.1679,1,0.1241,1,0.000797000015154481,3,201.420712312624,1,1.95257224967998,31.8899993896484,1,25.3504009246826,36.2155990600586,0.167899996042252,0.138699993491173,0.000797000015154481,192.036102294922,-85.6641,24.6572,17.7845410354143,53,52,53,51,53,53,0.1241,8279,1.45687144005964,25,-86,0.0073,47,2022-02-03 23:11:40.002483,31.8899993896484,1.0412,2,"aoml_apex",1024.28988239887
"4903625",17,0.10522548234848,1,0.1971,1,0.1533,1,0.000750000006519258,3,201.327150177232,1,1.95251672528468,36.3600006103516,1,25.3351993560791,36.2224998474121,0.19709999859333,0.167899996042252,0.000750000006519258,191.946899414062,-85.6641,24.6572,17.7845410354143,53,52,53,51,53,53,0.1533,8279,1.45687144005964,25,-86,0.0073,47,2022-02-03 23:11:40.002483,36.3600006103516,1.0412,2,"aoml_apex",1024.31901048551
"4903625",17,0.150322117640685,1,0.2628,1,0.219,1,0.000774000014644116,3,201.07679224293,1,1.95246043367858,41.8899993896484,1,25.328800201416,36.2275009155273,0.262800008058548,0.233600005507469,0.000774000014644116,191.708206176758,-85.6641,24.6572,17.7845410354143,53,52,53,51,53,53,0.219,8279,1.45687144005964,25,-86,0.0073,47,2022-02-03 23:11:40.002483,41.8899993896484,1.0412,2,"aoml_apex",1024.34854274197
"4903625",17,0.140300643131306,4,0.2482,1,0.2044,1,0.000797000015154481,3,200.716179510352,1,1.95240026248752,46.7299995422363,1,25.3215999603271,36.2388000488281,0.248199999332428,0.218999996781349,0.000797000015154481,191.364395141602,-85.6641,24.6572,17.7845410354143,53,52,53,51,53,53,0.2044,8279,1.45687144005964,25,-86,0.0073,47,2022-02-03 23:11:40.002483,46.7299995422363,1.0412,2,"aoml_apex",1024.38011222752
"4903625",17,0.165354329404754,1,0.2847,1,0.2409,1,0.000761999981477857,3,200.860923942867,1,1.95232958248379,51.8800010681152,1,25.211799621582,36.2137985229492,0.284700006246567,0.255499988794327,0.000761999981477857,191.502395629883,-85.6641,24.6572,17.7845410354143,53,52,53,51,53,53,0.2409,8279,1.45687144005964,25,-86,0.0073,47,2022-02-03 23:11:40.002483,51.8800010681152,1.0412,2,"aoml_apex",1024.4171977641
"4903625",17,0.235504650970407,1,0.3869,1,0.3431,1,0.000832999998237938,3,200.778901030811,1,1.95225688634502,56.6300010681152,1,25.1350002288818,36.2060012817383,0.386900007724762,0.357699990272522,0.000832999998237938,191.424194335938,-85.6641,24.6572,17.7845410354143,53,52,53,51,53,53,0.3431,8279,1.45687144005964,25,-86,0.0073,47,2022-02-03 23:11:40.002483,56.6300010681152,1.0412,2,"aoml_apex",1024.45534396058
"4903625",17,0.310665709790749,1,0.4964,1,0.4526,1,0.000855999998748302,3,201.709560998829,1,1.95186678119141,61.5900001525879,1,24.5237007141113,36.2020988464355,0.496399998664856,0.467200011014938,0.000855999998748302,192.311492919922,-85.6641,24.6572,17.7845410354143,53,52,53,51,53,53,0.4526,8279,1.45687144005964,25,-86,0.0073,47,2022-02-03 23:11:40.002483,61.5900001525879,1.0412,2,"aoml_apex",1024.66009426074
"4903625",17,0.290622760771991,1,0.4672,1,0.4234,1,0.00104400003328919,3,203.931589694266,1,1.95116372164458,66.4199981689453,1,23.4911994934082,36.2551002502441,0.467200011014938,0.437999993562698,0.00104400003328919,194.429992675781,-85.6641,24.6572,17.7845410354143,53,52,53,51,53,53,0.4234,8279,1.45687144005964,25,-86,0.0073,47,2022-02-03 23:11:40.002483,66.4199981689453,1.0412,2,"aoml_apex",1025.02930831158
"4903625",17,0.310665709790749,1,0.4964,1,0.4526,1,0.000867000024300069,3,203.877062462778,1,1.95098935150868,71.7699966430664,1,23.2917995452881,36.2681999206543,0.496399998664856,0.467200011014938,0.000867000024300069,194.378005981445,-85.6641,24.6572,17.7845410354143,53,52,53,51,53,53,0.4526,8279,1.45687144005964,25,-86,0.0073,47,2022-02-03 23:11:40.002483,71.7699966430664,1.0412,2,"aoml_apex",1025.12092054906
"4903625",17,0.260558337243854,1,0.4234,1,0.3796,1,0.00092600000789389,3,203.363318955067,1,1.9508981934053,76.5299987792969,1,23.1949996948242,36.2668991088867,0.423400014638901,0.394199997186661,0.00092600000789389,193.888198852539,-85.6641,24.6572,17.7845410354143,53,52,53,51,53,53,0.3796,8279,1.45687144005964,25,-86,0.0073,47,2022-02-03 23:11:40.002483,76.5299987792969,1.0412,2,"aoml_apex",1025.16882057746
"4903625",17,0.230493913715717,1,0.3796,1,0.3358,1,0.00092600000789389,3,202.735159486714,1,1.95079452817219,81.5,1,23.0944004058838,36.2717018127441,0.379599988460541,0.350400000810623,0.00092600000789389,193.289306640625,-85.6641,24.6572,17.7845410354143,53,52,53,51,53,53,0.3358,8279,1.45687144005964,25,-86,0.0073,47,2022-02-03 23:11:40.002483,81.5,1.0412,2,"aoml_apex",1025.22329805483
"4903625",17,0.225483176461028,1,0.3723,1,0.3285,1,0.000797000015154481,3,202.066076586921,1,1.95068937578106,86.3099975585938,1,22.9500999450684,36.2617988586426,0.372299998998642,0.343100011348724,0.000797000015154481,192.651397705078,-85.6641,24.6572,17.7845410354143,53,52,53,51,53,53,0.3285,8279,1.45687144005964,25,-86,0.0073,47,2022-02-03 23:11:40.002483,86.3099975585938,1.0412,2,"aoml_apex",1025.27856296915
"4903625",17,0.195418752932891,1,0.3285,1,0.2847,1,0.00080899999011308,3,200.604788394662,1,1.95062645014577,91.5100021362305,1,22.9146003723145,36.2621994018555,0.328500002622604,0.299299985170364,0.00080899999011308,191.258193969727,-85.6641,24.6572,17.7845410354143,53,52,53,51,53,53,0.2847,8279,1.45687144005964,25,-86,0.0073,47,2022-02-03 23:11:40.002483,91.5100021362305,1.0412,2,"aoml_apex",1025.31163762828
"4903625",17,0.190408015678201,1,0.3212,1,0.2774,1,0.000831999990623444,3,197.289942434629,1,1.95057748633374,96.5100021362305,1,22.9018993377686,36.2627983093262,0.321200013160706,0.291999995708466,0.000831999990623444,188.097793579102,-85.6641,24.6572,17.7845410354143,53,52,53,51,53,53,0.2774,8279,1.45687144005964,25,-86,0.0073,47,2022-02-03 23:11:40.002483,96.5100021362305,1.0412,2,"aoml_apex",1025.33737521966
"4903625",17,0.150322117640685,1,0.2628,1,0.219,1,0.0007259999983944,3,185.214745382006,1,1.95051918941489,101.819999694824,1,22.8952007293701,36.2704010009766,0.262800008058548,0.233600005507469,0.0007259999983944,176.585205078125,-85.6641,24.6572,17.7845410354143,53,52,53,51,53,53,0.219,8279,1.45687144005964,25,-86,0.0073,47,2022-02-03 23:11:40.002483,101.819999694824,1.0412,2,"aoml_apex",1025.36802039869
"4903625",17,0.0450966352922056,1,0.1095,1,0.0657,1,0.000595999998040497,3,160.422203901063,1,1.95021057599649,111.360000610352,1,23.2751998901367,36.5764007568359,0.109499998390675,0.0803000032901764,0.000595999998040497,152.947799682617,-85.6641,24.6572,17.7845410354143,53,52,53,51,53,53,0.0657,8279,1.45687144005964,25,-86,0.0073,47,2022-02-03 23:11:40.002483,111.360000610352,1.0412,2,"aoml_apex",1025.53028099444
"4903625",17,0.0250536862734475,4,0.0803,1,0.0365,1,0.000455000001238659,3,156.570551991119,1,1.9498753436343,119.940002441406,1,23.3857002258301,36.8031005859375,0.0803000032901764,0.0511000007390976,0.000455000001238659,149.275604248047,-85.6641,24.6572,17.7845410354143,53,52,53,51,53,53,0.0365,8279,1.45687144005964,25,-86,0.0073,47,2022-02-03 23:11:40.002483,119.940002441406,1.0412,2,"aoml_apex",1025.706595311
"4903625",17,0.0501073725468951,1,0.1168,1,0.073,1,0.000714000023435801,3,161.945365376837,1,1.94956255518461,131.949996948242,1,22.3393001556396,36.5505981445312,0.116800002753735,0.0876000002026558,0.000714000023435801,154.399993896484,-85.6641,24.6572,17.7845410354143,53,52,53,51,53,53,0.073,8279,1.45687144005964,25,-86,0.0073,47,2022-02-03 23:11:40.002483,131.949996948242,1.0412,2,"aoml_apex",1025.87116001036
"4903625",17,0.0350751607828265,1,0.0949,1,0.0511,1,0.000584000023081899,3,141.654481376621,1,1.94880785072081,141.779998779297,1,21.0594005584717,36.5433006286621,0.0948999971151352,0.065700002014637,0.000584000023081899,135.054504394531,-85.6641,24.6572,17.7845410354143,53,52,53,51,53,53,0.0511,8279,1.45687144005964,25,-86,0.0073,47,2022-02-03 23:11:40.002483,141.779998779297,1.0412,2,"aoml_apex",1026.26844368482
"4903625",17,0.0150322117640685,4,0.0657,1,0.0219,1,0.000524999981280416,3,143.763230428832,1,1.94851949097275,151.410003662109,1,21.3476009368896,36.7933006286621,0.065700002014637,0.0364999994635582,0.000524999981280416,137.065002441406,-85.6641,24.6572,17.7845410354143,53,52,53,51,53,53,0.0219,8279,1.45687144005964,25,-86,0.0073,47,2022-02-03 23:11:40.002483,151.410003662109,1.0412,2,"aoml_apex",1026.42032028201
"4903625",17,0.030064423528137,1,0.0876,1,0.0438,1,0.000441999989561737,3,133.880157718246,1,1.94807981280407,161.729995727539,1,20.2465991973877,36.6416015625,0.0876000002026558,0.0584000013768673,0.000441999989561737,127.642402648926,-85.6641,24.6572,17.7845410354143,53,52,53,51,53,53,0.0438,8279,1.45687144005964,25,-86,0.0073,47,2022-02-03 23:11:40.002483,161.729995727539,1.0412,2,"aoml_apex",1026.65198153313
"4903625",17,0.0250536862734475,1,0.0803,1,0.0365,1,0.00322899990715086,3,129.560174986048,1,1.94775053486605,171.559997558594,1,19.4333992004395,36.5287017822266,0.0803000032901764,0.0511000007390976,0.00322899990715086,123.523696899414,-85.6641,24.6572,17.7845410354143,53,52,53,51,53,53,0.0365,8279,1.45687144005964,25,-86,0.0073,47,2022-02-03 23:11:40.002483,171.559997558594,1.0412,2,"aoml_apex",1026.82554269587
"4903625",17,0.030064423528137,1,0.0876,1,0.0438,1,0.000653000024612993,3,137.249650943297,1,1.94746358109296,181.669998168945,1,19.1509990692139,36.5722007751465,0.0876000002026558,0.0584000013768673,0.000653000024612993,130.854904174805,-85.6641,24.6572,17.7845410354143,53,52,53,51,53,53,0.0438,8279,1.45687144005964,25,-86,0.0073,47,2022-02-03 23:11:40.002483,181.669998168945,1.0412,2,"aoml_apex",1026.97684281087
"4903625",17,0.020042949018758,1,0.073,1,0.0292,1,0.000371000001905486,3,132.626759597433,1,1.94718203774203,191.869995117188,1,18.540599822998,36.5017013549805,0.0729999989271164,0.0438000001013279,0.000371000001905486,126.447402954102,-85.6641,24.6572,17.7845410354143,53,52,53,51,53,53,0.0292,8279,1.45687144005964,25,-86,0.0073,47,2022-02-03 23:11:40.002483,191.869995117188,1.0412,2,"aoml_apex",1027.12533355085
"4903625",17,0.0350751607828265,1,0.0949,1,0.0511,1,0.000653000024612993,3,126.823890639839,1,1.94691592947501,200.889999389648,1,17.7148990631104,36.3610992431641,0.0948999971151352,0.065700002014637,0.000653000024612993,120.914901733398,-85.6641,24.6572,17.7845410354143,53,52,53,51,53,53,0.0511,8279,1.45687144005964,25,-86,0.0073,47,2022-02-03 23:11:40.002483,200.889999389648,1.0412,2,"aoml_apex",1027.26572304501
"4903625",17,0.020042949018758,1,0.073,1,0.0292,1,0.00040600000647828,3,127.415551912886,1,1.94667028500612,211.600006103516,1,17.1632995605469,36.2915000915527,0.0729999989271164,0.0438000001013279,0.00040600000647828,121.478996276855,-85.6641,24.6572,17.7845410354143,53,52,53,51,53,53,0.0292,8279,1.45687144005964,25,-86,0.0073,47,2022-02-03 23:11:40.002483,211.600006103516,1.0412,2,"aoml_apex",1027.39535061723
"4903625",17,0.010021474509379,1,0.0584,1,0.0146,1,0.000417000002926216,3,127.139178711549,1,1.94650360533838,221.210006713867,1,16.8346996307373,36.247200012207,0.0584000013768673,0.0292000006884336,0.000417000002926216,121.21549987793,-85.6641,24.6572,17.7845410354143,53,52,53,51,53,53,0.0146,8279,1.45687144005964,25,-86,0.0073,47,2022-02-03 23:11:40.002483,221.210006713867,1.0412,2,"aoml_apex",1027.48332677879
"4903625",17,0.010021474509379,1,0.0584,1,0.0146,1,0.000381999998353422,3,127.226443087742,1,1.9464299255264,228.940002441406,1,16.7653007507324,36.2318992614746,0.0584000013768673,0.0292000006884336,0.000381999998353422,121.298698425293,-85.6641,24.6572,17.7845410354143,53,52,53,51,53,53,0.0146,8279,1.45687144005964,25,-86,0.0073,47,2022-02-03 23:11:40.002483,228.940002441406,1.0412,2,"aoml_apex",1027.52222094978
"4903625",17,0,1,0.0438,1,0,1,0.000404999998863786,3,126.156704269817,1,1.94619757549968,241.160003662109,1,16.1956996917725,36.1447982788086,0.0438000001013279,0.0146000003442168,0.000404999998863786,120.278800964355,-85.6641,24.6572,17.7845410354143,53,52,53,51,53,53,0,8279,1.45687144005964,25,-86,0.0073,47,2022-02-03 23:11:40.002483,241.160003662109,1.0412,2,"aoml_apex",1027.64489339501
"4903625",17,-0.00501073725468951,1,0.0365,1,-0.0073,1,0.000381999998353422,3,125.443264979631,1,1.94602075902315,251.050003051758,1,15.8339004516602,36.0993003845215,0.0364999994635582,0.00730000017210841,0.000381999998353422,119.598602294922,-85.6641,24.6572,17.7845410354143,53,52,53,51,53,53,-0.0073,8279,1.45687144005964,25,-86,0.0073,47,2022-02-03 23:11:40.002483,251.050003051758,1.0412,2,"aoml_apex",1027.73826575414
"4903625",17,0,1,0.0365,1,-0.0073,1,0.000380999990738928,3,124.2363278371,1,1.9458601609939,261.279998779297,1,15.4397001266479,36.0325012207031,0.0364999994635582,0,0.000380999990738928,118.447898864746,-85.6641,24.6572,17.7845410354143,53,52,53,51,53,53,0,8279,1.45687144005964,25,-86,0.0073,47,2022-02-03 23:11:40.002483,261.279998779297,1.0412,2,"aoml_apex",1027.82308826265
"4903625",17,0,1,0.0438,1,0,1,0.000380999990738928,3,122.953353454534,1,1.94568061886193,271.299987792969,1,14.9913997650146,35.9658012390137,0.0438000001013279,0,0.000380999990738928,117.224700927734,-85.6641,24.6572,17.7845410354143,53,52,53,51,53,53,0,8279,1.45687144005964,25,-86,0.0073,47,2022-02-03 23:11:40.002483,271.299987792969,1.0412,2,"aoml_apex",1027.91793299038
"4903625",17,0,1,0.0292,1,-0.0146,1,0.000415999995311722,3,120.599063813685,1,1.94550586328294,281.049987792969,1,14.512900352478,35.890998840332,0.0292000006884336,0,0.000415999995311722,114.980102539062,-85.6641,24.6572,17.7845410354143,53,52,53,51,53,53,0,8279,1.45687144005964,25,-86,0.0073,47,2022-02-03 23:11:40.002483,281.049987792969,1.0412,2,"aoml_apex",1028.01026599072
"4903625",17,0,1,0.0292,1,-0.0146,1,0.000392999994801357,3,120.121722474456,1,1.94536544111457,291.200012207031,1,14.2024002075195,35.8404998779297,0.0292000006884336,0,0.000392999994801357,114.525001525879,-85.6641,24.6572,17.7845410354143,53,52,53,51,53,53,0,8279,1.45687144005964,25,-86,0.0073,47,2022-02-03 23:11:40.002483,291.200012207031,1.0412,2,"aoml_apex",1028.08447077899
"4903625",17,0,1,0.0365,1,-0.0073,1,0.000368999986676499,3,120.131373170255,1,1.9452367132526,301.519989013672,1,13.9497003555298,35.7983016967773,0.0364999994635582,0,0.000368999986676499,114.534202575684,-85.6641,24.6572,17.7845410354143,53,52,53,51,53,53,0,8279,1.45687144005964,25,-86,0.0073,47,2022-02-03 23:11:40.002483,301.519989013672,1.0412,2,"aoml_apex",1028.15250523204
"4903625",17,0,1,0.0365,1,-0.0073,1,0.000391999987186864,3,119.530893433883,1,1.94510921546213,310.790008544922,1,13.7153997421265,35.7671012878418,0.0364999994635582,0,0.000391999987186864,113.961700439453,-85.6641,24.6572,17.7845410354143,53,52,53,51,53,53,0,8279,1.45687144005964,25,-86,0.0073,47,2022-02-03 23:11:40.002483,310.790008544922,1.0412,2,"aoml_apex",1028.21989845173
"4903625",17,0,1,0.0365,1,-0.0073,1,0.000380000012228265,3,119.851535001024,1,1.94497827726221,321.359985351562,1,13.3943004608154,35.7075996398926,0.0364999994635582,0,0.000380000012228265,114.267402648926,-85.6641,24.6572,17.7845410354143,53,52,53,51,53,53,0,8279,1.45687144005964,25,-86,0.0073,47,2022-02-03 23:11:40.002483,321.359985351562,1.0412,2,"aoml_apex",1028.28911941127
"4903625",17,0,1,0.0365,1,-0.0073,1,0.000403999991249293,3,119.396535902817,1,1.94482086292923,331.859985351562,1,13.0074996948242,35.6501007080078,0.0364999994635582,0,0.000403999991249293,113.833602905273,-85.6641,24.6572,17.7845410354143,53,52,53,51,53,53,0,8279,1.45687144005964,25,-86,0.0073,47,2022-02-03 23:11:40.002483,331.859985351562,1.0412,2,"aoml_apex",1028.37234941405
"4903625",17,0,1,0.0438,1,0,1,0.000391999987186864,3,118.417622455803,1,1.94471673451314,341.089996337891,1,12.8157997131348,35.617000579834,0.0438000001013279,0,0.000391999987186864,112.900299072266,-85.6641,24.6572,17.7845410354143,53,52,53,51,53,53,0,8279,1.45687144005964,25,-86,0.0073,47,2022-02-03 23:11:40.002483,341.089996337891,1.0412,2,"aoml_apex",1028.42741284926
"4903625",17,0,1,0.0438,1,0,1,0.000568000017665327,3,117.763863836653,1,1.94458077635159,351.130004882812,1,12.4882001876831,35.565601348877,0.0438000001013279,0,0.000568000017665327,112.277000427246,-85.6641,24.6572,17.7845410354143,53,52,53,51,53,53,0,8279,1.45687144005964,25,-86,0.0073,47,2022-02-03 23:11:40.002483,351.130004882812,1.0412,2,"aoml_apex",1028.49931683084
"4903625",17,0,1,0.0438,1,0,1,0.000391000008676201,3,116.674191450539,1,1.94443755734521,361.850006103516,1,12.129599571228,35.5084991455078,0.0438000001013279,0,0.000391000008676201,111.238098144531,-85.6641,24.6572,17.7845410354143,53,52,53,51,53,53,0,8279,1.45687144005964,25,-86,0.0073,47,2022-02-03 23:11:40.002483,361.850006103516,1.0412,2,"aoml_apex",1028.57507171927
"4903625",17,0,1,0.0292,1,-0.0146,1,0.000391000008676201,3,115.679657640176,1,1.94415369431971,381.730010986328,1,11.358699798584,35.3927001953125,0.0292000006884336,0,0.000391000008676201,110.289901733398,-85.6641,24.6572,17.7845410354143,53,52,53,51,53,53,0,8279,1.45687144005964,25,-86,0.0073,47,2022-02-03 23:11:40.002483,381.730010986328,1.0412,2,"aoml_apex",1028.72525245482
"4903625",17,0,1,0.0511,1,0.0073,1,0.000390000001061708,3,115.60718139486,1,1.94393088692072,401.739990234375,1,10.9947004318237,35.339900970459,0.0511000007390976,0,0.000390000001061708,110.220802307129,-85.6641,24.6572,17.7845410354143,53,52,53,51,53,53,0,8279,1.45687144005964,25,-86,0.0073,47,2022-02-03 23:11:40.002483,401.739990234375,1.0412,2,"aoml_apex",1028.84316178961
"4903625",17,0,1,0.0438,1,0,1,0.00036599999293685,3,116.072983510753,1,1.94338383801982,451.119995117188,1,10.0474004745483,35.2025985717773,0.0438000001013279,0,0.00036599999293685,110.664901733398,-85.6641,24.6572,17.7845410354143,53,52,53,51,53,53,0,8279,1.45687144005964,25,-86,0.0073,47,2022-02-03 23:11:40.002483,451.119995117188,1.0412,2,"aoml_apex",1029.1327739135
"4903625",17,0,1,0.0438,1,0,1,0.000423999998020008,3,116.041830808642,1,1.94285334982164,501.010009765625,1,9.31760025024414,35.1096000671387,0.0438000001013279,0,0.000423999998020008,110.635200500488,-85.6641,24.6572,17.7845410354143,53,52,53,51,53,53,0,8279,1.45687144005964,25,-86,0.0073,47,2022-02-03 23:11:40.002483,501.010009765625,1.0412,2,"aoml_apex",1029.41377442801
"4903625",17,0,1,0.0438,1,0,1,0.000387999985832721,3,117.60527553703,1,1.94231198720177,550.859985351562,1,8.5644998550415,35.0250015258789,0.0438000001013279,0,0.000387999985832721,112.125801086426,-85.6641,24.6572,17.7845410354143,53,52,53,51,53,53,0,8279,1.45687144005964,25,-86,0.0073,47,2022-02-03 23:11:40.002483,550.859985351562,1.0412,2,"aoml_apex",1029.70069338929
"4903625",17,0,1,0.0438,1,0,1,0.000352000002749264,3,119.952227128088,1,1.94179148137793,601.489990234375,1,8.01679992675781,34.9705009460449,0.0438000001013279,0,0.000352000002749264,114.363403320312,-85.6641,24.6572,17.7845410354143,53,52,53,51,53,53,0,8279,1.45687144005964,25,-86,0.0073,47,2022-02-03 23:11:40.002483,601.489990234375,1.0412,2,"aoml_apex",1029.97670922975
"4903625",17,0,1,0.0438,1,0,1,0.000326999987009913,3,126.820113584767,1,1.94122420015063,651.059997558594,1,7.2923002243042,34.9213981628418,0.0438000001013279,0,0.000326999987009913,120.91130065918,-85.6641,24.6572,17.7845410354143,53,52,53,51,53,53,0,8279,1.45687144005964,25,-86,0.0073,47,2022-02-03 23:11:40.002483,651.059997558594,1.0412,2,"aoml_apex",1030.27769787993
"4903625",17,0,1,0.0511,1,0.0073,1,0.000338000012561679,3,137.41096000293,1,1.94061601377359,701.489990234375,1,6.57119989395142,34.9014015197754,0.0511000007390976,0,0.000338000012561679,131.008697509766,-85.6641,24.6572,17.7845410354143,53,52,53,51,53,53,0,8279,1.45687144005964,25,-86,0.0073,47,2022-02-03 23:11:40.002483,701.489990234375,1.0412,2,"aoml_apex",1030.60058548674
"4903625",17,0,1,0.0438,1,0,1,0.000337000004947186,3,144.228816484371,1,1.94009182624545,751.320007324219,1,6.21320009231567,34.9007987976074,0.0438000001013279,0,0.000337000004947186,137.508895874023,-85.6641,24.6572,17.7845410354143,53,52,53,51,53,53,0,8279,1.45687144005964,25,-86,0.0073,47,2022-02-03 23:11:40.002483,751.320007324219,1.0412,2,"aoml_apex",1030.87904033413
"4903625",17,0,1,0.0438,1,0,1,0.000337000004947186,3,149.255100512848,1,1.93958116440213,801.070007324219,1,5.9443998336792,34.9091987609863,0.0438000001013279,0,0.000337000004947186,142.300994873047,-85.6641,24.6572,17.7845410354143,53,52,53,51,53,53,0,8279,1.45687144005964,25,-86,0.0073,47,2022-02-03 23:11:40.002483,801.070007324219,1.0412,2,"aoml_apex",1031.15045490581
"4903625",17,0,1,0.0511,1,0.0073,1,0.000337000004947186,3,156.938702829371,1,1.93907787112296,851.099975585938,1,5.68330001831055,34.9131011962891,0.0511000007390976,0,0.000337000004947186,149.626602172852,-85.6641,24.6572,17.7845410354143,53,52,53,51,53,53,0,8279,1.45687144005964,25,-86,0.0073,47,2022-02-03 23:11:40.002483,851.099975585938,1.0412,2,"aoml_apex",1031.41809299374
"4903625",17,0,1,0.0511,1,0.0073,1,0.000348000001395121,3,164.386927396115,1,1.93856560468757,901.429992675781,1,5.41660022735596,34.9210014343262,0.0511000007390976,0,0.000348000001395121,156.727798461914,-85.6641,24.6572,17.7845410354143,53,52,53,51,53,53,0,8279,1.45687144005964,25,-86,0.0073,47,2022-02-03 23:11:40.002483,901.429992675781,1.0412,2,"aoml_apex",1031.69064547719
"4903625",17,0,1,0.0438,1,0,1,0.000311999989207834,3,169.543279757525,1,1.93808535219009,951.039978027344,1,5.2350001335144,34.9272994995117,0.0438000001013279,0,0.000311999989207834,161.643905639648,-85.6641,24.6572,17.7845410354143,53,52,53,51,53,53,0,8279,1.45687144005964,25,-86,0.0073,47,2022-02-03 23:11:40.002483,951.039978027344,1.0412,2,"aoml_apex",1031.94629572941
"4903625",17,0,1,0.0438,1,0,1,0.000358999997843057,3,176.568282102527,1,1.93760257817665,1000.03997802734,1,5.02530002593994,34.9342002868652,0.0438000001013279,0,0.000358999997843057,168.341598510742,-85.6641,24.6572,17.7845410354143,53,52,53,51,53,53,0,8279,1.45687144005964,25,-86,0.0073,47,2022-02-03 23:11:40.002483,1000.03997802734,1.0412,2,"aoml_apex",1032.20341597711
"4903625",17,0,1,0.0438,1,0,1,0.000369999994290993,3,188.187751853528,1,1.93665806747641,1100.06994628906,1,4.72900009155273,34.9450988769531,0.0438000001013279,0,0.000369999994290993,179.419692993164,-85.6641,24.6572,17.7845410354143,53,52,53,51,53,53,0,8279,1.45687144005964,25,-86,0.0073,47,2022-02-03 23:11:40.002483,1100.06994628906,1.0412,2,"aoml_apex",1032.70682294791
"4903625",17,0,1,0.0438,1,0,1,0.000299000006634742,3,196.842809533743,1,1.93573553985579,1199.88000488281,1,4.49700021743774,34.9550018310547,0.0438000001013279,0,0.000299000006634742,187.671493530273,-85.6641,24.6572,17.7845410354143,53,52,53,51,53,53,0,8279,1.45687144005964,25,-86,0.0073,47,2022-02-03 23:11:40.002483,1199.88000488281,1.0412,2,"aoml_apex",1033.19898757916
"4903625",17,0,1,0.0438,1,0,1,0.000380999990738928,3,202.385877919353,1,1.93484907356497,1300.32995605469,1,4.38940000534058,34.9599990844727,0.0438000001013279,0,0.000380999990738928,192.956298828125,-85.6641,24.6572,17.7845410354143,53,52,53,51,53,53,0,8279,1.45687144005964,25,-86,0.0073,47,2022-02-03 23:11:40.002483,1300.32995605469,1.0412,2,"aoml_apex",1033.67235580551
"4903625",17,0,1,0.0438,1,0,1,0.000299000006634742,3,205.430952522191,1,1.93399141620072,1399.84997558594,1,4.34530019760132,34.9635009765625,0.0438000001013279,0,0.000299000006634742,195.859497070312,-85.6641,24.6572,17.7845410354143,53,52,53,51,53,53,0,8279,1.45687144005964,25,-86,0.0073,47,2022-02-03 23:11:40.002483,1399.84997558594,1.0412,2,"aoml_apex",1034.13075324241
"4903625",17,0,1,0.0438,1,0,1,0.000274999998509884,3,208.120039684467,1,1.93313530408106,1500.35998535156,1,4.32100009918213,34.9654006958008,0.0438000001013279,0,0.000274999998509884,198.423294067383,-85.6641,24.6572,17.7845410354143,53,52,53,51,53,53,0,8279,1.45687144005964,25,-86,0.0073,47,2022-02-03 23:11:40.002483,1500.35998535156,1.0412,2,"aoml_apex",1034.58873043071
"4903625",17,0,1,0.0511,1,0.0073,1,0.000287000002572313,3,209.511996509892,1,1.93229585417877,1599,1,4.28999996185303,34.9669990539551,0.0511000007390976,0,0.000287000002572313,199.750396728516,-85.6641,24.6572,17.7845410354143,53,52,53,51,53,53,0,8279,1.45687144005964,25,-86,0.0073,47,2022-02-03 23:11:40.002483,1599,1.0412,2,"aoml_apex",1035.03818821265
"4903625",17,0,1,0.0438,1,0,1,0.000345999986166134,3,210.25041077652,1,1.93144860395933,1699.88000488281,1,4.28369998931885,34.9673004150391,0.0438000001013279,0,0.000345999986166134,200.454406738281,-85.6641,24.6572,17.7845410354143,53,52,53,51,53,53,0,8279,1.45687144005964,25,-86,0.0073,47,2022-02-03 23:11:40.002483,1699.88000488281,1.0412,2,"aoml_apex",1035.49221858668
"4903625",17,0,1,0.0438,1,0,1,0.000251999997999519,3,210.875417364156,1,1.93061131756325,1800.03002929688,1,4.28439998626709,34.9679985046387,0.0438000001013279,0,0.000251999997999519,201.05029296875,-85.6641,24.6572,17.7845410354143,53,52,53,51,53,53,0,8279,1.45687144005964,25,-86,0.0073,47,2022-02-03 23:11:40.002483,1800.03002929688,1.0412,2,"aoml_apex",1035.94130097835
"4903625",17,0,1,0.0511,1,0.0073,1,0.000251999997999519,3,210.920309904316,1,1.92978709056765,1898.94995117188,1,4.2827000617981,34.9679985046387,0.0511000007390976,0,0.000251999997999519,201.09309387207,-85.6641,24.6572,17.7845410354143,53,52,53,51,53,53,0,8279,1.45687144005964,25,-86,0.0073,47,2022-02-03 23:11:40.002483,1898.94995117188,1.0412,2,"aoml_apex",1036.38375952225
"4903625",18,0.0747516036693883,1,0.1679,1,0.1241,1,0.000704000005498528,3,199.236305451632,1,1.95331102552263,7.8600001335144,1,26.0550003051758,36.1296997070312,0.167899996042252,0.138699993491173,0.000704000005498528,189.84700012207,-85.6727,24.0349,87.4212951224912,53,52,53,51,53,53,0.1241,8520,1.66016505209534,24,-86,0.0073,47,2022-02-14 06:48:56.000713,7.8600001335144,1.0412,2,"aoml_apex",1023.90247833925
"4903625",18,0.0835459099834339,1,0.1825,1,0.1387,1,0.000668000022415072,3,199.167255470804,1,1.95327595460164,11.75,1,26.0515995025635,36.130500793457,0.182500004768372,0.153300002217293,0.000668000022415072,189.781204223633,-85.6727,24.0349,87.4212951224912,53,52,53,51,53,53,0.1387,8520,1.66016505209534,24,-86,0.0073,47,2022-02-14 06:48:56.000713,11.75,1.0412,2,"aoml_apex",1023.92086243026
"4903625",18,0.0835459099834339,1,0.1825,1,0.1387,1,0.000691999972332269,3,199.097564952121,1,1.95324775230189,16.7299995422363,1,26.0729007720947,36.1305999755859,0.182500004768372,0.153300002217293,0.000691999972332269,189.714797973633,-85.6727,24.0349,87.4212951224912,53,52,53,51,53,53,0.1387,8520,1.66016505209534,24,-86,0.0073,47,2022-02-14 06:48:56.000713,16.7299995422363,1.0412,2,"aoml_apex",1023.93564648571
"4903625",18,0.0791487568264111,1,0.1752,1,0.1314,1,0.000714999972842634,3,199.078781179508,1,1.95320620632856,21.8299999237061,1,26.0708999633789,36.1296005249023,0.175200000405312,0.145999997854233,0.000714999972842634,189.696899414062,-85.6727,24.0349,87.4212951224912,53,52,53,51,53,53,0.1314,8520,1.66016505209534,24,-86,0.0073,47,2022-02-14 06:48:56.000713,21.8299999237061,1.0412,2,"aoml_apex",1023.95742626653
"4903625",18,0.0747516036693883,1,0.1679,1,0.1241,1,0.000645000021904707,3,199.002493120913,1,1.95316494577878,26.6599998474121,1,26.0687999725342,36.1299018859863,0.167899996042252,0.138699993491173,0.000645000021904707,189.624206542969,-85.6727,24.0349,87.4212951224912,53,52,53,51,53,53,0.1241,8520,1.66016505209534,24,-86,0.0073,47,2022-02-14 06:48:56.000713,26.6599998474121,1.0412,2,"aoml_apex",1023.97905733586
"4903625",18,0.0747516036693883,1,0.1679,1,0.1241,1,0.000821000023279339,3,199.013510372028,1,1.95312248690235,31.8600006103516,1,26.0671005249023,36.1291007995605,0.167899996042252,0.138699993491173,0.000821000023279339,189.634704589844,-85.6727,24.0349,87.4212951224912,53,52,53,51,53,53,0.1241,8520,1.66016505209534,24,-86,0.0073,47,2022-02-14 06:48:56.000713,31.8600006103516,1.0412,2,"aoml_apex",1024.00131758864
"4903625",18,0.0747516036693883,1,0.1679,1,0.1241,1,0.000691999972332269,3,199.045937600965,1,1.95308129906278,36.7400016784668,1,26.0641002655029,36.1287002563477,0.167899996042252,0.138699993491173,0.000691999972332269,189.665603637695,-85.6727,24.0349,87.4212951224912,53,52,53,51,53,53,0.1241,8520,1.66016505209534,24,-86,0.0073,47,2022-02-14 06:48:56.000713,36.7400016784668,1.0412,2,"aoml_apex",1024.02291238963
"4903625",18,0.0747516036693883,1,0.1679,1,0.1241,1,0.000645000021904707,3,199.070486214278,1,1.95304092671082,41.5400009155273,1,26.0639991760254,36.1293983459473,0.167899996042252,0.138699993491173,0.000645000021904707,189.688995361328,-85.6727,24.0349,87.4212951224912,53,52,53,51,53,53,0.1241,8520,1.66016505209534,24,-86,0.0073,47,2022-02-14 06:48:56.000713,41.5400009155273,1.0412,2,"aoml_apex",1024.04408051411
"4903625",18,0.0747516036693883,1,0.1679,1,0.1241,1,0.000704000005498528,3,198.940152774122,1,1.95300148989288,46.4500007629395,1,26.0648002624512,36.1291999816895,0.167899996042252,0.138699993491173,0.000704000005498528,189.564804077148,-85.6727,24.0349,87.4212951224912,53,52,53,51,53,53,0.1241,8520,1.66016505209534,24,-86,0.0073,47,2022-02-14 06:48:56.000713,46.4500007629395,1.0412,2,"aoml_apex",1024.06475896222
"4903625",18,0.0747516036693883,1,0.1679,1,0.1241,1,0.000645000021904707,3,198.834159772476,1,1.95295919854544,51.6800003051758,1,26.0676002502441,36.1300010681152,0.167899996042252,0.138699993491173,0.000645000021904707,189.463806152344,-85.6727,24.0349,87.4212951224912,53,52,53,51,53,53,0.1241,8520,1.66016505209534,24,-86,0.0073,47,2022-02-14 06:48:56.000713,51.6800003051758,1.0412,2,"aoml_apex",1024.08693509296
"4903625",18,0.0747516036693883,1,0.1679,1,0.1241,1,0.000714999972842634,3,198.854512862836,1,1.95292182564729,56.4700012207031,1,26.0673007965088,36.1286010742188,0.167899996042252,0.138699993491173,0.000714999972842634,189.483200073242,-85.6727,24.0349,87.4212951224912,53,52,53,51,53,53,0.1241,8520,1.66016505209534,24,-86,0.0073,47,2022-02-14 06:48:56.000713,56.4700012207031,1.0412,2,"aoml_apex",1024.10653295715
"4903625",18,0.0747516036693883,1,0.1679,1,0.1241,1,0.000738999980967492,3,198.692584892955,1,1.9528842797657,61.2799987792969,1,26.0713005065918,36.1290016174316,0.167899996042252,0.138699993491173,0.000738999980967492,189.328903198242,-85.6727,24.0349,87.4212951224912,53,52,53,51,53,53,0.1241,8520,1.66016505209534,24,-86,0.0073,47,2022-02-14 06:48:56.000713,61.2799987792969,1.0412,2,"aoml_apex",1024.12622228694
"4903625",18,0.0747516036693883,1,0.1679,1,0.1241,1,0.000645000021904707,3,198.613878803956,1,1.95283694584235,66.9499969482422,1,26.0718994140625,36.1299018859863,0.167899996042252,0.138699993491173,0.000645000021904707,189.25390625,-85.6727,24.0349,87.4212951224912,53,52,53,51,53,53,0.1241,8520,1.66016505209534,24,-86,0.0073,47,2022-02-14 06:48:56.000713,66.9499969482422,1.0412,2,"aoml_apex",1024.15104561497
"4903625",18,0.0791487568264111,1,0.1752,1,0.1314,1,0.000668000022415072,3,198.534324002298,1,1.95280098119927,71.4499969482422,1,26.0737991333008,36.1301002502441,0.175200000405312,0.145999997854233,0.000668000022415072,189.178100585938,-85.6727,24.0349,87.4212951224912,53,52,53,51,53,53,0.1314,8520,1.66016505209534,24,-86,0.0073,47,2022-02-14 06:48:56.000713,71.4499969482422,1.0412,2,"aoml_apex",1024.16990735622
"4903625",18,0.0835459099834339,1,0.1825,1,0.1387,1,0.00067999999737367,3,197.663176505315,1,1.95275071510602,76.7200012207031,1,26.0788993835449,36.1371994018555,0.182500004768372,0.153300002217293,0.00067999999737367,188.348007202148,-85.6727,24.0349,87.4212951224912,53,52,53,51,53,53,0.1387,8520,1.66016505209534,24,-86,0.0073,47,2022-02-14 06:48:56.000713,76.7200012207031,1.0412,2,"aoml_apex",1024.19627069061
"4903625",18,0.0923402162974796,1,0.1971,1,0.1533,1,0.000655999989248812,3,197.019227785693,1,1.95269342578485,81.5100021362305,1,26.0993003845215,36.1582984924316,0.19709999859333,0.167899996042252,0.000655999989248812,187.734405517578,-85.6727,24.0349,87.4212951224912,53,52,53,51,53,53,0.1533,8520,1.66016505209534,24,-86,0.0073,47,2022-02-14 06:48:56.000713,81.5100021362305,1.0412,2,"aoml_apex",1024.22631919096
"4903625",18,0.131914594710685,1,0.2628,1,0.219,1,0.000798000022768974,3,195.360346833966,1,1.95262576736239,86.879997253418,1,26.1217994689941,36.1842002868652,0.262800008058548,0.233600005507469,0.000798000022768974,186.153701782227,-85.6727,24.0349,87.4212951224912,53,52,53,51,53,53,0.219,8520,1.66016505209534,24,-86,0.0073,47,2022-02-14 06:48:56.000713,86.879997253418,1.0412,2,"aoml_apex",1024.26180860125
"4903625",18,0.184680432594959,1,0.3504,1,0.3066,1,0.000702999997884035,3,193.281160954879,1,1.9525115134242,91.7099990844727,1,26.1424007415771,36.244800567627,0.350400000810623,0.321200013160706,0.000702999997884035,184.172500610352,-85.6727,24.0349,87.4212951224912,53,52,53,51,53,53,0.3066,8520,1.66016505209534,24,-86,0.0073,47,2022-02-14 06:48:56.000713,91.7099990844727,1.0412,2,"aoml_apex",1024.32174471152
"4903625",18,0.118723135239617,1,0.2409,1,0.1971,1,0.000597000005654991,3,192.674683699806,1,1.95240840042328,96.629997253418,1,26.105899810791,36.2733001708984,0.240899994969368,0.21170000731945,0.000597000005654991,183.594604492188,-85.6727,24.0349,87.4212951224912,53,52,53,51,53,53,0.1971,8520,1.66016505209534,24,-86,0.0073,47,2022-02-14 06:48:56.000713,96.629997253418,1.0412,2,"aoml_apex",1024.3758424551
"4903625",18,0.114325982082594,1,0.2336,1,0.1898,1,0.00047999998787418,3,192.760836041376,1,1.95236041384168,101.930000305176,1,26.1005001068115,36.274299621582,0.233600005507469,0.20440000295639,0.00047999998787418,183.676696777344,-85.6727,24.0349,87.4212951224912,53,52,53,51,53,53,0.1898,8520,1.66016505209534,24,-86,0.0073,47,2022-02-14 06:48:56.000713,101.930000305176,1.0412,2,"aoml_apex",1024.40102033445
"4903625",18,0.109928828925571,1,0.2263,1,0.1825,1,0.000549999997019768,3,191.251616759597,1,1.95227532853817,111.779998779297,1,26.1067008972168,36.280101776123,0.226300001144409,0.19709999859333,0.000549999997019768,182.23860168457,-85.6727,24.0349,87.4212951224912,53,52,53,51,53,53,0.1825,8520,1.66016505209534,24,-86,0.0073,47,2022-02-14 06:48:56.000713,111.779998779297,1.0412,2,"aoml_apex",1024.44566643045
"4903625",18,0.0307800720991599,1,0.0949,1,0.0511,1,0.000644000014290214,3,178.377398360734,1,1.95205551900308,121.480003356934,1,26.2196006774902,36.4252014160156,0.0948999971151352,0.065700002014637,0.000644000014290214,169.971099853516,-85.6727,24.0349,87.4212951224912,53,52,53,51,53,53,0.0511,8520,1.66016505209534,24,-86,0.0073,47,2022-02-14 06:48:56.000713,121.480003356934,1.0412,2,"aoml_apex",1024.56102325481
"4903625",18,0.0219857657851142,1,0.0803,1,0.0365,1,0.000361999991582707,3,169.488398324246,1,1.95150876839065,131.929992675781,1,25.8920993804932,36.6095008850098,0.0803000032901764,0.0511000007390976,0.000361999991582707,161.501007080078,-85.6727,24.0349,87.4212951224912,53,52,53,51,53,53,0.0365,8520,1.66016505209534,24,-86,0.0073,47,2022-02-14 06:48:56.000713,131.929992675781,1.0412,2,"aoml_apex",1024.84807262708
"4903625",18,0.00879430631404568,1,0.0584,1,0.0146,1,0.000372999988030642,3,162.95174153534,1,1.95086728411756,141.300003051758,1,25.4192008972168,36.8069000244141,0.0584000013768673,0.0292000006884336,0.000372999988030642,155.272399902344,-85.6727,24.0349,87.4212951224912,53,52,53,51,53,53,0.0146,8520,1.66016505209534,24,-86,0.0073,47,2022-02-14 06:48:56.000713,141.300003051758,1.0412,2,"aoml_apex",1025.18506321903
"4903625",18,0.00439715315702284,1,0.0511,1,0.0073,1,0.000607999972999096,3,159.276959844653,1,1.95032481283491,151.899993896484,1,24.7894992828369,36.8669013977051,0.0511000007390976,0.0219000000506639,0.000607999972999096,151.770797729492,-85.6727,24.0349,87.4212951224912,53,52,53,51,53,53,0.0073,8520,1.66016505209534,24,-86,0.0073,47,2022-02-14 06:48:56.000713,151.899993896484,1.0412,2,"aoml_apex",1025.47021236575
"4903625",18,-0.00879430631404568,1,0.0292,1,-0.0146,1,0.000372000009519979,3,153.045919680073,1,1.94959040709144,161.970001220703,1,23.8761005401611,36.9546012878418,0.0292000006884336,0,0.000372000009519979,145.833404541016,-85.6727,24.0349,87.4212951224912,53,52,53,51,53,53,-0.0146,8520,1.66016505209534,24,-86,0.0073,47,2022-02-14 06:48:56.000713,161.970001220703,1.0412,2,"aoml_apex",1025.85650438431
"4903625",18,0,1,0.0365,1,-0.0073,1,0.000325000000884756,3,151.219538079122,1,1.94913495772307,171.919998168945,1,23.2509002685547,36.9692993164062,0.0364999994635582,0,0.000325000000884756,144.09309387207,-85.6727,24.0349,87.4212951224912,53,52,53,51,53,53,0,8520,1.66016505209534,24,-86,0.0073,47,2022-02-14 06:48:56.000713,171.919998168945,1.0412,2,"aoml_apex",1026.09621364359
"4903625",18,0,1,0.0292,1,-0.0146,1,0.000348000001395121,3,150.833341792569,1,1.94869845989876,181.600006103516,1,22.5715999603271,36.9556999206543,0.0292000006884336,0,0.000348000001395121,143.72509765625,-85.6727,24.0349,87.4212951224912,53,52,53,51,53,53,0,8520,1.66016505209534,24,-86,0.0073,47,2022-02-14 06:48:56.000713,181.600006103516,1.0412,2,"aoml_apex",1026.3260535978
"4903625",18,0,1,0.0292,1,-0.0146,1,0.000300999992759898,3,150.626912455175,1,1.94836723805591,191.850006103516,1,22.0424003601074,36.9268989562988,0.0292000006884336,0,0.000300999992759898,143.528396606445,-85.6727,24.0349,87.4212951224912,53,52,53,51,53,53,0,8520,1.66016505209534,24,-86,0.0073,47,2022-02-14 06:48:56.000713,191.850006103516,1.0412,2,"aoml_apex",1026.50052871738
"4903625",18,0,1,0.0292,1,-0.0146,1,0.000312999996822327,3,151.544659081148,1,1.94811380887356,201.309997558594,1,21.657600402832,36.905101776123,0.0292000006884336,0,0.000312999996822327,144.402893066406,-85.6727,24.0349,87.4212951224912,53,52,53,51,53,53,0,8520,1.66016505209534,24,-86,0.0073,47,2022-02-14 06:48:56.000713,201.309997558594,1.0412,2,"aoml_apex",1026.63406567425
"4903625",18,0,1,0.0292,1,-0.0146,1,0.000300999992759898,3,151.410018023913,1,1.94791237533232,211.009994506836,1,21.3635005950928,36.8807983398438,0.0292000006884336,0,0.000300999992759898,144.274597167969,-85.6727,24.0349,87.4212951224912,53,52,53,51,53,53,0,8520,1.66016505209534,24,-86,0.0073,47,2022-02-14 06:48:56.000713,211.009994506836,1.0412,2,"aoml_apex",1026.74022986213
"4903625",18,0,1,0.0365,1,-0.0073,1,0.000300999992759898,3,151.133177562748,1,1.94773273935933,221.350006103516,1,21.1046009063721,36.8515014648438,0.0364999994635582,0,0.000300999992759898,144.010803222656,-85.6727,24.0349,87.4212951224912,53,52,53,51,53,53,0,8520,1.66016505209534,24,-86,0.0073,47,2022-02-14 06:48:56.000713,221.350006103516,1.0412,2,"aoml_apex",1026.83492431198
"4903625",18,0,1,0.0365,1,-0.0073,1,0.000312999996822327,3,151.416311308344,1,1.94746628125639,231.039993286133,1,20.6348991394043,36.8105010986328,0.0364999994635582,0,0.000312999996822327,144.28059387207,-85.6727,24.0349,87.4212951224912,53,52,53,51,53,53,0,8520,1.66016505209534,24,-86,0.0073,47,2022-02-14 06:48:56.000713,231.039993286133,1.0412,2,"aoml_apex",1026.97541890672
"4903625",18,0,1,0.0365,1,-0.0073,1,0.000323999993270263,3,152.263022286138,1,1.94729724521071,241.479995727539,1,20.3756008148193,36.7751007080078,0.0364999994635582,0,0.000323999993270263,145.08740234375,-85.6727,24.0349,87.4212951224912,53,52,53,51,53,53,0,8520,1.66016505209534,24,-86,0.0073,47,2022-02-14 06:48:56.000713,241.479995727539,1.0412,2,"aoml_apex",1027.06456598699
"4903625",18,0,1,0.0292,1,-0.0146,1,0.000288999988697469,3,153.53873349268,1,1.94710225039251,248.919998168945,1,19.9908008575439,36.7309989929199,0.0292000006884336,0,0.000288999988697469,146.302993774414,-85.6727,24.0349,87.4212951224912,53,52,53,51,53,53,0,8520,1.66016505209534,24,-86,0.0073,47,2022-02-14 06:48:56.000713,248.919998168945,1.0412,2,"aoml_apex",1027.16742256182
"4903625",18,0,1,0.0292,1,-0.0146,1,0.000348000001395121,3,154.620617944135,1,1.94687129558165,261.489990234375,1,19.6014995574951,36.6825981140137,0.0292000006884336,0,0.000348000001395121,147.333892822266,-85.6727,24.0349,87.4212951224912,53,52,53,51,53,53,0,8520,1.66016505209534,24,-86,0.0073,47,2022-02-14 06:48:56.000713,261.489990234375,1.0412,2,"aoml_apex",1027.28927409784
"4903625",18,0,1,0.0292,1,-0.0146,1,0.000323999993270263,3,154.815405506006,1,1.94674799853807,271.619995117188,1,19.4689998626709,36.6641006469727,0.0292000006884336,0,0.000323999993270263,147.519500732422,-85.6727,24.0349,87.4212951224912,53,52,53,51,53,53,0,8520,1.66016505209534,24,-86,0.0073,47,2022-02-14 06:48:56.000713,271.619995117188,1.0412,2,"aoml_apex",1027.35433733689
"4903625",18,0,1,0.0292,1,-0.0146,1,0.000323999993270263,3,155.523584159092,1,1.94659046883765,281.359985351562,1,19.2185001373291,36.6309013366699,0.0292000006884336,0,0.000323999993270263,148.194305419922,-85.6727,24.0349,87.4212951224912,53,52,53,51,53,53,0,8520,1.66016505209534,24,-86,0.0073,47,2022-02-14 06:48:56.000713,281.359985351562,1.0412,2,"aoml_apex",1027.43747697185
"4903625",18,0,1,0.0292,1,-0.0146,1,0.000335999997332692,3,156.05354916732,1,1.9463674723363,291.339996337891,1,18.7574996948242,36.570499420166,0.0292000006884336,0,0.000335999997332692,148.699295043945,-85.6727,24.0349,87.4212951224912,53,52,53,51,53,53,0,8520,1.66016505209534,24,-86,0.0073,47,2022-02-14 06:48:56.000713,291.339996337891,1.0412,2,"aoml_apex",1027.5551911065
"4903625",18,0,1,0.0365,1,-0.0073,1,0.0018880000570789,3,155.285976641579,1,1.94620250230906,301.899993896484,1,18.4810009002686,36.5308990478516,0.0364999994635582,0,0.0018880000570789,147.967895507812,-85.6727,24.0349,87.4212951224912,53,52,53,51,53,53,0,8520,1.66016505209534,24,-86,0.0073,47,2022-02-14 06:48:56.000713,301.899993896484,1.0412,2,"aoml_apex",1027.64229191316
"4903625",18,0,1,0.0292,1,-0.0146,1,0.000346999993780628,3,152.870027984941,1,1.94604420228727,311.809997558594,1,18.182300567627,36.4837989807129,0.0292000006884336,0,0.000346999993780628,145.665802001953,-85.6727,24.0349,87.4212951224912,53,52,53,51,53,53,0,8520,1.66016505209534,24,-86,0.0073,47,2022-02-14 06:48:56.000713,311.809997558594,1.0412,2,"aoml_apex",1027.72588497698
"4903625",18,0,1,0.0292,1,-0.0146,1,0.000311999989207834,3,152.107387600687,1,1.94587894459975,321.700012207031,1,17.8673000335693,36.437198638916,0.0292000006884336,0,0.000311999989207834,144.939102172852,-85.6727,24.0349,87.4212951224912,53,52,53,51,53,53,0,8520,1.66016505209534,24,-86,0.0073,47,2022-02-14 06:48:56.000713,321.700012207031,1.0412,2,"aoml_apex",1027.81316666715
"4903625",18,0,1,0.0292,1,-0.0146,1,0.000371000001905486,3,151.417368195806,1,1.94576804398555,330.970001220703,1,17.7166004180908,36.4113998413086,0.0292000006884336,0,0.000371000001905486,144.281600952148,-85.6727,24.0349,87.4212951224912,53,52,53,51,53,53,0,8520,1.66016505209534,24,-86,0.0073,47,2022-02-14 06:48:56.000713,330.970001220703,1.0412,2,"aoml_apex",1027.87174770502
"4903625",18,0,1,0.0365,1,-0.0073,1,0.000346999993780628,3,150.773947919914,1,1.94561443083524,341.730010986328,1,17.4719009399414,36.3762016296387,0.0364999994635582,0,0.000346999993780628,143.668502807617,-85.6727,24.0349,87.4212951224912,53,52,53,51,53,53,0,8520,1.66016505209534,24,-86,0.0073,47,2022-02-14 06:48:56.000713,341.730010986328,1.0412,2,"aoml_apex",1027.95290182003
"4903625",18,0,1,0.0219,1,-0.0219,1,0.000334999989718199,3,148.483192387142,1,1.9454572640501,351.320007324219,1,17.1326007843018,36.3203010559082,0.0219000000506639,0,0.000334999989718199,141.485702514648,-85.6727,24.0349,87.4212951224912,53,52,53,51,53,53,0,8520,1.66016505209534,24,-86,0.0073,47,2022-02-14 06:48:56.000713,351.320007324219,1.0412,2,"aoml_apex",1028.03594659096
"4903625",18,0,1,0.0365,1,-0.0073,1,0.000334999989718199,3,147.481583342432,1,1.9453288480313,360.950012207031,1,16.9165000915527,36.2848014831543,0.0364999994635582,0,0.000334999989718199,140.531295776367,-85.6727,24.0349,87.4212951224912,53,52,53,51,53,53,0,8520,1.66016505209534,24,-86,0.0073,47,2022-02-14 06:48:56.000713,360.950012207031,1.0412,2,"aoml_apex",1028.10380981294
"4903625",18,0,1,0.0292,1,-0.0146,1,0.000369999994290993,3,143.28879868797,1,1.9450641801613,381.140014648438,1,16.4477005004883,36.2038993835449,0.0292000006884336,0,0.000369999994290993,136.536102294922,-85.6727,24.0349,87.4212951224912,53,52,53,51,53,53,0,8520,1.66016505209534,24,-86,0.0073,47,2022-02-14 06:48:56.000713,381.140014648438,1.0412,2,"aoml_apex",1028.24370547719
"4903625",18,0,1,0.0365,1,-0.0073,1,0.000345999986166134,3,140.039574335058,1,1.94472246870409,401.570007324219,1,15.6624002456665,36.0801010131836,0.0364999994635582,0,0.000345999986166134,133.440002441406,-85.6727,24.0349,87.4212951224912,53,52,53,51,53,53,0,8520,1.66016505209534,24,-86,0.0073,47,2022-02-14 06:48:56.000713,401.570007324219,1.0412,2,"aoml_apex",1028.42438043756
"4903625",18,0,1,0.0365,1,-0.0073,1,0.000357000011717901,3,132.976307354943,1,1.94407936103566,450.920013427734,1,14.413200378418,35.869499206543,0.0364999994635582,0,0.000357000011717901,126.709602355957,-85.6727,24.0349,87.4212951224912,53,52,53,51,53,53,0,8520,1.66016505209534,24,-86,0.0073,47,2022-02-14 06:48:56.000713,450.920013427734,1.0412,2,"aoml_apex",1028.76458651078
"4903625",18,0,1,0.0438,1,0,1,0.000391999987186864,3,126.847473011937,1,1.94342015592428,500.920013427734,1,13.0276002883911,35.6459999084473,0.0438000001013279,0,0.000391999987186864,120.869598388672,-85.6727,24.0349,87.4212951224912,53,52,53,51,53,53,0,8520,1.66016505209534,24,-86,0.0073,47,2022-02-14 06:48:56.000713,500.920013427734,1.0412,2,"aoml_apex",1029.11354186754
"4903625",18,0,1,0.0365,1,-0.0073,1,0.000414000009186566,3,121.791923899676,1,1.94277481133531,551.530029296875,1,11.6354999542236,35.429500579834,0.0364999994635582,0,0.000414000009186566,116.052299499512,-85.6727,24.0349,87.4212951224912,53,52,53,51,53,53,0,8520,1.66016505209534,24,-86,0.0073,47,2022-02-14 06:48:56.000713,551.530029296875,1.0412,2,"aoml_apex",1029.45538944133
"4903625",18,0,1,0.0438,1,0,1,0.000518999993801117,3,117.977248741339,1,1.94217646750951,601.159973144531,1,10.3880996704102,35.2434997558594,0.0438000001013279,0,0.000518999993801117,112.41739654541,-85.6727,24.0349,87.4212951224912,53,52,53,51,53,53,0,8520,1.66016505209534,24,-86,0.0073,47,2022-02-14 06:48:56.000713,601.159973144531,1.0412,2,"aoml_apex",1029.77254305044
"4903625",18,0,1,0.0438,1,0,1,0.000388999993447214,3,115.36851420363,1,1.94161049240301,651.22998046875,1,9.45989990234375,35.1235008239746,0.0438000001013279,0,0.000388999993447214,109.931602478027,-85.6727,24.0349,87.4212951224912,53,52,53,51,53,53,0,8520,1.66016505209534,24,-86,0.0073,47,2022-02-14 06:48:56.000713,651.22998046875,1.0412,2,"aoml_apex",1030.07271943856
"4903625",18,0,1,0.0438,1,0,1,0.000399000011384487,3,118.651847197349,1,1.94099560313383,701.429992675781,1,8.30319976806641,34.9961013793945,0.0438000001013279,0,0.000399000011384487,113.060203552246,-85.6727,24.0349,87.4212951224912,53,52,53,51,53,53,0,8520,1.66016505209534,24,-86,0.0073,47,2022-02-14 06:48:56.000713,701.429992675781,1.0412,2,"aoml_apex",1030.39903685042
"4903625",18,0,1,0.0365,1,-0.0073,1,0.000338999991072342,3,125.323032949365,1,1.9404039908608,751.710021972656,1,7.43830013275146,34.9271011352539,0.0364999994635582,0,0.000338999991072342,119.416999816895,-85.6727,24.0349,87.4212951224912,53,52,53,51,53,53,0,8520,1.66016505209534,24,-86,0.0073,47,2022-02-14 06:48:56.000713,751.710021972656,1.0412,2,"aoml_apex",1030.71319654046
"4903625",18,0,1,0.0511,1,0.0073,1,0.000338999991072342,3,129.023524228228,1,1.93989212774529,801.929992675781,1,7.07289981842041,34.9113006591797,0.0511000007390976,0,0.000338999991072342,122.943099975586,-85.6727,24.0349,87.4212951224912,53,52,53,51,53,53,0,8520,1.66016505209534,24,-86,0.0073,47,2022-02-14 06:48:56.000713,801.929992675781,1.0412,2,"aoml_apex",1030.98516221341
"4903625",18,0,1,0.0511,1,0.0073,1,0.000384999992093071,3,136.443610827496,1,1.93934851842165,850.929992675781,1,6.58500003814697,34.9012985229492,0.0511000007390976,0,0.000384999992093071,130.01350402832,-85.6727,24.0349,87.4212951224912,53,52,53,51,53,53,0,8520,1.66016505209534,24,-86,0.0073,47,2022-02-14 06:48:56.000713,850.929992675781,1.0412,2,"aoml_apex",1031.2741526354
"4903625",18,0,1,0.0365,1,-0.0073,1,0.000337000004947186,3,144.018595493681,1,1.93881552699773,901.640014648438,1,6.24030017852783,34.9039993286133,0.0364999994635582,0,0.000337000004947186,137.231506347656,-85.6727,24.0349,87.4212951224912,53,52,53,51,53,53,0,8520,1.66016505209534,24,-86,0.0073,47,2022-02-14 06:48:56.000713,901.640014648438,1.0412,2,"aoml_apex",1031.55765576987
"4903625",18,0,1,0.0438,1,0,1,0.000372000009519979,3,152.14023117923,1,1.93828162394559,951.869995117188,1,5.87650012969971,34.907600402832,0.0438000001013279,0,0.000372000009519979,144.970397949219,-85.6727,24.0349,87.4212951224912,53,52,53,51,53,53,0,8520,1.66016505209534,24,-86,0.0073,47,2022-02-14 06:48:56.000713,951.869995117188,1.0412,2,"aoml_apex",1031.84180012437
"4903625",18,0,1,0.0438,1,0,1,0.000335999997332692,3,157.840777891852,1,1.93781039663127,998.890014648438,1,5.64809989929199,34.9136009216309,0.0438000001013279,0,0.000335999997332692,150.402297973633,-85.6727,24.0349,87.4212951224912,53,52,53,51,53,53,0,8520,1.66016505209534,24,-86,0.0073,47,2022-02-14 06:48:56.000713,998.890014648438,1.0412,2,"aoml_apex",1032.09271839848
"4903625",18,0,1,0.0438,1,0,1,0.000323999993270263,3,171.490127163151,1,1.93681335510081,1099.10998535156,1,5.19010019302368,34.9283981323242,0.0438000001013279,0,0.000323999993270263,163.408401489258,-85.6727,24.0349,87.4212951224912,53,52,53,51,53,53,0,8520,1.66016505209534,24,-86,0.0073,47,2022-02-14 06:48:56.000713,1099.10998535156,1.0412,2,"aoml_apex",1032.62402375158
"4903625",18,0,1,0.0438,1,0,1,0.00032299998565577,3,182.411617869057,1,1.93586049495709,1199.59997558594,1,4.87550020217896,34.9397010803223,0.0438000001013279,0,0.00032299998565577,173.815200805664,-85.6727,24.0349,87.4212951224912,53,52,53,51,53,53,0,8520,1.66016505209534,24,-86,0.0073,47,2022-02-14 06:48:56.000713,1199.59997558594,1.0412,2,"aoml_apex",1033.13229708959
"4903625",18,0,1,0.0511,1,0.0073,1,0.00032299998565577,3,194.982429499197,1,1.93491090469876,1299.42004394531,1,4.55480003356934,34.9528999328613,0.0511000007390976,0,0.00032299998565577,185.793594360352,-85.6727,24.0349,87.4212951224912,53,52,53,51,53,53,0,8520,1.66016505209534,24,-86,0.0073,47,2022-02-14 06:48:56.000713,1299.42004394531,1.0412,2,"aoml_apex",1033.63932424133
"4903625",18,0,1,0.0438,1,0,1,0.000287000002572313,3,201.003693516087,1,1.93402795286438,1399.63000488281,1,4.44670009613037,34.9583015441895,0.0438000001013279,0,0.000287000002572313,191.531097412109,-85.6727,24.0349,87.4212951224912,53,52,53,51,53,53,0,8520,1.66016505209534,24,-86,0.0073,47,2022-02-14 06:48:56.000713,1399.63000488281,1.0412,2,"aoml_apex",1034.11121697487
"4903625",18,0,1,0.0438,1,0,1,0.000322000007145107,3,206.091677864008,1,1.93315368911035,1499.93994140625,1,4.36679983139038,34.9636993408203,0.0438000001013279,0,0.000322000007145107,196.379302978516,-85.6727,24.0349,87.4212951224912,53,52,53,51,53,53,0,8520,1.66016505209534,24,-86,0.0073,47,2022-02-14 06:48:56.000713,1499.93994140625,1.0412,2,"aoml_apex",1034.57889109707
"4903625",18,0,1,0.0511,1,0.0073,1,0.000345999986166134,3,207.815093004681,1,1.9323083912787,1598.91003417969,1,4.32350015640259,34.9651985168457,0.0511000007390976,0,0.000345999986166134,198.021499633789,-85.6727,24.0349,87.4212951224912,53,52,53,51,53,53,0,8520,1.66016505209534,24,-86,0.0073,47,2022-02-14 06:48:56.000713,1598.91003417969,1.0412,2,"aoml_apex",1035.03147273325
"4903625",18,0,1,0.0438,1,0,1,0.000262999994447455,3,209.271211698237,1,1.93146374522394,1699.16003417969,1,4.31239986419678,34.9664993286133,0.0438000001013279,0,0.000262999994447455,199.408996582031,-85.6727,24.0349,87.4212951224912,53,52,53,51,53,53,0,8520,1.66016505209534,24,-86,0.0073,47,2022-02-14 06:48:56.000713,1699.16003417969,1.0412,2,"aoml_apex",1035.48410108423
"4903625",18,0,1,0.0438,1,0,1,0.000287000002572313,3,209.684598816757,1,1.93061661353085,1799.97998046875,1,4.29710006713867,34.967098236084,0.0438000001013279,0,0.000287000002572313,199.80290222168,-85.6727,24.0349,87.4212951224912,53,52,53,51,53,53,0,8520,1.66016505209534,24,-86,0.0073,47,2022-02-14 06:48:56.000713,1799.97998046875,1.0412,2,"aoml_apex",1035.93845923778
"4903625",18,0,1,0.0438,1,0,1,0.000334000011207536,3,210.666575376194,1,1.9297878911313,1899.44995117188,1,4.29960012435913,34.9678993225098,0.0438000001013279,0,0.000334000011207536,200.73860168457,-85.6727,24.0349,87.4212951224912,53,52,53,51,53,53,0,8520,1.66016505209534,24,-86,0.0073,47,2022-02-14 06:48:56.000713,1899.44995117188,1.0412,2,"aoml_apex",1036.3833295832
"4903625",19,0.0354236350400184,5,0.0657,1,0.0219,1,0.000468000012915581,3,200.949377546882,1,1.95341485939977,7.82000017166138,1,26.198600769043,36.1175994873047,0.065700002014637,0.066566564142704,0.000468000012915581,191.372192382812,-85.1581,23.861,49.6763552249772,53,52,53,51,53,53,0.0584,8521,1.64861680440262,24,-85,0.0073,47,2022-02-24 14:09:53.001515,7.82000017166138,1.0412,2,"aoml_apex",1023.8480527452
"4903625",19,0.0354236350400184,5,0.0657,1,0.0219,1,0.00047999998787418,3,200.964198278235,1,1.95338278323843,11.9200000762939,1,26.1984996795654,36.1165008544922,0.065700002014637,0.066566564142704,0.00047999998787418,191.386306762695,-85.1581,23.861,49.6763552249772,53,52,53,51,53,53,0.0584,8521,1.64861680440262,24,-85,0.0073,47,2022-02-24 14:09:53.001515,11.9200000762939,1.0412,2,"aoml_apex",1023.86486517726
"4903625",19,0.0354236350400184,5,0.073,1,0.0292,1,0.000433000008342788,3,200.765103783313,1,1.95334490557613,16.5200004577637,1,26.1989002227783,36.1167984008789,0.0729999989271164,0.066566564142704,0.000433000008342788,191.196701049805,-85.1581,23.861,49.6763552249772,53,52,53,51,53,53,0.0584,8521,1.64861680440262,24,-85,0.0073,47,2022-02-24 14:09:53.001515,16.5200004577637,1.0412,2,"aoml_apex",1023.88471912496
"4903625",19,0.0354236350400184,5,0.073,1,0.0292,1,0.00047999998787418,3,200.743361369856,1,1.95330188650035,21.7199993133545,1,26.1993999481201,36.1172981262207,0.0729999989271164,0.066566564142704,0.00047999998787418,191.175994873047,-85.1581,23.861,49.6763552249772,53,52,53,51,53,53,0.0584,8521,1.64861680440262,24,-85,0.0073,47,2022-02-24 14:09:53.001515,21.7199993133545,1.0412,2,"aoml_apex",1023.90726892878
"4903625",19,0.0354236350400184,5,0.073,1,0.0292,1,0.000468000012915581,3,200.583137247111,1,1.95325393107495,26.9200000762939,1,26.2003002166748,36.1213989257812,0.0729999989271164,0.066566564142704,0.000468000012915581,191.023406982422,-85.1581,23.861,49.6763552249772,53,52,53,51,53,53,0.0584,8521,1.64861680440262,24,-85,0.0073,47,2022-02-24 14:09:53.001515,26.9200000762939,1.0412,2,"aoml_apex",1023.93240744654
"4903625",19,0.0354236350400184,5,0.0657,1,0.0219,1,0.000468000012915581,3,200.450503718303,1,1.95321658853852,31.9599990844727,1,26.201099395752,36.1189994812012,0.065700002014637,0.066566564142704,0.000468000012915581,190.897094726562,-85.1581,23.861,49.6763552249772,53,52,53,51,53,53,0.0584,8521,1.64861680440262,24,-85,0.0073,47,2022-02-24 14:09:53.001515,31.9599990844727,1.0412,2,"aoml_apex",1023.95198347997
"4903625",19,0.0354236350400184,5,0.0949,1,0.0511,1,0.000526999996509403,3,200.224219189751,1,1.95315359690686,36.5800018310547,1,26.1954002380371,36.1341018676758,0.0948999971151352,0.066566564142704,0.000526999996509403,190.681594848633,-85.1581,23.861,49.6763552249772,53,52,53,51,53,53,0.0584,8521,1.64861680440262,24,-85,0.0073,47,2022-02-24 14:09:53.001515,36.5800018310547,1.0412,2,"aoml_apex",1023.98500720441
"4903625",19,0.0354236350400184,5,0.0949,1,0.0511,1,0.00047999998787418,3,200.004968500187,1,1.95310506603032,41.8600006103516,1,26.1916007995605,36.1361999511719,0.0948999971151352,0.066566564142704,0.00047999998787418,190.472793579102,-85.1581,23.861,49.6763552249772,53,52,53,51,53,53,0.0584,8521,1.64861680440262,24,-85,0.0073,47,2022-02-24 14:09:53.001515,41.8600006103516,1.0412,2,"aoml_apex",1024.01045124776
"4903625",19,0.0354236350400184,5,0.1022,1,0.0584,1,0.000503999995999038,3,199.764199710938,1,1.95305740727555,46.7000007629395,1,26.1774997711182,36.1358985900879,0.102200001478195,0.0729999989271164,0.000503999995999038,190.243499755859,-85.1581,23.861,49.6763552249772,53,52,53,51,53,53,0.0584,8521,1.64861680440262,24,-85,0.0073,47,2022-02-24 14:09:53.001515,46.7000007629395,1.0412,2,"aoml_apex",1024.03543928078
"4903625",19,0.0531354525600277,1,0.1314,1,0.0876,1,0.000551000004634261,3,199.359826069955,1,1.95300128111234,51.8400001525879,1,26.1576995849609,36.1374015808105,0.131400004029274,0.102200001478195,0.000551000004634261,189.8583984375,-85.1581,23.861,49.6763552249772,53,52,53,51,53,53,0.0876,8521,1.64861680440262,24,-85,0.0073,47,2022-02-24 14:09:53.001515,51.8400001525879,1.0412,2,"aoml_apex",1024.06486843721
"4903625",19,0.05756340694003,1,0.1387,1,0.0949,1,0.000608999980613589,3,198.669115899214,1,1.95294084409992,56.8499984741211,1,26.1445007324219,36.1454010009766,0.138699993491173,0.109499998390675,0.000608999980613589,189.200607299805,-85.1581,23.861,49.6763552249772,53,52,53,51,53,53,0.0949,8521,1.64861680440262,24,-85,0.0073,47,2022-02-24 14:09:53.001515,56.8499984741211,1.0412,2,"aoml_apex",1024.09655983296
"4903625",19,0.0929870419800484,1,0.1971,1,0.1533,1,0.000702999997884035,3,197.31528615167,1,1.95285445359973,61.939998626709,1,26.1583995819092,36.182300567627,0.19709999859333,0.167899996042252,0.000702999997884035,187.91130065918,-85.1581,23.861,49.6763552249772,53,52,53,51,53,53,0.1533,8521,1.64861680440262,24,-85,0.0073,47,2022-02-24 14:09:53.001515,61.939998626709,1.0412,2,"aoml_apex",1024.14186388206
"4903625",19,0.101842950740053,1,0.2117,1,0.1679,1,0.000655999989248812,3,197.430166847678,1,1.95278435890028,66.7799987792969,1,26.1250991821289,36.1896018981934,0.21170000731945,0.182500004768372,0.000655999989248812,188.020706176758,-85.1581,23.861,49.6763552249772,53,52,53,51,53,53,0.1679,8521,1.64861680440262,24,-85,0.0073,47,2022-02-24 14:09:53.001515,66.7799987792969,1.0412,2,"aoml_apex",1024.1786251946
"4903625",19,0.110698859500058,1,0.2263,1,0.1825,1,0.000645000021904707,3,197.439395757148,1,1.95273144685242,71.9400024414062,1,26.108699798584,36.1902008056641,0.226300001144409,0.19709999859333,0.000645000021904707,188.029495239258,-85.1581,23.861,49.6763552249772,53,52,53,51,53,53,0.1825,8521,1.64861680440262,24,-85,0.0073,47,2022-02-24 14:09:53.001515,71.9400024414062,1.0412,2,"aoml_apex",1024.2063767774
"4903625",19,0.150550448920078,1,0.292,1,0.2482,1,0.000668000022415072,3,196.825753389448,1,1.95265028439926,76.9000015258789,1,26.0373992919922,36.1887016296387,0.291999995708466,0.262800008058548,0.000668000022415072,187.445098876953,-85.1581,23.861,49.6763552249772,53,52,53,51,53,53,0.2482,8521,1.64861680440262,24,-85,0.0073,47,2022-02-24 14:09:53.001515,76.9000015258789,1.0412,2,"aoml_apex",1024.24894820083
"4903625",19,0.243537490900127,1,0.4453,1,0.4015,1,0.000750000006519258,3,194.884013268316,1,1.95254079870762,81.8099975585938,1,26.0081005096436,36.2247009277344,0.44530001282692,0.41609999537468,0.000750000006519258,185.595901489258,-85.1581,23.861,49.6763552249772,53,52,53,51,53,53,0.4015,8521,1.64861680440262,24,-85,0.0073,47,2022-02-24 14:09:53.001515,81.8099975585938,1.0412,2,"aoml_apex",1024.30638136924
"4903625",19,0.247965445280129,1,0.4526,1,0.4088,1,0.000655999989248812,3,194.183529426088,1,1.9524963651475,86.8099975585938,1,26.0100994110107,36.2280006408691,0.452600002288818,0.423400014638901,0.000655999989248812,184.928802490234,-85.1581,23.861,49.6763552249772,53,52,53,51,53,53,0.4088,8521,1.64861680440262,24,-85,0.0073,47,2022-02-24 14:09:53.001515,86.8099975585938,1.0412,2,"aoml_apex",1024.3296918245
"4903625",19,0.216969764620113,4,0.4015,1,0.3577,1,0.000668000022415072,3,192.894173865536,1,1.95245006165166,91.5899963378906,1,26.0109996795654,36.2333984375,0.40149998664856,0.372299998998642,0.000668000022415072,183.700897216797,-85.1581,23.861,49.6763552249772,53,52,53,51,53,53,0.3577,8521,1.64861680440262,24,-85,0.0073,47,2022-02-24 14:09:53.001515,91.5899963378906,1.0412,2,"aoml_apex",1024.35398440261
"4903625",19,0.239109536520124,1,0.438,1,0.3942,1,0.000738999980967492,3,190.809946432047,1,1.95239871650359,96.7200012207031,1,26.0205001831055,36.2439002990723,0.437999993562698,0.408800005912781,0.000738999980967492,181.716003417969,-85.1581,23.861,49.6763552249772,53,52,53,51,53,53,0.3942,8521,1.64861680440262,24,-85,0.0073,47,2022-02-24 14:09:53.001515,96.7200012207031,1.0412,2,"aoml_apex",1024.38092337085
"4903625",19,0.208113855860108,1,0.3869,1,0.3431,1,0.000797000015154481,3,186.740173602268,1,1.9523221251543,101.379997253418,1,26.1298007965088,36.3162994384766,0.386900007724762,0.357699990272522,0.000797000015154481,177.840194702148,-85.1581,23.861,49.6763552249772,53,52,53,51,53,53,0.3431,8521,1.64861680440262,24,-85,0.0073,47,2022-02-24 14:09:53.001515,101.379997253418,1.0412,2,"aoml_apex",1024.42111075391
"4903625",19,0.0929870419800484,1,0.1971,1,0.1533,1,0.000574000005144626,3,179.276245001087,1,1.95211690801474,111.680000305176,1,26.1089000701904,36.3917999267578,0.19709999859333,0.167899996042252,0.000574000005144626,170.731994628906,-85.1581,23.861,49.6763552249772,53,52,53,51,53,53,0.1533,8521,1.64861680440262,24,-85,0.0073,47,2022-02-24 14:09:53.001515,111.680000305176,1.0412,2,"aoml_apex",1024.52880346903
"4903625",19,0.0354236350400184,1,0.1022,1,0.0584,1,0.000456000008853152,3,171.835420718406,1,1.95164791470177,121.849998474121,1,25.8862991333008,36.5675010681152,0.102200001478195,0.0729999989271164,0.000456000008853152,163.645797729492,-85.1581,23.861,49.6763552249772,53,52,53,51,53,53,0.0584,8521,1.64861680440262,24,-85,0.0073,47,2022-02-24 14:09:53.001515,121.849998474121,1.0412,2,"aoml_apex",1024.77500420747
"4903625",19,0.0132838631400069,1,0.0657,1,0.0219,1,0.000867000024300069,3,168.033847047689,1,1.95130704106102,131.929992675781,1,25.6203002929688,36.6371002197266,0.065700002014637,0.0364999994635582,0.000867000024300069,160.025405883789,-85.1581,23.861,49.6763552249772,53,52,53,51,53,53,0.0219,8521,1.64861680440262,24,-85,0.0073,47,2022-02-24 14:09:53.001515,131.929992675781,1.0412,2,"aoml_apex",1024.95402205513
"4903625",19,0.0132838631400069,1,0.0657,1,0.0219,1,0.000455000001238659,3,160.074185010736,1,1.95062722023027,141.919998168945,1,25.0452995300293,36.8171997070312,0.065700002014637,0.0364999994635582,0.000455000001238659,152.445098876953,-85.1581,23.861,49.6763552249772,53,52,53,51,53,53,0.0219,8521,1.64861680440262,24,-85,0.0073,47,2022-02-24 14:09:53.001515,141.919998168945,1.0412,2,"aoml_apex",1025.3112328474
"4903625",19,0,1,0.0438,1,0,1,0.000430999993113801,3,158.77465521839,1,1.95015736300255,151.699996948242,1,24.5207996368408,36.8759994506836,0.0438000001013279,0.0146000003442168,0.000430999993113801,151.207504272461,-85.1581,23.861,49.6763552249772,53,52,53,51,53,53,0,8521,1.64861680440262,24,-85,0.0073,47,2022-02-24 14:09:53.001515,151.699996948242,1.0412,2,"aoml_apex",1025.55826413962
"4903625",19,0,1,0.0438,1,0,1,0.000372000009519979,3,157.603112455292,1,1.9497801506453,161.610000610352,1,24.1431999206543,36.9308013916016,0.0438000001013279,0.0146000003442168,0.000372000009519979,150.091796875,-85.1581,23.861,49.6763552249772,53,52,53,51,53,53,0,8521,1.64861680440262,24,-85,0.0073,47,2022-02-24 14:09:53.001515,161.610000610352,1.0412,2,"aoml_apex",1025.75667279107
"4903625",19,-0.00885590876000461,1,0.0292,1,-0.0146,1,0.000337000004947186,3,154.456022281163,1,1.94926043647908,171.649993896484,1,23.4606990814209,36.9654998779297,0.0292000006884336,0,0.000337000004947186,147.094696044922,-85.1581,23.861,49.6763552249772,53,52,53,51,53,53,-0.0146,8521,1.64861680440262,24,-85,0.0073,47,2022-02-24 14:09:53.001515,171.649993896484,1.0412,2,"aoml_apex",1026.0301612711
"4903625",19,0,1,0.0438,1,0,1,0.000325000000884756,3,154.628759907895,1,1.94899078506076,181.910003662109,1,23.1019992828369,36.9548988342285,0.0438000001013279,0.0146000003442168,0.000325000000884756,147.259201049805,-85.1581,23.861,49.6763552249772,53,52,53,51,53,53,0,8521,1.64861680440262,24,-85,0.0073,47,2022-02-24 14:09:53.001515,181.910003662109,1.0412,2,"aoml_apex",1026.17211704141
"4903625",19,0,1,0.0438,1,0,1,0.000289999996311963,3,156.59088053744,1,1.94865129908769,191.869995117188,1,22.7182998657227,36.986198425293,0.0438000001013279,0.0146000003442168,0.000289999996311963,149.127807617188,-85.1581,23.861,49.6763552249772,53,52,53,51,53,53,0,8521,1.64861680440262,24,-85,0.0073,47,2022-02-24 14:09:53.001515,191.869995117188,1.0412,2,"aoml_apex",1026.35089250516
"4903625",19,-0.00885590876000461,1,0.0292,1,-0.0146,1,0.000335999997332692,3,153.370487827155,1,1.94821622155978,201.380004882812,1,21.9174003601074,36.9305992126465,0.0292000006884336,0,0.000335999997332692,146.060897827148,-85.1581,23.861,49.6763552249772,53,52,53,51,53,53,-0.0146,8521,1.64861680440262,24,-85,0.0073,47,2022-02-24 14:09:53.001515,201.380004882812,1.0412,2,"aoml_apex",1026.58009817759
"4903625",19,-0.00442795438000231,1,0.0365,1,-0.0073,1,0.000288999988697469,3,151.903475759304,1,1.94799126314307,211.770004272461,1,21.5743007659912,36.8997001647949,0.0364999994635582,0.00730000017210841,0.000288999988697469,144.663803100586,-85.1581,23.861,49.6763552249772,53,52,53,51,53,53,-0.0073,8521,1.64861680440262,24,-85,0.0073,47,2022-02-24 14:09:53.001515,211.770004272461,1.0412,2,"aoml_apex",1026.69864995853
"4903625",19,0,1,0.0292,1,-0.0146,1,0.000312999996822327,3,151.100720859528,1,1.94775809375018,220.979995727539,1,21.1679000854492,36.8591995239258,0.0292000006884336,0,0.000312999996822327,143.899307250977,-85.1581,23.861,49.6763552249772,53,52,53,51,53,53,0,8521,1.64861680440262,24,-85,0.0073,47,2022-02-24 14:09:53.001515,220.979995727539,1.0412,2,"aoml_apex",1026.82155777838
"4903625",19,0,1,0.0365,1,-0.0073,1,0.000277000013738871,3,151.112048705006,1,1.94757554310093,231.360000610352,1,20.9087009429932,36.8320999145508,0.0364999994635582,0,0.000277000013738871,143.910095214844,-85.1581,23.861,49.6763552249772,53,52,53,51,53,53,0,8521,1.64861680440262,24,-85,0.0073,47,2022-02-24 14:09:53.001515,231.360000610352,1.0412,2,"aoml_apex",1026.91780407942
"4903625",19,0,1,0.0292,1,-0.0146,1,0.000300999992759898,3,152.020343234434,1,1.94739700140586,241.210006713867,1,20.6424999237061,36.8033981323242,0.0292000006884336,0,0.000300999992759898,144.775100708008,-85.1581,23.861,49.6763552249772,53,52,53,51,53,53,0,8521,1.64861680440262,24,-85,0.0073,47,2022-02-24 14:09:53.001515,241.210006713867,1.0412,2,"aoml_apex",1027.01195419125
"4903625",19,0,1,0.0292,1,-0.0146,1,0.000312999996822327,3,152.310893658619,1,1.94726310941391,250.839996337891,1,20.4974994659424,36.7891998291016,0.0292000006884336,0,0.000312999996822327,145.051803588867,-85.1581,23.861,49.6763552249772,53,52,53,51,53,53,0,8521,1.64861680440262,24,-85,0.0073,47,2022-02-24 14:09:53.001515,250.839996337891,1.0412,2,"aoml_apex",1027.08257057361
"4903625",19,0,1,0.0292,1,-0.0146,1,0.00036000000545755,3,152.650889247084,1,1.9471111226191,259.829986572266,1,20.2693996429443,36.7616996765137,0.0292000006884336,0,0.00036000000545755,145.375595092773,-85.1581,23.861,49.6763552249772,53,52,53,51,53,53,0,8521,1.64861680440262,24,-85,0.0073,47,2022-02-24 14:09:53.001515,259.829986572266,1.0412,2,"aoml_apex",1027.16274216017
"4903625",19,0,1,0.0292,1,-0.0146,1,0.000311999989207834,3,153.402404472406,1,1.94688242805624,271.739990234375,1,19.8880996704102,36.717098236084,0.0292000006884336,0,0.000311999989207834,146.091293334961,-85.1581,23.861,49.6763552249772,53,52,53,51,53,53,0,8521,1.64861680440262,24,-85,0.0073,47,2022-02-24 14:09:53.001515,271.739990234375,1.0412,2,"aoml_apex",1027.28339995178
"4903625",19,0,1,0.0292,1,-0.0146,1,0.000300999992759898,3,153.630579645607,1,1.94674924653962,281.480010986328,1,19.7175006866455,36.6939010620117,0.0292000006884336,0,0.000300999992759898,146.30859375,-85.1581,23.861,49.6763552249772,53,52,53,51,53,53,0,8521,1.64861680440262,24,-85,0.0073,47,2022-02-24 14:09:53.001515,281.480010986328,1.0412,2,"aoml_apex",1027.35367873137
"4903625",19,0,1,0.0365,1,-0.0073,1,0.000288999988697469,3,154.201281948412,1,1.94653502547811,291.869995117188,1,19.3393001556396,36.6511993408203,0.0364999994635582,0,0.000288999988697469,146.852096557617,-85.1581,23.861,49.6763552249772,53,52,53,51,53,53,0,8521,1.64861680440262,24,-85,0.0073,47,2022-02-24 14:09:53.001515,291.869995117188,1.0412,2,"aoml_apex",1027.46674158034
"4903625",19,0,1,0.0292,1,-0.0146,1,0.000288999988697469,3,154.108880696825,1,1.94638948846297,301.220001220703,1,19.073299407959,36.6068992614746,0.0292000006884336,0,0.000288999988697469,146.764099121094,-85.1581,23.861,49.6763552249772,53,52,53,51,53,53,0,8521,1.64861680440262,24,-85,0.0073,47,2022-02-24 14:09:53.001515,301.220001220703,1.0412,2,"aoml_apex",1027.54356815776
"4903625",19,0,1,0.0219,1,-0.0219,1,0.000323999993270263,3,154.539819497359,1,1.94624409425814,311.130004882812,1,18.8733997344971,36.5825996398926,0.0219000000506639,0,0.000323999993270263,147.174499511719,-85.1581,23.861,49.6763552249772,53,52,53,51,53,53,0,8521,1.64861680440262,24,-85,0.0073,47,2022-02-24 14:09:53.001515,311.130004882812,1.0412,2,"aoml_apex",1027.62033082102
"4903625",19,0,1,0.0292,1,-0.0146,1,0.000323999993270263,3,153.960513159163,1,1.94609904077965,321.170013427734,1,18.6622009277344,36.5539016723633,0.0292000006884336,0,0.000323999993270263,146.622802734375,-85.1581,23.861,49.6763552249772,53,52,53,51,53,53,0,8521,1.64861680440262,24,-85,0.0073,47,2022-02-24 14:09:53.001515,321.170013427734,1.0412,2,"aoml_apex",1027.69692502328
"4903625",19,0,1,0.0292,1,-0.0146,1,0.000311999989207834,3,152.85113735569,1,1.94591781845815,331.739990234375,1,18.3211002349854,36.5040016174316,0.0292000006884336,0,0.000311999989207834,145.566299438477,-85.1581,23.861,49.6763552249772,53,52,53,51,53,53,0,8521,1.64861680440262,24,-85,0.0073,47,2022-02-24 14:09:53.001515,331.739990234375,1.0412,2,"aoml_apex",1027.79263390717
"4903625",19,0,1,0.0365,1,-0.0073,1,0.000323999993270263,3,152.210929828439,1,1.94575402387081,340.950012207031,1,17.9897994995117,36.4542999267578,0.0364999994635582,0,0.000323999993270263,144.956604003906,-85.1581,23.861,49.6763552249772,53,52,53,51,53,53,0,8521,1.64861680440262,24,-85,0.0073,47,2022-02-24 14:09:53.001515,340.950012207031,1.0412,2,"aoml_apex",1027.87915402651
"4903625",19,0,1,0.0292,1,-0.0146,1,0.000311999989207834,3,151.750589901381,1,1.94562218229163,351.899993896484,1,17.8243007659912,36.4282989501953,0.0292000006884336,0,0.000311999989207834,144.518203735352,-85.1581,23.861,49.6763552249772,53,52,53,51,53,53,0,8521,1.64861680440262,24,-85,0.0073,47,2022-02-24 14:09:53.001515,351.899993896484,1.0412,2,"aoml_apex",1027.94880640409
"4903625",19,0,1,0.0365,1,-0.0073,1,0.000334999989718199,3,150.484963533407,1,1.94546332262569,361.100006103516,1,17.5070991516113,36.3815994262695,0.0364999994635582,0,0.000334999989718199,143.312896728516,-85.1581,23.861,49.6763552249772,53,52,53,51,53,53,0,8521,1.64861680440262,24,-85,0.0073,47,2022-02-24 14:09:53.001515,361.100006103516,1.0412,2,"aoml_apex",1028.03274507417
"4903625",19,0,1,0.0292,1,-0.0146,1,0.000369999994290993,3,146.659019773621,1,1.94514941871931,381.720001220703,1,16.8649005889893,36.2737007141113,0.0292000006884336,0,0.000369999994290993,139.669296264648,-85.1581,23.861,49.6763552249772,53,52,53,51,53,53,0,8521,1.64861680440262,24,-85,0.0073,47,2022-02-24 14:09:53.001515,381.720001220703,1.0412,2,"aoml_apex",1028.19864672237
"4903625",19,0,1,0.0292,1,-0.0146,1,0.000369999994290993,3,143.018727704859,1,1.94482622287591,401.399993896484,1,16.1497993469238,36.1594009399414,0.0292000006884336,0,0.000369999994290993,136.202499389648,-85.1581,23.861,49.6763552249772,53,52,53,51,53,53,0,8521,1.64861680440262,24,-85,0.0073,47,2022-02-24 14:09:53.001515,401.399993896484,1.0412,2,"aoml_apex",1028.36951521689
"4903625",19,0,1,0.0365,1,-0.0073,1,0.000334000011207536,3,134.314696438458,1,1.94406928831823,451.399993896484,1,14.3898000717163,35.8669013977051,0.0364999994635582,0,0.000334000011207536,127.913299560547,-85.1581,23.861,49.6763552249772,53,52,53,51,53,53,0,8521,1.64861680440262,24,-85,0.0073,47,2022-02-24 14:09:53.001515,451.399993896484,1.0412,2,"aoml_apex",1028.76991680176
"4903625",19,0,1,0.0365,1,-0.0073,1,0.000415999995311722,3,130.127014676751,1,1.94350278870467,501.670013427734,1,13.5431995391846,35.7276000976562,0.0364999994635582,0,0.000415999995311722,123.925201416016,-85.1581,23.861,49.6763552249772,53,52,53,51,53,53,0,8521,1.64861680440262,24,-85,0.0073,47,2022-02-24 14:09:53.001515,501.670013427734,1.0412,2,"aoml_apex",1029.06978658517
"4903625",19,0,1,0.0365,1,-0.0073,1,0.000357000011717901,3,128.397483394988,1,1.94300654986761,551.590026855469,1,13.0865001678467,35.6559982299805,0.0364999994635582,0,0.000357000011717901,122.278099060059,-85.1581,23.861,49.6763552249772,53,52,53,51,53,53,0,8521,1.64861680440262,24,-85,0.0073,47,2022-02-24 14:09:53.001515,551.590026855469,1.0412,2,"aoml_apex",1029.33260834158
"4903625",19,0,1,0.0438,1,0,1,0.00040300001273863,3,122.734594101551,1,1.94242589063031,601.630004882812,1,12.0263996124268,35.4827995300293,0.0438000001013279,0,0.00040300001273863,116.885101318359,-85.1581,23.861,49.6763552249772,53,52,53,51,53,53,0,8521,1.64861680440262,24,-85,0.0073,47,2022-02-24 14:09:53.001515,601.630004882812,1.0412,2,"aoml_apex",1029.64031196629
"4903625",19,0,1,0.0365,1,-0.0073,1,0.000494999985676259,3,119.157093866493,1,1.94172924617926,651.659973144531,1,10.2643995285034,35.2291984558105,0.0364999994635582,0,0.000494999985676259,113.478103637695,-85.1581,23.861,49.6763552249772,53,52,53,51,53,53,0,8521,1.64861680440262,24,-85,0.0073,47,2022-02-24 14:09:53.001515,651.659973144531,1.0412,2,"aoml_apex",1030.00972145596
"4903625",19,0,1,0.0438,1,0,1,0.000387999985832721,3,119.694605742271,1,1.9411349736992,701.409973144531,1,9.10099983215332,35.0774002075195,0.0438000001013279,0,0.000387999985832721,113.98999786377,-85.1581,23.861,49.6763552249772,53,52,53,51,53,53,0,8521,1.64861680440262,24,-85,0.0073,47,2022-02-24 14:09:53.001515,701.409973144531,1.0412,2,"aoml_apex",1030.32505575263
"4903625",19,0,1,0.0584,1,0.0146,1,0.000364000006811693,3,119.404792349051,1,1.94053772229828,751.450012207031,1,8.14560031890869,34.9859008789062,0.0584000013768673,0,0.000364000006811693,113.713996887207,-85.1581,23.861,49.6763552249772,53,52,53,51,53,53,0,8521,1.64861680440262,24,-85,0.0073,47,2022-02-24 14:09:53.001515,751.450012207031,1.0412,2,"aoml_apex",1030.64216532276
"4903625",19,0,1,0.0438,1,0,1,0.000350999995134771,3,124.855889385837,1,1.93998051379791,801.659973144531,1,7.45639991760254,34.9309005737305,0.0438000001013279,0,0.000350999995134771,118.905296325684,-85.1581,23.861,49.6763552249772,53,52,53,51,53,53,0,8521,1.64861680440262,24,-85,0.0073,47,2022-02-24 14:09:53.001515,801.659973144531,1.0412,2,"aoml_apex",1030.93819024223
"4903625",19,0,1,0.0438,1,0,1,0.000338000012561679,3,133.654324705359,1,1.9393934200401,851.719970703125,1,6.77360010147095,34.9034004211426,0.0438000001013279,0,0.000338000012561679,127.284400939941,-85.1581,23.861,49.6763552249772,53,52,53,51,53,53,0,8521,1.64861680440262,24,-85,0.0073,47,2022-02-24 14:09:53.001515,851.719970703125,1.0412,2,"aoml_apex",1031.25027616039
"4903625",19,0,1,0.0511,1,0.0073,1,0.000514000013936311,3,139.779973310108,1,1.93886903418247,901.880004882812,1,6.42579984664917,34.9021987915039,0.0511000007390976,0,0.000514000013936311,133.118103027344,-85.1581,23.861,49.6763552249772,53,52,53,51,53,53,0,8521,1.64861680440262,24,-85,0.0073,47,2022-02-24 14:09:53.001515,901.880004882812,1.0412,2,"aoml_apex",1031.52918775832
"4903625",19,0,1,0.0365,1,-0.0073,1,0.000361000013072044,3,148.338040400688,1,1.93832930544355,951.169982910156,1,6.01900005340576,34.9062995910645,0.0364999994635582,0,0.000361000013072044,141.268295288086,-85.1581,23.861,49.6763552249772,53,52,53,51,53,53,0,8521,1.64861680440262,24,-85,0.0073,47,2022-02-24 14:09:53.001515,951.169982910156,1.0412,2,"aoml_apex",1031.81641756293
"4903625",19,0,1,0.0365,1,-0.0073,1,0.000584000023081899,3,153.513920461836,1,1.93786090081548,998.900024414062,1,5.80789995193481,34.9093017578125,0.0364999994635582,0,0.000584000023081899,146.197494506836,-85.1581,23.861,49.6763552249772,53,52,53,51,53,53,0,8521,1.64861680440262,24,-85,0.0073,47,2022-02-24 14:09:53.001515,998.900024414062,1.0412,2,"aoml_apex",1032.06582018264
"4903625",19,0,1,0.0438,1,0,1,0.000300999992759898,3,166.501511604995,1,1.93686545826279,1099.69995117188,1,5.36700010299683,34.9222984313965,0.0438000001013279,0,0.000300999992759898,158.566101074219,-85.1581,23.861,49.6763552249772,53,52,53,51,53,53,0,8521,1.64861680440262,24,-85,0.0073,47,2022-02-24 14:09:53.001515,1099.69995117188,1.0412,2,"aoml_apex",1032.59624537568
"4903625",19,0,1,0.0438,1,0,1,0.000334999989718199,3,181.691880010061,1,1.93586990267463,1199.39001464844,1,4.89900016784668,34.9388008117676,0.0438000001013279,0,0.000334999989718199,173.032501220703,-85.1581,23.861,49.6763552249772,53,52,53,51,53,53,0,8521,1.64861680440262,24,-85,0.0073,47,2022-02-24 14:09:53.001515,1199.39001464844,1.0412,2,"aoml_apex",1033.12727639227
"4903625",19,0,1,0.0438,1,0,1,0.000299000006634742,3,193.520217580337,1,1.93493039732628,1299.16003417969,1,4.60650014877319,34.9505004882812,0.0438000001013279,0,0.000299000006634742,184.297103881836,-85.1581,23.861,49.6763552249772,53,52,53,51,53,53,0,8521,1.64861680440262,24,-85,0.0073,47,2022-02-24 14:09:53.001515,1299.16003417969,1.0412,2,"aoml_apex",1033.62891128468
"4903625",19,0,1,0.0365,1,-0.0073,1,0.000311000010697171,3,200.310964529805,1,1.93403292549167,1399.57995605469,1,4.45930004119873,34.9575004577637,0.0364999994635582,0,0.000311000010697171,190.764205932617,-85.1581,23.861,49.6763552249772,53,52,53,51,53,53,0,8521,1.64861680440262,24,-85,0.0073,47,2022-02-24 14:09:53.001515,1399.57995605469,1.0412,2,"aoml_apex",1034.10855815268
"4903625",19,0,1,0.0365,1,-0.0073,1,0.000299000006634742,3,204.821209495422,1,1.93315898488307,1499.71997070312,1,4.37249994277954,34.9623985290527,0.0364999994635582,0,0.000299000006634742,195.059494018555,-85.1581,23.861,49.6763552249772,53,52,53,51,53,53,0,8521,1.64861680440262,24,-85,0.0073,47,2022-02-24 14:09:53.001515,1499.71997070312,1.0412,2,"aoml_apex",1034.57605693045
"4903625",19,0,1,0.0438,1,0,1,0.000287000002572313,3,206.7348142606,1,1.93230273617072,1600.07995605469,1,4.33230018615723,34.9640007019043,0.0438000001013279,0,0.000287000002572313,196.881896972656,-85.1581,23.861,49.6763552249772,53,52,53,51,53,53,0,8521,1.64861680440262,24,-85,0.0073,47,2022-02-24 14:09:53.001515,1600.07995605469,1.0412,2,"aoml_apex",1035.03450187285
"4903625",19,0,1,0.0438,1,0,1,0.000310000003082678,3,207.828648324166,1,1.93147009019014,1698.9599609375,1,4.32240009307861,34.9651985168457,0.0438000001013279,0,0.000310000003082678,197.923599243164,-85.1581,23.861,49.6763552249772,53,52,53,51,53,53,0,8521,1.64861680440262,24,-85,0.0073,47,2022-02-24 14:09:53.001515,1698.9599609375,1.0412,2,"aoml_apex",1035.48069947235
"4903625",19,0,1,0.0511,1,0.0073,1,0.000274999998509884,3,209.621812616277,1,1.93062737100521,1799.28002929688,1,4.31150007247925,34.9664993286133,0.0511000007390976,0,0.000274999998509884,199.631301879883,-85.1581,23.861,49.6763552249772,53,52,53,51,53,53,0,8521,1.64861680440262,24,-85,0.0073,47,2022-02-24 14:09:53.001515,1799.28002929688,1.0412,2,"aoml_apex",1035.93268697867
"4903625",19,0,1,0.0365,1,-0.0073,1,0.000274999998509884,3,210.577036791257,1,1.92979138666258,1899.33996582031,1,4.3056001663208,34.9673004150391,0.0364999994635582,0,0.000274999998509884,200.541000366211,-85.1581,23.861,49.6763552249772,53,52,53,51,53,53,0,8521,1.64861680440262,24,-85,0.0073,47,2022-02-24 14:09:53.001515,1899.33996582031,1.0412,2,"aoml_apex",1036.38145232829
"4903625",20,0.0708472700800369,5,0.073,1,0.0292,1,0.00049200002104044,3,200.448383449231,1,1.95384889276889,7.61999988555908,1,26.6443996429443,36.0041999816895,0.0729999989271164,0.0438000001013279,0.00049200002104044,190.788192749023,-84.8836,24.0166,83.4485131946481,53,52,53,51,53,53,0.1168,8521,1.64861680440262,24,-85,0.0073,47,2022-03-06 21:47:37.002321,7.61999988555908,1.0412,2,"aoml_apex",1023.62061232162
"4903625",20,0.0708472700800369,5,0.0803,1,0.0365,1,0.000503999995999038,3,200.356876284816,1,1.95380851571379,11.8800001144409,1,26.6348991394043,36.0040016174316,0.0803000032901764,0.0511000007390976,0.000503999995999038,190.701095581055,-84.8836,24.0166,83.4485131946481,53,52,53,51,53,53,0.1168,8521,1.64861680440262,24,-85,0.0073,47,2022-03-06 21:47:37.002321,11.8800001144409,1.0412,2,"aoml_apex",1023.64176628093
"4903625",20,0.0708472700800369,5,0.0803,1,0.0365,1,0.000575000012759119,3,200.231013855275,1,1.95377023042828,16.8899993896484,1,26.6399002075195,36.0041999816895,0.0803000032901764,0.0511000007390976,0.000575000012759119,190.581298828125,-84.8836,24.0166,83.4485131946481,53,52,53,51,53,53,0.1168,8521,1.64861680440262,24,-85,0.0073,47,2022-03-06 21:47:37.002321,16.8899993896484,1.0412,2,"aoml_apex",1023.66182514798
"4903625",20,0.0708472700800369,5,0.0803,1,0.0365,1,0.00049200002104044,3,200.03192004398,1,1.95373682768364,21.2900009155273,1,26.6439990997314,36.0041007995605,0.0803000032901764,0.0511000007390976,0.00049200002104044,190.391799926758,-84.8836,24.0166,83.4485131946481,53,52,53,51,53,53,0.1168,8521,1.64861680440262,24,-85,0.0073,47,2022-03-06 21:47:37.002321,21.2900009155273,1.0412,2,"aoml_apex",1023.67932654021
"4903625",20,0.0708472700800369,5,0.0876,1,0.0438,1,0.00047999998787418,3,200.079196608076,1,1.95367891417257,26.5300006866455,1,26.6124000549316,36.0012016296387,0.0876000002026558,0.0584000013768673,0.00047999998787418,190.436798095703,-84.8836,24.0166,83.4485131946481,53,52,53,51,53,53,0.1168,8521,1.64861680440262,24,-85,0.0073,47,2022-03-06 21:47:37.002321,26.5300006866455,1.0412,2,"aoml_apex",1023.70967178455
"4903625",20,0.0708472700800369,5,0.0949,1,0.0511,1,0.00049200002104044,3,200.104943017685,1,1.95362663204541,31.2999992370605,1,26.5932006835938,36.0023002624512,0.0948999971151352,0.065700002014637,0.00049200002104044,190.461303710938,-84.8836,24.0166,83.4485131946481,53,52,53,51,53,53,0.1168,8521,1.64861680440262,24,-85,0.0073,47,2022-03-06 21:47:37.002321,31.2999992370605,1.0412,2,"aoml_apex",1023.73706786851
"4903625",20,0.0708472700800369,5,0.0949,1,0.0511,1,0.000575000012759119,3,199.952179918577,1,1.95358202127858,36.810001373291,1,26.5925998687744,36.0017013549805,0.0948999971151352,0.065700002014637,0.000575000012759119,190.315902709961,-84.8836,24.0166,83.4485131946481,53,52,53,51,53,53,0.1168,8521,1.64861680440262,24,-85,0.0073,47,2022-03-06 21:47:37.002321,36.810001373291,1.0412,2,"aoml_apex",1023.76044528248
"4903625",20,0.0708472700800369,5,0.0949,1,0.0511,1,0.000503999995999038,3,199.898907615257,1,1.95353966523274,41.6399993896484,1,26.5888996124268,36.0021018981934,0.0948999971151352,0.065700002014637,0.000503999995999038,190.265197753906,-84.8836,24.0166,83.4485131946481,53,52,53,51,53,53,0.1168,8521,1.64861680440262,24,-85,0.0073,47,2022-03-06 21:47:37.002321,41.6399993896484,1.0412,2,"aoml_apex",1023.7826421414
"4903625",20,0.0708472700800369,5,0.1022,1,0.0584,1,0.000503999995999038,3,199.838805940521,1,1.95349830316002,46.439998626709,1,26.5876007080078,36.0029983520508,0.102200001478195,0.0729999989271164,0.000503999995999038,190.207992553711,-84.8836,24.0166,83.4485131946481,53,52,53,51,53,53,0.1168,8521,1.64861680440262,24,-85,0.0073,47,2022-03-06 21:47:37.002321,46.439998626709,1.0412,2,"aoml_apex",1023.80431903358
"4903625",20,0.0708472700800369,5,0.1095,1,0.0657,1,0.000503999995999038,3,199.667879278469,1,1.95345535091782,51.6399993896484,1,26.5860004425049,36.0026016235352,0.109499998390675,0.0803000032901764,0.000503999995999038,190.045303344727,-84.8836,24.0166,83.4485131946481,53,52,53,51,53,53,0.1168,8521,1.64861680440262,24,-85,0.0073,47,2022-03-06 21:47:37.002321,51.6399993896484,1.0412,2,"aoml_apex",1023.82683026787
"4903625",20,0.0708472700800369,5,0.1168,1,0.073,1,0.000538999971468002,3,199.574272002186,1,1.95341255088256,56.689998626709,1,26.5844993591309,36.0029983520508,0.116800002753735,0.0876000002026558,0.000538999971468002,189.956207275391,-84.8836,24.0166,83.4485131946481,53,52,53,51,53,53,0.1168,8521,1.64861680440262,24,-85,0.0073,47,2022-03-06 21:47:37.002321,56.689998626709,1.0412,2,"aoml_apex",1023.84926271534
"4903625",20,0.0708472700800369,5,0.1168,1,0.073,1,0.000503999995999038,3,199.407000496667,1,1.95337048603687,61.6100006103516,1,26.5827007293701,36.0035018920898,0.116800002753735,0.0876000002026558,0.000503999995999038,189.796997070312,-84.8836,24.0166,83.4485131946481,53,52,53,51,53,53,0.1168,8521,1.64861680440262,24,-85,0.0073,47,2022-03-06 21:47:37.002321,61.6100006103516,1.0412,2,"aoml_apex",1023.8713107915
"4903625",20,0.0708472700800369,5,0.1314,1,0.0876,1,0.000468999991426244,3,199.264545580235,1,1.95332939890144,66.629997253418,1,26.5835990905762,36.0038986206055,0.131400004029274,0.102200001478195,0.000468999991426244,189.661407470703,-84.8836,24.0166,83.4485131946481,53,52,53,51,53,53,0.1168,8521,1.64861680440262,24,-85,0.0073,47,2022-03-06 21:47:37.002321,66.629997253418,1.0412,2,"aoml_apex",1023.89284732253
"4903625",20,0.0708472700800369,5,0.1387,1,0.0949,1,0.000656999996863306,3,198.921922749492,1,1.95328871317992,71.5100021362305,1,26.5846996307373,36.0049018859863,0.138699993491173,0.109499998390675,0.000656999996863306,189.335296630859,-84.8836,24.0166,83.4485131946481,53,52,53,51,53,53,0.1168,8521,1.64861680440262,24,-85,0.0073,47,2022-03-06 21:47:37.002321,71.5100021362305,1.0412,2,"aoml_apex",1023.91417433833
"4903625",20,0.0708472700800369,5,0.1533,1,0.1095,1,0.00049200002104044,3,198.389151622126,1,1.95324138613232,76.9400024414062,1,26.5858001708984,36.0074005126953,0.153300002217293,0.124099999666214,0.00049200002104044,188.828201293945,-84.8836,24.0166,83.4485131946481,53,52,53,51,53,53,0.1168,8521,1.64861680440262,24,-85,0.0073,47,2022-03-06 21:47:37.002321,76.9400024414062,1.0412,2,"aoml_apex",1023.93898378339
"4903625",20,0.0708472700800369,5,0.1606,1,0.1168,1,0.00056299997959286,3,197.15486297415,1,1.9532008524313,81.6800003051758,1,26.5895004272461,36.0102005004883,0.160600006580353,0.131400004029274,0.00056299997959286,187.653396606445,-84.8836,24.0166,83.4485131946481,53,52,53,51,53,53,0.1168,8521,1.64861680440262,24,-85,0.0073,47,2022-03-06 21:47:37.002321,81.6800003051758,1.0412,2,"aoml_apex",1023.9602330249
"4903625",20,0.106270905120055,1,0.219,1,0.1752,1,0.000585999980103225,3,194.187452999863,1,1.95312930247563,86.5299987792969,1,26.6112995147705,36.0415992736816,0.218999996781349,0.18979999423027,0.000585999980103225,184.828994750977,-84.8836,24.0166,83.4485131946481,53,52,53,51,53,53,0.1752,8521,1.64861680440262,24,-85,0.0073,47,2022-03-06 21:47:37.002321,86.5299987792969,1.0412,2,"aoml_apex",1023.99774426863
"4903625",20,0.177118175200092,1,0.3358,1,0.292,1,0.00056299997959286,3,191.332567340051,1,1.95305062767498,91.9499969482422,1,26.6569004058838,36.0848007202148,0.335799992084503,0.306600004434586,0.00056299997959286,182.111694335938,-84.8836,24.0166,83.4485131946481,53,52,53,51,53,53,0.292,8521,1.64861680440262,24,-85,0.0073,47,2022-03-06 21:47:37.002321,91.9499969482422,1.0412,2,"aoml_apex",1024.03899400238
"4903625",20,0.363092259160189,1,0.6424,1,0.5986,1,0.000797000015154481,3,181.033217958253,1,1.952799739396,96.7900009155273,1,26.8101997375488,36.2969017028809,0.642400026321411,0.613200008869171,0.000797000015154481,172.308700561523,-84.8836,24.0166,83.4485131946481,53,52,53,51,53,53,0.5986,8521,1.64861680440262,24,-85,0.0073,47,2022-03-06 21:47:37.002321,96.7900009155273,1.0412,2,"aoml_apex",1024.17055863526
"4903625",20,0.318812715360166,1,0.5694,1,0.5256,1,0.000727000006008893,3,177.913365512623,1,1.95259668521111,101.959999084473,1,26.7458000183105,36.3815002441406,0.569400012493134,0.540199995040894,0.000727000006008893,169.339202880859,-84.8836,24.0166,83.4485131946481,53,52,53,51,53,53,0.5256,8521,1.64861680440262,24,-85,0.0073,47,2022-03-06 21:47:37.002321,101.959999084473,1.0412,2,"aoml_apex",1024.27706404908
"4903625",20,0.216969764620113,1,0.4015,1,0.3577,1,0.000750000006519258,3,176.977982099496,1,1.95213259812571,111.730003356934,1,26.2936000823975,36.4580001831055,0.40149998664856,0.372299998998642,0.000750000006519258,168.44889831543,-84.8836,24.0166,83.4485131946481,53,52,53,51,53,53,0.3577,8521,1.64861680440262,24,-85,0.0073,47,2022-03-06 21:47:37.002321,111.730003356934,1.0412,2,"aoml_apex",1024.52056890001
"4903625",20,0.0974149963600507,1,0.2044,1,0.1606,1,0.000668000022415072,3,173.542728120456,1,1.95182264571305,121.569999694824,1,26.0125007629395,36.5000991821289,0.20440000295639,0.175200000405312,0.000668000022415072,165.17919921875,-84.8836,24.0166,83.4485131946481,53,52,53,51,53,53,0.1606,8521,1.64861680440262,24,-85,0.0073,47,2022-03-06 21:47:37.002321,121.569999694824,1.0412,2,"aoml_apex",1024.68326432874
"4903625",20,0.0619913613200323,1,0.146,1,0.1022,1,0.000691000022925436,3,167.898204551214,1,1.95134566724822,131.779998779297,1,25.7369995117188,36.6594009399414,0.145999997854233,0.116800002753735,0.000691000022925436,159.806701660156,-84.8836,24.0166,83.4485131946481,53,52,53,51,53,53,0.1022,8521,1.64861680440262,24,-85,0.0073,47,2022-03-06 21:47:37.002321,131.779998779297,1.0412,2,"aoml_apex",1024.9337334581
"4903625",20,0.05756340694003,1,0.1387,1,0.0949,1,0.000561000022571534,3,165.133463387812,1,1.95102527304849,141.449996948242,1,25.5305004119873,36.742000579834,0.138699993491173,0.109499998390675,0.000561000022571534,157.175201416016,-84.8836,24.0166,83.4485131946481,53,52,53,51,53,53,0.0949,8521,1.64861680440262,24,-85,0.0073,47,2022-03-06 21:47:37.002321,141.449996948242,1.0412,2,"aoml_apex",1025.10204641019
"4903625",20,0.0132838631400069,1,0.0657,1,0.0219,1,0.000384000013582408,3,158.888083385094,1,1.95026891650728,151.740005493164,1,24.7609004974365,36.8950996398926,0.065700002014637,0.0364999994635582,0.000384000013582408,151.230804443359,-84.8836,24.0166,83.4485131946481,53,52,53,51,53,53,0.0219,8521,1.64861680440262,24,-85,0.0073,47,2022-03-06 21:47:37.002321,151.740005493164,1.0412,2,"aoml_apex",1025.4996031941
"4903625",20,0.00442795438000231,1,0.0511,1,0.0073,1,0.000384000013582408,3,157.806557836227,1,1.94986713737555,161.369995117188,1,24.2674999237061,36.9212989807129,0.0511000007390976,0.0219000000506639,0.000384000013582408,150.201400756836,-84.8836,24.0166,83.4485131946481,53,52,53,51,53,53,0.0073,8521,1.64861680440262,24,-85,0.0073,47,2022-03-06 21:47:37.002321,161.369995117188,1.0412,2,"aoml_apex",1025.71091212498
"4903625",20,-0.00885590876000461,1,0.0292,1,-0.0146,1,0.000337000004947186,3,155.34113872377,1,1.94939049966656,171.800003051758,1,23.6662006378174,36.9548988342285,0.0292000006884336,0,0.000337000004947186,147.854797363281,-84.8836,24.0166,83.4485131946481,53,52,53,51,53,53,-0.0146,8521,1.64861680440262,24,-85,0.0073,47,2022-03-06 21:47:37.002321,171.800003051758,1.0412,2,"aoml_apex",1025.96170461593
"4903625",20,0,1,0.0292,1,-0.0146,1,0.000325000000884756,3,151.081342350308,1,1.94884310704944,181.330001831055,1,22.8479995727539,36.9626998901367,0.0292000006884336,0,0.000325000000884756,143.80029296875,-84.8836,24.0166,83.4485131946481,53,52,53,51,53,53,0,8521,1.64861680440262,24,-85,0.0073,47,2022-03-06 21:47:37.002321,181.330001831055,1.0412,2,"aoml_apex",1026.24987756352
"4903625",20,0,1,0.0365,1,-0.0073,1,0.000312999996822327,3,150.157629787864,1,1.94837680594449,191.929992675781,1,22.0485000610352,36.9221000671387,0.0364999994635582,0,0.000312999996822327,142.921096801758,-84.8836,24.0166,83.4485131946481,53,52,53,51,53,53,0,8521,1.64861680440262,24,-85,0.0073,47,2022-03-06 21:47:37.002321,191.929992675781,1.0412,2,"aoml_apex",1026.49548788407
"4903625",20,0,1,0.0292,1,-0.0146,1,0.000300999992759898,3,151.239988968923,1,1.94802636785079,201.5,1,21.4300994873047,36.8804016113281,0.0292000006884336,0,0.000300999992759898,143.951293945312,-84.8836,24.0166,83.4485131946481,53,52,53,51,53,53,0,8521,1.64861680440262,24,-85,0.0073,47,2022-03-06 21:47:37.002321,201.5,1.0412,2,"aoml_apex",1026.68014817815
"4903625",20,0,1,0.0292,1,-0.0146,1,0.000335999997332692,3,152.765936664236,1,1.94784212125797,211.779998779297,1,21.1819000244141,36.8583984375,0.0292000006884336,0,0.000335999997332692,145.403701782227,-84.8836,24.0166,83.4485131946481,53,52,53,51,53,53,0,8521,1.64861680440262,24,-85,0.0073,47,2022-03-06 21:47:37.002321,211.779998779297,1.0412,2,"aoml_apex",1026.77726196225
"4903625",20,0,1,0.0292,1,-0.0146,1,0.000300999992759898,3,154.3921125992,1,1.94765553400375,221.300003051758,1,20.9172992706299,36.8370018005371,0.0292000006884336,0,0.000300999992759898,146.951507568359,-84.8836,24.0166,83.4485131946481,53,52,53,51,53,53,0,8521,1.64861680440262,24,-85,0.0073,47,2022-03-06 21:47:37.002321,221.300003051758,1.0412,2,"aoml_apex",1026.87562820138
"4903625",20,0,1,0.0365,1,-0.0073,1,0.000312999996822327,3,157.625739807594,1,1.94741728412472,231.669998168945,1,20.5386009216309,36.8061981201172,0.0364999994635582,0,0.000312999996822327,150.029296875,-84.8836,24.0166,83.4485131946481,53,52,53,51,53,53,0,8521,1.64861680440262,24,-85,0.0073,47,2022-03-06 21:47:37.002321,231.669998168945,1.0412,2,"aoml_apex",1027.00125766775
"4903625",20,0,1,0.0292,1,-0.0146,1,0.000348000001395121,3,159.257590854015,1,1.94723005809682,241.639999389648,1,20.2506008148193,36.7761001586914,0.0292000006884336,0,0.000348000001395121,151.582504272461,-84.8836,24.0166,83.4485131946481,53,52,53,51,53,53,0,8521,1.64861680440262,24,-85,0.0073,47,2022-03-06 21:47:37.002321,241.639999389648,1.0412,2,"aoml_apex",1027.10000376369
"4903625",20,0,1,0.0292,1,-0.0146,1,0.000335999997332692,3,160.750962768304,1,1.94702676766663,251.270004272461,1,19.8803005218506,36.730899810791,0.0292000006884336,0,0.000335999997332692,153.00390625,-84.8836,24.0166,83.4485131946481,53,52,53,51,53,53,0,8521,1.64861680440262,24,-85,0.0073,47,2022-03-06 21:47:37.002321,251.270004272461,1.0412,2,"aoml_apex",1027.20724399534
"4903625",20,0,1,0.0292,1,-0.0146,1,0.000311999989207834,3,162.771222290453,1,1.94682571096809,261.390014648438,1,19.5268993377686,36.6887016296387,0.0292000006884336,0,0.000311999989207834,154.926803588867,-84.8836,24.0166,83.4485131946481,53,52,53,51,53,53,0,8521,1.64861680440262,24,-85,0.0073,47,2022-03-06 21:47:37.002321,261.390014648438,1.0412,2,"aoml_apex",1027.31332791237
"4903625",20,0,1,0.0365,1,-0.0073,1,0.000311999989207834,3,163.839602100914,1,1.94666065206262,271.420013427734,1,19.2772006988525,36.6591987609863,0.0364999994635582,0,0.000311999989207834,155.943695068359,-84.8836,24.0166,83.4485131946481,53,52,53,51,53,53,0,8521,1.64861680440262,24,-85,0.0073,47,2022-03-06 21:47:37.002321,271.420013427734,1.0412,2,"aoml_apex",1027.40043462679
"4903625",20,0,1,0.0219,1,-0.0219,1,0.000311999989207834,3,164.290965838494,1,1.94651186510848,281.839996337891,1,19.058500289917,36.627498626709,0.0219000000506639,0,0.000311999989207834,156.373306274414,-84.8836,24.0166,83.4485131946481,53,52,53,51,53,53,0,8521,1.64861680440262,24,-85,0.0073,47,2022-03-06 21:47:37.002321,281.839996337891,1.0412,2,"aoml_apex",1027.47896678685
"4903625",20,0,1,0.0365,1,-0.0073,1,0.000358999997843057,3,163.764911862826,1,1.94639031868452,291.839996337891,1,18.9232006072998,36.6082992553711,0.0364999994635582,0,0.000358999997843057,155.872604370117,-84.8836,24.0166,83.4485131946481,53,52,53,51,53,53,0,8521,1.64861680440262,24,-85,0.0073,47,2022-03-06 21:47:37.002321,291.839996337891,1.0412,2,"aoml_apex",1027.54312986499
"4903625",20,0,1,0.0292,1,-0.0146,1,0.000335999997332692,3,162.970941325891,1,1.94626977899026,301.269989013672,1,18.7633991241455,36.5834999084473,0.0292000006884336,0,0.000335999997332692,155.116897583008,-84.8836,24.0166,83.4485131946481,53,52,53,51,53,53,0,8521,1.64861680440262,24,-85,0.0073,47,2022-03-06 21:47:37.002321,301.269989013672,1.0412,2,"aoml_apex",1027.60676941591
"4903625",20,0,1,0.0365,1,-0.0073,1,0.000335999997332692,3,163.4556984453,1,1.94611857561468,311.730010986328,1,18.5459003448486,36.5547981262207,0.0364999994635582,0,0.000335999997332692,155.57829284668,-84.8836,24.0166,83.4485131946481,53,52,53,51,53,53,0,8521,1.64861680440262,24,-85,0.0073,47,2022-03-06 21:47:37.002321,311.730010986328,1.0412,2,"aoml_apex",1027.68660916167
"4903625",20,0,1,0.0365,1,-0.0073,1,0.000383000005967915,3,161.043038631737,1,1.94599283771085,321.440002441406,1,18.36669921875,36.5261001586914,0.0364999994635582,0,0.000383000005967915,153.28190612793,-84.8836,24.0166,83.4485131946481,53,52,53,51,53,53,0,8521,1.64861680440262,24,-85,0.0073,47,2022-03-06 21:47:37.002321,321.440002441406,1.0412,2,"aoml_apex",1027.75301185213
"4903625",20,0,1,0.0292,1,-0.0146,1,0.000323999993270263,3,158.596632745804,1,1.94584804203691,331.170013427734,1,18.1091995239258,36.4846992492676,0.0292000006884336,0,0.000323999993270263,150.953399658203,-84.8836,24.0166,83.4485131946481,53,52,53,51,53,53,0,8521,1.64861680440262,24,-85,0.0073,47,2022-03-06 21:47:37.002321,331.170013427734,1.0412,2,"aoml_apex",1027.82948965861
"4903625",20,0,1,0.0219,1,-0.0219,1,0.000346999993780628,3,156.415834901222,1,1.94569859851275,341.779998779297,1,17.8511009216309,36.4420013427734,0.0219000000506639,0,0.000346999993780628,148.877700805664,-84.8836,24.0166,83.4485131946481,53,52,53,51,53,53,0,8521,1.64861680440262,24,-85,0.0073,47,2022-03-06 21:47:37.002321,341.779998779297,1.0412,2,"aoml_apex",1027.90843429129
"4903625",20,0,1,0.0365,1,-0.0073,1,0.000323999993270263,3,154.034676765669,1,1.94557735069942,350.489990234375,1,17.6410999298096,36.4071006774902,0.0364999994635582,0,0.000323999993270263,146.611297607422,-84.8836,24.0166,83.4485131946481,53,52,53,51,53,53,0,8521,1.64861680440262,24,-85,0.0073,47,2022-03-06 21:47:37.002321,350.489990234375,1.0412,2,"aoml_apex",1027.97249324527
"4903625",20,0,1,0.0365,1,-0.0073,1,0.000334999989718199,3,150.983005814478,1,1.94539386015977,361.440002441406,1,17.2646007537842,36.3488998413086,0.0364999994635582,0,0.000334999989718199,143.706695556641,-84.8836,24.0166,83.4485131946481,53,52,53,51,53,53,0,8521,1.64861680440262,24,-85,0.0073,47,2022-03-06 21:47:37.002321,361.440002441406,1.0412,2,"aoml_apex",1028.06945213436
"4903625",20,0,1,0.0365,1,-0.0073,1,0.000346999993780628,3,147.320603094618,1,1.94511052584991,381.059997558594,1,16.7043991088867,36.2532997131348,0.0364999994635582,0,0.000346999993780628,140.220794677734,-84.8836,24.0166,83.4485131946481,53,52,53,51,53,53,0,8521,1.64861680440262,24,-85,0.0073,47,2022-03-06 21:47:37.002321,381.059997558594,1.0412,2,"aoml_apex",1028.21920575753
"4903625",20,0,1,0.0292,1,-0.0146,1,0.000334999989718199,3,145.421701181899,1,1.94485148007945,400.970001220703,1,16.2625007629395,36.179500579834,0.0292000006884336,0,0.000334999989718199,138.41340637207,-84.8836,24.0166,83.4485131946481,53,52,53,51,53,53,0,8521,1.64861680440262,24,-85,0.0073,47,2022-03-06 21:47:37.002321,400.970001220703,1.0412,2,"aoml_apex",1028.35616009007
"4903625",20,0,1,0.0365,1,-0.0073,1,0.000380999990738928,3,133.982504060598,1,1.94415205045869,451.339996337891,1,14.8107004165649,35.9333000183105,0.0364999994635582,0,0.000380999990738928,127.525497436523,-84.8836,24.0166,83.4485131946481,53,52,53,51,53,53,0,8521,1.64861680440262,24,-85,0.0073,47,2022-03-06 21:47:37.002321,451.339996337891,1.0412,2,"aoml_apex",1028.72612228459
"4903625",20,0,1,0.0365,1,-0.0073,1,0.000380000012228265,3,127.909950439446,1,1.94343767987938,501.579986572266,1,13.2145004272461,35.6814994812012,0.0364999994635582,0,0.000380000012228265,121.745597839355,-84.8836,24.0166,83.4485131946481,53,52,53,51,53,53,0,8521,1.64861680440262,24,-85,0.0073,47,2022-03-06 21:47:37.002321,501.579986572266,1.0412,2,"aoml_apex",1029.10426236262
"4903625",20,0,1,0.0365,1,-0.0073,1,0.000331999995978549,3,123.149117071757,1,1.94284066647965,551,1,11.9905996322632,35.4793014526367,0.0364999994635582,0,0.000331999995978549,117.214202880859,-84.8836,24.0166,83.4485131946481,53,52,53,51,53,53,0,8521,1.64861680440262,24,-85,0.0073,47,2022-03-06 21:47:37.002321,551,1.0412,2,"aoml_apex",1029.42049469446
"4903625",20,0,1,0.0511,1,0.0073,1,0.000390000001061708,3,119.068872247253,1,1.94224101353138,601.419982910156,1,10.8983001708984,35.3226013183594,0.0511000007390976,0,0.000390000001061708,113.330596923828,-84.8836,24.0166,83.4485131946481,53,52,53,51,53,53,0,8521,1.64861680440262,24,-85,0.0073,47,2022-03-06 21:47:37.002321,601.419982910156,1.0412,2,"aoml_apex",1029.73832087069
"4903625",20,0,1,0.0365,1,-0.0073,1,0.000353999988874421,3,114.777461976064,1,1.94168325785166,651.590026855469,1,9.98880004882812,35.1952018737793,0.0364999994635582,0,0.000353999988874421,109.246002197266,-84.8836,24.0166,83.4485131946481,53,52,53,51,53,53,0,8521,1.64861680440262,24,-85,0.0073,47,2022-03-06 21:47:37.002321,651.590026855469,1.0412,2,"aoml_apex",1030.03411700262
"4903625",20,0,1,0.0438,1,0,1,0.000387999985832721,3,116.064061044062,1,1.94111618363447,701.390014648438,1,9.04109954833984,35.0768013000488,0.0438000001013279,0,0.000387999985832721,110.470596313477,-84.8836,24.0166,83.4485131946481,53,52,53,51,53,53,0,8521,1.64861680440262,24,-85,0.0073,47,2022-03-06 21:47:37.002321,701.390014648438,1.0412,2,"aoml_apex",1030.33502933105
"4903625",20,0,1,0.0365,1,-0.0073,1,0.000339999998686835,3,119.327642901494,1,1.94055046126775,751.890014648438,1,8.20240020751953,34.9869003295898,0.0364999994635582,0,0.000339999998686835,113.57689666748,-84.8836,24.0166,83.4485131946481,53,52,53,51,53,53,0,8521,1.64861680440262,24,-85,0.0073,47,2022-03-06 21:47:37.002321,751.890014648438,1.0412,2,"aoml_apex",1030.63539955225
"4903625",20,0,1,0.0438,1,0,1,0.000350999995134771,3,123.445288954902,1,1.94001496829688,801.280029296875,1,7.6085000038147,34.9412002563477,0.0438000001013279,0,0.000350999995134771,117.496101379395,-84.8836,24.0166,83.4485131946481,53,52,53,51,53,53,0,8521,1.64861680440262,24,-85,0.0073,47,2022-03-06 21:47:37.002321,801.280029296875,1.0412,2,"aoml_apex",1030.91988086864
"4903625",20,0,1,0.0438,1,0,1,0.000349999987520278,3,130.197180670951,1,1.93945514502472,851.710021972656,1,7.02150011062622,34.9110984802246,0.0438000001013279,0,0.000349999987520278,123.92259979248,-84.8836,24.0166,83.4485131946481,53,52,53,51,53,53,0,8521,1.64861680440262,24,-85,0.0073,47,2022-03-06 21:47:37.002321,851.710021972656,1.0412,2,"aoml_apex",1031.21745565016
"4903625",20,0,1,0.0365,1,-0.0073,1,0.000338000012561679,3,138.330873854416,1,1.93890833552203,901.159973144531,1,6.54510021209717,34.9029998779297,0.0364999994635582,0,0.000338000012561679,131.664306640625,-84.8836,24.0166,83.4485131946481,53,52,53,51,53,53,0,8521,1.64861680440262,24,-85,0.0073,47,2022-03-06 21:47:37.002321,901.159973144531,1.0412,2,"aoml_apex",1031.50827883852
"4903625",20,0,1,0.0438,1,0,1,0.000314000004436821,3,146.585579972462,1,1.93835293890346,951.650024414062,1,6.10690021514893,34.9043006896973,0.0438000001013279,0,0.000314000004436821,139.521194458008,-84.8836,24.0166,83.4485131946481,53,52,53,51,53,53,0,8521,1.64861680440262,24,-85,0.0073,47,2022-03-06 21:47:37.002321,951.650024414062,1.0412,2,"aoml_apex",1031.80383709244
"4903625",20,0,1,0.0438,1,0,1,0.000349000009009615,3,154.020072170927,1,1.93784956673835,1000.15997314453,1,5.8060998916626,34.9094009399414,0.0438000001013279,0,0.000349000009009615,146.597396850586,-84.8836,24.0166,83.4485131946481,53,52,53,51,53,53,0,8521,1.64861680440262,24,-85,0.0073,47,2022-03-06 21:47:37.002321,1000.15997314453,1.0412,2,"aoml_apex",1032.07185651993
"4903625",20,0,1,0.0511,1,0.0073,1,0.000594999990426004,3,167.634183617305,1,1.9368534840639,1099.68994140625,1,5.32989978790283,34.9235992431641,0.0511000007390976,0,0.000594999990426004,159.555404663086,-84.8836,24.0166,83.4485131946481,53,52,53,51,53,53,0,8521,1.64861680440262,24,-85,0.0073,47,2022-03-06 21:47:37.002321,1099.68994140625,1.0412,2,"aoml_apex",1032.6026291899
"4903625",20,0,1,0.0438,1,0,1,0.00032299998565577,3,187.495983586315,1,1.93582481401263,1199.58996582031,1,4.76910018920898,34.9446983337402,0.0438000001013279,0,0.00032299998565577,178.460006713867,-84.8836,24.0166,83.4485131946481,53,52,53,51,53,53,0,8521,1.64861680440262,24,-85,0.0073,47,2022-03-06 21:47:37.002321,1199.58996582031,1.0412,2,"aoml_apex",1033.15133968881
"4903625",20,0,1,0.0438,1,0,1,0.000299000006634742,3,194.869636666183,1,1.93490637520293,1300.07995605469,1,4.55819988250732,34.9528007507324,0.0438000001013279,0,0.000299000006634742,185.478302001953,-84.8836,24.0166,83.4485131946481,53,52,53,51,53,53,0,8521,1.64861680440262,24,-85,0.0073,47,2022-03-06 21:47:37.002321,1300.07995605469,1.0412,2,"aoml_apex",1033.64174392688
"4903625",20,0,1,0.0511,1,0.0073,1,0.000334000011207536,3,199.756019851341,1,1.93403627215942,1398.84997558594,1,4.44990015029907,34.9576988220215,0.0511000007390976,0,0.000334000011207536,190.129196166992,-84.8836,24.0166,83.4485131946481,53,52,53,51,53,53,0,8521,1.64861680440262,24,-85,0.0073,47,2022-03-06 21:47:37.002321,1398.84997558594,1.0412,2,"aoml_apex",1034.10676872514
"4903625",20,0,1,0.0511,1,0.0073,1,0.000322000007145107,3,203.809476225996,1,1.93315922117162,1499.90002441406,1,4.37410020828247,34.961498260498,0.0511000007390976,0,0.000322000007145107,193.9873046875,-84.8836,24.0166,83.4485131946481,53,52,53,51,53,53,0,8521,1.64861680440262,24,-85,0.0073,47,2022-03-06 21:47:37.002321,1499.90002441406,1.0412,2,"aoml_apex",1034.57593047502
"4903625",20,0,1,0.0438,1,0,1,0.000287000002572313,3,206.049846709501,1,1.93230801377597,1599.81005859375,1,4.34170007705688,34.9636993408203,0.0438000001013279,0,0.000287000002572313,196.119705200195,-84.8836,24.0166,83.4485131946481,53,52,53,51,53,53,0,8521,1.64861680440262,24,-85,0.0073,47,2022-03-06 21:47:37.002321,1599.81005859375,1.0412,2,"aoml_apex",1035.03167494076
"4903625",20,0,1,0.0438,1,0,1,0.000274999998509884,3,208.154896244367,1,1.93146244820839,1699.66003417969,1,4.31650018692017,34.9653015136719,0.0438000001013279,0,0.000274999998509884,198.123306274414,-84.8836,24.0166,83.4485131946481,53,52,53,51,53,53,0,8521,1.64861680440262,24,-85,0.0073,47,2022-03-06 21:47:37.002321,1699.66003417969,1.0412,2,"aoml_apex",1035.48479643246
"4903625",20,0,1,0.0511,1,0.0073,1,0.000274999998509884,3,209.253014280125,1,1.93062209618368,1799.65002441406,1,4.30319976806641,34.9664001464844,0.0511000007390976,0,0.000274999998509884,199.168502807617,-84.8836,24.0166,83.4485131946481,53,52,53,51,53,53,0,8521,1.64861680440262,24,-85,0.0073,47,2022-03-06 21:47:37.002321,1799.65002441406,1.0412,2,"aoml_apex",1035.935517341
"4903625",20,0,1,0.0365,1,-0.0073,1,0.000262999994447455,3,210.071977751418,1,1.92979345863661,1899.02001953125,1,4.30200004577637,34.9669990539551,0.0364999994635582,0,0.000262999994447455,199.947998046875,-84.8836,24.0166,83.4485131946481,53,52,53,51,53,53,0,8521,1.64861680440262,24,-85,0.0073,47,2022-03-06 21:47:37.002321,1899.02001953125,1.0412,2,"aoml_apex",1036.38033958981
"4903625",21,0.0398515894200207,1,0.1095,1,0.0657,1,0.000551000004634261,3,198.639832247905,1,1.95387421201617,7.44999980926514,1,26.877799987793,36.0862998962402,0.109499998390675,0.0803000032901764,0.000551000004634261,188.960998535156,-84.7623,23.8066,21.8591612391129,53,52,53,51,53,53,0.0657,8521,1.64861680440262,24,-85,0.0073,47,2022-03-17 05:25:42.000573,7.44999980926514,1.0412,2,"aoml_apex",1023.60734775052
"4903625",21,0.0398515894200207,1,0.1095,1,0.0657,1,0.000645000021904707,3,198.656658590304,1,1.95384093488663,11.5799999237061,1,26.8742008209229,36.084400177002,0.109499998390675,0.0803000032901764,0.000645000021904707,188.977005004883,-84.7623,23.8066,21.8591612391129,53,52,53,51,53,53,0.0657,8521,1.64861680440262,24,-85,0.0073,47,2022-03-17 05:25:42.000573,11.5799999237061,1.0412,2,"aoml_apex",1023.62478146976
"4903625",21,0.044279543800023,1,0.1168,1,0.073,1,0.000585999980103225,3,198.607462792271,1,1.95378504963978,16.9300003051758,1,26.8360004425049,36.0765991210938,0.116800002753735,0.0876000002026558,0.000585999980103225,188.930206298828,-84.7623,23.8066,21.8591612391129,53,52,53,51,53,53,0.073,8521,1.64861680440262,24,-85,0.0073,47,2022-03-17 05:25:42.000573,16.9300003051758,1.0412,2,"aoml_apex",1023.65406080302
"4903625",21,0.0354236350400184,1,0.1022,1,0.0584,1,0.000727000006008893,3,198.742009370003,1,1.95372136459163,21.7800006866455,1,26.7628993988037,36.0623016357422,0.102200001478195,0.0729999989271164,0.000727000006008893,189.058197021484,-84.7623,23.8066,21.8591612391129,53,52,53,51,53,53,0.0584,8521,1.64861680440262,24,-85,0.0073,47,2022-03-17 05:25:42.000573,21.7800006866455,1.0412,2,"aoml_apex",1023.68742864111
"4903625",21,0.044279543800023,1,0.1168,1,0.073,1,0.00056299997959286,3,198.734550600493,1,1.95364326812278,26.8199996948242,1,26.7007007598877,36.0615997314453,0.116800002753735,0.0876000002026558,0.00056299997959286,189.05110168457,-84.7623,23.8066,21.8591612391129,53,52,53,51,53,53,0.073,8521,1.64861680440262,24,-85,0.0073,47,2022-03-17 05:25:42.000573,26.8199996948242,1.0412,2,"aoml_apex",1023.72835032558
"4903625",21,0.044279543800023,1,0.1168,1,0.073,1,0.000621000013779849,3,198.602410077442,1,1.95359972897423,31.7700004577637,1,26.7059001922607,36.0658988952637,0.116800002753735,0.0876000002026558,0.000621000013779849,188.925399780273,-84.7623,23.8066,21.8591612391129,53,52,53,51,53,53,0.073,8521,1.64861680440262,24,-85,0.0073,47,2022-03-17 05:25:42.000573,31.7700004577637,1.0412,2,"aoml_apex",1023.75116577751
"4903625",21,0.044279543800023,1,0.1168,1,0.073,1,0.000585999980103225,3,198.444941818787,1,1.95354950696338,36.8199996948242,1,26.7154006958008,36.076099395752,0.116800002753735,0.0876000002026558,0.000585999980103225,188.775604248047,-84.7623,23.8066,21.8591612391129,53,52,53,51,53,53,0.073,8521,1.64861680440262,24,-85,0.0073,47,2022-03-17 05:25:42.000573,36.8199996948242,1.0412,2,"aoml_apex",1023.7774844564
"4903625",21,0.0354236350400184,1,0.1022,1,0.0584,1,0.000632999988738447,3,198.448615062266,1,1.95350419319154,41.7200012207031,1,26.7150993347168,36.0796012878418,0.102200001478195,0.0729999989271164,0.000632999988738447,188.779098510742,-84.7623,23.8066,21.8591612391129,53,52,53,51,53,53,0.0584,8521,1.64861680440262,24,-85,0.0073,47,2022-03-17 05:25:42.000573,41.7200012207031,1.0412,2,"aoml_apex",1023.80123215016
"4903625",21,0.044279543800023,1,0.1168,1,0.073,1,0.000656999996863306,3,198.372295007802,1,1.95345043555458,46.7900009155273,1,26.7038993835449,36.0834007263184,0.116800002753735,0.0876000002026558,0.000656999996863306,188.706497192383,-84.7623,23.8066,21.8591612391129,53,52,53,51,53,53,0.073,8521,1.64861680440262,24,-85,0.0073,47,2022-03-17 05:25:42.000573,46.7900009155273,1.0412,2,"aoml_apex",1023.82940646877
"4903625",21,0.044279543800023,1,0.1168,1,0.073,1,0.000621000013779849,3,198.347496604228,1,1.95340101280444,51.9000015258789,1,26.6942005157471,36.0845985412598,0.116800002753735,0.0876000002026558,0.000621000013779849,188.682907104492,-84.7623,23.8066,21.8591612391129,53,52,53,51,53,53,0.073,8521,1.64861680440262,24,-85,0.0073,47,2022-03-17 05:25:42.000573,51.9000015258789,1.0412,2,"aoml_apex",1023.85531024613
"4903625",21,0.0398515894200207,1,0.1095,1,0.0657,1,0.000668000022415072,3,198.334872837338,1,1.95335692980802,56.4799995422363,1,26.6870994567871,36.0862007141113,0.109499998390675,0.0803000032901764,0.000668000022415072,188.6708984375,-84.7623,23.8066,21.8591612391129,53,52,53,51,53,53,0.0657,8521,1.64861680440262,24,-85,0.0073,47,2022-03-17 05:25:42.000573,56.4799995422363,1.0412,2,"aoml_apex",1023.87841642262
"4903625",21,0.0531354525600277,1,0.1314,1,0.0876,1,0.000551000004634261,3,198.376289058571,1,1.9533087655354,61.7700004577637,1,26.6814002990723,36.0872001647949,0.131400004029274,0.102200001478195,0.000551000004634261,188.710296630859,-84.7623,23.8066,21.8591612391129,53,52,53,51,53,53,0.0876,8521,1.64861680440262,24,-85,0.0073,47,2022-03-17 05:25:42.000573,61.7700004577637,1.0412,2,"aoml_apex",1023.90366299913
"4903625",21,0.05756340694003,1,0.1387,1,0.0949,1,0.000785999989602715,3,198.371140101555,1,1.95325734838639,66.8300018310547,1,26.6734008789062,36.0908012390137,0.138699993491173,0.109499998390675,0.000785999989602715,188.70539855957,-84.7623,23.8066,21.8591612391129,53,52,53,51,53,53,0.0949,8521,1.64861680440262,24,-85,0.0073,47,2022-03-17 05:25:42.000573,66.8300018310547,1.0412,2,"aoml_apex",1023.93061603082
"4903625",21,0.05756340694003,1,0.1387,1,0.0949,1,0.000574000005144626,3,198.280207274998,1,1.95321147053918,71.8199996948242,1,26.6648006439209,36.0906982421875,0.138699993491173,0.109499998390675,0.000574000005144626,188.618896484375,-84.7623,23.8066,21.8591612391129,53,52,53,51,53,53,0.0949,8521,1.64861680440262,24,-85,0.0073,47,2022-03-17 05:25:42.000573,71.8199996948242,1.0412,2,"aoml_apex",1023.954666541
"4903625",21,0.0664193157000346,1,0.1533,1,0.1095,1,0.000632999988738447,3,198.039168717108,1,1.95316772327847,76.4300003051758,1,26.6597995758057,36.0928001403809,0.153300002217293,0.124099999666214,0.000632999988738447,188.389602661133,-84.7623,23.8066,21.8591612391129,53,52,53,51,53,53,0.1095,8521,1.64861680440262,24,-85,0.0073,47,2022-03-17 05:25:42.000573,76.4300003051758,1.0412,2,"aoml_apex",1023.97760118774
"4903625",21,0.101842950740053,1,0.2117,1,0.1679,1,0.000645000021904707,3,197.78456001082,1,1.95311594540105,81.6999969482422,1,26.646900177002,36.0933990478516,0.21170000731945,0.182500004768372,0.000645000021904707,188.147399902344,-84.7623,23.8066,21.8591612391129,53,52,53,51,53,53,0.1679,8521,1.64861680440262,24,-85,0.0073,47,2022-03-17 05:25:42.000573,81.6999969482422,1.0412,2,"aoml_apex",1024.00474723958
"4903625",21,0.0929870419800484,4,0.1971,1,0.1533,1,0.000714999972842634,3,197.674924119214,1,1.95306867799722,86.5,1,26.6350994110107,36.0940017700195,0.19709999859333,0.167899996042252,0.000714999972842634,188.043106079102,-84.7623,23.8066,21.8591612391129,53,52,53,51,53,53,0.1533,8521,1.64861680440262,24,-85,0.0073,47,2022-03-17 05:25:42.000573,86.5,1.0412,2,"aoml_apex",1024.02952980174
"4903625",21,0.101842950740053,1,0.2117,1,0.1679,1,0.000738999980967492,3,197.452476343822,1,1.95302327587724,91.870002746582,1,26.6236000061035,36.0901985168457,0.21170000731945,0.182500004768372,0.000738999980967492,187.831497192383,-84.7623,23.8066,21.8591612391129,53,52,53,51,53,53,0.1679,8521,1.64861680440262,24,-85,0.0073,47,2022-03-17 05:25:42.000573,91.870002746582,1.0412,2,"aoml_apex",1024.05333551473
"4903625",21,0.141694540160074,1,0.2774,1,0.2336,1,0.000751000014133751,3,196.774546377052,1,1.95297756394427,96.9400024414062,1,26.5962009429932,36.081600189209,0.277399986982346,0.248199999332428,0.000751000014133751,187.186599731445,-84.7623,23.8066,21.8591612391129,53,52,53,51,53,53,0.2336,8521,1.64861680440262,24,-85,0.0073,47,2022-03-17 05:25:42.000573,96.9400024414062,1.0412,2,"aoml_apex",1024.07730479031
"4903625",21,0.199257947100104,1,0.3723,1,0.3285,1,0.000645000021904707,3,196.245262468442,1,1.95293455621688,101.650001525879,1,26.5949001312256,36.0842018127441,0.372299998998642,0.343100011348724,0.000645000021904707,186.68310546875,-84.7623,23.8066,21.8591612391129,53,52,53,51,53,53,0.3285,8521,1.64861680440262,24,-85,0.0073,47,2022-03-17 05:25:42.000573,101.650001525879,1.0412,2,"aoml_apex",1024.09985712695
"4903625",21,0.221397719000115,1,0.4088,1,0.365,1,0.000631999981123954,3,180.439937393515,1,1.95232092495952,111.48999786377,1,26.4971008300781,36.4140014648438,0.408800005912781,0.379599988460541,0.000631999981123954,171.647903442383,-84.7623,23.8066,21.8591612391129,53,52,53,51,53,53,0.365,8521,1.64861680440262,24,-85,0.0073,47,2022-03-17 05:25:42.000573,111.48999786377,1.0412,2,"aoml_apex",1024.42174051967
"4903625",21,0.0708472700800369,1,0.1606,1,0.1168,1,0.000727000006008893,3,202.488252547862,1,1.95157309446488,121.779998779297,1,25.1266002655029,36.3070983886719,0.160600006580353,0.131400004029274,0.000727000006008893,192.62190246582,-84.7623,23.8066,21.8591612391129,53,52,53,51,53,53,0.1168,8521,1.64861680440262,24,-85,0.0073,47,2022-03-17 05:25:42.000573,121.779998779297,1.0412,2,"aoml_apex",1024.81429246615
"4903625",21,0.0752752244600392,1,0.1679,1,0.1241,1,0.000608999980613589,3,202.671481631963,1,1.95134156990163,131.839996337891,1,24.9053001403809,36.3208999633789,0.167899996042252,0.138699993491173,0.000608999980613589,192.796203613281,-84.7623,23.8066,21.8591612391129,53,52,53,51,53,53,0.1241,8521,1.64861680440262,24,-85,0.0073,47,2022-03-17 05:25:42.000573,131.839996337891,1.0412,2,"aoml_apex",1024.9358855717
"4903625",21,0.0619913613200323,1,0.146,1,0.1022,1,0.000597000005654991,3,200.731030612891,1,1.9508568327138,141.449996948242,1,24.404899597168,36.4015998840332,0.145999997854233,0.116800002753735,0.000597000005654991,190.950302124023,-84.7623,23.8066,21.8591612391129,53,52,53,51,53,53,0.1022,8521,1.64861680440262,24,-85,0.0073,47,2022-03-17 05:25:42.000573,141.449996948242,1.0412,2,"aoml_apex",1025.1905554842
"4903625",21,0.0752752244600392,1,0.1679,1,0.1241,1,0.000607999972999096,3,200.002012085072,1,1.95024688043059,151.520004272461,1,23.6830005645752,36.4818992614746,0.167899996042252,0.138699993491173,0.000607999972999096,190.256805419922,-84.7623,23.8066,21.8591612391129,53,52,53,51,53,53,0.1241,8521,1.64861680440262,24,-85,0.0073,47,2022-03-17 05:25:42.000573,151.520004272461,1.0412,2,"aoml_apex",1025.51119043884
"4903625",21,0.05756340694003,1,0.1387,1,0.0949,1,0.000620000006165355,3,198.961088668842,1,1.9501458564641,160.509994506836,1,23.5972003936768,36.4673004150391,0.138699993491173,0.109499998390675,0.000620000006165355,189.2666015625,-84.7623,23.8066,21.8591612391129,53,52,53,51,53,53,0.0949,8521,1.64861680440262,24,-85,0.0073,47,2022-03-17 05:25:42.000573,160.509994506836,1.0412,2,"aoml_apex",1025.56431528988
"4903625",21,0.0309956806600161,1,0.0949,1,0.0511,1,0.00052599998889491,3,199.940609569627,1,1.94990851064952,171.740005493164,1,23.2208995819092,36.4216003417969,0.0948999971151352,0.065700002014637,0.00052599998889491,190.198394775391,-84.7623,23.8066,21.8591612391129,53,52,53,51,53,53,0.0511,8521,1.64861680440262,24,-85,0.0073,47,2022-03-17 05:25:42.000573,171.740005493164,1.0412,2,"aoml_apex",1025.68914853025
"4903625",21,0.0354236350400184,1,0.1022,1,0.0584,1,0.000491000013425946,3,195.87816268566,1,1.94962413303402,181.759994506836,1,22.9037990570068,36.4396018981934,0.102200001478195,0.0729999989271164,0.000491000013425946,186.333892822266,-84.7623,23.8066,21.8591612391129,53,52,53,51,53,53,0.0584,8521,1.64861680440262,24,-85,0.0073,47,2022-03-17 05:25:42.000573,181.759994506836,1.0412,2,"aoml_apex",1025.83875841113
"4903625",21,0.0177118175200092,1,0.073,1,0.0292,1,0.000501999980770051,3,194.824214493426,1,1.94940218713753,191.619995117188,1,22.4295997619629,36.3564987182617,0.0729999989271164,0.0438000001013279,0.000501999980770051,185.331298828125,-84.7623,23.8066,21.8591612391129,53,52,53,51,53,53,0.0292,8521,1.64861680440262,24,-85,0.0073,47,2022-03-17 05:25:42.000573,191.619995117188,1.0412,2,"aoml_apex",1025.95555355192
"4903625",21,0.00442795438000231,1,0.0511,1,0.0073,1,0.000395999988541007,3,176.509631032599,1,1.94905419901873,201.880004882812,1,22.6107006072998,36.6085014343262,0.0511000007390976,0.0219000000506639,0.000395999988541007,167.909103393555,-84.7623,23.8066,21.8591612391129,53,52,53,51,53,53,0.0073,8521,1.64861680440262,24,-85,0.0073,47,2022-03-17 05:25:42.000573,201.880004882812,1.0412,2,"aoml_apex",1026.13872975257
"4903625",21,0.00885590876000461,1,0.0584,1,0.0146,1,0.00044299999717623,3,165.286155885695,1,1.94864281677834,211.600006103516,1,21.6420993804932,36.4740982055664,0.0584000013768673,0.0292000006884336,0.00044299999717623,157.232498168945,-84.7623,23.8066,21.8591612391129,53,52,53,51,53,53,0.0146,8521,1.64861680440262,24,-85,0.0073,47,2022-03-17 05:25:42.000573,211.600006103516,1.0412,2,"aoml_apex",1026.35536014064
"4903625",21,0.00442795438000231,1,0.0511,1,0.0073,1,0.000430999993113801,3,152.998226107785,1,1.94806873379173,221.820007324219,1,21.8376007080078,36.8869018554688,0.0511000007390976,0.0219000000506639,0.000430999993113801,145.543304443359,-84.7623,23.8066,21.8591612391129,53,52,53,51,53,53,0.0073,8521,1.64861680440262,24,-85,0.0073,47,2022-03-17 05:25:42.000573,221.820007324219,1.0412,2,"aoml_apex",1026.65782028501
"4903625",21,0.00885590876000461,1,0.0584,1,0.0146,1,0.000407000014092773,3,150.653044610729,1,1.9478434303983,231.130004882812,1,21.4757995605469,36.8557014465332,0.0584000013768673,0.0292000006884336,0.000407000014092773,143.312393188477,-84.7623,23.8066,21.8591612391129,53,52,53,51,53,53,0.0146,8521,1.64861680440262,24,-85,0.0073,47,2022-03-17 05:25:42.000573,231.130004882812,1.0412,2,"aoml_apex",1026.77657186802
"4903625",21,0,1,0.0438,1,0,1,0.000418999989051372,3,149.455390792613,1,1.94746556406699,241.289993286133,1,20.7166004180908,36.7821998596191,0.0438000001013279,0.0146000003442168,0.000418999989051372,142.173095703125,-84.7623,23.8066,21.8591612391129,53,52,53,51,53,53,0,8521,1.64861680440262,24,-85,0.0073,47,2022-03-17 05:25:42.000573,241.289993286133,1.0412,2,"aoml_apex",1026.97579710899
"4903625",21,0,1,0.0438,1,0,1,0.000441999989561737,3,148.780299970366,1,1.94732230210594,250.360000610352,1,20.5375003814697,36.7653007507324,0.0438000001013279,0.0146000003442168,0.000441999989561737,141.530899047852,-84.7623,23.8066,21.8591612391129,53,52,53,51,53,53,0,8521,1.64861680440262,24,-85,0.0073,47,2022-03-17 05:25:42.000573,250.360000610352,1.0412,2,"aoml_apex",1027.05135037846
"4903625",21,-0.00442795438000231,1,0.0365,1,-0.0073,1,0.000418000010540709,3,152.070098534976,1,1.94702692794129,261.720001220703,1,19.9850997924805,36.7083015441895,0.0364999994635582,0.00730000017210841,0.000418000010540709,144.660400390625,-84.7623,23.8066,21.8591612391129,53,52,53,51,53,53,-0.0073,8521,1.64861680440262,24,-85,0.0073,47,2022-03-17 05:25:42.000573,261.720001220703,1.0412,2,"aoml_apex",1027.20715943807
"4903625",21,-0.00442795438000231,1,0.0365,1,-0.0073,1,0.000335999997332692,3,156.227680821009,1,1.94679588559592,271.579986572266,1,19.593599319458,36.6745986938477,0.0364999994635582,0.00730000017210841,0.000335999997332692,148.61540222168,-84.7623,23.8066,21.8591612391129,53,52,53,51,53,53,-0.0073,8521,1.64861680440262,24,-85,0.0073,47,2022-03-17 05:25:42.000573,271.579986572266,1.0412,2,"aoml_apex",1027.32906659488
"4903625",21,0,1,0.0292,1,-0.0146,1,0.000335999997332692,3,160.03131642318,1,1.94657689198507,281.809997558594,1,19.2129001617432,36.635799407959,0.0292000006884336,0,0.000335999997332692,152.233703613281,-84.7623,23.8066,21.8591612391129,53,52,53,51,53,53,0,8521,1.64861680440262,24,-85,0.0073,47,2022-03-17 05:25:42.000573,281.809997558594,1.0412,2,"aoml_apex",1027.44464307313
"4903625",21,0,1,0.0219,1,-0.0219,1,0.000383000005967915,3,161.428592577952,1,1.94638490604167,291.589996337891,1,18.8687992095947,36.594898223877,0.0219000000506639,0,0.000383000005967915,153.562896728516,-84.7623,23.8066,21.8591612391129,53,52,53,51,53,53,0,8521,1.64861680440262,24,-85,0.0073,47,2022-03-17 05:25:42.000573,291.589996337891,1.0412,2,"aoml_apex",1027.54598732856
"4903625",21,0,1,0.0219,1,-0.0219,1,0.000358999997843057,3,161.563989295005,1,1.94624312463047,301.859985351562,1,18.6751003265381,36.5685997009277,0.0219000000506639,0,0.000358999997843057,153.691696166992,-84.7623,23.8066,21.8591612391129,53,52,53,51,53,53,0,8521,1.64861680440262,24,-85,0.0073,47,2022-03-17 05:25:42.000573,301.859985351562,1.0412,2,"aoml_apex",1027.6208427864
"4903625",21,0,1,0.0292,1,-0.0146,1,0.000358999997843057,3,160.275819699809,1,1.94609783361237,311.549987792969,1,18.4575996398926,36.5404014587402,0.0292000006884336,0,0.000358999997843057,152.466293334961,-84.7623,23.8066,21.8591612391129,53,52,53,51,53,53,0,8521,1.64861680440262,24,-85,0.0073,47,2022-03-17 05:25:42.000573,311.549987792969,1.0412,2,"aoml_apex",1027.69756250516
"4903625",21,0,1,0.0292,1,-0.0146,1,0.000429999985499308,3,157.549166253346,1,1.94592861129553,321.369995117188,1,18.1618995666504,36.5023994445801,0.0292000006884336,0,0.000429999985499308,149.872497558594,-84.7623,23.8066,21.8591612391129,53,52,53,51,53,53,0,8521,1.64861680440262,24,-85,0.0073,47,2022-03-17 05:25:42.000573,321.369995117188,1.0412,2,"aoml_apex",1027.78693339037
"4903625",21,0,1,0.0365,1,-0.0073,1,0.000334999989718199,3,155.462699795899,1,1.94582387182489,330.790008544922,1,17.9846000671387,36.4622001647949,0.0364999994635582,0,0.000334999989718199,147.8876953125,-84.7623,23.8066,21.8591612391129,53,52,53,51,53,53,0,8521,1.64861680440262,24,-85,0.0073,47,2022-03-17 05:25:42.000573,330.790008544922,1.0412,2,"aoml_apex",1027.84225692755
"4903625",21,0,1,0.0365,1,-0.0073,1,0.000334999989718199,3,153.399684351404,1,1.94566895762629,341.769989013672,1,17.7248992919922,36.4210014343262,0.0364999994635582,0,0.000334999989718199,145.925201416016,-84.7623,23.8066,21.8591612391129,53,52,53,51,53,53,0,8521,1.64861680440262,24,-85,0.0073,47,2022-03-17 05:25:42.000573,341.769989013672,1.0412,2,"aoml_apex",1027.92409374717
"4903625",21,0,1,0.0292,1,-0.0146,1,0.000346999993780628,3,152.082930826605,1,1.9455075199907,351.380004882812,1,17.3780002593994,36.3644981384277,0.0292000006884336,0,0.000346999993780628,144.672607421875,-84.7623,23.8066,21.8591612391129,53,52,53,51,53,53,0,8521,1.64861680440262,24,-85,0.0073,47,2022-03-17 05:25:42.000573,351.380004882812,1.0412,2,"aoml_apex",1028.00939058285
"4903625",21,0,1,0.0365,1,-0.0073,1,0.000369999994290993,3,147.460707301044,1,1.94534880048303,360.820007324219,1,17.0445003509521,36.3126983642578,0.0364999994635582,0,0.000369999994290993,140.275604248047,-84.7623,23.8066,21.8591612391129,53,52,53,51,53,53,0,8521,1.64861680440262,24,-85,0.0073,47,2022-03-17 05:25:42.000573,360.820007324219,1.0412,2,"aoml_apex",1028.09326507586
"4903625",21,0,1,0.0292,1,-0.0146,1,0.000452000007499009,3,138.723681141668,1,1.94496495912807,381.390014648438,1,16.0461006164551,36.1459007263184,0.0292000006884336,0,0.000452000007499009,131.964294433594,-84.7623,23.8066,21.8591612391129,53,52,53,51,53,53,0,8521,1.64861680440262,24,-85,0.0073,47,2022-03-17 05:25:42.000573,381.390014648438,1.0412,2,"aoml_apex",1028.29616061392
"4903625",21,0,1,0.0365,1,-0.0073,1,0.000475999986520037,3,137.224115582246,1,1.94468636323095,401.600006103516,1,15.4476003646851,36.0396995544434,0.0364999994635582,0,0.000475999986520037,130.537796020508,-84.7623,23.8066,21.8591612391129,53,52,53,51,53,53,0,8521,1.64861680440262,24,-85,0.0073,47,2022-03-17 05:25:42.000573,401.600006103516,1.0412,2,"aoml_apex",1028.44347438995
"4903625",21,0,1,0.0365,1,-0.0073,1,0.000345000007655472,3,129.472625460357,1,1.94396910613827,451.239990234375,1,13.8358001708984,35.7781982421875,0.0364999994635582,0,0.000345000007655472,123.164001464844,-84.7623,23.8066,21.8591612391129,53,52,53,51,53,53,0,8521,1.64861680440262,24,-85,0.0073,47,2022-03-17 05:25:42.000573,451.239990234375,1.0412,2,"aoml_apex",1028.82293431763
"4903625",21,0,1,0.0365,1,-0.0073,1,0.000344000000040978,3,124.0963604383,1,1.94334111684446,501.859985351562,1,12.6062002182007,35.5807991027832,0.0364999994635582,0,0.000344000000040978,118.049697875977,-84.7623,23.8066,21.8591612391129,53,52,53,51,53,53,0,8521,1.64861680440262,24,-85,0.0073,47,2022-03-17 05:25:42.000573,501.859985351562,1.0412,2,"aoml_apex",1029.15539771399
"4903625",21,0,1,0.0365,1,-0.0073,1,0.000367000000551343,3,117.024901570935,1,1.9427382156556,551.640014648438,1,11.3984003067017,35.3935012817383,0.0364999994635582,0,0.000367000000551343,111.322799682617,-84.7623,23.8066,21.8591612391129,53,52,53,51,53,53,0,8521,1.64861680440262,24,-85,0.0073,47,2022-03-17 05:25:42.000573,551.640014648438,1.0412,2,"aoml_apex",1029.47478146204
"4903625",21,0,1,0.0365,1,-0.0073,1,0.000400999997509643,3,115.5578177497,1,1.94216114857572,601.380004882812,1,10.3685998916626,35.2480010986328,0.0364999994635582,0,0.000400999997509643,109.927200317383,-84.7623,23.8066,21.8591612391129,53,52,53,51,53,53,0,8521,1.64861680440262,24,-85,0.0073,47,2022-03-17 05:25:42.000573,601.380004882812,1.0412,2,"aoml_apex",1029.78066545441
"4903625",21,0,1,0.0438,1,0,1,0.000342000013915822,3,119.205869836049,1,1.94161100839408,651.349975585938,1,9.42609977722168,35.1147003173828,0.0438000001013279,0,0.000342000013915822,113.397499084473,-84.7623,23.8066,21.8591612391129,53,52,53,51,53,53,0,8521,1.64861680440262,24,-85,0.0073,47,2022-03-17 05:25:42.000573,651.349975585938,1.0412,2,"aoml_apex",1030.07244569252
"4903625",21,0,1,0.0365,1,-0.0073,1,0.000364000006811693,3,119.211548125095,1,1.9410420707913,701.510009765625,1,8.54150009155273,35.0157012939453,0.0364999994635582,0,0.000364000006811693,113.402900695801,-84.7623,23.8066,21.8591612391129,53,52,53,51,53,53,0,8521,1.64861680440262,24,-85,0.0073,47,2022-03-17 05:25:42.000573,701.510009765625,1.0412,2,"aoml_apex",1030.37436956978
"4903625",21,0,1,0.0365,1,-0.0073,1,0.000352000002749264,3,120.032975193008,1,1.94052895168598,751.719970703125,1,8.08339977264404,34.9770011901855,0.0364999994635582,0,0.000352000002749264,114.184303283691,-84.7623,23.8066,21.8591612391129,53,52,53,51,53,53,0,8521,1.64861680440262,24,-85,0.0073,47,2022-03-17 05:25:42.000573,751.719970703125,1.0412,2,"aoml_apex",1030.64682351807
"4903625",21,0,1,0.0365,1,-0.0073,1,0.000350999995134771,3,123.768800154101,1,1.94001295738338,801.530029296875,1,7.60500001907349,34.9403991699219,0.0364999994635582,0,0.000350999995134771,117.738098144531,-84.7623,23.8066,21.8591612391129,53,52,53,51,53,53,0,8521,1.64861680440262,24,-85,0.0073,47,2022-03-17 05:25:42.000573,801.530029296875,1.0412,2,"aoml_apex",1030.92094946496
"4903625",21,0,1,0.0438,1,0,1,0.000361999991582707,3,130.392756911445,1,1.93946516670422,851.179992675781,1,7.04260015487671,34.9115982055664,0.0438000001013279,0,0.000361999991582707,124.03929901123,-84.7623,23.8066,21.8591612391129,53,52,53,51,53,53,0,8521,1.64861680440262,24,-85,0.0073,47,2022-03-17 05:25:42.000573,851.179992675781,1.0412,2,"aoml_apex",1031.2121271034
"4903625",21,0,1,0.0511,1,0.0073,1,0.0003969999961555,3,138.48243405904,1,1.93889399106096,901.150024414062,1,6.4935998916626,34.9026985168457,0.0511000007390976,0,0.0003969999961555,131.734802246094,-84.7623,23.8066,21.8591612391129,53,52,53,51,53,53,0,8521,1.64861680440262,24,-85,0.0073,47,2022-03-17 05:25:42.000573,901.150024414062,1.0412,2,"aoml_apex",1031.51591021519
"4903625",21,0,1,0.0438,1,0,1,0.000349000009009615,3,146.959157182717,1,1.93834940287428,951.880004882812,1,6.09660005569458,34.9034004211426,0.0438000001013279,0,0.000349000009009615,139.798492431641,-84.7623,23.8066,21.8591612391129,53,52,53,51,53,53,0,8521,1.64861680440262,24,-85,0.0073,47,2022-03-17 05:25:42.000573,951.880004882812,1.0412,2,"aoml_apex",1031.80571935808
"4903625",21,0,1,0.0438,1,0,1,0.00036000000545755,3,152.180793090642,1,1.93787424537649,1000.28002929688,1,5.89279985427856,34.9084014892578,0.0438000001013279,0,0.00036000000545755,144.765701293945,-84.7623,23.8066,21.8591612391129,53,52,53,51,53,53,0,8521,1.64861680440262,24,-85,0.0073,47,2022-03-17 05:25:42.000573,1000.28002929688,1.0412,2,"aoml_apex",1032.05871318623
"4903625",21,0,1,0.0438,1,0,1,0.00036000000545755,3,165.424295505083,1,1.93688287596297,1099.43994140625,1,5.41389989852905,34.9207000732422,0.0438000001013279,0,0.00036000000545755,157.363906860352,-84.7623,23.8066,21.8591612391129,53,52,53,51,53,53,0,8521,1.64861680440262,24,-85,0.0073,47,2022-03-17 05:25:42.000573,1099.43994140625,1.0412,2,"aoml_apex",1032.58695960418
"4903625",21,0,1,0.0511,1,0.0073,1,0.000311999989207834,3,181.452148557225,1,1.93587624398168,1199.31005859375,1,4.91680002212524,34.9382019042969,0.0511000007390976,0,0.000311999989207834,172.610794067383,-84.7623,23.8066,21.8591612391129,53,52,53,51,53,53,0,8521,1.64861680440262,24,-85,0.0073,47,2022-03-17 05:25:42.000573,1199.31005859375,1.0412,2,"aoml_apex",1033.12389220007
"4903625",21,0,1,0.0511,1,0.0073,1,0.000288000010186806,3,192.117531300811,1,1.9349359612808,1299.63000488281,1,4.63670015335083,34.9495010375977,0.0511000007390976,0,0.000288000010186806,182.756500244141,-84.7623,23.8066,21.8591612391129,53,52,53,51,53,53,0,8521,1.64861680440262,24,-85,0.0073,47,2022-03-17 05:25:42.000573,1299.63000488281,1.0412,2,"aoml_apex",1033.62593906009
"4903625",21,0,1,0.0438,1,0,1,0.000311000010697171,3,199.167335676052,1,1.93403700677666,1399.65002441406,1,4.47179985046387,34.956600189209,0.0438000001013279,0,0.000311000010697171,189.462799072266,-84.7623,23.8066,21.8591612391129,53,52,53,51,53,53,0,8521,1.64861680440262,24,-85,0.0073,47,2022-03-17 05:25:42.000573,1399.65002441406,1.0412,2,"aoml_apex",1034.10637593397
"4903625",21,0,1,0.0511,1,0.0073,1,0.000274999998509884,3,203.831504754876,1,1.93315947464845,1500.15002441406,1,4.38119983673096,34.9612007141113,0.0511000007390976,0,0.000274999998509884,193.899703979492,-84.7623,23.8066,21.8591612391129,53,52,53,51,53,53,0,8521,1.64861680440262,24,-85,0.0073,47,2022-03-17 05:25:42.000573,1500.15002441406,1.0412,2,"aoml_apex",1034.57579482092
"4903625",21,0,1,0.0438,1,0,1,0.000274999998509884,3,206.410249999948,1,1.93230566491275,1599.89001464844,1,4.33610010147095,34.9637985229492,0.0438000001013279,0,0.000274999998509884,196.352798461914,-84.7623,23.8066,21.8591612391129,53,52,53,51,53,53,0,8521,1.64861680440262,24,-85,0.0073,47,2022-03-17 05:25:42.000573,1599.89001464844,1.0412,2,"aoml_apex",1035.0329330998
"4903625",21,0,1,0.0511,1,0.0073,1,0.000274999998509884,3,207.99181390288,1,1.93146403875044,1699.43005371094,1,4.31529998779297,34.9653015136719,0.0511000007390976,0,0.000274999998509884,197.857299804688,-84.7623,23.8066,21.8591612391129,53,52,53,51,53,53,0,8521,1.64861680440262,24,-85,0.0073,47,2022-03-17 05:25:42.000573,1699.43005371094,1.0412,2,"aoml_apex",1035.48394372069
"4903625",21,0,1,0.0511,1,0.0073,1,0.000274999998509884,3,208.82963422335,1,1.93061948361106,1799.9599609375,1,4.30310010910034,34.9664001464844,0.0511000007390976,0,0.000274999998509884,198.654296875,-84.7623,23.8066,21.8591612391129,53,52,53,51,53,53,0,8521,1.64861680440262,24,-85,0.0073,47,2022-03-17 05:25:42.000573,1799.9599609375,1.0412,2,"aoml_apex",1035.93691920024
"4903625",21,0,1,0.0438,1,0,1,0.000287000002572313,3,209.61343059606,1,1.92979142605191,1899.31994628906,1,4.30210018157959,34.9667015075684,0.0438000001013279,0,0.000287000002572313,199.39990234375,-84.7623,23.8066,21.8591612391129,53,52,53,51,53,53,0,8521,1.64861680440262,24,-85,0.0073,47,2022-03-17 05:25:42.000573,1899.31994628906,1.0412,2,"aoml_apex",1036.38143117452
"4903625",22,0.0841311332200438,5,0.1022,1,0.0584,1,0.000515999970957637,3,199.311473495299,1,1.95372469983689,7.92000007629395,1,26.6007995605469,36.0704002380371,0.102200001478195,0.102200001478195,0.000515999970957637,189.493896484375,-84.8137,23.761,83.4499693249704,53,52,53,51,53,53,0.1387,8521,1.64861680440262,24,-85,0.0073,47,2022-03-27 13:00:24.001395,7.92000007629395,1.0412,2,"aoml_apex",1023.68568108238
"4903625",22,0.0841311332200438,5,0.1095,1,0.0657,1,0.000526999996509403,3,199.155602317561,1,1.95369321998306,11.9200000762939,1,26.6021995544434,36.0700988769531,0.109499998390675,0.102200001478195,0.000526999996509403,189.345703125,-84.8137,23.761,83.4499693249704,53,52,53,51,53,53,0.1387,8521,1.64861680440262,24,-85,0.0073,47,2022-03-27 13:00:24.001395,11.9200000762939,1.0412,2,"aoml_apex",1023.70217572713
"4903625",22,0.0841311332200438,5,0.1168,1,0.073,1,0.000551000004634261,3,199.201776265085,1,1.95365408620081,16.3999996185303,1,26.5995998382568,36.0707015991211,0.116800002753735,0.102200001478195,0.000551000004634261,189.389602661133,-84.8137,23.761,83.4499693249704,53,52,53,51,53,53,0.1387,8521,1.64861680440262,24,-85,0.0073,47,2022-03-27 13:00:24.001395,16.3999996185303,1.0412,2,"aoml_apex",1023.72268157733
"4903625",22,0.0841311332200438,5,0.1095,1,0.0657,1,0.000515999970957637,3,199.177573862281,1,1.95361046880312,21.9300003051758,1,26.6021003723145,36.0705986022949,0.109499998390675,0.102200001478195,0.000515999970957637,189.366592407227,-84.8137,23.761,83.4499693249704,53,52,53,51,53,53,0.1387,8521,1.64861680440262,24,-85,0.0073,47,2022-03-27 13:00:24.001395,21.9300003051758,1.0412,2,"aoml_apex",1023.74553778128
"4903625",22,0.0841311332200438,5,0.1095,1,0.0657,1,0.000526999996509403,3,199.215546597715,1,1.95357377549339,26.5,1,26.6014003753662,36.0698013305664,0.109499998390675,0.102200001478195,0.000526999996509403,189.402694702148,-84.8137,23.761,83.4499693249704,53,52,53,51,53,53,0.1387,8521,1.64861680440262,24,-85,0.0073,47,2022-03-27 13:00:24.001395,26.5,1.0412,2,"aoml_apex",1023.76476644445
"4903625",22,0.0841311332200438,5,0.1168,1,0.073,1,0.000551000004634261,3,199.150129493054,1,1.9535314374031,31.6000003814697,1,26.6028003692627,36.07080078125,0.116800002753735,0.102200001478195,0.000551000004634261,189.34049987793,-84.8137,23.761,83.4499693249704,53,52,53,51,53,53,0.1387,8521,1.64861680440262,24,-85,0.0073,47,2022-03-27 13:00:24.001395,31.6000003814697,1.0412,2,"aoml_apex",1023.78695408079
"4903625",22,0.0841311332200438,5,0.1241,1,0.0803,1,0.000645000021904707,3,199.099846914816,1,1.95349022966016,36.9099998474121,1,26.6058006286621,36.070499420166,0.124099999666214,0.102200001478195,0.000645000021904707,189.292694091797,-84.8137,23.761,83.4499693249704,53,52,53,51,53,53,0.1387,8521,1.64861680440262,24,-85,0.0073,47,2022-03-27 13:00:24.001395,36.9099998474121,1.0412,2,"aoml_apex",1023.80855027257
"4903625",22,0.0841311332200438,5,0.1095,1,0.0657,1,0.000515999970957637,3,199.108160472277,1,1.95344996593717,41.8300018310547,1,26.6058006286621,36.070499420166,0.109499998390675,0.102200001478195,0.000515999970957637,189.300598144531,-84.8137,23.761,83.4499693249704,53,52,53,51,53,53,0.1387,8521,1.64861680440262,24,-85,0.0073,47,2022-03-27 13:00:24.001395,41.8300018310547,1.0412,2,"aoml_apex",1023.82965260157
"4903625",22,0.0841311332200438,5,0.1022,1,0.0584,1,0.000538999971468002,3,199.046948294364,1,1.95341205714561,46.2999992370605,1,26.6028995513916,36.0702018737793,0.102200001478195,0.102200001478195,0.000538999971468002,189.242401123047,-84.8137,23.761,83.4499693249704,53,52,53,51,53,53,0.1387,8521,1.64861680440262,24,-85,0.0073,47,2022-03-27 13:00:24.001395,46.2999992370605,1.0412,2,"aoml_apex",1023.84952149956
"4903625",22,0.0841311332200438,5,0.1168,1,0.073,1,0.000538999971468002,3,198.951551024958,1,1.95337123822212,51.2799987792969,1,26.6049003601074,36.0710983276367,0.116800002753735,0.102200001478195,0.000538999971468002,189.151702880859,-84.8137,23.761,83.4499693249704,53,52,53,51,53,53,0.1387,8521,1.64861680440262,24,-85,0.0073,47,2022-03-27 13:00:24.001395,51.2799987792969,1.0412,2,"aoml_apex",1023.87091652907
"4903625",22,0.0841311332200438,5,0.1314,1,0.0876,1,0.000621000013779849,3,198.99571880514,1,1.95332505420375,56.810001373291,1,26.6023998260498,36.0707015991211,0.131400004029274,0.102200001478195,0.000621000013779849,189.193695068359,-84.8137,23.761,83.4499693249704,53,52,53,51,53,53,0.1387,8521,1.64861680440262,24,-85,0.0073,47,2022-03-27 13:00:24.001395,56.810001373291,1.0412,2,"aoml_apex",1023.89512472376
"4903625",22,0.0841311332200438,5,0.1095,1,0.0657,1,0.000526999996509403,3,198.997099048271,1,1.95328663265497,61.6199989318848,1,26.6032009124756,36.0704002380371,0.109499998390675,0.102200001478195,0.000526999996509403,189.195007324219,-84.8137,23.761,83.4499693249704,53,52,53,51,53,53,0.1387,8521,1.64861680440262,24,-85,0.0073,47,2022-03-27 13:00:24.001395,61.6199989318848,1.0412,2,"aoml_apex",1023.91526495092
"4903625",22,0.0841311332200438,5,0.1314,1,0.0876,1,0.00047999998787418,3,198.70700725074,1,1.95323937028222,66.629997253418,1,26.6079998016357,36.0768013000488,0.131400004029274,0.102200001478195,0.00047999998787418,188.919204711914,-84.8137,23.761,83.4499693249704,53,52,53,51,53,53,0.1387,8521,1.64861680440262,24,-85,0.0073,47,2022-03-27 13:00:24.001395,66.629997253418,1.0412,2,"aoml_apex",1023.94004054456
"4903625",22,0.0841311332200438,5,0.1314,1,0.0876,1,0.00056299997959286,3,198.482974531419,1,1.9532000850799,71.7600021362305,1,26.6093006134033,36.0755004882812,0.131400004029274,0.102200001478195,0.00056299997959286,188.706207275391,-84.8137,23.761,83.4499693249704,53,52,53,51,53,53,0.1387,8521,1.64861680440262,24,-85,0.0073,47,2022-03-27 13:00:24.001395,71.7600021362305,1.0412,2,"aoml_apex",1023.96063530695
"4903625",22,0.0841311332200438,5,0.1533,1,0.1095,1,0.00056299997959286,3,197.905310682537,1,1.9531468429555,76.8399963378906,1,26.6117992401123,36.0847015380859,0.153300002217293,0.124099999666214,0.00056299997959286,188.156997680664,-84.8137,23.761,83.4499693249704,53,52,53,51,53,53,0.1387,8521,1.64861680440262,24,-85,0.0073,47,2022-03-27 13:00:24.001395,76.8399963378906,1.0412,2,"aoml_apex",1023.98854812862
"4903625",22,0.0841311332200438,5,0.1825,1,0.1387,1,0.000574000005144626,3,197.121091844211,1,1.95310432590706,81.4800033569336,1,26.613000869751,36.0884017944336,0.182500004768372,0.153300002217293,0.000574000005144626,187.411407470703,-84.8137,23.761,83.4499693249704,53,52,53,51,53,53,0.1387,8521,1.64861680440262,24,-85,0.0073,47,2022-03-27 13:00:24.001395,81.4800033569336,1.0412,2,"aoml_apex",1024.01083929358
"4903625",22,0.119554768260062,1,0.2409,1,0.1971,1,0.000598000013269484,3,196.189395632301,1,1.95300432494468,86.5,1,26.5932998657227,36.1211013793945,0.240899994969368,0.21170000731945,0.000598000013269484,186.525604248047,-84.8137,23.761,83.4499693249704,53,52,53,51,53,53,0.1971,8521,1.64861680440262,24,-85,0.0073,47,2022-03-27 13:00:24.001395,86.5,1.0412,2,"aoml_apex",1024.06327239273
"4903625",22,0.168262266440088,1,0.3212,1,0.2774,1,0.000632999988738447,3,195.628037911568,1,1.95292576589759,91.8000030517578,1,26.5716991424561,36.1365013122559,0.321200013160706,0.291999995708466,0.000632999988738447,185.991897583008,-84.8137,23.761,83.4499693249704,53,52,53,51,53,53,0.2774,8521,1.64861680440262,24,-85,0.0073,47,2022-03-27 13:00:24.001395,91.8000030517578,1.0412,2,"aoml_apex",1024.10446670551
"4903625",22,0.239109536520124,1,0.438,1,0.3942,1,0.00245600007474422,3,192.576737632366,1,1.95277304900558,96.6999969482422,1,26.5018005371094,36.1853981018066,0.437999993562698,0.408800005912781,0.00245600007474422,183.090896606445,-84.8137,23.761,83.4499693249704,53,52,53,51,53,53,0.3942,8521,1.64861680440262,24,-85,0.0073,47,2022-03-27 13:00:24.001395,96.6999969482422,1.0412,2,"aoml_apex",1024.18455693992
"4903625",22,0.190402038340099,4,0.3577,1,0.3139,1,0.000608999980613589,3,192.471357674269,1,1.95263638904301,101.690002441406,1,26.378999710083,36.2004013061523,0.357699990272522,0.328500002622604,0.000608999980613589,182.990707397461,-84.8137,23.761,83.4499693249704,53,52,53,51,53,53,0.3139,8521,1.64861680440262,24,-85,0.0073,47,2022-03-27 13:00:24.001395,101.690002441406,1.0412,2,"aoml_apex",1024.25623696392
"4903625",22,0.234681582140122,1,0.4307,1,0.3869,1,0.000608999980613589,3,190.320826531245,1,1.95250323083171,111.690002441406,1,26.3535003662109,36.2254981994629,0.4307000041008,0.40149998664856,0.000608999980613589,180.946105957031,-84.8137,23.761,83.4499693249704,53,52,53,51,53,53,0.3869,8521,1.64861680440262,24,-85,0.0073,47,2022-03-27 13:00:24.001395,111.690002441406,1.0412,2,"aoml_apex",1024.32608992307
"4903625",22,0.199257947100104,1,0.3723,1,0.3285,1,0.000621000013779849,3,182.531649113801,1,1.95217751420864,121.849998474121,1,26.2339000701904,36.3442001342773,0.372299998998642,0.343100011348724,0.000621000013779849,173.540603637695,-84.8137,23.761,83.4499693249704,53,52,53,51,53,53,0.3285,8521,1.64861680440262,24,-85,0.0073,47,2022-03-27 13:00:24.001395,121.849998474121,1.0412,2,"aoml_apex",1024.49699652992
"4903625",22,0.203685901480106,1,0.3796,1,0.3358,1,0.000691000022925436,3,177.317925131575,1,1.95200461607535,131.399993896484,1,26.1490001678467,36.374698638916,0.379599988460541,0.350400000810623,0.000691000022925436,168.583694458008,-84.8137,23.761,83.4499693249704,53,52,53,51,53,53,0.3358,8521,1.64861680440262,24,-85,0.0073,47,2022-03-27 13:00:24.001395,131.399993896484,1.0412,2,"aoml_apex",1024.58774099682
"4903625",22,0.101842950740053,1,0.2117,1,0.1679,1,0.000584999972488731,3,164.461457898471,1,1.95132087667748,141.800003051758,1,25.8763999938965,36.6777000427246,0.21170000731945,0.182500004768372,0.000584999972488731,156.360504150391,-84.8137,23.761,83.4499693249704,53,52,53,51,53,53,0.1679,8521,1.64861680440262,24,-85,0.0073,47,2022-03-27 13:00:24.001395,141.800003051758,1.0412,2,"aoml_apex",1024.94675473642
"4903625",22,0.0487074981800254,1,0.1241,1,0.0803,1,0.000479000009363517,3,160.773079118411,1,1.95066447616616,151.309997558594,1,25.2546997070312,36.823600769043,0.124099999666214,0.0948999971151352,0.000479000009363517,152.853805541992,-84.8137,23.761,83.4499693249704,53,52,53,51,53,53,0.0803,8521,1.64861680440262,24,-85,0.0073,47,2022-03-27 13:00:24.001395,151.309997558594,1.0412,2,"aoml_apex",1025.29165032564
"4903625",22,0.0221397719000115,1,0.0803,1,0.0365,1,0.000395999988541007,3,158.992260542354,1,1.95019625338133,161.740005493164,1,24.7700996398926,36.8926010131836,0.0803000032901764,0.0511000007390976,0.000395999988541007,151.160705566406,-84.8137,23.761,83.4499693249704,53,52,53,51,53,53,0.0365,8521,1.64861680440262,24,-85,0.0073,47,2022-03-27 13:00:24.001395,161.740005493164,1.0412,2,"aoml_apex",1025.53781268542
"4903625",22,0.00885590876000461,1,0.0584,1,0.0146,1,0.000372000009519979,3,157.086899097757,1,1.9498526737328,171.679992675781,1,24.3656005859375,36.9121017456055,0.0584000013768673,0.0292000006884336,0.000372000009519979,149.349197387695,-84.8137,23.761,83.4499693249704,53,52,53,51,53,53,0.0146,8521,1.64861680440262,24,-85,0.0073,47,2022-03-27 13:00:24.001395,171.679992675781,1.0412,2,"aoml_apex",1025.71852065684
"4903625",22,-0.00442795438000231,1,0.0365,1,-0.0073,1,0.000407000014092773,3,156.797240632372,1,1.94939676841439,181.240005493164,1,23.8528995513916,36.9706001281738,0.0364999994635582,0.00730000017210841,0.000407000014092773,149.073806762695,-84.8137,23.761,83.4499693249704,53,52,53,51,53,53,-0.0073,8521,1.64861680440262,24,-85,0.0073,47,2022-03-27 13:00:24.001395,181.240005493164,1.0412,2,"aoml_apex",1025.95840539264
"4903625",22,0,1,0.0438,1,0,1,0.000337000004947186,3,155.108657605991,1,1.94906442495617,191.639999389648,1,23.4178009033203,36.9714012145996,0.0438000001013279,0.0146000003442168,0.000337000004947186,147.468399047852,-84.8137,23.761,83.4499693249704,53,52,53,51,53,53,0,8521,1.64861680440262,24,-85,0.0073,47,2022-03-27 13:00:24.001395,191.639999389648,1.0412,2,"aoml_apex",1026.13334602574
"4903625",22,-0.00885590876000461,1,0.0292,1,-0.0146,1,0.000372000009519979,3,155.592288379258,1,1.94856001795398,201.520004272461,1,22.6667003631592,36.9749984741211,0.0292000006884336,0,0.000372000009519979,147.928207397461,-84.8137,23.761,83.4499693249704,53,52,53,51,53,53,-0.0146,8521,1.64861680440262,24,-85,0.0073,47,2022-03-27 13:00:24.001395,201.520004272461,1.0412,2,"aoml_apex",1026.398972355
"4903625",22,0,1,0.0292,1,-0.0146,1,0.000325000000884756,3,156.186659589757,1,1.94831172430731,209.080001831055,1,22.294900894165,36.9627990722656,0.0292000006884336,0,0.000325000000884756,148.493301391602,-84.8137,23.761,83.4499693249704,53,52,53,51,53,53,0,8521,1.64861680440262,24,-85,0.0073,47,2022-03-27 13:00:24.001395,209.080001831055,1.0412,2,"aoml_apex",1026.52977706176
"4903625",22,0,1,0.0365,1,-0.0073,1,0.000335999997332692,3,152.994943646012,1,1.94793071630029,221.210006713867,1,21.5998001098633,36.8974990844727,0.0364999994635582,0,0.000335999997332692,145.458801269531,-84.8137,23.761,83.4499693249704,53,52,53,51,53,53,0,8521,1.64861680440262,24,-85,0.0073,47,2022-03-27 13:00:24.001395,221.210006713867,1.0412,2,"aoml_apex",1026.73056247021
"4903625",22,0,1,0.0292,1,-0.0146,1,0.000323999993270263,3,152.202298904853,1,1.9475299601935,230.470001220703,1,20.7749004364014,36.8202018737793,0.0292000006884336,0,0.000323999993270263,144.705200195312,-84.8137,23.761,83.4499693249704,53,52,53,51,53,53,0,8521,1.64861680440262,24,-85,0.0073,47,2022-03-27 13:00:24.001395,230.470001220703,1.0412,2,"aoml_apex",1026.94183960142
"4903625",22,0,1,0.0292,1,-0.0146,1,0.000312999996822327,3,152.689604976688,1,1.94730919666861,241.380004882812,1,20.4099998474121,36.7797012329102,0.0292000006884336,0,0.000312999996822327,145.168502807617,-84.8137,23.761,83.4499693249704,53,52,53,51,53,53,0,8521,1.64861680440262,24,-85,0.0073,47,2022-03-27 13:00:24.001395,241.380004882812,1.0412,2,"aoml_apex",1027.05826245854
"4903625",22,0,1,0.0219,1,-0.0219,1,0.000311999989207834,3,154.276467294203,1,1.94707918242464,251.789993286133,1,19.9873008728027,36.7294006347656,0.0219000000506639,0,0.000311999989207834,146.677200317383,-84.8137,23.761,83.4499693249704,53,52,53,51,53,53,0,8521,1.64861680440262,24,-85,0.0073,47,2022-03-27 13:00:24.001395,251.789993286133,1.0412,2,"aoml_apex",1027.17959190004
"4903625",22,0,1,0.0292,1,-0.0146,1,0.000311999989207834,3,154.870212580491,1,1.94691808117417,261.839996337891,1,19.7679996490479,36.7065010070801,0.0292000006884336,0,0.000311999989207834,147.24169921875,-84.8137,23.761,83.4499693249704,53,52,53,51,53,53,0,8521,1.64861680440262,24,-85,0.0073,47,2022-03-27 13:00:24.001395,261.839996337891,1.0412,2,"aoml_apex",1027.26458772925
"4903625",22,0,1,0.0292,1,-0.0146,1,0.000311999989207834,3,154.856955826701,1,1.9467260332804,271.109985351562,1,19.4044990539551,36.6598014831543,0.0292000006884336,0,0.000311999989207834,147.229095458984,-84.8137,23.761,83.4499693249704,53,52,53,51,53,53,0,8521,1.64861680440262,24,-85,0.0073,47,2022-03-27 13:00:24.001395,271.109985351562,1.0412,2,"aoml_apex",1027.36592915945
"4903625",22,0,1,0.0292,1,-0.0146,1,0.000288999988697469,3,156.245143380086,1,1.94658518271121,281.220001220703,1,19.2224006652832,36.6366996765137,0.0292000006884336,0,0.000288999988697469,148.548904418945,-84.8137,23.761,83.4499693249704,53,52,53,51,53,53,0,8521,1.64861680440262,24,-85,0.0073,47,2022-03-27 13:00:24.001395,281.220001220703,1.0412,2,"aoml_apex",1027.44026707035
"4903625",22,0,1,0.0292,1,-0.0146,1,0.000300000014249235,3,157.142333513728,1,1.94640977800171,291.399993896484,1,18.9051990509033,36.5912017822266,0.0292000006884336,0,0.000300000014249235,149.401901245117,-84.8137,23.761,83.4499693249704,53,52,53,51,53,53,0,8521,1.64861680440262,24,-85,0.0073,47,2022-03-27 13:00:24.001395,291.399993896484,1.0412,2,"aoml_apex",1027.53285695744
"4903625",22,0,1,0.0219,1,-0.0219,1,0.000346999993780628,3,156.557624005145,1,1.94624782688613,301.820007324219,1,18.6483001708984,36.5564994812012,0.0219000000506639,0,0.000346999993780628,148.845993041992,-84.8137,23.761,83.4499693249704,53,52,53,51,53,53,0,8521,1.64861680440262,24,-85,0.0073,47,2022-03-27 13:00:24.001395,301.820007324219,1.0412,2,"aoml_apex",1027.6183599906
"4903625",22,0,1,0.0219,1,-0.0219,1,0.000323999993270263,3,155.322065663074,1,1.94610849001487,311.730010986328,1,18.4435997009277,36.5273017883301,0.0219000000506639,0,0.000323999993270263,147.671295166016,-84.8137,23.761,83.4499693249704,53,52,53,51,53,53,0,8521,1.64861680440262,24,-85,0.0073,47,2022-03-27 13:00:24.001395,311.730010986328,1.0412,2,"aoml_apex",1027.69193509079
"4903625",22,0,1,0.0292,1,-0.0146,1,0.000311999989207834,3,154.294025270773,1,1.94597331121094,321.140014648438,1,18.214599609375,36.4903984069824,0.0292000006884336,0,0.000311999989207834,146.693893432617,-84.8137,23.761,83.4499693249704,53,52,53,51,53,53,0,8521,1.64861680440262,24,-85,0.0073,47,2022-03-27 13:00:24.001395,321.140014648438,1.0412,2,"aoml_apex",1027.76332464469
"4903625",22,0,1,0.0292,1,-0.0146,1,0.000381999998353422,3,153.845863536098,1,1.94581276041874,331,1,17.9118003845215,36.4445991516113,0.0292000006884336,0,0.000381999998353422,146.267807006836,-84.8137,23.761,83.4499693249704,53,52,53,51,53,53,0,8521,1.64861680440262,24,-85,0.0073,47,2022-03-27 13:00:24.001395,331,1.0412,2,"aoml_apex",1027.8481263375
"4903625",22,0,1,0.0365,1,-0.0073,1,0.000358999997843057,3,153.108749506941,1,1.94567080108814,341.209991455078,1,17.6965007781982,36.4136009216309,0.0364999994635582,0,0.000358999997843057,145.567001342773,-84.8137,23.761,83.4499693249704,53,52,53,51,53,53,0,8521,1.64861680440262,24,-85,0.0073,47,2022-03-27 13:00:24.001395,341.209991455078,1.0412,2,"aoml_apex",1027.92311982144
"4903625",22,0,1,0.0292,1,-0.0146,1,0.000334999989718199,3,150.399813721511,1,1.94551809207823,351.260009765625,1,17.3950004577637,36.3633995056152,0.0292000006884336,0,0.000334999989718199,142.991500854492,-84.8137,23.761,83.4499693249704,53,52,53,51,53,53,0,8521,1.64861680440262,24,-85,0.0073,47,2022-03-27 13:00:24.001395,351.260009765625,1.0412,2,"aoml_apex",1028.00380430468
"4903625",22,0,1,0.0365,1,-0.0073,1,0.000346999993780628,3,149.193384929234,1,1.94535052676273,360.380004882812,1,17.015100479126,36.3045997619629,0.0364999994635582,0,0.000346999993780628,141.844497680664,-84.8137,23.761,83.4499693249704,53,52,53,51,53,53,0,8521,1.64861680440262,24,-85,0.0073,47,2022-03-27 13:00:24.001395,360.380004882812,1.0412,2,"aoml_apex",1028.09235275877
"4903625",22,0,1,0.0292,1,-0.0146,1,0.000334999989718199,3,146.335719921799,1,1.94506657714099,381.920013427734,1,16.5307998657227,36.2238998413086,0.0292000006884336,0,0.000334999989718199,139.127593994141,-84.8137,23.761,83.4499693249704,53,52,53,51,53,53,0,8521,1.64861680440262,24,-85,0.0073,47,2022-03-27 13:00:24.001395,381.920013427734,1.0412,2,"aoml_apex",1028.24243833327
"4903625",22,0,1,0.0292,1,-0.0146,1,0.000357999990228564,3,143.59229410744,1,1.94482166130391,401,1,16.1236000061035,36.1567001342773,0.0292000006884336,0,0.000357999990228564,136.519302368164,-84.8137,23.761,83.4499693249704,53,52,53,51,53,53,0,8521,1.64861680440262,24,-85,0.0073,47,2022-03-27 13:00:24.001395,401,1.0412,2,"aoml_apex",1028.37192725378
"4903625",22,0,1,0.0292,1,-0.0146,1,0.000334000011207536,3,139.191308638463,1,1.94415570533184,451.089996337891,1,14.9024000167847,35.959300994873,0.0292000006884336,0,0.000334000011207536,132.335098266602,-84.8137,23.761,83.4499693249704,53,52,53,51,53,53,0,8521,1.64861680440262,24,-85,0.0073,47,2022-03-27 13:00:24.001395,451.089996337891,1.0412,2,"aoml_apex",1028.72418835333
"4903625",22,0,1,0.0365,1,-0.0073,1,0.000345000007655472,3,126.527521741473,1,1.94349959895176,501.339996337891,1,13.5160999298096,35.7240982055664,0.0364999994635582,0,0.000345000007655472,120.295097351074,-84.8137,23.761,83.4499693249704,53,52,53,51,53,53,0,8521,1.64861680440262,24,-85,0.0073,47,2022-03-27 13:00:24.001395,501.339996337891,1.0412,2,"aoml_apex",1029.07147553759
"4903625",22,0,1,0.0365,1,-0.0073,1,0.000331999995978549,3,122.829047927352,1,1.94286703337955,550.210021972656,1,12.1437997817993,35.5059013366699,0.0364999994635582,0,0.000331999995978549,116.778800964355,-84.8137,23.761,83.4499693249704,53,52,53,51,53,53,0,8521,1.64861680440262,24,-85,0.0073,47,2022-03-27 13:00:24.001395,550.210021972656,1.0412,2,"aoml_apex",1029.40652429573
"4903625",22,0,1,0.0438,1,0,1,0.000342999992426485,3,118.586678073036,1,1.94217917036474,601.27001953125,1,10.4161996841431,35.2477989196777,0.0438000001013279,0,0.000342999992426485,112.745399475098,-84.8137,23.761,83.4499693249704,53,52,53,51,53,53,0,8521,1.64861680440262,24,-85,0.0073,47,2022-03-27 13:00:24.001395,601.27001953125,1.0412,2,"aoml_apex",1029.77110995604
"4903625",22,0,1,0.0365,1,-0.0073,1,0.000353999988874421,3,118.035319090332,1,1.94164417658096,650.799987792969,1,9.59689998626709,35.1346015930176,0.0364999994635582,0,0.000353999988874421,112.221199035645,-84.8137,23.761,83.4499693249704,53,52,53,51,53,53,0,8521,1.64861680440262,24,-85,0.0073,47,2022-03-27 13:00:24.001395,650.799987792969,1.0412,2,"aoml_apex",1030.05484945331
"4903625",22,0,1,0.0438,1,0,1,0.000446999998530373,3,118.790312082833,1,1.94111138997516,701.119995117188,1,8.8814001083374,35.0457992553711,0.0438000001013279,0,0.000446999998530373,112.939002990723,-84.8137,23.761,83.4499693249704,53,52,53,51,53,53,0,8521,1.64861680440262,24,-85,0.0073,47,2022-03-27 13:00:24.001395,701.119995117188,1.0412,2,"aoml_apex",1030.33757378838
"4903625",22,0,1,0.0438,1,0,1,0.000352000002749264,3,119.312108183598,1,1.94056168664206,751.830017089844,1,8.27700042724609,34.9957008361816,0.0438000001013279,0,0.000352000002749264,113.435096740723,-84.8137,23.761,83.4499693249704,53,52,53,51,53,53,0,8521,1.64861680440262,24,-85,0.0073,47,2022-03-27 13:00:24.001395,751.830017089844,1.0412,2,"aoml_apex",1030.6294377381
"4903625",22,0,1,0.0511,1,0.0073,1,0.0003629999991972,3,121.949632436353,1,1.94005642077434,801.25,1,7.82490015029907,34.9585990905762,0.0511000007390976,0,0.0003629999991972,115.94270324707,-84.8137,23.761,83.4499693249704,53,52,53,51,53,53,0,8521,1.64861680440262,24,-85,0.0073,47,2022-03-27 13:00:24.001395,801.25,1.0412,2,"aoml_apex",1030.89785357981
"4903625",22,0,1,0.0438,1,0,1,0.000373999995645136,3,126.919639185305,1,1.9395262973517,851.469970703125,1,7.31790018081665,34.9244995117188,0.0438000001013279,0,0.000373999995645136,120.667900085449,-84.8137,23.761,83.4499693249704,53,52,53,51,53,53,0,8521,1.64861680440262,24,-85,0.0073,47,2022-03-27 13:00:24.001395,851.469970703125,1.0412,2,"aoml_apex",1031.17962500992
"4903625",22,0,1,0.0438,1,0,1,0.000361999991582707,3,134.790226873454,1,1.93896406996558,901.469970703125,1,6.75299978256226,34.9044990539551,0.0438000001013279,0,0.000361999991582707,128.150802612305,-84.8137,23.761,83.4499693249704,53,52,53,51,53,53,0,8521,1.64861680440262,24,-85,0.0073,47,2022-03-27 13:00:24.001395,901.469970703125,1.0412,2,"aoml_apex",1031.47862870688
"4903625",22,0,1,0.0438,1,0,1,0.000384999992093071,3,141.141255146049,1,1.93843503105347,951.75,1,6.38520002365112,34.9019012451172,0.0438000001013279,0,0.000384999992093071,134.188995361328,-84.8137,23.761,83.4499693249704,53,52,53,51,53,53,0,8521,1.64861680440262,24,-85,0.0073,47,2022-03-27 13:00:24.001395,951.75,1.0412,2,"aoml_apex",1031.76014050524
"4903625",22,0,1,0.0438,1,0,1,0.000372000009519979,3,148.385814303056,1,1.93793585938152,998.219970703125,1,6.03389978408813,34.9053993225098,0.0438000001013279,0,0.000372000009519979,141.076705932617,-84.8137,23.761,83.4499693249704,53,52,53,51,53,53,0,8521,1.64861680440262,24,-85,0.0073,47,2022-03-27 13:00:24.001395,998.219970703125,1.0412,2,"aoml_apex",1032.02590029903
"4903625",22,0,1,0.0438,1,0,1,0.000323999993270263,3,163.227360046225,1,1.9369069175654,1098.92004394531,1,5.47399997711182,34.9185981750488,0.0438000001013279,0,0.000323999993270263,155.187194824219,-84.8137,23.761,83.4499693249704,53,52,53,51,53,53,0,8521,1.64861680440262,24,-85,0.0073,47,2022-03-27 13:00:24.001395,1098.92004394531,1.0412,2,"aoml_apex",1032.57414275432
"4903625",22,0,1,0.0511,1,0.0073,1,0.000334999989718199,3,176.293046459004,1,1.93591761249642,1200.05004882812,1,5.0625,34.9325981140137,0.0511000007390976,0,0.000334999989718199,167.609298706055,-84.8137,23.761,83.4499693249704,53,52,53,51,53,53,0,8521,1.64861680440262,24,-85,0.0073,47,2022-03-27 13:00:24.001395,1200.05004882812,1.0412,2,"aoml_apex",1033.10181543364
"4903625",22,0,1,0.0365,1,-0.0073,1,0.000334999989718199,3,189.358315588975,1,1.93495771855266,1300.26000976562,1,4.72119998931885,34.9464988708496,0.0364999994635582,0,0.000334999989718199,180.031005859375,-84.8137,23.761,83.4499693249704,53,52,53,51,53,53,0,8521,1.64861680440262,24,-85,0.0073,47,2022-03-27 13:00:24.001395,1300.26000976562,1.0412,2,"aoml_apex",1033.61431664563
"4903625",22,0,1,0.0438,1,0,1,0.000311000010697171,3,195.747107955601,1,1.93407052253086,1399.2900390625,1,4.56379985809326,34.9527015686035,0.0438000001013279,0,0.000311000010697171,186.105102539062,-84.8137,23.761,83.4499693249704,53,52,53,51,53,53,0,8521,1.64861680440262,24,-85,0.0073,47,2022-03-27 13:00:24.001395,1399.2900390625,1.0412,2,"aoml_apex",1034.08845577299
"4903625",22,0,1,0.0438,1,0,1,0.000322000007145107,3,202.493720329194,1,1.93317598876012,1499.31994628906,1,4.40990018844604,34.9599990844727,0.0438000001013279,0,0.000322000007145107,192.519393920898,-84.8137,23.761,83.4499693249704,53,52,53,51,53,53,0,8521,1.64861680440262,24,-85,0.0073,47,2022-03-27 13:00:24.001395,1499.31994628906,1.0412,2,"aoml_apex",1034.56695698085
"4903625",22,0,1,0.0511,1,0.0073,1,0.000287000002572313,3,205.034154107306,1,1.93231888773863,1599.5,1,4.36549997329712,34.9625015258789,0.0511000007390976,0,0.000287000002572313,194.934692382812,-84.8137,23.761,83.4499693249704,53,52,53,51,53,53,0,8521,1.64861680440262,24,-85,0.0073,47,2022-03-27 13:00:24.001395,1599.5,1.0412,2,"aoml_apex",1035.02585038672
"4903625",22,0,1,0.0511,1,0.0073,1,0.000299000006634742,3,207.196369168925,1,1.93147253198985,1699.19995117188,1,4.33580017089844,34.9646987915039,0.0511000007390976,0,0.000299000006634742,196.99040222168,-84.8137,23.761,83.4499693249704,53,52,53,51,53,53,0,8521,1.64861680440262,24,-85,0.0073,47,2022-03-27 13:00:24.001395,1699.19995117188,1.0412,2,"aoml_apex",1035.47939040042
"4903625",22,0,1,0.0438,1,0,1,0.000262999994447455,3,208.373138783231,1,1.93063400565849,1799.08996582031,1,4.3253002166748,34.9656982421875,0.0438000001013279,0,0.000262999994447455,198.10920715332,-84.8137,23.761,83.4499693249704,53,52,53,51,53,53,0,8521,1.64861680440262,24,-85,0.0073,47,2022-03-27 13:00:24.001395,1799.08996582031,1.0412,2,"aoml_apex",1035.92912698015
"4903625",22,0,1,0.0438,1,0,1,0.000310000003082678,3,210.026477461762,1,1.92979101896792,1899.66003417969,1,4.31160020828247,34.9668998718262,0.0438000001013279,0,0.000310000003082678,199.681106567383,-84.8137,23.761,83.4499693249704,53,52,53,51,53,53,0,8521,1.64861680440262,24,-85,0.0073,47,2022-03-27 13:00:24.001395,1899.66003417969,1.0412,2,"aoml_apex",1036.38164979627
"4903625",23,0.0132838631400069,5,0.0511,1,0.0073,1,0.000503999995999038,3,199.670214953497,1,1.95404043368664,7.82999992370605,1,27.0496997833252,36.0416984558105,0.0511000007390976,0.0219000000506639,0.000503999995999038,189.72900390625,-84.8031,23.9406,27.8200915028409,53,52,53,51,53,53,0.0219,8521,1.64861680440262,24,-85,0.0073,47,2022-04-06 20:17:27.002171,7.82999992370605,1.0412,2,"aoml_apex",1023.52027395188
"4903625",23,0.0132838631400069,5,0.0511,1,0.0073,1,0.000598000013269484,3,199.505826113271,1,1.95400303985468,11.6999998092651,1,27.0377998352051,36.040599822998,0.0511000007390976,0.0219000000506639,0.000598000013269484,189.572799682617,-84.8031,23.9406,27.8200915028409,53,52,53,51,53,53,0.0219,8521,1.64861680440262,24,-85,0.0073,47,2022-04-06 20:17:27.002171,11.6999998092651,1.0412,2,"aoml_apex",1023.53986109906
"4903625",23,0.0132838631400069,5,0.0584,1,0.0146,1,0.000574000005144626,3,199.482140117439,1,1.95393864221417,16.6499996185303,1,27.0013999938965,36.0416984558105,0.0584000013768673,0.0292000006884336,0.000574000005144626,189.55029296875,-84.8031,23.9406,27.8200915028409,53,52,53,51,53,53,0.0219,8521,1.64861680440262,24,-85,0.0073,47,2022-04-06 20:17:27.002171,16.6499996185303,1.0412,2,"aoml_apex",1023.57359478475
"4903625",23,0.0132838631400069,5,0.0657,1,0.0219,1,0.000574000005144626,3,199.39059173626,1,1.95388086733706,21.8999996185303,1,26.9790992736816,36.0424995422363,0.065700002014637,0.0364999994635582,0.000574000005144626,189.463302612305,-84.8031,23.9406,27.8200915028409,53,52,53,51,53,53,0.0219,8521,1.64861680440262,24,-85,0.0073,47,2022-04-06 20:17:27.002171,21.8999996185303,1.0412,2,"aoml_apex",1023.60386113294
"4903625",23,0.0132838631400069,5,0.0657,1,0.0219,1,0.000515999970957637,3,199.503834883791,1,1.95382632684461,26.9400005340576,1,26.9601993560791,36.043701171875,0.065700002014637,0.0364999994635582,0.000515999970957637,189.570907592773,-84.8031,23.9406,27.8200915028409,53,52,53,51,53,53,0.0219,8521,1.64861680440262,24,-85,0.0073,47,2022-04-06 20:17:27.002171,26.9400005340576,1.0412,2,"aoml_apex",1023.63243473639
"4903625",23,0.00885590876000461,1,0.0584,1,0.0146,1,0.000551000004634261,3,199.508668432771,1,1.95378001693129,31.8500003814697,1,26.9496994018555,36.0434989929199,0.0584000013768673,0.0292000006884336,0.000551000004634261,189.575500488281,-84.8031,23.9406,27.8200915028409,53,52,53,51,53,53,0.0146,8521,1.64861680440262,24,-85,0.0073,47,2022-04-06 20:17:27.002171,31.8500003814697,1.0412,2,"aoml_apex",1023.65669761599
"4903625",23,0.0221397719000115,1,0.0803,1,0.0365,1,0.000515999970957637,3,199.521402666462,1,1.95372516886693,36.7999992370605,1,26.9333000183105,36.046501159668,0.0803000032901764,0.0511000007390976,0.000515999970957637,189.587600708008,-84.8031,23.9406,27.8200915028409,53,52,53,51,53,53,0.0365,8521,1.64861680440262,24,-85,0.0073,47,2022-04-06 20:17:27.002171,36.7999992370605,1.0412,2,"aoml_apex",1023.68543532656
"4903625",23,0.0177118175200092,1,0.073,1,0.0292,1,0.000551000004634261,3,199.789030331912,1,1.95366536041448,41.8199996948242,1,26.8817005157471,36.0376014709473,0.0729999989271164,0.0438000001013279,0.000551000004634261,189.841903686523,-84.8031,23.9406,27.8200915028409,53,52,53,51,53,53,0.0292,8521,1.64861680440262,24,-85,0.0073,47,2022-04-06 20:17:27.002171,41.8199996948242,1.0412,2,"aoml_apex",1023.71677387764
"4903625",23,0.0265677262800138,1,0.0876,1,0.0438,1,0.000575000012759119,3,200.35953363627,1,1.95357447855663,46.6599998474121,1,26.7299003601074,36.0088996887207,0.0876000002026558,0.0584000013768673,0.000575000012759119,190.384002685547,-84.8031,23.9406,27.8200915028409,53,52,53,51,53,53,0.0438,8521,1.64861680440262,24,-85,0.0073,47,2022-04-06 20:17:27.002171,46.6599998474121,1.0412,2,"aoml_apex",1023.7643980063
"4903625",23,0.0309956806600161,1,0.0949,1,0.0511,1,0.000528000004123896,3,200.336907488387,1,1.95352299534631,51.9500007629395,1,26.6844997406006,35.9953994750977,0.0948999971151352,0.065700002014637,0.000528000004123896,190.362503051758,-84.8031,23.9406,27.8200915028409,53,52,53,51,53,53,0.0511,8521,1.64861680440262,24,-85,0.0073,47,2022-04-06 20:17:27.002171,51.9500007629395,1.0412,2,"aoml_apex",1023.79137832747
"4903625",23,0.0309956806600161,1,0.0949,1,0.0511,1,0.000585999980103225,3,200.389835652633,1,1.9534796315222,56.6399993896484,1,26.6602001190186,35.9886016845703,0.0948999971151352,0.065700002014637,0.000585999980103225,190.412796020508,-84.8031,23.9406,27.8200915028409,53,52,53,51,53,53,0.0511,8521,1.64861680440262,24,-85,0.0073,47,2022-04-06 20:17:27.002171,56.6399993896484,1.0412,2,"aoml_apex",1023.81410470175
"4903625",23,0.044279543800023,1,0.1168,1,0.073,1,0.000575000012759119,3,200.272818804071,1,1.95343502482238,61.5999984741211,1,26.6537990570068,35.9887008666992,0.116800002753735,0.0876000002026558,0.000575000012759119,190.301605224609,-84.8031,23.9406,27.8200915028409,53,52,53,51,53,53,0.073,8521,1.64861680440262,24,-85,0.0073,47,2022-04-06 20:17:27.002171,61.5999984741211,1.0412,2,"aoml_apex",1023.83748350261
"4903625",23,0.044279543800023,1,0.1168,1,0.073,1,0.000715999980457127,3,200.211347623023,1,1.95339037503691,66.7900009155273,1,26.6497001647949,35.9884986877441,0.116800002753735,0.0876000002026558,0.000715999980457127,190.243194580078,-84.8031,23.9406,27.8200915028409,53,52,53,51,53,53,0.073,8521,1.64861680440262,24,-85,0.0073,47,2022-04-06 20:17:27.002171,66.7900009155273,1.0412,2,"aoml_apex",1023.86088595436
"4903625",23,0.0619913613200323,1,0.146,1,0.1022,1,0.000598000013269484,3,200.150422424252,1,1.953324411095,71.9300003051758,1,26.6637992858887,36.011100769043,0.145999997854233,0.116800002753735,0.000598000013269484,190.185302734375,-84.8031,23.9406,27.8200915028409,53,52,53,51,53,53,0.1022,8521,1.64861680440262,24,-85,0.0073,47,2022-04-06 20:17:27.002171,71.9300003051758,1.0412,2,"aoml_apex",1023.89546182902
"4903625",23,0.05756340694003,1,0.1387,1,0.0949,1,0.000632999988738447,3,200.071062294488,1,1.9532078611994,76.8600006103516,1,26.6590003967285,36.0620994567871,0.138699993491173,0.109499998390675,0.000632999988738447,190.109893798828,-84.8031,23.9406,27.8200915028409,53,52,53,51,53,53,0.0949,8521,1.64861680440262,24,-85,0.0073,47,2022-04-06 20:17:27.002171,76.8600006103516,1.0412,2,"aoml_apex",1023.95655871048
"4903625",23,0.0619913613200323,1,0.146,1,0.1022,1,0.000668000022415072,3,199.966362163759,1,1.95312546556477,81.370002746582,1,26.6340007781982,36.0831985473633,0.145999997854233,0.116800002753735,0.000668000022415072,190.010406494141,-84.8031,23.9406,27.8200915028409,53,52,53,51,53,53,0.1022,8521,1.64861680440262,24,-85,0.0073,47,2022-04-06 20:17:27.002171,81.370002746582,1.0412,2,"aoml_apex",1023.99975591004
"4903625",23,0.0664193157000346,1,0.1533,1,0.1095,1,0.000585999980103225,3,199.526766139417,1,1.95305811672959,86.7900009155273,1,26.6376991271973,36.1007995605469,0.153300002217293,0.124099999666214,0.000585999980103225,189.592697143555,-84.8031,23.9406,27.8200915028409,53,52,53,51,53,53,0.1095,8521,1.64861680440262,24,-85,0.0073,47,2022-04-06 20:17:27.002171,86.7900009155273,1.0412,2,"aoml_apex",1024.03506729693
"4903625",23,0.0708472700800369,1,0.1606,1,0.1168,1,0.000609999988228083,3,199.109186047472,1,1.95301126191135,91.5100021362305,1,26.6313991546631,36.1039009094238,0.160600006580353,0.131400004029274,0.000609999988228083,189.195907592773,-84.8031,23.9406,27.8200915028409,53,52,53,51,53,53,0.1168,8521,1.64861680440262,24,-85,0.0073,47,2022-04-06 20:17:27.002171,91.5100021362305,1.0412,2,"aoml_apex",1024.0596349878
"4903625",23,0.0974149963600507,1,0.2044,1,0.1606,1,0.000986000057309866,3,198.019212723335,1,1.95295474114332,96.4499969482422,1,26.6189994812012,36.1099014282227,0.20440000295639,0.175200000405312,0.000986000057309866,188.160202026367,-84.8031,23.9406,27.8200915028409,53,52,53,51,53,53,0.1606,8521,1.64861680440262,24,-85,0.0073,47,2022-04-06 20:17:27.002171,96.4499969482422,1.0412,2,"aoml_apex",1024.08927245756
"4903625",23,0.123982722640065,1,0.2482,1,0.2044,1,0.000691999972332269,3,196.865680638857,1,1.95287338968419,101.610000610352,1,26.5688991546631,36.1160011291504,0.248199999332428,0.218999996781349,0.000691999972332269,187.064102172852,-84.8031,23.9406,27.8200915028409,53,52,53,51,53,53,0.2044,8521,1.64861680440262,24,-85,0.0073,47,2022-04-06 20:17:27.002171,101.610000610352,1.0412,2,"aoml_apex",1024.13193326549
"4903625",23,0.216969764620113,1,0.4015,1,0.3577,1,0.000714999972842634,3,192.476866339941,1,1.95272027772531,111.779998779297,1,26.5676002502441,36.1641998291016,0.40149998664856,0.372299998998642,0.000714999972842634,182.893798828125,-84.8031,23.9406,27.8200915028409,53,52,53,51,53,53,0.3577,8521,1.64861680440262,24,-85,0.0073,47,2022-04-06 20:17:27.002171,111.779998779297,1.0412,2,"aoml_apex",1024.21223501083
"4903625",23,0.283389080320148,1,0.511,1,0.4672,1,0.000821000023279339,3,184.857731841985,1,1.95249994664692,121.680000305176,1,26.656400680542,36.298900604248,0.510999977588654,0.481799989938736,0.000821000023279339,175.654006958008,-84.8031,23.9406,27.8200915028409,53,52,53,51,53,53,0.4672,8521,1.64861680440262,24,-85,0.0073,47,2022-04-06 20:17:27.002171,121.680000305176,1.0412,2,"aoml_apex",1024.32781288145
"4903625",23,0.305528852220159,1,0.5475,1,0.5037,1,0.000737999973352998,3,174.400902635224,1,1.95214955891519,131.779998779297,1,26.5974006652832,36.4604988098145,0.547500014305115,0.518299996852875,0.000737999973352998,165.717803955078,-84.8031,23.9406,27.8200915028409,53,52,53,51,53,53,0.5037,8521,1.64861680440262,24,-85,0.0073,47,2022-04-06 20:17:27.002171,131.779998779297,1.0412,2,"aoml_apex",1024.51166759549
"4903625",23,0.252393399660131,1,0.4599,1,0.4161,1,0.000773000007029623,3,168.16165805039,1,1.95175493608622,141.809997558594,1,26.3516006469727,36.5745010375977,0.459899991750717,0.4307000041008,0.000773000007029623,159.789199829102,-84.8031,23.9406,27.8200915028409,53,52,53,51,53,53,0.4161,8521,1.64861680440262,24,-85,0.0073,47,2022-04-06 20:17:27.002171,141.809997558594,1.0412,2,"aoml_apex",1024.71881229645
"4903625",23,0.177118175200092,1,0.3358,1,0.292,1,0.000737999973352998,3,162.766967756268,1,1.95116918670714,151.889999389648,1,25.8432006835938,36.7122001647949,0.335799992084503,0.306600004434586,0.000737999973352998,154.663101196289,-84.8031,23.9406,27.8200915028409,53,52,53,51,53,53,0.292,8521,1.64861680440262,24,-85,0.0073,47,2022-04-06 20:17:27.002171,151.889999389648,1.0412,2,"aoml_apex",1025.02643728977
"4903625",23,0.146122494540076,1,0.2847,1,0.2409,1,0.000561000022571534,3,161.498939976683,1,1.95069917142637,161.110000610352,1,25.4146995544434,36.8096008300781,0.284700006246567,0.255499988794327,0.000561000022571534,153.458206176758,-84.8031,23.9406,27.8200915028409,53,52,53,51,53,53,0.2409,8521,1.64861680440262,24,-85,0.0073,47,2022-04-06 20:17:27.002171,161.110000610352,1.0412,2,"aoml_apex",1025.27341442278
"4903625",23,0.110698859500058,1,0.2263,1,0.1825,1,0.000571999989915639,3,154.590048129344,1,1.94998388872385,171.380004882812,1,24.4407005310059,36.8526992797852,0.226300001144409,0.19709999859333,0.000571999989915639,146.893295288086,-84.8031,23.9406,27.8200915028409,53,52,53,51,53,53,0.1825,8521,1.64861680440262,24,-85,0.0073,47,2022-04-06 20:17:27.002171,171.380004882812,1.0412,2,"aoml_apex",1025.64949975504
"4903625",23,0.0619913613200323,1,0.146,1,0.1022,1,0.000537000014446676,3,155.590143135737,1,1.94957244017982,181.429992675781,1,24.0678997039795,36.9327011108398,0.145999997854233,0.116800002753735,0.000537000014446676,147.843597412109,-84.8031,23.9406,27.8200915028409,53,52,53,51,53,53,0.1022,8521,1.64861680440262,24,-85,0.0073,47,2022-04-06 20:17:27.002171,181.429992675781,1.0412,2,"aoml_apex",1025.86595849474
"4903625",23,0.0265677262800138,1,0.0876,1,0.0438,1,0.000407000014092773,3,155.771152318801,1,1.94917293515086,191.050003051758,1,23.5058002471924,36.9337997436523,0.0876000002026558,0.0584000013768673,0.000407000014092773,148.015594482422,-84.8031,23.9406,27.8200915028409,53,52,53,51,53,53,0.0438,8521,1.64861680440262,24,-85,0.0073,47,2022-04-06 20:17:27.002171,191.050003051758,1.0412,2,"aoml_apex",1026.07622132061
"4903625",23,0.00442795438000231,1,0.0511,1,0.0073,1,0.000418999989051372,3,158.228088622741,1,1.94880574515183,201.559997558594,1,23.1658000946045,36.9966011047363,0.0511000007390976,0.0219000000506639,0.000418999989051372,150.350204467773,-84.8031,23.9406,27.8200915028409,53,52,53,51,53,53,0.0073,8521,1.64861680440262,24,-85,0.0073,47,2022-04-06 20:17:27.002171,201.559997558594,1.0412,2,"aoml_apex",1026.26955250698
"4903625",23,0,1,0.0438,1,0,1,0.000372000009519979,3,157.265875151378,1,1.94853511310674,209.350006103516,1,22.7506008148193,36.9799995422363,0.0438000001013279,0.0146000003442168,0.000372000009519979,149.435897827148,-84.8031,23.9406,27.8200915028409,53,52,53,51,53,53,0,8521,1.64861680440262,24,-85,0.0073,47,2022-04-06 20:17:27.002171,209.350006103516,1.0412,2,"aoml_apex",1026.41209108683
"4903625",23,-0.00442795438000231,1,0.0365,1,-0.0073,1,0.000465999997686595,3,154.412411189754,1,1.94795763540639,220.979995727539,1,21.7180004119873,36.9240989685059,0.0364999994635582,0.00730000017210841,0.000465999997686595,146.724502563477,-84.8031,23.9406,27.8200915028409,53,52,53,51,53,53,-0.0073,8521,1.64861680440262,24,-85,0.0073,47,2022-04-06 20:17:27.002171,220.979995727539,1.0412,2,"aoml_apex",1026.71637393323
"4903625",23,-0.00442795438000231,1,0.0365,1,-0.0073,1,0.000335999997332692,3,153.094602673165,1,1.94778844171341,231.210006713867,1,21.551700592041,36.921501159668,0.0364999994635582,0.00730000017210841,0.000335999997332692,145.472305297852,-84.8031,23.9406,27.8200915028409,53,52,53,51,53,53,-0.0073,8521,1.64861680440262,24,-85,0.0073,47,2022-04-06 20:17:27.002171,231.210006713867,1.0412,2,"aoml_apex",1026.80555915028
"4903625",23,0,1,0.0219,1,-0.0219,1,0.000325000000884756,3,153.127859417144,1,1.9475969547467,241.029998779297,1,21.2332000732422,36.8809013366699,0.0219000000506639,0,0.000325000000884756,145.50390625,-84.8031,23.9406,27.8200915028409,53,52,53,51,53,53,0,8521,1.64861680440262,24,-85,0.0073,47,2022-04-06 20:17:27.002171,241.029998779297,1.0412,2,"aoml_apex",1026.90651426907
"4903625",23,0,1,0.0292,1,-0.0146,1,0.000348000001395121,3,153.398216993978,1,1.94733293473275,251.690002441406,1,20.7329998016357,36.8208999633789,0.0292000006884336,0,0.000348000001395121,145.760803222656,-84.8031,23.9406,27.8200915028409,53,52,53,51,53,53,0,8521,1.64861680440262,24,-85,0.0073,47,2022-04-06 20:17:27.002171,251.690002441406,1.0412,2,"aoml_apex",1027.04574257841
"4903625",23,0,1,0.0292,1,-0.0146,1,0.000335999997332692,3,150.304697471883,1,1.94710655148867,261,1,20.3222999572754,36.777099609375,0.0292000006884336,0,0.000335999997332692,142.821304321289,-84.8031,23.9406,27.8200915028409,53,52,53,51,53,53,0,8521,1.64861680440262,24,-85,0.0073,47,2022-04-06 20:17:27.002171,261,1.0412,2,"aoml_apex",1027.16515358181
"4903625",23,0,1,0.0365,1,-0.0073,1,0.000559000007342547,3,153.981133365982,1,1.94687382203545,271.570007324219,1,19.8605003356934,36.714298248291,0.0364999994635582,0,0.000559000007342547,146.314697265625,-84.8031,23.9406,27.8200915028409,53,52,53,51,53,53,0,8521,1.64861680440262,24,-85,0.0073,47,2022-04-06 20:17:27.002171,271.570007324219,1.0412,2,"aoml_apex",1027.28794098685
"4903625",23,0,1,0.0219,1,-0.0219,1,0.000335999997332692,3,158.964345723018,1,1.94666544642263,281.260009765625,1,19.5102005004883,36.6806983947754,0.0219000000506639,0,0.000335999997332692,151.0498046875,-84.8031,23.9406,27.8200915028409,53,52,53,51,53,53,0,8521,1.64861680440262,24,-85,0.0073,47,2022-04-06 20:17:27.002171,281.260009765625,1.0412,2,"aoml_apex",1027.3979042857
"4903625",23,0,1,0.0292,1,-0.0146,1,0.000335999997332692,3,159.722907805132,1,1.94648740990344,291.470001220703,1,19.2087993621826,36.641300201416,0.0292000006884336,0,0.000335999997332692,151.770599365234,-84.8031,23.9406,27.8200915028409,53,52,53,51,53,53,0,8521,1.64861680440262,24,-85,0.0073,47,2022-04-06 20:17:27.002171,291.470001220703,1.0412,2,"aoml_apex",1027.4918757883
"4903625",23,0,1,0.0219,1,-0.0219,1,0.000323999993270263,3,158.972647865286,1,1.94630377747772,301.910003662109,1,18.8803997039795,36.5961990356445,0.0219000000506639,0,0.000323999993270263,151.057693481445,-84.8031,23.9406,27.8200915028409,53,52,53,51,53,53,0,8521,1.64861680440262,24,-85,0.0073,47,2022-04-06 20:17:27.002171,301.910003662109,1.0412,2,"aoml_apex",1027.58881894165
"4903625",23,0,1,0.0292,1,-0.0146,1,0.00047699999413453,3,154.034382696273,1,1.94613007958108,311.010009765625,1,18.5093002319336,36.5386009216309,0.0292000006884336,0,0.00047699999413453,146.365295410156,-84.8031,23.9406,27.8200915028409,53,52,53,51,53,53,0,8521,1.64861680440262,24,-85,0.0073,47,2022-04-06 20:17:27.002171,311.010009765625,1.0412,2,"aoml_apex",1027.68053429939
"4903625",23,0,1,0.0292,1,-0.0146,1,0.000383000005967915,3,151.75058700729,1,1.94594676865439,320.920013427734,1,18.0860996246338,36.4672012329102,0.0292000006884336,0,0.000383000005967915,144.195205688477,-84.8031,23.9406,27.8200915028409,53,52,53,51,53,53,0,8521,1.64861680440262,24,-85,0.0073,47,2022-04-06 20:17:27.002171,320.920013427734,1.0412,2,"aoml_apex",1027.77734325332
"4903625",23,0,1,0.0292,1,-0.0146,1,0.000346999993780628,3,150.826367479071,1,1.94579904972977,331.089996337891,1,17.8321990966797,36.4272994995117,0.0292000006884336,0,0.000346999993780628,143.317001342773,-84.8031,23.9406,27.8200915028409,53,52,53,51,53,53,0,8521,1.64861680440262,24,-85,0.0073,47,2022-04-06 20:17:27.002171,331.089996337891,1.0412,2,"aoml_apex",1027.85536886646
"4903625",23,0,1,0.0292,1,-0.0146,1,0.000358999997843057,3,150.710924344131,1,1.94564549953636,341.350006103516,1,17.5627002716064,36.3865013122559,0.0292000006884336,0,0.000358999997843057,143.207305908203,-84.8031,23.9406,27.8200915028409,53,52,53,51,53,53,0,8521,1.64861680440262,24,-85,0.0073,47,2022-04-06 20:17:27.002171,341.350006103516,1.0412,2,"aoml_apex",1027.93648713324
"4903625",23,0,1,0.0292,1,-0.0146,1,0.000487999990582466,3,151.658492643834,1,1.94553034880587,351.700012207031,1,17.4662990570068,36.3755989074707,0.0292000006884336,0,0.000487999990582466,144.107696533203,-84.8031,23.9406,27.8200915028409,53,52,53,51,53,53,0,8521,1.64861680440262,24,-85,0.0073,47,2022-04-06 20:17:27.002171,351.700012207031,1.0412,2,"aoml_apex",1027.99732794071
"4903625",23,0,1,0.0365,1,-0.0073,1,0.000346999993780628,3,149.703137410956,1,1.94539239817867,361.899993896484,1,17.2569007873535,36.344799041748,0.0364999994635582,0,0.000346999993780628,142.249694824219,-84.8031,23.9406,27.8200915028409,53,52,53,51,53,53,0,8521,1.64861680440262,24,-85,0.0073,47,2022-04-06 20:17:27.002171,361.899993896484,1.0412,2,"aoml_apex",1028.07022473844
"4903625",23,0,1,0.0292,1,-0.0146,1,0.000357999990228564,3,146.312314480837,1,1.94508850050306,381.140014648438,1,16.5979995727539,36.2344017028809,0.0292000006884336,0,0.000357999990228564,139.027694702148,-84.8031,23.9406,27.8200915028409,53,52,53,51,53,53,0,8521,1.64861680440262,24,-85,0.0073,47,2022-04-06 20:17:27.002171,381.140014648438,1.0412,2,"aoml_apex",1028.23084887024
"4903625",23,0,1,0.0292,1,-0.0146,1,0.000404999998863786,3,138.471639644915,1,1.94483858241566,401.670013427734,1,16.1706008911133,36.1557998657227,0.0292000006884336,0,0.000404999998863786,131.577392578125,-84.8031,23.9406,27.8200915028409,53,52,53,51,53,53,0,8521,1.64861680440262,24,-85,0.0073,47,2022-04-06 20:17:27.002171,401.670013427734,1.0412,2,"aoml_apex",1028.36297988074
"4903625",23,0,1,0.0219,1,-0.0219,1,0.000427999999374151,3,130.254212950542,1,1.94415598650537,451.350006103516,1,14.8211002349854,35.9336013793945,0.0219000000506639,0,0.000427999999374151,123.769096374512,-84.8031,23.9406,27.8200915028409,53,52,53,51,53,53,0,8521,1.64861680440262,24,-85,0.0073,47,2022-04-06 20:17:27.002171,451.350006103516,1.0412,2,"aoml_apex",1028.72403957412
"4903625",23,0,1,0.0511,1,0.0073,1,0.000368000008165836,3,128.037974539163,1,1.94342693150752,500.980010986328,1,13.0937004089355,35.6590995788574,0.0511000007390976,0,0.000368000008165836,121.663200378418,-84.8031,23.9406,27.8200915028409,53,52,53,51,53,53,0,8521,1.64861680440262,24,-85,0.0073,47,2022-04-06 20:17:27.002171,500.980010986328,1.0412,2,"aoml_apex",1029.10995395572
"4903625",23,0,1,0.0365,1,-0.0073,1,0.000331999995978549,3,122.953948160544,1,1.94280316285507,551.419982910156,1,11.8375997543335,35.4627990722656,0.0364999994635582,0,0.000331999995978549,116.832298278809,-84.8031,23.9406,27.8200915028409,53,52,53,51,53,53,0,8521,1.64861680440262,24,-85,0.0073,47,2022-04-06 20:17:27.002171,551.419982910156,1.0412,2,"aoml_apex",1029.44036649646
"4903625",23,0,1,0.0365,1,-0.0073,1,0.00036599999293685,3,119.200994456181,1,1.94215600988917,601.780029296875,1,10.3253002166748,35.2388000488281,0.0364999994635582,0,0.00036599999293685,113.26619720459,-84.8031,23.9406,27.8200915028409,53,52,53,51,53,53,0,8521,1.64861680440262,24,-85,0.0073,47,2022-04-06 20:17:27.002171,601.780029296875,1.0412,2,"aoml_apex",1029.78339011712
"4903625",23,0,1,0.0438,1,0,1,0.000388999993447214,3,117.225229121131,1,1.94160749185793,650.909973144531,1,9.41549968719482,35.1171989440918,0.0438000001013279,0,0.000388999993447214,111.388801574707,-84.8031,23.9406,27.8200915028409,53,52,53,51,53,53,0,8521,1.64861680440262,24,-85,0.0073,47,2022-04-06 20:17:27.002171,650.909973144531,1.0412,2,"aoml_apex",1030.07431130491
"4903625",23,0,1,0.0511,1,0.0073,1,0.000376000010874122,3,117.294793686518,1,1.94107911760756,701.070007324219,1,8.79930019378662,35.0498008728027,0.0511000007390976,0,0.000376000010874122,111.454902648926,-84.8031,23.9406,27.8200915028409,53,52,53,51,53,53,0,8521,1.64861680440262,24,-85,0.0073,47,2022-04-06 20:17:27.002171,701.070007324219,1.0412,2,"aoml_apex",1030.35470417355
"4903625",23,0,1,0.0438,1,0,1,0.000339999998686835,3,121.974801209449,1,1.94051550340816,751.419982910156,1,7.95139980316162,34.9598007202148,0.0438000001013279,0,0.000339999998686835,115.901901245117,-84.8031,23.9406,27.8200915028409,53,52,53,51,53,53,0,8521,1.64861680440262,24,-85,0.0073,47,2022-04-06 20:17:27.002171,751.419982910156,1.0412,2,"aoml_apex",1030.65396616897
"4903625",23,0,1,0.0365,1,-0.0073,1,0.000350999995134771,3,127.044511611603,1,1.93995379027865,801.690002441406,1,7.3206000328064,34.9210014343262,0.0364999994635582,0,0.000350999995134771,120.719200134277,-84.8031,23.9406,27.8200915028409,53,52,53,51,53,53,0,8521,1.64861680440262,24,-85,0.0073,47,2022-04-06 20:17:27.002171,801.690002441406,1.0412,2,"aoml_apex",1030.9523917643
"4903625",23,0,1,0.0438,1,0,1,0.000373999995645136,3,133.909299331787,1,1.93939504917398,851.25,1,6.77610015869141,34.9054985046387,0.0438000001013279,0,0.000373999995645136,127.242202758789,-84.8031,23.9406,27.8200915028409,53,52,53,51,53,53,0,8521,1.64861680440262,24,-85,0.0073,47,2022-04-06 20:17:27.002171,851.25,1.0412,2,"aoml_apex",1031.24940988781
"4903625",23,0,1,0.0511,1,0.0073,1,0.000314000004436821,3,143.690700287229,1,1.93884724186991,901.710021972656,1,6.30070018768311,34.8936996459961,0.0511000007390976,0,0.000314000004436821,136.536605834961,-84.8031,23.9406,27.8200915028409,53,52,53,51,53,53,0,8521,1.64861680440262,24,-85,0.0073,47,2022-04-06 20:17:27.002171,901.710021972656,1.0412,2,"aoml_apex",1031.54078197059
"4903625",23,0,1,0.0438,1,0,1,0.000418999989051372,3,149.528551548795,1,1.93832525664049,951.179992675781,1,6.00540018081665,34.9063987731934,0.0438000001013279,0,0.000418999989051372,142.083801269531,-84.8031,23.9406,27.8200915028409,53,52,53,51,53,53,0,8521,1.64861680440262,24,-85,0.0073,47,2022-04-06 20:17:27.002171,951.179992675781,1.0412,2,"aoml_apex",1031.81857283664
"4903625",23,0,1,0.0438,1,0,1,0.00036000000545755,3,157.59116818024,1,1.93780971663351,1000.04998779297,1,5.67920017242432,34.913200378418,0.0438000001013279,0,0.00036000000545755,149.744995117188,-84.8031,23.9406,27.8200915028409,53,52,53,51,53,53,0,8521,1.64861680440262,24,-85,0.0073,47,2022-04-06 20:17:27.002171,1000.04998779297,1.0412,2,"aoml_apex",1032.09308057064
"4903625",23,0,1,0.0438,1,0,1,0.000335999997332692,3,171.935230614855,1,1.93680975809458,1099.93994140625,1,5.20499992370605,34.9287986755371,0.0438000001013279,0,0.000335999997332692,163.374893188477,-84.8031,23.9406,27.8200915028409,53,52,53,51,53,53,0,8521,1.64861680440262,24,-85,0.0073,47,2022-04-06 20:17:27.002171,1099.93994140625,1.0412,2,"aoml_apex",1032.62594152127
"4903625",23,0,1,0.0438,1,0,1,0.000346999993780628,3,184.335837018565,1,1.93584379903701,1199.86999511719,1,4.83319997787476,34.9417991638184,0.0438000001013279,0,0.000346999993780628,175.158096313477,-84.8031,23.9406,27.8200915028409,53,52,53,51,53,53,0,8521,1.64861680440262,24,-85,0.0073,47,2022-04-06 20:17:27.002171,1199.86999511719,1.0412,2,"aoml_apex",1033.14120746462
"4903625",23,0,1,0.0438,1,0,1,0.000287000002572313,3,195.131014653925,1,1.93490717635035,1300.42004394531,1,4.57089996337891,34.9525985717773,0.0438000001013279,0,0.000287000002572313,185.415802001953,-84.8031,23.9406,27.8200915028409,53,52,53,51,53,53,0,8521,1.64861680440262,24,-85,0.0073,47,2022-04-06 20:17:27.002171,1300.42004394531,1.0412,2,"aoml_apex",1033.641315948
"4903625",23,0,1,0.0365,1,-0.0073,1,0.000322000007145107,3,201.055789505619,1,1.93402419349828,1399.47998046875,1,4.43009996414185,34.9586982727051,0.0364999994635582,0,0.000322000007145107,191.045593261719,-84.8031,23.9406,27.8200915028409,53,52,53,51,53,53,0,8521,1.64861680440262,24,-85,0.0073,47,2022-04-06 20:17:27.002171,1399.47998046875,1.0412,2,"aoml_apex",1034.11322708553
"4903625",23,0,1,0.0438,1,0,1,0.000299000006634742,3,204.976295535754,1,1.93315742328369,1499.46997070312,1,4.35949993133545,34.9625015258789,0.0438000001013279,0,0.000299000006634742,194.770904541016,-84.8031,23.9406,27.8200915028409,53,52,53,51,53,53,0,8521,1.64861680440262,24,-85,0.0073,47,2022-04-06 20:17:27.002171,1499.46997070312,1.0412,2,"aoml_apex",1034.57689265821
"4903625",23,0,1,0.0438,1,0,1,0.000287000002572313,3,207.026780151215,1,1.93230677500078,1599.58996582031,1,4.33309984207153,34.9641990661621,0.0438000001013279,0,0.000287000002572313,196.719299316406,-84.8031,23.9406,27.8200915028409,53,52,53,51,53,53,0,8521,1.64861680440262,24,-85,0.0073,47,2022-04-06 20:17:27.002171,1599.58996582031,1.0412,2,"aoml_apex",1035.03233848528
"4903625",23,0,1,0.0365,1,-0.0073,1,0.00056900002527982,3,208.789018241125,1,1.93145556112699,1700.05004882812,1,4.30709981918335,34.9659996032715,0.0364999994635582,0,0.00056900002527982,198.393798828125,-84.8031,23.9406,27.8200915028409,53,52,53,51,53,53,0,8521,1.64861680440262,24,-85,0.0073,47,2022-04-06 20:17:27.002171,1700.05004882812,1.0412,2,"aoml_apex",1035.48848870901
"4903625",23,0,1,0.0365,1,-0.0073,1,0.000380999990738928,3,209.507595150614,1,1.93061679150439,1799.94995117188,1,4.29530000686646,34.9668006896973,0.0364999994635582,0,0.000380999990738928,199.076599121094,-84.8031,23.9406,27.8200915028409,53,52,53,51,53,53,0,8521,1.64861680440262,24,-85,0.0073,47,2022-04-06 20:17:27.002171,1799.94995117188,1.0412,2,"aoml_apex",1035.93836373999
"4903625",23,0,1,0.0365,1,-0.0073,1,0.000274999998509884,3,209.856253009263,1,1.929791381688,1899.06994628906,1,4.29720020294189,34.9672012329102,0.0364999994635582,0,0.000274999998509884,199.407897949219,-84.8031,23.9406,27.8200915028409,53,52,53,51,53,53,0,8521,1.64861680440262,24,-85,0.0073,47,2022-04-06 20:17:27.002171,1899.06994628906,1.0412,2,"aoml_apex",1036.38145499986
"4903625",24,0.00926606942510023,1,0.0584,1,0.0146,1,0.000468999991426244,3,199.572030358419,1,1.95393909708003,7.67000007629395,1,27.0132007598877,36.0974998474121,0.0584000013768673,0.0292000006884336,0.000468999991426244,189.529800415039,-84.4391,23.6697,29.8076461304184,53,52,53,51,53,53,0.0146,8522,1.57564111924858,24,-84,0.0073,47,2022-04-17 03:50:32.000394,7.67000007629395,1.0412,2,"aoml_apex",1023.57335650267
"4903625",24,0.00463303471255012,1,0.0511,1,0.0073,1,0.00047999998787418,3,199.548025848859,1,1.95390250093807,11.8599996566772,1,27.0070991516113,36.0965003967285,0.0511000007390976,0.0219000000506639,0.00047999998787418,189.50700378418,-84.4391,23.6697,29.8076461304184,53,52,53,51,53,53,0.0073,8522,1.57564111924858,24,-84,0.0073,47,2022-04-17 03:50:32.000394,11.8599996566772,1.0412,2,"aoml_apex",1023.59252779491
"4903625",24,0.00926606942510023,1,0.0584,1,0.0146,1,0.000515999970957637,3,199.64815710962,1,1.95382047894882,16.6900005340576,1,26.9284992218018,36.092601776123,0.0584000013768673,0.0292000006884336,0.000515999970957637,189.602096557617,-84.4391,23.6697,29.8076461304184,53,52,53,51,53,53,0.0146,8522,1.57564111924858,24,-84,0.0073,47,2022-04-17 03:50:32.000394,16.6900005340576,1.0412,2,"aoml_apex",1023.63549852647
"4903625",24,0.00926606942510023,1,0.0584,1,0.0146,1,0.00047999998787418,3,199.618143439033,1,1.95377625475006,21.7000007629395,1,26.9277000427246,36.0945014953613,0.0584000013768673,0.0292000006884336,0.00047999998787418,189.573593139648,-84.4391,23.6697,29.8076461304184,53,52,53,51,53,53,0.0146,8522,1.57564111924858,24,-84,0.0073,47,2022-04-17 03:50:32.000394,21.7000007629395,1.0412,2,"aoml_apex",1023.65866876392
"4903625",24,0.0138991041376503,1,0.0657,1,0.0219,1,0.000468999991426244,3,199.606575000691,1,1.95373487413036,26.75,1,26.9309005737305,36.0959014892578,0.065700002014637,0.0364999994635582,0.000468999991426244,189.562606811523,-84.4391,23.6697,29.8076461304184,53,52,53,51,53,53,0.0219,8522,1.57564111924858,24,-84,0.0073,47,2022-04-17 03:50:32.000394,26.75,1.0412,2,"aoml_apex",1023.68035012439
"4903625",24,0.0185321388502005,1,0.073,1,0.0292,1,0.00047999998787418,3,199.612776969024,1,1.95368554456311,31.8400001525879,1,26.9188003540039,36.0960998535156,0.0729999989271164,0.0438000001013279,0.00047999998787418,189.568496704102,-84.4391,23.6697,29.8076461304184,53,52,53,51,53,53,0.0292,8522,1.57564111924858,24,-84,0.0073,47,2022-04-17 03:50:32.000394,31.8400001525879,1.0412,2,"aoml_apex",1023.70619753306
"4903625",24,0.0231651735627506,1,0.0803,1,0.0365,1,0.000574000005144626,3,199.66353349225,1,1.95363646783131,36.8699989318848,1,26.9062995910645,36.0962982177734,0.0803000032901764,0.0511000007390976,0.000574000005144626,189.61669921875,-84.4391,23.6697,29.8076461304184,53,52,53,51,53,53,0.0365,8522,1.57564111924858,24,-84,0.0073,47,2022-04-17 03:50:32.000394,36.8699989318848,1.0412,2,"aoml_apex",1023.73191375781
"4903625",24,0.0324312429878508,1,0.0949,1,0.0511,1,0.000585999980103225,3,200.055558946568,1,1.95350448123287,41.9000015258789,1,26.7709007263184,36.1020011901855,0.0948999971151352,0.065700002014637,0.000585999980103225,189.988998413086,-84.4391,23.6697,29.8076461304184,53,52,53,51,53,53,0.0511,8522,1.57564111924858,24,-84,0.0073,47,2022-04-17 03:50:32.000394,41.9000015258789,1.0412,2,"aoml_apex",1023.80108119219
"4903625",24,0.0277982082753007,1,0.0876,1,0.0438,1,0.00056299997959286,3,200.691774853556,1,1.95330609066053,46.7099990844727,1,26.5401992797852,36.1151008605957,0.0876000002026558,0.0584000013768673,0.00056299997959286,190.593200683594,-84.4391,23.6697,29.8076461304184,53,52,53,51,53,53,0.0438,8522,1.57564111924858,24,-84,0.0073,47,2022-04-17 03:50:32.000394,46.7099990844727,1.0412,2,"aoml_apex",1023.90506514198
"4903625",24,0.0231651735627506,4,0.0803,1,0.0365,1,0.000585999980103225,3,200.654081025292,1,1.95324139528731,51.8199996948242,1,26.5226001739502,36.1236000061035,0.0803000032901764,0.0511000007390976,0.000585999980103225,190.557403564453,-84.4391,23.6697,29.8076461304184,53,52,53,51,53,53,0.0365,8522,1.57564111924858,24,-84,0.0073,47,2022-04-17 03:50:32.000394,51.8199996948242,1.0412,2,"aoml_apex",1023.93897898412
"4903625",24,0.0324312429878508,1,0.0949,1,0.0511,1,0.000598000013269484,3,200.552359104259,1,1.95318015956976,56.6599998474121,1,26.5004005432129,36.1292991638184,0.0948999971151352,0.065700002014637,0.000598000013269484,190.460800170898,-84.4391,23.6697,29.8076461304184,53,52,53,51,53,53,0.0511,8522,1.57564111924858,24,-84,0.0073,47,2022-04-17 03:50:32.000394,56.6599998474121,1.0412,2,"aoml_apex",1023.9710813162
"4903625",24,0.041697312412951,1,0.1095,1,0.0657,1,0.000561999971978366,3,200.384729219227,1,1.95311343395341,61.810001373291,1,26.4638004302979,36.1310005187988,0.109499998390675,0.0803000032901764,0.000561999971978366,190.301605224609,-84.4391,23.6697,29.8076461304184,53,52,53,51,53,53,0.0657,8522,1.57564111924858,24,-84,0.0073,47,2022-04-17 03:50:32.000394,61.810001373291,1.0412,2,"aoml_apex",1024.00606397535
"4903625",24,0.0463303471255012,1,0.1168,1,0.073,1,0.000574000005144626,3,200.305437214757,1,1.95306757179668,66.4300003051758,1,26.4552001953125,36.132999420166,0.116800002753735,0.0876000002026558,0.000574000005144626,190.226303100586,-84.4391,23.6697,29.8076461304184,53,52,53,51,53,53,0.073,8522,1.57564111924858,24,-84,0.0073,47,2022-04-17 03:50:32.000394,66.4300003051758,1.0412,2,"aoml_apex",1024.03010980319
"4903625",24,0.0370642777004009,1,0.1022,1,0.0584,1,0.000621000013779849,3,199.983850696122,1,1.95302136593892,71.75,1,26.4524002075195,36.1337013244629,0.102200001478195,0.0729999989271164,0.000621000013779849,189.9208984375,-84.4391,23.6697,29.8076461304184,53,52,53,51,53,53,0.0584,8522,1.57564111924858,24,-84,0.0073,47,2022-04-17 03:50:32.000394,71.75,1.0412,2,"aoml_apex",1024.05433697777
"4903625",24,0.0694955206882517,1,0.1533,1,0.1095,1,0.000785999989602715,3,199.367220797938,1,1.952967539475,76.9800033569336,1,26.4409999847412,36.1366004943848,0.153300002217293,0.124099999666214,0.000785999989602715,189.335296630859,-84.4391,23.6697,29.8076461304184,53,52,53,51,53,53,0.1095,8522,1.57564111924858,24,-84,0.0073,47,2022-04-17 03:50:32.000394,76.9800033569336,1.0412,2,"aoml_apex",1024.08256131981
"4903625",24,0.0741285554008019,1,0.1606,1,0.1168,1,0.000621000013779849,3,198.291918386765,1,1.95292060324547,81.8099975585938,1,26.4388999938965,36.1408996582031,0.160600006580353,0.131400004029274,0.000621000013779849,188.314102172852,-84.4391,23.6697,29.8076461304184,53,52,53,51,53,53,0.1168,8522,1.57564111924858,24,-84,0.0073,47,2022-04-17 03:50:32.000394,81.8099975585938,1.0412,2,"aoml_apex",1024.10717398152
"4903625",24,0.078761590113352,1,0.1679,1,0.1241,1,0.000621000013779849,3,196.039157826949,1,1.95284693216542,86.6699981689453,1,26.4200992584229,36.1566009521484,0.167899996042252,0.138699993491173,0.000621000013779849,186.174697875977,-84.4391,23.6697,29.8076461304184,53,52,53,51,53,53,0.1241,8522,1.57564111924858,24,-84,0.0073,47,2022-04-17 03:50:32.000394,86.6699981689453,1.0412,2,"aoml_apex",1024.1458083877
"4903625",24,0.171422284364354,1,0.3139,1,0.2701,1,0.000668000022415072,3,192.620861036891,1,1.95265161758842,91.7699966430664,1,26.3281002044678,36.2248001098633,0.313899993896484,0.284700006246567,0.000668000022415072,182.928405761719,-84.4391,23.6697,29.8076461304184,53,52,53,51,53,53,0.2701,8522,1.57564111924858,24,-84,0.0073,47,2022-04-17 03:50:32.000394,91.7699966430664,1.0412,2,"aoml_apex",1024.24824888633
"4903625",24,0.268716013327907,1,0.4672,1,0.4234,1,0.000691999972332269,3,190.727059478465,1,1.95257367191257,96.120002746582,1,26.3031005859375,36.2438011169434,0.467200011014938,0.437999993562698,0.000691999972332269,181.129898071289,-84.4391,23.6697,29.8076461304184,53,52,53,51,53,53,0.4234,8522,1.57564111924858,24,-84,0.0073,47,2022-04-17 03:50:32.000394,96.120002746582,1.0412,2,"aoml_apex",1024.2891363177
"4903625",24,0.324312429878508,1,0.5548,1,0.511,1,0.000714999972842634,3,184.745903711921,1,1.95241431469527,101.870002746582,1,26.2098999023438,36.282901763916,0.554799973964691,0.525600016117096,0.000714999972842634,175.44970703125,-84.4391,23.6697,29.8076461304184,53,52,53,51,53,53,0.511,8522,1.57564111924858,24,-84,0.0073,47,2022-04-17 03:50:32.000394,101.870002746582,1.0412,2,"aoml_apex",1024.37273940606
"4903625",24,0.315046360453408,1,0.5402,1,0.4964,1,0.000855999998748302,3,169.591972511179,1,1.95184231959629,111.73999786377,1,26.0468997955322,36.5565986633301,0.540199995040894,0.510999977588654,0.000855999998748302,161.058303833008,-84.4391,23.6697,29.8076461304184,53,52,53,51,53,53,0.4964,8522,1.57564111924858,24,-84,0.0073,47,2022-04-17 03:50:32.000394,111.73999786377,1.0412,2,"aoml_apex",1024.67293588227
"4903625",24,0.194587457927105,1,0.3504,1,0.3066,1,0.000667000014800578,3,164.00629666318,1,1.95122080696701,121.419998168945,1,25.591100692749,36.744701385498,0.350400000810623,0.321200013160706,0.000667000014800578,155.753692626953,-84.4391,23.6697,29.8076461304184,53,52,53,51,53,53,0.3066,8522,1.57564111924858,24,-84,0.0073,47,2022-04-17 03:50:32.000394,121.419998168945,1.0412,2,"aoml_apex",1024.99931984059
"4903625",24,0.162156214939254,1,0.2993,1,0.2555,1,0.000490000005811453,3,160.240834251931,1,1.9507014603883,131.820007324219,1,25.1494007110596,36.8653984069824,0.299299985170364,0.270099997520447,0.000490000005811453,152.177703857422,-84.4391,23.6697,29.8076461304184,53,52,53,51,53,53,0.2555,8522,1.57564111924858,24,-84,0.0073,47,2022-04-17 03:50:32.000394,131.820007324219,1.0412,2,"aoml_apex",1025.27221136231
"4903625",24,0.0648624859757016,1,0.146,1,0.1022,1,0.000478000001749024,3,157.776114194047,1,1.95007554711371,141.520004272461,1,24.3950996398926,36.9402008056641,0.145999997854233,0.116800002753735,0.000478000001749024,149.837005615234,-84.4391,23.6697,29.8076461304184,53,52,53,51,53,53,0.1022,8522,1.57564111924858,24,-84,0.0073,47,2022-04-17 03:50:32.000394,141.520004272461,1.0412,2,"aoml_apex",1025.60129168338
"4903625",24,0.0324312429878508,1,0.0949,1,0.0511,1,0.000524999981280416,3,157.760320062255,1,1.94961682960889,151.880004882812,1,23.8334999084473,36.9766998291016,0.0948999971151352,0.065700002014637,0.000524999981280416,149.822006225586,-84.4391,23.6697,29.8076461304184,53,52,53,51,53,53,0.0511,8522,1.57564111924858,24,-84,0.0073,47,2022-04-17 03:50:32.000394,151.880004882812,1.0412,2,"aoml_apex",1025.84260128757
"4903625",24,-0.00463303471255012,1,0.0365,1,-0.0073,1,0.000337000004947186,3,154.97211754723,1,1.94900216794254,161.869995117188,1,22.7751998901367,36.9348983764648,0.0364999994635582,0.00730000017210841,0.000337000004947186,147.174102783203,-84.4391,23.6697,29.8076461304184,53,52,53,51,53,53,-0.0073,8522,1.57564111924858,24,-84,0.0073,47,2022-04-17 03:50:32.000394,161.869995117188,1.0412,2,"aoml_apex",1026.16612382289
"4903625",24,-0.00463303471255012,1,0.0365,1,-0.0073,1,0.000337000004947186,3,154.89619967061,1,1.94881757773222,171.580001831055,1,22.5958003997803,36.9392013549805,0.0364999994635582,0.00730000017210841,0.000337000004947186,147.102005004883,-84.4391,23.6697,29.8076461304184,53,52,53,51,53,53,-0.0073,8522,1.57564111924858,24,-84,0.0073,47,2022-04-17 03:50:32.000394,171.580001831055,1.0412,2,"aoml_apex",1026.26332133526
"4903625",24,0,1,0.0292,1,-0.0146,1,0.000312999996822327,3,153.813731254576,1,1.94849610749184,181.399993896484,1,22.1441993713379,36.9351997375488,0.0292000006884336,0,0.000312999996822327,146.074005126953,-84.4391,23.6697,29.8076461304184,53,52,53,51,53,53,0,8522,1.57564111924858,24,-84,0.0073,47,2022-04-17 03:50:32.000394,181.399993896484,1.0412,2,"aoml_apex",1026.43263813057
"4903625",24,0,1,0.0292,1,-0.0146,1,0.000325000000884756,3,151.42692141547,1,1.94818230759023,191.509994506836,1,21.5979995727539,36.8912010192871,0.0292000006884336,0,0.000325000000884756,143.80729675293,-84.4391,23.6697,29.8076461304184,53,52,53,51,53,53,0,8522,1.57564111924858,24,-84,0.0073,47,2022-04-17 03:50:32.000394,191.509994506836,1.0412,2,"aoml_apex",1026.59796889023
"4903625",24,0,1,0.0292,1,-0.0146,1,0.000335999997332692,3,152.30395364728,1,1.94789934607625,201.220001220703,1,21.0799007415771,36.8414993286133,0.0292000006884336,0,0.000335999997332692,144.640197753906,-84.4391,23.6697,29.8076461304184,53,52,53,51,53,53,0,8522,1.57564111924858,24,-84,0.0073,47,2022-04-17 03:50:32.000394,201.220001220703,1.0412,2,"aoml_apex",1026.74709759963
"4903625",24,0,1,0.0219,1,-0.0219,1,0.000348000001395121,3,155.30064512887,1,1.94753796509861,211.720001220703,1,20.4001007080078,36.7864990234375,0.0219000000506639,0,0.000348000001395121,147.486099243164,-84.4391,23.6697,29.8076461304184,53,52,53,51,53,53,0,8522,1.57564111924858,24,-84,0.0073,47,2022-04-17 03:50:32.000394,211.720001220703,1.0412,2,"aoml_apex",1026.93761859412
"4903625",24,0,1,0.0219,1,-0.0219,1,0.000664999999571592,3,155.434581937231,1,1.94744070897834,220.809997558594,1,20.3311996459961,36.7775001525879,0.0219000000506639,0,0.000664999999571592,147.613296508789,-84.4391,23.6697,29.8076461304184,53,52,53,51,53,53,0,8522,1.57564111924858,24,-84,0.0073,47,2022-04-17 03:50:32.000394,220.809997558594,1.0412,2,"aoml_apex",1026.98890434987
"4903625",24,0,1,0.0292,1,-0.0146,1,0.000323999993270263,3,157.443264515305,1,1.94715526515789,231.220001220703,1,19.7450008392334,36.7085990905762,0.0292000006884336,0,0.000323999993270263,149.520904541016,-84.4391,23.6697,29.8076461304184,53,52,53,51,53,53,0,8522,1.57564111924858,24,-84,0.0073,47,2022-04-17 03:50:32.000394,231.220001220703,1.0412,2,"aoml_apex",1027.13945610178
"4903625",24,0,1,0.0365,1,-0.0073,1,0.000323999993270263,3,157.216233912841,1,1.94699774496263,241.679992675781,1,19.5128002166748,36.6769981384277,0.0364999994635582,0,0.000323999993270263,149.305297851562,-84.4391,23.6697,29.8076461304184,53,52,53,51,53,53,0,8522,1.57564111924858,24,-84,0.0073,47,2022-04-17 03:50:32.000394,241.679992675781,1.0412,2,"aoml_apex",1027.22255594517
"4903625",24,0,1,0.0292,1,-0.0146,1,0.000335999997332692,3,156.733862168527,1,1.94683897344952,251.910003662109,1,19.2665996551514,36.6432991027832,0.0292000006884336,0,0.000335999997332692,148.847198486328,-84.4391,23.6697,29.8076461304184,53,52,53,51,53,53,0,8522,1.57564111924858,24,-84,0.0073,47,2022-04-17 03:50:32.000394,251.910003662109,1.0412,2,"aoml_apex",1027.30632952981
"4903625",24,0,1,0.0292,1,-0.0146,1,0.000311999989207834,3,156.525790951124,1,1.94670502829921,261.059997558594,1,19.0624008178711,36.6136016845703,0.0292000006884336,0,0.000311999989207834,148.649597167969,-84.4391,23.6697,29.8076461304184,53,52,53,51,53,53,0,8522,1.57564111924858,24,-84,0.0073,47,2022-04-17 03:50:32.000394,261.059997558594,1.0412,2,"aoml_apex",1027.37701445573
"4903625",24,0,1,0.0292,1,-0.0146,1,0.000335999997332692,3,157.232028044633,1,1.94653433456643,271.619995117188,1,18.7879009246826,36.5778007507324,0.0292000006884336,0,0.000335999997332692,149.320297241211,-84.4391,23.6697,29.8076461304184,53,52,53,51,53,53,0,8522,1.57564111924858,24,-84,0.0073,47,2022-04-17 03:50:32.000394,271.619995117188,1.0412,2,"aoml_apex",1027.46710627402
"4903625",24,0,1,0.0219,1,-0.0219,1,0.000311999989207834,3,157.898996716881,1,1.94639987039327,280.929992675781,1,18.5998001098633,36.5540008544922,0.0219000000506639,0,0.000311999989207834,149.953704833984,-84.4391,23.6697,29.8076461304184,53,52,53,51,53,53,0,8522,1.57564111924858,24,-84,0.0073,47,2022-04-17 03:50:32.000394,280.929992675781,1.0412,2,"aoml_apex",1027.53808732832
"4903625",24,0,1,0.0292,1,-0.0146,1,0.000335999997332692,3,158.202362945127,1,1.9462622582173,291.549987792969,1,18.4213008880615,36.5284996032715,0.0292000006884336,0,0.000335999997332692,150.241806030273,-84.4391,23.6697,29.8076461304184,53,52,53,51,53,53,0,8522,1.57564111924858,24,-84,0.0073,47,2022-04-17 03:50:32.000394,291.549987792969,1.0412,2,"aoml_apex",1027.6107403079
"4903625",24,0,1,0.0292,1,-0.0146,1,0.000334999989718199,3,156.987532313728,1,1.94613345915754,301.309997558594,1,18.2406005859375,36.5013999938965,0.0292000006884336,0,0.000334999989718199,149.088104248047,-84.4391,23.6697,29.8076461304184,53,52,53,51,53,53,0,8522,1.57564111924858,24,-84,0.0073,47,2022-04-17 03:50:32.000394,301.309997558594,1.0412,2,"aoml_apex",1027.67874967104
"4903625",24,0,1,0.0292,1,-0.0146,1,0.000334999989718199,3,155.440896376493,1,1.94597597523902,311.309997558594,1,17.9599990844727,36.4599990844727,0.0292000006884336,0,0.000334999989718199,147.619293212891,-84.4391,23.6697,29.8076461304184,53,52,53,51,53,53,0,8522,1.57564111924858,24,-84,0.0073,47,2022-04-17 03:50:32.000394,311.309997558594,1.0412,2,"aoml_apex",1027.76191764358
"4903625",24,0,1,0.0292,1,-0.0146,1,0.000346999993780628,3,153.950511970695,1,1.94584773438454,321.149993896484,1,17.7703990936279,36.4300003051758,0.0292000006884336,0,0.000346999993780628,146.203903198242,-84.4391,23.6697,29.8076461304184,53,52,53,51,53,53,0,8522,1.57564111924858,24,-84,0.0073,47,2022-04-17 03:50:32.000394,321.149993896484,1.0412,2,"aoml_apex",1027.82965216576
"4903625",24,0,1,0.0292,1,-0.0146,1,0.000334999989718199,3,153.702738515593,1,1.94570451795541,331.149993896484,1,17.5090007781982,36.3863983154297,0.0292000006884336,0,0.000334999989718199,145.968597412109,-84.4391,23.6697,29.8076461304184,53,52,53,51,53,53,0,8522,1.57564111924858,24,-84,0.0073,47,2022-04-17 03:50:32.000394,331.149993896484,1.0412,2,"aoml_apex",1027.90530707183
"4903625",24,0,1,0.0292,1,-0.0146,1,0.000334999989718199,3,151.184530497653,1,1.94555731201504,341.109985351562,1,17.2605991363525,36.350700378418,0.0292000006884336,0,0.000334999989718199,143.577102661133,-84.4391,23.6697,29.8076461304184,53,52,53,51,53,53,0,8522,1.57564111924858,24,-84,0.0073,47,2022-04-17 03:50:32.000394,341.109985351562,1.0412,2,"aoml_apex",1027.98308106821
"4903625",24,0,1,0.0365,1,-0.0073,1,0.00032299998565577,3,148.539117859775,1,1.9453750603609,351.010009765625,1,16.8124008178711,36.2765007019043,0.0364999994635582,0,0.00032299998565577,141.064804077148,-84.4391,23.6697,29.8076461304184,53,52,53,51,53,53,0,8522,1.57564111924858,24,-84,0.0073,47,2022-04-17 03:50:32.000394,351.010009765625,1.0412,2,"aoml_apex",1028.07938723599
"4903625",24,0,1,0.0292,1,-0.0146,1,0.000346999993780628,3,146.282886768456,1,1.94523304492338,360.589996337891,1,16.5109996795654,36.2246017456055,0.0292000006884336,0,0.000346999993780628,138.922103881836,-84.4391,23.6697,29.8076461304184,53,52,53,51,53,53,0,8522,1.57564111924858,24,-84,0.0073,47,2022-04-17 03:50:32.000394,360.589996337891,1.0412,2,"aoml_apex",1028.15444412666
"4903625",24,0,1,0.0292,1,-0.0146,1,0.000369999994290993,3,142.502449656465,1,1.9449406758512,381.600006103516,1,15.9225997924805,36.1234016418457,0.0292000006884336,0,0.000369999994290993,135.331893920898,-84.4391,23.6697,29.8076461304184,53,52,53,51,53,53,0,8522,1.57564111924858,24,-84,0.0073,47,2022-04-17 03:50:32.000394,381.600006103516,1.0412,2,"aoml_apex",1028.30899925763
"4903625",24,0,1,0.0292,1,-0.0146,1,0.000345999986166134,3,138.059912256694,1,1.94467620863547,401.130004882812,1,15.3812999725342,36.0293998718262,0.0292000006884336,0,0.000345999986166134,131.112899780273,-84.4391,23.6697,29.8076461304184,53,52,53,51,53,53,0,8522,1.57564111924858,24,-84,0.0073,47,2022-04-17 03:50:32.000394,401.130004882812,1.0412,2,"aoml_apex",1028.44884465541
"4903625",24,0,1,0.0365,1,-0.0073,1,0.000368999986676499,3,131.267945534212,1,1.94399926714624,451.329986572266,1,13.958399772644,35.7916984558105,0.0364999994635582,0,0.000368999986676499,124.662696838379,-84.4391,23.6697,29.8076461304184,53,52,53,51,53,53,0,8522,1.57564111924858,24,-84,0.0073,47,2022-04-17 03:50:32.000394,451.329986572266,1.0412,2,"aoml_apex",1028.80697220425
"4903625",24,0,1,0.0365,1,-0.0073,1,0.000333000003593042,3,125.767474448057,1,1.94333715748103,501.739990234375,1,12.5474996566772,35.5685005187988,0.0364999994635582,0,0.000333000003593042,119.439002990723,-84.4391,23.6697,29.8076461304184,53,52,53,51,53,53,0,8522,1.57564111924858,24,-84,0.0073,47,2022-04-17 03:50:32.000394,501.739990234375,1.0412,2,"aoml_apex",1029.15749451959
"4903625",24,0,1,0.0365,1,-0.0073,1,0.000354999996488914,3,121.434017781488,1,1.94272771486398,551.679992675781,1,11.3233995437622,35.3815002441406,0.0364999994635582,0,0.000354999996488914,115.323600769043,-84.4391,23.6697,29.8076461304184,53,52,53,51,53,53,0,8522,1.57564111924858,24,-84,0.0073,47,2022-04-17 03:50:32.000394,551.679992675781,1.0412,2,"aoml_apex",1029.48034595781
"4903625",24,0,1,0.0438,1,0,1,0.000342999992426485,3,119.427030300977,1,1.94216820659602,601.409973144531,1,10.3640003204346,35.2419013977051,0.0438000001013279,0,0.000342999992426485,113.417602539062,-84.4391,23.6697,29.8076461304184,53,52,53,51,53,53,0,8522,1.57564111924858,24,-84,0.0073,47,2022-04-17 03:50:32.000394,601.409973144531,1.0412,2,"aoml_apex",1029.77692313548
"4903625",24,0,1,0.0438,1,0,1,0.000411999993957579,3,118.923698795805,1,1.94158092876866,651.429992675781,1,9.25010013580322,35.0946006774902,0.0438000001013279,0,0.000411999993957579,112.939598083496,-84.4391,23.6697,29.8076461304184,53,52,53,51,53,53,0,8522,1.57564111924858,24,-84,0.0073,47,2022-04-17 03:50:32.000394,651.429992675781,1.0412,2,"aoml_apex",1030.08840392164
"4903625",24,0,1,0.0365,1,-0.0073,1,0.000364000006811693,3,120.356811398171,1,1.94104964303289,701.099975585938,1,8.50300025939941,35.0045013427734,0.0364999994635582,0,0.000364000006811693,114.300598144531,-84.4391,23.6697,29.8076461304184,53,52,53,51,53,53,0,8522,1.57564111924858,24,-84,0.0073,47,2022-04-17 03:50:32.000394,701.099975585938,1.0412,2,"aoml_apex",1030.37034996951
"4903625",24,0,1,0.0438,1,0,1,0.000352000002749264,3,121.084321564409,1,1.94047815123499,751.75,1,7.83379983901978,34.9584999084473,0.0438000001013279,0,0.000352000002749264,114.991500854492,-84.4391,23.6697,29.8076461304184,53,52,53,51,53,53,0,8522,1.57564111924858,24,-84,0.0073,47,2022-04-17 03:50:32.000394,751.75,1.0412,2,"aoml_apex",1030.67380517896
"4903625",24,0,1,0.0438,1,0,1,0.000350999995134771,3,129.867160290102,1,1.93992512407246,801.630004882812,1,7.1641001701355,34.9090003967285,0.0438000001013279,0,0.000350999995134771,123.332397460938,-84.4391,23.6697,29.8076461304184,53,52,53,51,53,53,0,8522,1.57564111924858,24,-84,0.0073,47,2022-04-17 03:50:32.000394,801.630004882812,1.0412,2,"aoml_apex",1030.96762611199
"4903625",24,0,1,0.0438,1,0,1,0.000361999991582707,3,135.111663610662,1,1.93937902616892,851.25,1,6.70289993286133,34.9019012451172,0.0438000001013279,0,0.000361999991582707,128.313003540039,-84.4391,23.6697,29.8076461304184,53,52,53,51,53,53,0,8522,1.57564111924858,24,-84,0.0073,47,2022-04-17 03:50:32.000394,851.25,1.0412,2,"aoml_apex",1031.25792999362
"4903625",24,0,1,0.0511,1,0.0073,1,0.000361000013072044,3,142.198360400823,1,1.93884521385044,901.409973144531,1,6.32649993896484,34.901798248291,0.0511000007390976,0,0.000361000013072044,135.043106079102,-84.4391,23.6697,29.8076461304184,53,52,53,51,53,53,0,8522,1.57564111924858,24,-84,0.0073,47,2022-04-17 03:50:32.000394,901.409973144531,1.0412,2,"aoml_apex",1031.54186095553
"4903625",24,0,1,0.0511,1,0.0073,1,0.000395999988541007,3,151.772624914593,1,1.93829186231928,951.210021972656,1,5.89580011367798,34.9081001281738,0.0511000007390976,0,0.000395999988541007,144.135604858398,-84.4391,23.6697,29.8076461304184,53,52,53,51,53,53,0,8522,1.57564111924858,24,-84,0.0073,47,2022-04-17 03:50:32.000394,951.210021972656,1.0412,2,"aoml_apex",1031.83634976772
"4903625",24,0,1,0.0438,1,0,1,0.00036000000545755,3,160.781964022658,1,1.93777431663402,1000.13000488281,1,5.56629991531372,34.915699005127,0.0438000001013279,0,0.00036000000545755,152.691604614258,-84.4391,23.6697,29.8076461304184,53,52,53,51,53,53,0,8522,1.57564111924858,24,-84,0.0073,47,2022-04-17 03:50:32.000394,1000.13000488281,1.0412,2,"aoml_apex",1032.11193524025
"4903625",24,0,1,0.0438,1,0,1,0.000346999993780628,3,177.322774240587,1,1.93676786638845,1099.32995605469,1,5.05200004577637,34.9328002929688,0.0438000001013279,0,0.000346999993780628,168.400100708008,-84.4391,23.6697,29.8076461304184,53,52,53,51,53,53,0,8522,1.57564111924858,24,-84,0.0073,47,2022-04-17 03:50:32.000394,1099.32995605469,1.0412,2,"aoml_apex",1032.64827690964
"4903625",24,0,1,0.0511,1,0.0073,1,0.000334999989718199,3,190.874589201877,1,1.93579167185702,1200.05004882812,1,4.67490005493164,34.9476013183594,0.0511000007390976,0,0.000334999989718199,181.270004272461,-84.4391,23.6697,29.8076461304184,53,52,53,51,53,53,0,8522,1.57564111924858,24,-84,0.0073,47,2022-04-17 03:50:32.000394,1200.05004882812,1.0412,2,"aoml_apex",1033.16902798811
"4903625",24,0,1,0.0438,1,0,1,0.00032299998565577,3,198.223793138751,1,1.93488236301461,1300.17004394531,1,4.48769998550415,34.9558982849121,0.0438000001013279,0,0.00032299998565577,188.249404907227,-84.4391,23.6697,29.8076461304184,53,52,53,51,53,53,0,8522,1.57564111924858,24,-84,0.0073,47,2022-04-17 03:50:32.000394,1300.17004394531,1.0412,2,"aoml_apex",1033.65457158023
"4903625",24,0,1,0.0438,1,0,1,0.000287000002572313,3,202.7121383409,1,1.93401503070957,1399.38000488281,1,4.40089988708496,34.9602012634277,0.0438000001013279,0,0.000287000002572313,192.511901855469,-84.4391,23.6697,29.8076461304184,53,52,53,51,53,53,0,8522,1.57564111924858,24,-84,0.0073,47,2022-04-17 03:50:32.000394,1399.38000488281,1.0412,2,"aoml_apex",1034.11812640681
"4903625",24,0,1,0.0438,1,0,1,0.000274999998509884,3,205.589835580322,1,1.93314774416774,1500.18005371094,1,4.35010004043579,34.9632987976074,0.0438000001013279,0,0.000274999998509884,195.24479675293,-84.4391,23.6697,29.8076461304184,53,52,53,51,53,53,0,8522,1.57564111924858,24,-84,0.0073,47,2022-04-17 03:50:32.000394,1500.18005371094,1.0412,2,"aoml_apex",1034.58207270187
"4903625",24,0,1,0.0365,1,-0.0073,1,0.000299000006634742,3,207.102874844539,1,1.93230312785933,1599.77001953125,1,4.32690000534058,34.9645004272461,0.0364999994635582,0,0.000299000006634742,196.681701660156,-84.4391,23.6697,29.8076461304184,53,52,53,51,53,53,0,8522,1.57564111924858,24,-84,0.0073,47,2022-04-17 03:50:32.000394,1599.77001953125,1.0412,2,"aoml_apex",1035.03429206558
"4903625",24,0,1,0.0438,1,0,1,0.000299000006634742,3,208.236308658381,1,1.93145708053494,1700.09997558594,1,4.3125,34.9656982421875,0.0438000001013279,0,0.000299000006634742,197.758102416992,-84.4391,23.6697,29.8076461304184,53,52,53,51,53,53,0,8522,1.57564111924858,24,-84,0.0073,47,2022-04-17 03:50:32.000394,1700.09997558594,1.0412,2,"aoml_apex",1035.48767412739
"4903625",24,0,1,0.0438,1,0,1,0.000287000002572313,3,209.191042234388,1,1.93062622838926,1799.31005859375,1,4.30730009078979,34.9663009643555,0.0438000001013279,0,0.000287000002572313,198.664794921875,-84.4391,23.6697,29.8076461304184,53,52,53,51,53,53,0,8522,1.57564111924858,24,-84,0.0073,47,2022-04-17 03:50:32.000394,1799.31005859375,1.0412,2,"aoml_apex",1035.93330008192
"4903625",24,0,1,0.0438,1,0,1,0.000287000002572313,3,209.801245222382,1,1.9297928822539,1899.32995605469,1,4.30749988555908,34.9667015075684,0.0438000001013279,0,0.000287000002572313,199.244293212891,-84.4391,23.6697,29.8076461304184,53,52,53,51,53,53,0,8522,1.57564111924858,24,-84,0.0073,47,2022-04-17 03:50:32.000394,1899.32995605469,1.0412,2,"aoml_apex",1036.38064913168
"4903625",25,0.0177670809716786,5,0.0657,1,0.0219,1,0.000538999971468002,3,199.725023495401,1,1.95367298035035,7.90000009536743,1,26.6935997009277,36.1455993652344,0.065700002014637,0.0438000001013279,0.000538999971468002,189.569305419922,-84.3608,23.3509,51.6649418595324,53,52,53,51,53,53,0.0365,8765,2.05436109950657,23,-84,0.0073,47,2022-04-27 11:12:19.001198,7.90000009536743,1.0412,2,"aoml_apex",1023.71278106193
"4903625",25,0.0177670809716786,5,0.0584,1,0.0146,1,0.000538999971468002,3,199.654529174825,1,1.95365245134334,11.6499996185303,1,26.7075004577637,36.144401550293,0.0584000013768673,0.0438000001013279,0.000538999971468002,189.502395629883,-84.3608,23.3509,51.6649418595324,53,52,53,51,53,53,0.0365,8765,2.05436109950657,23,-84,0.0073,47,2022-04-27 11:12:19.001198,11.6499996185303,1.0412,2,"aoml_apex",1023.72353825
"4903625",25,0.0177670809716786,5,0.0657,1,0.0219,1,0.000561999971978366,3,199.569405474153,1,1.95360808787432,16.9200000762939,1,26.7061996459961,36.1446990966797,0.065700002014637,0.0438000001013279,0.000561999971978366,189.421600341797,-84.3608,23.3509,51.6649418595324,53,52,53,51,53,53,0.0365,8765,2.05436109950657,23,-84,0.0073,47,2022-04-27 11:12:19.001198,16.9200000762939,1.0412,2,"aoml_apex",1023.74678545488
"4903625",25,0.0177670809716786,5,0.0657,1,0.0219,1,0.000551000004634261,3,199.561930021686,1,1.95357206180473,21.4200000762939,1,26.7054004669189,36.143798828125,0.065700002014637,0.0438000001013279,0.000551000004634261,189.414505004883,-84.3608,23.3509,51.6649418595324,53,52,53,51,53,53,0.0365,8765,2.05436109950657,23,-84,0.0073,47,2022-04-27 11:12:19.001198,21.4200000762939,1.0412,2,"aoml_apex",1023.7656644989
"4903625",25,0.0177670809716786,5,0.0657,1,0.0219,1,0.000551000004634261,3,199.522205628039,1,1.95352990768636,26.9300003051758,1,26.7126007080078,36.1447982788086,0.065700002014637,0.0438000001013279,0.000551000004634261,189.376800537109,-84.3608,23.3509,51.6649418595324,53,52,53,51,53,53,0.0365,8765,2.05436109950657,23,-84,0.0073,47,2022-04-27 11:12:19.001198,26.9300003051758,1.0412,2,"aoml_apex",1023.78775575987
"4903625",25,0.0177670809716786,5,0.0657,1,0.0219,1,0.000526999996509403,3,199.545178577663,1,1.95348969684643,31.5799999237061,1,26.7099990844727,36.1451988220215,0.065700002014637,0.0438000001013279,0.000526999996509403,189.39860534668,-84.3608,23.3509,51.6649418595324,53,52,53,51,53,53,0.0365,8765,2.05436109950657,23,-84,0.0073,47,2022-04-27 11:12:19.001198,31.5799999237061,1.0412,2,"aoml_apex",1023.80882951605
"4903625",25,0.0177670809716786,5,0.0657,1,0.0219,1,0.000538999971468002,3,199.513669143608,1,1.95344743213484,36.8400001525879,1,26.7108001708984,36.1450004577637,0.065700002014637,0.0438000001013279,0.000538999971468002,189.368698120117,-84.3608,23.3509,51.6649418595324,53,52,53,51,53,53,0.0365,8765,2.05436109950657,23,-84,0.0073,47,2022-04-27 11:12:19.001198,36.8400001525879,1.0412,2,"aoml_apex",1023.8309806035
"4903625",25,0.0177670809716786,5,0.073,1,0.0292,1,0.000515000021550804,3,199.405250968474,1,1.95341238811013,41.5400009155273,1,26.7138004302979,36.1439018249512,0.0729999989271164,0.0438000001013279,0.000515000021550804,189.26579284668,-84.3608,23.3509,51.6649418595324,53,52,53,51,53,53,0.0365,8765,2.05436109950657,23,-84,0.0073,47,2022-04-27 11:12:19.001198,41.5400009155273,1.0412,2,"aoml_apex",1023.84934802985
"4903625",25,0.0177670809716786,5,0.073,1,0.0292,1,0.000538999971468002,3,199.381554587966,1,1.95336975349579,46.75,1,26.7166004180908,36.1450996398926,0.0729999989271164,0.0438000001013279,0.000538999971468002,189.243301391602,-84.3608,23.3509,51.6649418595324,53,52,53,51,53,53,0.0365,8765,2.05436109950657,23,-84,0.0073,47,2022-04-27 11:12:19.001198,46.75,1.0412,2,"aoml_apex",1023.87169475761
"4903625",25,0.0177670809716786,5,0.0803,1,0.0365,1,0.000585999980103225,3,199.27019446057,1,1.95331661126019,51.5900001525879,1,26.7222003936768,36.1568984985352,0.0803000032901764,0.0511000007390976,0.000585999980103225,189.137603759766,-84.3608,23.3509,51.6649418595324,53,52,53,51,53,53,0.0365,8765,2.05436109950657,23,-84,0.0073,47,2022-04-27 11:12:19.001198,51.5900001525879,1.0412,2,"aoml_apex",1023.89955037022
"4903625",25,0.0142136647773429,1,0.073,1,0.0292,1,0.000561999971978366,3,198.987509823625,1,1.95320204387277,56.4900016784668,1,26.7124996185303,36.2046012878418,0.0729999989271164,0.0438000001013279,0.000561999971978366,188.869293212891,-84.3608,23.3509,51.6649418595324,53,52,53,51,53,53,0.0292,8765,2.05436109950657,23,-84,0.0073,47,2022-04-27 11:12:19.001198,56.4900016784668,1.0412,2,"aoml_apex",1023.95960841534
"4903625",25,0.0248739133603501,1,0.0949,1,0.0511,1,0.000598000013269484,3,198.925150081432,1,1.95313601562383,61.5699996948242,1,26.6849994659424,36.2099990844727,0.0948999971151352,0.065700002014637,0.000598000013269484,188.810104370117,-84.3608,23.3509,51.6649418595324,53,52,53,51,53,53,0.0511,8765,2.05436109950657,23,-84,0.0073,47,2022-04-27 11:12:19.001198,61.5699996948242,1.0412,2,"aoml_apex",1023.99422467319
"4903625",25,0.0319807457490215,1,0.1095,1,0.0657,1,0.000632999988738447,3,198.779113500335,1,1.95308724288437,66.6999969482422,1,26.6772994995117,36.211498260498,0.109499998390675,0.0803000032901764,0.000632999988738447,188.671493530273,-84.3608,23.3509,51.6649418595324,53,52,53,51,53,53,0.0657,8765,2.05436109950657,23,-84,0.0073,47,2022-04-27 11:12:19.001198,66.6999969482422,1.0412,2,"aoml_apex",1024.01979598533
"4903625",25,0.0319807457490215,1,0.1095,1,0.0657,1,0.000645000021904707,3,198.597596653443,1,1.95304692267632,71.3399963378906,1,26.668399810791,36.209400177002,0.109499998390675,0.0803000032901764,0.000645000021904707,188.499206542969,-84.3608,23.3509,51.6649418595324,53,52,53,51,53,53,0.0657,8765,2.05436109950657,23,-84,0.0073,47,2022-04-27 11:12:19.001198,71.3399963378906,1.0412,2,"aoml_apex",1024.04093664034
"4903625",25,0.0426409943320287,1,0.1314,1,0.0876,1,0.000632999988738447,3,198.223775801367,1,1.95300174112885,76.620002746582,1,26.6608009338379,36.2075996398926,0.131400004029274,0.102200001478195,0.000632999988738447,188.144393920898,-84.3608,23.3509,51.6649418595324,53,52,53,51,53,53,0.0876,8765,2.05436109950657,23,-84,0.0073,47,2022-04-27 11:12:19.001198,76.620002746582,1.0412,2,"aoml_apex",1024.06462722557
"4903625",25,0.0533012429150359,1,0.1533,1,0.1095,1,0.00067999999737367,3,198.110213228836,1,1.95293482578247,81.8399963378906,1,26.6287002563477,36.2108993530273,0.153300002217293,0.124099999666214,0.00067999999737367,188.036605834961,-84.3608,23.3509,51.6649418595324,53,52,53,51,53,53,0.1095,8765,2.05436109950657,23,-84,0.0073,47,2022-04-27 11:12:19.001198,81.8399963378906,1.0412,2,"aoml_apex",1024.09971576941
"4903625",25,0.0710683238867145,1,0.1898,1,0.146,1,0.000645000021904707,3,197.9685011568,1,1.95287704246282,86.4400024414062,1,26.6131992340088,36.2183990478516,0.18979999423027,0.160600006580353,0.000645000021904707,187.902099609375,-84.3608,23.3509,51.6649418595324,53,52,53,51,53,53,0.146,8765,2.05436109950657,23,-84,0.0073,47,2022-04-27 11:12:19.001198,86.4400024414062,1.0412,2,"aoml_apex",1024.13001766755
"4903625",25,0.0710683238867145,1,0.1898,1,0.146,1,0.000867999973706901,3,197.741874375236,1,1.952806060503,91.4400024414062,1,26.5785007476807,36.2247009277344,0.18979999423027,0.160600006580353,0.000867999973706901,187.686996459961,-84.3608,23.3509,51.6649418595324,53,52,53,51,53,53,0.146,8765,2.05436109950657,23,-84,0.0073,47,2022-04-27 11:12:19.001198,91.4400024414062,1.0412,2,"aoml_apex",1024.16724346136
"4903625",25,0.0852819886640574,1,0.219,1,0.1752,1,0.000880000006873161,3,197.333200230798,1,1.95273751902262,96.7099990844727,1,26.5391006469727,36.2257995605469,0.218999996781349,0.18979999423027,0.000880000006873161,187.299102783203,-84.3608,23.3509,51.6649418595324,53,52,53,51,53,53,0.1752,8765,2.05436109950657,23,-84,0.0073,47,2022-04-27 11:12:19.001198,96.7099990844727,1.0412,2,"aoml_apex",1024.20319193797
"4903625",25,0.106602485830072,1,0.2628,1,0.219,1,0.000785999989602715,3,196.090715725815,1,1.95265565021964,101.800003051758,1,26.486400604248,36.2316017150879,0.262800008058548,0.233600005507469,0.000785999989602715,186.11979675293,-84.3608,23.3509,51.6649418595324,53,52,53,51,53,53,0.219,8765,2.05436109950657,23,-84,0.0073,47,2022-04-27 11:12:19.001198,101.800003051758,1.0412,2,"aoml_apex",1024.2461336053
"4903625",25,0.309147208907208,1,0.6789,1,0.6351,1,0.000855999998748302,3,173.113988184582,1,1.9520909874716,111.650001525879,1,26.3698997497559,36.5195007324219,0.678900003433228,0.649699985980988,0.000855999998748302,164.311401367188,-84.3608,23.3509,51.6649418595324,53,52,53,51,53,53,0.6351,8765,2.05436109950657,23,-84,0.0073,47,2022-04-27 11:12:19.001198,111.650001525879,1.0412,2,"aoml_apex",1024.54240751885
"4903625",25,0.170563977328115,1,0.3942,1,0.3504,1,0.0007259999983944,3,162.43666277791,1,1.95086777194689,121.959999084473,1,25.1951007843018,36.8244018554688,0.394199997186661,0.365000009536743,0.0007259999983944,154.177001953125,-84.3608,23.3509,51.6649418595324,53,52,53,51,53,53,0.3504,8765,2.05436109950657,23,-84,0.0073,47,2022-04-27 11:12:19.001198,121.959999084473,1.0412,2,"aoml_apex",1025.18480686371
"4903625",25,0.110155902024407,1,0.2701,1,0.2263,1,0.000548999989405274,3,151.779030767521,1,1.95007444196687,131.919998168945,1,24.1324005126953,36.8905982971191,0.270099997520447,0.240899994969368,0.000548999989405274,144.061294555664,-84.3608,23.3509,51.6649418595324,53,52,53,51,53,53,0.2263,8765,2.05436109950657,23,-84,0.0073,47,2022-04-27 11:12:19.001198,131.919998168945,1.0412,2,"aoml_apex",1025.60187291249
"4903625",25,0.0781751562753859,1,0.2044,1,0.1606,1,0.000430999993113801,3,152.531286353087,1,1.94953491147193,141.720001220703,1,23.4477005004883,36.9398002624512,0.20440000295639,0.175200000405312,0.000430999993113801,144.775299072266,-84.3608,23.3509,51.6649418595324,53,52,53,51,53,53,0.1606,8765,2.05436109950657,23,-84,0.0073,47,2022-04-27 11:12:19.001198,141.720001220703,1.0412,2,"aoml_apex",1025.88570649908
"4903625",25,-0.00710683238867145,1,0.0292,1,-0.0146,1,0.000395000010030344,3,150.176872503303,1,1.94906452867926,151.759994506836,1,22.8076000213623,36.961498260498,0.0292000006884336,0,0.000395000010030344,142.540603637695,-84.3608,23.3509,51.6649418595324,53,52,53,51,53,53,-0.0146,8765,2.05436109950657,23,-84,0.0073,47,2022-04-27 11:12:19.001198,151.759994506836,1.0412,2,"aoml_apex",1026.13329141814
"4903625",25,-0.00355341619433572,1,0.0365,1,-0.0073,1,0.000325000000884756,3,150.29402007777,1,1.94871422774158,161.889999389648,1,22.264799118042,36.940299987793,0.0364999994635582,0.00730000017210841,0.000325000000884756,142.651794433594,-84.3608,23.3509,51.6649418595324,53,52,53,51,53,53,-0.0073,8765,2.05436109950657,23,-84,0.0073,47,2022-04-27 11:12:19.001198,161.889999389648,1.0412,2,"aoml_apex",1026.31774917447
"4903625",25,0,1,0.0292,1,-0.0146,1,0.000348000001395121,3,149.983330627496,1,1.94849352824895,171.169998168945,1,21.9619998931885,36.926700592041,0.0292000006884336,0,0.000348000001395121,142.356903076172,-84.3608,23.3509,51.6649418595324,53,52,53,51,53,53,0,8765,2.05436109950657,23,-84,0.0073,47,2022-04-27 11:12:19.001198,171.169998168945,1.0412,2,"aoml_apex",1026.43399683105
"4903625",25,0,1,0.0365,1,-0.0073,1,0.000348000001395121,3,150.313520559152,1,1.94823104249388,181.410003662109,1,21.4818992614746,36.871898651123,0.0364999994635582,0,0.000348000001395121,142.670303344727,-84.3608,23.3509,51.6649418595324,53,52,53,51,53,53,0,8765,2.05436109950657,23,-84,0.0073,47,2022-04-27 11:12:19.001198,181.410003662109,1.0412,2,"aoml_apex",1026.57228859255
"4903625",25,0,1,0.0292,1,-0.0146,1,0.000383000005967915,3,150.222914860003,1,1.94780306461894,191.910003662109,1,20.6476993560791,36.804500579834,0.0292000006884336,0,0.000383000005967915,142.58430480957,-84.3608,23.3509,51.6649418595324,53,52,53,51,53,53,0,8765,2.05436109950657,23,-84,0.0073,47,2022-04-27 11:12:19.001198,191.910003662109,1.0412,2,"aoml_apex",1026.79785052668
"4903625",25,0,1,0.0292,1,-0.0146,1,0.000371000001905486,3,145.882506395244,1,1.94756400977346,201.029998779297,1,20.0415992736816,36.7019996643066,0.0292000006884336,0,0.000371000001905486,138.464599609375,-84.3608,23.3509,51.6649418595324,53,52,53,51,53,53,0,8765,2.05436109950657,23,-84,0.0073,47,2022-04-27 11:12:19.001198,201.029998779297,1.0412,2,"aoml_apex",1026.92388540936
"4903625",25,0,1,0.0365,1,-0.0073,1,0.000395000010030344,3,151.227390604182,1,1.94730246321944,211.270004272461,1,19.5709991455078,36.6596984863281,0.0364999994635582,0,0.000395000010030344,143.537704467773,-84.3608,23.3509,51.6649418595324,53,52,53,51,53,53,0,8765,2.05436109950657,23,-84,0.0073,47,2022-04-27 11:12:19.001198,211.270004272461,1.0412,2,"aoml_apex",1027.06181385579
"4903625",25,0,1,0.0292,1,-0.0146,1,0.000335999997332692,3,159.33388379309,1,1.94706189829581,221.570007324219,1,19.2049999237061,36.6408004760742,0.0292000006884336,0,0.000335999997332692,151.231994628906,-84.3608,23.3509,51.6649418595324,53,52,53,51,53,53,0,8765,2.05436109950657,23,-84,0.0073,47,2022-04-27 11:12:19.001198,221.570007324219,1.0412,2,"aoml_apex",1027.18871020512
"4903625",25,0,1,0.0292,1,-0.0146,1,0.000311999989207834,3,159.151723896524,1,1.94693517116516,231.119995117188,1,19.0344009399414,36.6155014038086,0.0292000006884336,0,0.000311999989207834,151.059097290039,-84.3608,23.3509,51.6649418595324,53,52,53,51,53,53,0,8765,2.05436109950657,23,-84,0.0073,47,2022-04-27 11:12:19.001198,231.119995117188,1.0412,2,"aoml_apex",1027.25557050936
"4903625",25,0,1,0.0292,1,-0.0146,1,0.000358999997843057,3,158.910242667477,1,1.94676150908328,241.740005493164,1,18.7590999603271,36.581298828125,0.0292000006884336,0,0.000358999997843057,150.829895019531,-84.3608,23.3509,51.6649418595324,53,52,53,51,53,53,0,8765,2.05436109950657,23,-84,0.0073,47,2022-04-27 11:12:19.001198,241.740005493164,1.0412,2,"aoml_apex",1027.34720748706
"4903625",25,0,1,0.0292,1,-0.0146,1,0.000311999989207834,3,157.551350095153,1,1.94661284342421,251,1,18.5172004699707,36.5495986938477,0.0292000006884336,0,0.000311999989207834,149.540100097656,-84.3608,23.3509,51.6649418595324,53,52,53,51,53,53,0,8765,2.05436109950657,23,-84,0.0073,47,2022-04-27 11:12:19.001198,251,1.0412,2,"aoml_apex",1027.42566749014
"4903625",25,0,1,0.0365,1,-0.0073,1,0.000371000001905486,3,156.425916707185,1,1.9464550181241,261.510009765625,1,18.2212009429932,36.499698638916,0.0364999994635582,0,0.000371000001905486,148.471893310547,-84.3608,23.3509,51.6649418595324,53,52,53,51,53,53,0,8765,2.05436109950657,23,-84,0.0073,47,2022-04-27 11:12:19.001198,261.510009765625,1.0412,2,"aoml_apex",1027.5089747142
"4903625",25,0,1,0.0292,1,-0.0146,1,0.000358999997843057,3,155.46380186032,1,1.94628113527742,271.559997558594,1,17.8521003723145,36.4403991699219,0.0292000006884336,0,0.000358999997843057,147.558700561523,-84.3608,23.3509,51.6649418595324,53,52,53,51,53,53,0,8765,2.05436109950657,23,-84,0.0073,47,2022-04-27 11:12:19.001198,271.559997558594,1.0412,2,"aoml_apex",1027.60077346941
"4903625",25,0,1,0.0365,1,-0.0073,1,0.000371000001905486,3,154.789837572633,1,1.9461497440817,280.940002441406,1,17.6420001983643,36.4087982177734,0.0364999994635582,0,0.000371000001905486,146.919006347656,-84.3608,23.3509,51.6649418595324,53,52,53,51,53,53,0,8765,2.05436109950657,23,-84,0.0073,47,2022-04-27 11:12:19.001198,280.940002441406,1.0412,2,"aoml_apex",1027.67015029653
"4903625",25,0,1,0.0292,1,-0.0146,1,0.000346999993780628,3,152.302344592695,1,1.94601734256694,291.359985351562,1,17.4521999359131,36.3790016174316,0.0292000006884336,0,0.000346999993780628,144.557998657227,-84.3608,23.3509,51.6649418595324,53,52,53,51,53,53,0,8765,2.05436109950657,23,-84,0.0073,47,2022-04-27 11:12:19.001198,291.359985351562,1.0412,2,"aoml_apex",1027.74007006631
"4903625",25,0,1,0.0219,1,-0.0219,1,0.000311999989207834,3,149.723409949031,1,1.94587029238059,301.820007324219,1,17.1748008728027,36.331298828125,0.0219000000506639,0,0.000311999989207834,142.110198974609,-84.3608,23.3509,51.6649418595324,53,52,53,51,53,53,0,8765,2.05436109950657,23,-84,0.0073,47,2022-04-27 11:12:19.001198,301.820007324219,1.0412,2,"aoml_apex",1027.81773678922
"4903625",25,0,1,0.0292,1,-0.0146,1,0.000346999993780628,3,149.407447491426,1,1.94572864735903,311.440002441406,1,16.9118995666504,36.2901000976562,0.0292000006884336,0,0.000346999993780628,141.810302734375,-84.3608,23.3509,51.6649418595324,53,52,53,51,53,53,0,8765,2.05436109950657,23,-84,0.0073,47,2022-04-27 11:12:19.001198,311.440002441406,1.0412,2,"aoml_apex",1027.89255979483
"4903625",25,0,1,0.0365,1,-0.0073,1,0.00032299998565577,3,148.239026232713,1,1.94556690778825,321.339996337891,1,16.5561008453369,36.2327003479004,0.0364999994635582,0,0.00032299998565577,140.701293945312,-84.3608,23.3509,51.6649418595324,53,52,53,51,53,53,0,8765,2.05436109950657,23,-84,0.0073,47,2022-04-27 11:12:19.001198,321.339996337891,1.0412,2,"aoml_apex",1027.97801093031
"4903625",25,0,1,0.0365,1,-0.0073,1,0.000334999989718199,3,146.995705763153,1,1.94542900565801,331.739990234375,1,16.3351993560791,36.1992988586426,0.0364999994635582,0,0.000334999989718199,139.521194458008,-84.3608,23.3509,51.6649418595324,53,52,53,51,53,53,0,8765,2.05436109950657,23,-84,0.0073,47,2022-04-27 11:12:19.001198,331.739990234375,1.0412,2,"aoml_apex",1028.05087936043
"4903625",25,0,1,0.0365,1,-0.0073,1,0.00032299998565577,3,145.280499366144,1,1.94530180861707,341.119995117188,1,16.1224994659424,36.1674003601074,0.0364999994635582,0,0.00032299998565577,137.893203735352,-84.3608,23.3509,51.6649418595324,53,52,53,51,53,53,0,8765,2.05436109950657,23,-84,0.0073,47,2022-04-27 11:12:19.001198,341.119995117188,1.0412,2,"aoml_apex",1028.11810030744
"4903625",25,0,1,0.0219,1,-0.0219,1,0.00032299998565577,3,144.359459317242,1,1.9451977814383,350.809997558594,1,15.9646997451782,36.1351013183594,0.0219000000506639,0,0.00032299998565577,137.018997192383,-84.3608,23.3509,51.6649418595324,53,52,53,51,53,53,0,8765,2.05436109950657,23,-84,0.0073,47,2022-04-27 11:12:19.001198,350.809997558594,1.0412,2,"aoml_apex",1028.17308300711
"4903625",25,0,1,0.0219,1,-0.0219,1,0.000334999989718199,3,142.836106790644,1,1.94509804128771,361.779998779297,1,15.8978004455566,36.1206016540527,0.0219000000506639,0,0.000334999989718199,135.573104858398,-84.3608,23.3509,51.6649418595324,53,52,53,51,53,53,0,8765,2.05436109950657,23,-84,0.0073,47,2022-04-27 11:12:19.001198,361.779998779297,1.0412,2,"aoml_apex",1028.22580535629
"4903625",25,0,1,0.0365,1,-0.0073,1,0.000345999986166134,3,137.934460646153,1,1.94479188725368,381.619995117188,1,15.1406002044678,35.9892997741699,0.0364999994635582,0,0.000345999986166134,130.920700073242,-84.3608,23.3509,51.6649418595324,53,52,53,51,53,53,0,8765,2.05436109950657,23,-84,0.0073,47,2022-04-27 11:12:19.001198,381.619995117188,1.0412,2,"aoml_apex",1028.38767125067
"4903625",25,0,1,0.0365,1,-0.0073,1,0.000368999986676499,3,134.840121688312,1,1.94450785103444,401.480010986328,1,14.546199798584,35.8963012695312,0.0364999994635582,0,0.000368999986676499,127.983703613281,-84.3608,23.3509,51.6649418595324,53,52,53,51,53,53,0,8765,2.05436109950657,23,-84,0.0073,47,2022-04-27 11:12:19.001198,401.480010986328,1.0412,2,"aoml_apex",1028.53788887303
"4903625",25,0,1,0.0365,1,-0.0073,1,0.000357000011717901,3,127.553500758252,1,1.94383091643723,451.140014648438,1,13.0328998565674,35.6509017944336,0.0364999994635582,0,0.000357000011717901,121.067596435547,-84.3608,23.3509,51.6649418595324,53,52,53,51,53,53,0,8765,2.05436109950657,23,-84,0.0073,47,2022-04-27 11:12:19.001198,451.140014648438,1.0412,2,"aoml_apex",1028.89607480146
"4903625",25,0,1,0.0365,1,-0.0073,1,0.000331999995978549,3,123.002702516212,1,1.94322200498037,500.929992675781,1,11.7805004119873,35.451000213623,0.0364999994635582,0,0.000331999995978549,116.748199462891,-84.3608,23.3509,51.6649418595324,53,52,53,51,53,53,0,8765,2.05436109950657,23,-84,0.0073,47,2022-04-27 11:12:19.001198,500.929992675781,1.0412,2,"aoml_apex",1029.21848089107
"4903625",25,0,1,0.0365,1,-0.0073,1,0.000342999992426485,3,120.122442833161,1,1.9426361566108,551.109985351562,1,10.6799001693726,35.2877998352051,0.0364999994635582,0,0.000342999992426485,114.01439666748,-84.3608,23.3509,51.6649418595324,53,52,53,51,53,53,0,8765,2.05436109950657,23,-84,0.0073,47,2022-04-27 11:12:19.001198,551.109985351562,1.0412,2,"aoml_apex",1029.5288663263
"4903625",25,0,1,0.0365,1,-0.0073,1,0.000353999988874421,3,118.781354698702,1,1.94206367933771,601.830017089844,1,9.69970035552979,35.1539001464844,0.0364999994635582,0,0.000353999988874421,112.741500854492,-84.3608,23.3509,51.6649418595324,53,52,53,51,53,53,0,8765,2.05436109950657,23,-84,0.0073,47,2022-04-27 11:12:19.001198,601.830017089844,1.0412,2,"aoml_apex",1029.8323485881
"4903625",25,0,1,0.0365,1,-0.0073,1,0.000364000006811693,3,119.747794054629,1,1.94150719763334,650.969970703125,1,8.72130012512207,35.0293998718262,0.0364999994635582,0,0.000364000006811693,113.658798217773,-84.3608,23.3509,51.6649418595324,53,52,53,51,53,53,0,8765,2.05436109950657,23,-84,0.0073,47,2022-04-27 11:12:19.001198,650.969970703125,1.0412,2,"aoml_apex",1030.12752280185
"4903625",25,0,1,0.0365,1,-0.0073,1,0.00031699999817647,3,122.262672912584,1,1.94096784402198,701.400024414062,1,8.02639961242676,34.9561004638672,0.0364999994635582,0,0.00031699999817647,116.045799255371,-84.3608,23.3509,51.6649418595324,53,52,53,51,53,53,0,8765,2.05436109950657,23,-84,0.0073,47,2022-04-27 11:12:19.001198,701.400024414062,1.0412,2,"aoml_apex",1030.41377329348
"4903625",25,0,1,0.0365,1,-0.0073,1,0.000387000007322058,3,124.383933026607,1,1.94042908079988,751.880004882812,1,7.56540012359619,34.9351997375488,0.0364999994635582,0,0.000387000007322058,118.059196472168,-84.3608,23.3509,51.6649418595324,53,52,53,51,53,53,0,8765,2.05436109950657,23,-84,0.0073,47,2022-04-27 11:12:19.001198,751.880004882812,1.0412,2,"aoml_apex",1030.69986931734
"4903625",25,0,1,0.0511,1,0.0073,1,0.000361999991582707,3,132.914187912943,1,1.93984013528901,801.760009765625,1,6.86250019073486,34.9056015014648,0.0511000007390976,0,0.000361999991582707,126.155700683594,-84.3608,23.3509,51.6649418595324,53,52,53,51,53,53,0,8765,2.05436109950657,23,-84,0.0073,47,2022-04-27 11:12:19.001198,801.760009765625,1.0412,2,"aoml_apex",1031.01279513532
"4903625",25,0,1,0.0438,1,0,1,0.000372999988030642,3,141.601949778947,1,1.9392817411239,851.450012207031,1,6.36229991912842,34.9003982543945,0.0438000001013279,0,0.000372999988030642,134.401702880859,-84.3608,23.3509,51.6649418595324,53,52,53,51,53,53,0,8765,2.05436109950657,23,-84,0.0073,47,2022-04-27 11:12:19.001198,851.450012207031,1.0412,2,"aoml_apex",1031.30966356694
"4903625",25,0,1,0.0438,1,0,1,0.000361000013072044,3,149.628174292226,1,1.93874970100016,901.919982910156,1,6.02040004730225,34.905101776123,0.0438000001013279,0,0.000361000013072044,142.019805908203,-84.3608,23.3509,51.6649418595324,53,52,53,51,53,53,0,8765,2.05436109950657,23,-84,0.0073,47,2022-04-27 11:12:19.001198,901.919982910156,1.0412,2,"aoml_apex",1031.59268004954
"4903625",25,0,1,0.0511,1,0.0073,1,0.000325000000884756,3,156.592498725386,1,1.93824613618873,951.52001953125,1,5.75619983673096,34.9110984802246,0.0511000007390976,0,0.000325000000884756,148.630004882812,-84.3608,23.3509,51.6649418595324,53,52,53,51,53,53,0,8765,2.05436109950657,23,-84,0.0073,47,2022-04-27 11:12:19.001198,951.52001953125,1.0412,2,"aoml_apex",1031.86069233328
"4903625",25,0,1,0.0438,1,0,1,0.000348000001395121,3,162.970619075198,1,1.93775745592809,999.320007324219,1,5.49069976806641,34.9178009033203,0.0438000001013279,0,0.000348000001395121,154.683807373047,-84.3608,23.3509,51.6649418595324,53,52,53,51,53,53,0,8765,2.05436109950657,23,-84,0.0073,47,2022-04-27 11:12:19.001198,999.320007324219,1.0412,2,"aoml_apex",1032.12091579444
"4903625",25,0,1,0.0438,1,0,1,0.000358999997843057,3,178.020585811568,1,1.93674880329777,1099.77001953125,1,5.00729990005493,34.9351005554199,0.0438000001013279,0,0.000358999997843057,168.968505859375,-84.3608,23.3509,51.6649418595324,53,52,53,51,53,53,0,8765,2.05436109950657,23,-84,0.0073,47,2022-04-27 11:12:19.001198,1099.77001953125,1.0412,2,"aoml_apex",1032.65844109186
"4903625",25,0,1,0.0438,1,0,1,0.000346999993780628,3,189.129863760898,1,1.93580504600613,1199.88000488281,1,4.71110010147095,34.9459991455078,0.0438000001013279,0,0.000346999993780628,179.512893676758,-84.3608,23.3509,51.6649418595324,53,52,53,51,53,53,0,8765,2.05436109950657,23,-84,0.0073,47,2022-04-27 11:12:19.001198,1199.88000488281,1.0412,2,"aoml_apex",1033.16188999833
"4903625",25,0,1,0.0438,1,0,1,0.00032299998565577,3,197.439721409393,1,1.93488942770718,1300.22998046875,1,4.51020002365112,34.9547996520996,0.0438000001013279,0,0.00032299998565577,187.400207519531,-84.3608,23.3509,51.6649418595324,53,52,53,51,53,53,0,8765,2.05436109950657,23,-84,0.0073,47,2022-04-27 11:12:19.001198,1300.22998046875,1.0412,2,"aoml_apex",1033.65079748768
"4903625",25,0,1,0.0438,1,0,1,0.000368999986676499,3,202.835792372427,1,1.93401222523206,1399.67004394531,1,4.40010023117065,34.9603004455566,0.0438000001013279,0,0.000368999986676499,192.521896362305,-84.3608,23.3509,51.6649418595324,53,52,53,51,53,53,0,8765,2.05436109950657,23,-84,0.0073,47,2022-04-27 11:12:19.001198,1399.67004394531,1.0412,2,"aoml_apex",1034.11962649824
"4903625",25,0,1,0.0438,1,0,1,0.000311000010697171,3,205.368379210796,1,1.9331513803607,1499.9599609375,1,4.35400009155273,34.9627990722656,0.0438000001013279,0,0.000311000010697171,194.925704956055,-84.3608,23.3509,51.6649418595324,53,52,53,51,53,53,0,8765,2.05436109950657,23,-84,0.0073,47,2022-04-27 11:12:19.001198,1499.9599609375,1.0412,2,"aoml_apex",1034.58012668766
"4903625",25,0,1,0.0365,1,-0.0073,1,0.000287000002572313,3,207.69908060383,1,1.93230204365247,1599.56994628906,1,4.32000017166138,34.9650993347168,0.0364999994635582,0,0.000287000002572313,197.137893676758,-84.3608,23.3509,51.6649418595324,53,52,53,51,53,53,0,8765,2.05436109950657,23,-84,0.0073,47,2022-04-27 11:12:19.001198,1599.56994628906,1.0412,2,"aoml_apex",1035.03487281914
"4903625",25,0,1,0.0365,1,-0.0073,1,0.000262999994447455,3,209.18304633786,1,1.93145680332529,1699.7900390625,1,4.30480003356934,34.9662017822266,0.0364999994635582,0,0.000262999994447455,198.546401977539,-84.3608,23.3509,51.6649418595324,53,52,53,51,53,53,0,8765,2.05436109950657,23,-84,0.0073,47,2022-04-27 11:12:19.001198,1699.7900390625,1.0412,2,"aoml_apex",1035.48782274432
"4903625",25,0,1,0.0438,1,0,1,0.000299000006634742,3,210.129888754954,1,1.93061845476542,1799.82995605469,1,4.2992000579834,34.967098236084,0.0438000001013279,0,0.000299000006634742,199.445098876953,-84.3608,23.3509,51.6649418595324,53,52,53,51,53,53,0,8765,2.05436109950657,23,-84,0.0073,47,2022-04-27 11:12:19.001198,1799.82995605469,1.0412,2,"aoml_apex",1035.93747126126
"4903625",25,0,1,0.0438,1,0,1,0.000368999986676499,3,211.229712689631,1,1.92978655915669,1899.35998535156,1,4.2923002243042,34.9678993225098,0.0438000001013279,0,0.000368999986676499,200.488998413086,-84.3608,23.3509,51.6649418595324,53,52,53,51,53,53,0,8765,2.05436109950657,23,-84,0.0073,47,2022-04-27 11:12:19.001198,1899.35998535156,1.0412,2,"aoml_apex",1036.38404491427
"4903625",26,0,5,0.0365,1,-0.0073,1,0.00049200002104044,3,199.576782268159,1,1.95417688030811,7.78000020980835,1,27.5718994140625,36.1711006164551,0.0364999994635582,0.0146000003442168,0.00049200002104044,189.322998046875,-84.1287,23.2944,19.8727485167156,53,52,53,51,53,53,0,8765,2.05436109950657,23,-84,0.0073,47,2022-05-07 18:35:36.001982,7.78000020980835,1.0412,2,"aoml_apex",1023.44880862814
"4903625",26,0,5,0.0438,1,0,1,0.000503999995999038,3,199.617477847334,1,1.95413444326123,11.5900001525879,1,27.5571994781494,36.1725997924805,0.0438000001013279,0.0146000003442168,0.000503999995999038,189.361602783203,-84.1287,23.2944,19.8727485167156,53,52,53,51,53,53,0,8765,2.05436109950657,23,-84,0.0073,47,2022-05-07 18:35:36.001982,11.5900001525879,1.0412,2,"aoml_apex",1023.47103439937
"4903625",26,0,5,0.0438,1,0,1,0.000503999995999038,3,199.731538065488,1,1.95407523126054,16.6399993896484,1,27.5209007263184,36.1693992614746,0.0438000001013279,0.0146000003442168,0.000503999995999038,189.469802856445,-84.1287,23.2944,19.8727485167156,53,52,53,51,53,53,0,8765,2.05436109950657,23,-84,0.0073,47,2022-05-07 18:35:36.001982,16.6399993896484,1.0412,2,"aoml_apex",1023.50204741597
"4903625",26,0,1,0.0438,1,0,1,0.000515000021550804,3,199.887548509132,1,1.95398550136317,21.9400005340576,1,27.4314002990723,36.1631011962891,0.0438000001013279,0.0146000003442168,0.000515000021550804,189.617797851562,-84.1287,23.2944,19.8727485167156,53,52,53,51,53,53,0,8765,2.05436109950657,23,-84,0.0073,47,2022-05-07 18:35:36.001982,21.9400005340576,1.0412,2,"aoml_apex",1023.54904814019
"4903625",26,0.00710683238867145,1,0.0584,1,0.0146,1,0.000538999971468002,3,199.840644039221,1,1.95393873107317,26.4599990844727,1,27.4160003662109,36.1632995605469,0.0584000013768673,0.0292000006884336,0.000538999971468002,189.573303222656,-84.1287,23.2944,19.8727485167156,53,52,53,51,53,53,0.0146,8765,2.05436109950657,23,-84,0.0073,47,2022-05-07 18:35:36.001982,26.4599990844727,1.0412,2,"aoml_apex",1023.57354823584
"4903625",26,0.00355341619433572,1,0.0511,1,0.0073,1,0.00049200002104044,3,199.848236257945,1,1.95388490931246,31.8799991607666,1,27.3990001678467,36.1626014709473,0.0511000007390976,0.0219000000506639,0.00049200002104044,189.580505371094,-84.1287,23.2944,19.8727485167156,53,52,53,51,53,53,0.0073,8765,2.05436109950657,23,-84,0.0073,47,2022-05-07 18:35:36.001982,31.8799991607666,1.0412,2,"aoml_apex",1023.60174361742
"4903625",26,0.00710683238867145,1,0.0584,1,0.0146,1,0.000551000004634261,3,199.80638254371,1,1.95383780718352,36.5,1,27.3824996948242,36.1619987487793,0.0584000013768673,0.0292000006884336,0.000551000004634261,189.540802001953,-84.1287,23.2944,19.8727485167156,53,52,53,51,53,53,0.0146,8765,2.05436109950657,23,-84,0.0073,47,2022-05-07 18:35:36.001982,36.5,1.0412,2,"aoml_apex",1023.62642008807
"4903625",26,0.0106602485830072,1,0.0657,1,0.0219,1,0.000538999971468002,3,200.105020536977,1,1.95377602288608,41.5299987792969,1,27.3472003936768,36.1612014770508,0.065700002014637,0.0364999994635582,0.000538999971468002,189.824096679688,-84.1287,23.2944,19.8727485167156,53,52,53,51,53,53,0.0219,8765,2.05436109950657,23,-84,0.0073,47,2022-05-07 18:35:36.001982,41.5299987792969,1.0412,2,"aoml_apex",1023.65879024641
"4903625",26,0.0213204971660143,1,0.0876,1,0.0438,1,0.000867999973706901,3,201.188488055583,1,1.95359414939217,46.3499984741211,1,27.119499206543,36.1627006530762,0.0876000002026558,0.0584000013768673,0.000867999973706901,190.851898193359,-84.1287,23.2944,19.8727485167156,53,52,53,51,53,53,0.0438,8765,2.05436109950657,23,-84,0.0073,47,2022-05-07 18:35:36.001982,46.3499984741211,1.0412,2,"aoml_apex",1023.75408967224
"4903625",26,0.0213204971660143,1,0.0876,1,0.0438,1,0.000632999988738447,3,201.13167509683,1,1.95348357965366,51.8499984741211,1,27.0657997131348,36.1853981018066,0.0876000002026558,0.0584000013768673,0.000632999988738447,190.798004150391,-84.1287,23.2944,19.8727485167156,53,52,53,51,53,53,0.0438,8765,2.05436109950657,23,-84,0.0073,47,2022-05-07 18:35:36.001982,51.8499984741211,1.0412,2,"aoml_apex",1023.81203549947
"4903625",26,0.0426409943320287,1,0.1314,1,0.0876,1,0.000761999981477857,3,200.919897233028,1,1.95341185302838,56.9500007629395,1,27.0316009521484,36.1916999816895,0.131400004029274,0.102200001478195,0.000761999981477857,190.597106933594,-84.1287,23.2944,19.8727485167156,53,52,53,51,53,53,0.0876,8765,2.05436109950657,23,-84,0.0073,47,2022-05-07 18:35:36.001982,56.9500007629395,1.0412,2,"aoml_apex",1023.84962848433
"4903625",26,0.0355341619433572,4,0.1168,1,0.073,1,0.000832999998237938,3,200.69483298646,1,1.95335475144769,61.810001373291,1,27.0219993591309,36.1996994018555,0.116800002753735,0.0876000002026558,0.000832999998237938,190.383605957031,-84.1287,23.2944,19.8727485167156,53,52,53,51,53,53,0.073,8765,2.05436109950657,23,-84,0.0073,47,2022-05-07 18:35:36.001982,61.810001373291,1.0412,2,"aoml_apex",1023.87955824089
"4903625",26,0.0461944105263644,1,0.1387,1,0.0949,1,0.000702999997884035,3,200.014267786896,1,1.95328498873207,66.5599975585938,1,27.0272998809814,36.2234992980957,0.138699993491173,0.109499998390675,0.000702999997884035,189.738006591797,-84.1287,23.2944,19.8727485167156,53,52,53,51,53,53,0.0949,8765,2.05436109950657,23,-84,0.0073,47,2022-05-07 18:35:36.001982,66.5599975585938,1.0412,2,"aoml_apex",1023.91612669806
"4903625",26,0.0568546591093716,1,0.1606,1,0.1168,1,0.000632999988738447,3,199.841174851124,1,1.95316895727091,71.7699966430664,1,26.853099822998,36.2004013061523,0.160600006580353,0.131400004029274,0.000632999988738447,189.573806762695,-84.1287,23.2944,19.8727485167156,53,52,53,51,53,53,0.1168,8765,2.05436109950657,23,-84,0.0073,47,2022-05-07 18:35:36.001982,71.7699966430664,1.0412,2,"aoml_apex",1023.97695424902
"4903625",26,0.063961491498043,1,0.1752,1,0.1314,1,0.000903000007383525,3,198.557945119958,1,1.95309578306887,76.8399963378906,1,26.8824996948242,36.2350006103516,0.175200000405312,0.145999997854233,0.000903000007383525,188.356506347656,-84.1287,23.2944,19.8727485167156,53,52,53,51,53,53,0.1314,8765,2.05436109950657,23,-84,0.0073,47,2022-05-07 18:35:36.001982,76.8399963378906,1.0412,2,"aoml_apex",1024.01531831553
"4903625",26,0.0888354048583931,1,0.2263,1,0.1825,1,0.000855999998748302,3,196.788105641281,1,1.95293379858152,81.8099975585938,1,26.9288005828857,36.3391990661621,0.226300001144409,0.19709999859333,0.000855999998748302,186.677597045898,-84.1287,23.2944,19.8727485167156,53,52,53,51,53,53,0.1825,8765,2.05436109950657,23,-84,0.0073,47,2022-05-07 18:35:36.001982,81.8099975585938,1.0412,2,"aoml_apex",1024.10025442371
"4903625",26,0.131476399190422,1,0.3139,1,0.2701,1,0.000878999999258667,3,198.462849363403,1,1.95272250477139,86.6999969482422,1,26.7660007476807,36.3891983032227,0.313899993896484,0.284700006246567,0.000878999999258667,188.266296386719,-84.1287,23.2944,19.8727485167156,53,52,53,51,53,53,0.2701,8765,2.05436109950657,23,-84,0.0073,47,2022-05-07 18:35:36.001982,86.6999969482422,1.0412,2,"aoml_apex",1024.21106691457
"4903625",26,0.117262734413079,4,0.2847,1,0.2409,1,0.000867999973706901,3,199.367320674476,1,1.95236154734386,91.7900009155273,1,26.2171001434326,36.3799018859863,0.284700006246567,0.255499988794327,0.000867999973706901,189.124298095703,-84.1287,23.2944,19.8727485167156,53,52,53,51,53,53,0.2409,8765,2.05436109950657,23,-84,0.0073,47,2022-05-07 18:35:36.001982,91.7900009155273,1.0412,2,"aoml_apex",1024.40042558764
"4903625",26,0.142136647773429,1,0.3358,1,0.292,1,0.000773000007029623,3,193.439358116656,1,1.95195662512181,96.2200012207031,1,25.9176998138428,36.5113983154297,0.335799992084503,0.306600004434586,0.000773000007029623,183.500900268555,-84.1287,23.2944,19.8727485167156,53,52,53,51,53,53,0.292,8765,2.05436109950657,23,-84,0.0073,47,2022-05-07 18:35:36.001982,96.2200012207031,1.0412,2,"aoml_apex",1024.61293158868
"4903625",26,0.167010561133779,1,0.3869,1,0.3431,1,0.000855999998748302,3,200.299201181958,1,1.9516304493569,101.75,1,25.3512992858887,36.472900390625,0.386900007724762,0.357699990272522,0.000855999998748302,190.00830078125,-84.1287,23.2944,19.8727485167156,53,52,53,51,53,53,0.3431,8765,2.05436109950657,23,-84,0.0073,47,2022-05-07 18:35:36.001982,101.75,1.0412,2,"aoml_apex",1024.78417502608
"4903625",26,0.223865220243151,1,0.5037,1,0.4599,1,0.00080899999011308,3,203.818307156796,1,1.95092404669188,111.73999786377,1,23.56130027771,36.190601348877,0.503700017929077,0.474500000476837,0.00080899999011308,193.346603393555,-84.1287,23.2944,19.8727485167156,53,52,53,51,53,53,0.4599,8765,2.05436109950657,23,-84,0.0073,47,2022-05-07 18:35:36.001982,111.73999786377,1.0412,2,"aoml_apex",1025.15523522883
"4903625",26,0.170563977328115,1,0.3942,1,0.3504,1,0.000655999989248812,3,190.134137168019,1,1.95051733346721,121.400001525879,1,22.8391990661621,36.138801574707,0.394199997186661,0.365000009536743,0.000655999989248812,180.365493774414,-84.1287,23.2944,19.8727485167156,53,52,53,51,53,53,0.3504,8765,2.05436109950657,23,-84,0.0073,47,2022-05-07 18:35:36.001982,121.400001525879,1.0412,2,"aoml_apex",1025.36899605236
"4903625",26,0.113709318218743,1,0.2774,1,0.2336,1,0.000479000009363517,3,187.156250225791,1,1.94993234296786,131.860000610352,1,23.0293006896973,36.5578002929688,0.277399986982346,0.248199999332428,0.000479000009363517,177.540603637695,-84.1287,23.2944,19.8727485167156,53,52,53,51,53,53,0.2336,8765,2.05436109950657,23,-84,0.0073,47,2022-05-07 18:35:36.001982,131.860000610352,1.0412,2,"aoml_apex",1025.67661242848
"4903625",26,0.0710683238867145,4,0.1898,1,0.146,1,0.000479000009363517,3,196.198936600164,1,1.94951067930585,141.619995117188,1,21.6453990936279,36.2723999023438,0.18979999423027,0.160600006580353,0.000479000009363517,186.118698120117,-84.1287,23.2944,19.8727485167156,53,52,53,51,53,53,0.146,8765,2.05436109950657,23,-84,0.0073,47,2022-05-07 18:35:36.001982,141.619995117188,1.0412,2,"aoml_apex",1025.89845812598
"4903625",26,0.0923888210527288,1,0.2336,1,0.1898,1,0.000537000014446676,3,183.29896881357,1,1.94928671070215,151.130004882812,1,21.6539993286133,36.3764991760254,0.233600005507469,0.20440000295639,0.000537000014446676,173.881500244141,-84.1287,23.2944,19.8727485167156,53,52,53,51,53,53,0.1898,8765,2.05436109950657,23,-84,0.0073,47,2022-05-07 18:35:36.001982,151.130004882812,1.0412,2,"aoml_apex",1026.01633152241
"4903625",26,0.0781751562753859,1,0.2044,1,0.1606,1,0.000467000005301088,3,173.830812571702,1,1.94895083968292,160.550003051758,1,21.1711006164551,36.378101348877,0.20440000295639,0.175200000405312,0.000467000005301088,164.899795532227,-84.1287,23.2944,19.8727485167156,53,52,53,51,53,53,0.1606,8765,2.05436109950657,23,-84,0.0073,47,2022-05-07 18:35:36.001982,160.550003051758,1.0412,2,"aoml_apex",1026.19314929738
"4903625",26,0.0710683238867145,1,0.1898,1,0.146,1,0.000465999997686595,3,146.211398564368,1,1.94836139939029,171.889999389648,1,20.80419921875,36.5884017944336,0.18979999423027,0.160600006580353,0.000465999997686595,138.699401855469,-84.1287,23.2944,19.8727485167156,53,52,53,51,53,53,0.146,8765,2.05436109950657,23,-84,0.0073,47,2022-05-07 18:35:36.001982,171.889999389648,1.0412,2,"aoml_apex",1026.50360483731
"4903625",26,0.0533012429150359,1,0.1533,1,0.1095,1,0.000418999989051372,3,144.338259872465,1,1.94800607267272,181.410003662109,1,20.1599006652832,36.5498008728027,0.153300002217293,0.124099999666214,0.000418999989051372,136.922500610352,-84.1287,23.2944,19.8727485167156,53,52,53,51,53,53,0.1095,8765,2.05436109950657,23,-84,0.0073,47,2022-05-07 18:35:36.001982,181.410003662109,1.0412,2,"aoml_apex",1026.69084458035
"4903625",26,0.0284273295546858,1,0.1022,1,0.0584,1,0.000453999993624166,3,139.17013042495,1,1.94768984455117,191.419998168945,1,19.8321990966797,36.5960998535156,0.102200001478195,0.0729999989271164,0.000453999993624166,132.019897460938,-84.1287,23.2944,19.8727485167156,53,52,53,51,53,53,0.0584,8765,2.05436109950657,23,-84,0.0073,47,2022-05-07 18:35:36.001982,191.419998168945,1.0412,2,"aoml_apex",1026.85753873758
"4903625",26,0.0142136647773429,1,0.073,1,0.0292,1,0.000429999985499308,3,136.701613801195,1,1.94742178459298,201.729995727539,1,19.4169998168945,36.5782012939453,0.0729999989271164,0.0438000001013279,0.000429999985499308,129.678207397461,-84.1287,23.2944,19.8727485167156,53,52,53,51,53,53,0.0292,8765,2.05436109950657,23,-84,0.0073,47,2022-05-07 18:35:36.001982,201.729995727539,1.0412,2,"aoml_apex",1026.99888428023
"4903625",26,0.0106602485830072,1,0.0657,1,0.0219,1,0.000559000007342547,3,136.009225972898,1,1.94705675335235,211.600006103516,1,18.3342990875244,36.4067001342773,0.065700002014637,0.0364999994635582,0.000559000007342547,129.021392822266,-84.1287,23.2944,19.8727485167156,53,52,53,51,53,53,0.0219,8765,2.05436109950657,23,-84,0.0073,47,2022-05-07 18:35:36.001982,211.600006103516,1.0412,2,"aoml_apex",1027.19142447003
"4903625",26,0,4,0.0438,1,0,1,0.00047699999413453,3,137.641922958276,1,1.94676775705289,221.25,1,17.9314994812012,36.4178009033203,0.0438000001013279,0.0146000003442168,0.00047699999413453,130.570205688477,-84.1287,23.2944,19.8727485167156,53,52,53,51,53,53,0,8765,2.05436109950657,23,-84,0.0073,47,2022-05-07 18:35:36.001982,221.25,1.0412,2,"aoml_apex",1027.34391031198
"4903625",26,-0.00355341619433572,1,0.0365,1,-0.0073,1,0.000500000023748726,3,133.16711428119,1,1.9465673936473,231.240005493164,1,17.4622001647949,36.3460998535156,0.0364999994635582,0.00730000017210841,0.000500000023748726,126.325302124023,-84.1287,23.2944,19.8727485167156,53,52,53,51,53,53,-0.0073,8765,2.05436109950657,23,-84,0.0073,47,2022-05-07 18:35:36.001982,231.240005493164,1.0412,2,"aoml_apex",1027.44965652208
"4903625",26,0.0106602485830072,1,0.0657,1,0.0219,1,0.000441000011051074,3,126.606970832959,1,1.94630582660164,241.330001831055,1,16.6499004364014,36.2103004455566,0.065700002014637,0.0364999994635582,0.000441000011051074,120.102203369141,-84.1287,23.2944,19.8727485167156,53,52,53,51,53,53,0.0219,8765,2.05436109950657,23,-84,0.0073,47,2022-05-07 18:35:36.001982,241.330001831055,1.0412,2,"aoml_apex",1027.58773706808
"4903625",26,0,1,0.0438,1,0,1,0.000616999983321875,3,126.097278810303,1,1.94612115624031,251.139999389648,1,16.1833992004395,36.1365013122559,0.0438000001013279,0.0146000003442168,0.000616999983321875,119.618698120117,-84.1287,23.2944,19.8727485167156,53,52,53,51,53,53,0,8765,2.05436109950657,23,-84,0.0073,47,2022-05-07 18:35:36.001982,251.139999389648,1.0412,2,"aoml_apex",1027.68524641281
"4903625",26,-0.00355341619433572,1,0.0365,1,-0.0073,1,0.000464000011561438,3,125.965830481047,1,1.94589211367267,261.470001220703,1,15.6197004318237,36.0634002685547,0.0364999994635582,0.00730000017210841,0.000464000011561438,119.494003295898,-84.1287,23.2944,19.8727485167156,53,52,53,51,53,53,-0.0073,8765,2.05436109950657,23,-84,0.0073,47,2022-05-07 18:35:36.001982,261.470001220703,1.0412,2,"aoml_apex",1027.80621081053
"4903625",26,0,1,0.0438,1,0,1,0.000546000024769455,3,124.638004507485,1,1.94571789429195,271.489990234375,1,15.2349996566772,36.0108985900879,0.0438000001013279,0,0.000546000024769455,118.234397888184,-84.1287,23.2944,19.8727485167156,53,52,53,51,53,53,0,8765,2.05436109950657,23,-84,0.0073,47,2022-05-07 18:35:36.001982,271.489990234375,1.0412,2,"aoml_apex",1027.89824047324
"4903625",26,0,1,0.0365,1,-0.0073,1,0.000499000016134232,3,123.05876671475,1,1.94558616447118,281.589996337891,1,14.9398002624512,35.956600189209,0.0364999994635582,0,0.000499000016134232,116.736297607422,-84.1287,23.2944,19.8727485167156,53,52,53,51,53,53,0,8765,2.05436109950657,23,-84,0.0073,47,2022-05-07 18:35:36.001982,281.589996337891,1.0412,2,"aoml_apex",1027.9678363891
"4903625",26,0,1,0.0365,1,-0.0073,1,0.000533999991603196,3,121.888865324722,1,1.94542784145679,291.760009765625,1,14.5697002410889,35.8995018005371,0.0364999994635582,0,0.000533999991603196,115.626502990723,-84.1287,23.2944,19.8727485167156,53,52,53,51,53,53,0,8765,2.05436109950657,23,-84,0.0073,47,2022-05-07 18:35:36.001982,291.760009765625,1.0412,2,"aoml_apex",1028.0514945763
"4903625",26,0,1,0.0365,1,-0.0073,1,0.000533999991603196,3,121.747291356299,1,1.94526829635554,301.290008544922,1,14.1675996780396,35.8394012451172,0.0364999994635582,0,0.000533999991603196,115.492202758789,-84.1287,23.2944,19.8727485167156,53,52,53,51,53,53,0,8765,2.05436109950657,23,-84,0.0073,47,2022-05-07 18:35:36.001982,301.290008544922,1.0412,2,"aoml_apex",1028.13581229232
"4903625",26,0,1,0.0365,1,-0.0073,1,0.000438999995822087,3,121.768580130622,1,1.94514308158441,311.200012207031,1,13.8695001602173,35.7845001220703,0.0364999994635582,0,0.000438999995822087,115.512397766113,-84.1287,23.2944,19.8727485167156,53,52,53,51,53,53,0,8765,2.05436109950657,23,-84,0.0073,47,2022-05-07 18:35:36.001982,311.200012207031,1.0412,2,"aoml_apex",1028.20199651889
"4903625",26,0,1,0.0365,1,-0.0073,1,0.000438999995822087,3,121.661581319289,1,1.94496668827243,321.5,1,13.4076995849609,35.7183990478516,0.0364999994635582,0,0.000438999995822087,115.41089630127,-84.1287,23.2944,19.8727485167156,53,52,53,51,53,53,0,8765,2.05436109950657,23,-84,0.0073,47,2022-05-07 18:35:36.001982,321.5,1.0412,2,"aoml_apex",1028.29524642216
"4903625",26,0,1,0.0365,1,-0.0073,1,0.000403999991249293,3,121.456760308449,1,1.94486430261538,331.070007324219,1,13.1995000839233,35.6767997741699,0.0364999994635582,0,0.000403999991249293,115.216598510742,-84.1287,23.2944,19.8727485167156,53,52,53,51,53,53,0,8765,2.05436109950657,23,-84,0.0073,47,2022-05-07 18:35:36.001982,331.070007324219,1.0412,2,"aoml_apex",1028.34938011381
"4903625",26,0,1,0.0438,1,0,1,0.000414999987697229,3,121.95506400302,1,1.94474345459707,340.859985351562,1,12.9843997955322,35.6451988220215,0.0438000001013279,0,0.000414999987697229,115.689300537109,-84.1287,23.2944,19.8727485167156,53,52,53,51,53,53,0,8765,2.05436109950657,23,-84,0.0073,47,2022-05-07 18:35:36.001982,340.859985351562,1.0412,2,"aoml_apex",1028.41328262209
"4903625",26,0,1,0.0365,1,-0.0073,1,0.000814999977592379,3,121.78787433901,1,1.94461055928243,351.890014648438,1,12.7454996109009,35.6088981628418,0.0364999994635582,0,0.000814999977592379,115.530700683594,-84.1287,23.2944,19.8727485167156,53,52,53,51,53,53,0,8765,2.05436109950657,23,-84,0.0073,47,2022-05-07 18:35:36.001982,351.890014648438,1.0412,2,"aoml_apex",1028.48356471848
"4903625",26,0,1,0.0438,1,0,1,0.000449999992270023,3,120.728333569029,1,1.94450051037825,361.679992675781,1,12.5395002365112,35.5733985900879,0.0438000001013279,0,0.000449999992270023,114.525596618652,-84.1287,23.2944,19.8727485167156,53,52,53,51,53,53,0,8765,2.05436109950657,23,-84,0.0073,47,2022-05-07 18:35:36.001982,361.679992675781,1.0412,2,"aoml_apex",1028.54177169177
"4903625",26,0,1,0.0365,1,-0.0073,1,0.000437999988207594,3,118.523775227591,1,1.9442602074956,381.769989013672,1,12.1038999557495,35.5085983276367,0.0364999994635582,0,0.000437999988207594,112.434303283691,-84.1287,23.2944,19.8727485167156,53,52,53,51,53,53,0,8765,2.05436109950657,23,-84,0.0073,47,2022-05-07 18:35:36.001982,381.769989013672,1.0412,2,"aoml_apex",1028.66889539245
"4903625",26,0,1,0.0438,1,0,1,0.000391000008676201,3,116.862518953349,1,1.94402204332493,401.170013427734,1,11.6215000152588,35.4365997314453,0.0438000001013279,0,0.000391000008676201,110.8583984375,-84.1287,23.2944,19.8727485167156,53,52,53,51,53,53,0,8765,2.05436109950657,23,-84,0.0073,47,2022-05-07 18:35:36.001982,401.170013427734,1.0412,2,"aoml_apex",1028.79491869307
"4903625",26,0,1,0.0365,1,-0.0073,1,0.000377999996999279,3,115.743004481015,1,1.94348588282248,451.010009765625,1,10.7800998687744,35.3077011108398,0.0364999994635582,0,0.000377999996999279,109.796401977539,-84.1287,23.2944,19.8727485167156,53,52,53,51,53,53,0,8765,2.05436109950657,23,-84,0.0073,47,2022-05-07 18:35:36.001982,451.010009765625,1.0412,2,"aoml_apex",1029.0787381977
"4903625",26,0,1,0.0438,1,0,1,0.000400999997509643,3,116.113326208903,1,1.9429259575526,501.619995117188,1,9.87209987640381,35.1828994750977,0.0438000001013279,0,0.000400999997509643,110.14769744873,-84.1287,23.2944,19.8727485167156,53,52,53,51,53,53,0,8765,2.05436109950657,23,-84,0.0073,47,2022-05-07 18:35:36.001982,501.619995117188,1.0412,2,"aoml_apex",1029.37530492376
"4903625",26,0,1,0.0438,1,0,1,0.000423999998020008,3,119.084481491098,1,1.94238393749387,551.140014648438,1,8.9576997756958,35.060001373291,0.0438000001013279,0,0.000423999998020008,112.966201782227,-84.1287,23.2944,19.8727485167156,53,52,53,51,53,53,0,8765,2.05436109950657,23,-84,0.0073,47,2022-05-07 18:35:36.001982,551.140014648438,1.0412,2,"aoml_apex",1029.66255094782
"4903625",26,0,1,0.0511,1,0.0073,1,0.000364000006811693,3,118.679785671235,1,1.941848372671,601.159973144531,1,8.3499002456665,35.0040016174316,0.0511000007390976,0,0.000364000006811693,112.582298278809,-84.1287,23.2944,19.8727485167156,53,52,53,51,53,53,0,8765,2.05436109950657,23,-84,0.0073,47,2022-05-07 18:35:36.001982,601.159973144531,1.0412,2,"aoml_apex",1029.94653349222
"4903625",26,0,1,0.0438,1,0,1,0.0003629999991972,3,124.9565720749,1,1.94130894784219,651.340026855469,1,7.65220022201538,34.9351005554199,0.0438000001013279,0,0.0003629999991972,118.536598205566,-84.1287,23.2944,19.8727485167156,53,52,53,51,53,53,0,8765,2.05436109950657,23,-84,0.0073,47,2022-05-07 18:35:36.001982,651.340026855469,1.0412,2,"aoml_apex",1030.23272118693
"4903625",26,0,1,0.0438,1,0,1,0.000349999987520278,3,131.449045048194,1,1.94076497797942,698.580017089844,1,6.99959993362427,34.9003982543945,0.0438000001013279,0,0.000349999987520278,124.695503234863,-84.1287,23.2944,19.8727485167156,53,52,53,51,53,53,0,8765,2.05436109950657,23,-84,0.0073,47,2022-05-07 18:35:36.001982,698.580017089844,1.0412,2,"aoml_apex",1030.52148131932
"4903625",26,0,1,0.0511,1,0.0073,1,0.00032600000849925,3,135.288817710244,1,1.94021234001085,751.289978027344,1,6.65889978408813,34.9043006896973,0.0511000007390976,0,0.00032600000849925,128.337997436523,-84.1287,23.2944,19.8727485167156,53,52,53,51,53,53,0,8765,2.05436109950657,23,-84,0.0073,47,2022-05-07 18:35:36.001982,751.289978027344,1.0412,2,"aoml_apex",1030.81500862365
"4903625",26,0,1,0.0365,1,-0.0073,1,0.000361000013072044,3,144.324876978444,1,1.93968828243385,801.169982910156,1,6.2878999710083,34.9005012512207,0.0364999994635582,0,0.000361000013072044,136.909805297852,-84.1287,23.2944,19.8727485167156,53,52,53,51,53,53,0,8765,2.05436109950657,23,-84,0.0073,47,2022-05-07 18:35:36.001982,801.169982910156,1.0412,2,"aoml_apex",1031.0935102884
"4903625",26,0,1,0.0365,1,-0.0073,1,0.000337000004947186,3,153.05668451538,1,1.93913454442774,851.849975585938,1,5.8882999420166,34.9081993103027,0.0364999994635582,0,0.000337000004947186,145.192993164062,-84.1287,23.2944,19.8727485167156,53,52,53,51,53,53,0,8765,2.05436109950657,23,-84,0.0073,47,2022-05-07 18:35:36.001982,851.849975585938,1.0412,2,"aoml_apex",1031.3879486842
"4903625",26,0,1,0.0438,1,0,1,0.00036000000545755,3,159.35330398194,1,1.9386302467562,901.429992675781,1,5.62559986114502,34.9152984619141,0.0438000001013279,0,0.00036000000545755,151.166107177734,-84.1287,23.2944,19.8727485167156,53,52,53,51,53,53,0,8765,2.05436109950657,23,-84,0.0073,47,2022-05-07 18:35:36.001982,901.429992675781,1.0412,2,"aoml_apex",1031.65624458119
"4903625",26,0,1,0.0438,1,0,1,0.000348000001395121,3,167.663775550136,1,1.93811875484439,951.469970703125,1,5.353600025177,34.9235992431641,0.0438000001013279,0,0.000348000001395121,159.049606323242,-84.1287,23.2944,19.8727485167156,53,52,53,51,53,53,0,8765,2.05436109950657,23,-84,0.0073,47,2022-05-07 18:35:36.001982,951.469970703125,1.0412,2,"aoml_apex",1031.92851057291
"4903625",26,0,1,0.0438,1,0,1,0.000335999997332692,3,173.851691173192,1,1.93764533218951,1000.04998779297,1,5.16219997406006,34.9296989440918,0.0438000001013279,0,0.000335999997332692,164.91960144043,-84.1287,23.2944,19.8727485167156,53,52,53,51,53,53,0,8765,2.05436109950657,23,-84,0.0073,47,2022-05-07 18:35:36.001982,1000.04998779297,1.0412,2,"aoml_apex",1032.18064047873
"4903625",26,0,1,0.0438,1,0,1,0.000334999989718199,3,187.17215849765,1,1.93667778388181,1099.02001953125,1,4.76520013809204,34.9441986083984,0.0438000001013279,0,0.000334999989718199,177.555694580078,-84.1287,23.2944,19.8727485167156,53,52,53,51,53,53,0,8765,2.05436109950657,23,-84,0.0073,47,2022-05-07 18:35:36.001982,1099.02001953125,1.0412,2,"aoml_apex",1032.69630944558
"4903625",26,0,1,0.0438,1,0,1,0.00032299998565577,3,195.796243388841,1,1.93575175314227,1200.05004882812,1,4.55499982833862,34.9533004760742,0.0438000001013279,0,0.00032299998565577,185.736694335938,-84.1287,23.2944,19.8727485167156,53,52,53,51,53,53,0,8765,2.05436109950657,23,-84,0.0073,47,2022-05-07 18:35:36.001982,1200.05004882812,1.0412,2,"aoml_apex",1033.19033380878
"4903625",26,0,1,0.0365,1,-0.0073,1,0.000311000010697171,3,202.103704286375,1,1.93486567020849,1299.40002441406,1,4.41870021820068,34.959300994873,0.0364999994635582,0,0.000311000010697171,191.720092773438,-84.1287,23.2944,19.8727485167156,53,52,53,51,53,53,0,8765,2.05436109950657,23,-84,0.0073,47,2022-05-07 18:35:36.001982,1299.40002441406,1.0412,2,"aoml_apex",1033.66348930285
"4903625",26,0,1,0.0438,1,0,1,0.000287000002572313,3,205.687746250593,1,1.93399765983008,1399.2099609375,1,4.34460020065308,34.9627990722656,0.0438000001013279,0,0.000287000002572313,195.119995117188,-84.1287,23.2944,19.8727485167156,53,52,53,51,53,53,0,8765,2.05436109950657,23,-84,0.0073,47,2022-05-07 18:35:36.001982,1399.2099609375,1.0412,2,"aoml_apex",1034.1274147021
"4903625",26,0,1,0.0511,1,0.0073,1,0.000334000011207536,3,207.568058945782,1,1.9331464024347,1499.25,1,4.3221001625061,34.9644012451172,0.0511000007390976,0,0.000334000011207536,196.903701782227,-84.1287,23.2944,19.8727485167156,53,52,53,51,53,53,0,8765,2.05436109950657,23,-84,0.0073,47,2022-05-07 18:35:36.001982,1499.25,1.0412,2,"aoml_apex",1034.5827907711
"4903625",26,0,1,0.0365,1,-0.0073,1,0.000287000002572313,3,208.730472670946,1,1.93229974372329,1599.18005371094,1,4.30389976501465,34.9659004211426,0.0364999994635582,0,0.000287000002572313,198.006393432617,-84.1287,23.2944,19.8727485167156,53,52,53,51,53,53,0,8765,2.05436109950657,23,-84,0.0073,47,2022-05-07 18:35:36.001982,1599.18005371094,1.0412,2,"aoml_apex",1035.03610477444
"4903625",26,0,1,0.0438,1,0,1,0.000262999994447455,3,209.839145712307,1,1.93145316639749,1699.77001953125,1,4.29370021820068,34.9667015075684,0.0438000001013279,0,0.000262999994447455,199.05810546875,-84.1287,23.2944,19.8727485167156,53,52,53,51,53,53,0,8765,2.05436109950657,23,-84,0.0073,47,2022-05-07 18:35:36.001982,1699.77001953125,1.0412,2,"aoml_apex",1035.48977256868
"4903625",26,0,1,0.0438,1,0,1,0.000262999994447455,3,210.472581249032,1,1.93061582986277,1799.84997558594,1,4.29150009155273,34.9673004150391,0.0438000001013279,0,0.000262999994447455,199.658996582031,-84.1287,23.2944,19.8727485167156,53,52,53,51,53,53,0,8765,2.05436109950657,23,-84,0.0073,47,2022-05-07 18:35:36.001982,1799.84997558594,1.0412,2,"aoml_apex",1035.93887974189
"4903625",26,0,1,0.0511,1,0.0073,1,0.000274999998509884,3,211.143028852034,1,1.92978570563121,1899.47998046875,1,4.2923002243042,34.9678001403809,0.0511000007390976,0,0.000274999998509884,200.294998168945,-84.1287,23.2944,19.8727485167156,53,52,53,51,53,53,0,8765,2.05436109950657,23,-84,0.0073,47,2022-05-07 18:35:36.001982,1899.47998046875,1.0412,2,"aoml_apex",1036.38450329687
"4903625",27,0.00355341619433572,1,0.0511,1,0.0073,1,0.000503999995999038,3,198.912897430807,1,1.95452894568713,7.80999994277954,1,28.0618000030518,36.138801574707,0.0511000007390976,0.0219000000506639,0.000503999995999038,188.587997436523,-84.1267,23.02,23.8475031057447,53,52,53,51,53,53,0.0073,8765,2.05436109950657,23,-84,0.0073,47,2022-05-18 02:11:29.000231,7.80999994277954,1.0412,2,"aoml_apex",1023.26445684686
"4903625",27,0.00710683238867145,1,0.0584,1,0.0146,1,0.000526999996509403,3,199.054558438971,1,1.95449529516147,11.5900001525879,1,28.0454998016357,36.1335983276367,0.0584000013768673,0.0292000006884336,0.000526999996509403,188.722305297852,-84.1267,23.02,23.8475031057447,53,52,53,51,53,53,0.0146,8765,2.05436109950657,23,-84,0.0073,47,2022-05-18 02:11:29.000231,11.5900001525879,1.0412,2,"aoml_apex",1023.28207438063
"4903625",27,0.00710683238867145,1,0.0584,1,0.0146,1,0.00049200002104044,3,199.21867083391,1,1.95441253400171,16.6399993896484,1,27.9750003814697,36.1316986083984,0.0584000013768673,0.0292000006884336,0.00049200002104044,188.877899169922,-84.1267,23.02,23.8475031057447,53,52,53,51,53,53,0.0146,8765,2.05436109950657,23,-84,0.0073,47,2022-05-18 02:11:29.000231,16.6399993896484,1.0412,2,"aoml_apex",1023.32540607737
"4903625",27,0.0106602485830072,1,0.0657,1,0.0219,1,0.00047999998787418,3,199.189250665434,1,1.9543697926444,21.3799991607666,1,27.9692993164062,36.1319999694824,0.065700002014637,0.0364999994635582,0.00047999998787418,188.850006103516,-84.1267,23.02,23.8475031057447,53,52,53,51,53,53,0.0219,8765,2.05436109950657,23,-84,0.0073,47,2022-05-18 02:11:29.000231,21.3799991607666,1.0412,2,"aoml_apex",1023.34778583221
"4903625",27,0.0142136647773429,1,0.073,1,0.0292,1,0.000526999996509403,3,199.137765370602,1,1.95432454349242,26.4500007629395,1,27.9631996154785,36.1319999694824,0.0729999989271164,0.0438000001013279,0.000526999996509403,188.801193237305,-84.1267,23.02,23.8475031057447,53,52,53,51,53,53,0.0292,8765,2.05436109950657,23,-84,0.0073,47,2022-05-18 02:11:29.000231,26.4500007629395,1.0412,2,"aoml_apex",1023.37147975738
"4903625",27,0.0177670809716786,1,0.0803,1,0.0365,1,0.000526999996509403,3,199.144846811591,1,1.95427632046536,31.7900009155273,1,27.953800201416,36.1310997009277,0.0803000032901764,0.0511000007390976,0.000526999996509403,188.807907104492,-84.1267,23.02,23.8475031057447,53,52,53,51,53,53,0.0365,8765,2.05436109950657,23,-84,0.0073,47,2022-05-18 02:11:29.000231,31.7900009155273,1.0412,2,"aoml_apex",1023.39673210785
"4903625",27,0.0213204971660143,1,0.0876,1,0.0438,1,0.000515000021550804,3,199.167732741336,1,1.95423471956519,36.5900001525879,1,27.9454002380371,36.1291007995605,0.0876000002026558,0.0584000013768673,0.000515000021550804,188.829605102539,-84.1267,23.02,23.8475031057447,53,52,53,51,53,53,0.0438,8765,2.05436109950657,23,-84,0.0073,47,2022-05-18 02:11:29.000231,36.5900001525879,1.0412,2,"aoml_apex",1023.41851773312
"4903625",27,0.0248739133603501,1,0.0949,1,0.0511,1,0.000551000004634261,3,199.224899283144,1,1.95419145881393,41.6399993896484,1,27.9353008270264,36.1260986328125,0.0948999971151352,0.065700002014637,0.000551000004634261,188.883804321289,-84.1267,23.02,23.8475031057447,53,52,53,51,53,53,0.0511,8765,2.05436109950657,23,-84,0.0073,47,2022-05-18 02:11:29.000231,41.6399993896484,1.0412,2,"aoml_apex",1023.44117357563
"4903625",27,0.0319807457490215,1,0.1095,1,0.0657,1,0.000503999995999038,3,199.351576605941,1,1.95414372577205,46.7099990844727,1,27.9158000946045,36.1220016479492,0.109499998390675,0.0803000032901764,0.000503999995999038,189.00390625,-84.1267,23.02,23.8475031057447,53,52,53,51,53,53,0.0657,8765,2.05436109950657,23,-84,0.0073,47,2022-05-18 02:11:29.000231,46.7099990844727,1.0412,2,"aoml_apex",1023.4661727401
"4903625",27,0.039087578137693,1,0.1241,1,0.0803,1,0.000503999995999038,3,199.316652226514,1,1.95409967596051,51.9199981689453,1,27.9088001251221,36.1199989318848,0.124099999666214,0.0948999971151352,0.000503999995999038,188.970794677734,-84.1267,23.02,23.8475031057447,53,52,53,51,53,53,0.0803,8765,2.05436109950657,23,-84,0.0073,47,2022-05-18 02:11:29.000231,51.9199981689453,1.0412,2,"aoml_apex",1023.48924397469
"4903625",27,0.039087578137693,1,0.1241,1,0.0803,1,0.000515000021550804,3,199.270558483344,1,1.95405454521522,56.4099998474121,1,27.8994007110596,36.1217994689941,0.124099999666214,0.0948999971151352,0.000515000021550804,188.927093505859,-84.1267,23.02,23.8475031057447,53,52,53,51,53,53,0.0803,8765,2.05436109950657,23,-84,0.0073,47,2022-05-18 02:11:29.000231,56.4099998474121,1.0412,2,"aoml_apex",1023.51288243068
"4903625",27,0.0568546591093716,1,0.1606,1,0.1168,1,0.000574000005144626,3,198.979881424897,1,1.9540045147015,61.8400001525879,1,27.8896007537842,36.1214981079102,0.160600006580353,0.131400004029274,0.000574000005144626,188.651504516602,-84.1267,23.02,23.8475031057447,53,52,53,51,53,53,0.1168,8765,2.05436109950657,23,-84,0.0073,47,2022-05-18 02:11:29.000231,61.8400001525879,1.0412,2,"aoml_apex",1023.53908854992
"4903625",27,0.063961491498043,1,0.1752,1,0.1314,1,0.000585999980103225,3,198.870392690684,1,1.95395747539247,66.6600036621094,1,27.8819007873535,36.1235008239746,0.175200000405312,0.145999997854233,0.000585999980103225,188.547698974609,-84.1267,23.02,23.8475031057447,53,52,53,51,53,53,0.1314,8765,2.05436109950657,23,-84,0.0073,47,2022-05-18 02:11:29.000231,66.6600036621094,1.0412,2,"aoml_apex",1023.56372909205
"4903625",27,0.0710683238867145,1,0.1898,1,0.146,1,0.000598000013269484,3,199.287328623143,1,1.95388163585476,71.7200012207031,1,27.8190994262695,36.1202011108398,0.18979999423027,0.160600006580353,0.000598000013269484,188.942993164062,-84.1267,23.02,23.8475031057447,53,52,53,51,53,53,0.146,8765,2.05436109950657,23,-84,0.0073,47,2022-05-18 02:11:29.000231,71.7200012207031,1.0412,2,"aoml_apex",1023.60345852018
"4903625",27,0.0675149076923788,4,0.1825,1,0.1387,1,0.000585999980103225,3,199.53752880866,1,1.95371563221574,76.5699996948242,1,27.6986999511719,36.1558990478516,0.182500004768372,0.153300002217293,0.000585999980103225,189.180206298828,-84.1267,23.02,23.8475031057447,53,52,53,51,53,53,0.1387,8765,2.05436109950657,23,-84,0.0073,47,2022-05-18 02:11:29.000231,76.5699996948242,1.0412,2,"aoml_apex",1023.69043223131
"4903625",27,0.0710683238867145,1,0.1898,1,0.146,1,0.000738999980967492,3,199.367815637666,1,1.95366670748253,81.620002746582,1,27.6854000091553,36.1554985046387,0.18979999423027,0.160600006580353,0.000738999980967492,189.019302368164,-84.1267,23.02,23.8475031057447,53,52,53,51,53,53,0.146,8765,2.05436109950657,23,-84,0.0073,47,2022-05-18 02:11:29.000231,81.620002746582,1.0412,2,"aoml_apex",1023.71606801714
"4903625",27,0.0817285724697216,1,0.2117,1,0.1679,1,0.000914999982342124,3,198.552918815765,1,1.95353706180099,86.8300018310547,1,27.5932006835938,36.1762008666992,0.21170000731945,0.182500004768372,0.000914999982342124,188.246704101562,-84.1267,23.02,23.8475031057447,53,52,53,51,53,53,0.1679,8765,2.05436109950657,23,-84,0.0073,47,2022-05-18 02:11:29.000231,86.8300018310547,1.0412,2,"aoml_apex",1023.78400651185
"4903625",27,0.113709318218743,1,0.2774,1,0.2336,1,0.000668000022415072,3,197.612921901105,1,1.95340201482683,91.7600021362305,1,27.5023002624512,36.2028999328613,0.277399986982346,0.248199999332428,0.000668000022415072,187.355499267578,-84.1267,23.02,23.8475031057447,53,52,53,51,53,53,0.2336,8765,2.05436109950657,23,-84,0.0073,47,2022-05-18 02:11:29.000231,91.7600021362305,1.0412,2,"aoml_apex",1023.85478504654
"4903625",27,0.103049069635736,4,0.2555,1,0.2117,1,0.000761999981477857,3,196.806152642158,1,1.95333726899146,96.5899963378906,1,27.4683990478516,36.2058982849121,0.255499988794327,0.226300001144409,0.000761999981477857,186.590606689453,-84.1267,23.02,23.8475031057447,53,52,53,51,53,53,0.2117,8765,2.05436109950657,23,-84,0.0073,47,2022-05-18 02:11:29.000231,96.5899963378906,1.0412,2,"aoml_apex",1023.88872200889
"4903625",27,0.135029815384758,1,0.3212,1,0.2774,1,0.000702999997884035,3,196.285103432965,1,1.953233661971,101.889999389648,1,27.3827991485596,36.2109985351562,0.321200013160706,0.291999995708466,0.000702999997884035,186.096603393555,-84.1267,23.02,23.8475031057447,53,52,53,51,53,53,0.2774,8765,2.05436109950657,23,-84,0.0073,47,2022-05-18 02:11:29.000231,101.889999389648,1.0412,2,"aoml_apex",1023.94303300191
"4903625",27,0.135029815384758,1,0.3212,1,0.2774,1,0.000585999980103225,3,193.424297838191,1,1.95300580583729,111.48999786377,1,27.1420001983643,36.2116012573242,0.321200013160706,0.291999995708466,0.000585999980103225,183.384292602539,-84.1267,23.02,23.8475031057447,53,52,53,51,53,53,0.2774,8765,2.05436109950657,23,-84,0.0073,47,2022-05-18 02:11:29.000231,111.48999786377,1.0412,2,"aoml_apex",1024.06249588314
"4903625",27,0.163457144939443,1,0.3796,1,0.3358,1,0.000585999980103225,3,186.866400656114,1,1.95254561258231,121.580001831055,1,26.8939990997314,36.3686981201172,0.379599988460541,0.350400000810623,0.000585999980103225,177.166793823242,-84.1267,23.02,23.8475031057447,53,52,53,51,53,53,0.3358,8765,2.05436109950657,23,-84,0.0073,47,2022-05-18 02:11:29.000231,121.580001831055,1.0412,2,"aoml_apex",1024.30385600822
"4903625",27,0.152796896356436,1,0.3577,1,0.3139,1,0.000678999989759177,3,183.783591886309,1,1.95234269245437,130.880004882812,1,26.7886009216309,36.4123001098633,0.357699990272522,0.328500002622604,0.000678999989759177,174.244003295898,-84.1267,23.02,23.8475031057447,53,52,53,51,53,53,0.3139,8765,2.05436109950657,23,-84,0.0073,47,2022-05-18 02:11:29.000231,130.880004882812,1.0412,2,"aoml_apex",1024.41031880818
"4903625",27,0.145690063967765,1,0.3431,1,0.2993,1,0.00052599998889491,3,177.445605635334,1,1.95191796011409,141.589996337891,1,26.4176998138428,36.4901008605957,0.343100011348724,0.313899993896484,0.00052599998889491,168.235000610352,-84.1267,23.02,23.8475031057447,53,52,53,51,53,53,0.2993,8765,2.05436109950657,23,-84,0.0073,47,2022-05-18 02:11:29.000231,141.589996337891,1.0412,2,"aoml_apex",1024.63322786532
"4903625",27,0.113709318218743,1,0.2774,1,0.2336,1,0.000514000013936311,3,166.152944348189,1,1.95107067738077,151.639999389648,1,25.6853008270264,36.7165985107422,0.277399986982346,0.248199999332428,0.000514000013936311,157.528503417969,-84.1267,23.02,23.8475031057447,53,52,53,51,53,53,0.2336,8765,2.05436109950657,23,-84,0.0073,47,2022-05-18 02:11:29.000231,151.639999389648,1.0412,2,"aoml_apex",1025.07819075263
"4903625",27,0.0781751562753859,1,0.2044,1,0.1606,1,0.000490000005811453,3,160.055550054842,1,1.95031468697352,161.660003662109,1,24.9929008483887,36.9011993408203,0.20440000295639,0.175200000405312,0.000490000005811453,151.747604370117,-84.1267,23.02,23.8475031057447,53,52,53,51,53,53,0.1606,8765,2.05436109950657,23,-84,0.0073,47,2022-05-18 02:11:29.000231,161.660003662109,1.0412,2,"aoml_apex",1025.47553651641
"4903625",27,0.0426409943320287,1,0.1314,1,0.0876,1,0.000455000001238659,3,157.491875286325,1,1.9497530274334,171.559997558594,1,24.1991996765137,36.9155006408691,0.131400004029274,0.102200001478195,0.000455000001238659,149.317001342773,-84.1267,23.02,23.8475031057447,53,52,53,51,53,53,0.0876,8765,2.05436109950657,23,-84,0.0073,47,2022-05-18 02:11:29.000231,171.559997558594,1.0412,2,"aoml_apex",1025.77094219607
"4903625",27,0.0355341619433572,1,0.1168,1,0.073,1,0.000430999993113801,3,157.156359831066,1,1.94942794708449,181.550003051758,1,23.8206005096436,36.934398651123,0.116800002753735,0.0876000002026558,0.000430999993113801,148.998901367188,-84.1267,23.02,23.8475031057447,53,52,53,51,53,53,0.073,8765,2.05436109950657,23,-84,0.0073,47,2022-05-18 02:11:29.000231,181.550003051758,1.0412,2,"aoml_apex",1025.94199646678
"4903625",27,0.0284273295546858,1,0.1022,1,0.0584,1,0.000478000001749024,3,155.771471386222,1,1.949049600648,191.190002441406,1,23.3451995849609,36.9558982849121,0.102200001478195,0.0729999989271164,0.000478000001749024,147.685897827148,-84.1267,23.02,23.8475031057447,53,52,53,51,53,53,0.0584,8765,2.05436109950657,23,-84,0.0073,47,2022-05-18 02:11:29.000231,191.190002441406,1.0412,2,"aoml_apex",1026.1411507101
"4903625",27,0.0248739133603501,1,0.0949,1,0.0511,1,0.000513000006321818,3,152.797507583267,1,1.94871033745009,201.559997558594,1,22.9097995758057,36.9637985229492,0.0948999971151352,0.065700002014637,0.000513000006321818,144.866302490234,-84.1267,23.02,23.8475031057447,53,52,53,51,53,53,0.0511,8765,2.05436109950657,23,-84,0.0073,47,2022-05-18 02:11:29.000231,201.559997558594,1.0412,2,"aoml_apex",1026.31979805527
"4903625",27,0.0213204971660143,1,0.0876,1,0.0438,1,0.000453999993624166,3,149.301013906185,1,1.94840251123269,211.529998779297,1,22.4514007568359,36.9453010559082,0.0876000002026558,0.0584000013768673,0.000453999993624166,141.551300048828,-84.1267,23.02,23.8475031057447,53,52,53,51,53,53,0.0438,8765,2.05436109950657,23,-84,0.0073,47,2022-05-18 02:11:29.000231,211.529998779297,1.0412,2,"aoml_apex",1026.48194532179
"4903625",27,0.00710683238867145,1,0.0584,1,0.0146,1,0.000407000014092773,3,147.681552728554,1,1.94804717904017,221.720001220703,1,21.9374008178711,36.9398002624512,0.0584000013768673,0.0292000006884336,0.000407000014092773,140.015899658203,-84.1267,23.02,23.8475031057447,53,52,53,51,53,53,0.0146,8765,2.05436109950657,23,-84,0.0073,47,2022-05-18 02:11:29.000231,221.720001220703,1.0412,2,"aoml_apex",1026.669180048
"4903625",27,0,4,0.0438,1,0,1,0.000418999989051372,3,146.767193849114,1,1.94772215266024,231.490005493164,1,21.3595008850098,36.8947982788086,0.0438000001013279,0.0146000003442168,0.000418999989051372,139.149002075195,-84.1267,23.02,23.8475031057447,53,52,53,51,53,53,0,8765,2.05436109950657,23,-84,0.0073,47,2022-05-18 02:11:29.000231,231.490005493164,1.0412,2,"aoml_apex",1026.84050559694
"4903625",27,0.00355341619433572,1,0.0511,1,0.0073,1,0.000383000005967915,3,146.400664901156,1,1.94752209922215,241.330001831055,1,21.0386009216309,36.8597984313965,0.0511000007390976,0.0219000000506639,0.000383000005967915,138.801498413086,-84.1267,23.02,23.8475031057447,53,52,53,51,53,53,0.0073,8765,2.05436109950657,23,-84,0.0073,47,2022-05-18 02:11:29.000231,241.330001831055,1.0412,2,"aoml_apex",1026.94598474585
"4903625",27,0.00355341619433572,1,0.0511,1,0.0073,1,0.000441999989561737,3,145.302880605896,1,1.94728624796672,251.910003662109,1,20.532600402832,36.7797012329102,0.0511000007390976,0.0219000000506639,0.000441999989561737,137.760696411133,-84.1267,23.02,23.8475031057447,53,52,53,51,53,53,0.0073,8765,2.05436109950657,23,-84,0.0073,47,2022-05-18 02:11:29.000231,251.910003662109,1.0412,2,"aoml_apex",1027.07036630507
"4903625",27,0,1,0.0438,1,0,1,0.000617999990936369,3,146.802955126113,1,1.94698268991158,259.839996337891,1,19.838399887085,36.6978988647461,0.0438000001013279,0.0146000003442168,0.000617999990936369,139.182907104492,-84.1267,23.02,23.8475031057447,53,52,53,51,53,53,0,8765,2.05436109950657,23,-84,0.0073,47,2022-05-18 02:11:29.000231,259.839996337891,1.0412,2,"aoml_apex",1027.23049894749
"4903625",27,0,1,0.0292,1,-0.0146,1,0.000348000001395121,3,149.751184328743,1,1.94673207008959,271.690002441406,1,19.4223003387451,36.6585006713867,0.0292000006884336,0,0.000348000001395121,141.978103637695,-84.1267,23.02,23.8475031057447,53,52,53,51,53,53,0,8765,2.05436109950657,23,-84,0.0073,47,2022-05-18 02:11:29.000231,271.690002441406,1.0412,2,"aoml_apex",1027.36274330137
"4903625",27,0,1,0.0292,1,-0.0146,1,0.000348000001395121,3,149.722391833446,1,1.94656258087629,281.579986572266,1,19.1208000183105,36.6152992248535,0.0292000006884336,0,0.000348000001395121,141.950805664062,-84.1267,23.02,23.8475031057447,53,52,53,51,53,53,0,8765,2.05436109950657,23,-84,0.0073,47,2022-05-18 02:11:29.000231,281.579986572266,1.0412,2,"aoml_apex",1027.45219683595
"4903625",27,0,1,0.0292,1,-0.0146,1,0.000383000005967915,3,144.494308798334,1,1.94639642801508,291.5,1,18.7823009490967,36.5579986572266,0.0292000006884336,0,0.000383000005967915,136.994094848633,-84.1267,23.02,23.8475031057447,53,52,53,51,53,53,0,8765,2.05436109950657,23,-84,0.0073,47,2022-05-18 02:11:29.000231,291.5,1.0412,2,"aoml_apex",1027.5399046224
"4903625",27,0,1,0.0511,1,0.0073,1,0.000394000002415851,3,133.146170858707,1,1.94621472135159,301.279998779297,1,18.2908000946045,36.4622001647949,0.0511000007390976,0,0.000394000002415851,126.235000610352,-84.1267,23.02,23.8475031057447,53,52,53,51,53,53,0,8765,2.05436109950657,23,-84,0.0073,47,2022-05-18 02:11:29.000231,301.279998779297,1.0412,2,"aoml_apex",1027.63584000179
"4903625",27,0,1,0.0292,1,-0.0146,1,0.000429000006988645,3,143.599037621198,1,1.94595918961364,310.980010986328,1,17.7080993652344,36.3905982971191,0.0292000006884336,0,0.000429000006988645,136.145294189453,-84.1267,23.02,23.8475031057447,53,52,53,51,53,53,0,8765,2.05436109950657,23,-84,0.0073,47,2022-05-18 02:11:29.000231,310.980010986328,1.0412,2,"aoml_apex",1027.77078300244
"4903625",27,0,1,0.0365,1,-0.0073,1,0.000429000006988645,3,137.316334892496,1,1.94575204108166,321.579986572266,1,17.2126998901367,36.3123016357422,0.0364999994635582,0,0.000429000006988645,130.188705444336,-84.1267,23.02,23.8475031057447,53,52,53,51,53,53,0,8765,2.05436109950657,23,-84,0.0073,47,2022-05-18 02:11:29.000231,321.579986572266,1.0412,2,"aoml_apex",1027.88020147119
"4903625",27,0,1,0.0292,1,-0.0146,1,0.000381999998353422,3,136.753086732678,1,1.94555054333641,331.690002441406,1,16.7800998687744,36.255500793457,0.0292000006884336,0,0.000381999998353422,129.654693603516,-84.1267,23.02,23.8475031057447,53,52,53,51,53,53,0,8765,2.05436109950657,23,-84,0.0073,47,2022-05-18 02:11:29.000231,331.690002441406,1.0412,2,"aoml_apex",1027.98665747857
"4903625",27,0,1,0.0365,1,-0.0073,1,0.000417000002926216,3,131.275044924809,1,1.94541245258555,340.940002441406,1,16.4368991851807,36.1898994445801,0.0364999994635582,0,0.000417000002926216,124.460998535156,-84.1267,23.02,23.8475031057447,53,52,53,51,53,53,0,8765,2.05436109950657,23,-84,0.0073,47,2022-05-18 02:11:29.000231,340.940002441406,1.0412,2,"aoml_apex",1028.05962681173
"4903625",27,0,1,0.0292,1,-0.0146,1,0.000417000002926216,3,129.672989607247,1,1.94524355077701,351.459991455078,1,16.0743007659912,36.1335983276367,0.0292000006884336,0,0.000417000002926216,122.942100524902,-84.1267,23.02,23.8475031057447,53,52,53,51,53,53,0,8765,2.05436109950657,23,-84,0.0073,47,2022-05-18 02:11:29.000231,351.459991455078,1.0412,2,"aoml_apex",1028.14889127951
"4903625",27,0,1,0.0365,1,-0.0073,1,0.000429000006988645,3,127.624562094567,1,1.94502733902134,361.820007324219,1,15.4912996292114,36.0455017089844,0.0364999994635582,0,0.000429000006988645,121,-84.1267,23.02,23.8475031057447,53,52,53,51,53,53,0,8765,2.05436109950657,23,-84,0.0073,47,2022-05-18 02:11:29.000231,361.820007324219,1.0412,2,"aoml_apex",1028.26318164058
"4903625",27,0,4,0.0292,1,-0.0146,1,0.000452000007499009,3,127.917363585311,1,1.94477387235276,381.279998779297,1,15.0160999298096,35.9667015075684,0.0292000006884336,0,0.000452000007499009,121.277603149414,-84.1267,23.02,23.8475031057447,53,52,53,51,53,53,0,8765,2.05436109950657,23,-84,0.0073,47,2022-05-18 02:11:29.000231,381.279998779297,1.0412,2,"aoml_apex",1028.3971974492
"4903625",27,0,1,0.0438,1,0,1,0.000452000007499009,3,126.195165183684,1,1.94450336932746,401.799987792969,1,14.5187997817993,35.8895988464355,0.0438000001013279,0,0.000452000007499009,119.644798278809,-84.1267,23.02,23.8475031057447,53,52,53,51,53,53,0,8765,2.05436109950657,23,-84,0.0073,47,2022-05-18 02:11:29.000231,401.799987792969,1.0412,2,"aoml_apex",1028.54025945542
"4903625",27,0,1,0.0438,1,0,1,0.000414999987697229,3,122.998755615637,1,1.9438322206883,451.820007324219,1,13.0243997573853,35.643798828125,0.0438000001013279,0,0.000414999987697229,116.614303588867,-84.1267,23.02,23.8475031057447,53,52,53,51,53,53,0,8765,2.05436109950657,23,-84,0.0073,47,2022-05-18 02:11:29.000231,451.820007324219,1.0412,2,"aoml_apex",1028.89538444414
"4903625",27,0,1,0.0438,1,0,1,0.000460999988717958,3,120.340471186079,1,1.94317814732966,501.269989013672,1,11.548999786377,35.4198989868164,0.0438000001013279,0,0.000460999988717958,114.09400177002,-84.1267,23.02,23.8475031057447,53,52,53,51,53,53,0,8765,2.05436109950657,23,-84,0.0073,47,2022-05-18 02:11:29.000231,501.269989013672,1.0412,2,"aoml_apex",1029.24171041571
"4903625",27,0,4,0.0365,1,-0.0073,1,0.000354999996488914,3,117.996288899878,1,1.94261620313758,551,1,10.555700302124,35.271900177002,0.0364999994635582,0,0.000354999996488914,111.87149810791,-84.1267,23.02,23.8475031057447,53,52,53,51,53,53,0,8765,2.05436109950657,23,-84,0.0073,47,2022-05-18 02:11:29.000231,551,1.0412,2,"aoml_apex",1029.53944107423
"4903625",27,0,1,0.0438,1,0,1,0.000400999997509643,3,116.482936677806,1,1.94203191255735,601.619995117188,1,9.52810001373291,35.1371994018555,0.0438000001013279,0,0.000400999997509643,110.436698913574,-84.1267,23.02,23.8475031057447,53,52,53,51,53,53,0,8765,2.05436109950657,23,-84,0.0073,47,2022-05-18 02:11:29.000231,601.619995117188,1.0412,2,"aoml_apex",1029.84919406721
"4903625",27,0,1,0.0511,1,0.0073,1,0.000364000006811693,3,120.296904229807,1,1.94148648422,651.080017089844,1,8.64570045471191,35.0262985229492,0.0511000007390976,0,0.000364000006811693,114.052696228027,-84.1267,23.02,23.8475031057447,53,52,53,51,53,53,0,8765,2.05436109950657,23,-84,0.0073,47,2022-05-18 02:11:29.000231,651.080017089844,1.0412,2,"aoml_apex",1030.13851307006
"4903625",27,0,1,0.0438,1,0,1,0.000399000011384487,3,122.904137907503,1,1.94094074330588,701.669982910156,1,7.9326000213623,34.9532012939453,0.0438000001013279,0,0.000399000011384487,116.524597167969,-84.1267,23.02,23.8475031057447,53,52,53,51,53,53,0,8765,2.05436109950657,23,-84,0.0073,47,2022-05-18 02:11:29.000231,701.669982910156,1.0412,2,"aoml_apex",1030.4281606215
"4903625",27,0,1,0.0438,1,0,1,0.0003629999991972,3,127.399372271092,1,1.94037086613614,751.849975585938,1,7.30679988861084,34.9220008850098,0.0438000001013279,0,0.0003629999991972,120.786499023438,-84.1267,23.02,23.8475031057447,53,52,53,51,53,53,0,8765,2.05436109950657,23,-84,0.0073,47,2022-05-18 02:11:29.000231,751.849975585938,1.0412,2,"aoml_apex",1030.73079219263
"4903625",27,0,1,0.0438,1,0,1,0.000361999991582707,3,134.323903013323,1,1.93983579290162,801.330017089844,1,6.82950019836426,34.9044990539551,0.0438000001013279,0,0.000361999991582707,127.351600646973,-84.1267,23.02,23.8475031057447,53,52,53,51,53,53,0,8765,2.05436109950657,23,-84,0.0073,47,2022-05-18 02:11:29.000231,801.330017089844,1.0412,2,"aoml_apex",1031.01510309199
"4903625",27,0,1,0.0438,1,0,1,0.000349000009009615,3,143.712855690925,1,1.93926955318459,851.450012207031,1,6.30469989776611,34.8975982666016,0.0438000001013279,0,0.000349000009009615,136.253204345703,-84.1267,23.02,23.8475031057447,53,52,53,51,53,53,0,8765,2.05436109950657,23,-84,0.0073,47,2022-05-18 02:11:29.000231,851.450012207031,1.0412,2,"aoml_apex",1031.3161451515
"4903625",27,0,1,0.0438,1,0,1,0.000361000013072044,3,148.45183647222,1,1.93876913509131,901.75,1,6.07789993286133,34.9038009643555,0.0438000001013279,0,0.000361000013072044,140.746200561523,-84.1267,23.02,23.8475031057447,53,52,53,51,53,53,0,8765,2.05436109950657,23,-84,0.0073,47,2022-05-18 02:11:29.000231,901.75,1.0412,2,"aoml_apex",1031.58233943404
"4903625",27,0,1,0.0438,1,0,1,0.000312999996822327,3,159.755055544113,1,1.93822007158769,950.950012207031,1,5.65710020065308,34.9136009216309,0.0438000001013279,0,0.000312999996822327,151.462707519531,-84.1267,23.02,23.8475031057447,53,52,53,51,53,53,0,8765,2.05436109950657,23,-84,0.0073,47,2022-05-18 02:11:29.000231,950.950012207031,1.0412,2,"aoml_apex",1031.87456848577
"4903625",27,0,1,0.0438,1,0,1,0.000358999997843057,3,170.70164359125,1,1.93768767286958,999.099975585938,1,5.26959991455078,34.9258995056152,0.0438000001013279,0,0.000358999997843057,161.841094970703,-84.1267,23.02,23.8475031057447,53,52,53,51,53,53,0,8765,2.05436109950657,23,-84,0.0073,47,2022-05-18 02:11:29.000231,999.099975585938,1.0412,2,"aoml_apex",1032.15808615748
"4903625",27,0,1,0.0511,1,0.0073,1,0.000334999989718199,3,183.794037011769,1,1.93669579505052,1100.22998046875,1,4.85379981994629,34.9407997131348,0.0511000007390976,0,0.000334999989718199,174.25390625,-84.1267,23.02,23.8475031057447,53,52,53,51,53,53,0,8765,2.05436109950657,23,-84,0.0073,47,2022-05-18 02:11:29.000231,1100.22998046875,1.0412,2,"aoml_apex",1032.6867054244
"4903625",27,0,1,0.0511,1,0.0073,1,0.000311000010697171,3,192.863705218743,1,1.93577546993026,1199.7099609375,1,4.61700010299683,34.9501991271973,0.0511000007390976,0,0.000311000010697171,182.852798461914,-84.1267,23.02,23.8475031057447,53,52,53,51,53,53,0,8765,2.05436109950657,23,-84,0.0073,47,2022-05-18 02:11:29.000231,1199.7099609375,1.0412,2,"aoml_apex",1033.17767533858
"4903625",27,0,1,0.0438,1,0,1,0.000299000006634742,3,200.855529824518,1,1.93486414675767,1300.42004394531,1,4.44010019302368,34.9583015441895,0.0438000001013279,0,0.000299000006634742,190.429794311523,-84.1267,23.02,23.8475031057447,53,52,53,51,53,53,0,8765,2.05436109950657,23,-84,0.0073,47,2022-05-18 02:11:29.000231,1300.42004394531,1.0412,2,"aoml_apex",1033.66430317678
"4903625",27,0,1,0.0438,1,0,1,0.000274999998509884,3,204.68753895686,1,1.93400337156504,1399.33996582031,1,4.36579990386963,34.9620018005371,0.0438000001013279,0,0.000274999998509884,194.062896728516,-84.1267,23.02,23.8475031057447,53,52,53,51,53,53,0,8765,2.05436109950657,23,-84,0.0073,47,2022-05-18 02:11:29.000231,1399.33996582031,1.0412,2,"aoml_apex",1034.12436059072
"4903625",27,0,1,0.0438,1,0,1,0.00056900002527982,3,207.183280174426,1,1.9331415406228,1500.02001953125,1,4.3270001411438,34.9641990661621,0.0438000001013279,0,0.00056900002527982,196.429092407227,-84.1267,23.02,23.8475031057447,53,52,53,51,53,53,0,8765,2.05436109950657,23,-84,0.0073,47,2022-05-18 02:11:29.000231,1500.02001953125,1.0412,2,"aoml_apex",1034.58539272591
"4903625",27,0,1,0.0438,1,0,1,0.000262999994447455,3,208.779549632816,1,1.9323007527911,1599.2099609375,1,4.30690002441406,34.9655990600586,0.0438000001013279,0,0.000262999994447455,197.942504882812,-84.1267,23.02,23.8475031057447,53,52,53,51,53,53,0,8765,2.05436109950657,23,-84,0.0073,47,2022-05-18 02:11:29.000231,1599.2099609375,1.0412,2,"aoml_apex",1035.03556426768
"4903625",27,0,1,0.0438,1,0,1,0.000274999998509884,3,209.859501572128,1,1.93145537721542,1699.68005371094,1,4.29790019989014,34.9664993286133,0.0438000001013279,0,0.000274999998509884,198.966400146484,-84.1267,23.02,23.8475031057447,53,52,53,51,53,53,0,8765,2.05436109950657,23,-84,0.0073,47,2022-05-18 02:11:29.000231,1699.68005371094,1.0412,2,"aoml_apex",1035.48858730736
"4903625",27,0,1,0.0511,1,0.0073,1,0.000274999998509884,3,210.981861686459,1,1.93061757624087,1799.4599609375,1,4.28770017623901,34.967601776123,0.0511000007390976,0,0.000274999998509884,200.030502319336,-84.1267,23.02,23.8475031057447,53,52,53,51,53,53,0,8765,2.05436109950657,23,-84,0.0073,47,2022-05-18 02:11:29.000231,1799.4599609375,1.0412,2,"aoml_apex",1035.937942663
"4903625",27,0,1,0.0438,1,0,1,0.000274999998509884,3,211.936616967909,1,1.9297875762282,1899,1,4.28690004348755,34.9682006835938,0.0438000001013279,0,0.000274999998509884,200.935699462891,-84.1267,23.02,23.8475031057447,53,52,53,51,53,53,0,8765,2.05436109950657,23,-84,0.0073,47,2022-05-18 02:11:29.000231,1899,1.0412,2,"aoml_apex",1036.38349870043
"4903625",28,0.00355341619433572,1,0.0511,1,0.0073,1,0.000456999987363815,3,197.619162295961,1,1.95464200542573,7.90000009536743,1,28.3295993804932,36.1769981384277,0.0511000007390976,0.0252897907048464,0.000456999987363815,187.256896972656,-84.1988,22.9522,29.8090791283795,53,52,53,51,53,53,0.0073,8765,2.05436109950657,23,-84,0.0073,47,2022-05-28 10:00:54.001073,7.90000009536743,1.0412,2,"aoml_apex",1023.20526953189
"4903625",28,0.00355341619433572,1,0.0511,1,0.0073,1,0.00047999998787418,3,197.672141715889,1,1.95460012190999,11.9200000762939,1,28.31369972229,36.1763000488281,0.0511000007390976,0.0252897907048464,0.00047999998787418,187.307098388672,-84.1988,22.9522,29.8090791283795,53,52,53,51,53,53,0.0073,8765,2.05436109950657,23,-84,0.0073,47,2022-05-28 10:00:54.001073,11.9200000762939,1.0412,2,"aoml_apex",1023.22719495466
"4903625",28,0.00710683238867145,1,0.0584,1,0.0146,1,0.000468000012915581,3,197.716892417402,1,1.95454459700228,16.7700004577637,1,28.2901000976562,36.1769981384277,0.0584000013768673,0.0252897907048464,0.000468000012915581,187.349502563477,-84.1988,22.9522,29.8090791283795,53,52,53,51,53,53,0.0146,8765,2.05436109950657,23,-84,0.0073,47,2022-05-28 10:00:54.001073,16.7700004577637,1.0412,2,"aoml_apex",1023.25626290003
"4903625",28,0.00355341619433572,1,0.0511,1,0.0073,1,0.000468000012915581,3,197.938713544911,1,1.95449398301009,21.6499996185303,1,28.265100479126,36.1735000610352,0.0511000007390976,0.0219000000506639,0.000468000012915581,187.559692382812,-84.1988,22.9522,29.8090791283795,53,52,53,51,53,53,0.0073,8765,2.05436109950657,23,-84,0.0073,47,2022-05-28 10:00:54.001073,21.6499996185303,1.0412,2,"aoml_apex",1023.28276136201
"4903625",28,0.00710683238867145,1,0.0584,1,0.0146,1,0.000468000012915581,3,198.044463043594,1,1.95443488522554,26.7299995422363,1,28.2339992523193,36.1721000671387,0.0584000013768673,0.0292000006884336,0.000468000012915581,187.659896850586,-84.1988,22.9522,29.8090791283795,53,52,53,51,53,53,0.0146,8765,2.05436109950657,23,-84,0.0073,47,2022-05-28 10:00:54.001073,26.7299995422363,1.0412,2,"aoml_apex",1023.31370316755
"4903625",28,0.0106602485830072,1,0.0657,1,0.0219,1,0.000468000012915581,3,198.620682673768,1,1.95437601045707,31.7999992370605,1,28.19580078125,36.1674995422363,0.065700002014637,0.0364999994635582,0.000468000012915581,188.205902099609,-84.1988,22.9522,29.8090791283795,53,52,53,51,53,53,0.0219,8765,2.05436109950657,23,-84,0.0073,47,2022-05-28 10:00:54.001073,31.7999992370605,1.0412,2,"aoml_apex",1023.34453006935
"4903625",28,0.0106602485830072,1,0.0657,1,0.0219,1,0.000621000013779849,3,199.351186748419,1,1.95432050075895,36.5900001525879,1,28.1569995880127,36.1618995666504,0.065700002014637,0.0364999994635582,0.000621000013779849,188.898101806641,-84.1988,22.9522,29.8090791283795,53,52,53,51,53,53,0.0219,8765,2.05436109950657,23,-84,0.0073,47,2022-05-28 10:00:54.001073,36.5900001525879,1.0412,2,"aoml_apex",1023.37359671728
"4903625",28,0.0177670809716786,1,0.0803,1,0.0365,1,0.000561999971978366,3,200.92480434561,1,1.95418688462075,41.8699989318848,1,27.974100112915,36.1449012756348,0.0803000032901764,0.0511000007390976,0.000561999971978366,190.389205932617,-84.1988,22.9522,29.8090791283795,53,52,53,51,53,53,0.0365,8765,2.05436109950657,23,-84,0.0073,47,2022-05-28 10:00:54.001073,41.8699989318848,1.0412,2,"aoml_apex",1023.44356915902
"4903625",28,0.0142136647773429,1,0.073,1,0.0292,1,0.000561999971978366,3,201.509236591032,1,1.95409327532017,46.6399993896484,1,27.8810997009277,36.1423988342285,0.0729999989271164,0.0438000001013279,0.000561999971978366,190.942993164062,-84.1988,22.9522,29.8090791283795,53,52,53,51,53,53,0.0292,8765,2.05436109950657,23,-84,0.0073,47,2022-05-28 10:00:54.001073,46.6399993896484,1.0412,2,"aoml_apex",1023.4925964178
"4903625",28,0.0213204971660143,1,0.0876,1,0.0438,1,0.000574000005144626,3,201.399702848069,1,1.95402302966647,51.810001373291,1,27.835599899292,36.1421012878418,0.0876000002026558,0.0584000013768673,0.000574000005144626,190.839202880859,-84.1988,22.9522,29.8090791283795,53,52,53,51,53,53,0.0438,8765,2.05436109950657,23,-84,0.0073,47,2022-05-28 10:00:54.001073,51.810001373291,1.0412,2,"aoml_apex",1023.52939020447
"4903625",28,0.0319807457490215,1,0.1095,1,0.0657,1,0.000551000004634261,3,201.236754899665,1,1.95393618762002,56.8600006103516,1,27.7483005523682,36.1358985900879,0.109499998390675,0.0803000032901764,0.000551000004634261,190.684799194336,-84.1988,22.9522,29.8090791283795,53,52,53,51,53,53,0.0657,8765,2.05436109950657,23,-84,0.0073,47,2022-05-28 10:00:54.001073,56.8600006103516,1.0412,2,"aoml_apex",1023.57488062908
"4903625",28,0.0284273295546858,1,0.1022,1,0.0584,1,0.000526999996509403,3,200.599327131148,1,1.95385000211446,61.8899993896484,1,27.7112007141113,36.1511993408203,0.102200001478195,0.0729999989271164,0.000526999996509403,190.080795288086,-84.1988,22.9522,29.8090791283795,53,52,53,51,53,53,0.0584,8765,2.05436109950657,23,-84,0.0073,47,2022-05-28 10:00:54.001073,61.8899993896484,1.0412,2,"aoml_apex",1023.62003113627
"4903625",28,0.039087578137693,1,0.1241,1,0.0803,1,0.000538999971468002,3,200.05478243076,1,1.95371062116363,66.5699996948242,1,27.5543994903564,36.1537017822266,0.124099999666214,0.0948999971151352,0.000538999971468002,189.564804077148,-84.1988,22.9522,29.8090791283795,53,52,53,51,53,53,0.0803,8765,2.05436109950657,23,-84,0.0073,47,2022-05-28 10:00:54.001073,66.5699996948242,1.0412,2,"aoml_apex",1023.69305788428
"4903625",28,0.0319807457490215,4,0.1095,1,0.0657,1,0.000551000004634261,3,199.854587856735,1,1.95360825199529,71.5800018310547,1,27.5373001098633,36.1890983581543,0.109499998390675,0.0803000032901764,0.000551000004634261,189.375106811523,-84.1988,22.9522,29.8090791283795,53,52,53,51,53,53,0.0657,8765,2.05436109950657,23,-84,0.0073,47,2022-05-28 10:00:54.001073,71.5800018310547,1.0412,2,"aoml_apex",1023.74669945079
"4903625",28,0.039087578137693,1,0.1241,1,0.0803,1,0.000538999971468002,3,198.877866356341,1,1.95354167055953,76.9199981689453,1,27.464599609375,36.173698425293,0.124099999666214,0.0948999971151352,0.000538999971468002,188.449600219727,-84.1988,22.9522,29.8090791283795,53,52,53,51,53,53,0.0803,8765,2.05436109950657,23,-84,0.0073,47,2022-05-28 10:00:54.001073,76.9199981689453,1.0412,2,"aoml_apex",1023.78159121999
"4903625",28,0.063961491498043,1,0.1752,1,0.1314,1,0.000515000021550804,3,198.211952085134,1,1.95341060023345,81.9000015258789,1,27.3176002502441,36.1733016967773,0.175200000405312,0.145999997854233,0.000515000021550804,187.818603515625,-84.1988,22.9522,29.8090791283795,53,52,53,51,53,53,0.1314,8765,2.05436109950657,23,-84,0.0073,47,2022-05-28 10:00:54.001073,81.9000015258789,1.0412,2,"aoml_apex",1023.85028511721
"4903625",28,0.0675149076923788,1,0.1825,1,0.1387,1,0.000608999980613589,3,198.672599284664,1,1.95331297127337,86.9000015258789,1,27.1940994262695,36.1598014831543,0.182500004768372,0.153300002217293,0.000608999980613589,188.255096435547,-84.1988,22.9522,29.8090791283795,53,52,53,51,53,53,0.1387,8765,2.05436109950657,23,-84,0.0073,47,2022-05-28 10:00:54.001073,86.9000015258789,1.0412,2,"aoml_apex",1023.9014584008
"4903625",28,0.0710683238867145,1,0.1898,1,0.146,1,0.000574000005144626,3,197.708228913475,1,1.95323408195668,91.7799987792969,1,27.1224994659424,36.1562995910645,0.18979999423027,0.160600006580353,0.000574000005144626,187.341293334961,-84.1988,22.9522,29.8090791283795,53,52,53,51,53,53,0.146,8765,2.05436109950657,23,-84,0.0073,47,2022-05-28 10:00:54.001073,91.7799987792969,1.0412,2,"aoml_apex",1023.942812833
"4903625",28,0.120816150607415,1,0.292,1,0.2482,1,0.000574000005144626,3,193.387894095289,1,1.95314930235609,96.5400009155273,1,27.0657997131348,36.1640014648438,0.291999995708466,0.262800008058548,0.000574000005144626,183.247497558594,-84.1988,22.9522,29.8090791283795,53,52,53,51,53,53,0.2482,8765,2.05436109950657,23,-84,0.0073,47,2022-05-28 10:00:54.001073,96.5400009155273,1.0412,2,"aoml_apex",1023.98725872487
"4903625",28,0.209651555465808,1,0.4745,1,0.4307,1,0.00067999999737367,3,188.487329958308,1,1.95298666840581,101.879997253418,1,27.1296005249023,36.2742004394531,0.474500000476837,0.44530001282692,0.00067999999737367,178.603897094727,-84.1988,22.9522,29.8090791283795,53,52,53,51,53,53,0.4307,8765,2.05436109950657,23,-84,0.0073,47,2022-05-28 10:00:54.001073,101.879997253418,1.0412,2,"aoml_apex",1024.0725307319
"4903625",28,0.213204971660143,1,0.4818,1,0.438,1,0.000632999988738447,3,185.758020261003,1,1.95280622753462,111.769996643066,1,27.0386009216309,36.3046989440918,0.481799989938736,0.452600002288818,0.000632999988738447,176.017700195312,-84.1988,22.9522,29.8090791283795,53,52,53,51,53,53,0.438,8765,2.05436109950657,23,-84,0.0073,47,2022-05-28 10:00:54.001073,111.769996643066,1.0412,2,"aoml_apex",1024.16715586009
"4903625",28,0.117262734413079,1,0.2847,1,0.2409,1,0.000584999972488731,3,180.128320818579,1,1.95233084815554,121.790000915527,1,26.6294994354248,36.404598236084,0.284700006246567,0.255499988794327,0.000584999972488731,170.683197021484,-84.1988,22.9522,29.8090791283795,53,52,53,51,53,53,0.2409,8765,2.05436109950657,23,-84,0.0073,47,2022-05-28 10:00:54.001073,121.790000915527,1.0412,2,"aoml_apex",1024.4165336472
"4903625",28,0.0852819886640574,1,0.219,1,0.1752,1,0.000479000009363517,3,176.714513795175,1,1.95157702267864,131.880004882812,1,25.8325004577637,36.5374984741211,0.218999996781349,0.18979999423027,0.000479000009363517,167.448394775391,-84.1988,22.9522,29.8090791283795,53,52,53,51,53,53,0.1752,8765,2.05436109950657,23,-84,0.0073,47,2022-05-28 10:00:54.001073,131.880004882812,1.0412,2,"aoml_apex",1024.81222967818
"4903625",28,0.0213204971660143,1,0.0876,1,0.0438,1,0.000409000000217929,3,196.183371706418,1,1.95104824310637,141.509994506836,1,24.7940998077393,36.4248008728027,0.0876000002026558,0.0584000013768673,0.000409000000217929,185.896392822266,-84.1988,22.9522,29.8090791283795,53,52,53,51,53,53,0.0438,8765,2.05436109950657,23,-84,0.0073,47,2022-05-28 10:00:54.001073,141.509994506836,1.0412,2,"aoml_apex",1025.08997769101
"4903625",28,0.0106602485830072,4,0.0657,1,0.0219,1,0.000361999991582707,3,196.600653076809,1,1.9508746489926,151.550003051758,1,24.4951992034912,36.3680000305176,0.065700002014637,0.0364999994635582,0.000361999991582707,186.291793823242,-84.1988,22.9522,29.8090791283795,53,52,53,51,53,53,0.0219,8765,2.05436109950657,23,-84,0.0073,47,2022-05-28 10:00:54.001073,151.550003051758,1.0412,2,"aoml_apex",1025.18119297555
"4903625",28,0.00355341619433572,4,0.0511,1,0.0073,1,0.0003969999961555,3,190.98974603045,1,1.95069257345881,161.710006713867,1,24.3913993835449,36.3951988220215,0.0511000007390976,0.0219000000506639,0.0003969999961555,180.97509765625,-84.1988,22.9522,29.8090791283795,53,52,53,51,53,53,0.0073,8765,2.05436109950657,23,-84,0.0073,47,2022-05-28 10:00:54.001073,161.710006713867,1.0412,2,"aoml_apex",1025.27688227867
"4903625",28,0.0746217400810502,1,0.1971,1,0.1533,1,0.000455000001238659,3,159.526460169738,1,1.95024339020407,171.710006713867,1,24.8829002380371,36.8489990234375,0.19709999859333,0.167899996042252,0.000455000001238659,151.161605834961,-84.1988,22.9522,29.8090791283795,53,52,53,51,53,53,0.1533,8765,2.05436109950657,23,-84,0.0073,47,2022-05-28 10:00:54.001073,171.710006713867,1.0412,2,"aoml_apex",1025.51302573097
"4903625",28,0.0142136647773429,1,0.073,1,0.0292,1,0.000361000013072044,3,157.91727067631,1,1.94953980481755,181.270004272461,1,24.0874996185303,36.9640998840332,0.0729999989271164,0.0438000001013279,0.000361000013072044,149.636795043945,-84.1988,22.9522,29.8090791283795,53,52,53,51,53,53,0.0292,8765,2.05436109950657,23,-84,0.0073,47,2022-05-28 10:00:54.001073,181.270004272461,1.0412,2,"aoml_apex",1025.88313152558
"4903625",28,0,1,0.0438,1,0,1,0.000361000013072044,3,160.201971928568,1,1.94913533254842,191.770004272461,1,23.1128005981445,36.8027000427246,0.0438000001013279,0.0146000003442168,0.000361000013072044,151.801696777344,-84.1988,22.9522,29.8090791283795,53,52,53,51,53,53,0,8765,2.05436109950657,23,-84,0.0073,47,2022-05-28 10:00:54.001073,191.770004272461,1.0412,2,"aoml_apex",1026.0960163218
"4903625",28,0,1,0.0438,1,0,1,0.000337000004947186,3,156.349997726977,1,1.94881851668671,199.25,1,22.9766998291016,36.9276008605957,0.0438000001013279,0.0146000003442168,0.000337000004947186,148.151702880859,-84.1988,22.9522,29.8090791283795,53,52,53,51,53,53,0,8765,2.05436109950657,23,-84,0.0073,47,2022-05-28 10:00:54.001073,199.25,1.0412,2,"aoml_apex",1026.26282687436
"4903625",28,-0.00355341619433572,1,0.0365,1,-0.0073,1,0.000325000000884756,3,155.034417280218,1,1.94836808188515,211.649993896484,1,22.4671001434326,36.9744987487793,0.0364999994635582,0.00730000017210841,0.000325000000884756,146.90510559082,-84.1988,22.9522,29.8090791283795,53,52,53,51,53,53,-0.0073,8765,2.05436109950657,23,-84,0.0073,47,2022-05-28 10:00:54.001073,211.649993896484,1.0412,2,"aoml_apex",1026.50008414472
"4903625",28,0,1,0.0438,1,0,1,0.000348000001395121,3,151.2767754318,1,1.94815349531,221.25,1,22.1478996276855,36.9478988647461,0.0438000001013279,0.0146000003442168,0.000348000001395121,143.344497680664,-84.1988,22.9522,29.8090791283795,53,52,53,51,53,53,0,8765,2.05436109950657,23,-84,0.0073,47,2022-05-28 10:00:54.001073,221.25,1.0412,2,"aoml_apex",1026.61315179467
"4903625",28,-0.00355341619433572,1,0.0365,1,-0.0073,1,0.000325000000884756,3,154.147615865197,1,1.94781224890953,231.160003662109,1,21.573600769043,36.9133987426758,0.0364999994635582,0.00730000017210841,0.000325000000884756,146.064804077148,-84.1988,22.9522,29.8090791283795,53,52,53,51,53,53,-0.0073,8765,2.05436109950657,23,-84,0.0073,47,2022-05-28 10:00:54.001073,231.160003662109,1.0412,2,"aoml_apex",1026.79300898723
"4903625",28,-0.00355341619433572,1,0.0365,1,-0.0073,1,0.000395000010030344,3,151.278788327693,1,1.9476228781735,241.740005493164,1,21.2819004058838,36.8768005371094,0.0364999994635582,0.00730000017210841,0.000395000010030344,143.346405029297,-84.1988,22.9522,29.8090791283795,53,52,53,51,53,53,-0.0073,8765,2.05436109950657,23,-84,0.0073,47,2022-05-28 10:00:54.001073,241.740005493164,1.0412,2,"aoml_apex",1026.89284584479
"4903625",28,-0.00710683238867145,1,0.0292,1,-0.0146,1,0.000371000001905486,3,148.259782653337,1,1.94728802555811,251.589996337891,1,20.5214996337891,36.7762985229492,0.0292000006884336,0,0.000371000001905486,140.485702514648,-84.1988,22.9522,29.8090791283795,53,52,53,51,53,53,-0.0146,8765,2.05436109950657,23,-84,0.0073,47,2022-05-28 10:00:54.001073,251.589996337891,1.0412,2,"aoml_apex",1027.06942873887
"4903625",28,0,1,0.0365,1,-0.0073,1,0.000335999997332692,3,155.405788521061,1,1.9470021494267,261.899993896484,1,20.0228996276855,36.7378005981445,0.0364999994635582,0,0.000335999997332692,147.25700378418,-84.1988,22.9522,29.8090791283795,53,52,53,51,53,53,0,8765,2.05436109950657,23,-84,0.0073,47,2022-05-28 10:00:54.001073,261.899993896484,1.0412,2,"aoml_apex",1027.22023218562
"4903625",28,0,1,0.0292,1,-0.0146,1,0.000335999997332692,3,156.134279699818,1,1.9468053509623,271.910003662109,1,19.6875,36.6990013122559,0.0292000006884336,0,0.000335999997332692,147.947296142578,-84.1988,22.9522,29.8090791283795,53,52,53,51,53,53,0,8765,2.05436109950657,23,-84,0.0073,47,2022-05-28 10:00:54.001073,271.910003662109,1.0412,2,"aoml_apex",1027.3240717216
"4903625",28,0,1,0.0292,1,-0.0146,1,0.000311999989207834,3,156.745636440717,1,1.94663350412541,281.160003662109,1,19.3810997009277,36.6585006713867,0.0292000006884336,0,0.000311999989207834,148.526596069336,-84.1988,22.9522,29.8090791283795,53,52,53,51,53,53,0,8765,2.05436109950657,23,-84,0.0073,47,2022-05-28 10:00:54.001073,281.160003662109,1.0412,2,"aoml_apex",1027.41476285161
"4903625",28,0,1,0.0292,1,-0.0146,1,0.000335999997332692,3,156.749436788164,1,1.9464544902911,291.660003662109,1,19.0841999053955,36.6200981140137,0.0292000006884336,0,0.000335999997332692,148.530197143555,-84.1988,22.9522,29.8090791283795,53,52,53,51,53,53,0,8765,2.05436109950657,23,-84,0.0073,47,2022-05-28 10:00:54.001073,291.660003662109,1.0412,2,"aoml_apex",1027.50925335064
"4903625",28,0,1,0.0292,1,-0.0146,1,0.000323999993270263,3,156.898552115985,1,1.94626064846942,301.489990234375,1,18.68869972229,36.5632019042969,0.0292000006884336,0,0.000323999993270263,148.671493530273,-84.1988,22.9522,29.8090791283795,53,52,53,51,53,53,0,8765,2.05436109950657,23,-84,0.0073,47,2022-05-28 10:00:54.001073,301.489990234375,1.0412,2,"aoml_apex",1027.61159024247
"4903625",28,0,1,0.0292,1,-0.0146,1,0.000383000005967915,3,156.559049042935,1,1.94610837747528,311.730010986328,1,18.4608993530273,36.5331993103027,0.0292000006884336,0,0.000383000005967915,148.349792480469,-84.1988,22.9522,29.8090791283795,53,52,53,51,53,53,0,8765,2.05436109950657,23,-84,0.0073,47,2022-05-28 10:00:54.001073,311.730010986328,1.0412,2,"aoml_apex",1027.69199452018
"4903625",28,0,1,0.0292,1,-0.0146,1,0.000371000001905486,3,155.244531405208,1,1.94595887017588,321.549987792969,1,18.1839008331299,36.4878005981445,0.0292000006884336,0,0.000371000001905486,147.104202270508,-84.1988,22.9522,29.8090791283795,53,52,53,51,53,53,0,8765,2.05436109950657,23,-84,0.0073,47,2022-05-28 10:00:54.001073,321.549987792969,1.0412,2,"aoml_apex",1027.77095171556
"4903625",28,0,1,0.0292,1,-0.0146,1,0.000394000002415851,3,152.101305899447,1,1.94583407700386,330.940002441406,1,17.9981994628906,36.4588012695312,0.0292000006884336,0,0.000394000002415851,144.125793457031,-84.1988,22.9522,29.8090791283795,53,52,53,51,53,53,0,8765,2.05436109950657,23,-84,0.0073,47,2022-05-28 10:00:54.001073,330.940002441406,1.0412,2,"aoml_apex",1027.83686627564
"4903625",28,0,1,0.0292,1,-0.0146,1,0.000323999993270263,3,147.191144274844,1,1.94563547711922,341.709991455078,1,17.5174007415771,36.3765983581543,0.0292000006884336,0,0.000323999993270263,139.473098754883,-84.1988,22.9522,29.8090791283795,53,52,53,51,53,53,0,8765,2.05436109950657,23,-84,0.0073,47,2022-05-28 10:00:54.001073,341.709991455078,1.0412,2,"aoml_apex",1027.94178227119
"4903625",28,0,1,0.0292,1,-0.0146,1,0.000369999994290993,3,145.913760540568,1,1.94546157790738,351.25,1,17.1235008239746,36.3148002624512,0.0292000006884336,0,0.000369999994290993,138.2626953125,-84.1988,22.9522,29.8090791283795,53,52,53,51,53,53,0,8765,2.05436109950657,23,-84,0.0073,47,2022-05-28 10:00:54.001073,351.25,1.0412,2,"aoml_apex",1028.03366702892
"4903625",28,0,1,0.0292,1,-0.0146,1,0.000394000002415851,3,144.59523321422,1,1.94529325978785,361.700012207031,1,16.7770004272461,36.2607002258301,0.0292000006884336,0,0.000394000002415851,137.013305664062,-84.1988,22.9522,29.8090791283795,53,52,53,51,53,53,0,8765,2.05436109950657,23,-84,0.0073,47,2022-05-28 10:00:54.001073,361.700012207031,1.0412,2,"aoml_apex",1028.12261849821
"4903625",28,0,1,0.0292,1,-0.0146,1,0.000345999986166134,3,141.610317944724,1,1.94496214380063,381.290008544922,1,15.9983997344971,36.1337013244629,0.0292000006884336,0,0.000345999986166134,134.184906005859,-84.1988,22.9522,29.8090791283795,53,52,53,51,53,53,0,8765,2.05436109950657,23,-84,0.0073,47,2022-05-28 10:00:54.001073,381.290008544922,1.0412,2,"aoml_apex",1028.29764906983
"4903625",28,0,1,0.0292,1,-0.0146,1,0.000345999986166134,3,137.127244519307,1,1.94468062730049,401.730010986328,1,15.4329996109009,36.038501739502,0.0292000006884336,0,0.000345999986166134,129.936904907227,-84.1988,22.9522,29.8090791283795,53,52,53,51,53,53,0,8765,2.05436109950657,23,-84,0.0073,47,2022-05-28 10:00:54.001073,401.730010986328,1.0412,2,"aoml_apex",1028.44650783419
"4903625",28,0,1,0.0438,1,0,1,0.000345000007655472,3,131.656265943909,1,1.94401040515621,451.420013427734,1,14.056300163269,35.8114013671875,0.0438000001013279,0,0.000345000007655472,124.752799987793,-84.1988,22.9522,29.8090791283795,53,52,53,51,53,53,0,8765,2.05436109950657,23,-84,0.0073,47,2022-05-28 10:00:54.001073,451.420013427734,1.0412,2,"aoml_apex",1028.8010777593
"4903625",28,0,1,0.0365,1,-0.0073,1,0.000345000007655472,3,126.864398185199,1,1.94346019588532,500.989990234375,1,13.2299995422363,35.673698425293,0.0364999994635582,0,0.000345000007655472,120.212196350098,-84.1988,22.9522,29.8090791283795,53,52,53,51,53,53,0,8765,2.05436109950657,23,-84,0.0073,47,2022-05-28 10:00:54.001073,500.989990234375,1.0412,2,"aoml_apex",1029.09233964986
"4903625",28,0,1,0.0365,1,-0.0073,1,0.000344000000040978,3,119.582151471792,1,1.94276865825778,551.159973144531,1,11.5657997131348,35.4179992675781,0.0364999994635582,0,0.000344000000040978,113.311798095703,-84.1988,22.9522,29.8090791283795,53,52,53,51,53,53,0,8765,2.05436109950657,23,-84,0.0073,47,2022-05-28 10:00:54.001073,551.159973144531,1.0412,2,"aoml_apex",1029.45864990098
"4903625",28,0,1,0.0438,1,0,1,0.000400999997509643,3,116.791416243389,1,1.94215667362022,601.409973144531,1,10.3536996841431,35.2472991943359,0.0438000001013279,0,0.000400999997509643,110.66739654541,-84.1988,22.9522,29.8090791283795,53,52,53,51,53,53,0,8765,2.05436109950657,23,-84,0.0073,47,2022-05-28 10:00:54.001073,601.409973144531,1.0412,2,"aoml_apex",1029.78303818917
"4903625",28,0,1,0.0438,1,0,1,0.000387999985832721,3,118.328624579651,1,1.94154375322909,651.700012207031,1,9.0930004119873,35.0829010009766,0.0438000001013279,0,0.000387999985832721,112.124000549316,-84.1988,22.9522,29.8090791283795,53,52,53,51,53,53,0,8765,2.05436109950657,23,-84,0.0073,47,2022-05-28 10:00:54.001073,651.700012207031,1.0412,2,"aoml_apex",1030.10812744945
"4903625",28,0,1,0.0438,1,0,1,0.000469999999040738,3,120.661232754183,1,1.94098464687118,700.929992675781,1,8.18599987030029,34.9813003540039,0.0438000001013279,0,0.000469999999040738,114.334297180176,-84.1988,22.9522,29.8090791283795,53,52,53,51,53,53,0,8765,2.05436109950657,23,-84,0.0073,47,2022-05-28 10:00:54.001073,700.929992675781,1.0412,2,"aoml_apex",1030.40485313676
"4903625",28,0,1,0.0438,1,0,1,0.000338999991072342,3,125.163195194669,1,1.94042525775951,751.409973144531,1,7.52559995651245,34.932300567627,0.0438000001013279,0,0.000338999991072342,118.600196838379,-84.1988,22.9522,29.8090791283795,53,52,53,51,53,53,0,8765,2.05436109950657,23,-84,0.0073,47,2022-05-28 10:00:54.001073,751.409973144531,1.0412,2,"aoml_apex",1030.70190000994
"4903625",28,0,1,0.0511,1,0.0073,1,0.000410000007832423,3,128.503974355042,1,1.93992024802139,801.460021972656,1,7.18240022659302,34.9169998168945,0.0511000007390976,0,0.000410000007832423,121.765800476074,-84.1988,22.9522,29.8090791283795,53,52,53,51,53,53,0,8765,2.05436109950657,23,-84,0.0073,47,2022-05-28 10:00:54.001073,801.460021972656,1.0412,2,"aoml_apex",1030.97021748182
"4903625",28,0,1,0.0511,1,0.0073,1,0.00052599998889491,3,136.957533240699,1,1.93937393288593,851.219970703125,1,6.67229986190796,34.8995018005371,0.0511000007390976,0,0.00052599998889491,129.776092529297,-84.1988,22.9522,29.8090791283795,53,52,53,51,53,53,0,8765,2.05436109950657,23,-84,0.0073,47,2022-05-28 10:00:54.001073,851.219970703125,1.0412,2,"aoml_apex",1031.26063833593
"4903625",28,0,1,0.0365,1,-0.0073,1,0.000349000009009615,3,147.994579593523,1,1.93878355310109,901.489990234375,1,6.11250019073486,34.902099609375,0.0364999994635582,0,0.000349000009009615,140.234405517578,-84.1988,22.9522,29.8090791283795,53,52,53,51,53,53,0,8765,2.05436109950657,23,-84,0.0073,47,2022-05-28 10:00:54.001073,901.489990234375,1.0412,2,"aoml_apex",1031.57466794114
"4903625",28,0,1,0.0438,1,0,1,0.000348000001395121,3,156.595893089377,1,1.93823976773502,951.880004882812,1,5.74580001831055,34.9113998413086,0.0438000001013279,0,0.000348000001395121,148.384704589844,-84.1988,22.9522,29.8090791283795,53,52,53,51,53,53,0,8765,2.05436109950657,23,-84,0.0073,47,2022-05-28 10:00:54.001073,951.880004882812,1.0412,2,"aoml_apex",1031.86408270693
"4903625",28,0,1,0.0511,1,0.0073,1,0.000335999997332692,3,163.634458625867,1,1.93774996214286,1000.11999511719,1,5.49030017852783,34.9182014465332,0.0511000007390976,0,0.000335999997332692,155.05419921875,-84.1988,22.9522,29.8090791283795,53,52,53,51,53,53,0,8765,2.05436109950657,23,-84,0.0073,47,2022-05-28 10:00:54.001073,1000.11999511719,1.0412,2,"aoml_apex",1032.1249072756
"4903625",28,0,1,0.0438,1,0,1,0.00040600000647828,3,177.740833050395,1,1.93676593090399,1099.26000976562,1,5.0475001335144,34.9337005615234,0.0438000001013279,0,0.00040600000647828,168.4208984375,-84.1988,22.9522,29.8090791283795,53,52,53,51,53,53,0,8765,2.05436109950657,23,-84,0.0073,47,2022-05-28 10:00:54.001073,1099.26000976562,1.0412,2,"aoml_apex",1032.64930887466
"4903625",28,0,1,0.0438,1,0,1,0.000357999990228564,3,190.275602773625,1,1.93580724014372,1199.08996582031,1,4.69799995422363,34.9467010498047,0.0438000001013279,0,0.000357999990228564,180.298400878906,-84.1988,22.9522,29.8090791283795,53,52,53,51,53,53,0,8765,2.05436109950657,23,-84,0.0073,47,2022-05-28 10:00:54.001073,1199.08996582031,1.0412,2,"aoml_apex",1033.16071896265
"4903625",28,0,1,0.0438,1,0,1,0.000311000010697171,3,198.714081043246,1,1.93488940456851,1300.16003417969,1,4.51119995117188,34.9553985595703,0.0438000001013279,0,0.000311000010697171,188.294403076172,-84.1988,22.9522,29.8090791283795,53,52,53,51,53,53,0,8765,2.05436109950657,23,-84,0.0073,47,2022-05-28 10:00:54.001073,1300.16003417969,1.0412,2,"aoml_apex",1033.65080984875
"4903625",28,0,1,0.0438,1,0,1,0.000345999986166134,3,203.681763180913,1,1.93400894504313,1400.01000976562,1,4.39909982681274,34.9603996276855,0.0438000001013279,0,0.000345999986166134,193.001602172852,-84.1988,22.9522,29.8090791283795,53,52,53,51,53,53,0,8765,2.05436109950657,23,-84,0.0073,47,2022-05-28 10:00:54.001073,1400.01000976562,1.0412,2,"aoml_apex",1034.12138042381
"4903625",28,0,1,0.0438,1,0,1,0.000499000016134232,3,208.052017817268,1,1.93315288051499,1500.22998046875,1,4.375,34.9640998840332,0.0438000001013279,0,0.000499000016134232,197.142700195312,-84.1988,22.9522,29.8090791283795,53,52,53,51,53,53,0,8765,2.05436109950657,23,-84,0.0073,47,2022-05-28 10:00:54.001073,1500.22998046875,1.0412,2,"aoml_apex",1034.57932383868
"4903625",28,0,1,0.0438,1,0,1,0.000287000002572313,3,210.801166616503,1,1.93230775789209,1599.30004882812,1,4.33850002288818,34.9662017822266,0.0438000001013279,0,0.000287000002572313,199.747695922852,-84.1988,22.9522,29.8090791283795,53,52,53,51,53,53,0,8765,2.05436109950657,23,-84,0.0073,47,2022-05-28 10:00:54.001073,1599.30004882812,1.0412,2,"aoml_apex",1035.03181200378
"4903625",28,0,1,0.0438,1,0,1,0.000287000002572313,3,211.925215993164,1,1.93146522054216,1699.0400390625,1,4.31990003585815,34.967601776123,0.0438000001013279,0,0.000287000002572313,200.812805175781,-84.1988,22.9522,29.8090791283795,53,52,53,51,53,53,0,8765,2.05436109950657,23,-84,0.0073,47,2022-05-28 10:00:54.001073,1699.0400390625,1.0412,2,"aoml_apex",1035.48331014658
"4903625",28,0,1,0.0438,1,0,1,0.000262999994447455,3,213.004498565145,1,1.93062193043122,1799.4599609375,1,4.30630016326904,34.9682006835938,0.0438000001013279,0,0.000262999994447455,201.835494995117,-84.1988,22.9522,29.8090791283795,53,52,53,51,53,53,0,8765,2.05436109950657,23,-84,0.0073,47,2022-05-28 10:00:54.001073,1799.4599609375,1.0412,2,"aoml_apex",1035.93560628066
"4903625",28,0,1,0.0365,1,-0.0073,1,0.000274999998509884,3,214.754671286983,1,1.92978618097612,1899.42004394531,1,4.30089998245239,34.9695014953613,0.0364999994635582,0,0.000274999998509884,203.493896484375,-84.1988,22.9522,29.8090791283795,53,52,53,51,53,53,0,8765,2.05436109950657,23,-84,0.0073,47,2022-05-28 10:00:54.001073,1899.42004394531,1.0412,2,"aoml_apex",1036.38424801465
"4903625",29,0,5,0.0438,1,0,1,0.00049200002104044,3,197.10940015651,1,1.95493448651704,7.82999992370605,1,28.7292995452881,36.1503982543945,0.0438000001013279,0.0146000003442168,0.00049200002104044,186.669799804688,-83.4146,23.3693,11.9238205851039,53,52,53,51,53,53,0,8766,1.80741608982065,23,-83,0.0073,47,2022-06-07 17:40:34.001882,7.82999992370605,1.0412,2,"aoml_apex",1023.05218604192
"4903625",29,0,5,0.0438,1,0,1,0.000503999995999038,3,197.578021874772,1,1.95487374662017,11.5500001907349,1,28.6679000854492,36.1442985534668,0.0438000001013279,0.0146000003442168,0.000503999995999038,187.11360168457,-83.4146,23.3693,11.9238205851039,53,52,53,51,53,53,0,8766,1.80741608982065,23,-83,0.0073,47,2022-06-07 17:40:34.001882,11.5500001907349,1.0412,2,"aoml_apex",1023.08397330408
"4903625",29,0,1,0.0438,1,0,1,0.000704000005498528,3,197.926898136264,1,1.95477240769619,16.7199993133545,1,28.5562000274658,36.1360015869141,0.0438000001013279,0.0146000003442168,0.000704000005498528,187.444000244141,-83.4146,23.3693,11.9238205851039,53,52,53,51,53,53,0,8766,1.80741608982065,23,-83,0.0073,47,2022-06-07 17:40:34.001882,16.7199993133545,1.0412,2,"aoml_apex",1023.13701182078
"4903625",29,0.0040389150241129,1,0.0511,1,0.0073,1,0.000515000021550804,3,197.773365512805,1,1.95471892326141,21.6000003814697,1,28.5335998535156,36.1355018615723,0.0511000007390976,0.0219000000506639,0.000515000021550804,187.298599243164,-83.4146,23.3693,11.9238205851039,53,52,53,51,53,53,0.0073,8766,1.80741608982065,23,-83,0.0073,47,2022-06-07 17:40:34.001882,21.6000003814697,1.0412,2,"aoml_apex",1023.16500658982
"4903625",29,0.0040389150241129,1,0.0511,1,0.0073,1,0.00049200002104044,3,197.870505631058,1,1.95467192742106,26.4500007629395,1,28.5223999023438,36.1357002258301,0.0511000007390976,0.0219000000506639,0.00049200002104044,187.390594482422,-83.4146,23.3693,11.9238205851039,53,52,53,51,53,53,0.0073,8766,1.80741608982065,23,-83,0.0073,47,2022-06-07 17:40:34.001882,26.4500007629395,1.0412,2,"aoml_apex",1023.18960636977
"4903625",29,0.0121167450723387,1,0.0657,1,0.0219,1,0.000526999996509403,3,197.862272325298,1,1.95461995818841,31.6299991607666,1,28.5067005157471,36.1355018615723,0.065700002014637,0.0364999994635582,0.000526999996509403,187.382797241211,-83.4146,23.3693,11.9238205851039,53,52,53,51,53,53,0.0219,8766,1.80741608982065,23,-83,0.0073,47,2022-06-07 17:40:34.001882,31.6299991607666,1.0412,2,"aoml_apex",1023.21681082887
"4903625",29,0.0121167450723387,1,0.0657,1,0.0219,1,0.000561999971978366,3,198.007152727245,1,1.95456789334722,36.9199981689453,1,28.4892997741699,36.1339988708496,0.065700002014637,0.0364999994635582,0.000561999971978366,187.520004272461,-83.4146,23.3693,11.9238205851039,53,52,53,51,53,53,0.0219,8766,1.80741608982065,23,-83,0.0073,47,2022-06-07 17:40:34.001882,36.9199981689453,1.0412,2,"aoml_apex",1023.24406678705
"4903625",29,0.0121167450723387,1,0.0657,1,0.0219,1,0.000691999972332269,3,199.085361314639,1,1.95449125843028,41.9099998474121,1,28.4337997436523,36.1344985961914,0.065700002014637,0.0364999994635582,0.000691999972332269,188.541107177734,-83.4146,23.3693,11.9238205851039,53,52,53,51,53,53,0.0219,8766,1.80741608982065,23,-83,0.0073,47,2022-06-07 17:40:34.001882,41.9099998474121,1.0412,2,"aoml_apex",1023.28418782813
"4903625",29,0.0242334901446774,1,0.0876,1,0.0438,1,0.000621000013779849,3,200.93576053189,1,1.95437141566258,46.6500015258789,1,28.2793998718262,36.1230010986328,0.0876000002026558,0.0584000013768673,0.000621000013779849,190.293502807617,-83.4146,23.3693,11.9238205851039,53,52,53,51,53,53,0.0438,8766,1.80741608982065,23,-83,0.0073,47,2022-06-07 17:40:34.001882,46.6500015258789,1.0412,2,"aoml_apex",1023.34693598757
"4903625",29,0.0323113201929032,1,0.1022,1,0.0584,1,0.000621000013779849,3,201.534568376456,1,1.95415044428636,51.9300003051758,1,28.0459995269775,36.1445007324219,0.102200001478195,0.0729999989271164,0.000621000013779849,190.860595703125,-83.4146,23.3693,11.9238205851039,53,52,53,51,53,53,0.0584,8766,1.80741608982065,23,-83,0.0073,47,2022-06-07 17:40:34.001882,51.9300003051758,1.0412,2,"aoml_apex",1023.46265398741
"4903625",29,0.0282724051687903,1,0.0949,1,0.0511,1,0.000998000032268465,3,201.633931970629,1,1.95402465289082,56.7700004577637,1,27.9473991394043,36.1614990234375,0.0948999971151352,0.065700002014637,0.000998000032268465,190.954696655273,-83.4146,23.3693,11.9238205851039,53,52,53,51,53,53,0.0511,8766,1.80741608982065,23,-83,0.0073,47,2022-06-07 17:40:34.001882,56.7700004577637,1.0412,2,"aoml_apex",1023.52853995018
"4903625",29,0.0363502352170161,1,0.1095,1,0.0657,1,0.000655999989248812,3,202.38881815746,1,1.95381307868972,61.7000007629395,1,27.7140007019043,36.17919921875,0.109499998390675,0.0803000032901764,0.000655999989248812,191.66960144043,-83.4146,23.3693,11.9238205851039,53,52,53,51,53,53,0.0657,8766,1.80741608982065,23,-83,0.0073,47,2022-06-07 17:40:34.001882,61.7000007629395,1.0412,2,"aoml_apex",1023.63937564654
"4903625",29,0.0525058953134677,1,0.1387,1,0.0949,1,0.000598000013269484,3,201.971835861823,1,1.95368925475567,66.5599975585938,1,27.5785999298096,36.1791000366211,0.138699993491173,0.109499998390675,0.000598000013269484,191.274703979492,-83.4146,23.3693,11.9238205851039,53,52,53,51,53,53,0.0949,8766,1.80741608982065,23,-83,0.0073,47,2022-06-07 17:40:34.001882,66.5599975585938,1.0412,2,"aoml_apex",1023.70425344338
"4903625",29,0.0605837253616935,1,0.1533,1,0.1095,1,0.000585999980103225,3,200.579488796143,1,1.95350276739027,71.8199996948242,1,27.3152008056641,36.1654014587402,0.153300002217293,0.124099999666214,0.000585999980103225,189.956100463867,-83.4146,23.3693,11.9238205851039,53,52,53,51,53,53,0.1095,8766,1.80741608982065,23,-83,0.0073,47,2022-06-07 17:40:34.001882,71.8199996948242,1.0412,2,"aoml_apex",1023.80197939102
"4903625",29,0.0646226403858064,1,0.1606,1,0.1168,1,0.000598000013269484,3,199.058421809294,1,1.95335593469554,76.9400024414062,1,27.1597995758057,36.1717987060547,0.160600006580353,0.131400004029274,0.000598000013269484,188.515594482422,-83.4146,23.3693,11.9238205851039,53,52,53,51,53,53,0.1168,8766,1.80741608982065,23,-83,0.0073,47,2022-06-07 17:40:34.001882,76.9400024414062,1.0412,2,"aoml_apex",1023.87893802454
"4903625",29,0.076739385458145,1,0.1825,1,0.1387,1,0.000598000013269484,3,198.034076120444,1,1.953230915529,81.5699996948242,1,27.0007991790771,36.1645011901855,0.182500004768372,0.153300002217293,0.000598000013269484,187.545501708984,-83.4146,23.3693,11.9238205851039,53,52,53,51,53,53,0.1387,8766,1.80741608982065,23,-83,0.0073,47,2022-06-07 17:40:34.001882,81.5699996948242,1.0412,2,"aoml_apex",1023.9444727703
"4903625",29,0.0807783004822579,1,0.1898,1,0.146,1,0.000598000013269484,3,196.278706330537,1,1.95309365244929,86.7900009155273,1,26.8749008178711,36.176700592041,0.18979999423027,0.160600006580353,0.000598000013269484,185.883102416992,-83.4146,23.3693,11.9238205851039,53,52,53,51,53,53,0.146,8766,1.80741608982065,23,-83,0.0073,47,2022-06-07 17:40:34.001882,86.7900009155273,1.0412,2,"aoml_apex",1024.01643540846
"4903625",29,0.1252063657475,1,0.2701,1,0.2263,1,0.000608999980613589,3,193.2036391338,1,1.95291636043311,91.7600021362305,1,26.7453994750977,36.2168006896973,0.270099997520447,0.240899994969368,0.000608999980613589,182.970901489258,-83.4146,23.3693,11.9238205851039,53,52,53,51,53,53,0.2263,8766,1.80741608982065,23,-83,0.0073,47,2022-06-07 17:40:34.001882,91.7600021362305,1.0412,2,"aoml_apex",1024.10939890761
"4903625",29,0.157517685940403,1,0.3285,1,0.2847,1,0.000655999989248812,3,188.622505356598,1,1.95268942933839,96.7900009155273,1,26.632999420166,36.2985000610352,0.328500002622604,0.299299985170364,0.000655999989248812,178.632400512695,-83.4146,23.3693,11.9238205851039,53,52,53,51,53,53,0.2847,8766,1.80741608982065,23,-83,0.0073,47,2022-06-07 17:40:34.001882,96.7900009155273,1.0412,2,"aoml_apex",1024.22841541045
"4903625",29,0.343307777049596,1,0.6643,1,0.6205,1,0.00080899999011308,3,185.594115042027,1,1.95254056374769,101.900001525879,1,26.5076999664307,36.3200988769531,0.66430002450943,0.63510000705719,0.00080899999011308,175.764404296875,-83.4146,23.3693,11.9238205851039,53,52,53,51,53,53,0.6205,8766,1.80741608982065,23,-83,0.0073,47,2022-06-07 17:40:34.001882,101.900001525879,1.0412,2,"aoml_apex",1024.30650462965
"4903625",29,0.383696927290725,1,0.7373,1,0.6935,1,0.00092600000789389,3,175.725217173105,1,1.95195190492775,111.849998474121,1,26.0746002197266,36.4912986755371,0.737299978733063,0.708100020885468,0.00092600000789389,166.418197631836,-83.4146,23.3693,11.9238205851039,53,52,53,51,53,53,0.6935,8766,1.80741608982065,23,-83,0.0073,47,2022-06-07 17:40:34.001882,111.849998474121,1.0412,2,"aoml_apex",1024.61540929925
"4903625",29,0.173673346036855,1,0.3577,1,0.3139,1,0.000584999972488731,3,172.988682241191,1,1.95144826179769,121.650001525879,1,25.6144008636475,36.594799041748,0.357699990272522,0.328500002622604,0.000584999972488731,163.826599121094,-83.4146,23.3693,11.9238205851039,53,52,53,51,53,53,0.3139,8766,1.80741608982065,23,-83,0.0073,47,2022-06-07 17:40:34.001882,121.650001525879,1.0412,2,"aoml_apex",1024.8798490602
"4903625",29,0.100972875602822,1,0.2263,1,0.1825,1,0.000419999996665865,3,167.421211323648,1,1.95090976144312,131.529998779297,1,25.1082992553711,36.7053985595703,0.226300001144409,0.19709999859333,0.000419999996665865,158.554000854492,-83.4146,23.3693,11.9238205851039,53,52,53,51,53,53,0.1825,8766,1.80741608982065,23,-83,0.0073,47,2022-06-07 17:40:34.001882,131.529998779297,1.0412,2,"aoml_apex",1025.16274177672
"4903625",29,0.0888561305304837,1,0.2044,1,0.1606,1,0.000467000005301088,3,161.087978521842,1,1.95056476633433,141.869995117188,1,24.8304996490479,36.7736015319824,0.20440000295639,0.175200000405312,0.000467000005301088,152.556198120117,-83.4146,23.3693,11.9238205851039,53,52,53,51,53,53,0.1606,8766,1.80741608982065,23,-83,0.0073,47,2022-06-07 17:40:34.001882,141.869995117188,1.0412,2,"aoml_apex",1025.34406163738
"4903625",29,0.0807783004822579,1,0.1898,1,0.146,1,0.000490000005811453,3,158.538553922201,1,1.95014548898408,151.940002441406,1,24.5058994293213,36.8768997192383,0.18979999423027,0.160600006580353,0.000490000005811453,150.141799926758,-83.4146,23.3693,11.9238205851039,53,52,53,51,53,53,0.146,8766,1.80741608982065,23,-83,0.0073,47,2022-06-07 17:40:34.001882,151.940002441406,1.0412,2,"aoml_apex",1025.56450854438
"4903625",29,0.0282724051687903,1,0.0949,1,0.0511,1,0.000430999993113801,3,157.2321651466,1,1.94969525947007,161.710006713867,1,23.952600479126,36.913501739502,0.0948999971151352,0.065700002014637,0.000430999993113801,148.904602050781,-83.4146,23.3693,11.9238205851039,53,52,53,51,53,53,0.0511,8766,1.80741608982065,23,-83,0.0073,47,2022-06-07 17:40:34.001882,161.710006713867,1.0412,2,"aoml_apex",1025.80133499612
"4903625",29,0.0161556600964516,4,0.073,1,0.0292,1,0.000395999988541007,3,154.513466358475,1,1.94921912175248,171.779998779297,1,23.3253002166748,36.940601348877,0.0729999989271164,0.0438000001013279,0.000395999988541007,146.329895019531,-83.4146,23.3693,11.9238205851039,53,52,53,51,53,53,0.0292,8766,1.80741608982065,23,-83,0.0073,47,2022-06-07 17:40:34.001882,171.779998779297,1.0412,2,"aoml_apex",1026.05190852112
"4903625",29,0.0161556600964516,1,0.073,1,0.0292,1,0.000478000001749024,3,152.286735785768,1,1.94870931405921,181.559997558594,1,22.5669002532959,36.9466018676758,0.0729999989271164,0.0438000001013279,0.000478000001749024,144.221099853516,-83.4146,23.3693,11.9238205851039,53,52,53,51,53,53,0.0292,8766,1.80741608982065,23,-83,0.0073,47,2022-06-07 17:40:34.001882,181.559997558594,1.0412,2,"aoml_apex",1026.3203370409
"4903625",29,0.0282724051687903,1,0.0949,1,0.0511,1,0.000441999989561737,3,151.484334885264,1,1.94830060661359,191.529998779297,1,21.7273006439209,36.8571014404297,0.0948999971151352,0.065700002014637,0.000441999989561737,143.461196899414,-83.4146,23.3693,11.9238205851039,53,52,53,51,53,53,0.0511,8766,1.80741608982065,23,-83,0.0073,47,2022-06-07 17:40:34.001882,191.529998779297,1.0412,2,"aoml_apex",1026.53563480446
"4903625",29,0.0201945751205645,1,0.0803,1,0.0365,1,0.000453999993624166,3,151.400922313992,1,1.94801068297653,201.479995727539,1,21.2404003143311,36.8216018676758,0.0803000032901764,0.0511000007390976,0.000453999993624166,143.382202148438,-83.4146,23.3693,11.9238205851039,53,52,53,51,53,53,0.0365,8766,1.80741608982065,23,-83,0.0073,47,2022-06-07 17:40:34.001882,201.479995727539,1.0412,2,"aoml_apex",1026.6884147391
"4903625",29,-0.0040389150241129,4,0.0365,1,-0.0073,1,0.000383000005967915,3,151.96035207778,1,1.94771614509414,211.449996948242,1,20.7735004425049,36.798900604248,0.0364999994635582,0.00730000017210841,0.000383000005967915,143.912002563477,-83.4146,23.3693,11.9238205851039,53,52,53,51,53,53,-0.0073,8766,1.80741608982065,23,-83,0.0073,47,2022-06-07 17:40:34.001882,211.449996948242,1.0412,2,"aoml_apex",1026.84367279983
"4903625",29,0,1,0.0438,1,0,1,0.000513000006321818,3,149.896756966561,1,1.94756833801552,221.289993286133,1,20.6446990966797,36.7988014221191,0.0438000001013279,0.0146000003442168,0.000513000006321818,141.957702636719,-83.4146,23.3693,11.9238205851039,53,52,53,51,53,53,0,8766,1.80741608982065,23,-83,0.0073,47,2022-06-07 17:40:34.001882,221.289993286133,1.0412,2,"aoml_apex",1026.92160319155
"4903625",29,0.00807783004822579,1,0.0584,1,0.0146,1,0.000383000005967915,3,147.127691615215,1,1.94726641723714,231.449996948242,1,19.8838005065918,36.6791000366211,0.0584000013768673,0.0292000006884336,0.000383000005967915,139.335296630859,-83.4146,23.3693,11.9238205851039,53,52,53,51,53,53,0.0146,8766,1.80741608982065,23,-83,0.0073,47,2022-06-07 17:40:34.001882,231.449996948242,1.0412,2,"aoml_apex",1027.08082586752
"4903625",29,0.00807783004822579,1,0.0584,1,0.0146,1,0.000407000014092773,3,148.576318401091,1,1.94707626014005,241.210006713867,1,19.5237998962402,36.6291999816895,0.0584000013768673,0.0292000006884336,0.000407000014092773,140.70719909668,-83.4146,23.3693,11.9238205851039,53,52,53,51,53,53,0.0146,8766,1.80741608982065,23,-83,0.0073,47,2022-06-07 17:40:34.001882,241.210006713867,1.0412,2,"aoml_apex",1027.18113355054
"4903625",29,0,1,0.0292,1,-0.0146,1,0.00113500002771616,3,152.0592967562,1,1.94677927939626,251.699996948242,1,18.9671001434326,36.5830001831055,0.0292000006884336,0,0.00113500002771616,144.005706787109,-83.4146,23.3693,11.9238205851039,53,52,53,51,53,53,0,8766,1.80741608982065,23,-83,0.0073,47,2022-06-07 17:40:34.001882,251.699996948242,1.0412,2,"aoml_apex",1027.33782980279
"4903625",29,0,1,0.0365,1,-0.0073,1,0.00040600000647828,3,154.046745873246,1,1.94661240191316,261.320007324219,1,18.7063999176025,36.5549011230469,0.0364999994635582,0,0.00040600000647828,145.887893676758,-83.4146,23.3693,11.9238205851039,53,52,53,51,53,53,0,8766,1.80741608982065,23,-83,0.0073,47,2022-06-07 17:40:34.001882,261.320007324219,1.0412,2,"aoml_apex",1027.4259005205
"4903625",29,0,1,0.0365,1,-0.0073,1,0.000371000001905486,3,150.047115497584,1,1.9464279647782,271.519989013672,1,18.3652992248535,36.5093994140625,0.0364999994635582,0,0.000371000001905486,142.10009765625,-83.4146,23.3693,11.9238205851039,53,52,53,51,53,53,0,8766,1.80741608982065,23,-83,0.0073,47,2022-06-07 17:40:34.001882,271.519989013672,1.0412,2,"aoml_apex",1027.52325603168
"4903625",29,0,1,0.0365,1,-0.0073,1,0.000418000010540709,3,138.421172175743,1,1.94626881220612,281.079986572266,1,17.9428997039795,36.4244995117188,0.0364999994635582,0,0.000418000010540709,131.089904785156,-83.4146,23.3693,11.9238205851039,53,52,53,51,53,53,0,8766,1.80741608982065,23,-83,0.0073,47,2022-06-07 17:40:34.001882,281.079986572266,1.0412,2,"aoml_apex",1027.60727986643
"4903625",29,0,1,0.0365,1,-0.0073,1,0.000546999974176288,3,132.199967113564,1,1.94601994202052,291.410003662109,1,17.2640991210938,36.3162002563477,0.0364999994635582,0,0.000546999974176288,125.198196411133,-83.4146,23.3693,11.9238205851039,53,52,53,51,53,53,0,8766,1.80741608982065,23,-83,0.0073,47,2022-06-07 17:40:34.001882,291.410003662109,1.0412,2,"aoml_apex",1027.73869723217
"4903625",29,0,1,0.0292,1,-0.0146,1,0.000487999990582466,3,129.763843112955,1,1.94587263088154,301.25,1,16.9806995391846,36.2709007263184,0.0292000006884336,0,0.000487999990582466,122.891098022461,-83.4146,23.3693,11.9238205851039,53,52,53,51,53,53,0,8766,1.80741608982065,23,-83,0.0073,47,2022-06-07 17:40:34.001882,301.25,1.0412,2,"aoml_apex",1027.81650158363
"4903625",29,0,1,0.0365,1,-0.0073,1,0.000510999991092831,3,123.700827083951,1,1.94565312797413,311.220001220703,1,16.3787994384766,36.1757011413574,0.0364999994635582,0,0.000510999991092831,117.149200439453,-83.4146,23.3693,11.9238205851039,53,52,53,51,53,53,0,8766,1.80741608982065,23,-83,0.0073,47,2022-06-07 17:40:34.001882,311.220001220703,1.0412,2,"aoml_apex",1027.93245684161
"4903625",29,0,1,0.0438,1,0,1,0.00052300002425909,3,123.978850190688,1,1.9454527946414,321.470001220703,1,15.8446998596191,36.0904998779297,0.0438000001013279,0,0.00052300002425909,117.412498474121,-83.4146,23.3693,11.9238205851039,53,52,53,51,53,53,0,8766,1.80741608982065,23,-83,0.0073,47,2022-06-07 17:40:34.001882,321.470001220703,1.0412,2,"aoml_apex",1028.03830836134
"4903625",29,0,1,0.0365,1,-0.0073,1,0.000510999991092831,3,129.624360279364,1,1.94525289111128,330.790008544922,1,15.3083000183105,36.0129013061523,0.0364999994635582,0,0.000510999991092831,122.759002685547,-83.4146,23.3693,11.9238205851039,53,52,53,51,53,53,0,8766,1.80741608982065,23,-83,0.0073,47,2022-06-07 17:40:34.001882,330.790008544922,1.0412,2,"aoml_apex",1028.14395451557
"4903625",29,0,1,0.0365,1,-0.0073,1,0.000380999990738928,3,129.974928316013,1,1.94506606008665,341.440002441406,1,14.8084001541138,35.9327011108398,0.0364999994635582,0,0.000380999990738928,123.091003417969,-83.4146,23.3693,11.9238205851039,53,52,53,51,53,53,0,8766,1.80741608982065,23,-83,0.0073,47,2022-06-07 17:40:34.001882,341.440002441406,1.0412,2,"aoml_apex",1028.2427116696
"4903625",29,0,1,0.0365,1,-0.0073,1,0.000403999991249293,3,126.837345999218,1,1.9448942752645,350.880004882812,1,14.3531999588013,35.8647994995117,0.0364999994635582,0,0.000403999991249293,120.119598388672,-83.4146,23.3693,11.9238205851039,53,52,53,51,53,53,0,8766,1.80741608982065,23,-83,0.0073,47,2022-06-07 17:40:34.001882,350.880004882812,1.0412,2,"aoml_apex",1028.33353228314
"4903625",29,0,1,0.0365,1,-0.0073,1,0.000391999987186864,3,127.89084661326,1,1.94476348818768,361.660003662109,1,14.0700998306274,35.8120994567871,0.0364999994635582,0,0.000391999987186864,121.117301940918,-83.4146,23.3693,11.9238205851039,53,52,53,51,53,53,0,8766,1.80741608982065,23,-83,0.0073,47,2022-06-07 17:40:34.001882,361.660003662109,1.0412,2,"aoml_apex",1028.40268862914
"4903625",29,0,1,0.0365,1,-0.0073,1,0.000357000011717901,3,127.090983375491,1,1.94449946051899,380.779998779297,1,13.5051002502441,35.725399017334,0.0364999994635582,0,0.000357000011717901,120.359802246094,-83.4146,23.3693,11.9238205851039,53,52,53,51,53,53,0,8766,1.80741608982065,23,-83,0.0073,47,2022-06-07 17:40:34.001882,380.779998779297,1.0412,2,"aoml_apex",1028.54232701417
"4903625",29,0,1,0.0292,1,-0.0146,1,0.000391999987186864,3,125.332657007096,1,1.94422919815895,401.559997558594,1,12.9517002105713,35.6402015686035,0.0292000006884336,0,0.000391999987186864,118.694602966309,-83.4146,23.3693,11.9238205851039,53,52,53,51,53,53,0,8766,1.80741608982065,23,-83,0.0073,47,2022-06-07 17:40:34.001882,401.559997558594,1.0412,2,"aoml_apex",1028.68530206925
"4903625",29,0,1,0.0438,1,0,1,0.00052000000141561,3,116.950080285743,1,1.94357539139565,451.299987792969,1,11.4573001861572,35.4122009277344,0.0438000001013279,0,0.00052000000141561,110.755996704102,-83.4146,23.3693,11.9238205851039,53,52,53,51,53,53,0,8766,1.80741608982065,23,-83,0.0073,47,2022-06-07 17:40:34.001882,451.299987792969,1.0412,2,"aoml_apex",1029.03134545444
"4903625",29,0,1,0.0438,1,0,1,0.000400999997509643,3,115.308961711383,1,1.94299705179886,501.230010986328,1,10.3422002792358,35.2470016479492,0.0438000001013279,0,0.000400999997509643,109.201797485352,-83.4146,23.3693,11.9238205851039,53,52,53,51,53,53,0,8766,1.80741608982065,23,-83,0.0073,47,2022-06-07 17:40:34.001882,501.230010986328,1.0412,2,"aoml_apex",1029.33764008976
"4903625",29,0,1,0.0438,1,0,1,0.000436000002082437,3,116.026258265459,1,1.94245645885353,551.049987792969,1,9.53680038452148,35.140998840332,0.0438000001013279,0,0.000436000002082437,109.881103515625,-83.4146,23.3693,11.9238205851039,53,52,53,51,53,53,0,8766,1.80741608982065,23,-83,0.0073,47,2022-06-07 17:40:34.001882,551.049987792969,1.0412,2,"aoml_apex",1029.62410863018
"4903625",29,0,1,0.0438,1,0,1,0.000364000006811693,3,118.750330453722,1,1.94187199095488,601.710021972656,1,8.51609992980957,35.0204010009766,0.0438000001013279,0,0.000364000006811693,112.460899353027,-83.4146,23.3693,11.9238205851039,53,52,53,51,53,53,0,8766,1.80741608982065,23,-83,0.0073,47,2022-06-07 17:40:34.001882,601.710021972656,1.0412,2,"aoml_apex",1029.93400662653
"4903625",29,0,1,0.0438,1,0,1,0.000375000003259629,3,122.652401795378,1,1.94131612484493,651.650024414062,1,7.77790021896362,34.9542999267578,0.0438000001013279,0,0.000375000003259629,116.156303405762,-83.4146,23.3693,11.9238205851039,53,52,53,51,53,53,0,8766,1.80741608982065,23,-83,0.0073,47,2022-06-07 17:40:34.001882,651.650024414062,1.0412,2,"aoml_apex",1030.22891243937
"4903625",29,0,1,0.0438,1,0,1,0.000350999995134771,3,128.746780113348,1,1.94076447686908,701.710021972656,1,7.18219995498657,34.9188995361328,0.0438000001013279,0,0.000350999995134771,121.92790222168,-83.4146,23.3693,11.9238205851039,53,52,53,51,53,53,0,8766,1.80741608982065,23,-83,0.0073,47,2022-06-07 17:40:34.001882,701.710021972656,1.0412,2,"aoml_apex",1030.52174740259
"4903625",29,0,1,0.0438,1,0,1,0.000361999991582707,3,135.548844091293,1,1.94022810035708,751.830017089844,1,6.72889995574951,34.9040985107422,0.0438000001013279,0,0.000361999991582707,128.369705200195,-83.4146,23.3693,11.9238205851039,53,52,53,51,53,53,0,8766,1.80741608982065,23,-83,0.0073,47,2022-06-07 17:40:34.001882,751.830017089844,1.0412,2,"aoml_apex",1030.80663538061
"4903625",29,0,1,0.0438,1,0,1,0.000361000013072044,3,142.484896661607,1,1.93970217083932,801.869995117188,1,6.35169982910156,34.8992004394531,0.0438000001013279,0,0.000361000013072044,134.938400268555,-83.4146,23.3693,11.9238205851039,53,52,53,51,53,53,0,8766,1.80741608982065,23,-83,0.0073,47,2022-06-07 17:40:34.001882,801.869995117188,1.0412,2,"aoml_apex",1031.08612758555
"4903625",29,0,1,0.0438,1,0,1,0.000361000013072044,3,149.76539465372,1,1.93918676257325,851.530029296875,1,6.0398998260498,34.9029998779297,0.0438000001013279,0,0.000361000013072044,141.833297729492,-83.4146,23.3693,11.9238205851039,53,52,53,51,53,53,0,8766,1.80741608982065,23,-83,0.0073,47,2022-06-07 17:40:34.001882,851.530029296875,1.0412,2,"aoml_apex",1031.36017561612
"4903625",29,0,1,0.0438,1,0,1,0.000372000009519979,3,159.922877139997,1,1.93862842899391,901.859985351562,1,5.62860012054443,34.9146003723145,0.0438000001013279,0,0.000372000009519979,151.45280456543,-83.4146,23.3693,11.9238205851039,53,52,53,51,53,53,0,8766,1.80741608982065,23,-83,0.0073,47,2022-06-07 17:40:34.001882,901.859985351562,1.0412,2,"aoml_apex",1031.65721191757
"4903625",29,0,1,0.0438,1,0,1,0.000323999993270263,3,166.156311319734,1,1.93813203653299,951.650024414062,1,5.40059995651245,34.9221000671387,0.0438000001013279,0,0.000323999993270263,157.356094360352,-83.4146,23.3693,11.9238205851039,53,52,53,51,53,53,0,8766,1.80741608982065,23,-83,0.0073,47,2022-06-07 17:40:34.001882,951.650024414062,1.0412,2,"aoml_apex",1031.92143894267
"4903625",29,0,1,0.0365,1,-0.0073,1,0.000358999997843057,3,171.513550977869,1,1.93766888736059,999.969970703125,1,5.23530006408691,34.9273986816406,0.0364999994635582,0,0.000358999997843057,162.429595947266,-83.4146,23.3693,11.9238205851039,53,52,53,51,53,53,0,8766,1.80741608982065,23,-83,0.0073,47,2022-06-07 17:40:34.001882,999.969970703125,1.0412,2,"aoml_apex",1032.16809282845
"4903625",29,0,1,0.0438,1,0,1,0.000334999989718199,3,183.866619261836,1,1.93670890189064,1099.2099609375,1,4.86730003356934,34.9402008056641,0.0438000001013279,0,0.000334999989718199,174.128402709961,-83.4146,23.3693,11.9238205851039,53,52,53,51,53,53,0,8766,1.80741608982065,23,-83,0.0073,47,2022-06-07 17:40:34.001882,1099.2099609375,1.0412,2,"aoml_apex",1032.6797166304
"4903625",29,0,1,0.0438,1,0,1,0.000334999989718199,3,195.158267812816,1,1.93575937473594,1199.98999023438,1,4.57819986343384,34.9525985717773,0.0438000001013279,0,0.000334999989718199,184.822006225586,-83.4146,23.3693,11.9238205851039,53,52,53,51,53,53,0,8766,1.80741608982065,23,-83,0.0073,47,2022-06-07 17:40:34.001882,1199.98999023438,1.0412,2,"aoml_apex",1033.18626586676
"4903625",29,0,1,0.0438,1,0,1,0.000322000007145107,3,202.124417868766,1,1.93486150347147,1300,1,4.42159986495972,34.9592018127441,0.0438000001013279,0,0.000322000007145107,191.419204711914,-83.4146,23.3693,11.9238205851039,53,52,53,51,53,53,0,8766,1.80741608982065,23,-83,0.0073,47,2022-06-07 17:40:34.001882,1300,1.0412,2,"aoml_apex",1033.665715304
"4903625",29,0,1,0.0438,1,0,1,0.000357999990228564,3,206.060276377112,1,1.93399864981516,1399.86999511719,1,4.36649990081787,34.9622993469238,0.0438000001013279,0,0.000357999990228564,195.146606445312,-83.4146,23.3693,11.9238205851039,53,52,53,51,53,53,0,8766,1.80741608982065,23,-83,0.0073,47,2022-06-07 17:40:34.001882,1399.86999511719,1.0412,2,"aoml_apex",1034.12688534769
"4903625",29,0,1,0.0365,1,-0.0073,1,0.000299000006634742,3,207.994829324275,1,1.93314038596612,1500.10998535156,1,4.32770013809204,34.964599609375,0.0364999994635582,0,0.000299000006634742,196.978698730469,-83.4146,23.3693,11.9238205851039,53,52,53,51,53,53,0,8766,1.80741608982065,23,-83,0.0073,47,2022-06-07 17:40:34.001882,1500.10998535156,1.0412,2,"aoml_apex",1034.58601067944
"4903625",29,0,1,0.0438,1,0,1,0.000310000003082678,3,212.309983822636,1,1.93229645313819,1599.59997558594,1,4.31330013275146,34.9674987792969,0.0438000001013279,0,0.000310000003082678,201.065307617188,-83.4146,23.3693,11.9238205851039,53,52,53,51,53,53,0,8766,1.80741608982065,23,-83,0.0073,47,2022-06-07 17:40:34.001882,1599.59997558594,1.0412,2,"aoml_apex",1035.03786737892
"4903625",29,0,1,0.0438,1,0,1,0.000262999994447455,3,213.417435952016,1,1.93145369805781,1699.57995605469,1,4.29829978942871,34.9682998657227,0.0438000001013279,0,0.000262999994447455,202.114105224609,-83.4146,23.3693,11.9238205851039,53,52,53,51,53,53,0,8766,1.80741608982065,23,-83,0.0073,47,2022-06-07 17:40:34.001882,1699.57995605469,1.0412,2,"aoml_apex",1035.48948753528
"4903625",29,0,1,0.0438,1,0,1,0.000734000001102686,3,214.125323013794,1,1.93061247810067,1799.94995117188,1,4.29290008544922,34.9692993164062,0.0438000001013279,0,0.000734000001102686,202.78450012207,-83.4146,23.3693,11.9238205851039,53,52,53,51,53,53,0,8766,1.80741608982065,23,-83,0.0073,47,2022-06-07 17:40:34.001882,1799.94995117188,1.0412,2,"aoml_apex",1035.94067824921
"4903625",29,0,1,0.0438,1,0,1,0.000287000002572313,3,215.324646590226,1,1.92978000019514,1899.69995117188,1,4.28940010070801,34.969898223877,0.0438000001013279,0,0.000287000002572313,203.920303344727,-83.4146,23.3693,11.9238205851039,53,52,53,51,53,53,0,8766,1.80741608982065,23,-83,0.0073,47,2022-06-07 17:40:34.001882,1899.69995117188,1.0412,2,"aoml_apex",1036.38756738994
"4903625",30,0.0040389150241129,1,0.0511,1,0.0073,1,0.00049200002104044,3,196.266754455383,1,1.95521136926078,7.5,1,29.059700012207,36.1067008972168,0.0511000007390976,0.0219000000506639,0.00049200002104044,185.768295288086,-83.2873,23.4214,13.9110078362826,53,52,53,51,53,53,0.0073,8766,1.80741608982065,23,-83,0.0073,47,2022-06-18 01:17:55.000132,7.5,1.0412,2,"aoml_apex",1022.90730886868
"4903625",30,0,1,0.0438,1,0,1,0.000456999987363815,3,196.353083053724,1,1.95517461836366,11.8400001525879,1,29.0562992095947,36.1060981750488,0.0438000001013279,0.0146000003442168,0.000456999987363815,185.850006103516,-83.2873,23.4214,13.9110078362826,53,52,53,51,53,53,0,8766,1.80741608982065,23,-83,0.0073,47,2022-06-18 01:17:55.000132,11.8400001525879,1.0412,2,"aoml_apex",1022.92653618522
"4903625",30,0,1,0.0438,1,0,1,0.000526999996509403,3,197.036957091108,1,1.95501441928185,16.6499996185303,1,28.843599319458,36.095401763916,0.0438000001013279,0.0146000003442168,0.000526999996509403,186.497299194336,-83.2873,23.4214,13.9110078362826,53,52,53,51,53,53,0,8766,1.80741608982065,23,-83,0.0073,47,2022-06-18 01:17:55.000132,16.6499996185303,1.0412,2,"aoml_apex",1023.01035750656
"4903625",30,0.0040389150241129,1,0.0511,1,0.0073,1,0.000515999970957637,3,197.410015932227,1,1.9549562208375,21.7199993133545,1,28.7828998565674,36.0801010131836,0.0511000007390976,0.0219000000506639,0.000515999970957637,186.850402832031,-83.2873,23.4214,13.9110078362826,53,52,53,51,53,53,0.0073,8766,1.80741608982065,23,-83,0.0073,47,2022-06-18 01:17:55.000132,21.7199993133545,1.0412,2,"aoml_apex",1023.0408122097
"4903625",30,0.00807783004822579,1,0.0584,1,0.0146,1,0.000538999971468002,3,198.561515301462,1,1.95484885082858,26.8400001525879,1,28.5907001495361,36.0405006408691,0.0584000013768673,0.0292000006884336,0.000538999971468002,187.940307617188,-83.2873,23.4214,13.9110078362826,53,52,53,51,53,53,0.0146,8766,1.80741608982065,23,-83,0.0073,47,2022-06-18 01:17:55.000132,26.8400001525879,1.0412,2,"aoml_apex",1023.0970026927
"4903625",30,0.0121167450723387,1,0.0657,1,0.0219,1,0.000515999970957637,3,199.487544684443,1,1.9546967698621,31.8700008392334,1,28.3701000213623,36.0204010009766,0.065700002014637,0.0364999994635582,0.000515999970957637,188.816802978516,-83.2873,23.4214,13.9110078362826,53,52,53,51,53,53,0.0219,8766,1.80741608982065,23,-83,0.0073,47,2022-06-18 01:17:55.000132,31.8700008392334,1.0412,2,"aoml_apex",1023.17660254848
"4903625",30,0.0161556600964516,1,0.073,1,0.0292,1,0.000551000004634261,3,199.563507402534,1,1.95462898096049,36.5200004577637,1,28.3342990875244,36.0253982543945,0.0729999989271164,0.0438000001013279,0.000551000004634261,188.888702392578,-83.2873,23.4214,13.9110078362826,53,52,53,51,53,53,0.0292,8766,1.80741608982065,23,-83,0.0073,47,2022-06-18 01:17:55.000132,36.5200004577637,1.0412,2,"aoml_apex",1023.21208755291
"4903625",30,0.0161556600964516,1,0.073,1,0.0292,1,0.00049200002104044,3,199.718173429141,1,1.95455994027177,41.689998626709,1,28.2947998046875,36.0266990661621,0.0729999989271164,0.0438000001013279,0.00049200002104044,189.035095214844,-83.2873,23.4214,13.9110078362826,53,52,53,51,53,53,0.0292,8766,1.80741608982065,23,-83,0.0073,47,2022-06-18 01:17:55.000132,41.689998626709,1.0412,2,"aoml_apex",1023.248230352
"4903625",30,0.0201945751205645,1,0.0803,1,0.0365,1,0.000538999971468002,3,200.051832252642,1,1.95447993782557,46.8400001525879,1,28.2374000549316,36.0279006958008,0.0803000032901764,0.0511000007390976,0.000538999971468002,189.35090637207,-83.2873,23.4214,13.9110078362826,53,52,53,51,53,53,0.0365,8766,1.80741608982065,23,-83,0.0073,47,2022-06-18 01:17:55.000132,46.8400001525879,1.0412,2,"aoml_apex",1023.29011482465
"4903625",30,0.0282724051687903,1,0.0949,1,0.0511,1,0.000609999988228083,3,200.259649612344,1,1.95441141833297,51.5800018310547,1,28.2285995483398,36.0447998046875,0.0948999971151352,0.065700002014637,0.000609999988228083,189.547607421875,-83.2873,23.4214,13.9110078362826,53,52,53,51,53,53,0.0511,8766,1.80741608982065,23,-83,0.0073,47,2022-06-18 01:17:55.000132,51.5800018310547,1.0412,2,"aoml_apex",1023.325990239
"4903625",30,0.0323113201929032,1,0.1022,1,0.0584,1,0.000551000004634261,3,200.522182053795,1,1.95434393773772,56.5200004577637,1,28.2017002105713,36.0518989562988,0.102200001478195,0.0729999989271164,0.000551000004634261,189.796096801758,-83.2873,23.4214,13.9110078362826,53,52,53,51,53,53,0.0584,8766,1.80741608982065,23,-83,0.0073,47,2022-06-18 01:17:55.000132,56.5200004577637,1.0412,2,"aoml_apex",1023.36132416648
"4903625",30,0.0484669802893548,1,0.1314,1,0.0876,1,0.000551000004634261,3,201.754190297,1,1.95419690970265,62.0099983215332,1,28.0764999389648,36.0681991577148,0.131400004029274,0.102200001478195,0.000551000004634261,190.962203979492,-83.2873,23.4214,13.9110078362826,53,52,53,51,53,53,0.0876,8766,1.80741608982065,23,-83,0.0073,47,2022-06-18 01:17:55.000132,62.0099983215332,1.0412,2,"aoml_apex",1023.4383188664
"4903625",30,0.0484669802893548,1,0.1314,1,0.0876,1,0.000574000005144626,3,202.190846957065,1,1.95398907534039,66.7399978637695,1,27.8701000213623,36.0959014892578,0.131400004029274,0.102200001478195,0.000574000005144626,191.375503540039,-83.2873,23.4214,13.9110078362826,53,52,53,51,53,53,0.0876,8766,1.80741608982065,23,-83,0.0073,47,2022-06-18 01:17:55.000132,66.7399978637695,1.0412,2,"aoml_apex",1023.54717600025
"4903625",30,0.0646226403858064,1,0.1606,1,0.1168,1,0.000609999988228083,3,199.690283891302,1,1.95385048866707,71.7300033569336,1,27.6830005645752,36.0826988220215,0.160600006580353,0.131400004029274,0.000609999988228083,189.008697509766,-83.2873,23.4214,13.9110078362826,53,52,53,51,53,53,0.1168,8766,1.80741608982065,23,-83,0.0073,47,2022-06-18 01:17:55.000132,71.7300033569336,1.0412,2,"aoml_apex",1023.61977623191
"4903625",30,0.0646226403858064,1,0.1606,1,0.1168,1,0.000621000013779849,3,200.514057009246,1,1.95370590126023,76.9300003051758,1,27.6005992889404,36.1180992126465,0.160600006580353,0.131400004029274,0.000621000013779849,189.78840637207,-83.2873,23.4214,13.9110078362826,53,52,53,51,53,53,0.1168,8766,1.80741608982065,23,-83,0.0073,47,2022-06-18 01:17:55.000132,76.9300003051758,1.0412,2,"aoml_apex",1023.69553099569
"4903625",30,0.0848172155063708,1,0.1971,1,0.1533,1,0.000561999971978366,3,200.089861975048,1,1.95348826245475,81.8600006103516,1,27.4216995239258,36.1642990112305,0.19709999859333,0.167899996042252,0.000561999971978366,189.386901855469,-83.2873,23.4214,13.9110078362826,53,52,53,51,53,53,0.1533,8766,1.80741608982065,23,-83,0.0073,47,2022-06-18 01:17:55.000132,81.8600006103516,1.0412,2,"aoml_apex",1023.80958127017
"4903625",30,0.0928950455545966,1,0.2117,1,0.1679,1,0.000503999995999038,3,199.350934312392,1,1.95338671385692,86.8199996948242,1,27.3337001800537,36.1688995361328,0.21170000731945,0.182500004768372,0.000503999995999038,188.6875,-83.2873,23.4214,13.9110078362826,53,52,53,51,53,53,0.1679,8766,1.80741608982065,23,-83,0.0073,47,2022-06-18 01:17:55.000132,86.8199996948242,1.0412,2,"aoml_apex",1023.86280494918
"4903625",30,0.100972875602822,1,0.2263,1,0.1825,1,0.000598000013269484,3,198.784647725295,1,1.95330427549795,91.7099990844727,1,27.262300491333,36.1678009033203,0.226300001144409,0.19709999859333,0.000598000013269484,188.151504516602,-83.2873,23.4214,13.9110078362826,53,52,53,51,53,53,0.1825,8766,1.80741608982065,23,-83,0.0073,47,2022-06-18 01:17:55.000132,91.7099990844727,1.0412,2,"aoml_apex",1023.90601663437
"4903625",30,0.0969339605787095,1,0.219,1,0.1752,1,0.000551000004634261,3,196.667074110656,1,1.95319135636266,96.8600006103516,1,27.1375007629395,36.1636009216309,0.218999996781349,0.18979999423027,0.000551000004634261,186.147201538086,-83.2873,23.4214,13.9110078362826,53,52,53,51,53,53,0.1752,8766,1.80741608982065,23,-83,0.0073,47,2022-06-18 01:17:55.000132,96.8600006103516,1.0412,2,"aoml_apex",1023.96521133726
"4903625",30,0.117128535699274,1,0.2555,1,0.2117,1,0.000632999988738447,3,194.902278968003,1,1.95303980554299,101.529998779297,1,26.9773998260498,36.1740989685059,0.255499988794327,0.226300001144409,0.000632999988738447,184.476806640625,-83.2873,23.4214,13.9110078362826,53,52,53,51,53,53,0.2117,8766,1.80741608982065,23,-83,0.0073,47,2022-06-18 01:17:55.000132,101.529998779297,1.0412,2,"aoml_apex",1024.04466837989
"4903625",30,0.315035371880806,1,0.6132,1,0.5694,1,0.000691999972332269,3,188.242740965614,1,1.95268107914478,111.589996337891,1,26.7597999572754,36.273998260498,0.613200008869171,0.583999991416931,0.000691999972332269,178.173492431641,-83.2873,23.4214,13.9110078362826,53,52,53,51,53,53,0.5694,8766,1.80741608982065,23,-83,0.0073,47,2022-06-18 01:17:55.000132,111.589996337891,1.0412,2,"aoml_apex",1024.2327952888
"4903625",30,0.371580182218387,1,0.7154,1,0.6716,1,0.00172599998768419,3,180.785658907747,1,1.9523732708349,121.809997558594,1,26.6053009033203,36.3647003173828,0.715399980545044,0.686200022697449,0.00172599998768419,171.115295410156,-83.2873,23.4214,13.9110078362826,53,52,53,51,53,53,0.6716,8766,1.80741608982065,23,-83,0.0073,47,2022-06-18 01:17:55.000132,121.809997558594,1.0412,2,"aoml_apex",1024.39427433092
"4903625",30,0.15347877091629,1,0.3212,1,0.2774,1,0.000620000006165355,3,170.826965911307,1,1.95158874730793,131.850006103516,1,26.0307006835938,36.6120986938477,0.321200013160706,0.291999995708466,0.000620000006165355,161.689300537109,-83.2873,23.4214,13.9110078362826,53,52,53,51,53,53,0.2774,8766,1.80741608982065,23,-83,0.0073,47,2022-06-18 01:17:55.000132,131.850006103516,1.0412,2,"aoml_apex",1024.80607287721
"4903625",30,0.0727004704340321,1,0.1752,1,0.1314,1,0.000760999973863363,3,167.382736957132,1,1.95088641070762,141.770004272461,1,25.2548007965088,36.7234001159668,0.175200000405312,0.145999997854233,0.000760999973863363,158.429306030273,-83.2873,23.4214,13.9110078362826,53,52,53,51,53,53,0.1314,8766,1.80741608982065,23,-83,0.0073,47,2022-06-18 01:17:55.000132,141.770004272461,1.0412,2,"aoml_apex",1025.17501225228
"4903625",30,0.0484669802893548,1,0.1314,1,0.0876,1,0.000384000013582408,3,159.890252919441,1,1.95038351780536,151.910003662109,1,24.8202991485596,36.8385009765625,0.131400004029274,0.102200001478195,0.000384000013582408,151.337600708008,-83.2873,23.4214,13.9110078362826,53,52,53,51,53,53,0.0876,8766,1.80741608982065,23,-83,0.0073,47,2022-06-18 01:17:55.000132,151.910003662109,1.0412,2,"aoml_apex",1025.43934653963
"4903625",30,0.0201945751205645,1,0.0803,1,0.0365,1,0.000372000009519979,3,156.767833765465,1,1.94981503317975,161.850006103516,1,24.1643009185791,36.9136009216309,0.0803000032901764,0.0511000007390976,0.000372000009519979,148.382202148438,-83.2873,23.4214,13.9110078362826,53,52,53,51,53,53,0.0365,8766,1.80741608982065,23,-83,0.0073,47,2022-06-18 01:17:55.000132,161.850006103516,1.0412,2,"aoml_apex",1025.73832182349
"4903625",30,0.00807783004822579,1,0.0584,1,0.0146,1,0.00036000000545755,3,155.22679977033,1,1.94933079099962,171.619995117188,1,23.5408992767334,36.9482002258301,0.0584000013768673,0.0292000006884336,0.00036000000545755,146.923599243164,-83.2873,23.4214,13.9110078362826,53,52,53,51,53,53,0.0146,8766,1.80741608982065,23,-83,0.0073,47,2022-06-18 01:17:55.000132,171.619995117188,1.0412,2,"aoml_apex",1025.99313017284
"4903625",30,0.00807783004822579,1,0.0584,1,0.0146,1,0.000430999993113801,3,153.789730878967,1,1.94905185312279,181.630004882812,1,23.2098007202148,36.9558982849121,0.0584000013768673,0.0292000006884336,0.000430999993113801,145.563400268555,-83.2873,23.4214,13.9110078362826,53,52,53,51,53,53,0.0146,8766,1.80741608982065,23,-83,0.0073,47,2022-06-18 01:17:55.000132,181.630004882812,1.0412,2,"aoml_apex",1026.13996482217
"4903625",30,0.0121167450723387,1,0.0657,1,0.0219,1,0.000384000013582408,3,153.013821366713,1,1.94875301583502,191.380004882812,1,22.8213005065918,36.9579010009766,0.065700002014637,0.0364999994635582,0.000384000013582408,144.828994750977,-83.2873,23.4214,13.9110078362826,53,52,53,51,53,53,0.0219,8766,1.80741608982065,23,-83,0.0073,47,2022-06-18 01:17:55.000132,191.380004882812,1.0412,2,"aoml_apex",1026.29732128626
"4903625",30,0.0121167450723387,1,0.0657,1,0.0219,1,0.000453999993624166,3,152.642455243208,1,1.9483034178028,201.800003051758,1,22.1284008026123,36.9469985961914,0.065700002014637,0.0364999994635582,0.000453999993624166,144.477493286133,-83.2873,23.4214,13.9110078362826,53,52,53,51,53,53,0.0219,8766,1.80741608982065,23,-83,0.0073,47,2022-06-18 01:17:55.000132,201.800003051758,1.0412,2,"aoml_apex",1026.53415362557
"4903625",30,0.0040389150241129,1,0.0511,1,0.0073,1,0.00047699999413453,3,152.359948733906,1,1.94793313519732,211.630004882812,1,21.4529991149902,36.8959007263184,0.0511000007390976,0.0219000000506639,0.00047699999413453,144.210098266602,-83.2873,23.4214,13.9110078362826,53,52,53,51,53,53,0.0073,8766,1.80741608982065,23,-83,0.0073,47,2022-06-18 01:17:55.000132,211.630004882812,1.0412,2,"aoml_apex",1026.72928750062
"4903625",30,-0.0121167450723387,1,0.0219,1,-0.0219,1,0.000372000009519979,3,152.215954888831,1,1.94768970021105,221.479995727539,1,21.0221996307373,36.8504981994629,0.0219000000506639,-0.00730000017210841,0.000372000009519979,144.073806762695,-83.2873,23.4214,13.9110078362826,53,52,53,51,53,53,-0.0219,8766,1.80741608982065,23,-83,0.0073,47,2022-06-18 01:17:55.000132,221.479995727539,1.0412,2,"aoml_apex",1026.85761483633
"4903625",30,0,1,0.0292,1,-0.0146,1,0.000464999990072101,3,152.384146535233,1,1.94744498702848,231.809997558594,1,20.5774993896484,36.8002014160156,0.0292000006884336,0,0.000464999990072101,144.233001708984,-83.2873,23.4214,13.9110078362826,53,52,53,51,53,53,0,8766,1.80741608982065,23,-83,0.0073,47,2022-06-18 01:17:55.000132,231.809997558594,1.0412,2,"aoml_apex",1026.9866483118
"4903625",30,0,1,0.0365,1,-0.0073,1,0.000348000001395121,3,154.700654772378,1,1.94728455604467,241.529998779297,1,20.3700008392334,36.7816009521484,0.0364999994635582,0,0.000348000001395121,146.425598144531,-83.2873,23.4214,13.9110078362826,53,52,53,51,53,53,0,8766,1.80741608982065,23,-83,0.0073,47,2022-06-18 01:17:55.000132,241.529998779297,1.0412,2,"aoml_apex",1027.07125868774
"4903625",30,0,1,0.0292,1,-0.0146,1,0.000441999989561737,3,156.661434372553,1,1.94703682267931,251.380004882812,1,19.9006996154785,36.7304992675781,0.0292000006884336,0,0.000441999989561737,148.281494140625,-83.2873,23.4214,13.9110078362826,53,52,53,51,53,53,0,8766,1.80741608982065,23,-83,0.0073,47,2022-06-18 01:17:55.000132,251.380004882812,1.0412,2,"aoml_apex",1027.20193922568
"4903625",30,0,1,0.0219,1,-0.0219,1,0.000464999990072101,3,154.487130536147,1,1.94676941543282,261.440002441406,1,19.2887992858887,36.6447982788086,0.0219000000506639,0,0.000464999990072101,146.223495483398,-83.2873,23.4214,13.9110078362826,53,52,53,51,53,53,0,8766,1.80741608982065,23,-83,0.0073,47,2022-06-18 01:17:55.000132,261.440002441406,1.0412,2,"aoml_apex",1027.34303515619
"4903625",30,0,1,0.0219,1,-0.0219,1,0.000311999989207834,3,155.595941179256,1,1.94657452263433,271.290008544922,1,18.8978004455566,36.589298248291,0.0219000000506639,0,0.000311999989207834,147.272994995117,-83.2873,23.4214,13.9110078362826,53,52,53,51,53,53,0,8766,1.80741608982065,23,-83,0.0073,47,2022-06-18 01:17:55.000132,271.290008544922,1.0412,2,"aoml_apex",1027.44589366832
"4903625",30,0,1,0.0292,1,-0.0146,1,0.000323999993270263,3,154.488291256797,1,1.94641524691633,281.579986572266,1,18.6501998901367,36.5567016601562,0.0292000006884336,0,0.000323999993270263,146.224594116211,-83.2873,23.4214,13.9110078362826,53,52,53,51,53,53,0,8766,1.80741608982065,23,-83,0.0073,47,2022-06-18 01:17:55.000132,281.579986572266,1.0412,2,"aoml_apex",1027.52996986052
"4903625",30,0,1,0.0292,1,-0.0146,1,0.000311999989207834,3,153.351913498252,1,1.94627843170595,291.890014648438,1,18.4403991699219,36.521800994873,0.0292000006884336,0,0.000311999989207834,145.149002075195,-83.2873,23.4214,13.9110078362826,53,52,53,51,53,53,0,8766,1.80741608982065,23,-83,0.0073,47,2022-06-18 01:17:55.000132,291.890014648438,1.0412,2,"aoml_apex",1027.60220090758
"4903625",30,0,1,0.0292,1,-0.0146,1,0.000323999993270263,3,151.60602842952,1,1.94612974458986,301.239990234375,1,18.1737995147705,36.4821014404297,0.0292000006884336,0,0.000323999993270263,143.496505737305,-83.2873,23.4214,13.9110078362826,53,52,53,51,53,53,0,8766,1.80741608982065,23,-83,0.0073,47,2022-06-18 01:17:55.000132,301.239990234375,1.0412,2,"aoml_apex",1027.6807111961
"4903625",30,0,1,0.0219,1,-0.0219,1,0.000346999993780628,3,148.52152615011,1,1.94593218016592,311.730010986328,1,17.7198009490967,36.4087982177734,0.0219000000506639,0,0.000346999993780628,140.576995849609,-83.2873,23.4214,13.9110078362826,53,52,53,51,53,53,0,8766,1.80741608982065,23,-83,0.0073,47,2022-06-18 01:17:55.000132,311.730010986328,1.0412,2,"aoml_apex",1027.78504841287
"4903625",30,0,1,0.0292,1,-0.0146,1,0.000371000001905486,3,139.12141384534,1,1.94576478839141,321.589996337891,1,17.3332004547119,36.3423004150391,0.0292000006884336,0,0.000371000001905486,131.679702758789,-83.2873,23.4214,13.9110078362826,53,52,53,51,53,53,0,8766,1.80741608982065,23,-83,0.0073,47,2022-06-18 01:17:55.000132,321.589996337891,1.0412,2,"aoml_apex",1027.87346750859
"4903625",30,0,1,0.0365,1,-0.0073,1,0.00040600000647828,3,133.898856068155,1,1.94559124005722,331.220001220703,1,16.894100189209,36.266300201416,0.0364999994635582,0,0.00040600000647828,126.736503601074,-83.2873,23.4214,13.9110078362826,53,52,53,51,53,53,0,8766,1.80741608982065,23,-83,0.0073,47,2022-06-18 01:17:55.000132,331.220001220703,1.0412,2,"aoml_apex",1027.96515466485
"4903625",30,0,1,0.0292,1,-0.0146,1,0.00040600000647828,3,132.606845015795,1,1.94543068465632,341.420013427734,1,16.5725002288818,36.217098236084,0.0292000006884336,0,0.00040600000647828,125.513603210449,-83.2873,23.4214,13.9110078362826,53,52,53,51,53,53,0,8766,1.80741608982065,23,-83,0.0073,47,2022-06-18 01:17:55.000132,341.420013427734,1.0412,2,"aoml_apex",1028.0499921041
"4903625",30,0,1,0.0365,1,-0.0073,1,0.000394000002415851,3,130.011199583456,1,1.94523972349872,351.850006103516,1,16.0972995758057,36.1411018371582,0.0364999994635582,0,0.000394000002415851,123.056800842285,-83.2873,23.4214,13.9110078362826,53,52,53,51,53,53,0,8766,1.80741608982065,23,-83,0.0073,47,2022-06-18 01:17:55.000132,351.850006103516,1.0412,2,"aoml_apex",1028.15091417257
"4903625",30,0,1,0.0292,1,-0.0146,1,0.000381999998353422,3,128.650834981711,1,1.94508753989721,361.339996337891,1,15.7382001876831,36.081600189209,0.0292000006884336,0,0.000381999998353422,121.769203186035,-83.2873,23.4214,13.9110078362826,53,52,53,51,53,53,0,8766,1.80741608982065,23,-83,0.0073,47,2022-06-18 01:17:55.000132,361.339996337891,1.0412,2,"aoml_apex",1028.23135667492
"4903625",30,0,1,0.0365,1,-0.0073,1,0.000368999986676499,3,131.591004872524,1,1.94473555029108,381.709991455078,1,14.8598003387451,35.9444999694824,0.0364999994635582,0,0.000368999986676499,124.552101135254,-83.2873,23.4214,13.9110078362826,53,52,53,51,53,53,0,8766,1.80741608982065,23,-83,0.0073,47,2022-06-18 01:17:55.000132,381.709991455078,1.0412,2,"aoml_apex",1028.41746256999
"4903625",30,0,1,0.0365,1,-0.0073,1,0.000345999986166134,3,128.455164886033,1,1.94446684951182,401.600006103516,1,14.2784996032715,35.8465003967285,0.0364999994635582,0,0.000345999986166134,121.583999633789,-83.2873,23.4214,13.9110078362826,53,52,53,51,53,53,0,8766,1.80741608982065,23,-83,0.0073,47,2022-06-18 01:17:55.000132,401.600006103516,1.0412,2,"aoml_apex",1028.5595768846
"4903625",30,0,1,0.0438,1,0,1,0.000345000007655472,3,124.733281879716,1,1.94377470208139,451.390014648438,1,12.6528997421265,35.5854988098145,0.0438000001013279,0,0.000345000007655472,118.06120300293,-83.2873,23.4214,13.9110078362826,53,52,53,51,53,53,0,8766,1.80741608982065,23,-83,0.0073,47,2022-06-18 01:17:55.000132,451.390014648438,1.0412,2,"aoml_apex",1028.92583068316
"4903625",30,0,1,0.0365,1,-0.0073,1,0.000426000013248995,3,119.971780077925,1,1.94318082384874,501.130004882812,1,11.5734996795654,35.4250984191895,0.0364999994635582,0,0.000426000013248995,113.554397583008,-83.2873,23.4214,13.9110078362826,53,52,53,51,53,53,0,8766,1.80741608982065,23,-83,0.0073,47,2022-06-18 01:17:55.000132,501.130004882812,1.0412,2,"aoml_apex",1029.24029274781
"4903625",30,0,1,0.0438,1,0,1,0.000377999996999279,3,116.692994119168,1,1.94262387279205,551.22998046875,1,10.7340002059937,35.3087005615234,0.0438000001013279,0,0.000377999996999279,110.450996398926,-83.2873,23.4214,13.9110078362826,53,52,53,51,53,53,0,8766,1.80741608982065,23,-83,0.0073,47,2022-06-18 01:17:55.000132,551.22998046875,1.0412,2,"aoml_apex",1029.53537635955
"4903625",30,0,1,0.0365,1,-0.0073,1,0.000365000014426187,3,116.849360923949,1,1.9420351601228,601.340026855469,1,9.51939964294434,35.1346015930176,0.0364999994635582,0,0.000365000014426187,110.598999023438,-83.2873,23.4214,13.9110078362826,53,52,53,51,53,53,0,8766,1.80741608982065,23,-83,0.0073,47,2022-06-18 01:17:55.000132,601.340026855469,1.0412,2,"aoml_apex",1029.84747190341
"4903625",30,0,1,0.0438,1,0,1,0.000376000010874122,3,118.194724823406,1,1.94148828247577,651.390014648438,1,8.70100021362305,35.035400390625,0.0438000001013279,0,0.000376000010874122,111.872398376465,-83.2873,23.4214,13.9110078362826,53,52,53,51,53,53,0,8766,1.80741608982065,23,-83,0.0073,47,2022-06-18 01:17:55.000132,651.390014648438,1.0412,2,"aoml_apex",1030.13755892959
"4903625",30,0,1,0.0438,1,0,1,0.000399000011384487,3,122.031140327744,1,1.94094498654875,701.489990234375,1,8.00450038909912,34.9664993286133,0.0438000001013279,0,0.000399000011384487,115.503601074219,-83.2873,23.4214,13.9110078362826,53,52,53,51,53,53,0,8766,1.80741608982065,23,-83,0.0073,47,2022-06-18 01:17:55.000132,701.489990234375,1.0412,2,"aoml_apex",1030.42590792656
"4903625",30,0,1,0.0511,1,0.0073,1,0.000385999999707565,3,125.977010177262,1,1.94041709152964,751.340026855469,1,7.46840000152588,34.9264984130859,0.0511000007390976,0,0.000385999999707565,119.238403320312,-83.2873,23.4214,13.9110078362826,53,52,53,51,53,53,0,8766,1.80741608982065,23,-83,0.0073,47,2022-06-18 01:17:55.000132,751.340026855469,1.0412,2,"aoml_apex",1030.70623771067
"4903625",30,0,1,0.0438,1,0,1,0.000373999995645136,3,136.067444967471,1,1.93980992176299,800.969970703125,1,6.70940017700195,34.9005012512207,0.0438000001013279,0,0.000373999995645136,128.789093017578,-83.2873,23.4214,13.9110078362826,53,52,53,51,53,53,0,8766,1.80741608982065,23,-83,0.0073,47,2022-06-18 01:17:55.000132,800.969970703125,1.0412,2,"aoml_apex",1031.02885368393
"4903625",30,0,1,0.0365,1,-0.0073,1,0.000361000013072044,3,144.751360388979,1,1.93926850725232,851.22998046875,1,6.28970003128052,34.8967018127441,0.0364999994635582,0,0.000361000013072044,137.008499145508,-83.2873,23.4214,13.9110078362826,53,52,53,51,53,53,0,8766,1.80741608982065,23,-83,0.0073,47,2022-06-18 01:17:55.000132,851.22998046875,1.0412,2,"aoml_apex",1031.31670138537
"4903625",30,0,1,0.0438,1,0,1,0.000372000009519979,3,151.449653564179,1,1.93873711287671,901.690002441406,1,5.96339988708496,34.9042015075684,0.0438000001013279,0,0.000372000009519979,143.348495483398,-83.2873,23.4214,13.9110078362826,53,52,53,51,53,53,0,8766,1.80741608982065,23,-83,0.0073,47,2022-06-18 01:17:55.000132,901.690002441406,1.0412,2,"aoml_apex",1031.5993781294
"4903625",30,0,1,0.0511,1,0.0073,1,0.000335999997332692,3,159.058354756947,1,1.93820965752107,951.080017089844,1,5.63059997558594,34.9150009155273,0.0511000007390976,0,0.000335999997332692,150.550201416016,-83.2873,23.4214,13.9110078362826,53,52,53,51,53,53,0,8766,1.80741608982065,23,-83,0.0073,47,2022-06-18 01:17:55.000132,951.080017089844,1.0412,2,"aoml_apex",1031.88011278303
"4903625",30,0,1,0.0438,1,0,1,0.000323999993270263,3,165.435466855633,1,1.93772726230097,999.739990234375,1,5.40999984741211,34.9210014343262,0.0438000001013279,0,0.000323999993270263,156.586196899414,-83.2873,23.4214,13.9110078362826,53,52,53,51,53,53,0,8766,1.80741608982065,23,-83,0.0073,47,2022-06-18 01:17:55.000132,999.739990234375,1.0412,2,"aoml_apex",1032.13699828173
"4903625",30,0,1,0.0438,1,0,1,0.000358999997843057,3,181.09850536515,1,1.93672685153287,1099.80004882812,1,4.9407000541687,34.937801361084,0.0438000001013279,0,0.000358999997843057,171.411407470703,-83.2873,23.4214,13.9110078362826,53,52,53,51,53,53,0,8766,1.80741608982065,23,-83,0.0073,47,2022-06-18 01:17:55.000132,1099.80004882812,1.0412,2,"aoml_apex",1032.67014572398
"4903625",30,0,1,0.0438,1,0,1,0.00032299998565577,3,190.92195828475,1,1.93579877769381,1199.32995605469,1,4.67980003356934,34.9477996826172,0.0438000001013279,0,0.00032299998565577,180.709396362305,-83.2873,23.4214,13.9110078362826,53,52,53,51,53,53,0,8766,1.80741608982065,23,-83,0.0073,47,2022-06-18 01:17:55.000132,1199.32995605469,1.0412,2,"aoml_apex",1033.16523548107
"4903625",30,0,1,0.0511,1,0.0073,1,0.00032299998565577,3,199.323141501273,1,1.93489456588697,1298.98999023438,1,4.49499988555908,34.9556999206543,0.0511000007390976,0,0.00032299998565577,188.661193847656,-83.2873,23.4214,13.9110078362826,53,52,53,51,53,53,0,8766,1.80741608982065,23,-83,0.0073,47,2022-06-18 01:17:55.000132,1298.98999023438,1.0412,2,"aoml_apex",1033.64805259205
"4903625",30,0,1,0.0365,1,-0.0073,1,0.000322000007145107,3,204.531343420976,1,1.93400733603176,1399.93005371094,1,4.39440011978149,34.9611015319824,0.0364999994635582,0,0.000322000007145107,193.590805053711,-83.2873,23.4214,13.9110078362826,53,52,53,51,53,53,0,8766,1.80741608982065,23,-83,0.0073,47,2022-06-18 01:17:55.000132,1399.93005371094,1.0412,2,"aoml_apex",1034.12224076856
"4903625",30,0,1,0.0438,1,0,1,0.000274999998509884,3,210.041687374309,1,1.93314917491966,1499.71997070312,1,4.35300016403198,34.9654998779297,0.0438000001013279,0,0.000274999998509884,198.806396484375,-83.2873,23.4214,13.9110078362826,53,52,53,51,53,53,0,8766,1.80741608982065,23,-83,0.0073,47,2022-06-18 01:17:55.000132,1499.71997070312,1.0412,2,"aoml_apex",1034.58130699258
"4903625",30,0,1,0.0438,1,0,1,0.000274999998509884,3,211.751445012811,1,1.93230414959537,1598.92004394531,1,4.31899976730347,34.9672012329102,0.0438000001013279,0,0.000274999998509884,200.424697875977,-83.2873,23.4214,13.9110078362826,53,52,53,51,53,53,0,8766,1.80741608982065,23,-83,0.0073,47,2022-06-18 01:17:55.000132,1598.92004394531,1.0412,2,"aoml_apex",1035.03374477502
"4903625",30,0,1,0.0365,1,-0.0073,1,0.000287000002572313,3,213.247791262922,1,1.93145696341711,1699.18005371094,1,4.29960012435913,34.9686012268066,0.0364999994635582,0,0.000287000002572313,201.841003417969,-83.2873,23.4214,13.9110078362826,53,52,53,51,53,53,0,8766,1.80741608982065,23,-83,0.0073,47,2022-06-18 01:17:55.000132,1699.18005371094,1.0412,2,"aoml_apex",1035.48773691629
"4903625",30,0,1,0.0438,1,0,1,0.000274999998509884,3,214.66435408947,1,1.93060922056911,1800.17004394531,1,4.28940010070801,34.9696006774902,0.0438000001013279,0,0.000274999998509884,203.181793212891,-83.2873,23.4214,13.9110078362826,53,52,53,51,53,53,0,8766,1.80741608982065,23,-83,0.0073,47,2022-06-18 01:17:55.000132,1800.17004394531,1.0412,2,"aoml_apex",1035.94242619976
"4903625",30,0,1,0.0438,1,0,1,0.000487000012071803,3,216.327844113175,1,1.92977896731294,1899.18994140625,1,4.27600002288818,34.9709014892578,0.0438000001013279,0,0.000487000012071803,204.756301879883,-83.2873,23.4214,13.9110078362826,53,52,53,51,53,53,0,8766,1.80741608982065,23,-83,0.0073,47,2022-06-18 01:17:55.000132,1899.18994140625,1.0412,2,"aoml_apex",1036.3881220992
