"FLOAT_NUM","CYCLE_NUMBER","CHLA_FINAL","CHLA_FINAL_QC","CHLA_FLUORESCENCE","CHLA_FLUORESCENCE_QC","CHLA_FLUORESCENCE_ADJUSTED","CHLA_FLUORESCENCE_ADJUSTED_QC","BBP700_FINAL","BBP700_FINAL_QC","DOXY_FINAL","DOXY_FINAL_QC","DOXY_ADJUSTED_ERROR","PRES","PRES_QC","TEMP","PSAL","CHLA","CHLA_ADJUSTED","BBP700","DOXY","LONGITUDE","LATITUDE","MLD","MIN_FLUOCHLA_CYCLE1","MIN_FLUOCHLA_CYCLE2","MIN_FLUOCHLA_CYCLE3","MIN_FLUOCHLA_CYCLE4","MIN_FLUOCHLA_CYCLE5","MEDIAN_FIRST5","CHLA_NOLUT","NEAREST_INDICES","PHYSIO_RATIO","MATCHED_LAT","MATCHED_LON","SCALE_CHLA","DARK_CHLA","DATE_TIME","PRES_ADJUSTED","DOXY_SLOPE","DOXY_DRIFT","FLOAT_TYPE","DENSITY"
"4903910",1,5.96909074423833,1,101,4,7,4,0.000819000008050352,3,197.808722369385,1,4.88492261025038,2.20000004768372,1,26.8040008544922,36.0190010070801,0.100061997771263,0.0853255987167358,0.000819000008050352,191.452499389648,-92.8394,26.1405,21.6568851378997,66,66,94,117,128,94,7,8040,1.1727079215133,26,-93,99999,99999,2026-05-21 10:36:23.001125,2.20000004768372,1.0332,0,"aoml_navis",1023.55766896043
"4903910",1,7.67454524259214,1,103,4,9,4,0.00156799994874746,3,197.727104992676,1,4.88491219815508,4,1,26.8190002441406,36.0180015563965,0.103986002504826,0.0886716991662979,0.00156799994874746,191.373504638672,-92.8394,26.1405,21.6568851378997,66,66,94,117,128,94,9,8040,1.1727079215133,26,-93,99999,99999,2026-05-21 10:36:23.001125,4,1.0332,0,"aoml_navis",1023.55985065369
"4903910",1,6.82181799341524,1,102,4,8,4,0.00127899996004999,3,197.70169119873,1,4.88487429211499,6,1,26.8209991455078,36.0180015563965,0.102023996412754,0.0869986489415169,0.00127899996004999,191.348907470703,-92.8394,26.1405,21.6568851378997,66,66,94,117,128,94,8,8040,1.1727079215133,26,-93,99999,99999,2026-05-21 10:36:23.001125,6,1.0332,0,"aoml_navis",1023.56779335567
"4903910",1,5.11636349506143,1,100,1,6,1,0.000892999989446253,3,197.865036309814,1,4.88483029629776,8,1,26.8190002441406,36.0180015563965,0.0980999991297722,0.0836525410413742,0.000892999989446253,191.50700378418,-92.8394,26.1405,21.6568851378997,66,66,94,117,128,94,6,8040,1.1727079215133,26,-93,99999,99999,2026-05-21 10:36:23.001125,8,1.0332,0,"aoml_navis",1023.5770122433
"4903910",1,2.55818174753071,1,97,1,3,1,0.000811000005342066,3,198.224896893311,1,4.88475777805682,10,1,26.80299949646,36.0200004577637,0.0922140032052994,0.0786333903670311,0.000811000005342066,191.85530090332,-92.8394,26.1405,21.6568851378997,66,66,94,117,128,94,3,8040,1.1727079215133,26,-93,99999,99999,2026-05-21 10:36:23.001125,10,1.0332,0,"aoml_navis",1023.59220808468
"4903910",1,16.2018177343612,4,113,4,19,4,0.000928999972529709,3,198.289061993408,1,4.88470105143685,12,1,26.7950000762939,36.0209999084473,0.123605996370316,0.105402208864689,0.000928999972529709,191.917404174805,-92.8394,26.1405,21.6568851378997,66,66,94,117,128,94,19,8040,1.1727079215133,26,-93,99999,99999,2026-05-21 10:36:23.001125,12,1.0332,0,"aoml_navis",1023.60409518393
"4903910",1,0.852727249176905,1,95,1,1,1,0.00080300000263378,3,198.335964001465,1,4.88465913332195,14,1,26.7919998168945,36.0200004577637,0.0882899984717369,0.075287289917469,0.00080300000263378,191.962799072266,-92.8394,26.1405,21.6568851378997,66,66,94,117,128,94,1,8040,1.1727079215133,26,-93,99999,99999,2026-05-21 10:36:23.001125,14,1.0332,0,"aoml_navis",1023.61287932892
"4903910",1,5.11636349506143,1,100,1,6,1,0.000865000009071082,3,198.253006567383,1,4.88462276158141,16,1,26.7950000762939,36.0200004577637,0.0980999991297722,0.0836525410413742,0.000865000009071082,191.882507324219,-92.8394,26.1405,21.6568851378997,66,66,94,117,128,94,6,8040,1.1727079215133,26,-93,99999,99999,2026-05-21 10:36:23.001125,16,1.0332,0,"aoml_navis",1023.62050132634
"4903910",1,2.55818174753071,1,97,1,3,1,0.000773000007029623,3,198.452202154541,1,4.88457170825481,18,1,26.7859992980957,36.0190010070801,0.0922140032052994,0.0786333903670311,0.000773000007029623,192.075302124023,-92.8394,26.1405,21.6568851378997,66,66,94,117,128,94,3,8040,1.1727079215133,26,-93,99999,99999,2026-05-21 10:36:23.001125,18,1.0332,0,"aoml_navis",1023.63120016236
"4903910",1,5.11636349506143,1,100,1,6,1,0.000951999973040074,3,198.611101428223,1,4.88451709038409,20.1000003814697,1,26.7759990692139,36.0180015563965,0.0980999991297722,0.0836525410413742,0.000951999973040074,192.229095458984,-92.8394,26.1405,21.6568851378997,66,66,94,117,128,94,6,8040,1.1727079215133,26,-93,99999,99999,2026-05-21 10:36:23.001125,20.1000003814697,1.0332,0,"aoml_navis",1023.64264623892
"4903910",1,7.67454524259214,1,103,4,9,4,0.00084900000365451,3,198.992150683594,1,4.88440496214263,21.7999992370605,1,26.7369995117188,36.0229988098145,0.103986002504826,0.0886716991662979,0.00084900000365451,192.597900390625,-92.8394,26.1405,21.6568851378997,66,66,94,117,128,94,9,8040,1.1727079215133,26,-93,99999,99999,2026-05-21 10:36:23.001125,21.7999992370605,1.0332,0,"aoml_navis",1023.66614536536
"4903910",1,16.2018177343612,1,113,4,19,4,0.000953999988269061,3,203.408459527588,1,4.88320091848182,24.3999996185303,1,26.3929996490479,36.1980018615723,0.123605996370316,0.105402208864689,0.000953999988269061,196.872299194336,-92.8394,26.1405,21.6568851378997,66,66,94,117,128,94,19,8040,1.1727079215133,26,-93,99999,99999,2026-05-21 10:36:23.001125,24.3999996185303,1.0332,0,"aoml_navis",1023.91854921966
"4903910",1,23.0236357277764,1,121,4,27,4,0.00092600000789389,3,207.617406317139,1,4.88197038962036,26,1,25.7129993438721,36.2480010986328,0.139302000403404,0.118786610662937,0.00092600000789389,200.945999145508,-92.8394,26.1405,21.6568851378997,66,66,94,117,128,94,27,8040,1.1727079215133,26,-93,99999,99999,2026-05-21 10:36:23.001125,26,1.0332,0,"aoml_navis",1024.1766338097
"4903910",1,23.8763629769533,1,122,4,28,4,0.000897000019904226,3,210.883252258301,1,4.88036896797262,27.8999996185303,1,24.9589996337891,36.3740005493164,0.141264006495476,0.120459668338299,0.000897000019904226,204.106903076172,-92.8394,26.1405,21.6568851378997,66,66,94,117,128,94,28,8040,1.1727079215133,26,-93,99999,99999,2026-05-21 10:36:23.001125,27.8999996185303,1.0332,0,"aoml_navis",1024.51270238223
"4903910",1,23.8763629769533,1,122,4,28,4,0.000901999999769032,3,210.347844158936,1,4.87977643123629,30,1,24.8139991760254,36.4679985046387,0.141264006495476,0.120459668338299,0.000901999999769032,203.58869934082,-92.8394,26.1405,21.6568851378997,66,66,94,117,128,94,28,8040,1.1727079215133,26,-93,99999,99999,2026-05-21 10:36:23.001125,30,1.0332,0,"aoml_navis",1024.63710591209
"4903910",1,28.1399992228379,1,127,4,33,4,0.000927000015508384,3,210.364177093506,1,4.87959207758195,32,1,24.7399997711182,36.4780006408691,0.151074007153511,0.128824919462204,0.000927000015508384,203.604507446289,-92.8394,26.1405,21.6568851378997,66,66,94,117,128,94,33,8040,1.1727079215133,26,-93,99999,99999,2026-05-21 10:36:23.001125,32,1.0332,0,"aoml_navis",1024.6758172617
"4903910",1,26.434544724484,1,125,4,31,4,0.000898999976925552,3,210.43029710083,1,4.87936167294765,34,1,24.6340007781982,36.4879989624023,0.147149994969368,0.125478819012642,0.000898999976925552,203.668502807617,-92.8394,26.1405,21.6568851378997,66,66,94,117,128,94,31,8040,1.1727079215133,26,-93,99999,99999,2026-05-21 10:36:23.001125,34,1.0332,0,"aoml_navis",1024.72420270078
"4903910",1,31.5509082195455,1,131,4,37,4,0.00222899997606874,3,210.553456256103,1,4.87919724666984,36,1,24.5459995269775,36.4869995117188,0.158922001719475,0.135517120361328,0.00222899997606874,203.787704467773,-92.8394,26.1405,21.6568851378997,66,66,94,117,128,94,37,8040,1.1727079215133,26,-93,99999,99999,2026-05-21 10:36:23.001125,36,1.0332,0,"aoml_navis",1024.75873534578
"4903910",1,28.9927264720148,1,128,4,34,4,0.000860999978613108,3,210.522871417236,1,4.87896535626903,38,1,24.4559993743896,36.5040016174316,0.153035998344421,0.130497962236404,0.000860999978613108,203.758102416992,-92.8394,26.1405,21.6568851378997,66,66,94,117,128,94,34,8040,1.1727079215133,26,-93,99999,99999,2026-05-21 10:36:23.001125,38,1.0332,0,"aoml_navis",1024.80744069549
"4903910",1,36.6672717146069,1,137,4,43,4,0.000820000015664846,3,210.43102230835,1,4.87875674820172,40.0999984741211,1,24.4009990692139,36.5279998779297,0.17069399356842,0.145555436611176,0.000820000015664846,203.669204711914,-92.8394,26.1405,21.6568851378997,66,66,94,117,128,94,43,8040,1.1727079215133,26,-93,99999,99999,2026-05-21 10:36:23.001125,40.0999984741211,1.0332,0,"aoml_navis",1024.85125987127
"4903910",1,42.6363624588452,1,144,4,50,4,0.000793999992311001,3,210.525961431885,1,4.87855933489494,42,1,24.2830009460449,36.5250015258789,0.184428006410599,0.157266780734062,0.000793999992311001,203.761093139648,-92.8394,26.1405,21.6568851378997,66,66,94,117,128,94,50,8040,1.1727079215133,26,-93,99999,99999,2026-05-21 10:36:23.001125,42,1.0332,0,"aoml_navis",1024.89273098237
"4903910",1,41.7836352096683,1,143,4,49,4,0.000801999995019287,3,211.238462054443,1,4.87834919627605,44,1,24.1420001983643,36.515998840332,0.182466000318527,0.155593737959862,0.000801999995019287,204.450698852539,-92.8394,26.1405,21.6568851378997,66,66,94,117,128,94,49,8040,1.1727079215133,26,-93,99999,99999,2026-05-21 10:36:23.001125,44,1.0332,0,"aoml_navis",1024.93687901982
"4903910",1,43.4890897080221,1,145,4,51,4,0.000806999974884093,3,211.428781732178,1,4.87817571927784,46,1,24.0440006256104,36.5139999389648,0.186389997601509,0.158939823508263,0.000806999974884093,204.634902954102,-92.8394,26.1405,21.6568851378997,66,66,94,117,128,94,51,8040,1.1727079215133,26,-93,99999,99999,2026-05-21 10:36:23.001125,46,1.0332,0,"aoml_navis",1024.97332768082
"4903910",1,46.8999987047298,1,149,4,55,4,0.000797000015154481,3,212.086198114014,1,4.87770751390358,48,1,23.7350006103516,36.5110015869141,0.194238007068634,0.165632039308548,0.000797000015154481,205.271194458008,-92.8394,26.1405,21.6568851378997,66,66,94,117,128,94,55,8040,1.1727079215133,26,-93,99999,99999,2026-05-21 10:36:23.001125,48,1.0332,0,"aoml_navis",1025.07171365807
"4903910",1,57.9854529440295,4,162,4,68,4,0.000816999992821366,3,212.805209838867,1,4.87724085368738,50,1,23.3910007476807,36.4949989318848,0.219743996858597,0.187381699681282,0.000816999992821366,205.967102050781,-92.8394,26.1405,21.6568851378997,66,66,94,117,128,94,68,8040,1.1727079215133,26,-93,99999,99999,2026-05-21 10:36:23.001125,50,1.0332,0,"aoml_navis",1025.16979374103
"4903910",1,51.1636349506143,1,154,4,60,4,0.000793999992311001,3,212.810885375977,1,4.87703247911679,52,1,23.2660007476807,36.4930000305176,0.204047992825508,0.173997297883034,0.000793999992311001,205.972595214844,-92.8394,26.1405,21.6568851378997,66,66,94,117,128,94,60,8040,1.1727079215133,26,-93,99999,99999,2026-05-21 10:36:23.001125,52,1.0332,0,"aoml_navis",1025.21359482631
"4903910",1,52.0163621997912,1,155,4,61,4,0.000775999971665442,3,212.569943060303,1,4.87681913046238,54,1,23.136999130249,36.4910011291504,0.20600999891758,0.175670340657234,0.000775999971665442,205.739395141602,-92.8394,26.1405,21.6568851378997,66,66,94,117,128,94,61,8040,1.1727079215133,26,-93,99999,99999,2026-05-21 10:36:23.001125,54,1.0332,0,"aoml_navis",1025.25844536005
"4903910",1,57.9854529440295,1,162,4,68,4,0.000750000006519258,3,211.932564477539,1,4.87652760011038,56,1,22.951000213623,36.4889984130859,0.219743996858597,0.187381699681282,0.000750000006519258,205.122497558594,-92.8394,26.1405,21.6568851378997,66,66,94,117,128,94,68,8040,1.1727079215133,26,-93,99999,99999,2026-05-21 10:36:23.001125,56,1.0332,0,"aoml_navis",1025.31973773445
"4903910",1,62.249089189914,1,167,4,73,4,0.000778999994508922,3,211.405638153076,1,4.87622141015607,58,1,22.7350006103516,36.4799995422363,0.229553997516632,0.195746943354607,0.000778999994508922,204.612503051758,-92.8394,26.1405,21.6568851378997,66,66,94,117,128,94,73,8040,1.1727079215133,26,-93,99999,99999,2026-05-21 10:36:23.001125,58,1.0332,0,"aoml_navis",1025.38412008653
"4903910",1,66.5127254357986,1,172,4,78,4,0.000816999992821366,3,210.431432208252,1,4.87605384784856,60,1,22.6560001373291,36.4850006103516,0.239363998174667,0.204112201929092,0.000816999992821366,203.66960144043,-92.8394,26.1405,21.6568851378997,66,66,94,117,128,94,78,8040,1.1727079215133,26,-93,99999,99999,2026-05-21 10:36:23.001125,60,1.0332,0,"aoml_navis",1025.41935672145
"4903910",1,78.4509069242752,1,186,4,92,4,0.000712000008206815,3,210.10814730835,1,4.87590720499469,62,1,22.5709991455078,36.4819984436035,0.266831994056702,0.227534919977188,0.000712000008206815,203.356704711914,-92.8394,26.1405,21.6568851378997,66,66,94,117,128,94,92,8040,1.1727079215133,26,-93,99999,99999,2026-05-21 10:36:23.001125,62,1.0332,0,"aoml_navis",1025.45019619696
"4903910",1,80.156361422629,1,188,4,94,4,0.00068900000769645,3,209.281473797607,1,4.87581765754179,64,1,22.5249996185303,36.4780006408691,0.270756006240845,0.23088102042675,0.00068900000769645,202.556594848633,-92.8394,26.1405,21.6568851378997,66,66,94,117,128,94,94,8040,1.1727079215133,26,-93,99999,99999,2026-05-21 10:36:23.001125,64,1.0332,0,"aoml_navis",1025.46902923372
"4903910",1,90.3890884127519,1,200,4,106,4,0.000681000004988164,3,207.578560418701,1,4.87569666141461,66,1,22.4850006103516,36.4850006103516,0.294299989938736,0.250957638025284,0.000681000004988164,200.908401489258,-92.8394,26.1405,21.6568851378997,66,66,94,117,128,94,106,8040,1.1727079215133,26,-93,99999,99999,2026-05-21 10:36:23.001125,66,1.0332,0,"aoml_navis",1025.49447744957
"4903910",1,86.1254521668674,1,195,4,101,4,0.000781000009737909,3,207.359516217041,1,4.875601273436,68,1,22.423999786377,36.4770011901855,0.284489989280701,0.242592394351959,0.000781000009737909,200.696395874023,-92.8394,26.1405,21.6568851378997,66,66,94,117,128,94,101,8040,1.1727079215133,26,-93,99999,99999,2026-05-21 10:36:23.001125,68,1.0332,0,"aoml_navis",1025.51454058431
"4903910",1,93.7999974094595,1,204,4,110,4,0.00071699998807162,3,207.354975787353,1,4.87548242471777,70,1,22.3349990844727,36.4650001525879,0.302148014307022,0.257649838924408,0.00071699998807162,200.692001342773,-92.8394,26.1405,21.6568851378997,66,66,94,117,128,94,110,8040,1.1727079215133,26,-93,99999,99999,2026-05-21 10:36:23.001125,70,1.0332,0,"aoml_navis",1025.53953935942
"4903910",1,96.3581791569902,1,207,4,113,4,0.000775999971665442,3,207.146068725586,1,4.87535485204032,72,1,22.242000579834,36.4539985656738,0.308034002780914,0.262668997049332,0.000775999971665442,200.489807128906,-92.8394,26.1405,21.6568851378997,66,66,94,117,128,94,113,8040,1.1727079215133,26,-93,99999,99999,2026-05-21 10:36:23.001125,72,1.0332,0,"aoml_navis",1025.56637449836
"4903910",1,101.474542652052,4,213,4,119,4,0.00063999998383224,3,204.88986930542,1,4.87517632111508,74,1,22.1030006408691,36.439998626709,0.319806009531021,0.272707313299179,0.00063999998383224,198.306106567383,-92.8394,26.1405,21.6568851378997,66,66,94,117,128,94,119,8040,1.1727079215133,26,-93,99999,99999,2026-05-21 10:36:23.001125,74,1.0332,0,"aoml_navis",1025.60393115307
"4903910",1,117.676360386413,4,232,4,138,4,0.00068900000769645,3,203.351010479736,1,4.8750604042345,76,1,22.0100002288818,36.4259986877441,0.357084006071091,0.304495275020599,0.00068900000769645,196.816696166992,-92.8394,26.1405,21.6568851378997,66,66,94,117,128,94,138,8040,1.1727079215133,26,-93,99999,99999,2026-05-21 10:36:23.001125,76,1.0332,0,"aoml_navis",1025.62831747828
"4903910",1,140.699996114189,4,259,4,165,4,0.000632999988738447,3,201.665139477539,1,4.87494739864627,78,1,21.9270000457764,36.4150009155273,0.410057991743088,0.349667638540268,0.000632999988738447,195.184997558594,-92.8394,26.1405,21.6568851378997,66,66,94,117,128,94,165,8040,1.1727079215133,26,-93,99999,99999,2026-05-21 10:36:23.001125,78,1.0332,0,"aoml_navis",1025.65209244893
"4903910",1,214.034539543403,4,345,4,251,4,0.000673000002279878,3,199.607315844727,1,4.87471874993035,80,1,21.7329998016357,36.3950004577637,0.578790009021759,0.493550002574921,0.000673000002279878,193.193298339844,-92.8394,26.1405,21.6568851378997,66,66,94,117,128,94,251,8040,1.1727079215133,26,-93,99999,99999,2026-05-21 10:36:23.001125,80,1.0332,0,"aoml_navis",1025.70020066726
"4903910",1,311.24544594957,4,459,4,365,4,0.000707000028342009,3,197.6108668396,1,4.87457810199756,82,1,21.6340007781982,36.3860015869141,0.802457988262177,0.684277772903442,0.000707000028342009,191.261001586914,-92.8394,26.1405,21.6568851378997,66,66,94,117,128,94,365,8040,1.1727079215133,26,-93,99999,99999,2026-05-21 10:36:23.001125,82,1.0332,0,"aoml_navis",1025.72979555934
"4903910",1,319.772718441339,4,469,4,375,4,0.000754999986384064,3,194.665215783691,1,4.87446151725358,84,1,21.5610008239746,36.3800010681152,0.822077989578247,0.701008319854736,0.000754999986384064,188.410003662109,-92.8394,26.1405,21.6568851378997,66,66,94,117,128,94,375,8040,1.1727079215133,26,-93,99999,99999,2026-05-21 10:36:23.001125,84,1.0332,0,"aoml_navis",1025.75432841188
"4903910",1,301.012718959447,4,447,4,353,4,0.000745000026654452,3,189.46377520752,1,4.87428180845216,86,1,21.431999206543,36.3709983825684,0.778913974761963,0.664201200008392,0.000745000026654452,183.375701904297,-92.8394,26.1405,21.6568851378997,66,66,94,117,128,94,353,8040,1.1727079215133,26,-93,99999,99999,2026-05-21 10:36:23.001125,86,1.0332,0,"aoml_navis",1025.79214671787
"4903910",1,267.756356241548,4,408,4,314,4,0.000873000011779368,3,180.140176263428,1,4.87408206277871,88,1,21.3120002746582,36.3709983825684,0.702395975589752,0.598952233791351,0.000873000011779368,174.351699829102,-92.8394,26.1405,21.6568851378997,66,66,94,117,128,94,314,8040,1.1727079215133,26,-93,99999,99999,2026-05-21 10:36:23.001125,88,1.0332,0,"aoml_navis",1025.83418489871
"4903910",1,238.763629769533,4,374,4,280,4,0.000823999987915158,3,166.632539831543,1,4.87368938497801,90,1,21.1189994812012,36.3979988098145,0.635688006877899,0.542068481445312,0.000823999987915158,161.278106689453,-92.8394,26.1405,21.6568851378997,66,66,94,117,128,94,280,8040,1.1727079215133,26,-93,99999,99999,2026-05-21 10:36:23.001125,90,1.0332,0,"aoml_navis",1025.91683733709
"4903910",1,185.894540320565,4,312,4,218,4,0.00105700001586229,3,146.612429516602,1,4.87342912436994,92,1,21.2110004425049,36.492000579834,0.514043986797333,0.438339322805405,0.00105700001586229,141.901306152344,-92.8394,26.1405,21.6568851378997,66,66,94,117,128,94,218,8040,1.1727079215133,26,-93,99999,99999,2026-05-21 10:36:23.001125,92,1.0332,0,"aoml_navis",1025.97162539969
"4903910",1,149.227268605958,4,269,4,175,4,0.00103299994952977,3,130.277839581299,1,4.8730763947779,94,1,21.3939990997314,36.6450004577637,0.429677993059158,0.36639815568924,0.00103299994952977,126.091598510742,-92.8394,26.1405,21.6568851378997,66,66,94,117,128,94,175,8040,1.1727079215133,26,-93,99999,99999,2026-05-21 10:36:23.001125,94,1.0332,0,"aoml_navis",1026.04588866247
"4903910",1,147.521814107605,4,267,4,173,4,0.00110700004734099,3,127.414018734741,1,4.87272011295642,96,1,21.3059997558594,36.7000007629395,0.425754010677338,0.363052040338516,0.00110700004734099,123.319801330566,-92.8394,26.1405,21.6568851378997,66,66,94,117,128,94,173,8040,1.1727079215133,26,-93,99999,99999,2026-05-21 10:36:23.001125,96,1.0332,0,"aoml_navis",1026.12091072195
"4903910",1,133.878178120774,4,251,4,157,4,0.000890000024810433,3,126.064454837036,1,4.87238605994361,98,1,21.0890007019043,36.7019996643066,0.39436200261116,0.33628323674202,0.000890000024810433,122.013603210449,-92.8394,26.1405,21.6568851378997,66,66,94,117,128,94,157,8040,1.1727079215133,26,-93,99999,99999,2026-05-21 10:36:23.001125,98,1.0332,0,"aoml_navis",1026.19126204007
"4903910",1,121.08726938312,4,236,4,142,4,0.00092600000789389,3,125.410538369751,1,4.87218922439499,100,1,20.9839992523193,36.7070007324219,0.364932000637054,0.311187475919724,0.00092600000789389,121.380699157715,-92.8394,26.1405,21.6568851378997,66,66,94,117,128,94,142,8040,1.1727079215133,26,-93,99999,99999,2026-05-21 10:36:23.001125,100,1.0332,0,"aoml_navis",1026.23271997833
"4903910",1,101.474542652052,4,213,4,119,4,0.000771999999415129,3,125.242542471313,1,4.87197351605229,102,1,20.8419990539551,36.7039985656738,0.319806009531021,0.272707313299179,0.000771999999415129,121.218101501465,-92.8394,26.1405,21.6568851378997,66,66,94,117,128,94,119,8040,1.1727079215133,26,-93,99999,99999,2026-05-21 10:36:23.001125,102,1.0332,0,"aoml_navis",1026.27815679332
"4903910",1,82.7145431701598,1,191,4,97,4,0.000675000017508864,3,125.932514364624,1,4.87167248122829,104,1,20.6140003204346,36.6940002441406,0.276641994714737,0.235900163650513,0.000675000017508864,121.885902404785,-92.8394,26.1405,21.6568851378997,66,66,94,117,128,94,97,8040,1.1727079215133,26,-93,99999,99999,2026-05-21 10:36:23.001125,104,1.0332,0,"aoml_navis",1026.34157350811
"4903910",1,65.6599981866217,1,171,4,77,4,0.000659000012092292,3,128.645799472046,1,4.87146929331714,106,1,20.4379997253418,36.6759986877441,0.237402006983757,0.202439159154892,0.000659000012092292,124.512001037598,-92.8394,26.1405,21.6568851378997,66,66,94,117,128,94,77,8040,1.1727079215133,26,-93,99999,99999,2026-05-21 10:36:23.001125,106,1.0332,0,"aoml_navis",1026.38438198906
"4903910",1,51.1636349506143,4,154,4,60,4,0.000621000013779849,3,132.707300537109,1,4.87128171931774,108,1,20.2110004425049,36.6360015869141,0.204047992825508,0.173997297883034,0.000621000013779849,128.442993164062,-92.8394,26.1405,21.6568851378997,66,66,94,117,128,94,60,8040,1.1727079215133,26,-93,99999,99999,2026-05-21 10:36:23.001125,108,1.0332,0,"aoml_navis",1026.42390403573
"4903910",1,63.101816439091,4,168,4,74,4,0.000694999995175749,3,134.998120733643,1,4.87111364138206,110,1,19.992000579834,36.5940017700195,0.231516003608704,0.197420001029968,0.000694999995175749,130.660202026367,-92.8394,26.1405,21.6568851378997,66,66,94,117,128,94,74,8040,1.1727079215133,26,-93,99999,99999,2026-05-21 10:36:23.001125,110,1.0332,0,"aoml_navis",1026.45932082615
"4903910",1,53.721816698145,1,157,4,63,4,0.000669999979436398,3,134.053884777832,1,4.87093463228356,112,1,19.7800006866455,36.5579986572266,0.209933996200562,0.179016456007957,0.000669999979436398,129.746307373047,-92.8394,26.1405,21.6568851378997,66,66,94,117,128,94,63,8040,1.1727079215133,26,-93,99999,99999,2026-05-21 10:36:23.001125,112,1.0332,0,"aoml_navis",1026.49704368049
"4903910",1,33.2563627178993,1,133,4,39,4,0.000607999972999096,3,132.167564840698,1,4.87080863872199,114,1,19.798999786377,36.5880012512207,0.162845999002457,0.13886322081089,0.000607999972999096,127.920600891113,-92.8394,26.1405,21.6568851378997,66,66,94,117,128,94,39,8040,1.1727079215133,26,-93,99999,99999,2026-05-21 10:36:23.001125,114,1.0332,0,"aoml_navis",1026.52359615423
"4903910",1,28.1399992228379,1,127,4,33,4,0.000661999976728112,3,132.083251583862,1,4.87072826147989,116,1,19.7679996490479,36.5880012512207,0.151074007153511,0.128824919462204,0.000661999976728112,127.838996887207,-92.8394,26.1405,21.6568851378997,66,66,94,117,128,94,33,8040,1.1727079215133,26,-93,99999,99999,2026-05-21 10:36:23.001125,116,1.0332,0,"aoml_navis",1026.54053594869
"4903910",1,23.0236357277764,1,121,4,27,4,0.00060299999313429,3,132.799165411377,1,4.87060963442359,118,1,19.6720008850098,36.576000213623,0.139302000403404,0.118786610662937,0.00060299999313429,128.53190612793,-92.8394,26.1405,21.6568851378997,66,66,94,117,128,94,27,8040,1.1727079215133,26,-93,99999,99999,2026-05-21 10:36:23.001125,118,1.0332,0,"aoml_navis",1026.56553805132
"4903910",1,19.6127267310688,1,117,4,23,4,0.000630999973509461,3,133.916867852783,1,4.87045487656023,120,1,19.5149993896484,36.5530014038086,0.13145400583744,0.112094409763813,0.000630999973509461,129.613693237305,-92.8394,26.1405,21.6568851378997,66,66,94,117,128,94,23,8040,1.1727079215133,26,-93,99999,99999,2026-05-21 10:36:23.001125,120,1.0332,0,"aoml_navis",1026.59815699417
"4903910",1,23.0236357277764,1,121,4,27,4,0.000623000029008836,3,132.710311724854,1,4.87037026039268,122,1,19.3990001678467,36.5250015258789,0.139302000403404,0.118786610662937,0.000623000029008836,128.445907592773,-92.8394,26.1405,21.6568851378997,66,66,94,117,128,94,27,8040,1.1727079215133,26,-93,99999,99999,2026-05-21 10:36:23.001125,122,1.0332,0,"aoml_navis",1026.61599276373
"4903910",1,57.9854529440295,1,162,4,68,4,0.000682000012602657,3,129.742439364624,1,4.87026798731586,124,1,19.2800006866455,36.5009994506836,0.219743996858597,0.187381699681282,0.000682000012602657,125.573402404785,-92.8394,26.1405,21.6568851378997,66,66,94,117,128,94,68,8040,1.1727079215133,26,-93,99999,99999,2026-05-21 10:36:23.001125,124,1.0332,0,"aoml_navis",1026.63755116187
"4903910",1,84.4199976685136,1,193,4,99,4,0.000628000008873641,3,125.881883843994,1,4.87007431602872,126,1,19.1100006103516,36.4850006103516,0.28056600689888,0.239246279001236,0.000628000008873641,121.836898803711,-92.8394,26.1405,21.6568851378997,66,66,94,117,128,94,99,8040,1.1727079215133,26,-93,99999,99999,2026-05-21 10:36:23.001125,126,1.0332,0,"aoml_navis",1026.6783780986
"4903910",1,88.6836339143981,1,198,4,104,4,0.000584999972488731,3,121.308528158569,1,4.86983446112717,128,1,18.92799949646,36.4780006408691,0.290376007556915,0.247611537575722,0.000584999972488731,117.410499572754,-92.8394,26.1405,21.6568851378997,66,66,94,117,128,94,104,8040,1.1727079215133,26,-93,99999,99999,2026-05-21 10:36:23.001125,128,1.0332,0,"aoml_navis",1026.72894528795
"4903910",1,68.2181799341524,1,174,4,80,4,0.000515999970957637,3,119.327363690186,1,4.86958623847942,130,1,18.7439994812012,36.4729995727539,0.243287995457649,0.207458317279816,0.000515999970957637,115.49299621582,-92.8394,26.1405,21.6568851378997,66,66,94,117,128,94,80,8040,1.1727079215133,26,-93,99999,99999,2026-05-21 10:36:23.001125,130,1.0332,0,"aoml_navis",1026.78128184486
"4903910",1,58.8381801932064,1,163,4,69,4,0.000682000012602657,3,118.938881057739,1,4.86948992325444,132,1,18.6870002746582,36.4690017700195,0.221706002950668,0.189054757356644,0.000682000012602657,115.116996765137,-92.8394,26.1405,21.6568851378997,66,66,94,117,128,94,69,8040,1.1727079215133,26,-93,99999,99999,2026-05-21 10:36:23.001125,132,1.0332,0,"aoml_navis",1026.80159088579
"4903910",1,53.721816698145,1,157,4,63,4,0.000407999992603436,3,118.742988317871,1,4.86939732953534,134,1,18.621000289917,36.4609985351562,0.209933996200562,0.179016456007957,0.000407999992603436,114.927398681641,-92.8394,26.1405,21.6568851378997,66,66,94,117,128,94,63,8040,1.1727079215133,26,-93,99999,99999,2026-05-21 10:36:23.001125,134,1.0332,0,"aoml_navis",1026.82111596696
"4903910",1,40.9309079604914,1,142,4,48,4,0.000433999986853451,3,119.043752371216,1,4.86917316895669,136,1,18.4130001068115,36.4420013427734,0.180503994226456,0.153920695185661,0.000433999986853451,115.21849822998,-92.8394,26.1405,21.6568851378997,66,66,94,117,128,94,48,8040,1.1727079215133,26,-93,99999,99999,2026-05-21 10:36:23.001125,136,1.0332,0,"aoml_navis",1026.86838740454
"4903910",1,32.4036354687224,1,132,4,38,4,0.000436000002082437,3,119.759453366089,1,4.86902388991835,138,1,18.2660007476807,36.4230003356934,0.160883992910385,0.13719017803669,0.000436000002082437,115.911201477051,-92.8394,26.1405,21.6568851378997,66,66,94,117,128,94,38,8040,1.1727079215133,26,-93,99999,99999,2026-05-21 10:36:23.001125,138,1.0332,0,"aoml_navis",1026.89987008543
"4903910",1,25.5818174753071,1,124,4,30,4,0.000438999995822087,3,121.722739892578,1,4.86888375769935,140,1,18.1319999694824,36.4059982299805,0.145188003778458,0.123805768787861,0.000438999995822087,117.811401367188,-92.8394,26.1405,21.6568851378997,66,66,94,117,128,94,30,8040,1.1727079215133,26,-93,99999,99999,2026-05-21 10:36:23.001125,140,1.0332,0,"aoml_navis",1026.92942547526
"4903910",1,5.11636349506143,1,100,1,6,1,0.00047699999413453,3,124.471150268555,1,4.86864812147888,142,1,17.9200000762939,36.3899993896484,0.0980999991297722,0.0836525410413742,0.00047699999413453,120.471496582031,-92.8394,26.1405,21.6568851378997,66,66,94,117,128,94,6,8040,1.1727079215133,26,-93,99999,99999,2026-05-21 10:36:23.001125,142,1.0332,0,"aoml_navis",1026.97912752036
"4903910",1,-9.37999974094595,4,83,1,-11,1,0.000791000027675182,3,126.584152734375,1,4.86854520668768,144,1,17.8619995117188,36.3880004882812,0.0647459998726845,0.055210679769516,0.000791000027675182,122.5166015625,-92.8394,26.1405,21.6568851378997,66,66,94,117,128,94,-11,8040,1.1727079215133,26,-93,99999,99999,2026-05-21 10:36:23.001125,144,1.0332,0,"aoml_navis",1027.00083653978
"4903910",1,-25.5818174753071,4,64,1,-30,1,0.00052000000141561,3,129.309734838867,1,4.86845136625678,146,1,17.8299999237061,36.3919982910156,0.0274679996073246,0.0234227124601603,0.00052000000141561,125.154602050781,-92.8394,26.1405,21.6568851378997,66,66,94,117,128,94,-30,8040,1.1727079215133,26,-93,99999,99999,2026-05-21 10:36:23.001125,146,1.0332,0,"aoml_navis",1027.02063219836
"4903910",1,-27.287271973661,4,62,1,-32,1,0.000497000000905246,3,131.583804318237,1,4.86836044848898,148,1,17.7819995880127,36.3899993896484,0.0235440004616976,0.020076610147953,0.000497000000905246,127.355598449707,-92.8394,26.1405,21.6568851378997,66,66,94,117,128,94,-32,8040,1.1727079215133,26,-93,99999,99999,2026-05-21 10:36:23.001125,148,1.0332,0,"aoml_navis",1027.0398120484
"4903910",1,-27.287271973661,4,62,1,-32,1,0.000436000002082437,3,131.833425476074,1,4.86829663960649,150,1,17.7600002288818,36.3889999389648,0.0235440004616976,0.020076610147953,0.000436000002082437,127.597198486328,-92.8394,26.1405,21.6568851378997,66,66,94,117,128,94,-32,8040,1.1727079215133,26,-93,99999,99999,2026-05-21 10:36:23.001125,150,1.0332,0,"aoml_navis",1027.0532734842
"4903910",1,-26.434544724484,4,63,1,-31,1,0.000441000011051074,3,131.643318630981,1,4.8682436406491,152,1,17.7409992218018,36.3860015869141,0.0255059991031885,0.0217496622353792,0.000441000011051074,127.413200378418,-92.8394,26.1405,21.6568851378997,66,66,94,117,128,94,-31,8040,1.1727079215133,26,-93,99999,99999,2026-05-21 10:36:23.001125,152,1.0332,0,"aoml_navis",1027.06445467329
"4903910",1,-28.1399992228379,4,61,1,-33,1,0.000538000022061169,3,131.435751626587,1,4.86817565394417,154,1,17.7000007629395,36.3800010681152,0.0215819999575615,0.018403559923172,0.000538000022061169,127.212303161621,-92.8394,26.1405,21.6568851378997,66,66,94,117,128,94,-33,8040,1.1727079215133,26,-93,99999,99999,2026-05-21 10:36:23.001125,154,1.0332,0,"aoml_navis",1027.07879818367
"4903910",1,-27.287271973661,4,62,1,-32,1,0.000433000008342788,3,130.251598104858,1,4.86808349339203,156,1,17.6259994506836,36.3699989318848,0.0235440004616976,0.020076610147953,0.000433000008342788,126.066200256348,-92.8394,26.1405,21.6568851378997,66,66,94,117,128,94,-32,8040,1.1727079215133,26,-93,99999,99999,2026-05-21 10:36:23.001125,156,1.0332,0,"aoml_navis",1027.09824241656
"4903910",1,-27.287271973661,4,62,1,-32,1,0.000413000001572073,3,127.86015536499,1,4.86797638338197,158,1,17.507999420166,36.3499984741211,0.0235440004616976,0.020076610147953,0.000413000001572073,123.751602172852,-92.8394,26.1405,21.6568851378997,66,66,94,117,128,94,-32,8040,1.1727079215133,26,-93,99999,99999,2026-05-21 10:36:23.001125,158,1.0332,0,"aoml_navis",1027.12084164351
"4903910",1,-27.287271973661,4,62,1,-32,1,0.000419999996665865,3,126.052567739868,1,4.86774460170479,160.100006103516,1,17.2150001525879,36.3079986572266,0.0235440004616976,0.020076610147953,0.000419999996665865,122.002098083496,-92.8394,26.1405,21.6568851378997,66,66,94,117,128,94,-32,8040,1.1727079215133,26,-93,99999,99999,2026-05-21 10:36:23.001125,160.100006103516,1.0332,0,"aoml_navis",1027.16974885019
"4903910",1,-28.1399992228379,4,61,1,-33,1,0.000468999991426244,3,124.294680477905,1,4.86765444427908,162,1,17.1049995422363,36.2869987487793,0.0215819999575615,0.018403559923172,0.000468999991426244,120.30069732666,-92.8394,26.1405,21.6568851378997,66,66,94,117,128,94,-33,8040,1.1727079215133,26,-93,99999,99999,2026-05-21 10:36:23.001125,162,1.0332,0,"aoml_navis",1027.18877382031
"4903910",1,0,1,59,1,-35,1,0.000407000014092773,3,122.231275900269,1,4.86753478141704,164,1,16.9769992828369,36.2680015563965,0.0176580008119345,0.0150574585422873,0.000407000014092773,118.303596496582,-92.8394,26.1405,21.6568851378997,66,66,94,117,128,94,0,8040,1.1727079215133,26,-93,99999,99999,2026-05-21 10:36:23.001125,164,1.0332,0,"aoml_navis",1027.21402609976
"4903910",1,0,1,62,1,-32,1,0.00044599999091588,3,121.317829733276,1,4.86742681934933,166,1,16.8649997711182,36.2509994506836,0.0235440004616976,0.020076610147953,0.00044599999091588,117.419502258301,-92.8394,26.1405,21.6568851378997,66,66,94,117,128,94,0,8040,1.1727079215133,26,-93,99999,99999,2026-05-21 10:36:23.001125,166,1.0332,0,"aoml_navis",1027.23681024307
"4903910",1,0,1,61,1,-33,1,0.000450999999884516,3,120.616491000366,1,4.86735036580398,168,1,16.7929992675781,36.2379989624023,0.0215819999575615,0.018403559923172,0.000450999999884516,116.740699768066,-92.8394,26.1405,21.6568851378997,66,66,94,117,128,94,0,8040,1.1727079215133,26,-93,99999,99999,2026-05-21 10:36:23.001125,168,1.0332,0,"aoml_navis",1027.25294548918
"4903910",1,0,1,62,1,-32,1,0.000434999994467944,3,120.028804898071,1,4.86726071793714,170,1,16.7059993743896,36.2239990234375,0.0235440004616976,0.020076610147953,0.000434999994467944,116.171897888184,-92.8394,26.1405,21.6568851378997,66,66,94,117,128,94,0,8040,1.1727079215133,26,-93,99999,99999,2026-05-21 10:36:23.001125,170,1.0332,0,"aoml_navis",1027.27186599511
"4903910",1,0,1,59,1,-35,1,0.000450999999884516,3,119.925486474609,1,4.86718198137572,172,1,16.6380004882812,36.2130012512207,0.0176580008119345,0.0150574585422873,0.000450999999884516,116.071899414062,-92.8394,26.1405,21.6568851378997,66,66,94,117,128,94,0,8040,1.1727079215133,26,-93,99999,99999,2026-05-21 10:36:23.001125,172,1.0332,0,"aoml_navis",1027.28848420554
"4903910",1,0,1,62,1,-32,1,0.000419999996665865,3,120.114048312378,1,4.86709577970654,174,1,16.5599994659424,36.201000213623,0.0235440004616976,0.020076610147953,0.000419999996665865,116.254402160645,-92.8394,26.1405,21.6568851378997,66,66,94,117,128,94,0,8040,1.1727079215133,26,-93,99999,99999,2026-05-21 10:36:23.001125,174,1.0332,0,"aoml_navis",1027.30667862498
"4903910",1,0,1,61,1,-33,1,0.000429999985499308,3,120.212613473511,1,4.86702432109511,176,1,16.5109996795654,36.1940002441406,0.0215819999575615,0.018403559923172,0.000429999985499308,116.349800109863,-92.8394,26.1405,21.6568851378997,66,66,94,117,128,94,0,8040,1.1727079215133,26,-93,99999,99999,2026-05-21 10:36:23.001125,176,1.0332,0,"aoml_navis",1027.32176174434
"4903910",1,0,1,62,1,-32,1,0.00044000000343658,3,120.181618734741,1,4.86695408218246,178,1,16.4629993438721,36.1870002746582,0.0235440004616976,0.020076610147953,0.00044000000343658,116.319801330566,-92.8394,26.1405,21.6568851378997,66,66,94,117,128,94,0,8040,1.1727079215133,26,-93,99999,99999,2026-05-21 10:36:23.001125,178,1.0332,0,"aoml_navis",1027.33658784754
"4903910",1,0,1,61,1,-33,1,0.000456000008853152,3,120.309941052246,1,4.86689854864278,180,1,16.42799949646,36.1800003051758,0.0215819999575615,0.018403559923172,0.000456000008853152,116.444000244141,-92.8394,26.1405,21.6568851378997,66,66,94,117,128,94,0,8040,1.1727079215133,26,-93,99999,99999,2026-05-21 10:36:23.001125,180,1.0332,0,"aoml_navis",1027.34831022815
"4903910",1,0,1,62,1,-32,1,0.000437999988207594,3,121.356983056641,1,4.86681358479938,182,1,16.3570003509521,36.1699981689453,0.0235440004616976,0.020076610147953,0.000437999988207594,117.457397460938,-92.8394,26.1405,21.6568851378997,66,66,94,117,128,94,0,8040,1.1727079215133,26,-93,99999,99999,2026-05-21 10:36:23.001125,182,1.0332,0,"aoml_navis",1027.36624546636
"4903910",1,0,1,62,1,-32,1,0.000480999995488673,3,122.047270257568,1,4.86672324503892,184,1,16.2679996490479,36.1559982299805,0.0235440004616976,0.020076610147953,0.000480999995488673,118.125503540039,-92.8394,26.1405,21.6568851378997,66,66,94,117,128,94,0,8040,1.1727079215133,26,-93,99999,99999,2026-05-21 10:36:23.001125,184,1.0332,0,"aoml_navis",1027.38531620777
"4903910",1,0,1,59,1,-35,1,0.000437999988207594,3,122.657161898804,1,4.86665628252384,186,1,16.2159996032715,36.1469993591309,0.0176580008119345,0.0150574585422873,0.000437999988207594,118.715797424316,-92.8394,26.1405,21.6568851378997,66,66,94,117,128,94,0,8040,1.1727079215133,26,-93,99999,99999,2026-05-21 10:36:23.001125,186,1.0332,0,"aoml_navis",1027.39945246493
"4903910",1,0,1,63,1,-31,1,0.000468000012915581,3,123.15186378479,1,4.86658861238435,188,1,16.1599998474121,36.1370010375977,0.0255059991031885,0.0217496622353792,0.000468000012915581,119.194602966309,-92.8394,26.1405,21.6568851378997,66,66,94,117,128,94,0,8040,1.1727079215133,26,-93,99999,99999,2026-05-21 10:36:23.001125,188,1.0332,0,"aoml_navis",1027.41373850178
"4903910",1,0,1,61,1,-33,1,0.000488999998196959,3,123.191742315674,1,4.86646034855327,190,1,16.0230007171631,36.1189994812012,0.0215819999575615,0.018403559923172,0.000488999998196959,119.233200073242,-92.8394,26.1405,21.6568851378997,66,66,94,117,128,94,0,8040,1.1727079215133,26,-93,99999,99999,2026-05-21 10:36:23.001125,190,1.0332,0,"aoml_navis",1027.44081773654
"4903910",1,0,1,63,1,-31,1,0.000480999995488673,3,123.20507194519,1,4.86635194263291,192,1,15.8999996185303,36.0999984741211,0.0255059991031885,0.0217496622353792,0.000480999995488673,119.246101379395,-92.8394,26.1405,21.6568851378997,66,66,94,117,128,94,0,8040,1.1727079215133,26,-93,99999,99999,2026-05-21 10:36:23.001125,192,1.0332,0,"aoml_navis",1027.4637056552
"4903910",1,0,1,62,1,-32,1,0.000475999986520037,3,123.040481369019,1,4.86627028665537,194,1,15.8240003585815,36.0880012512207,0.0235440004616976,0.020076610147953,0.000475999986520037,119.086799621582,-92.8394,26.1405,21.6568851378997,66,66,94,117,128,94,0,8040,1.1727079215133,26,-93,99999,99999,2026-05-21 10:36:23.001125,194,1.0332,0,"aoml_navis",1027.48094648819
"4903910",1,0,1,64,1,-30,1,0.000737000023946166,3,122.585460946655,1,4.86619581067125,196,1,15.7510004043579,36.0750007629395,0.0274679996073246,0.0234227124601603,0.000737000023946166,118.64640045166,-92.8394,26.1405,21.6568851378997,66,66,94,117,128,94,0,8040,1.1727079215133,26,-93,99999,99999,2026-05-21 10:36:23.001125,196,1.0332,0,"aoml_navis",1027.49667184278
"4903910",1,0,1,59,1,-35,1,0.000448000006144866,3,121.954900891113,1,4.86613105894858,198,1,15.710000038147,36.0690002441406,0.0176580008119345,0.0150574585422873,0.000448000006144866,118.036102294922,-92.8394,26.1405,21.6568851378997,66,66,94,117,128,94,0,8040,1.1727079215133,26,-93,99999,99999,2026-05-21 10:36:23.001125,198,1.0332,0,"aoml_navis",1027.51034434332
"4903910",1,0,1,63,1,-31,1,0.000491000013425946,3,121.47291378479,1,4.86607329240195,200,1,15.6719999313354,36.0620002746582,0.0255059991031885,0.0217496622353792,0.000491000013425946,117.569602966309,-92.8394,26.1405,21.6568851378997,66,66,94,117,128,94,0,8040,1.1727079215133,26,-93,99999,99999,2026-05-21 10:36:23.001125,200,1.0332,0,"aoml_navis",1027.52254221225
"4903910",1,0,1,63,1,-31,1,0.000503999995999038,3,121.551228314209,1,4.86598762787587,202,1,15.5950002670288,36.0509986877441,0.0255059991031885,0.0217496622353792,0.000503999995999038,117.645401000977,-92.8394,26.1405,21.6568851378997,66,66,94,117,128,94,0,8040,1.1727079215133,26,-93,99999,99999,2026-05-21 10:36:23.001125,202,1.0332,0,"aoml_navis",1027.54063149615
"4903910",1,0,1,61,1,-33,1,0.00048600000445731,3,121.536661102295,1,4.8658867550269,204,1,15.4870004653931,36.0349998474121,0.0215819999575615,0.018403559923172,0.00048600000445731,117.631301879883,-92.8394,26.1405,21.6568851378997,66,66,94,117,128,94,0,8040,1.1727079215133,26,-93,99999,99999,2026-05-21 10:36:23.001125,204,1.0332,0,"aoml_navis",1027.56193305044
"4903910",1,0,1,63,1,-31,1,0.000407000014092773,3,121.440673580933,1,4.86581967306746,206,1,15.4300003051758,36.0250015258789,0.0255059991031885,0.0217496622353792,0.000407000014092773,117.538398742676,-92.8394,26.1405,21.6568851378997,66,66,94,117,128,94,0,8040,1.1727079215133,26,-93,99999,99999,2026-05-21 10:36:23.001125,206,1.0332,0,"aoml_navis",1027.57609939292
"4903910",1,0,1,62,1,-32,1,0.000531999976374209,3,121.379511785889,1,4.86576125099274,208,1,15.3909997940063,36.0180015563965,0.0235440004616976,0.020076610147953,0.000531999976374209,117.479202270508,-92.8394,26.1405,21.6568851378997,66,66,94,117,128,94,0,8040,1.1727079215133,26,-93,99999,99999,2026-05-21 10:36:23.001125,208,1.0332,0,"aoml_navis",1027.58843726249
"4903910",1,0,1,62,1,-32,1,0.00044000000343658,3,120.401687686157,1,4.86569251436967,210,1,15.33899974823,36.0099983215332,0.0235440004616976,0.020076610147953,0.00044000000343658,116.53279876709,-92.8394,26.1405,21.6568851378997,66,66,94,117,128,94,0,8040,1.1727079215133,26,-93,99999,99999,2026-05-21 10:36:23.001125,210,1.0332,0,"aoml_navis",1027.60295378997
"4903910",1,0,1,60,1,-34,1,0.000614000018686056,3,119.054709310913,1,4.86562080540043,212,1,15.2740001678467,35.9990005493164,0.0196199994534254,0.016730509698391,0.000614000018686056,115.229103088379,-92.8394,26.1405,21.6568851378997,66,66,94,117,128,94,0,8040,1.1727079215133,26,-93,99999,99999,2026-05-21 10:36:23.001125,212,1.0332,0,"aoml_navis",1027.6180984861
"4903910",1,0,1,64,1,-30,1,0.000464999990072101,3,117.544377941895,1,4.86557104994601,214,1,15.2530002593994,35.9949989318848,0.0274679996073246,0.0234227124601603,0.000464999990072101,113.767303466797,-92.8394,26.1405,21.6568851378997,66,66,94,117,128,94,0,8040,1.1727079215133,26,-93,99999,99999,2026-05-21 10:36:23.001125,214,1.0332,0,"aoml_navis",1027.62860693515
"4903910",1,0,1,63,1,-31,1,0.000514000013936311,3,116.845411898804,1,4.86549163246661,216,1,15.1840000152588,35.9850006103516,0.0255059991031885,0.0217496622353792,0.000514000013936311,113.090797424316,-92.8394,26.1405,21.6568851378997,66,66,94,117,128,94,0,8040,1.1727079215133,26,-93,99999,99999,2026-05-21 10:36:23.001125,216,1.0332,0,"aoml_navis",1027.64538050705
"4903910",1,0,1,75,1,-19,1,0.000515999970957637,3,116.609017895508,1,4.86540775213722,218,1,15.0970001220703,35.9710006713867,0.0490499995648861,0.0418262705206871,0.000515999970957637,112.861999511719,-92.8394,26.1405,21.6568851378997,66,66,94,117,128,94,0,8040,1.1727079215133,26,-93,99999,99999,2026-05-21 10:36:23.001125,218,1.0332,0,"aoml_navis",1027.6630972612
"4903910",1,0,1,63,1,-31,1,0.000579999992623925,3,116.11814699707,1,4.86531231194839,220,1,14.9919996261597,35.9550018310547,0.0255059991031885,0.0217496622353792,0.000579999992623925,112.386901855469,-92.8394,26.1405,21.6568851378997,66,66,94,117,128,94,0,8040,1.1727079215133,26,-93,99999,99999,2026-05-21 10:36:23.001125,220,1.0332,0,"aoml_navis",1027.68325636996
"4903910",1,0,1,65,1,-29,1,0.000546999974176288,3,115.512173052979,1,4.86521959345946,222,1,14.8959999084473,35.9410018920898,0.0294300001114607,0.0250957626849413,0.000546999974176288,111.800399780273,-92.8394,26.1405,21.6568851378997,66,66,94,117,128,94,0,8040,1.1727079215133,26,-93,99999,99999,2026-05-21 10:36:23.001125,222,1.0332,0,"aoml_navis",1027.70284135206
"4903910",1,0,1,64,1,-30,1,0.000537000014446676,3,115.057152630615,1,4.86514312670985,224,1,14.8149995803833,35.9269981384277,0.0274679996073246,0.0234227124601603,0.000537000014446676,111.360000610352,-92.8394,26.1405,21.6568851378997,66,66,94,117,128,94,0,8040,1.1727079215133,26,-93,99999,99999,2026-05-21 10:36:23.001125,224,1.0332,0,"aoml_navis",1027.71899403119
"4903910",1,0,1,62,1,-32,1,0.000564999994821846,3,114.837903479004,1,4.86506545548075,226,1,14.7430000305176,35.9160003662109,0.0235440004616976,0.020076610147953,0.000564999994821846,111.147796630859,-92.8394,26.1405,21.6568851378997,66,66,94,117,128,94,0,8040,1.1727079215133,26,-93,99999,99999,2026-05-21 10:36:23.001125,226,1.0332,0,"aoml_navis",1027.73540166191
"4903910",1,0,1,62,1,-32,1,0.000560000014957041,3,114.678074047852,1,4.8649885083586,228,1,14.6680002212524,35.9039993286133,0.0235440004616976,0.020076610147953,0.000560000014957041,110.993103027344,-92.8394,26.1405,21.6568851378997,66,66,94,117,128,94,0,8040,1.1727079215133,26,-93,99999,99999,2026-05-21 10:36:23.001125,228,1.0332,0,"aoml_navis",1027.75165684553
"4903910",1,0,1,63,1,-31,1,0.000598000013269484,3,114.511205374145,1,4.86490341909553,230,1,14.585000038147,35.8919982910156,0.0255059991031885,0.0217496622353792,0.000598000013269484,110.831596374512,-92.8394,26.1405,21.6568851378997,66,66,94,117,128,94,0,8040,1.1727079215133,26,-93,99999,99999,2026-05-21 10:36:23.001125,230,1.0332,0,"aoml_navis",1027.76963266613
"4903910",1,0,1,63,1,-31,1,0.000561999971978366,3,114.296922317505,1,4.86483376766178,232,1,14.5270004272461,35.882999420166,0.0255059991031885,0.0217496622353792,0.000561999971978366,110.624198913574,-92.8394,26.1405,21.6568851378997,66,66,94,117,128,94,0,8040,1.1727079215133,26,-93,99999,99999,2026-05-21 10:36:23.001125,232,1.0332,0,"aoml_navis",1027.78434758382
"4903910",1,0,1,62,1,-32,1,0.000552000012248755,3,114.050501531982,1,4.86477154833394,234,1,14.4689998626709,35.8720016479492,0.0235440004616976,0.020076610147953,0.000552000012248755,110.385696411133,-92.8394,26.1405,21.6568851378997,66,66,94,117,128,94,0,8040,1.1727079215133,26,-93,99999,99999,2026-05-21 10:36:23.001125,234,1.0332,0,"aoml_navis",1027.79749271317
"4903910",1,0,1,64,1,-30,1,0.000523999973665923,3,113.732072369385,1,4.86469595038208,236,1,14.4049997329712,35.8629989624023,0.0274679996073246,0.0234227124601603,0.000523999973665923,110.077499389648,-92.8394,26.1405,21.6568851378997,66,66,94,117,128,94,0,8040,1.1727079215133,26,-93,99999,99999,2026-05-21 10:36:23.001125,236,1.0332,0,"aoml_navis",1027.81346480807
"4903910",1,0,1,63,1,-31,1,0.000552000012248755,3,113.631229110718,1,4.86461128148343,238,1,14.3179998397827,35.8499984741211,0.0255059991031885,0.0217496622353792,0.000552000012248755,109.97989654541,-92.8394,26.1405,21.6568851378997,66,66,94,117,128,94,0,8040,1.1727079215133,26,-93,99999,99999,2026-05-21 10:36:23.001125,238,1.0332,0,"aoml_navis",1027.83135397311
"4903910",1,0,1,64,1,-30,1,0.000533999991603196,3,113.466023684692,1,4.86454991864084,240,1,14.2779998779297,35.8440017700195,0.0274679996073246,0.0234227124601603,0.000533999991603196,109.819999694824,-92.8394,26.1405,21.6568851378997,66,66,94,117,128,94,0,8040,1.1727079215133,26,-93,99999,99999,2026-05-21 10:36:23.001125,240,1.0332,0,"aoml_navis",1027.84431933571
"4903910",1,0,1,63,1,-31,1,0.000554000027477741,3,113.334390637207,1,4.86449331472152,242,1,14.2390003204346,35.8370018005371,0.0255059991031885,0.0217496622353792,0.000554000027477741,109.692596435547,-92.8394,26.1405,21.6568851378997,66,66,94,117,128,94,0,8040,1.1727079215133,26,-93,99999,99999,2026-05-21 10:36:23.001125,242,1.0332,0,"aoml_navis",1027.85627947486
"4903910",1,0,1,62,1,-32,1,0.000521000009030104,3,113.18695279541,1,4.86442234302486,244,1,14.1859998703003,35.8300018310547,0.0235440004616976,0.020076610147953,0.000521000009030104,109.549896240234,-92.8394,26.1405,21.6568851378997,66,66,94,117,128,94,0,8040,1.1727079215133,26,-93,99999,99999,2026-05-21 10:36:23.001125,244,1.0332,0,"aoml_navis",1027.87127585037
"4903910",1,0,1,62,1,-32,1,0.000607999972999096,3,113.328920050049,1,4.86434919542942,246,1,14.1129999160767,35.818000793457,0.0235440004616976,0.020076610147953,0.000607999972999096,109.687301635742,-92.8394,26.1405,21.6568851378997,66,66,94,117,128,94,0,8040,1.1727079215133,26,-93,99999,99999,2026-05-21 10:36:23.001125,246,1.0332,0,"aoml_navis",1027.88673245293
"4903910",1,0,1,64,1,-30,1,0.000740999996196479,3,113.386258740234,1,4.86428817677198,248,1,14.0729999542236,35.8120002746582,0.0274679996073246,0.0234227124601603,0.000740999996196479,109.742797851562,-92.8394,26.1405,21.6568851378997,66,66,94,117,128,94,0,8040,1.1727079215133,26,-93,99999,99999,2026-05-21 10:36:23.001125,248,1.0332,0,"aoml_navis",1027.89962648103
"4903910",1,0,1,62,1,-32,1,0.000561999971978366,3,113.22363883667,1,4.86424040766937,250,1,14.0530004501343,35.8079986572266,0.0235440004616976,0.020076610147953,0.000561999971978366,109.585403442383,-92.8394,26.1405,21.6568851378997,66,66,94,117,128,94,0,8040,1.1727079215133,26,-93,99999,99999,2026-05-21 10:36:23.001125,250,1.0332,0,"aoml_navis",1027.90972093332
"4903910",1,0,1,64,1,-30,1,0.000528000004123896,3,112.990334848022,1,4.86418137844227,252,1,14.0220003128052,35.8040008544922,0.0274679996073246,0.0234227124601603,0.000528000004123896,109.359596252441,-92.8394,26.1405,21.6568851378997,66,66,94,117,128,94,0,8040,1.1727079215133,26,-93,99999,99999,2026-05-21 10:36:23.001125,252,1.0332,0,"aoml_navis",1027.92219512201
"4903910",1,0,1,64,1,-30,1,0.00052599998889491,3,112.734107995605,1,4.86411962882999,254,1,13.9739999771118,35.7960014343262,0.0274679996073246,0.0234227124601603,0.00052599998889491,109.111602783203,-92.8394,26.1405,21.6568851378997,66,66,94,117,128,94,0,8040,1.1727079215133,26,-93,99999,99999,2026-05-21 10:36:23.001125,254,1.0332,0,"aoml_navis",1027.93524451262
"4903910",1,0,1,63,1,-31,1,0.000494999985676259,3,112.557425372314,1,4.86406581064671,256,1,13.9479999542236,35.7919998168945,0.0255059991031885,0.0217496622353792,0.000494999985676259,108.94059753418,-92.8394,26.1405,21.6568851378997,66,66,94,117,128,94,0,8040,1.1727079215133,26,-93,99999,99999,2026-05-21 10:36:23.001125,256,1.0332,0,"aoml_navis",1027.94661804447
"4903910",1,0,1,63,1,-31,1,0.000533999991603196,3,112.547611422729,1,4.86400318594901,258,1,13.8990001678467,35.7840003967285,0.0255059991031885,0.0217496622353792,0.000533999991603196,108.931098937988,-92.8394,26.1405,21.6568851378997,66,66,94,117,128,94,0,8040,1.1727079215133,26,-93,99999,99999,2026-05-21 10:36:23.001125,258,1.0332,0,"aoml_navis",1027.95985299595
"4903910",1,0,1,63,1,-31,1,0.000567000010050833,3,112.652482736206,1,4.86393862628811,260,1,13.8479995727539,35.7760009765625,0.0255059991031885,0.0217496622353792,0.000567000010050833,109.032600402832,-92.8394,26.1405,21.6568851378997,66,66,94,117,128,94,0,8040,1.1727079215133,26,-93,99999,99999,2026-05-21 10:36:23.001125,260,1.0332,0,"aoml_navis",1027.97349723463
"4903910",1,0,1,65,1,-29,1,0.000555999984499067,3,112.745884735107,1,4.86386993571812,262,1,13.7819995880127,35.7649993896484,0.0294300001114607,0.0250957626849413,0.000555999984499067,109.123001098633,-92.8394,26.1405,21.6568851378997,66,66,94,117,128,94,0,8040,1.1727079215133,26,-93,99999,99999,2026-05-21 10:36:23.001125,262,1.0332,0,"aoml_navis",1027.98801491014
"4903910",1,0,1,64,1,-30,1,0.000601999985519797,3,112.661571478271,1,4.86378790948289,264,1,13.6990003585815,35.7529983520508,0.0274679996073246,0.0234227124601603,0.000601999985519797,109.041397094727,-92.8394,26.1405,21.6568851378997,66,66,94,117,128,94,0,8040,1.1727079215133,26,-93,99999,99999,2026-05-21 10:36:23.001125,264,1.0332,0,"aoml_navis",1028.00535160087
"4903910",1,0,1,64,1,-30,1,0.000609999988228083,3,112.440990151978,1,4.86371660094232,266,1,13.6300001144409,35.742000579834,0.0274679996073246,0.0234227124601603,0.000609999988228083,108.827903747559,-92.8394,26.1405,21.6568851378997,66,66,94,117,128,94,0,8040,1.1727079215133,26,-93,99999,99999,2026-05-21 10:36:23.001125,266,1.0332,0,"aoml_navis",1028.0204235237
"4903910",1,0,1,65,1,-29,1,0.000567000010050833,3,112.227116995239,1,4.86366276306485,268,1,13.6000003814697,35.7369995117188,0.0294300001114607,0.0250957626849413,0.000567000010050833,108.620903015137,-92.8394,26.1405,21.6568851378997,66,66,94,117,128,94,0,8040,1.1727079215133,26,-93,99999,99999,2026-05-21 10:36:23.001125,268,1.0332,0,"aoml_navis",1028.03180310331
"4903910",1,0,1,63,1,-31,1,0.000515000021550804,3,111.958482788086,1,4.86360759016388,270,1,13.5649995803833,35.7309989929199,0.0255059991031885,0.0217496622353792,0.000515000021550804,108.360900878906,-92.8394,26.1405,21.6568851378997,66,66,94,117,128,94,0,8040,1.1727079215133,26,-93,99999,99999,2026-05-21 10:36:23.001125,270,1.0332,0,"aoml_navis",1028.04346512493
"4903910",1,0,1,63,1,-31,1,0.000555999984499067,3,111.777984942627,1,4.86353943670485,272,1,13.5170001983643,35.7249984741211,0.0255059991031885,0.0217496622353792,0.000555999984499067,108.18620300293,-92.8394,26.1405,21.6568851378997,66,66,94,117,128,94,0,8040,1.1727079215133,26,-93,99999,99999,2026-05-21 10:36:23.001125,272,1.0332,0,"aoml_navis",1028.05787124194
"4903910",1,0,1,66,1,-28,1,0.000515000021550804,3,111.793482312012,1,4.86348303060849,274,1,13.4770002365112,35.7179985046387,0.0313920006155968,0.0267688147723675,0.000515000021550804,108.201202392578,-92.8394,26.1405,21.6568851378997,66,66,94,117,128,94,0,8040,1.1727079215133,26,-93,99999,99999,2026-05-21 10:36:23.001125,274,1.0332,0,"aoml_navis",1028.06979453456
"4903910",1,0,1,65,1,-29,1,0.000515000021550804,3,111.80463631897,1,4.86343804600969,276,1,13.4630002975464,35.7150001525879,0.0294300001114607,0.0250957626849413,0.000515000021550804,108.21199798584,-92.8394,26.1405,21.6568851378997,66,66,94,117,128,94,0,8040,1.1727079215133,26,-93,99999,99999,2026-05-21 10:36:23.001125,276,1.0332,0,"aoml_navis",1028.07930371445
"4903910",1,0,1,64,1,-30,1,0.000513000006321818,3,111.879648001099,1,4.86338907072822,278,1,13.4449996948242,35.7120018005371,0.0274679996073246,0.0234227124601603,0.000513000006321818,108.284599304199,-92.8394,26.1405,21.6568851378997,66,66,94,117,128,94,0,8040,1.1727079215133,26,-93,99999,99999,2026-05-21 10:36:23.001125,278,1.0332,0,"aoml_navis",1028.0896566746
"4903910",1,0,1,64,1,-30,1,0.000515000021550804,3,112.018304525757,1,4.86332380042078,280,1,13.3959999084473,35.7050018310547,0.0274679996073246,0.0234227124601603,0.000515000021550804,108.418800354004,-92.8394,26.1405,21.6568851378997,66,66,94,117,128,94,0,8040,1.1727079215133,26,-93,99999,99999,2026-05-21 10:36:23.001125,280,1.0332,0,"aoml_navis",1028.10345458951
"4903910",1,0,1,64,1,-30,1,0.000532999983988702,3,112.126793994141,1,4.86326924023981,282,1,13.3649997711182,35.7000007629395,0.0274679996073246,0.0234227124601603,0.000532999983988702,108.523803710938,-92.8394,26.1405,21.6568851378997,66,66,94,117,128,94,0,8040,1.1727079215133,26,-93,99999,99999,2026-05-21 10:36:23.001125,282,1.0332,0,"aoml_navis",1028.1149887053
"4903910",1,0,1,65,1,-29,1,0.000609999988228083,3,112.058285531616,1,4.86321439292931,284,1,13.3299999237061,35.6940002441406,0.0294300001114607,0.0250957626849413,0.000609999988228083,108.457496643066,-92.8394,26.1405,21.6568851378997,66,66,94,117,128,94,0,8040,1.1727079215133,26,-93,99999,99999,2026-05-21 10:36:23.001125,284,1.0332,0,"aoml_navis",1028.12658378162
"4903910",1,0,1,64,1,-30,1,0.000547999981790781,3,111.992370474243,1,4.86315725314848,286,1,13.3000001907349,35.689998626709,0.0274679996073246,0.0234227124601603,0.000547999981790781,108.393699645996,-92.8394,26.1405,21.6568851378997,66,66,94,117,128,94,0,8040,1.1727079215133,26,-93,99999,99999,2026-05-21 10:36:23.001125,286,1.0332,0,"aoml_navis",1028.13866377916
"4903910",1,0,1,68,1,-26,1,0.000546000024769455,3,112.006110003662,1,4.86310286142261,288,1,13.2580003738403,35.681999206543,0.0353160016238689,0.0301149170845747,0.000546000024769455,108.406997680664,-92.8394,26.1405,21.6568851378997,66,66,94,117,128,94,0,8040,1.1727079215133,26,-93,99999,99999,2026-05-21 10:36:23.001125,288,1.0332,0,"aoml_navis",1028.15016307044
"4903910",1,0,1,65,1,-29,1,0.00052000000141561,3,112.09724178772,1,4.86303826529838,290,1,13.2130002975464,35.6759986877441,0.0294300001114607,0.0250957626849413,0.00052000000141561,108.49520111084,-92.8394,26.1405,21.6568851378997,66,66,94,117,128,94,0,8040,1.1727079215133,26,-93,99999,99999,2026-05-21 10:36:23.001125,290,1.0332,0,"aoml_navis",1028.16382007087
"4903910",1,0,1,64,1,-30,1,0.000507000018842518,3,112.066144573975,1,4.8629820463931,292,1,13.168999671936,35.6679992675781,0.0274679996073246,0.0234227124601603,0.000507000018842518,108.465103149414,-92.8394,26.1405,21.6568851378997,66,66,94,117,128,94,0,8040,1.1727079215133,26,-93,99999,99999,2026-05-21 10:36:23.001125,292,1.0332,0,"aoml_navis",1028.17570624356
"4903910",1,0,1,66,1,-28,1,0.000536000006832182,3,111.844727682495,1,4.86293692329312,294,1,13.1510000228882,35.6640014648438,0.0313920006155968,0.0267688147723675,0.000536000006832182,108.250801086426,-92.8394,26.1405,21.6568851378997,66,66,94,117,128,94,0,8040,1.1727079215133,26,-93,99999,99999,2026-05-21 10:36:23.001125,294,1.0332,0,"aoml_navis",1028.18524666655
"4903910",1,0,1,65,1,-29,1,0.000517999986186624,3,111.782320422363,1,4.86288335881634,296,1,13.1169996261597,35.6580009460449,0.0294300001114607,0.0250957626849413,0.000517999986186624,108.190399169922,-92.8394,26.1405,21.6568851378997,66,66,94,117,128,94,0,8040,1.1727079215133,26,-93,99999,99999,2026-05-21 10:36:23.001125,296,1.0332,0,"aoml_navis",1028.19657208826
"4903910",1,0,1,64,1,-30,1,0.000576000020373613,3,111.771781265259,1,4.86279183369507,298,1,13.0220003128052,35.6459999084473,0.0274679996073246,0.0234227124601603,0.000576000020373613,108.180198669434,-92.8394,26.1405,21.6568851378997,66,66,94,117,128,94,0,8040,1.1727079215133,26,-93,99999,99999,2026-05-21 10:36:23.001125,298,1.0332,0,"aoml_navis",1028.21592430797
"4903910",1,0,1,65,1,-29,1,0.000553000019863248,3,111.342387469482,1,4.86272344513078,300,1,12.9540004730225,35.6349983215332,0.0294300001114607,0.0250957626849413,0.000553000019863248,107.764602661133,-92.8394,26.1405,21.6568851378997,66,66,94,117,128,94,0,8040,1.1727079215133,26,-93,99999,99999,2026-05-21 10:36:23.001125,300,1.0332,0,"aoml_navis",1028.23038497217
"4903910",1,0,1,67,1,-27,1,0.000493999978061765,3,111.104850476074,1,4.86265451074153,302,1,12.8889999389648,35.625,0.0333539992570877,0.0284418649971485,0.000493999978061765,107.534698486328,-92.8394,26.1405,21.6568851378997,66,66,94,117,128,94,0,8040,1.1727079215133,26,-93,99999,99999,2026-05-21 10:36:23.001125,302,1.0332,0,"aoml_navis",1028.24496146191
"4903910",1,0,1,66,1,-28,1,0.000497000000905246,3,111.047819210815,1,4.86259157164405,304,1,12.8450002670288,35.6189994812012,0.0313920006155968,0.0267688147723675,0.000497000000905246,107.479499816895,-92.8394,26.1405,21.6568851378997,66,66,94,117,128,94,0,8040,1.1727079215133,26,-93,99999,99999,2026-05-21 10:36:23.001125,304,1.0332,0,"aoml_navis",1028.25827058091
"4903910",1,0,1,66,1,-28,1,0.000479000009363517,3,110.706246469116,1,4.86253648724465,306,1,12.8090000152588,35.6129989624023,0.0313920006155968,0.0267688147723675,0.000479000009363517,107.148902893066,-92.8394,26.1405,21.6568851378997,66,66,94,117,128,94,0,8040,1.1727079215133,26,-93,99999,99999,2026-05-21 10:36:23.001125,306,1.0332,0,"aoml_navis",1028.26991902599
"4903910",1,0,1,67,1,-27,1,0.00049200002104044,3,110.484001895142,1,4.86247681442228,308,1,12.7720003128052,35.6080017089844,0.0333539992570877,0.0284418649971485,0.00049200002104044,106.933799743652,-92.8394,26.1405,21.6568851378997,66,66,94,117,128,94,0,8040,1.1727079215133,26,-93,99999,99999,2026-05-21 10:36:23.001125,308,1.0332,0,"aoml_navis",1028.28253806164
"4903910",1,0,1,65,1,-29,1,0.000511999998707324,3,110.265793258667,1,4.86240935615725,310,1,12.7080001831055,35.5979995727539,0.0294300001114607,0.0250957626849413,0.000511999998707324,106.722602844238,-92.8394,26.1405,21.6568851378997,66,66,94,117,128,94,0,8040,1.1727079215133,26,-93,99999,99999,2026-05-21 10:36:23.001125,310,1.0332,0,"aoml_navis",1028.29680386093
"4903910",1,0,1,65,1,-29,1,0.000553000019863248,3,109.545646426392,1,4.86236123760158,312,1,12.6789999008179,35.5919990539551,0.0294300001114607,0.0250957626849413,0.000553000019863248,106.025596618652,-92.8394,26.1405,21.6568851378997,66,66,94,117,128,94,0,8040,1.1727079215133,26,-93,99999,99999,2026-05-21 10:36:23.001125,312,1.0332,0,"aoml_navis",1028.3069800191
"4903910",1,0,1,65,1,-29,1,0.000509999983478338,3,109.188678790283,1,4.86227089453372,314,1,12.5909996032715,35.5820007324219,0.0294300001114607,0.0250957626849413,0.000509999983478338,105.680099487305,-92.8394,26.1405,21.6568851378997,66,66,94,117,128,94,0,8040,1.1727079215133,26,-93,99999,99999,2026-05-21 10:36:23.001125,314,1.0332,0,"aoml_navis",1028.32608640155
"4903910",1,0,1,64,1,-30,1,0.000746999983675778,3,109.258109527588,1,4.86218256163361,316,1,12.4779996871948,35.564998626709,0.0274679996073246,0.0234227124601603,0.000746999983675778,105.747299194336,-92.8394,26.1405,21.6568851378997,66,66,94,117,128,94,0,8040,1.1727079215133,26,-93,99999,99999,2026-05-21 10:36:23.001125,316,1.0332,0,"aoml_navis",1028.34476834619
"4903910",1,0,1,67,1,-27,1,0.000549999997019768,3,109.306052050781,1,4.86211271259642,318,1,12.4029998779297,35.5530014038086,0.0333539992570877,0.0284418649971485,0.000549999997019768,105.793701171875,-92.8394,26.1405,21.6568851378997,66,66,94,117,128,94,0,8040,1.1727079215133,26,-93,99999,99999,2026-05-21 10:36:23.001125,318,1.0332,0,"aoml_navis",1028.35954153147
"4903910",1,0,1,66,1,-28,1,0.000508999975863844,3,109.250881100464,1,4.8620693962386,320,1,12.3940000534058,35.5509986877441,0.0313920006155968,0.0267688147723675,0.000508999975863844,105.740303039551,-92.8394,26.1405,21.6568851378997,66,66,94,117,128,94,0,8040,1.1727079215133,26,-93,99999,99999,2026-05-21 10:36:23.001125,320,1.0332,0,"aoml_navis",1028.36870322503
"4903910",1,0,1,64,1,-30,1,0.000497000000905246,3,109.214092584229,1,4.86202336409569,322,1,12.3859996795654,35.5499992370605,0.0274679996073246,0.0234227124601603,0.000497000000905246,105.704696655273,-92.8394,26.1405,21.6568851378997,66,66,94,117,128,94,0,8040,1.1727079215133,26,-93,99999,99999,2026-05-21 10:36:23.001125,322,1.0332,0,"aoml_navis",1028.37843950385
"4903910",1,0,1,65,1,-29,1,0.000501999980770051,3,109.198287789917,1,4.86197115073027,324,1,12.3599996566772,35.5460014343262,0.0294300001114607,0.0250957626849413,0.000501999980770051,105.689399719238,-92.8394,26.1405,21.6568851378997,66,66,94,117,128,94,0,8040,1.1727079215133,26,-93,99999,99999,2026-05-21 10:36:23.001125,324,1.0332,0,"aoml_navis",1028.38948339893
"4903910",1,0,1,65,1,-29,1,0.000591000018175691,3,109.195915100098,1,4.861910266043,326,1,12.3210000991821,35.5410003662109,0.0294300001114607,0.0250957626849413,0.000591000018175691,105.687103271484,-92.8394,26.1405,21.6568851378997,66,66,94,117,128,94,0,8040,1.1727079215133,26,-93,99999,99999,2026-05-21 10:36:23.001125,326,1.0332,0,"aoml_navis",1028.40236170574
"4903910",1,0,1,67,1,-27,1,0.000560000014957041,3,109.119350527954,1,4.86186098342303,328,1,12.2980003356934,35.5369987487793,0.0333539992570877,0.0284418649971485,0.000560000014957041,105.612998962402,-92.8394,26.1405,21.6568851378997,66,66,94,117,128,94,0,8040,1.1727079215133,26,-93,99999,99999,2026-05-21 10:36:23.001125,328,1.0332,0,"aoml_navis",1028.41278618372
"4903910",1,0,1,69,1,-25,1,0.000591000018175691,3,109.276192419434,1,4.86180263505571,330,1,12.25,35.5289993286133,0.0372780002653599,0.0317879654467106,0.000591000018175691,105.764801025391,-92.8394,26.1405,21.6568851378997,66,66,94,117,128,94,0,8040,1.1727079215133,26,-93,99999,99999,2026-05-21 10:36:23.001125,330,1.0332,0,"aoml_navis",1028.42512856195
"4903910",1,0,1,67,1,-27,1,0.00060600001597777,3,109.509181100464,1,4.86174829507868,332,1,12.210000038147,35.5219993591309,0.0333539992570877,0.0284418649971485,0.00060600001597777,105.990303039551,-92.8394,26.1405,21.6568851378997,66,66,94,117,128,94,0,8040,1.1727079215133,26,-93,99999,99999,2026-05-21 10:36:23.001125,332,1.0332,0,"aoml_navis",1028.43662331537
"4903910",1,0,1,67,1,-27,1,0.000587999995332211,3,110.112876947021,1,4.86167939093487,334,1,12.1389999389648,35.5110015869141,0.0333539992570877,0.0284418649971485,0.000587999995332211,106.574600219727,-92.8394,26.1405,21.6568851378997,66,66,94,117,128,94,0,8040,1.1727079215133,26,-93,99999,99999,2026-05-21 10:36:23.001125,334,1.0332,0,"aoml_navis",1028.45119925494
"4903910",1,0,1,66,1,-28,1,0.000618999998550862,3,110.217953210449,1,4.86160705933475,336,1,12.0679998397827,35.5009994506836,0.0313920006155968,0.0267688147723675,0.000618999998550862,106.676300048828,-92.8394,26.1405,21.6568851378997,66,66,94,117,128,94,0,8040,1.1727079215133,26,-93,99999,99999,2026-05-21 10:36:23.001125,336,1.0332,0,"aoml_navis",1028.46650068099
"4903910",1,0,1,65,1,-29,1,0.000706000020727515,3,110.66026673584,1,4.86153289910508,338,1,11.9870004653931,35.4889984130859,0.0294300001114607,0.0250957626849413,0.000706000020727515,107.104400634766,-92.8394,26.1405,21.6568851378997,66,66,94,117,128,94,0,8040,1.1727079215133,26,-93,99999,99999,2026-05-21 10:36:23.001125,338,1.0332,0,"aoml_navis",1028.48218941816
"4903910",1,0,1,65,1,-29,1,0.000645000021904707,3,110.481936630249,1,4.86147035966802,340,1,11.9259996414185,35.4790000915527,0.0294300001114607,0.0250957626849413,0.000645000021904707,106.931800842285,-92.8394,26.1405,21.6568851378997,66,66,94,117,128,94,0,8040,1.1727079215133,26,-93,99999,99999,2026-05-21 10:36:23.001125,340,1.0332,0,"aoml_navis",1028.49542012665
"4903910",1,0,1,68,1,-26,1,0.000622000021394342,3,110.227972109985,1,4.86142703532081,342,1,11.9090003967285,35.4749984741211,0.0353160016238689,0.0301149170845747,0.000622000021394342,106.685997009277,-92.8394,26.1405,21.6568851378997,66,66,94,117,128,94,0,8040,1.1727079215133,26,-93,99999,99999,2026-05-21 10:36:23.001125,342,1.0332,0,"aoml_navis",1028.50458593174
"4903910",1,0,1,64,1,-30,1,0.000723999983165413,3,110.401446478271,1,4.86136115785636,344,1,11.8559999465942,35.4679985046387,0.0274679996073246,0.0234227124601603,0.000723999983165413,106.853897094727,-92.8394,26.1405,21.6568851378997,66,66,94,117,128,94,0,8040,1.1727079215133,26,-93,99999,99999,2026-05-21 10:36:23.001125,344,1.0332,0,"aoml_navis",1028.51852344268
"4903910",1,0,1,64,1,-30,1,0.000675000017508864,3,110.764617791748,1,4.8612819102686,346,1,11.7449998855591,35.4500007629395,0.0274679996073246,0.0234227124601603,0.000675000017508864,107.20539855957,-92.8394,26.1405,21.6568851378997,66,66,94,117,128,94,0,8040,1.1727079215133,26,-93,99999,99999,2026-05-21 10:36:23.001125,346,1.0332,0,"aoml_navis",1028.53529013374
"4903910",1,0,1,68,1,-26,1,0.000667000014800578,3,111.133677474976,1,4.86118758459103,348,1,11.6169996261597,35.431999206543,0.0353160016238689,0.0301149170845747,0.000667000014800578,107.562599182129,-92.8394,26.1405,21.6568851378997,66,66,94,117,128,94,0,8040,1.1727079215133,26,-93,99999,99999,2026-05-21 10:36:23.001125,348,1.0332,0,"aoml_navis",1028.55524766191
"4903910",1,0,1,65,1,-29,1,0.000715999980457127,3,111.213339944458,1,4.86113796863958,350,1,11.5729999542236,35.4230003356934,0.0294300001114607,0.0250957626849413,0.000715999980457127,107.639701843262,-92.8394,26.1405,21.6568851378997,66,66,94,117,128,94,0,8040,1.1727079215133,26,-93,99999,99999,2026-05-21 10:36:23.001125,350,1.0332,0,"aoml_navis",1028.56574576905
"4903910",1,0,1,66,1,-28,1,0.000664999999571592,3,111.184717895508,1,4.86109211460463,352,1,11.548999786377,35.4179992675781,0.0313920006155968,0.0267688147723675,0.000664999999571592,107.611999511719,-92.8394,26.1405,21.6568851378997,66,66,94,117,128,94,0,8040,1.1727079215133,26,-93,99999,99999,2026-05-21 10:36:23.001125,352,1.0332,0,"aoml_navis",1028.57544809283
"4903910",1,0,1,65,1,-29,1,0.000707999977748841,3,111.200522689819,1,4.86103710839217,354,1,11.5190000534058,35.4140014648438,0.0294300001114607,0.0250957626849413,0.000707999977748841,107.627296447754,-92.8394,26.1405,21.6568851378997,66,66,94,117,128,94,0,8040,1.1727079215133,26,-93,99999,99999,2026-05-21 10:36:23.001125,354,1.0332,0,"aoml_navis",1028.58708718103
"4903910",1,0,1,68,1,-26,1,0.000979000004008412,3,111.672908679199,1,4.8609748487375,356,1,11.4729995727539,35.4080009460449,0.0353160016238689,0.0301149170845747,0.000979000004008412,108.084503173828,-92.8394,26.1405,21.6568851378997,66,66,94,117,128,94,0,8040,1.1727079215133,26,-93,99999,99999,2026-05-21 10:36:23.001125,356,1.0332,0,"aoml_navis",1028.60026138555
"4903910",1,0,1,66,1,-28,1,0.000629000016488135,3,112.108395794678,1,4.86091100515203,358,1,11.3970003128052,35.3950004577637,0.0313920006155968,0.0267688147723675,0.000629000016488135,108.505996704102,-92.8394,26.1405,21.6568851378997,66,66,94,117,128,94,0,8040,1.1727079215133,26,-93,99999,99999,2026-05-21 10:36:23.001125,358,1.0332,0,"aoml_navis",1028.61377110187
"4903910",1,0,1,66,1,-28,1,0.000715999980457127,3,112.231247525024,1,4.86085628338673,360,1,11.3549995422363,35.3880004882812,0.0313920006155968,0.0267688147723675,0.000715999980457127,108.624900817871,-92.8394,26.1405,21.6568851378997,66,66,94,117,128,94,0,8040,1.1727079215133,26,-93,99999,99999,2026-05-21 10:36:23.001125,360,1.0332,0,"aoml_navis",1028.62535086438
"4903910",1,0,1,65,1,-29,1,0.000592999975197017,3,112.166254742432,1,4.86081597746981,362,1,11.3489999771118,35.3860015869141,0.0294300001114607,0.0250957626849413,0.000592999975197017,108.561996459961,-92.8394,26.1405,21.6568851378997,66,66,94,117,128,94,0,8040,1.1727079215133,26,-93,99999,99999,2026-05-21 10:36:23.001125,362,1.0332,0,"aoml_navis",1028.63388023232
"4903910",1,0,1,66,1,-28,1,0.000569999974686652,3,112.141045898437,1,4.86076209928298,364,1,11.3240003585815,35.382999420166,0.0313920006155968,0.0267688147723675,0.000569999974686652,108.53759765625,-92.8394,26.1405,21.6568851378997,66,66,94,117,128,94,0,8040,1.1727079215133,26,-93,99999,99999,2026-05-21 10:36:23.001125,364,1.0332,0,"aoml_navis",1028.64528192761
"4903910",1,0,1,67,1,-27,1,0.000794999999925494,3,112.176076574707,1,4.86069758346628,366,1,11.2670001983643,35.375,0.0333539992570877,0.0284418649971485,0.000794999999925494,108.571502685547,-92.8394,26.1405,21.6568851378997,66,66,94,117,128,94,0,8040,1.1727079215133,26,-93,99999,99999,2026-05-21 10:36:23.001125,366,1.0332,0,"aoml_navis",1028.65893508939
"4903910",1,0,1,65,1,-29,1,0.000531000026967376,3,112.088357995605,1,4.86065021264158,368,1,11.2410001754761,35.3699989318848,0.0294300001114607,0.0250957626849413,0.000531000026967376,108.486602783203,-92.8394,26.1405,21.6568851378997,66,66,94,117,128,94,0,8040,1.1727079215133,26,-93,99999,99999,2026-05-21 10:36:23.001125,368,1.0332,0,"aoml_navis",1028.66896017245
"4903910",1,0,1,66,1,-28,1,0.000510999991092831,3,111.929135531616,1,4.86060551039959,370,1,11.2220001220703,35.3660011291504,0.0313920006155968,0.0267688147723675,0.000510999991092831,108.332496643066,-92.8394,26.1405,21.6568851378997,66,66,94,117,128,94,0,8040,1.1727079215133,26,-93,99999,99999,2026-05-21 10:36:23.001125,370,1.0332,0,"aoml_navis",1028.67842068281
"4903910",1,0,1,67,1,-27,1,0.000521000009030104,3,111.373587158203,1,4.86054645979942,372,1,11.1829996109009,35.3610000610352,0.0333539992570877,0.0284418649971485,0.000521000009030104,107.794799804688,-92.8394,26.1405,21.6568851378997,66,66,94,117,128,94,0,8040,1.1727079215133,26,-93,99999,99999,2026-05-21 10:36:23.001125,372,1.0332,0,"aoml_navis",1028.69091805911
"4903910",1,0,1,64,1,-30,1,0.000559000007342547,3,110.215682995605,1,4.860491766284,374,1,11.16100025177,35.359001159668,0.0274679996073246,0.0234227124601603,0.000559000007342547,106.674102783203,-92.8394,26.1405,21.6568851378997,66,66,94,117,128,94,0,8040,1.1727079215133,26,-93,99999,99999,2026-05-21 10:36:23.001125,374,1.0332,0,"aoml_navis",1028.70249357971
"4903910",1,0,1,68,1,-26,1,0.000531000026967376,3,109.750943215942,1,4.86042622648261,376,1,11.1309995651245,35.3580017089844,0.0353160016238689,0.0301149170845747,0.000531000026967376,106.224296569824,-92.8394,26.1405,21.6568851378997,66,66,94,117,128,94,0,8040,1.1727079215133,26,-93,99999,99999,2026-05-21 10:36:23.001125,376,1.0332,0,"aoml_navis",1028.7163649881
"4903910",1,0,1,69,1,-25,1,0.000559000007342547,3,109.427965740967,1,4.86037166147169,378,1,11.1049995422363,35.3549995422363,0.0372780002653599,0.0317879654467106,0.000559000007342547,105.911697387695,-92.8394,26.1405,21.6568851378997,66,66,94,117,128,94,0,8040,1.1727079215133,26,-93,99999,99999,2026-05-21 10:36:23.001125,378,1.0332,0,"aoml_navis",1028.72791388262
"4903910",1,0,1,68,1,-26,1,0.000737999973352998,3,109.156856369019,1,4.86032428918245,380,1,11.0869998931885,35.3520011901855,0.0353160016238689,0.0301149170845747,0.000737999973352998,105.649299621582,-92.8394,26.1405,21.6568851378997,66,66,94,117,128,94,0,8040,1.1727079215133,26,-93,99999,99999,2026-05-21 10:36:23.001125,380,1.0332,0,"aoml_navis",1028.73794062022
"4903910",1,0,1,63,1,-31,1,0.000540999986696988,3,108.876035522461,1,4.8602697677513,382,1,11.0609998703003,35.3489990234375,0.0255059991031885,0.0217496622353792,0.000540999986696988,105.377502441406,-92.8394,26.1405,21.6568851378997,66,66,94,117,128,94,0,8040,1.1727079215133,26,-93,99999,99999,2026-05-21 10:36:23.001125,382,1.0332,0,"aoml_navis",1028.74948077488
"4903910",1,0,1,67,1,-27,1,0.000623000029008836,3,108.806707260132,1,4.86021184720407,384,1,11.0229997634888,35.3440017700195,0.0333539992570877,0.0284418649971485,0.000623000029008836,105.310401916504,-92.8394,26.1405,21.6568851378997,66,66,94,117,128,94,0,8040,1.1727079215133,26,-93,99999,99999,2026-05-21 10:36:23.001125,384,1.0332,0,"aoml_navis",1028.76174067934
"4903910",1,0,1,67,1,-27,1,0.000559000007342547,3,108.67238621521,1,4.86013387455747,386,1,10.9460000991821,35.3349990844727,0.0333539992570877,0.0284418649971485,0.000559000007342547,105.180397033691,-92.8394,26.1405,21.6568851378997,66,66,94,117,128,94,0,8040,1.1727079215133,26,-93,99999,99999,2026-05-21 10:36:23.001125,386,1.0332,0,"aoml_navis",1028.77824542544
"4903910",1,0,1,67,1,-27,1,0.000561999971978366,3,108.638601004028,1,4.8600723665445,388,1,10.878999710083,35.3240013122559,0.0333539992570877,0.0284418649971485,0.000561999971978366,105.14769744873,-92.8394,26.1405,21.6568851378997,66,66,94,117,128,94,0,8040,1.1727079215133,26,-93,99999,99999,2026-05-21 10:36:23.001125,388,1.0332,0,"aoml_navis",1028.79126541792
"4903910",1,0,1,65,1,-29,1,0.000551000004634261,3,108.940610522461,1,4.86000373633428,390,1,10.8120002746582,35.314998626709,0.0294300001114607,0.0250957626849413,0.000551000004634261,105.440002441406,-92.8394,26.1405,21.6568851378997,66,66,94,117,128,94,0,8040,1.1727079215133,26,-93,99999,99999,2026-05-21 10:36:23.001125,390,1.0332,0,"aoml_navis",1028.80579342338
"4903910",1,0,1,69,1,-25,1,0.00056900002527982,3,109.31153052063,1,4.8599270470682,392,1,10.7189998626709,35.3019981384277,0.0372780002653599,0.0317879654467106,0.00056900002527982,105.799003601074,-92.8394,26.1405,21.6568851378997,66,66,94,117,128,94,0,8040,1.1727079215133,26,-93,99999,99999,2026-05-21 10:36:23.001125,392,1.0332,0,"aoml_navis",1028.82202789778
"4903910",1,0,1,67,1,-27,1,0.000548999989405274,3,109.713855157471,1,4.8598647738114,394,1,10.6420001983643,35.2890014648438,0.0333539992570877,0.0284418649971485,0.000548999989405274,106.188400268555,-92.8394,26.1405,21.6568851378997,66,66,94,117,128,94,0,8040,1.1727079215133,26,-93,99999,99999,2026-05-21 10:36:23.001125,394,1.0332,0,"aoml_navis",1028.83521100088
"4903910",1,0,1,66,1,-28,1,0.00056900002527982,3,109.91894699707,1,4.85977657565518,396,1,10.5349998474121,35.2760009765625,0.0313920006155968,0.0267688147723675,0.00056900002527982,106.386901855469,-92.8394,26.1405,21.6568851378997,66,66,94,117,128,94,0,8040,1.1727079215133,26,-93,99999,99999,2026-05-21 10:36:23.001125,396,1.0332,0,"aoml_navis",1028.85388292278
"4903910",1,0,1,67,1,-27,1,0.000532999983988702,3,109.816558731079,1,4.85970607155539,398,1,10.4519996643066,35.2639999389648,0.0333539992570877,0.0284418649971485,0.000532999983988702,106.287803649902,-92.8394,26.1405,21.6568851378997,66,66,94,117,128,94,0,8040,1.1727079215133,26,-93,99999,99999,2026-05-21 10:36:23.001125,398,1.0332,0,"aoml_navis",1028.86880942569
"4903910",1,0,1,67,1,-27,1,0.000508000026457012,3,109.668190731812,1,4.85965629181612,400,1,10.4180002212524,35.257999420166,0.0333539992570877,0.0284418649971485,0.000508000026457012,106.144203186035,-92.8394,26.1405,21.6568851378997,66,66,94,117,128,94,0,8040,1.1727079215133,26,-93,99999,99999,2026-05-21 10:36:23.001125,400,1.0332,0,"aoml_navis",1028.87934861159
"4903910",1,0,1,67,1,-27,1,0.000515000021550804,3,109.537385366821,1,4.85959314143074,402,1,10.3769998550415,35.2540016174316,0.0333539992570877,0.0284418649971485,0.000515000021550804,106.017601013184,-92.8394,26.1405,21.6568851378997,66,66,94,117,128,94,0,8040,1.1727079215133,26,-93,99999,99999,2026-05-21 10:36:23.001125,402,1.0332,0,"aoml_navis",1028.89271889291
"4903910",1,0,1,67,1,-27,1,0.000623000029008836,3,109.955932580566,1,4.85952232781893,404,1,10.3100004196167,35.2459983825684,0.0333539992570877,0.0284418649971485,0.000623000029008836,106.422698974609,-92.8394,26.1405,21.6568851378997,66,66,94,117,128,94,0,8040,1.1727079215133,26,-93,99999,99999,2026-05-21 10:36:23.001125,404,1.0332,0,"aoml_navis",1028.90771205575
"4903910",1,0,1,67,1,-27,1,0.000524999981280416,3,110.551264892578,1,4.85947343274175,406,1,10.2639999389648,35.2369995117188,0.0333539992570877,0.0284418649971485,0.000524999981280416,106.998901367188,-92.8394,26.1405,21.6568851378997,66,66,94,117,128,94,0,8040,1.1727079215133,26,-93,99999,99999,2026-05-21 10:36:23.001125,406,1.0332,0,"aoml_navis",1028.91806472517
"4903910",1,0,1,69,1,-25,1,0.000530000019352883,3,110.84665295105,1,4.85941299339809,408,1,10.2130002975464,35.2299995422363,0.0372780002653599,0.0317879654467106,0.000530000019352883,107.284797668457,-92.8394,26.1405,21.6568851378997,66,66,94,117,128,94,0,8040,1.1727079215133,26,-93,99999,99999,2026-05-21 10:36:23.001125,408,1.0332,0,"aoml_navis",1028.93086197714
"4903910",1,0,1,68,1,-26,1,0.000497000000905246,3,110.816485894775,1,4.85935841345282,410,1,10.1730003356934,35.2239990234375,0.0353160016238689,0.0301149170845747,0.000497000000905246,107.255599975586,-92.8394,26.1405,21.6568851378997,66,66,94,117,128,94,0,8040,1.1727079215133,26,-93,99999,99999,2026-05-21 10:36:23.001125,410,1.0332,0,"aoml_navis",1028.94241885057
"4903910",1,0,1,67,1,-27,1,0.000511999998707324,3,110.552092575073,1,4.85931596715425,412,1,10.1599998474121,35.2210006713867,0.0333539992570877,0.0284418649971485,0.000511999998707324,106.999702453613,-92.8394,26.1405,21.6568851378997,66,66,94,117,128,94,0,8040,1.1727079215133,26,-93,99999,99999,2026-05-21 10:36:23.001125,412,1.0332,0,"aoml_navis",1028.95140669935
"4903910",1,0,1,66,1,-28,1,0.00056299997959286,3,110.564492047119,1,4.85925729248687,414,1,10.1280002593994,35.2179985046387,0.0313920006155968,0.0267688147723675,0.00056299997959286,107.011703491211,-92.8394,26.1405,21.6568851378997,66,66,94,117,128,94,0,8040,1.1727079215133,26,-93,99999,99999,2026-05-21 10:36:23.001125,414,1.0332,0,"aoml_navis",1028.96383110455
"4903910",1,0,1,67,1,-27,1,0.000557999999728054,3,110.721121105957,1,4.85920539559996,416,1,10.0909996032715,35.2120018005371,0.0333539992570877,0.0284418649971485,0.000557999999728054,107.163299560547,-92.8394,26.1405,21.6568851378997,66,66,94,117,128,94,0,8040,1.1727079215133,26,-93,99999,99999,2026-05-21 10:36:23.001125,416,1.0332,0,"aoml_navis",1028.97482055966
"4903910",1,0,1,70,1,-24,1,0.000601999985519797,3,110.874865100098,1,4.85915160071047,418,1,10.0559997558594,35.2070007324219,0.0392399989068508,0.0334610193967819,0.000601999985519797,107.312103271484,-92.8394,26.1405,21.6568851378997,66,66,94,117,128,94,0,8040,1.1727079215133,26,-93,99999,99999,2026-05-21 10:36:23.001125,418,1.0332,0,"aoml_navis",1028.98621217517
"4903910",1,0,1,68,1,-26,1,0.000524999981280416,3,111.018787261963,1,4.85908566294962,420,1,9.9980001449585,35.2000007629395,0.0353160016238689,0.0301149170845747,0.000524999981280416,107.451400756836,-92.8394,26.1405,21.6568851378997,66,66,94,117,128,94,0,8040,1.1727079215133,26,-93,99999,99999,2026-05-21 10:36:23.001125,420,1.0332,0,"aoml_navis",1029.00017551138
"4903910",1,0,1,66,1,-28,1,0.000539999979082495,3,110.992025527954,1,4.85904020031278,422,1,9.97700023651123,35.1959991455078,0.0313920006155968,0.0267688147723675,0.000539999979082495,107.425498962402,-92.8394,26.1405,21.6568851378997,66,66,94,117,128,94,0,8040,1.1727079215133,26,-93,99999,99999,2026-05-21 10:36:23.001125,422,1.0332,0,"aoml_navis",1029.00980314552
"4903910",1,0,1,66,1,-28,1,0.000524999981280416,3,111.034079681396,1,4.85898767758507,424,1,9.95199966430664,35.193000793457,0.0313920006155968,0.0267688147723675,0.000524999981280416,107.466201782227,-92.8394,26.1405,21.6568851378997,66,66,94,117,128,94,0,8040,1.1727079215133,26,-93,99999,99999,2026-05-21 10:36:23.001125,424,1.0332,0,"aoml_navis",1029.02092612118
"4903910",1,0,1,66,1,-28,1,0.00052000000141561,3,110.987169790649,1,4.85893323758591,426,1,9.91600036621094,35.1879997253418,0.0313920006155968,0.0267688147723675,0.00052000000141561,107.420799255371,-92.8394,26.1405,21.6568851378997,66,66,94,117,128,94,0,8040,1.1727079215133,26,-93,99999,99999,2026-05-21 10:36:23.001125,426,1.0332,0,"aoml_navis",1029.03245537989
"4903910",1,0,1,67,1,-27,1,0.000545000017154962,3,111.143806732178,1,4.85886764232792,428,1,9.85799980163574,35.1809997558594,0.0333539992570877,0.0284418649971485,0.000545000017154962,107.572402954102,-92.8394,26.1405,21.6568851378997,66,66,94,117,128,94,0,8040,1.1727079215133,26,-93,99999,99999,2026-05-21 10:36:23.001125,428,1.0332,0,"aoml_navis",1029.04634743343
"4903910",1,0,1,66,1,-28,1,0.000631999981123954,3,111.107845898437,1,4.85881808552974,430,1,9.83199977874756,35.1769981384277,0.0313920006155968,0.0267688147723675,0.000631999981123954,107.53759765625,-92.8394,26.1405,21.6568851378997,66,66,94,117,128,94,0,8040,1.1727079215133,26,-93,99999,99999,2026-05-21 10:36:23.001125,430,1.0332,0,"aoml_navis",1029.05684303982
"4903910",1,0,1,69,1,-25,1,0.000508999975863844,3,111.162401998901,1,4.85875761621282,432,1,9.79300022125244,35.1730003356934,0.0372780002653599,0.0317879654467106,0.000508999975863844,107.590400695801,-92.8394,26.1405,21.6568851378997,66,66,94,117,128,94,0,8040,1.1727079215133,26,-93,99999,99999,2026-05-21 10:36:23.001125,432,1.0332,0,"aoml_navis",1029.06965009242
"4903910",1,0,1,68,1,-26,1,0.000998000032268465,3,111.180689840698,1,4.85871032666326,434,1,9.77400016784668,35.1699981689453,0.0353160016238689,0.0301149170845747,0.000998000032268465,107.608100891113,-92.8394,26.1405,21.6568851378997,66,66,94,117,128,94,0,8040,1.1727079215133,26,-93,99999,99999,2026-05-21 10:36:23.001125,434,1.0332,0,"aoml_navis",1029.07966596843
"4903910",1,0,1,66,1,-28,1,0.000514000013936311,3,111.206931317139,1,4.85865832739335,436,1,9.74499988555908,35.1660003662109,0.0313920006155968,0.0267688147723675,0.000514000013936311,107.633499145508,-92.8394,26.1405,21.6568851378997,66,66,94,117,128,94,0,8040,1.1727079215133,26,-93,99999,99999,2026-05-21 10:36:23.001125,436,1.0332,0,"aoml_navis",1029.09067958324
"4903910",1,0,1,66,1,-28,1,0.000526999996509403,3,111.344862634277,1,4.85860117825707,438,1,9.70100021362305,35.1599998474121,0.0313920006155968,0.0267688147723675,0.000526999996509403,107.766998291016,-92.8394,26.1405,21.6568851378997,66,66,94,117,128,94,0,8040,1.1727079215133,26,-93,99999,99999,2026-05-21 10:36:23.001125,438,1.0332,0,"aoml_navis",1029.10278422846
"4903910",1,0,1,67,1,-27,1,0.000537000014446676,3,111.509453210449,1,4.85854760956859,440,1,9.67000007629395,35.1559982299805,0.0333539992570877,0.0284418649971485,0.000537000014446676,107.926300048828,-92.8394,26.1405,21.6568851378997,66,66,94,117,128,94,0,8040,1.1727079215133,26,-93,99999,99999,2026-05-21 10:36:23.001125,440,1.0332,0,"aoml_navis",1029.11413076468
"4903910",1,0,1,67,1,-27,1,0.000524999981280416,3,111.552437521362,1,4.85849274128264,442,1,9.63300037384033,35.1510009765625,0.0333539992570877,0.0284418649971485,0.000524999981280416,107.967903137207,-92.8394,26.1405,21.6568851378997,66,66,94,117,128,94,0,8040,1.1727079215133,26,-93,99999,99999,2026-05-21 10:36:23.001125,442,1.0332,0,"aoml_navis",1029.12575283173
"4903910",1,0,1,68,1,-26,1,0.000593999982811511,3,111.555740368652,1,4.85843711213721,444,1,9.59500026702881,35.1459999084473,0.0353160016238689,0.0301149170845747,0.000593999982811511,107.971099853516,-92.8394,26.1405,21.6568851378997,66,66,94,117,128,94,0,8040,1.1727079215133,26,-93,99999,99999,2026-05-21 10:36:23.001125,444,1.0332,0,"aoml_navis",1029.13753633018
"4903910",1,0,1,69,1,-25,1,0.000511999998707324,3,111.625478530884,1,4.85839032018297,446,1,9.57199954986572,35.1419982910156,0.0372780002653599,0.0317879654467106,0.000511999998707324,108.038597106934,-92.8394,26.1405,21.6568851378997,66,66,94,117,128,94,0,8040,1.1727079215133,26,-93,99999,99999,2026-05-21 10:36:23.001125,446,1.0332,0,"aoml_navis",1029.14744812263
"4903910",1,0,1,67,1,-27,1,0.00102099997457117,3,111.722191259766,1,4.85833016237709,448,1,9.52400016784668,35.1360015869141,0.0333539992570877,0.0284418649971485,0.00102099997457117,108.132202148438,-92.8394,26.1405,21.6568851378997,66,66,94,117,128,94,0,8040,1.1727079215133,26,-93,99999,99999,2026-05-21 10:36:23.001125,448,1.0332,0,"aoml_navis",1029.16019144191
"4903910",1,0,1,66,1,-28,1,0.000637000019196421,3,111.780152682495,1,4.85827222574916,450,1,9.48299980163574,35.1310005187988,0.0313920006155968,0.0267688147723675,0.000637000019196421,108.188301086426,-92.8394,26.1405,21.6568851378997,66,66,94,117,128,94,0,8040,1.1727079215133,26,-93,99999,99999,2026-05-21 10:36:23.001125,450,1.0332,0,"aoml_navis",1029.17246454401
"4903910",1,0,1,68,1,-26,1,0.000549999997019768,3,111.731587426758,1,4.85821683476919,452,1,9.44499969482422,35.1259994506836,0.0353160016238689,0.0301149170845747,0.000549999997019768,108.141296386719,-92.8394,26.1405,21.6568851378997,66,66,94,117,128,94,0,8040,1.1727079215133,26,-93,99999,99999,2026-05-21 10:36:23.001125,452,1.0332,0,"aoml_navis",1029.18419865826
"4903910",1,0,1,68,1,-26,1,0.000500999973155558,3,111.685410626221,1,4.85816487504302,453.899993896484,1,9.41300010681152,35.1220016479492,0.0353160016238689,0.0301149170845747,0.000500999973155558,108.096603393555,-92.8394,26.1405,21.6568851378997,66,66,94,117,128,94,0,8040,1.1727079215133,26,-93,99999,99999,2026-05-21 10:36:23.001125,453.899993896484,1.0332,0,"aoml_navis",1029.19520613341
"4903910",1,0,1,70,1,-24,1,0.000503999995999038,3,111.738823736572,1,4.85810708452345,456,1,9.37899971008301,35.1180000305176,0.0392399989068508,0.0334610193967819,0.000503999995999038,108.148300170898,-92.8394,26.1405,21.6568851378997,66,66,94,117,128,94,0,8040,1.1727079215133,26,-93,99999,99999,2026-05-21 10:36:23.001125,456,1.0332,0,"aoml_navis",1029.20744911708
"4903910",1,0,1,67,1,-27,1,0.000592999975197017,3,111.851136309814,1,4.85804531031301,458,1,9.34200000762939,35.1150016784668,0.0333539992570877,0.0284418649971485,0.000592999975197017,108.25700378418,-92.8394,26.1405,21.6568851378997,66,66,94,117,128,94,0,8040,1.1727079215133,26,-93,99999,99999,2026-05-21 10:36:23.001125,458,1.0332,0,"aoml_navis",1029.22053637203
"4903910",1,0,1,67,1,-27,1,0.000499000016134232,3,111.869108843994,1,4.85799711275873,460,1,9.31700038909912,35.1110000610352,0.0333539992570877,0.0284418649971485,0.000499000016134232,108.274398803711,-92.8394,26.1405,21.6568851378997,66,66,94,117,128,94,0,8040,1.1727079215133,26,-93,99999,99999,2026-05-21 10:36:23.001125,460,1.0332,0,"aoml_navis",1029.23074755815
"4903910",1,0,1,68,1,-26,1,0.000608999980613589,3,111.831807952881,1,4.8579509924861,462,1,9.30799961090088,35.1100006103516,0.0353160016238689,0.0301149170845747,0.000608999980613589,108.238296508789,-92.8394,26.1405,21.6568851378997,66,66,94,117,128,94,0,8040,1.1727079215133,26,-93,99999,99999,2026-05-21 10:36:23.001125,462,1.0332,0,"aoml_navis",1029.24051883883
"4903910",1,0,1,68,1,-26,1,0.000533999991603196,3,111.739028686523,1,4.85790979047112,464,1,9.30500030517578,35.109001159668,0.0353160016238689,0.0301149170845747,0.000533999991603196,108.148498535156,-92.8394,26.1405,21.6568851378997,66,66,94,117,128,94,0,8040,1.1727079215133,26,-93,99999,99999,2026-05-21 10:36:23.001125,464,1.0332,0,"aoml_navis",1029.24924826879
"4903910",1,0,1,67,1,-27,1,0.000514000013936311,3,111.665569894409,1,4.85786409131333,466,1,9.29199981689453,35.1069984436035,0.0333539992570877,0.0284418649971485,0.000514000013936311,108.07740020752,-92.8394,26.1405,21.6568851378997,66,66,94,117,128,94,0,8040,1.1727079215133,26,-93,99999,99999,2026-05-21 10:36:23.001125,466,1.0332,0,"aoml_navis",1029.25893067713
"4903910",1,0,1,68,1,-26,1,0.00064899999415502,3,111.808151998901,1,4.85779876560466,468,1,9.24600028991699,35.1030006408691,0.0353160016238689,0.0301149170845747,0.00064899999415502,108.215400695801,-92.8394,26.1405,21.6568851378997,66,66,94,117,128,94,0,8040,1.1727079215133,26,-93,99999,99999,2026-05-21 10:36:23.001125,468,1.0332,0,"aoml_navis",1029.27277173402
"4903910",1,0,1,66,1,-28,1,0.000538999971468002,3,111.972017367554,1,4.85773803564989,470,1,9.20100021362305,35.0979995727539,0.0313920006155968,0.0267688147723675,0.000538999971468002,108.374000549316,-92.8394,26.1405,21.6568851378997,66,66,94,117,128,94,0,8040,1.1727079215133,26,-93,99999,99999,2026-05-21 10:36:23.001125,470,1.0332,0,"aoml_navis",1029.28563938732
"4903910",1,0,1,69,1,-25,1,0.000537000014446676,3,111.979971002197,1,4.85768752091889,472,1,9.17300033569336,35.0940017700195,0.0372780002653599,0.0317879654467106,0.000537000014446676,108.381698608398,-92.8394,26.1405,21.6568851378997,66,66,94,117,128,94,0,8040,1.1727079215133,26,-93,99999,99999,2026-05-21 10:36:23.001125,472,1.0332,0,"aoml_navis",1029.29634285208
"4903910",1,0,1,70,1,-24,1,0.00052900001173839,3,111.968816995239,1,4.85763256126353,474,1,9.14400005340576,35.0909996032715,0.0392399989068508,0.0334610193967819,0.00052900001173839,108.370903015137,-92.8394,26.1405,21.6568851378997,66,66,94,117,128,94,0,8040,1.1727079215133,26,-93,99999,99999,2026-05-21 10:36:23.001125,474,1.0332,0,"aoml_navis",1029.30798839578
"4903910",1,0,1,67,1,-27,1,0.000828000018373132,3,111.899275900269,1,4.85757356719675,476,1,9.10999965667725,35.0880012512207,0.0333539992570877,0.0284418649971485,0.000828000018373132,108.303596496582,-92.8394,26.1405,21.6568851378997,66,66,94,117,128,94,0,8040,1.1727079215133,26,-93,99999,99999,2026-05-21 10:36:23.001125,476,1.0332,0,"aoml_navis",1029.32048909461
"4903910",1,0,1,67,1,-27,1,0.0007259999983944,3,111.791204214478,1,4.85752552956894,478,1,9.0939998626709,35.0859985351562,0.0333539992570877,0.0284418649971485,0.0007259999983944,108.198997497559,-92.8394,26.1405,21.6568851378997,66,66,94,117,128,94,0,8040,1.1727079215133,26,-93,99999,99999,2026-05-21 10:36:23.001125,478,1.0332,0,"aoml_navis",1029.33066837504
"4903910",1,0,1,69,1,-25,1,0.00052599998889491,3,111.804328894043,1,4.85746983822171,480,1,9.06400012969971,35.0830001831055,0.0372780002653599,0.0317879654467106,0.00052599998889491,108.211700439453,-92.8394,26.1405,21.6568851378997,66,66,94,117,128,94,0,8040,1.1727079215133,26,-93,99999,99999,2026-05-21 10:36:23.001125,480,1.0332,0,"aoml_navis",1029.34246974768
"4903910",1,0,1,69,1,-25,1,0.000498000008519739,3,111.647691952515,1,4.85740772453571,482,1,9.02600002288818,35.0800018310547,0.0372780002653599,0.0317879654467106,0.000498000008519739,108.060096740723,-92.8394,26.1405,21.6568851378997,66,66,94,117,128,94,0,8040,1.1727079215133,26,-93,99999,99999,2026-05-21 10:36:23.001125,482,1.0332,0,"aoml_navis",1029.35563237651
"4903910",1,0,1,68,1,-26,1,0.000515999970957637,3,111.365428573608,1,4.85735651096583,484,1,9.00599956512451,35.0779991149902,0.0353160016238689,0.0301149170845747,0.000515999970957637,107.786903381348,-92.8394,26.1405,21.6568851378997,66,66,94,117,128,94,0,8040,1.1727079215133,26,-93,99999,99999,2026-05-21 10:36:23.001125,484,1.0332,0,"aoml_navis",1029.3664853943
"4903910",1,0,1,66,1,-28,1,0.000498000008519739,3,110.841592263794,1,4.85729748544922,486,1,8.98999977111816,35.0789985656738,0.0313920006155968,0.0267688147723675,0.000498000008519739,107.279899597168,-92.8394,26.1405,21.6568851378997,66,66,94,117,128,94,0,8040,1.1727079215133,26,-93,99999,99999,2026-05-21 10:36:23.001125,486,1.0332,0,"aoml_navis",1029.37899417902
"4903910",1,0,1,67,1,-27,1,0.000533999991603196,3,110.504457476807,1,4.85724237437388,488,1,8.98799991607666,35.0820007324219,0.0333539992570877,0.0284418649971485,0.000533999991603196,106.953598022461,-92.8394,26.1405,21.6568851378997,66,66,94,117,128,94,0,8040,1.1727079215133,26,-93,99999,99999,2026-05-21 10:36:23.001125,488,1.0332,0,"aoml_navis",1029.39067368334
"4903910",1,0,1,67,1,-27,1,0.000498000008519739,3,110.515824316406,1,4.85718728005671,490,1,8.98600006103516,35.0849990844727,0.0333539992570877,0.0284418649971485,0.000498000008519739,106.964599609375,-92.8394,26.1405,21.6568851378997,66,66,94,117,128,94,0,8040,1.1727079215133,26,-93,99999,99999,2026-05-21 10:36:23.001125,490,1.0332,0,"aoml_navis",1029.40234990108
"4903910",1,0,1,68,1,-26,1,0.000513000006321818,3,110.643011526489,1,4.85713056133283,492,1,8.94999980926514,35.0810012817383,0.0353160016238689,0.0301149170845747,0.000513000006321818,107.087699890137,-92.8394,26.1405,21.6568851378997,66,66,94,117,128,94,0,8040,1.1727079215133,26,-93,99999,99999,2026-05-21 10:36:23.001125,492,1.0332,0,"aoml_navis",1029.41437065838
"4903910",1,0,1,67,1,-27,1,0.000538999971468002,3,110.73878621521,1,4.85707745887107,494,1,8.92300033569336,35.0779991149902,0.0333539992570877,0.0284418649971485,0.000538999971468002,107.180397033691,-92.8394,26.1405,21.6568851378997,66,66,94,117,128,94,0,8040,1.1727079215133,26,-93,99999,99999,2026-05-21 10:36:23.001125,494,1.0332,0,"aoml_navis",1029.42562525288
"4903910",1,0,1,67,1,-27,1,0.000513000006321818,3,110.921152258301,1,4.85702210744414,496,1,8.88399982452393,35.0730018615723,0.0333539992570877,0.0284418649971485,0.000513000006321818,107.356903076172,-92.8394,26.1405,21.6568851378997,66,66,94,117,128,94,0,8040,1.1727079215133,26,-93,99999,99999,2026-05-21 10:36:23.001125,496,1.0332,0,"aoml_navis",1029.43735675749
"4903910",1,0,1,68,1,-26,1,0.000508000026457012,3,111.032014416504,1,4.8569556443313,498,1,8.83100032806396,35.068000793457,0.0353160016238689,0.0301149170845747,0.000508000026457012,107.464202880859,-92.8394,26.1405,21.6568851378997,66,66,94,117,128,94,0,8040,1.1727079215133,26,-93,99999,99999,2026-05-21 10:36:23.001125,498,1.0332,0,"aoml_navis",1029.451443691
"4903910",1,0,1,66,1,-28,1,0.00048300001071766,3,111.167565161133,1,4.85690395774795,500,1,8.80099964141846,35.0639991760254,0.0313920006155968,0.0267688147723675,0.00048300001071766,107.595397949219,-92.8394,26.1405,21.6568851378997,66,66,94,117,128,94,0,8040,1.1727079215133,26,-93,99999,99999,2026-05-21 10:36:23.001125,500,1.0332,0,"aoml_navis",1029.46239898851
"4903910",1,0,1,69,1,-25,1,0.000498000008519739,3,111.481043994141,1,4.85684484332197,502,1,8.75699996948242,35.0589981079102,0.0372780002653599,0.0317879654467106,0.000498000008519739,107.898803710938,-92.8394,26.1405,21.6568851378997,66,66,94,117,128,94,0,8040,1.1727079215133,26,-93,99999,99999,2026-05-21 10:36:23.001125,502,1.0332,0,"aoml_navis",1029.47492894999
"4903910",1,0,1,66,1,-28,1,0.000484999996842816,3,111.867146054077,1,4.8567820648116,504,1,8.69900035858154,35.0519981384277,0.0313920006155968,0.0267688147723675,0.000484999996842816,108.272499084473,-92.8394,26.1405,21.6568851378997,66,66,94,117,128,94,0,8040,1.1727079215133,26,-93,99999,99999,2026-05-21 10:36:23.001125,504,1.0332,0,"aoml_navis",1029.48823588895
"4903910",1,0,1,68,1,-26,1,0.000482000003103167,3,112.009625683594,1,4.85672419743636,506,1,8.66100025177002,35.0480003356934,0.0353160016238689,0.0301149170845747,0.000482000003103167,108.410400390625,-92.8394,26.1405,21.6568851378997,66,66,94,117,128,94,0,8040,1.1727079215133,26,-93,99999,99999,2026-05-21 10:36:23.001125,506,1.0332,0,"aoml_navis",1029.50050213666
"4903910",1,0,1,68,1,-26,1,0.000782000017352402,3,112.267720733643,1,4.85667483215842,508,1,8.64299964904785,35.0460014343262,0.0353160016238689,0.0301149170845747,0.000782000017352402,108.660202026367,-92.8394,26.1405,21.6568851378997,66,66,94,117,128,94,0,8040,1.1727079215133,26,-93,99999,99999,2026-05-21 10:36:23.001125,508,1.0332,0,"aoml_navis",1029.51096641112
"4903910",1,0,1,68,1,-26,1,0.000453999993624166,3,112.552364685059,1,4.85661916875788,510,1,8.60299968719482,35.0410003662109,0.0353160016238689,0.0301149170845747,0.000453999993624166,108.935699462891,-92.8394,26.1405,21.6568851378997,66,66,94,117,128,94,0,8040,1.1727079215133,26,-93,99999,99999,2026-05-21 10:36:23.001125,510,1.0332,0,"aoml_navis",1029.52276599419
"4903910",1,0,1,67,1,-27,1,0.000493000028654933,3,112.700630209351,1,4.85656253347682,512,1,8.55700016021729,35.0349998474121,0.0333539992570877,0.0284418649971485,0.000493000028654933,109.079200744629,-92.8394,26.1405,21.6568851378997,66,66,94,117,128,94,0,8040,1.1727079215133,26,-93,99999,99999,2026-05-21 10:36:23.001125,512,1.0332,0,"aoml_navis",1029.53477187506
"4903910",1,0,1,70,1,-24,1,0.000468999991426244,3,112.694844314575,1,4.85650877337302,514,1,8.53800010681152,35.0340003967285,0.0392399989068508,0.0334610193967819,0.000468999991426244,109.073600769043,-92.8394,26.1405,21.6568851378997,66,66,94,117,128,94,0,8040,1.1727079215133,26,-93,99999,99999,2026-05-21 10:36:23.001125,514,1.0332,0,"aoml_navis",1029.54616851795
"4903910",1,0,1,67,1,-27,1,0.00047999998787418,3,112.778534838867,1,4.85645581221739,516,1,8.52000045776367,35.0330009460449,0.0333539992570877,0.0284418649971485,0.00047999998787418,109.154602050781,-92.8394,26.1405,21.6568851378997,66,66,94,117,128,94,0,8040,1.1727079215133,26,-93,99999,99999,2026-05-21 10:36:23.001125,516,1.0332,0,"aoml_navis",1029.55739603797
"4903910",1,0,1,67,1,-27,1,0.000490000005811453,3,112.941265100098,1,4.85639925941724,518,1,8.48799991607666,35.0299987792969,0.0333539992570877,0.0284418649971485,0.000490000005811453,109.312103271484,-92.8394,26.1405,21.6568851378997,66,66,94,117,128,94,0,8040,1.1727079215133,26,-93,99999,99999,2026-05-21 10:36:23.001125,518,1.0332,0,"aoml_navis",1029.56938524037
"4903910",1,0,1,68,1,-26,1,0.000498000008519739,3,112.962548364258,1,4.85635032969973,520,1,8.46100044250488,35.0260009765625,0.0353160016238689,0.0301149170845747,0.000498000008519739,109.332702636719,-92.8394,26.1405,21.6568851378997,66,66,94,117,128,94,0,8040,1.1727079215133,26,-93,99999,99999,2026-05-21 10:36:23.001125,520,1.0332,0,"aoml_navis",1029.57975857338
"4903910",1,0,1,68,1,-26,1,0.000551000004634261,3,112.93103336792,1,4.85629898393212,522,1,8.44499969482422,35.0250015258789,0.0353160016238689,0.0301149170845747,0.000551000004634261,109.302200317383,-92.8394,26.1405,21.6568851378997,66,66,94,117,128,94,0,8040,1.1727079215133,26,-93,99999,99999,2026-05-21 10:36:23.001125,522,1.0332,0,"aoml_navis",1029.59064434528
"4903910",1,0,1,69,1,-25,1,0.000497000000905246,3,113.09283347168,1,4.85624865714244,524,1,8.4350004196167,35.0250015258789,0.0372780002653599,0.0317879654467106,0.000497000000905246,109.458801269531,-92.8394,26.1405,21.6568851378997,66,66,94,117,128,94,0,8040,1.1727079215133,26,-93,99999,99999,2026-05-21 10:36:23.001125,524,1.0332,0,"aoml_navis",1029.60131430793
"4903910",1,0,1,69,1,-25,1,0.000472000014269724,3,113.407542004395,1,4.8562025842035,526,1,8.42099952697754,35.0229988098145,0.0372780002653599,0.0317879654467106,0.000472000014269724,109.763397216797,-92.8394,26.1405,21.6568851378997,66,66,94,117,128,94,0,8040,1.1727079215133,26,-93,99999,99999,2026-05-21 10:36:23.001125,526,1.0332,0,"aoml_navis",1029.61108259039
"4903910",1,0,1,67,1,-27,1,0.000497000000905246,3,113.956382208252,1,4.85614726621713,528,1,8.38099956512451,35.0180015563965,0.0333539992570877,0.0284418649971485,0.000497000000905246,110.29460144043,-92.8394,26.1405,21.6568851378997,66,66,94,117,128,94,0,8040,1.1727079215133,26,-93,99999,99999,2026-05-21 10:36:23.001125,528,1.0332,0,"aoml_navis",1029.62281123219
"4903910",1,0,1,67,1,-27,1,0.000912000017706305,3,114.117252154541,1,4.85609338030302,530,1,8.33800029754639,35.0120010375977,0.0333539992570877,0.0284418649971485,0.000912000017706305,110.450302124023,-92.8394,26.1405,21.6568851378997,66,66,94,117,128,94,0,8040,1.1727079215133,26,-93,99999,99999,2026-05-21 10:36:23.001125,530,1.0332,0,"aoml_navis",1029.63423649979
"4903910",1,0,1,68,1,-26,1,0.000513000006321818,3,114.448388214111,1,4.8560221303139,532,1,8.2819995880127,35.007999420166,0.0353160016238689,0.0301149170845747,0.000513000006321818,110.770797729492,-92.8394,26.1405,21.6568851378997,66,66,94,117,128,94,0,8040,1.1727079215133,26,-93,99999,99999,2026-05-21 10:36:23.001125,532,1.0332,0,"aoml_navis",1029.64934380906
"4903910",1,0,1,69,1,-25,1,0.000931999995373189,3,114.438779214478,1,4.85596320133399,534,1,8.23700046539307,35.0029983520508,0.0372780002653599,0.0317879654467106,0.000931999995373189,110.761497497559,-92.8394,26.1405,21.6568851378997,66,66,94,117,128,94,0,8040,1.1727079215133,26,-93,99999,99999,2026-05-21 10:36:23.001125,534,1.0332,0,"aoml_navis",1029.66183899961
"4903910",1,0,1,69,1,-25,1,0.000501999980770051,3,114.436918899536,1,4.85591603193135,536,1,8.23099994659424,35.0029983520508,0.0372780002653599,0.0317879654467106,0.000501999980770051,110.759696960449,-92.8394,26.1405,21.6568851378997,66,66,94,117,128,94,0,8040,1.1727079215133,26,-93,99999,99999,2026-05-21 10:36:23.001125,536,1.0332,0,"aoml_navis",1029.67184092995
"4903910",1,0,1,69,1,-25,1,0.000472000014269724,3,114.621034899902,1,4.8558648235082,538,1,8.21500015258789,35.0019989013672,0.0372780002653599,0.0317879654467106,0.000472000014269724,110.937896728516,-92.8394,26.1405,21.6568851378997,66,66,94,117,128,94,0,8040,1.1727079215133,26,-93,99999,99999,2026-05-21 10:36:23.001125,538,1.0332,0,"aoml_navis",1029.68269952533
"4903910",1,0,1,67,1,-27,1,0.00044900001375936,3,114.81765284729,1,4.85581019275043,540,1,8.1850004196167,34.9990005493164,0.0333539992570877,0.0284418649971485,0.00044900001375936,111.128196716309,-92.8394,26.1405,21.6568851378997,66,66,94,117,128,94,0,8040,1.1727079215133,26,-93,99999,99999,2026-05-21 10:36:23.001125,540,1.0332,0,"aoml_navis",1029.69428406918
"4903910",1,0,1,68,1,-26,1,0.000479000009363517,3,114.735515213013,1,4.8557611532905,542,1,8.16699981689453,34.9970016479492,0.0353160016238689,0.0301149170845747,0.000479000009363517,111.048698425293,-92.8394,26.1405,21.6568851378997,66,66,94,117,128,94,0,8040,1.1727079215133,26,-93,99999,99999,2026-05-21 10:36:23.001125,542,1.0332,0,"aoml_navis",1029.70468319097
"4903910",1,0,1,70,1,-24,1,0.000450999999884516,3,114.695431732178,1,4.85570461089484,544,1,8.14400005340576,34.9959983825684,0.0392399989068508,0.0334610193967819,0.000450999999884516,111.009902954102,-92.8394,26.1405,21.6568851378997,66,66,94,117,128,94,0,8040,1.1727079215133,26,-93,99999,99999,2026-05-21 10:36:23.001125,544,1.0332,0,"aoml_navis",1029.71667361754
"4903910",1,0,1,70,1,-24,1,0.000460999988717958,3,114.691088369751,1,4.8556450014214,546,1,8.11699962615967,34.9949989318848,0.0392399989068508,0.0334610193967819,0.000460999988717958,111.005699157715,-92.8394,26.1405,21.6568851378997,66,66,94,117,128,94,0,8040,1.1727079215133,26,-93,99999,99999,2026-05-21 10:36:23.001125,546,1.0332,0,"aoml_navis",1029.72931475352
"4903910",1,0,1,67,1,-27,1,0.000464000011561438,3,114.949388369751,1,4.85559555056226,548,1,8.10799980163574,34.9949989318848,0.0333539992570877,0.0284418649971485,0.000464000011561438,111.255699157715,-92.8394,26.1405,21.6568851378997,66,66,94,117,128,94,0,8040,1.1727079215133,26,-93,99999,99999,2026-05-21 10:36:23.001125,548,1.0332,0,"aoml_navis",1029.73980182946
"4903910",1,0,1,69,1,-25,1,0.00047699999413453,3,115.358019158936,1,4.85555024637455,550,1,8.09000015258789,34.992000579834,0.0372780002653599,0.0317879654467106,0.00047699999413453,111.65119934082,-92.8394,26.1405,21.6568851378997,66,66,94,117,128,94,0,8040,1.1727079215133,26,-93,99999,99999,2026-05-21 10:36:23.001125,550,1.0332,0,"aoml_navis",1029.74940970558
"4903910",1,0,1,70,1,-24,1,0.000450999999884516,3,115.636569790649,1,4.85549639543672,552,1,8.05599975585938,34.9879989624023,0.0392399989068508,0.0334610193967819,0.000450999999884516,111.920799255371,-92.8394,26.1405,21.6568851378997,66,66,94,117,128,94,0,8040,1.1727079215133,26,-93,99999,99999,2026-05-21 10:36:23.001125,552,1.0332,0,"aoml_navis",1029.76083036517
"4903910",1,0,1,67,1,-27,1,0.000923999992664903,3,115.944152371216,1,4.85544897344682,554,1,8.03999996185303,34.9860000610352,0.0333539992570877,0.0284418649971485,0.000923999992664903,112.21849822998,-92.8394,26.1405,21.6568851378997,66,66,94,117,128,94,0,8040,1.1727079215133,26,-93,99999,99999,2026-05-21 10:36:23.001125,554,1.0332,0,"aoml_navis",1029.77088778889
"4903910",1,0,1,68,1,-26,1,0.00049200002104044,3,116.579780996704,1,4.85539595499903,556,1,8.00699996948242,34.9819984436035,0.0353160016238689,0.0301149170845747,0.00049200002104044,112.833702087402,-92.8394,26.1405,21.6568851378997,66,66,94,117,128,94,0,8040,1.1727079215133,26,-93,99999,99999,2026-05-21 10:36:23.001125,556,1.0332,0,"aoml_navis",1029.78213236185
"4903910",1,0,1,69,1,-25,1,0.000791000027675182,3,117.035416268921,1,4.85533358288232,558,1,7.9520001411438,34.976001739502,0.0372780002653599,0.0317879654467106,0.000791000027675182,113.274696350098,-92.8394,26.1405,21.6568851378997,66,66,94,117,128,94,0,8040,1.1727079215133,26,-93,99999,99999,2026-05-21 10:36:23.001125,558,1.0332,0,"aoml_navis",1029.79536104949
"4903910",1,0,1,68,1,-26,1,0.000534999999217689,3,116.967128521728,1,4.85527852235317,560,1,7.9210000038147,34.9729995727539,0.0353160016238689,0.0301149170845747,0.000534999999217689,113.208602905273,-92.8394,26.1405,21.6568851378997,66,66,94,117,128,94,0,8040,1.1727079215133,26,-93,99999,99999,2026-05-21 10:36:23.001125,560,1.0332,0,"aoml_navis",1029.80703928323
"4903910",1,0,1,68,1,-26,1,0.000452999986009672,3,116.717404888916,1,4.85523042262188,562,1,7.90399980545044,34.9710006713867,0.0353160016238689,0.0301149170845747,0.000452999986009672,112.966903686523,-92.8394,26.1405,21.6568851378997,66,66,94,117,128,94,0,8040,1.1727079215133,26,-93,99999,99999,2026-05-21 10:36:23.001125,562,1.0332,0,"aoml_navis",1029.81724136173
"4903910",1,0,1,71,1,-23,1,0.000460999988717958,3,116.397935211182,1,4.85517692285896,564,1,7.90899991989136,34.9749984741211,0.041202001273632,0.035134069621563,0.000460999988717958,112.657699584961,-92.8394,26.1405,21.6568851378997,66,66,94,117,128,94,0,8040,1.1727079215133,26,-93,99999,99999,2026-05-21 10:36:23.001125,564,1.0332,0,"aoml_navis",1029.82858903847
"4903910",1,0,1,68,1,-26,1,0.000437999988207594,3,116.754083047485,1,4.85512535326064,566,1,7.90199995040894,34.976001739502,0.0353160016238689,0.0301149170845747,0.000437999988207594,113.002403259277,-92.8394,26.1405,21.6568851378997,66,66,94,117,128,94,0,8040,1.1727079215133,26,-93,99999,99999,2026-05-21 10:36:23.001125,566,1.0332,0,"aoml_navis",1029.83952755042
"4903910",1,0,1,71,1,-23,1,0.000465999997686595,3,117.308906213379,1,4.85507262090695,568,1,7.87400007247925,34.9729995727539,0.041202001273632,0.035134069621563,0.000465999997686595,113.539398193359,-92.8394,26.1405,21.6568851378997,66,66,94,117,128,94,0,8040,1.1727079215133,26,-93,99999,99999,2026-05-21 10:36:23.001125,568,1.0332,0,"aoml_navis",1029.8507129366
"4903910",1,0,1,68,1,-26,1,0.000471000006655231,3,117.637772058105,1,4.85501282433996,570,1,7.82200002670288,34.9669990539551,0.0353160016238689,0.0301149170845747,0.000471000006655231,113.857696533203,-92.8394,26.1405,21.6568851378997,66,66,94,117,128,94,0,8040,1.1727079215133,26,-93,99999,99999,2026-05-21 10:36:23.001125,570,1.0332,0,"aoml_navis",1029.86339705081
"4903910",1,0,1,70,1,-24,1,0.000577999977394938,3,117.544062634277,1,4.85496008391199,572,1,7.78900003433228,34.9630012512207,0.0392399989068508,0.0334610193967819,0.000577999977394938,113.766998291016,-92.8394,26.1405,21.6568851378997,66,66,94,117,128,94,0,8040,1.1727079215133,26,-93,99999,99999,2026-05-21 10:36:23.001125,572,1.0332,0,"aoml_navis",1029.87458466829
"4903910",1,0,1,70,1,-24,1,0.000630000024102628,3,117.037899316406,1,4.85491391803721,574,1,7.79400014877319,34.9650001525879,0.0392399989068508,0.0334610193967819,0.000630000024102628,113.277099609375,-92.8394,26.1405,21.6568851378997,66,66,94,117,128,94,0,8040,1.1727079215133,26,-93,99999,99999,2026-05-21 10:36:23.001125,574,1.0332,0,"aoml_navis",1029.88437785143
"4903910",1,0,1,67,1,-27,1,0.000429999985499308,3,116.863699740601,1,4.85486868388806,576,1,7.80999994277954,34.9690017700195,0.0333539992570877,0.0284418649971485,0.000429999985499308,113.108497619629,-92.8394,26.1405,21.6568851378997,66,66,94,117,128,94,0,8040,1.1727079215133,26,-93,99999,99999,2026-05-21 10:36:23.001125,576,1.0332,0,"aoml_navis",1029.89397356793
"4903910",1,0,1,67,1,-27,1,0.000664999999571592,3,116.493504949951,1,4.85481077039829,578,1,7.77500009536743,34.9659996032715,0.0333539992570877,0.0284418649971485,0.000664999999571592,112.750198364258,-92.8394,26.1405,21.6568851378997,66,66,94,117,128,94,0,8040,1.1727079215133,26,-93,99999,99999,2026-05-21 10:36:23.001125,578,1.0332,0,"aoml_navis",1029.90625926905
"4903910",1,0,1,67,1,-27,1,0.000448000006144866,3,116.335323001099,1,4.85475381377868,580,1,7.79500007629395,34.9739990234375,0.0333539992570877,0.0284418649971485,0.000448000006144866,112.597099304199,-92.8394,26.1405,21.6568851378997,66,66,94,117,128,94,0,8040,1.1727079215133,26,-93,99999,99999,2026-05-21 10:36:23.001125,580,1.0332,0,"aoml_navis",1029.91834226673
"4903910",1,0,1,67,1,-27,1,0.000463000003946945,3,116.613771157837,1,4.85470126344197,582,1,7.77199983596802,34.9720001220703,0.0333539992570877,0.0284418649971485,0.000463000003946945,112.866600036621,-92.8394,26.1405,21.6568851378997,66,66,94,117,128,94,0,8040,1.1727079215133,26,-93,99999,99999,2026-05-21 10:36:23.001125,582,1.0332,0,"aoml_navis",1029.92949074997
"4903910",1,0,1,69,1,-25,1,0.00048600000445731,3,116.932720578003,1,4.85464270889457,584,1,7.74100017547607,34.9700012207031,0.0372780002653599,0.0317879654467106,0.00048600000445731,113.175300598145,-92.8394,26.1405,21.6568851378997,66,66,94,117,128,94,0,8040,1.1727079215133,26,-93,99999,99999,2026-05-21 10:36:23.001125,584,1.0332,0,"aoml_navis",1029.94191330273
"4903910",1,0,1,70,1,-24,1,0.000445000012405217,3,117.010207424927,1,4.85458871738144,586,1,7.71600008010864,34.9679985046387,0.0392399989068508,0.0334610193967819,0.000445000012405217,113.250297546387,-92.8394,26.1405,21.6568851378997,66,66,94,117,128,94,0,8040,1.1727079215133,26,-93,99999,99999,2026-05-21 10:36:23.001125,586,1.0332,0,"aoml_navis",1029.9533680573
"4903910",1,0,1,70,1,-24,1,0.000501999980770051,3,117.097098321533,1,4.85454231947778,588,1,7.70599985122681,34.9669990539551,0.0392399989068508,0.0334610193967819,0.000501999980770051,113.334396362305,-92.8394,26.1405,21.6568851378997,66,66,94,117,128,94,0,8040,1.1727079215133,26,-93,99999,99999,2026-05-21 10:36:23.001125,588,1.0332,0,"aoml_navis",1029.96321196719
"4903910",1,0,1,68,1,-26,1,0.000488999998196959,3,117.114976263428,1,4.85449374375796,590,1,7.69799995422363,34.9669990539551,0.0353160016238689,0.0301149170845747,0.000488999998196959,113.351699829102,-92.8394,26.1405,21.6568851378997,66,66,94,117,128,94,0,8040,1.1727079215133,26,-93,99999,99999,2026-05-21 10:36:23.001125,590,1.0332,0,"aoml_navis",1029.97351813032
"4903910",1,0,1,69,1,-25,1,0.000478000001749024,3,117.276878842163,1,4.85444434915673,592,1,7.68400001525879,34.9659996032715,0.0372780002653599,0.0317879654467106,0.000478000001749024,113.508399963379,-92.8394,26.1405,21.6568851378997,66,66,94,117,128,94,0,8040,1.1727079215133,26,-93,99999,99999,2026-05-21 10:36:23.001125,592,1.0332,0,"aoml_navis",1029.98399824453
"4903910",1,0,1,69,1,-25,1,0.000553000019863248,3,117.443014425659,1,4.85439196053366,594,1,7.66599988937378,34.9650001525879,0.0372780002653599,0.0317879654467106,0.000553000019863248,113.66919708252,-92.8394,26.1405,21.6568851378997,66,66,94,117,128,94,0,8040,1.1727079215133,26,-93,99999,99999,2026-05-21 10:36:23.001125,594,1.0332,0,"aoml_navis",1029.99511383715
"4903910",1,0,1,69,1,-25,1,0.000500999973155558,3,117.857226159668,1,4.85434708065299,596,1,7.65799999237061,34.9640007019043,0.0372780002653599,0.0317879654467106,0.000500999973155558,114.070098876953,-92.8394,26.1405,21.6568851378997,66,66,94,117,128,94,0,8040,1.1727079215133,26,-93,99999,99999,2026-05-21 10:36:23.001125,596,1.0332,0,"aoml_navis",1030.00463644792
"4903910",1,0,1,68,1,-26,1,0.00048600000445731,3,118.578815524292,1,4.8542946024625,598,1,7.63000011444092,34.9609985351562,0.0353160016238689,0.0301149170845747,0.00048600000445731,114.768501281738,-92.8394,26.1405,21.6568851378997,66,66,94,117,128,94,0,8040,1.1727079215133,26,-93,99999,99999,2026-05-21 10:36:23.001125,598,1.0332,0,"aoml_navis",1030.015771491
"4903910",1,0,1,67,1,-27,1,0.00044299999717623,3,119.492986898804,1,4.85423676358747,600,1,7.57999992370605,34.9550018310547,0.0333539992570877,0.0284418649971485,0.00044299999717623,115.653297424316,-92.8394,26.1405,21.6568851378997,66,66,94,117,128,94,0,8040,1.1727079215133,26,-93,99999,99999,2026-05-21 10:36:23.001125,600,1.0332,0,"aoml_navis",1030.02804426556
"4903910",1,0,1,69,1,-25,1,0.000460000010207295,3,119.864427154541,1,4.8541760410386,602,1,7.52099990844727,34.9480018615723,0.0372780002653599,0.0317879654467106,0.000460000010207295,116.012802124023,-92.8394,26.1405,21.6568851378997,66,66,94,117,128,94,0,8040,1.1727079215133,26,-93,99999,99999,2026-05-21 10:36:23.001125,602,1.0332,0,"aoml_navis",1030.04092923878
"4903910",1,0,1,66,1,-28,1,0.000457999994978309,3,120.15940531311,1,4.85412305102314,604,1,7.50699996948242,34.9480018615723,0.0313920006155968,0.0267688147723675,0.000457999994978309,116.298301696777,-92.8394,26.1405,21.6568851378997,66,66,94,117,128,94,0,8040,1.1727079215133,26,-93,99999,99999,2026-05-21 10:36:23.001125,604,1.0332,0,"aoml_navis",1030.05217367658
"4903910",1,0,1,67,1,-27,1,0.000417000002926216,3,120.48465300293,1,4.85405738297038,606,1,7.45599985122681,34.9440002441406,0.0333539992570877,0.0284418649971485,0.000417000002926216,116.613098144531,-92.8394,26.1405,21.6568851378997,66,66,94,117,128,94,0,8040,1.1727079215133,26,-93,99999,99999,2026-05-21 10:36:23.001125,606,1.0332,0,"aoml_navis",1030.06610872414
"4903910",1,0,1,69,1,-25,1,0.000449999992270023,3,120.510074679565,1,4.85400367096415,608,1,7.43599987030029,34.943000793457,0.0372780002653599,0.0317879654467106,0.000449999992270023,116.637702941895,-92.8394,26.1405,21.6568851378997,66,66,94,117,128,94,0,8040,1.1727079215133,26,-93,99999,99999,2026-05-21 10:36:23.001125,608,1.0332,0,"aoml_navis",1030.07750692674
"4903910",1,0,1,66,1,-28,1,0.000449999992270023,3,120.707725259399,1,4.85395219165361,610,1,7.41900014877319,34.9420013427734,0.0313920006155968,0.0267688147723675,0.000449999992270023,116.829002380371,-92.8394,26.1405,21.6568851378997,66,66,94,117,128,94,0,8040,1.1727079215133,26,-93,99999,99999,2026-05-21 10:36:23.001125,610,1.0332,0,"aoml_navis",1030.08843156666
"4903910",1,0,1,67,1,-27,1,0.000418999989051372,3,120.855265576172,1,4.85389555964319,612,1,7.40000009536743,34.9420013427734,0.0333539992570877,0.0284418649971485,0.000418999989051372,116.971801757812,-92.8394,26.1405,21.6568851378997,66,66,94,117,128,94,0,8040,1.1727079215133,26,-93,99999,99999,2026-05-21 10:36:23.001125,612,1.0332,0,"aoml_navis",1030.10044995026
"4903910",1,0,1,69,1,-25,1,0.000518999993801117,3,121.126997680664,1,4.85384410235669,614,1,7.38299989700317,34.9410018920898,0.0372780002653599,0.0317879654467106,0.000518999993801117,117.234802246094,-92.8394,26.1405,21.6568851378997,66,66,94,117,128,94,0,8040,1.1727079215133,26,-93,99999,99999,2026-05-21 10:36:23.001125,614,1.0332,0,"aoml_navis",1030.11137040276
"4903910",1,0,1,67,1,-27,1,0.00048600000445731,3,121.513202215576,1,4.85379192069738,616,1,7.375,34.9420013427734,0.0333539992570877,0.0284418649971485,0.00048600000445731,117.608596801758,-92.8394,26.1405,21.6568851378997,66,66,94,117,128,94,0,8040,1.1727079215133,26,-93,99999,99999,2026-05-21 10:36:23.001125,616,1.0332,0,"aoml_navis",1030.12244482075
"4903910",1,0,1,69,1,-25,1,0.000495999993290752,3,122.194085366821,1,4.85372577780292,618,1,7.32800006866455,34.9389991760254,0.0372780002653599,0.0317879654467106,0.000495999993290752,118.267601013184,-92.8394,26.1405,21.6568851378997,66,66,94,117,128,94,0,8040,1.1727079215133,26,-93,99999,99999,2026-05-21 10:36:23.001125,618,1.0332,0,"aoml_navis",1030.13648254832
"4903910",1,0,1,69,1,-25,1,0.000533999991603196,3,122.602298373413,1,4.85367147258858,620,1,7.29199981689453,34.935001373291,0.0372780002653599,0.0317879654467106,0.000533999991603196,118.662696838379,-92.8394,26.1405,21.6568851378997,66,66,94,117,128,94,0,8040,1.1727079215133,26,-93,99999,99999,2026-05-21 10:36:23.001125,620,1.0332,0,"aoml_navis",1030.14800821148
"4903910",1,0,1,67,1,-27,1,0.000487999990582466,3,122.831156524658,1,4.85361938673004,622,1,7.26900005340576,34.9329986572266,0.0333539992570877,0.0284418649971485,0.000487999990582466,118.884201049805,-92.8394,26.1405,21.6568851378997,66,66,94,117,128,94,0,8040,1.1727079215133,26,-93,99999,99999,2026-05-21 10:36:23.001125,622,1.0332,0,"aoml_navis",1030.15906308397
"4903910",1,0,1,68,1,-26,1,0.000456999987363815,3,122.885704742432,1,4.85356801277662,624,1,7.2519998550415,34.931999206543,0.0353160016238689,0.0301149170845747,0.000456999987363815,118.936996459961,-92.8394,26.1405,21.6568851378997,66,66,94,117,128,94,0,8040,1.1727079215133,26,-93,99999,99999,2026-05-21 10:36:23.001125,624,1.0332,0,"aoml_navis",1030.16996709182
"4903910",1,0,1,70,1,-24,1,0.000445000012405217,3,122.934065048218,1,4.85351881719664,626,1,7.24300003051758,34.931999206543,0.0392399989068508,0.0334610193967819,0.000445000012405217,118.98380279541,-92.8394,26.1405,21.6568851378997,66,66,94,117,128,94,0,8040,1.1727079215133,26,-93,99999,99999,2026-05-21 10:36:23.001125,626,1.0332,0,"aoml_navis",1030.18040896109
"4903910",1,0,1,71,1,-23,1,0.000445000012405217,3,122.929209310913,1,4.85346523537489,628,1,7.22800016403198,34.931999206543,0.041202001273632,0.035134069621563,0.000445000012405217,118.979103088379,-92.8394,26.1405,21.6568851378997,66,66,94,117,128,94,0,8040,1.1727079215133,26,-93,99999,99999,2026-05-21 10:36:23.001125,628,1.0332,0,"aoml_navis",1030.19178206059
"4903910",1,0,1,67,1,-27,1,0.000531000026967376,3,122.912986734009,1,4.85341236082941,630,1,7.2189998626709,34.9329986572266,0.0333539992570877,0.0284418649971485,0.000531000026967376,118.963401794434,-92.8394,26.1405,21.6568851378997,66,66,94,117,128,94,0,8040,1.1727079215133,26,-93,99999,99999,2026-05-21 10:36:23.001125,630,1.0332,0,"aoml_navis",1030.20300528215
"4903910",1,0,1,68,1,-26,1,0.000587999995332211,3,122.933962573242,1,4.8533675627875,632,1,7.21600008010864,34.9329986572266,0.0353160016238689,0.0301149170845747,0.000587999995332211,118.983703613281,-92.8394,26.1405,21.6568851378997,66,66,94,117,128,94,0,8040,1.1727079215133,26,-93,99999,99999,2026-05-21 10:36:23.001125,632,1.0332,0,"aoml_navis",1030.21251436565
"4903910",1,0,1,68,1,-26,1,0.000469999999040738,3,123.163538049316,1,4.85331691794438,634,1,7.20499992370605,34.9329986572266,0.0353160016238689,0.0301149170845747,0.000469999999040738,119.205902099609,-92.8394,26.1405,21.6568851378997,66,66,94,117,128,94,0,8040,1.1727079215133,26,-93,99999,99999,2026-05-21 10:36:23.001125,634,1.0332,0,"aoml_navis",1030.22326473536
"4903910",1,0,1,69,1,-25,1,0.000484999996842816,3,123.398071737671,1,4.85325901226401,636,1,7.17899990081787,34.931999206543,0.0372780002653599,0.0317879654467106,0.000484999996842816,119.432899475098,-92.8394,26.1405,21.6568851378997,66,66,94,117,128,94,0,8040,1.1727079215133,26,-93,99999,99999,2026-05-21 10:36:23.001125,636,1.0332,0,"aoml_navis",1030.23555663631
"4903910",1,0,1,69,1,-25,1,0.000438999995822087,3,123.731895794678,1,4.85320254810891,638,1,7.15999984741211,34.931999206543,0.0372780002653599,0.0317879654467106,0.000438999995822087,119.755996704102,-92.8394,26.1405,21.6568851378997,66,66,94,117,128,94,0,8040,1.1727079215133,26,-93,99999,99999,2026-05-21 10:36:23.001125,638,1.0332,0,"aoml_navis",1030.24754282062
"4903910",1,0,1,68,1,-26,1,0.000495999993290752,3,124.000947784424,1,4.85314764640336,640,1,7.13299989700317,34.9300003051758,0.0353160016238689,0.0301149170845747,0.000495999993290752,120.016403198242,-92.8394,26.1405,21.6568851378997,66,66,94,117,128,94,0,8040,1.1727079215133,26,-93,99999,99999,2026-05-21 10:36:23.001125,640,1.0332,0,"aoml_navis",1030.25919759632
"4903910",1,0,1,67,1,-27,1,0.000461999996332452,3,124.353367108154,1,4.85309121491736,642,1,7.11399984359741,34.9300003051758,0.0333539992570877,0.0284418649971485,0.000461999996332452,120.357498168945,-92.8394,26.1405,21.6568851378997,66,66,94,117,128,94,0,8040,1.1727079215133,26,-93,99999,99999,2026-05-21 10:36:23.001125,642,1.0332,0,"aoml_navis",1030.27117739536
"4903910",1,0,1,67,1,-27,1,0.000487999990582466,3,124.722631741333,1,4.85303418428339,644,1,7.08400011062622,34.9280014038086,0.0333539992570877,0.0284418649971485,0.000487999990582466,120.714897155762,-92.8394,26.1405,21.6568851378997,66,66,94,117,128,94,0,8040,1.1727079215133,26,-93,99999,99999,2026-05-21 10:36:23.001125,644,1.0332,0,"aoml_navis",1030.28328467015
"4903910",1,0,1,67,1,-27,1,0.000461999996332452,3,125.170423736572,1,4.85298293881092,646,1,7.06699991226196,34.9269981384277,0.0333539992570877,0.0284418649971485,0.000461999996332452,121.148300170898,-92.8394,26.1405,21.6568851378997,66,66,94,117,128,94,0,8040,1.1727079215133,26,-93,99999,99999,2026-05-21 10:36:23.001125,646,1.0332,0,"aoml_navis",1030.29416403123
"4903910",1,0,1,68,1,-26,1,0.000461999996332452,3,125.626476791382,1,4.85293103151318,648,1,7.04400014877319,34.9249992370605,0.0353160016238689,0.0301149170845747,0.000461999996332452,121.589698791504,-92.8394,26.1405,21.6568851378997,66,66,94,117,128,94,0,8040,1.1727079215133,26,-93,99999,99999,2026-05-21 10:36:23.001125,648,1.0332,0,"aoml_navis",1030.30518413136
"4903910",1,0,1,68,1,-26,1,0.000567000010050833,3,125.806462261963,1,4.85286541327415,650,1,7.0019998550415,34.9230003356934,0.0353160016238689,0.0301149170845747,0.000567000010050833,121.763900756836,-92.8394,26.1405,21.6568851378997,66,66,94,117,128,94,0,8040,1.1727079215133,26,-93,99999,99999,2026-05-21 10:36:23.001125,650,1.0332,0,"aoml_navis",1030.31911544948
"4903910",1,0,1,68,1,-26,1,0.000510999991092831,3,125.944598529053,1,4.85281629291355,652,1,6.99300003051758,34.9230003356934,0.0353160016238689,0.0301149170845747,0.000510999991092831,121.897598266602,-92.8394,26.1405,21.6568851378997,66,66,94,117,128,94,0,8040,1.1727079215133,26,-93,99999,99999,2026-05-21 10:36:23.001125,652,1.0332,0,"aoml_navis",1030.32954437228
"4903910",1,0,1,68,1,-26,1,0.000433999986853451,3,126.111254370117,1,4.85275563465569,654,1,6.96799993515015,34.9230003356934,0.0353160016238689,0.0301149170845747,0.000433999986853451,122.058898925781,-92.8394,26.1405,21.6568851378997,66,66,94,117,128,94,0,8040,1.1727079215133,26,-93,99999,99999,2026-05-21 10:36:23.001125,654,1.0332,0,"aoml_navis",1030.34242323944
"4903910",1,0,1,70,1,-24,1,0.00047999998787418,3,126.075198944092,1,4.85271237417446,656,1,6.96199989318848,34.9220008850098,0.0392399989068508,0.0334610193967819,0.00047999998787418,122.024002075195,-92.8394,26.1405,21.6568851378997,66,66,94,117,128,94,0,8040,1.1727079215133,26,-93,99999,99999,2026-05-21 10:36:23.001125,656,1.0332,0,"aoml_navis",1030.35160843436
"4903910",1,0,1,69,1,-25,1,0.000459000002592802,3,126.260757476807,1,4.85266606601829,658,1,6.96199989318848,34.9230003356934,0.0372780002653599,0.0317879654467106,0.000459000002592802,122.203598022461,-92.8394,26.1405,21.6568851378997,66,66,94,117,128,94,0,8040,1.1727079215133,26,-93,99999,99999,2026-05-21 10:36:23.001125,658,1.0332,0,"aoml_navis",1030.36144090224
"4903910",1,0,1,67,1,-27,1,0.000494999985676259,3,126.468947213745,1,4.85260903421549,660,1,6.94199991226196,34.9230003356934,0.0333539992570877,0.0284418649971485,0.000494999985676259,122.405097961426,-92.8394,26.1405,21.6568851378997,66,66,94,117,128,94,0,8040,1.1727079215133,26,-93,99999,99999,2026-05-21 10:36:23.001125,660,1.0332,0,"aoml_navis",1030.37355054678
"4903910",1,0,1,66,1,-28,1,0.000559000007342547,3,126.838937054443,1,4.85255273659402,662,1,6.9229998588562,34.9230003356934,0.0313920006155968,0.0267688147723675,0.000559000007342547,122.763198852539,-92.8394,26.1405,21.6568851378997,66,66,94,117,128,94,0,8040,1.1727079215133,26,-93,99999,99999,2026-05-21 10:36:23.001125,662,1.0332,0,"aoml_navis",1030.38550458072
"4903910",1,0,1,66,1,-28,1,0.000453999993624166,3,127.087320629883,1,4.85250239003672,664,1,6.90199995040894,34.9210014343262,0.0313920006155968,0.0267688147723675,0.000453999993624166,123.003601074219,-92.8394,26.1405,21.6568851378997,66,66,94,117,128,94,0,8040,1.1727079215133,26,-93,99999,99999,2026-05-21 10:36:23.001125,664,1.0332,0,"aoml_navis",1030.3961952221
"4903910",1,0,1,70,1,-24,1,0.000464000011561438,3,127.337974420166,1,4.85244899233279,666,1,6.88700008392334,34.9210014343262,0.0392399989068508,0.0334610193967819,0.000464000011561438,123.246200561523,-92.8394,26.1405,21.6568851378997,66,66,94,117,128,94,0,8040,1.1727079215133,26,-93,99999,99999,2026-05-21 10:36:23.001125,666,1.0332,0,"aoml_navis",1030.40753398961
"4903910",1,0,1,69,1,-25,1,0.00044900001375936,3,127.718503417969,1,4.85239571759492,668,1,6.86700010299683,34.9199981689453,0.0372780002653599,0.0317879654467106,0.00044900001375936,123.614501953125,-92.8394,26.1405,21.6568851378997,66,66,94,117,128,94,0,8040,1.1727079215133,26,-93,99999,99999,2026-05-21 10:36:23.001125,668,1.0332,0,"aoml_navis",1030.41884689451
"4903910",1,0,1,69,1,-25,1,0.000532999983988702,3,127.962236206055,1,4.85234101085318,670,1,6.84499979019165,34.9189987182617,0.0372780002653599,0.0317879654467106,0.000532999983988702,123.850402832031,-92.8394,26.1405,21.6568851378997,66,66,94,117,128,94,0,8040,1.1727079215133,26,-93,99999,99999,2026-05-21 10:36:23.001125,670,1.0332,0,"aoml_navis",1030.43046414433
"4903910",1,0,1,70,1,-24,1,0.000433999986853451,3,128.256181732178,1,4.85229347917988,672,1,6.83300018310547,34.9179992675781,0.0392399989068508,0.0334610193967819,0.000433999986853451,124.134902954102,-92.8394,26.1405,21.6568851378997,66,66,94,117,128,94,0,8040,1.1727079215133,26,-93,99999,99999,2026-05-21 10:36:23.001125,672,1.0332,0,"aoml_navis",1030.44055794521
"4903910",1,0,1,68,1,-26,1,0.000438999995822087,3,128.550016900635,1,4.85224011832299,674,1,6.81799983978271,34.9179992675781,0.0353160016238689,0.0301149170845747,0.000438999995822087,124.419296264648,-92.8394,26.1405,21.6568851378997,66,66,94,117,128,94,0,8040,1.1727079215133,26,-93,99999,99999,2026-05-21 10:36:23.001125,674,1.0332,0,"aoml_navis",1030.45188986403
"4903910",1,0,1,70,1,-24,1,0.000426000013248995,3,128.760792160034,1,4.8521852501088,676.200012207031,1,6.81199979782104,34.9189987182617,0.0392399989068508,0.0334610193967819,0.000426000013248995,124.62329864502,-92.8394,26.1405,21.6568851378997,66,66,94,117,128,94,0,8040,1.1727079215133,26,-93,99999,99999,2026-05-21 10:36:23.001125,676.200012207031,1.0332,0,"aoml_navis",1030.46354215101
"4903910",1,0,1,68,1,-26,1,0.000472000014269724,3,129.083872109985,1,4.85214831986136,678,1,6.81400012969971,34.9189987182617,0.0353160016238689,0.0301149170845747,0.000472000014269724,124.935997009277,-92.8394,26.1405,21.6568851378997,66,66,94,117,128,94,0,8040,1.1727079215133,26,-93,99999,99999,2026-05-21 10:36:23.001125,678,1.0332,0,"aoml_navis",1030.47138512511
"4903910",1,0,1,68,1,-26,1,0.000538000022061169,3,128.972805001831,1,4.85209997477732,680,1,6.80600023269653,34.9189987182617,0.0353160016238689,0.0301149170845747,0.000538000022061169,124.828498840332,-92.8394,26.1405,21.6568851378997,66,66,94,117,128,94,0,8040,1.1727079215133,26,-93,99999,99999,2026-05-21 10:36:23.001125,680,1.0332,0,"aoml_navis",1030.48165247862
"4903910",1,0,1,68,1,-26,1,0.000505000003613532,3,129.004422473145,1,4.85204662770319,682,1,6.79099988937378,34.9189987182617,0.0353160016238689,0.0301149170845747,0.000505000003613532,124.859100341797,-92.8394,26.1405,21.6568851378997,66,66,94,117,128,94,0,8040,1.1727079215133,26,-93,99999,99999,2026-05-21 10:36:23.001125,682,1.0332,0,"aoml_navis",1030.49298237409
"4903910",1,0,1,68,1,-26,1,0.000474000000394881,3,129.204761050415,1,4.851996860598,684,1,6.7810001373291,34.9189987182617,0.0353160016238689,0.0301149170845747,0.000474000000394881,125.053001403809,-92.8394,26.1405,21.6568851378997,66,66,94,117,128,94,0,8040,1.1727079215133,26,-93,99999,99999,2026-05-21 10:36:23.001125,684,1.0332,0,"aoml_navis",1030.50355217743
"4903910",1,0,1,68,1,-26,1,0.000509999983478338,3,129.408197525024,1,4.85194638282356,686,1,6.76999998092651,34.9189987182617,0.0353160016238689,0.0301149170845747,0.000509999983478338,125.249900817871,-92.8394,26.1405,21.6568851378997,66,66,94,117,128,94,0,8040,1.1727079215133,26,-93,99999,99999,2026-05-21 10:36:23.001125,686,1.0332,0,"aoml_navis",1030.51427313801
"4903910",1,0,1,67,1,-27,1,0.00044599999091588,3,129.612461682129,1,4.85189234173112,688,1,6.75400018692017,34.9189987182617,0.0333539992570877,0.0284418649971485,0.00044599999091588,125.447601318359,-92.8394,26.1405,21.6568851378997,66,66,94,117,128,94,0,8040,1.1727079215133,26,-93,99999,99999,2026-05-21 10:36:23.001125,688,1.0332,0,"aoml_navis",1030.52575115796
"4903910",1,0,1,68,1,-26,1,0.000453999993624166,3,129.804428842163,1,4.85183973520155,690,1,6.73999977111816,34.9189987182617,0.0353160016238689,0.0301149170845747,0.000453999993624166,125.633399963379,-92.8394,26.1405,21.6568851378997,66,66,94,117,128,94,0,8040,1.1727079215133,26,-93,99999,99999,2026-05-21 10:36:23.001125,690,1.0332,0,"aoml_navis",1030.53692473053
"4903910",1,0,1,68,1,-26,1,0.000444000004790723,3,130.092895898437,1,4.85177930219126,692,1,6.71500015258789,34.9189987182617,0.0353160016238689,0.0301149170845747,0.000444000004790723,125.91259765625,-92.8394,26.1405,21.6568851378997,66,66,94,117,128,94,0,8040,1.1727079215133,26,-93,99999,99999,2026-05-21 10:36:23.001125,692,1.0332,0,"aoml_navis",1030.54976093859
"4903910",1,0,1,69,1,-25,1,0.000472000014269724,3,130.181134735107,1,4.85171889293538,694,1,6.69000005722046,34.9189987182617,0.0372780002653599,0.0317879654467106,0.000472000014269724,125.998001098633,-92.8394,26.1405,21.6568851378997,66,66,94,117,128,94,0,8040,1.1727079215133,26,-93,99999,99999,2026-05-21 10:36:23.001125,694,1.0332,0,"aoml_navis",1030.5625924207
"4903910",1,0,1,68,1,-26,1,0.000426000013248995,3,130.577775952148,1,4.85166645521521,696,1,6.6710000038147,34.9179992675781,0.0353160016238689,0.0301149170845747,0.000426000013248995,126.381896972656,-92.8394,26.1405,21.6568851378997,66,66,94,117,128,94,0,8040,1.1727079215133,26,-93,99999,99999,2026-05-21 10:36:23.001125,696,1.0332,0,"aoml_navis",1030.57373093432
"4903910",1,0,1,67,1,-27,1,0.00044599999091588,3,131.188298208618,1,4.85159687463491,698,1,6.63299989700317,34.9179992675781,0.0333539992570877,0.0284418649971485,0.00044599999091588,126.972801208496,-92.8394,26.1405,21.6568851378997,66,66,94,117,128,94,0,8040,1.1727079215133,26,-93,99999,99999,2026-05-21 10:36:23.001125,698,1.0332,0,"aoml_navis",1030.58851120565
"4903910",1,0,1,68,1,-26,1,0.000474000000394881,3,131.539684899902,1,4.85153952598132,700,1,6.60699987411499,34.9169998168945,0.0353160016238689,0.0301149170845747,0.000474000000394881,127.312896728516,-92.8394,26.1405,21.6568851378997,66,66,94,117,128,94,0,8040,1.1727079215133,26,-93,99999,99999,2026-05-21 10:36:23.001125,700,1.0332,0,"aoml_navis",1030.60069349608
"4903910",1,0,1,68,1,-26,1,0.000524999981280416,3,132.004006896973,1,4.85148149777009,702,1,6.57999992370605,34.9160003662109,0.0353160016238689,0.0301149170845747,0.000524999981280416,127.762298583984,-92.8394,26.1405,21.6568851378997,66,66,94,117,128,94,0,8040,1.1727079215133,26,-93,99999,99999,2026-05-21 10:36:23.001125,702,1.0332,0,"aoml_navis",1030.61302043472
"4903910",1,0,1,68,1,-26,1,0.00052300002425909,3,132.450860852051,1,4.85142208867196,704,1,6.55100011825562,34.9150009155273,0.0353160016238689,0.0301149170845747,0.00052300002425909,128.194793701172,-92.8394,26.1405,21.6568851378997,66,66,94,117,128,94,0,8040,1.1727079215133,26,-93,99999,99999,2026-05-21 10:36:23.001125,704,1.0332,0,"aoml_navis",1030.6256410208
"4903910",1,0,1,69,1,-25,1,0.000464000011561438,3,132.817957745361,1,4.85135955842643,706,1,6.52799987792969,34.9160003662109,0.0372780002653599,0.0317879654467106,0.000464000011561438,128.550094604492,-92.8394,26.1405,21.6568851378997,66,66,94,117,128,94,0,8040,1.1727079215133,26,-93,99999,99999,2026-05-21 10:36:23.001125,706,1.0332,0,"aoml_navis",1030.63892498246
"4903910",1,0,1,69,1,-25,1,0.000436000002082437,3,133.174003106689,1,4.85130440283473,708.099975585938,1,6.50799989700317,34.9150009155273,0.0372780002653599,0.0317879654467106,0.000436000002082437,128.89469909668,-92.8394,26.1405,21.6568851378997,66,66,94,117,128,94,0,8040,1.1727079215133,26,-93,99999,99999,2026-05-21 10:36:23.001125,708.099975585938,1.0332,0,"aoml_navis",1030.65064255263
"4903910",1,0,1,68,1,-26,1,0.00106000003870577,3,133.312044781494,1,4.85126822581585,709.5,1,6.49900007247925,34.9150009155273,0.0353160016238689,0.0301149170845747,0.00106000003870577,129.028305053711,-92.8394,26.1405,21.6568851378997,66,66,94,117,128,94,0,8040,1.1727079215133,26,-93,99999,99999,2026-05-21 10:36:23.001125,709.5,1.0332,0,"aoml_navis",1030.65832835065
"4903910",2,-5.11636349506143,4,79,1,-15,1,0.000699999975040555,1,190.596470526123,1,4.88518659664647,2.09999990463257,1,28.3819999694824,36.6279983520508,0.0568980015814304,0.434993267059326,0.000699999975040555,184.47200012207,-93.0494,25.8639,23.8427951423599,66,66,94,117,128,94,-6,8040,1.1727079215133,26,-93,99999,99999,2026-05-31 13:59:10.00148,2.09999990463257,1.0332,0,"aoml_navis",1023.50235780806
"4903910",2,-5.11636349506143,4,77,1,-17,1,0.000775999971665442,1,190.651223693848,1,4.88514466582612,4,1,28.3799991607666,36.6279983520508,0.0529740005731583,0.434993267059326,0.000775999971665442,184.524993896484,-93.0494,25.8639,23.8427951423599,66,66,94,117,128,94,-6,8040,1.1727079215133,26,-93,99999,99999,2026-05-31 13:59:10.00148,4,1.0332,0,"aoml_navis",1023.51114286898
"4903910",2,-5.11636349506143,4,79,1,-15,1,0.000697000010404736,1,190.683258947754,1,4.88510070005167,6,1,28.3780002593994,36.6279983520508,0.0568980015814304,0.434993267059326,0.000697000010404736,184.555999755859,-93.0494,25.8639,23.8427951423599,66,66,94,117,128,94,-6,8040,1.1727079215133,26,-93,99999,99999,2026-05-31 13:59:10.00148,6,1.0332,0,"aoml_navis",1023.52035444164
"4903910",2,-5.11636349506143,4,82,1,-12,1,0.000674000009894371,1,190.617438482666,1,4.88505515163974,8,1,28.375,36.6279983520508,0.0627840012311935,0.434993267059326,0.000674000009894371,184.492294311523,-93.0494,25.8639,23.8427951423599,66,66,94,117,128,94,-6,8040,1.1727079215133,26,-93,99999,99999,2026-05-31 13:59:10.00148,8,1.0332,0,"aoml_navis",1023.52989777847
"4903910",2,-5.11636349506143,4,82,1,-12,1,0.000697000010404736,1,190.634796166992,1,4.88501593619838,10,1,28.3759994506836,36.6279983520508,0.0627840012311935,0.434993267059326,0.000697000010404736,184.509094238281,-93.0494,25.8639,23.8427951423599,66,66,94,117,128,94,-6,8040,1.1727079215133,26,-93,99999,99999,2026-05-31 13:59:10.00148,10,1.0332,0,"aoml_navis",1023.5381143692
"4903910",2,-5.11636349506143,4,83,1,-11,1,0.000990999978967011,1,190.570126574707,1,4.88497312438561,12,1,28.3770008087158,36.6290016174316,0.0647459998726845,0.434993267059326,0.000990999978967011,184.446502685547,-93.0494,25.8639,23.8427951423599,66,66,94,117,128,94,-6,8040,1.1727079215133,26,-93,99999,99999,2026-05-31 13:59:10.00148,12,1.0332,0,"aoml_navis",1023.54708463803
"4903910",2,-5.11636349506143,4,84,1,-10,1,0.000686999992467463,1,190.555764312744,1,4.88493233187311,14,1,28.3770008087158,36.6290016174316,0.0667079985141754,0.434993267059326,0.000686999992467463,184.432601928711,-93.0494,25.8639,23.8427951423599,66,66,94,117,128,94,-6,8040,1.1727079215133,26,-93,99999,99999,2026-05-31 13:59:10.00148,14,1.0332,0,"aoml_navis",1023.5556319534
"4903910",2,-5.11636349506143,4,83,1,-11,1,0.000697000010404736,1,190.69823605957,1,4.88488722698578,16,1,28.3719997406006,36.6279983520508,0.0647459998726845,0.434993267059326,0.000697000010404736,184.570495605469,-93.0494,25.8639,23.8427951423599,66,66,94,117,128,94,-6,8040,1.1727079215133,26,-93,99999,99999,2026-05-31 13:59:10.00148,16,1.0332,0,"aoml_navis",1023.56508301324
"4903910",2,-5.11636349506143,4,82,1,-12,1,0.000655999989248812,1,190.566721252441,1,4.88483937178966,18,1,28.363000869751,36.6259994506836,0.0627840012311935,0.434993267059326,0.000655999989248812,184.443206787109,-93.0494,25.8639,23.8427951423599,66,66,94,117,128,94,-6,8040,1.1727079215133,26,-93,99999,99999,2026-05-31 13:59:10.00148,18,1.0332,0,"aoml_navis",1023.57511055029
"4903910",2,-5.11636349506143,4,86,1,-8,1,0.000735000008717179,1,190.671277258301,1,4.88479580728817,20.1000003814697,1,28.3579998016357,36.6240005493164,0.0706320032477379,0.434993267059326,0.000735000008717179,184.544403076172,-93.0494,25.8639,23.8427951423599,66,66,94,117,128,94,-6,8040,1.1727079215133,26,-93,99999,99999,2026-05-31 13:59:10.00148,20.1000003814697,1.0332,0,"aoml_navis",1023.58423918968
"4903910",2,-5.11636349506143,4,88,1,-6,1,0.000682000012602657,1,190.70794753418,1,4.88474885314831,22,1,28.3460006713867,36.6209983825684,0.0745560005307198,0.434993267059326,0.000682000012602657,184.579895019531,-93.0494,25.8639,23.8427951423599,66,66,94,117,128,94,-6,8040,1.1727079215133,26,-93,99999,99999,2026-05-31 13:59:10.00148,22,1.0332,0,"aoml_navis",1023.59407828663
"4903910",2,-4.26363624588452,4,89,1,-5,1,0.000737999973352998,1,191.345026574707,1,4.88461780308521,24,1,28.2730007171631,36.6139984130859,0.0765179991722107,0.434993267059326,0.000737999973352998,185.196502685547,-93.0494,25.8639,23.8427951423599,66,66,94,117,128,94,-5,8040,1.1727079215133,26,-93,99999,99999,2026-05-31 13:59:10.00148,24,1.0332,0,"aoml_navis",1023.6215404288
"4903910",2,-1.70545449835381,4,92,1,-2,1,0.000701999990269542,1,191.940973736572,1,4.88441950396293,26,1,28.1800003051758,36.617000579834,0.0824040025472641,0.434993267059326,0.000701999990269542,185.773300170898,-93.0494,25.8639,23.8427951423599,66,66,94,117,128,94,-2,8040,1.1727079215133,26,-93,99999,99999,2026-05-31 13:59:10.00148,26,1.0332,0,"aoml_navis",1023.66309772191
"4903910",2,-0.852727249176905,4,93,1,-1,1,0.000709999992977828,1,192.872203253174,1,4.88421948309162,28.1000003814697,1,28.0869998931885,36.6199989318848,0.084366001188755,0.434993267059326,0.000709999992977828,186.674606323242,-93.0494,25.8639,23.8427951423599,66,66,94,117,128,94,-1,8040,1.1727079215133,26,-93,99999,99999,2026-05-31 13:59:10.00148,28.1000003814697,1.0332,0,"aoml_navis",1023.70501925829
"4903910",2,0,1,94,1,0,1,0.000714999972842634,1,194.927851263428,1,4.88379153868276,29.6000003814697,1,27.8519992828369,36.6279983520508,0.086327999830246,0.434993267059326,0.000714999972842634,188.664199829102,-93.0494,25.8639,23.8427951423599,66,66,94,117,128,94,0,8040,1.1727079215133,26,-93,99999,99999,2026-05-31 13:59:10.00148,29.6000003814697,1.0332,0,"aoml_navis",1023.79472186657
"4903910",2,2.55818174753071,1,97,1,3,1,0.000714999972842634,1,202.590788049316,1,4.88199642446802,32,1,26.753999710083,36.6419982910156,0.0922140032052994,0.434993267059326,0.000714999972842634,196.080902099609,-93.0494,25.8639,23.8427951423599,66,66,94,117,128,94,3,8040,1.1727079215133,26,-93,99999,99999,2026-05-31 13:59:10.00148,32,1.0332,0,"aoml_navis",1024.17117205178
"4903910",2,0.852727249176905,1,95,1,1,1,0.00076600001193583,1,202.949718475342,1,4.88160185670727,34,1,26.5639991760254,36.6599998474121,0.0882899984717369,0.434993267059326,0.00076600001193583,196.428298950195,-93.0494,25.8639,23.8427951423599,66,66,94,117,128,94,1,8040,1.1727079215133,26,-93,99999,99999,2026-05-31 13:59:10.00148,34,1.0332,0,"aoml_navis",1024.25395326537
"4903910",2,5.96909074423833,1,101,4,7,4,0.000691999972332269,1,204.241628375244,1,4.88114421486046,36,1,26.2980003356934,36.6640014648438,0.100061997771263,0.434993267059326,0.000691999972332269,197.678695678711,-93.0494,25.8639,23.8427951423599,66,66,94,117,128,94,7,8040,1.1727079215133,26,-93,99999,99999,2026-05-31 13:59:10.00148,36,1.0332,0,"aoml_navis",1024.34998432902
"4903910",2,4.26363624588452,1,99,1,5,1,0.000693999987561256,1,205.290436102295,1,4.8808064031859,38,1,26.1030006408691,36.6650009155273,0.0961380004882812,0.434993267059326,0.000693999987561256,198.693801879883,-93.0494,25.8639,23.8427951423599,66,66,94,117,128,94,5,8040,1.1727079215133,26,-93,99999,99999,2026-05-31 13:59:10.00148,38,1.0332,0,"aoml_navis",1024.42088191334
"4903910",2,9.37999974094595,1,105,4,11,4,0.000624999986030161,1,206.060890264893,1,4.88065876969314,40,1,26.0149993896484,36.6580009460449,0.107909999787807,0.434993267059326,0.000624999986030161,199.439498901367,-93.0494,25.8639,23.8427951423599,66,66,94,117,128,94,11,8040,1.1727079215133,26,-93,99999,99999,2026-05-31 13:59:10.00148,40,1.0332,0,"aoml_navis",1024.45186929435
"4903910",2,5.96909074423833,1,101,4,7,4,0.000668999971821904,1,207.692733306885,1,4.88049295099174,42,1,25.9050006866455,36.6469993591309,0.100061997771263,0.434993267059326,0.000668999971821904,201.018905639648,-93.0494,25.8639,23.8427951423599,66,66,94,117,128,94,7,8040,1.1727079215133,26,-93,99999,99999,2026-05-31 13:59:10.00148,42,1.0332,0,"aoml_navis",1024.48667587646
"4903910",2,5.96909074423833,1,101,4,7,4,0.000659000012092292,1,208.610420361328,1,4.88028055131293,44,1,25.7609996795654,36.6349983215332,0.100061997771263,0.434993267059326,0.000659000012092292,201.907104492188,-93.0494,25.8639,23.8427951423599,66,66,94,117,128,94,7,8040,1.1727079215133,26,-93,99999,99999,2026-05-31 13:59:10.00148,44,1.0332,0,"aoml_navis",1024.53126360837
"4903910",2,8.52727249176905,1,104,4,10,4,0.000686999992467463,1,209.199746063232,1,4.88000201679044,46,1,25.6009998321533,36.6349983215332,0.105948001146317,0.434993267059326,0.000686999992467463,202.477493286133,-93.0494,25.8639,23.8427951423599,66,66,94,117,128,94,10,8040,1.1727079215133,26,-93,99999,99999,2026-05-31 13:59:10.00148,46,1.0332,0,"aoml_navis",1024.58974049533
"4903910",2,12.7909087376536,1,109,4,15,4,0.000730000028852373,1,209.217214105225,1,4.87978150778684,48,1,25.503999710083,36.6450004577637,0.115758001804352,0.434993267059326,0.000730000028852373,202.494400024414,-93.0494,25.8639,23.8427951423599,66,66,94,117,128,94,15,8040,1.1727079215133,26,-93,99999,99999,2026-05-31 13:59:10.00148,48,1.0332,0,"aoml_navis",1024.63603995821
"4903910",2,13.6436359868305,1,110,4,16,4,0.000670999987050891,1,208.999415368652,1,4.87951744943505,50,1,25.386999130249,36.6590003967285,0.117720000445843,0.434993267059326,0.000670999987050891,202.283599853516,-93.0494,25.8639,23.8427951423599,66,66,94,117,128,94,16,8040,1.1727079215133,26,-93,99999,99999,2026-05-31 13:59:10.00148,50,1.0332,0,"aoml_navis",1024.69148882312
"4903910",2,16.2018177343612,1,113,4,19,4,0.000638000026810914,1,208.753506958008,1,4.87920357532344,52,1,25.1989994049072,36.6580009460449,0.123605996370316,0.434993267059326,0.000638000026810914,202.045593261719,-93.0494,25.8639,23.8427951423599,66,66,94,117,128,94,19,8040,1.1727079215133,26,-93,99999,99999,2026-05-31 13:59:10.00148,52,1.0332,0,"aoml_navis",1024.75740616512
"4903910",2,20.4654539802457,1,118,4,24,4,0.000684000027831644,1,208.16613616333,1,4.87897646218323,54,1,25.0669994354248,36.6559982299805,0.133415997028351,0.434993267059326,0.000684000027831644,201.477096557617,-93.0494,25.8639,23.8427951423599,66,66,94,117,128,94,24,8040,1.1727079215133,26,-93,99999,99999,2026-05-31 13:59:10.00148,54,1.0332,0,"aoml_navis",1024.8051079473
"4903910",2,19.6127267310688,1,117,4,23,4,0.000661000027321279,1,207.292576409912,1,4.87882194682487,56,1,25.0090007781982,36.6640014648438,0.13145400583744,0.434993267059326,0.000661000027321279,200.631607055664,-93.0494,25.8639,23.8427951423599,66,66,94,117,128,94,23,8040,1.1727079215133,26,-93,99999,99999,2026-05-31 13:59:10.00148,56,1.0332,0,"aoml_navis",1024.83756416936
"4903910",2,25.5818174753071,1,124,4,30,4,0.000624999986030161,1,206.692183410645,1,4.87860447828972,58,1,24.882999420166,36.6619987487793,0.145188003778458,0.434993267059326,0.000624999986030161,200.050506591797,-93.0494,25.8639,23.8427951423599,66,66,94,117,128,94,30,8040,1.1727079215133,26,-93,99999,99999,2026-05-31 13:59:10.00148,58,1.0332,0,"aoml_navis",1024.88324729961
"4903910",2,27.287271973661,1,126,4,32,4,0.000640999991446733,1,206.451130737305,1,4.87843637144991,60,1,24.80299949646,36.6650009155273,0.14911200106144,0.434993267059326,0.000640999991446733,199.817199707031,-93.0494,25.8639,23.8427951423599,66,66,94,117,128,94,32,8040,1.1727079215133,26,-93,99999,99999,2026-05-31 13:59:10.00148,60,1.0332,0,"aoml_navis",1024.91856391968
"4903910",2,26.434544724484,1,125,4,31,4,0.000663999991957098,1,205.787297845459,1,4.87829547281066,62,1,24.753999710083,36.6730003356934,0.147149994969368,0.434993267059326,0.000663999991957098,199.174697875977,-93.0494,25.8639,23.8427951423599,66,66,94,117,128,94,31,8040,1.1727079215133,26,-93,99999,99999,2026-05-31 13:59:10.00148,62,1.0332,0,"aoml_navis",1024.94816639698
"4903910",2,33.2563627178993,1,133,4,39,4,0.00068900000769645,1,204.96343057251,1,4.87817116595101,64,1,24.6989994049072,36.673999786377,0.162845999002457,0.434993267059326,0.00068900000769645,198.377304077148,-93.0494,25.8639,23.8427951423599,66,66,94,117,128,94,39,8040,1.1727079215133,26,-93,99999,99999,2026-05-31 13:59:10.00148,64,1.0332,0,"aoml_navis",1024.97428439972
"4903910",2,38.3727262129607,1,139,4,45,4,0.000722000026144087,1,204.438869055176,1,4.87803824770157,66,1,24.632999420166,36.6730003356934,0.174618005752563,0.434993267059326,0.000722000026144087,197.869598388672,-93.0494,25.8639,23.8427951423599,66,66,94,117,128,94,45,8040,1.1727079215133,26,-93,99999,99999,2026-05-31 13:59:10.00148,66,1.0332,0,"aoml_navis",1025.00221320649
"4903910",2,40.0781807113145,1,141,4,47,4,0.000655999989248812,1,204.438553747559,1,4.87792570103765,68,1,24.576000213623,36.6699981689453,0.178542003035545,0.434993267059326,0.000655999989248812,197.869293212891,-93.0494,25.8639,23.8427951423599,66,66,94,117,128,94,47,8040,1.1727079215133,26,-93,99999,99999,2026-05-31 13:59:10.00148,68,1.0332,0,"aoml_navis",1025.02586272201
"4903910",2,49.4581804522605,1,152,4,58,4,0.000699000025633723,1,204.524727319336,1,4.87777003879648,70,1,24.5139999389648,36.6769981384277,0.200123995542526,0.434993267059326,0.000699000025633723,197.952697753906,-93.0494,25.8639,23.8427951423599,66,66,94,117,128,94,58,8040,1.1727079215133,26,-93,99999,99999,2026-05-31 13:59:10.00148,70,1.0332,0,"aoml_navis",1025.05857394493
"4903910",2,46.0472714555529,1,148,4,54,4,0.000658000004477799,1,203.846532165527,1,4.87765700012735,72,1,24.4540004730225,36.6730003356934,0.192276000976562,0.434993267059326,0.000658000004477799,197.296295166016,-93.0494,25.8639,23.8427951423599,66,66,94,117,128,94,54,8040,1.1727079215133,26,-93,99999,99999,2026-05-31 13:59:10.00148,72,1.0332,0,"aoml_navis",1025.08232946053
"4903910",2,51.1636349506143,1,154,4,60,4,0.000691999972332269,1,202.796179431152,1,4.87749883051652,74,1,24.3600006103516,36.6679992675781,0.204047992825508,0.434993267059326,0.000691999972332269,196.279693603516,-93.0494,25.8639,23.8427951423599,66,66,94,117,128,94,60,8040,1.1727079215133,26,-93,99999,99999,2026-05-31 13:59:10.00148,74,1.0332,0,"aoml_navis",1025.11557126719
"4903910",2,60.5436346915602,1,165,4,71,4,0.000655999989248812,1,201.593123217773,1,4.87737881691088,76,1,24.3199996948242,36.673999786377,0.22563000023365,0.434993267059326,0.000655999989248812,195.115295410156,-93.0494,25.8639,23.8427951423599,66,66,94,117,128,94,71,8040,1.1727079215133,26,-93,99999,99999,2026-05-31 13:59:10.00148,76,1.0332,0,"aoml_navis",1025.1407954338
"4903910",2,67.3654526849755,1,173,4,79,4,0.000661000027321279,1,200.621297845459,1,4.87729405881834,78,1,24.2970008850098,36.6769981384277,0.241326004266739,0.434993267059326,0.000661000027321279,194.174697875977,-93.0494,25.8639,23.8427951423599,66,66,94,117,128,94,79,8040,1.1727079215133,26,-93,99999,99999,2026-05-31 13:59:10.00148,78,1.0332,0,"aoml_navis",1025.15861043068
"4903910",2,93.7999974094595,1,204,4,110,4,0.000645000021904707,1,199.098882312012,1,4.87717649507448,80,1,24.2310009002686,36.6720008850098,0.302148014307022,0.434993267059326,0.000645000021904707,192.701202392578,-93.0494,25.8639,23.8427951423599,66,66,94,117,128,94,110,8040,1.1727079215133,26,-93,99999,99999,2026-05-31 13:59:10.00148,80,1.0332,0,"aoml_navis",1025.1833217538
"4903910",2,118.52908763559,4,233,4,139,4,0.000653000024612993,1,198.133867584228,1,4.87706201456194,82,1,24.1620006561279,36.6650009155273,0.359046012163162,0.434993267059326,0.000653000024612993,191.767196655273,-93.0494,25.8639,23.8427951423599,66,66,94,117,128,94,139,8040,1.1727079215133,26,-93,99999,99999,2026-05-31 13:59:10.00148,82,1.0332,0,"aoml_navis",1025.20738614169
"4903910",2,115.970905888059,4,230,4,136,4,0.000635000003967434,1,196.90807769165,1,4.87699825284941,84,1,24.1410007476807,36.6629981994629,0.353159993886948,0.434993267059326,0.000635000003967434,190.580795288086,-93.0494,25.8639,23.8427951423599,66,66,94,117,128,94,136,8040,1.1727079215133,26,-93,99999,99999,2026-05-31 13:59:10.00148,84,1.0332,0,"aoml_navis",1025.22078966888
"4903910",2,166.281813589496,4,289,4,195,4,0.000599000020883977,1,195.635701098633,1,4.87686726186909,86,1,24.0830001831055,36.6650009155273,0.468917995691299,0.434993267059326,0.000599000020883977,189.349304199219,-93.0494,25.8639,23.8427951423599,66,66,94,117,128,94,195,8040,1.1727079215133,26,-93,99999,99999,2026-05-31 13:59:10.00148,86,1.0332,0,"aoml_navis",1025.24832674731
"4903910",2,196.979994559865,4,325,4,231,4,0.000666000007186085,1,194.634315637207,1,4.87677000640698,88,1,24.0410003662109,36.6640014648438,0.539550006389618,0.434993267059326,0.000666000007186085,188.380096435547,-93.0494,25.8639,23.8427951423599,66,66,94,117,128,94,231,8040,1.1727079215133,26,-93,99999,99999,2026-05-31 13:59:10.00148,88,1.0332,0,"aoml_navis",1025.26877286219
"4903910",2,193.569085563157,4,321,4,227,4,0.000586999987717718,1,194.245730529785,1,4.87666553154389,90,1,24.003999710083,36.6669998168945,0.531701982021332,0.434993267059326,0.000586999987717718,188.003997802734,-93.0494,25.8639,23.8427951423599,66,66,94,117,128,94,227,8040,1.1727079215133,26,-93,99999,99999,2026-05-31 13:59:10.00148,90,1.0332,0,"aoml_navis",1025.29073762766
"4903910",2,184.189085822211,4,310,4,216,4,0.000599000020883977,1,193.12016116333,1,4.87657759891911,92,1,23.9710006713867,36.6669998168945,0.51011997461319,0.434993267059326,0.000599000020883977,186.914596557617,-93.0494,25.8639,23.8427951423599,66,66,94,117,128,94,216,8040,1.1727079215133,26,-93,99999,99999,2026-05-31 13:59:10.00148,92,1.0332,0,"aoml_navis",1025.30922528706
"4903910",2,168.839995337027,4,292,4,198,4,0.000592000025790185,1,191.704571850586,1,4.8764494634076,94,1,23.8969993591309,36.6619987487793,0.474804013967514,0.404878318309784,0.000592000025790185,185.544494628906,-93.0494,25.8639,23.8427951423599,66,66,94,117,128,94,198,8040,1.1727079215133,26,-93,99999,99999,2026-05-31 13:59:10.00148,94,1.0332,0,"aoml_navis",1025.3361667171
"4903910",2,174.809086081265,4,299,4,205,4,0.000581000000238419,1,190.43828069458,1,4.8763336373503,96,1,23.8290004730225,36.6559982299805,0.48853799700737,0.416589677333832,0.000581000000238419,184.318893432617,-93.0494,25.8639,23.8427951423599,66,66,94,117,128,94,205,8040,1.1727079215133,26,-93,99999,99999,2026-05-31 13:59:10.00148,96,1.0332,0,"aoml_navis",1025.36052121259
"4903910",2,171.398177084558,4,295,4,201,4,0.000620000006165355,1,188.82556105957,1,4.87624371206373,98,1,23.7970008850098,36.6570014953613,0.480690002441406,0.409897476434708,0.000620000006165355,182.757995605469,-93.0494,25.8639,23.8427951423599,66,66,94,117,128,94,201,8040,1.1727079215133,26,-93,99999,99999,2026-05-31 13:59:10.00148,98,1.0332,0,"aoml_navis",1025.37943040667
"4903910",2,163.723631841966,4,286,4,192,4,0.000584000023081899,1,187.027377484131,1,4.87614407050376,100,1,23.7530002593994,36.6559982299805,0.463032007217407,0.394840002059937,0.000584000023081899,181.017593383789,-93.0494,25.8639,23.8427951423599,66,66,94,117,128,94,192,8040,1.1727079215133,26,-93,99999,99999,2026-05-31 13:59:10.00148,100,1.0332,0,"aoml_navis",1025.40038352137
"4903910",2,143.25817786172,4,262,4,168,4,0.000593999982811511,1,185.203165264893,1,4.87599233330807,102,1,23.6439990997314,36.6440010070801,0.415944010019302,0.354686796665192,0.000593999982811511,179.251998901367,-93.0494,25.8639,23.8427951423599,66,66,94,117,128,94,168,8040,1.1727079215133,26,-93,99999,99999,2026-05-31 13:59:10.00148,102,1.0332,0,"aoml_navis",1025.43229320621
"4903910",2,139.847268865012,4,258,4,164,4,0.000662999984342605,1,183.046256213379,1,4.87587404179429,104,1,23.5610008239746,36.632999420166,0.408095985651016,0.347994595766068,0.000662999984342605,177.164398193359,-93.0494,25.8639,23.8427951423599,66,66,94,117,128,94,164,8040,1.1727079215133,26,-93,99999,99999,2026-05-31 13:59:10.00148,104,1.0332,0,"aoml_navis",1025.45717078451
"4903910",2,126.203632878182,4,242,4,148,4,0.000722000026144087,1,180.913010998535,1,4.87571987686113,106,1,23.4419994354248,36.6180000305176,0.376704007387161,0.321225762367249,0.000722000026144087,175.099700927734,-93.0494,25.8639,23.8427951423599,66,66,94,117,128,94,148,8040,1.1727079215133,26,-93,99999,99999,2026-05-31 13:59:10.00148,106,1.0332,0,"aoml_navis",1025.48959461938
"4903910",2,116.823633137236,4,231,4,137,4,0.00068900000769645,1,176.654576678467,1,4.87550740039619,108,1,23.3169994354248,36.617000579834,0.355121999979019,0.302822202444077,0.00068900000769645,170.978103637695,-93.0494,25.8639,23.8427951423599,66,66,94,117,128,94,137,8040,1.1727079215133,26,-93,99999,99999,2026-05-31 13:59:10.00148,108,1.0332,0,"aoml_navis",1025.53428584555
"4903910",2,95.5054519078133,1,206,4,112,4,0.000581000000238419,1,170.328181585693,1,4.87518795195358,109.900001525879,1,23.1340007781982,36.6240005493164,0.306071996688843,0.260995924472809,0.000581000000238419,164.854995727539,-93.0494,25.8639,23.8427951423599,66,66,94,117,128,94,112,8040,1.1727079215133,26,-93,99999,99999,2026-05-31 13:59:10.00148,109.900001525879,1.0332,0,"aoml_navis",1025.60148434819
"4903910",2,83.5672704193367,1,192,4,98,4,0.000585999980103225,1,165.219945941162,1,4.87489755364232,112,1,22.9479999542236,36.6209983825684,0.278604000806808,0.237573221325874,0.000585999980103225,159.910903930664,-93.0494,25.8639,23.8427951423599,66,66,94,117,128,94,98,8040,1.1727079215133,26,-93,99999,99999,2026-05-31 13:59:10.00148,112,1.0332,0,"aoml_navis",1025.6625795683
"4903910",2,72.4818161800369,1,179,4,85,4,0.000576000020373613,1,162.304769366455,1,4.87456729291526,114,1,22.7280006408691,36.617000579834,0.253098011016846,0.215823575854301,0.000576000020373613,157.089401245117,-93.0494,25.8639,23.8427951423599,66,66,94,117,128,94,85,8040,1.1727079215133,26,-93,99999,99999,2026-05-31 13:59:10.00148,114,1.0332,0,"aoml_navis",1025.73207005821
"4903910",2,73.3345434292138,1,180,4,86,4,0.000704000005498528,1,159.122621832275,1,4.87427307998327,116,1,22.503999710083,36.6020011901855,0.255059987306595,0.217496633529663,0.000704000005498528,154.009506225586,-93.0494,25.8639,23.8427951423599,66,66,94,117,128,94,86,8040,1.1727079215133,26,-93,99999,99999,2026-05-31 13:59:10.00148,116,1.0332,0,"aoml_navis",1025.79398362661
"4903910",2,71.62908893086,1,178,4,84,4,0.000561000022571534,1,150.687575518799,1,4.87405073089374,118,1,22.3950004577637,36.6110000610352,0.251136004924774,0.21415051817894,0.000561000022571534,145.845504760742,-93.0494,25.8639,23.8427951423599,66,66,94,117,128,94,84,8040,1.1727079215133,26,-93,99999,99999,2026-05-31 13:59:10.00148,118,1.0332,0,"aoml_navis",1025.84077927379
"4903910",2,68.2181799341524,1,174,4,80,4,0.000622000021394342,1,148.477663256836,1,4.87382551968102,120,1,22.378999710083,36.6559982299805,0.243287995457649,0.207458317279816,0.000622000021394342,143.706604003906,-93.0494,25.8639,23.8427951423599,66,66,94,117,128,94,80,8040,1.1727079215133,26,-93,99999,99999,2026-05-31 13:59:10.00148,120,1.0332,0,"aoml_navis",1025.88818163668
"4903910",2,57.9854529440295,4,162,4,68,4,0.000545000017154962,1,146.67843916626,1,4.87357619872415,122,1,22.1700000762939,36.6349983215332,0.219743996858597,0.187381699681282,0.000545000017154962,141.965194702148,-93.0494,25.8639,23.8427951423599,66,66,94,117,128,94,68,8040,1.1727079215133,26,-93,99999,99999,2026-05-31 13:59:10.00148,122,1.0332,0,"aoml_navis",1025.94066371814
"4903910",2,63.101816439091,4,168,4,74,4,0.000583000015467405,1,136.608664746094,1,4.87324139885026,124,1,21.9740009307861,36.6430015563965,0.231516003608704,0.197420001029968,0.000583000015467405,132.218994140625,-93.0494,25.8639,23.8427951423599,66,66,94,117,128,94,74,8040,1.1727079215133,26,-93,99999,99999,2026-05-31 13:59:10.00148,124,1.0332,0,"aoml_navis",1026.0111475659
"4903910",2,56.2799984456757,1,160,4,66,4,0.000511999998707324,1,132.241543890381,1,4.8728599338653,126,1,21.8819999694824,36.7029991149902,0.215819999575615,0.18403559923172,0.000511999998707324,127.992202758789,-93.0494,25.8639,23.8427951423599,66,66,94,117,128,94,66,8040,1.1727079215133,26,-93,99999,99999,2026-05-31 13:59:10.00148,126,1.0332,0,"aoml_navis",1026.09146740523
"4903910",2,57.1327256948526,1,161,4,67,4,0.000530000019352883,1,131.793751895142,1,4.87266339465506,128,1,21.75,36.6969985961914,0.217782005667686,0.185708656907082,0.000530000019352883,127.558799743652,-93.0494,25.8639,23.8427951423599,66,66,94,117,128,94,67,8040,1.1727079215133,26,-93,99999,99999,2026-05-31 13:59:10.00148,128,1.0332,0,"aoml_navis",1026.13285487453
"4903910",2,64.8072709374448,1,170,4,76,4,0.00068300002021715,1,130.620350363159,1,4.87249608789234,130,1,21.6340007781982,36.6889991760254,0.235440000891685,0.20076610147953,0.00068300002021715,126.42310333252,-93.0494,25.8639,23.8427951423599,66,66,94,117,128,94,76,8040,1.1727079215133,26,-93,99999,99999,2026-05-31 13:59:10.00148,130,1.0332,0,"aoml_navis",1026.16808916984
"4903910",2,65.6599981866217,1,171,4,77,4,0.0007259999983944,1,127.803013742065,1,4.87213478273678,132,1,21.3959999084473,36.689998626709,0.237402006983757,0.202439159154892,0.0007259999983944,123.696296691895,-93.0494,25.8639,23.8427951423599,66,66,94,117,128,94,77,8040,1.1727079215133,26,-93,99999,99999,2026-05-31 13:59:10.00148,132,1.0332,0,"aoml_navis",1026.24418719209
"4903910",2,57.9854529440295,1,162,4,68,4,0.000664999999571592,1,126.734065740967,1,4.87171580788075,134,1,21.128999710083,36.6969985961914,0.219743996858597,0.187381699681282,0.000664999999571592,122.661697387695,-93.0494,25.8639,23.8427951423599,66,66,94,117,128,94,68,8040,1.1727079215133,26,-93,99999,99999,2026-05-31 13:59:10.00148,134,1.0332,0,"aoml_navis",1026.33244572923
"4903910",2,59.6909074423833,1,164,4,70,4,0.000734000001102686,1,126.189986682129,1,4.87143089510127,136,1,20.9099998474121,36.685001373291,0.223667994141579,0.190727800130844,0.000734000001102686,122.135101318359,-93.0494,25.8639,23.8427951423599,66,66,94,117,128,94,70,8040,1.1727079215133,26,-93,99999,99999,2026-05-31 13:59:10.00148,136,1.0332,0,"aoml_navis",1026.39247228736
"4903910",2,52.0163621997912,1,155,4,61,4,0.000818000000435859,1,125.251528738403,1,4.87125488840941,138,1,20.7649993896484,36.6699981689453,0.20600999891758,0.175670340657234,0.000818000000435859,121.22679901123,-93.0494,25.8639,23.8427951423599,66,66,94,117,128,94,61,8040,1.1727079215133,26,-93,99999,99999,2026-05-31 13:59:10.00148,138,1.0332,0,"aoml_navis",1026.42955758626
"4903910",2,47.7527259539067,1,150,4,56,4,0.00084900000365451,1,124.158609475708,1,4.8708536020679,140,1,20.4449996948242,36.6549987792969,0.196199998259544,0.167305082082748,0.00084900000365451,120.168998718262,-93.0494,25.8639,23.8427951423599,66,66,94,117,128,94,56,8040,1.1727079215133,26,-93,99999,99999,2026-05-31 13:59:10.00148,140,1.0332,0,"aoml_navis",1026.51412021032
"4903910",2,40.0781807113145,1,141,4,47,4,0.000659000012092292,1,123.612252319336,1,4.87055827142047,142,1,20.25,36.6559982299805,0.178542003035545,0.1522476375103,0.000659000012092292,119.640197753906,-93.0494,25.8639,23.8427951423599,66,66,94,117,128,94,47,8040,1.1727079215133,26,-93,99999,99999,2026-05-31 13:59:10.00148,142,1.0332,0,"aoml_navis",1026.57636381009
"4903910",2,28.1399992228379,1,127,4,33,4,0.000508000026457012,1,123.191017108154,1,4.87037362730461,144,1,20.1350002288818,36.6549987792969,0.151074007153511,0.128824919462204,0.000508000026457012,119.232498168945,-93.0494,25.8639,23.8427951423599,66,66,94,117,128,94,33,8040,1.1727079215133,26,-93,99999,99999,2026-05-31 13:59:10.00148,144,1.0332,0,"aoml_navis",1026.61528305933
"4903910",2,19.6127267310688,1,117,4,23,4,0.000444000004790723,1,123.148348104858,1,4.87018918625364,146,1,19.9969997406006,36.6459999084473,0.13145400583744,0.112094409763813,0.000444000004790723,119.191200256348,-93.0494,25.8639,23.8427951423599,66,66,94,117,128,94,23,8040,1.1727079215133,26,-93,99999,99999,2026-05-31 13:59:10.00148,146,1.0332,0,"aoml_navis",1026.65416245282
"4903910",2,18.7599994818919,1,116,4,22,4,0.00047999998787418,1,123.443223788452,1,4.87000225627838,148,1,19.8449993133545,36.632999420166,0.129491999745369,0.110421359539032,0.00047999998787418,119.476600646973,-93.0494,25.8639,23.8427951423599,66,66,94,117,128,94,22,8040,1.1727079215133,26,-93,99999,99999,2026-05-31 13:59:10.00148,148,1.0332,0,"aoml_navis",1026.69356950585
"4903910",2,14.4963632360074,1,111,4,17,4,0.000517999986186624,1,123.484450259399,1,4.86989502740555,150,1,19.7670001983643,36.6240005493164,0.119681999087334,0.102056100964546,0.000517999986186624,119.516502380371,-93.0494,25.8639,23.8427951423599,66,66,94,117,128,94,17,8040,1.1727079215133,26,-93,99999,99999,2026-05-31 13:59:10.00148,150,1.0332,0,"aoml_navis",1026.71617598783
"4903910",2,5.96909074423833,1,101,4,7,4,0.000563999987207353,1,123.613805209351,1,4.86974606228726,152,1,19.6469993591309,36.6119995117188,0.100061997771263,0.0853255987167358,0.000563999987207353,119.641700744629,-93.0494,25.8639,23.8427951423599,66,66,94,117,128,94,7,8040,1.1727079215133,26,-93,99999,99999,2026-05-31 13:59:10.00148,152,1.0332,0,"aoml_navis",1026.74758314842
"4903910",2,7.67454524259214,1,103,4,9,4,0.000464999990072101,1,123.545714529419,1,4.86961171312714,154,1,19.5440006256104,36.6020011901855,0.103986002504826,0.0886716991662979,0.000464999990072101,119.575798034668,-93.0494,25.8639,23.8427951423599,66,66,94,117,128,94,9,8040,1.1727079215133,26,-93,99999,99999,2026-05-31 13:59:10.00148,154,1.0332,0,"aoml_navis",1026.77591039166
"4903910",2,5.11636349506143,1,100,1,6,1,0.00048300001071766,1,123.486310574341,1,4.86952079968798,156,1,19.4869995117188,36.5960006713867,0.0980999991297722,0.0836525410413742,0.00048300001071766,119.51830291748,-93.0494,25.8639,23.8427951423599,66,66,94,117,128,94,6,8040,1.1727079215133,26,-93,99999,99999,2026-05-31 13:59:10.00148,156,1.0332,0,"aoml_navis",1026.79508018949
"4903910",2,1.70545449835381,1,96,1,2,1,0.000498000008519739,1,123.534765472412,1,4.86944499790813,158,1,19.4419994354248,36.5900001525879,0.0902519971132278,0.0769603475928307,0.000498000008519739,119.565200805664,-93.0494,25.8639,23.8427951423599,66,66,94,117,128,94,2,8040,1.1727079215133,26,-93,99999,99999,2026-05-31 13:59:10.00148,158,1.0332,0,"aoml_navis",1026.81106412496
"4903910",2,-5.11636349506143,4,88,1,-6,1,0.000484999996842816,1,123.844003417969,1,4.86924479152717,160,1,19.2649993896484,36.5730018615723,0.0745560005307198,0.0635759308934212,0.000484999996842816,119.864501953125,-93.0494,25.8639,23.8427951423599,66,66,94,117,128,94,-6,8040,1.1727079215133,26,-93,99999,99999,2026-05-31 13:59:10.00148,160,1.0332,0,"aoml_navis",1026.85328301842
"4903910",2,-10.2327269901229,4,82,1,-12,1,0.000487999990582466,1,124.305637417603,1,4.8690580332541,162,1,19.0919990539551,36.5540008544922,0.0627840012311935,0.053537629544735,0.000487999990582466,120.311302185059,-93.0494,25.8639,23.8427951423599,66,66,94,117,128,94,-12,8040,1.1727079215133,26,-93,99999,99999,2026-05-31 13:59:10.00148,162,1.0332,0,"aoml_navis",1026.89266914701
"4903910",2,-12.7909087376536,4,79,1,-15,1,0.000475000008009374,1,124.827298104858,1,4.86890099285098,164,1,18.9540004730225,36.5390014648438,0.0568980015814304,0.0485184751451015,0.000475000008009374,120.816200256348,-93.0494,25.8639,23.8427951423599,66,66,94,117,128,94,-15,8040,1.1727079215133,26,-93,99999,99999,2026-05-31 13:59:10.00148,164,1.0332,0,"aoml_navis",1026.92579030494
"4903910",2,-12.7909087376536,4,79,1,-15,1,0.000515999970957637,1,125.493818994141,1,4.8688320829445,166,1,18.9050006866455,36.5299987792969,0.0568980015814304,0.0485184751451015,0.000515999970957637,121.461303710938,-93.0494,25.8639,23.8427951423599,66,66,94,117,128,94,-15,8040,1.1727079215133,26,-93,99999,99999,2026-05-31 13:59:10.00148,166,1.0332,0,"aoml_navis",1026.94032466533
"4903910",2,-14.4963632360074,4,77,1,-17,1,0.000661000027321279,1,125.890152786255,1,4.8686636523082,168,1,18.742000579834,36.5099983215332,0.0529740005731583,0.0451723746955395,0.000661000027321279,121.844902038574,-93.0494,25.8639,23.8427951423599,66,66,94,117,128,94,-17,8040,1.1727079215133,26,-93,99999,99999,2026-05-31 13:59:10.00148,168,1.0332,0,"aoml_navis",1026.97585150076
"4903910",2,-14.4963632360074,4,77,1,-17,1,0.000814999977592379,1,125.640634103394,1,4.8684706595604,170,1,18.5279998779297,36.4799995422363,0.0529740005731583,0.0451723746955395,0.000814999977592379,121.603401184082,-93.0494,25.8639,23.8427951423599,66,66,94,117,128,94,-17,8040,1.1727079215133,26,-93,99999,99999,2026-05-31 13:59:10.00148,170,1.0332,0,"aoml_navis",1027.01656220959
"4903910",2,-18.7599994818919,4,72,1,-22,1,0.000730000028852373,1,125.732073312378,1,4.86825064476165,172,1,18.2959995269775,36.4519996643066,0.043163999915123,0.036807119846344,0.000730000028852373,121.691902160645,-93.0494,25.8639,23.8427951423599,66,66,94,117,128,94,-22,8040,1.1727079215133,26,-93,99999,99999,2026-05-31 13:59:10.00148,172,1.0332,0,"aoml_navis",1027.06297700183
"4903910",2,-17.907272232715,4,73,1,-21,1,0.000632999988738447,1,125.70128352356,1,4.86810212703839,174,1,18.1219997406006,36.423999786377,0.0451259985566139,0.0384801737964153,0.000632999988738447,121.662101745605,-93.0494,25.8639,23.8427951423599,66,66,94,117,128,94,-21,8040,1.1727079215133,26,-93,99999,99999,2026-05-31 13:59:10.00148,174,1.0332,0,"aoml_navis",1027.09431099011
"4903910",2,-14.4963632360074,4,77,1,-17,1,0.000632999988738447,1,125.633815576172,1,4.8680135394506,176,1,18.0429992675781,36.4109992980957,0.0529740005731583,0.0451723746955395,0.000632999988738447,121.596801757812,-93.0494,25.8639,23.8427951423599,66,66,94,117,128,94,-17,8040,1.1727079215133,26,-93,99999,99999,2026-05-31 13:59:10.00148,176,1.0332,0,"aoml_navis",1027.11300194212
"4903910",2,-17.0545449835381,4,74,1,-20,1,0.000601999985519797,1,125.416119314575,1,4.86794497551651,178,1,18.0049991607666,36.4059982299805,0.0470880009233952,0.0401532202959061,0.000601999985519797,121.386100769043,-93.0494,25.8639,23.8427951423599,66,66,94,117,128,94,-20,8040,1.1727079215133,26,-93,99999,99999,2026-05-31 13:59:10.00148,178,1.0332,0,"aoml_navis",1027.1274686028
"4903910",2,-14.4963632360074,4,77,1,-17,1,0.000577000027988106,1,124.678204898071,1,4.86788353454194,180,1,17.9759998321533,36.4020004272461,0.0529740005731583,0.0451723746955395,0.000577000027988106,120.671897888184,-93.0494,25.8639,23.8427951423599,66,66,94,117,128,94,-17,8040,1.1727079215133,26,-93,99999,99999,2026-05-31 13:59:10.00148,180,1.0332,0,"aoml_navis",1027.14043269946
"4903910",2,-13.6436359868305,4,78,1,-16,1,0.000705000013113022,1,123.349096582031,1,4.86780258682982,182,1,17.8999996185303,36.3880004882812,0.0549359992146492,0.0468454249203205,0.000705000013113022,119.385498046875,-93.0494,25.8639,23.8427951423599,66,66,94,117,128,94,-16,8040,1.1727079215133,26,-93,99999,99999,2026-05-31 13:59:10.00148,182,1.0332,0,"aoml_navis",1027.15751323356
"4903910",2,-11.9381814884767,4,80,1,-14,1,0.000632999988738447,1,123.196495578003,1,4.8676600628234,184,1,17.7409992218018,36.3639984130859,0.0588600002229214,0.0501915253698826,0.000632999988738447,119.237800598145,-93.0494,25.8639,23.8427951423599,66,66,94,117,128,94,-14,8040,1.1727079215133,26,-93,99999,99999,2026-05-31 13:59:10.00148,184,1.0332,0,"aoml_navis",1027.1875881776
"4903910",2,-11.9381814884767,4,80,1,-14,1,0.000582000007852912,1,122.839007684326,1,4.86753053868587,186,1,17.6200008392334,36.3489990234375,0.0588600002229214,0.0501915253698826,0.000582000007852912,118.891799926758,-93.0494,25.8639,23.8427951423599,66,66,94,117,128,94,-14,8040,1.1727079215133,26,-93,99999,99999,2026-05-31 13:59:10.00148,186,1.0332,0,"aoml_navis",1027.21492145993
"4903910",2,-14.4963632360074,4,77,1,-17,1,0.000616999983321875,1,121.828123580933,1,4.86744330748002,188,1,17.5470008850098,36.3380012512207,0.0529740005731583,0.0451723746955395,0.000616999983321875,117.913398742676,-93.0494,25.8639,23.8427951423599,66,66,94,117,128,94,-17,8040,1.1727079215133,26,-93,99999,99999,2026-05-31 13:59:10.00148,188,1.0332,0,"aoml_navis",1027.23333054877
"4903910",2,-11.9381814884767,4,80,1,-14,1,0.000620000006165355,1,120.595932943726,1,4.867359126242,190,1,17.4640007019043,36.3230018615723,0.0588600002229214,0.0501915253698826,0.000620000006165355,116.720802307129,-93.0494,25.8639,23.8427951423599,66,66,94,117,128,94,-14,8040,1.1727079215133,26,-93,99999,99999,2026-05-31 13:59:10.00148,190,1.0332,0,"aoml_navis",1027.2510966045
"4903910",2,-8.52727249176905,4,84,1,-10,1,0.000684000027831644,1,119.839320785522,1,4.86716694109072,192,1,17.2409992218018,36.2929992675781,0.0667079985141754,0.056883729994297,0.000684000027831644,115.988502502441,-93.0494,25.8639,23.8427951423599,66,66,94,117,128,94,-10,8040,1.1727079215133,26,-93,99999,99999,2026-05-31 13:59:10.00148,192,1.0332,0,"aoml_navis",1027.29165868297
"4903910",2,-9.37999974094595,4,83,1,-11,1,0.000627000001259148,1,120.496429742432,1,4.86704963372672,194,1,17.1189994812012,36.2750015258789,0.0647459998726845,0.055210679769516,0.000627000001259148,116.624496459961,-93.0494,25.8639,23.8427951423599,66,66,94,117,128,94,-11,8040,1.1727079215133,26,-93,99999,99999,2026-05-31 13:59:10.00148,194,1.0332,0,"aoml_navis",1027.31641883247
"4903910",2,-20.4654539802457,4,70,1,-24,1,0.000612000003457069,1,121.038758843994,1,4.86692684147607,196,1,16.9979991912842,36.2589988708496,0.0392399989068508,0.0334610193967819,0.000612000003457069,117.149398803711,-93.0494,25.8639,23.8427951423599,66,66,94,117,128,94,-24,8040,1.1727079215133,26,-93,99999,99999,2026-05-31 13:59:10.00148,196,1.0332,0,"aoml_navis",1027.34233795953
"4903910",2,-22.1709084785995,4,68,1,-26,1,0.000661000027321279,1,121.077297317505,1,4.86684050259296,198,1,16.9209995269775,36.2470016479492,0.0353160016238689,0.0301149170845747,0.000661000027321279,117.186698913574,-93.0494,25.8639,23.8427951423599,66,66,94,117,128,94,-26,8040,1.1727079215133,26,-93,99999,99999,2026-05-31 13:59:10.00148,198,1.0332,0,"aoml_navis",1027.36056325168
"4903910",2,-25.5818174753071,4,64,1,-30,1,0.000631999981123954,1,121.91925536499,1,4.86675682922706,200,1,16.8619995117188,36.2400016784668,0.0274679996073246,0.0234227124601603,0.000631999981123954,118.001602172852,-93.0494,25.8639,23.8427951423599,66,66,94,117,128,94,-30,8040,1.1727079215133,26,-93,99999,99999,2026-05-31 13:59:10.00148,200,1.0332,0,"aoml_navis",1027.37822649629
"4903910",2,-24.7290902261302,4,65,1,-29,1,0.000622000021394342,1,122.461789416504,1,4.86666780779803,202,1,16.7950000762939,36.2319984436035,0.0294300001114607,0.0250957626849413,0.000622000021394342,118.526702880859,-93.0494,25.8639,23.8427951423599,66,66,94,117,128,94,-29,8040,1.1727079215133,26,-93,99999,99999,2026-05-31 13:59:10.00148,202,1.0332,0,"aoml_navis",1027.3970193709
"4903910",2,-26.434544724484,4,63,1,-31,1,0.000599000020883977,1,122.291822845459,1,4.86659787106154,204,1,16.7509994506836,36.226001739502,0.0255059991031885,0.0217496622353792,0.000599000020883977,118.362197875977,-93.0494,25.8639,23.8427951423599,66,66,94,117,128,94,-31,8040,1.1727079215133,26,-93,99999,99999,2026-05-31 13:59:10.00148,204,1.0332,0,"aoml_navis",1027.41178385248
"4903910",2,-27.287271973661,4,62,1,-32,1,0.000601999985519797,1,121.852615100098,1,4.86647642064388,206,1,16.6359996795654,36.2120018005371,0.0235440004616976,0.020076610147953,0.000601999985519797,117.937103271484,-93.0494,25.8639,23.8427951423599,66,66,94,117,128,94,-32,8040,1.1727079215133,26,-93,99999,99999,2026-05-31 13:59:10.00148,206,1.0332,0,"aoml_navis",1027.43742449664
"4903910",2,-27.287271973661,4,62,1,-32,1,0.00052000000141561,1,121.501945733643,1,4.86642377674654,208,1,16.6070003509521,36.2060012817383,0.0235440004616976,0.020076610147953,0.00052000000141561,117.597702026367,-93.0494,25.8639,23.8427951423599,66,66,94,117,128,94,-32,8040,1.1727079215133,26,-93,99999,99999,2026-05-31 13:59:10.00148,208,1.0332,0,"aoml_navis",1027.44853908773
"4903910",2,-28.1399992228379,4,61,1,-33,1,0.000457999994978309,1,121.0249168396,1,4.86637928959634,210,1,16.5979995727539,36.2039985656738,0.0215819999575615,0.018403559923172,0.000457999994978309,117.136001586914,-93.0494,25.8639,23.8427951423599,66,66,94,117,128,94,-33,8040,1.1727079215133,26,-93,99999,99999,2026-05-31 13:59:10.00148,210,1.0332,0,"aoml_navis",1027.45793175006
"4903910",2,0,1,61,1,-33,1,0.000463000003946945,1,120.192362841797,1,4.86633479421276,212,1,16.5890007019043,36.2019996643066,0.0215819999575615,0.018403559923172,0.000463000003946945,116.330200195312,-93.0494,25.8639,23.8427951423599,66,66,94,117,128,94,0,8040,1.1727079215133,26,-93,99999,99999,2026-05-31 13:59:10.00148,212,1.0332,0,"aoml_navis",1027.46732632251
"4903910",2,0,1,62,1,-32,1,0.000457999994978309,1,119.055741943359,1,4.86626212466388,213.899993896484,1,16.5340003967285,36.1940002441406,0.0235440004616976,0.020076610147953,0.000457999994978309,115.230102539062,-93.0494,25.8639,23.8427951423599,66,66,94,117,128,94,0,8040,1.1727079215133,26,-93,99999,99999,2026-05-31 13:59:10.00148,213.899993896484,1.0332,0,"aoml_navis",1027.48266984187
"4903910",2,0,1,60,1,-34,1,0.000450999999884516,1,118.768197161865,1,4.86617113903237,216,1,16.44700050354,36.1800003051758,0.0196199994534254,0.016730509698391,0.000450999999884516,114.951797485352,-93.0494,25.8639,23.8427951423599,66,66,94,117,128,94,0,8040,1.1727079215133,26,-93,99999,99999,2026-05-31 13:59:10.00148,216,1.0332,0,"aoml_navis",1027.50188128284
"4903910",2,0,1,61,1,-33,1,0.000452999986009672,1,118.851785211182,1,4.86608823928357,218,1,16.3780002593994,36.1699981689453,0.0215819999575615,0.018403559923172,0.000452999986009672,115.032699584961,-93.0494,25.8639,23.8427951423599,66,66,94,117,128,94,0,8040,1.1727079215133,26,-93,99999,99999,2026-05-31 13:59:10.00148,218,1.0332,0,"aoml_navis",1027.51938603073
"4903910",2,0,1,61,1,-33,1,0.00044000000343658,1,119.305363101196,1,4.86601530149786,220,1,16.3080005645752,36.1570014953613,0.0215819999575615,0.018403559923172,0.00044000000343658,115.471702575684,-93.0494,25.8639,23.8427951423599,66,66,94,117,128,94,0,8040,1.1727079215133,26,-93,99999,99999,2026-05-31 13:59:10.00148,220,1.0332,0,"aoml_navis",1027.53478774736
"4903910",2,0,1,62,1,-32,1,0.000480999995488673,1,120.433825415039,1,4.86590179583223,222,1,16.1949996948242,36.1419982910156,0.0235440004616976,0.020076610147953,0.000480999995488673,116.563903808594,-93.0494,25.8639,23.8427951423599,66,66,94,117,128,94,0,8040,1.1727079215133,26,-93,99999,99999,2026-05-31 13:59:10.00148,222,1.0332,0,"aoml_navis",1027.55875679255
"4903910",2,0,1,61,1,-33,1,0.000495999993290752,1,121.639569625854,1,4.86580639004694,224,1,16.0879993438721,36.1240005493164,0.0215819999575615,0.018403559923172,0.000495999993290752,117.730903625488,-93.0494,25.8639,23.8427951423599,66,66,94,117,128,94,0,8040,1.1727079215133,26,-93,99999,99999,2026-05-31 13:59:10.00148,224,1.0332,0,"aoml_navis",1027.57890454243
"4903910",2,0,1,61,1,-33,1,0.000495999993290752,1,122.533490368652,1,4.86572259348998,226,1,16.0139999389648,36.1129989624023,0.0215819999575615,0.018403559923172,0.000495999993290752,118.596099853516,-93.0494,25.8639,23.8427951423599,66,66,94,117,128,94,0,8040,1.1727079215133,26,-93,99999,99999,2026-05-31 13:59:10.00148,226,1.0332,0,"aoml_navis",1027.59660131255
"4903910",2,0,1,62,1,-32,1,0.000452999986009672,1,122.59930295105,1,4.86563900578135,228,1,15.9399995803833,36.1020011901855,0.0235440004616976,0.020076610147953,0.000452999986009672,118.659797668457,-93.0494,25.8639,23.8427951423599,66,66,94,117,128,94,0,8040,1.1727079215133,26,-93,99999,99999,2026-05-31 13:59:10.00148,228,1.0332,0,"aoml_navis",1027.61425458383
"4903910",2,0,1,63,1,-31,1,0.000472999992780387,1,122.339245111084,1,4.86557961220789,230,1,15.8909997940063,36.0919990539551,0.0255059991031885,0.0217496622353792,0.000472999992780387,118.408096313477,-93.0494,25.8639,23.8427951423599,66,66,94,117,128,94,0,8040,1.1727079215133,26,-93,99999,99999,2026-05-31 13:59:10.00148,230,1.0332,0,"aoml_navis",1027.62679855342
"4903910",2,0,1,62,1,-32,1,0.000488999998196959,1,122.593517056274,1,4.86547422452552,232,1,15.7770004272461,36.0750007629395,0.0235440004616976,0.020076610147953,0.000488999998196959,118.654197692871,-93.0494,25.8639,23.8427951423599,66,66,94,117,128,94,0,8040,1.1727079215133,26,-93,99999,99999,2026-05-31 13:59:10.00148,232,1.0332,0,"aoml_navis",1027.64905726894
"4903910",2,0,1,64,1,-30,1,0.00169900001492351,1,121.636566320801,1,4.86536499199856,234,1,15.6490001678467,36.0550003051758,0.0274679996073246,0.0234227124601603,0.00169900001492351,117.727996826172,-93.0494,25.8639,23.8427951423599,66,66,94,117,128,94,0,8040,1.1727079215133,26,-93,99999,99999,2026-05-31 13:59:10.00148,234,1.0332,0,"aoml_navis",1027.67212906387
"4903910",2,0,1,63,1,-31,1,0.000445000012405217,1,120.700181524658,1,4.86528980703318,236,1,15.585000038147,36.0449981689453,0.0255059991031885,0.0217496622353792,0.000445000012405217,116.821701049805,-93.0494,25.8639,23.8427951423599,66,66,94,117,128,94,0,8040,1.1727079215133,26,-93,99999,99999,2026-05-31 13:59:10.00148,236,1.0332,0,"aoml_navis",1027.68801002812
"4903910",2,0,1,63,1,-31,1,0.000448000006144866,1,120.070961526489,1,4.86520572809057,238,1,15.5059995651245,36.0330009460449,0.0255059991031885,0.0217496622353792,0.000448000006144866,116.212699890137,-93.0494,25.8639,23.8427951423599,66,66,94,117,128,94,0,8040,1.1727079215133,26,-93,99999,99999,2026-05-31 13:59:10.00148,238,1.0332,0,"aoml_navis",1027.70577020642
"4903910",2,0,1,63,1,-31,1,0.000437000009696931,1,119.878064208984,1,4.86511510408661,240,1,15.4139995574951,36.0190010070801,0.0255059991031885,0.0217496622353792,0.000437000009696931,116.026000976562,-93.0494,25.8639,23.8427951423599,66,66,94,117,128,94,0,8040,1.1727079215133,26,-93,99999,99999,2026-05-31 13:59:10.00148,240,1.0332,0,"aoml_navis",1027.7249135997
"4903910",2,0,1,62,1,-32,1,0.000455000001238659,1,119.676692999268,1,4.86504349262279,242,1,15.3459997177124,36.0069999694824,0.0235440004616976,0.020076610147953,0.000455000001238659,115.831100463867,-93.0494,25.8639,23.8427951423599,66,66,94,117,128,94,0,8040,1.1727079215133,26,-93,99999,99999,2026-05-31 13:59:10.00148,242,1.0332,0,"aoml_navis",1027.74004129292
"4903910",2,0,1,63,1,-31,1,0.000432000000728294,1,119.457443847656,1,4.86497651219993,244,1,15.298999786377,36,0.0255059991031885,0.0217496622353792,0.000432000000728294,115.618896484375,-93.0494,25.8639,23.8427951423599,66,66,94,117,128,94,0,8040,1.1727079215133,26,-93,99999,99999,2026-05-31 13:59:10.00148,244,1.0332,0,"aoml_navis",1027.7541910966
"4903910",2,0,1,60,1,-34,1,0.000455000001238659,1,119.135499005127,1,4.86491649315894,246,1,15.2550001144409,35.992000579834,0.0196199994534254,0.016730509698391,0.000455000001238659,115.30729675293,-93.0494,25.8639,23.8427951423599,66,66,94,117,128,94,0,8040,1.1727079215133,26,-93,99999,99999,2026-05-31 13:59:10.00148,246,1.0332,0,"aoml_navis",1027.76687061967
"4903910",2,0,1,63,1,-31,1,0.000457999994978309,1,118.676450527954,1,4.86485266293879,248,1,15.2040004730225,35.9830017089844,0.0255059991031885,0.0217496622353792,0.000457999994978309,114.862998962402,-93.0494,25.8639,23.8427951423599,66,66,94,117,128,94,0,8040,1.1727079215133,26,-93,99999,99999,2026-05-31 13:59:10.00148,248,1.0332,0,"aoml_navis",1027.78035562943
"4903910",2,0,1,62,1,-32,1,0.000395999988541007,1,118.181338742065,1,4.86473601042563,250,1,15.0729999542236,35.9650001525879,0.0235440004616976,0.020076610147953,0.000395999988541007,114.383796691895,-93.0494,25.8639,23.8427951423599,66,66,94,117,128,94,0,8040,1.1727079215133,26,-93,99999,99999,2026-05-31 13:59:10.00148,250,1.0332,0,"aoml_navis",1027.80500098762
"4903910",2,0,1,62,1,-32,1,0.000410999986343086,1,117.503253945923,1,4.8646442940443,252,1,14.9750003814697,35.9500007629395,0.0235440004616976,0.020076610147953,0.000410999986343086,113.727500915527,-93.0494,25.8639,23.8427951423599,66,66,94,117,128,94,0,8040,1.1727079215133,26,-93,99999,99999,2026-05-31 13:59:10.00148,252,1.0332,0,"aoml_navis",1027.82437888037
"4903910",2,0,1,62,1,-32,1,0.000426999991759658,1,117.130473632812,1,4.86456466205249,254,1,14.8879995346069,35.935001373291,0.0235440004616976,0.020076610147953,0.000426999991759658,113.36669921875,-93.0494,25.8639,23.8427951423599,66,66,94,117,128,94,0,8040,1.1727079215133,26,-93,99999,99999,2026-05-31 13:59:10.00148,254,1.0332,0,"aoml_navis",1027.84120416859
"4903910",2,0,1,62,1,-32,1,0.000409000000217929,1,116.694978634644,1,4.86450399410693,256,1,14.8529996871948,35.9300003051758,0.0235440004616976,0.020076610147953,0.000409000000217929,112.945198059082,-93.0494,25.8639,23.8427951423599,66,66,94,117,128,94,0,8040,1.1727079215133,26,-93,99999,99999,2026-05-31 13:59:10.00148,256,1.0332,0,"aoml_navis",1027.85402295017
"4903910",2,0,1,61,1,-33,1,0.000400999997509643,1,116.425004370117,1,4.86444536476573,258,1,14.8129997253418,35.9230003356934,0.0215819999575615,0.018403559923172,0.000400999997509643,112.683898925781,-93.0494,25.8639,23.8427951423599,66,66,94,117,128,94,0,8040,1.1727079215133,26,-93,99999,99999,2026-05-31 13:59:10.00148,258,1.0332,0,"aoml_navis",1027.86641129041
"4903910",2,0,1,61,1,-33,1,0.000409000000217929,1,116.111225994873,1,4.86440007729528,260,1,14.7889995574951,35.9169998168945,0.0215819999575615,0.018403559923172,0.000409000000217929,112.38020324707,-93.0494,25.8639,23.8427951423599,66,66,94,117,128,94,0,8040,1.1727079215133,26,-93,99999,99999,2026-05-31 13:59:10.00148,260,1.0332,0,"aoml_navis",1027.87598070678
"4903910",2,0,1,64,1,-30,1,0.000395999988541007,1,115.723255737305,1,4.86431294543666,262,1,14.7150001525879,35.9080009460449,0.0274679996073246,0.0234227124601603,0.000395999988541007,112.004699707031,-93.0494,25.8639,23.8427951423599,66,66,94,117,128,94,0,8040,1.1727079215133,26,-93,99999,99999,2026-05-31 13:59:10.00148,262,1.0332,0,"aoml_navis",1027.89439250421
"4903910",2,0,1,61,1,-33,1,0.000395999988541007,1,115.16987510376,1,4.86422838489705,264,1,14.6120004653931,35.8899993896484,0.0215819999575615,0.018403559923172,0.000395999988541007,111.469100952148,-93.0494,25.8639,23.8427951423599,66,66,94,117,128,94,0,8040,1.1727079215133,26,-93,99999,99999,2026-05-31 13:59:10.00148,264,1.0332,0,"aoml_navis",1027.91226158799
"4903910",2,0,1,63,1,-31,1,0.000449999992270023,1,114.374826947021,1,4.86412705524667,266,1,14.5030002593994,35.875,0.0255059991031885,0.0217496622353792,0.000449999992270023,110.699600219727,-93.0494,25.8639,23.8427951423599,66,66,94,117,128,94,0,8040,1.1727079215133,26,-93,99999,99999,2026-05-31 13:59:10.00148,266,1.0332,0,"aoml_navis",1027.93367508909
"4903910",2,0,1,63,1,-31,1,0.000493000028654933,1,113.62337795105,1,4.8640340613747,268,1,14.3909997940063,35.8569984436035,0.0255059991031885,0.0217496622353792,0.000493000028654933,109.972297668457,-93.0494,25.8639,23.8427951423599,66,66,94,117,128,94,0,8040,1.1727079215133,26,-93,99999,99999,2026-05-31 13:59:10.00148,268,1.0332,0,"aoml_navis",1027.9533278159
"4903910",2,0,1,63,1,-31,1,0.000438999995822087,1,113.090665731812,1,4.86396480104831,270,1,14.326000213623,35.8460006713867,0.0255059991031885,0.0217496622353792,0.000438999995822087,109.456703186035,-93.0494,25.8639,23.8427951423599,66,66,94,117,128,94,0,8040,1.1727079215133,26,-93,99999,99999,2026-05-31 13:59:10.00148,270,1.0332,0,"aoml_navis",1027.96796533609
"4903910",2,0,1,65,1,-29,1,0.000433999986853451,1,112.657031048584,1,4.86388330842945,272,1,14.2489995956421,35.8349990844727,0.0294300001114607,0.0250957626849413,0.000433999986853451,109.037002563477,-93.0494,25.8639,23.8427951423599,66,66,94,117,128,94,0,8040,1.1727079215133,26,-93,99999,99999,2026-05-31 13:59:10.00148,272,1.0332,0,"aoml_navis",1027.98518857035
"4903910",2,0,1,65,1,-29,1,0.000475000008009374,1,112.669320162964,1,4.86378319452506,274,1,14.1359996795654,35.8190002441406,0.0294300001114607,0.0250957626849413,0.000475000008009374,109.048896789551,-93.0494,25.8639,23.8427951423599,66,66,94,117,128,94,0,8040,1.1727079215133,26,-93,99999,99999,2026-05-31 13:59:10.00148,274,1.0332,0,"aoml_navis",1028.00634815061
"4903910",2,0,1,62,1,-32,1,0.000426000013248995,1,112.601237365723,1,4.86372825825699,276,1,14.1020002365112,35.8129997253418,0.0235440004616976,0.020076610147953,0.000426000013248995,108.983001708984,-93.0494,25.8639,23.8427951423599,66,66,94,117,128,94,0,8040,1.1727079215133,26,-93,99999,99999,2026-05-31 13:59:10.00148,276,1.0332,0,"aoml_navis",1028.01795957899
"4903910",2,0,1,64,1,-30,1,0.000490000005811453,1,112.492022689819,1,4.8636788499736,278,1,14.0839996337891,35.810001373291,0.0274679996073246,0.0234227124601603,0.000490000005811453,108.877296447754,-93.0494,25.8639,23.8427951423599,66,66,94,117,128,94,0,8040,1.1727079215133,26,-93,99999,99999,2026-05-31 13:59:10.00148,278,1.0332,0,"aoml_navis",1028.02840282662
"4903910",2,0,1,66,1,-28,1,0.000540999986696988,1,112.385196469116,1,4.86362798030685,280,1,14.0609998703003,35.8059997558594,0.0313920006155968,0.0267688147723675,0.000540999986696988,108.773902893066,-93.0494,25.8639,23.8427951423599,66,66,94,117,128,94,0,8040,1.1727079215133,26,-93,99999,99999,2026-05-31 13:59:10.00148,280,1.0332,0,"aoml_navis",1028.03915518319
"4903910",2,0,1,65,1,-29,1,0.00047999998787418,1,112.332295733643,1,4.86357154504816,282,1,14.0290002822876,35.8009986877441,0.0294300001114607,0.0250957626849413,0.00047999998787418,108.722702026367,-93.0494,25.8639,23.8427951423599,66,66,94,117,128,94,0,8040,1.1727079215133,26,-93,99999,99999,2026-05-31 13:59:10.00148,282,1.0332,0,"aoml_navis",1028.05108420596
"4903910",2,0,1,66,1,-28,1,0.000430999993113801,1,112.212959683228,1,4.8635151345486,284,1,13.9969997406006,35.7960014343262,0.0313920006155968,0.0267688147723675,0.000430999993113801,108.607200622559,-93.0494,25.8639,23.8427951423599,66,66,94,117,128,94,0,8040,1.1727079215133,26,-93,99999,99999,2026-05-31 13:59:10.00148,284,1.0332,0,"aoml_navis",1028.06300827191
"4903910",2,0,1,61,1,-33,1,0.00040300001273863,1,111.973459899902,1,4.86345380043251,286,1,13.9530000686646,35.7890014648438,0.0215819999575615,0.018403559923172,0.00040300001273863,108.375396728516,-93.0494,25.8639,23.8427951423599,66,66,94,117,128,94,0,8040,1.1727079215133,26,-93,99999,99999,2026-05-31 13:59:10.00148,286,1.0332,0,"aoml_navis",1028.07597340708
"4903910",2,0,1,60,1,-34,1,0.00040600000647828,1,111.685615576172,1,4.8633911032739,288,1,13.9040002822876,35.7809982299805,0.0196199994534254,0.016730509698391,0.00040600000647828,108.096801757812,-93.0494,25.8639,23.8427951423599,66,66,94,117,128,94,0,8040,1.1727079215133,26,-93,99999,99999,2026-05-31 13:59:10.00148,288,1.0332,0,"aoml_navis",1028.0892270075
"4903910",2,0,1,61,1,-33,1,0.00047699999413453,1,111.49003026123,1,4.8633184799748,290,1,13.8380002975464,35.7709999084473,0.0215819999575615,0.018403559923172,0.00047699999413453,107.907501220703,-93.0494,25.8639,23.8427951423599,66,66,94,117,128,94,0,8040,1.1727079215133,26,-93,99999,99999,2026-05-31 13:59:10.00148,290,1.0332,0,"aoml_navis",1028.10457932953
"4903910",2,0,1,64,1,-30,1,0.000422999990405515,1,111.298063101196,1,4.86324929161918,292,1,13.7679996490479,35.7589988708496,0.0274679996073246,0.0234227124601603,0.000422999990405515,107.721702575684,-93.0494,25.8639,23.8427951423599,66,66,94,117,128,94,0,8040,1.1727079215133,26,-93,99999,99999,2026-05-31 13:59:10.00148,292,1.0332,0,"aoml_navis",1028.11920594251
"4903910",2,0,1,62,1,-32,1,0.000456999987363815,1,111.227804681396,1,4.86316676927288,294,1,13.6809997558594,35.7459983825684,0.0235440004616976,0.020076610147953,0.000456999987363815,107.653701782227,-93.0494,25.8639,23.8427951423599,66,66,94,117,128,94,0,8040,1.1727079215133,26,-93,99999,99999,2026-05-31 13:59:10.00148,294,1.0332,0,"aoml_navis",1028.13665194286
"4903910",2,0,1,65,1,-29,1,0.00052300002425909,1,110.935506637573,1,4.8630898579535,296,1,13.5920000076294,35.7309989929199,0.0294300001114607,0.0250957626849413,0.00052300002425909,107.370796203613,-93.0494,25.8639,23.8427951423599,66,66,94,117,128,94,0,8040,1.1727079215133,26,-93,99999,99999,2026-05-31 13:59:10.00148,296,1.0332,0,"aoml_navis",1028.1529122524
"4903910",2,0,1,65,1,-29,1,0.00052000000141561,1,110.835396469116,1,4.86299488092509,298,1,13.4809999465942,35.7150001525879,0.0294300001114607,0.0250957626849413,0.00052000000141561,107.273902893066,-93.0494,25.8639,23.8427951423599,66,66,94,117,128,94,0,8040,1.1727079215133,26,-93,99999,99999,2026-05-31 13:59:10.00148,298,1.0332,0,"aoml_navis",1028.17299265773
"4903910",2,0,1,63,1,-31,1,0.000490000005811453,1,110.739818847656,1,4.86290309793535,300,1,13.3579998016357,35.6949996948242,0.0255059991031885,0.0217496622353792,0.000490000005811453,107.181396484375,-93.0494,25.8639,23.8427951423599,66,66,94,117,128,94,0,8040,1.1727079215133,26,-93,99999,99999,2026-05-31 13:59:10.00148,300,1.0332,0,"aoml_navis",1028.1923985125
"4903910",2,0,1,66,1,-28,1,0.000482000003103167,1,110.578026626587,1,4.86286315672264,302,1,13.3489999771118,35.6920013427734,0.0313920006155968,0.0267688147723675,0.000482000003103167,107.024803161621,-93.0494,25.8639,23.8427951423599,66,66,94,117,128,94,0,8040,1.1727079215133,26,-93,99999,99999,2026-05-31 13:59:10.00148,302,1.0332,0,"aoml_navis",1028.20084358898
"4903910",2,0,1,64,1,-30,1,0.000467000005301088,1,110.352479205322,1,4.86280199287073,304,1,13.3149995803833,35.6879997253418,0.0274679996073246,0.0234227124601603,0.000467000005301088,106.806503295898,-93.0494,25.8639,23.8427951423599,66,66,94,117,128,94,0,8040,1.1727079215133,26,-93,99999,99999,2026-05-31 13:59:10.00148,304,1.0332,0,"aoml_navis",1028.21377619949
"4903910",2,0,1,66,1,-28,1,0.000515000021550804,1,110.048199472046,1,4.86274949642185,306,1,13.28600025177,35.6829986572266,0.0313920006155968,0.0267688147723675,0.000515000021550804,106.512001037598,-93.0494,25.8639,23.8427951423599,66,66,94,117,128,94,0,8040,1.1727079215133,26,-93,99999,99999,2026-05-31 13:59:10.00148,306,1.0332,0,"aoml_navis",1028.22487641593
"4903910",2,0,1,65,1,-29,1,0.000453999993624166,1,109.765518310547,1,4.86267134665283,308,1,13.2089996337891,35.6720008850098,0.0294300001114607,0.0250957626849413,0.000453999993624166,106.238403320312,-93.0494,25.8639,23.8427951423599,66,66,94,117,128,94,0,8040,1.1727079215133,26,-93,99999,99999,2026-05-31 13:59:10.00148,308,1.0332,0,"aoml_navis",1028.24140139385
"4903910",2,0,1,64,1,-30,1,0.000441000011051074,1,109.736068579102,1,4.86260333983215,310,1,13.1420001983643,35.6609992980957,0.0274679996073246,0.0234227124601603,0.000441000011051074,106.209899902344,-93.0494,25.8639,23.8427951423599,66,66,94,117,128,94,0,8040,1.1727079215133,26,-93,99999,99999,2026-05-31 13:59:10.00148,310,1.0332,0,"aoml_navis",1028.2557820504
"4903910",2,0,1,66,1,-28,1,0.000436000002082437,1,109.758282000732,1,4.8625324287602,312,1,13.0830001831055,35.6529998779297,0.0313920006155968,0.0267688147723675,0.000436000002082437,106.231399536133,-93.0494,25.8639,23.8427951423599,66,66,94,117,128,94,0,8040,1.1727079215133,26,-93,99999,99999,2026-05-31 13:59:10.00148,312,1.0332,0,"aoml_navis",1028.27077726551
"4903910",2,0,1,64,1,-30,1,0.000441000011051074,1,109.796095266724,1,4.86246183213479,314,1,13.0129995346069,35.6419982910156,0.0274679996073246,0.0234227124601603,0.000441000011051074,106.267997741699,-93.0494,25.8639,23.8427951423599,66,66,94,117,128,94,0,8040,1.1727079215133,26,-93,99999,99999,2026-05-31 13:59:10.00148,314,1.0332,0,"aoml_navis",1028.28570642061
"4903910",2,0,1,65,1,-29,1,0.00044599999091588,1,109.682757943726,1,4.86239907921939,316,1,12.9619998931885,35.6339988708496,0.0294300001114607,0.0250957626849413,0.00044599999091588,106.158302307129,-93.0494,25.8639,23.8427951423599,66,66,94,117,128,94,0,8040,1.1727079215133,26,-93,99999,99999,2026-05-31 13:59:10.00148,316,1.0332,0,"aoml_navis",1028.29897722066
"4903910",2,0,1,64,1,-30,1,0.000482000003103167,1,109.605160739136,1,4.86234379580016,318,1,12.9259996414185,35.6279983520508,0.0274679996073246,0.0234227124601603,0.000482000003103167,106.083198547363,-93.0494,25.8639,23.8427951423599,66,66,94,117,128,94,0,8040,1.1727079215133,26,-93,99999,99999,2026-05-31 13:59:10.00148,318,1.0332,0,"aoml_navis",1028.31066867767
"4903910",2,0,1,65,1,-29,1,0.000487000012071803,1,109.519609899902,1,4.86226341388034,320,1,12.8529996871948,35.6189994812012,0.0294300001114607,0.0250957626849413,0.000487000012071803,106.000396728516,-93.0494,25.8639,23.8427951423599,66,66,94,117,128,94,0,8040,1.1727079215133,26,-93,99999,99999,2026-05-31 13:59:10.00148,320,1.0332,0,"aoml_navis",1028.32766849415
"4903910",2,0,1,64,1,-30,1,0.000422999990405515,1,109.242612158203,1,4.8622160817791,322,1,12.8249998092651,35.6129989624023,0.0274679996073246,0.0234227124601603,0.000422999990405515,105.732299804688,-93.0494,25.8639,23.8427951423599,66,66,94,117,128,94,0,8040,1.1727079215133,26,-93,99999,99999,2026-05-31 13:59:10.00148,322,1.0332,0,"aoml_navis",1028.33767893147
"4903910",2,0,1,66,1,-28,1,0.000452999986009672,1,108.991548468018,1,4.86215419090189,324,1,12.7819995880127,35.6069984436035,0.0313920006155968,0.0267688147723675,0.000452999986009672,105.489303588867,-93.0494,25.8639,23.8427951423599,66,66,94,117,128,94,0,8040,1.1727079215133,26,-93,99999,99999,2026-05-31 13:59:10.00148,324,1.0332,0,"aoml_navis",1028.35076875103
"4903910",2,0,1,65,1,-29,1,0.00044599999091588,1,108.791517315674,1,4.86208856759004,326,1,12.7200002670288,35.5970001220703,0.0294300001114607,0.0250957626849413,0.00044599999091588,105.295700073242,-93.0494,25.8639,23.8427951423599,66,66,94,117,128,94,0,8040,1.1727079215133,26,-93,99999,99999,2026-05-31 13:59:10.00148,326,1.0332,0,"aoml_navis",1028.36464833842
"4903910",2,0,1,66,1,-28,1,0.000468999991426244,1,108.355612417603,1,4.86204547672923,328,1,12.6999998092651,35.5919990539551,0.0313920006155968,0.0267688147723675,0.000468999991426244,104.873802185059,-93.0494,25.8639,23.8427951423599,66,66,94,117,128,94,0,8040,1.1727079215133,26,-93,99999,99999,2026-05-31 13:59:10.00148,328,1.0332,0,"aoml_navis",1028.37376242799
"4903910",2,0,1,65,1,-29,1,0.000457999994978309,1,108.178622369385,1,4.86194876910075,330,1,12.5979995727539,35.5800018310547,0.0294300001114607,0.0250957626849413,0.000457999994978309,104.702499389648,-93.0494,25.8639,23.8427951423599,66,66,94,117,128,94,0,8040,1.1727079215133,26,-93,99999,99999,2026-05-31 13:59:10.00148,330,1.0332,0,"aoml_navis",1028.39421751554
"4903910",2,0,1,66,1,-28,1,0.000465999997686595,1,107.994096469116,1,4.86186986948334,332,1,12.4949998855591,35.5629997253418,0.0313920006155968,0.0267688147723675,0.000465999997686595,104.523902893066,-93.0494,25.8639,23.8427951423599,66,66,94,117,128,94,0,8040,1.1727079215133,26,-93,99999,99999,2026-05-31 13:59:10.00148,332,1.0332,0,"aoml_navis",1028.41090654928
"4903910",2,0,1,66,1,-28,1,0.000635000003967434,1,107.769889105225,1,4.86180587011046,334,1,12.4530000686646,35.5579986572266,0.0313920006155968,0.0267688147723675,0.000635000003967434,104.306900024414,-93.0494,25.8639,23.8427951423599,66,66,94,117,128,94,0,8040,1.1727079215133,26,-93,99999,99999,2026-05-31 13:59:10.00148,334,1.0332,0,"aoml_navis",1028.42444424594
"4903910",2,0,1,67,1,-27,1,0.000471000006655231,1,107.396596417236,1,4.86176888999491,336,1,12.4429998397827,35.5540008544922,0.0333539992570877,0.0284418649971485,0.000471000006655231,103.945602416992,-93.0494,25.8639,23.8427951423599,66,66,94,117,128,94,0,8040,1.1727079215133,26,-93,99999,99999,2026-05-31 13:59:10.00148,336,1.0332,0,"aoml_navis",1028.43226675985
"4903910",2,0,1,65,1,-29,1,0.000456000008853152,1,107.083842791748,1,4.86170369112657,338,1,12.3920001983643,35.5470008850098,0.0294300001114607,0.0250957626849413,0.000456000008853152,103.64289855957,-93.0494,25.8639,23.8427951423599,66,66,94,117,128,94,0,8040,1.1727079215133,26,-93,99999,99999,2026-05-31 13:59:10.00148,338,1.0332,0,"aoml_navis",1028.4460587604
"4903910",2,0,1,63,1,-31,1,0.000468000012915581,1,106.981966900635,1,4.86162261892559,340,1,12.3050003051758,35.5349998474121,0.0255059991031885,0.0217496622353792,0.000468000012915581,103.544296264648,-93.0494,25.8639,23.8427951423599,66,66,94,117,128,94,0,8040,1.1727079215133,26,-93,99999,99999,2026-05-31 13:59:10.00148,340,1.0332,0,"aoml_navis",1028.4632090808
"4903910",2,0,1,68,1,-26,1,0.000524999981280416,1,106.901484631348,1,4.86154364029356,342,1,12.2159996032715,35.5219993591309,0.0353160016238689,0.0301149170845747,0.000524999981280416,103.466400146484,-93.0494,25.8639,23.8427951423599,66,66,94,117,128,94,0,8040,1.1727079215133,26,-93,99999,99999,2026-05-31 13:59:10.00148,342,1.0332,0,"aoml_navis",1028.47991706973
"4903910",2,0,1,66,1,-28,1,0.000463000003946945,1,106.802194262695,1,4.86146418284736,344,1,12.1300001144409,35.5099983215332,0.0313920006155968,0.0267688147723675,0.000463000003946945,103.370300292969,-93.0494,25.8639,23.8427951423599,66,66,94,117,128,94,0,8040,1.1727079215133,26,-93,99999,99999,2026-05-31 13:59:10.00148,344,1.0332,0,"aoml_navis",1028.49672689998
"4903910",2,0,1,63,1,-31,1,0.000472999992780387,1,106.741852267456,1,4.86139830165149,346,1,12.0620002746582,35.4990005493164,0.0255059991031885,0.0217496622353792,0.000472999992780387,103.311897277832,-93.0494,25.8639,23.8427951423599,66,66,94,117,128,94,0,8040,1.1727079215133,26,-93,99999,99999,2026-05-31 13:59:10.00148,346,1.0332,0,"aoml_navis",1028.51066498736
"4903910",2,0,1,65,1,-29,1,0.00048600000445731,1,106.669631057739,1,4.86132428648955,348,1,11.9890003204346,35.4889984130859,0.0294300001114607,0.0250957626849413,0.00048600000445731,103.241996765137,-93.0494,25.8639,23.8427951423599,66,66,94,117,128,94,0,8040,1.1727079215133,26,-93,99999,99999,2026-05-31 13:59:10.00148,348,1.0332,0,"aoml_navis",1028.52632437952
"4903910",2,0,1,65,1,-29,1,0.000511999998707324,1,106.504835531616,1,4.86126942706031,350,1,11.9479999542236,35.4819984436035,0.0294300001114607,0.0250957626849413,0.000511999998707324,103.082496643066,-93.0494,25.8639,23.8427951423599,66,66,94,117,128,94,0,8040,1.1727079215133,26,-93,99999,99999,2026-05-31 13:59:10.00148,350,1.0332,0,"aoml_navis",1028.53793129989
"4903910",2,0,1,66,1,-28,1,0.00048600000445731,1,106.349649005127,1,4.86120535942163,352,1,11.9010000228882,35.476001739502,0.0313920006155968,0.0267688147723675,0.00048600000445731,102.93229675293,-93.0494,25.8639,23.8427951423599,66,66,94,117,128,94,0,8040,1.1727079215133,26,-93,99999,99999,2026-05-31 13:59:10.00148,352,1.0332,0,"aoml_navis",1028.55148678493
"4903910",2,0,1,66,1,-28,1,0.000523999973665923,1,106.20221116333,1,4.86113842385177,354,1,11.83899974823,35.4669990539551,0.0313920006155968,0.0267688147723675,0.000523999973665923,102.789596557617,-93.0494,25.8639,23.8427951423599,66,66,94,117,128,94,0,8040,1.1727079215133,26,-93,99999,99999,2026-05-31 13:59:10.00148,354,1.0332,0,"aoml_navis",1028.56564945094
"4903910",2,0,1,68,1,-26,1,0.000468000012915581,1,106.070278573608,1,4.86108567958991,356,1,11.8000001907349,35.4599990844727,0.0353160016238689,0.0301149170845747,0.000468000012915581,102.661903381348,-93.0494,25.8639,23.8427951423599,66,66,94,117,128,94,0,8040,1.1727079215133,26,-93,99999,99999,2026-05-31 13:59:10.00148,356,1.0332,0,"aoml_navis",1028.57680970186
"4903910",2,0,1,65,1,-29,1,0.000495999993290752,1,105.993201626587,1,4.86102557773533,358,1,11.7530002593994,35.4529991149902,0.0294300001114607,0.0250957626849413,0.000495999993290752,102.587303161621,-93.0494,25.8639,23.8427951423599,66,66,94,117,128,94,0,8040,1.1727079215133,26,-93,99999,99999,2026-05-31 13:59:10.00148,358,1.0332,0,"aoml_navis",1028.58952705396
"4903910",2,0,1,65,1,-29,1,0.000463000003946945,1,105.915706896973,1,4.86094696939809,360,1,11.673999786377,35.443000793457,0.0294300001114607,0.0250957626849413,0.000463000003946945,102.512298583984,-93.0494,25.8639,23.8427951423599,66,66,94,117,128,94,0,8040,1.1727079215133,26,-93,99999,99999,2026-05-31 13:59:10.00148,360,1.0332,0,"aoml_navis",1028.60616079075
"4903910",2,0,1,66,1,-28,1,0.000478000001749024,1,105.837802267456,1,4.86088709462844,362,1,11.6230001449585,35.435001373291,0.0313920006155968,0.0267688147723675,0.000478000001749024,102.436897277832,-93.0494,25.8639,23.8427951423599,66,66,94,117,128,94,0,8040,1.1727079215133,26,-93,99999,99999,2026-05-31 13:59:10.00148,362,1.0332,0,"aoml_navis",1028.61883081491
"4903910",2,0,1,66,1,-28,1,0.000452000007499009,1,105.78687220459,1,4.86082644079551,364,1,11.5790004730225,35.4290008544922,0.0313920006155968,0.0267688147723675,0.000452000007499009,102.387603759766,-93.0494,25.8639,23.8427951423599,66,66,94,117,128,94,0,8040,1.1727079215133,26,-93,99999,99999,2026-05-31 13:59:10.00148,364,1.0332,0,"aoml_navis",1028.63166601392
"4903910",2,0,1,67,1,-27,1,0.000515999970957637,1,105.742130053711,1,4.86076585898761,366,1,11.5310001373291,35.4220008850098,0.0333539992570877,0.0284418649971485,0.000515999970957637,102.344299316406,-93.0494,25.8639,23.8427951423599,66,66,94,117,128,94,0,8040,1.1727079215133,26,-93,99999,99999,2026-05-31 13:59:10.00148,366,1.0332,0,"aoml_navis",1028.64448629118
"4903910",2,0,1,67,1,-27,1,0.000460000010207295,1,105.737171841431,1,4.86072003520639,368,1,11.5109996795654,35.4179992675781,0.0333539992570877,0.0284418649971485,0.000460000010207295,102.339500427246,-93.0494,25.8639,23.8427951423599,66,66,94,117,128,94,0,8040,1.1727079215133,26,-93,99999,99999,2026-05-31 13:59:10.00148,368,1.0332,0,"aoml_navis",1028.65418369805
"4903910",2,0,1,63,1,-31,1,0.000675000017508864,1,105.691507415771,1,4.86066322491948,370,1,11.4790000915527,35.4140014648438,0.0255059991031885,0.0217496622353792,0.000675000017508864,102.295303344727,-93.0494,25.8639,23.8427951423599,66,66,94,117,128,94,0,8040,1.1727079215133,26,-93,99999,99999,2026-05-31 13:59:10.00148,370,1.0332,0,"aoml_navis",1028.66620636587
"4903910",2,0,1,70,1,-24,1,0.000464999990072101,1,105.714335687256,1,4.86059188300536,372,1,11.418999671936,35.4070014953613,0.0392399989068508,0.0334610193967819,0.000464999990072101,102.317398071289,-93.0494,25.8639,23.8427951423599,66,66,94,117,128,94,0,8040,1.1727079215133,26,-93,99999,99999,2026-05-31 13:59:10.00148,372,1.0332,0,"aoml_navis",1028.68130473617
"4903910",2,0,1,68,1,-26,1,0.000456999987363815,1,105.633538110352,1,4.86054710813644,374,1,11.3879995346069,35.4000015258789,0.0353160016238689,0.0301149170845747,0.000456999987363815,102.239196777344,-93.0494,25.8639,23.8427951423599,66,66,94,117,128,94,0,8040,1.1727079215133,26,-93,99999,99999,2026-05-31 13:59:10.00148,374,1.0332,0,"aoml_navis",1028.69078084443
"4903910",2,0,1,65,1,-29,1,0.000510999991092831,1,105.542414208984,1,4.86049231465289,376,1,11.3540000915527,35.3950004577637,0.0294300001114607,0.0250957626849413,0.000510999991092831,102.151000976562,-93.0494,25.8639,23.8427951423599,66,66,94,117,128,94,0,8040,1.1727079215133,26,-93,99999,99999,2026-05-31 13:59:10.00148,376,1.0332,0,"aoml_navis",1028.70237751977
"4903910",2,0,1,67,1,-27,1,0.000460000010207295,1,105.587873684692,1,4.86041242499818,378,1,11.2639999389648,35.382999420166,0.0333539992570877,0.0284418649971485,0.000460000010207295,102.194999694824,-93.0494,25.8639,23.8427951423599,66,66,94,117,128,94,0,8040,1.1727079215133,26,-93,99999,99999,2026-05-31 13:59:10.00148,378,1.0332,0,"aoml_navis",1028.71928610089
"4903910",2,0,1,67,1,-27,1,0.000484999996842816,1,105.600580581665,1,4.86035353278834,380,1,11.2049999237061,35.3730010986328,0.0333539992570877,0.0284418649971485,0.000484999996842816,102.207298278809,-93.0494,25.8639,23.8427951423599,66,66,94,117,128,94,0,8040,1.1727079215133,26,-93,99999,99999,2026-05-31 13:59:10.00148,380,1.0332,0,"aoml_navis",1028.7317509456
"4903910",2,0,1,67,1,-27,1,0.000464999990072101,1,105.549957943726,1,4.86029635045126,382,1,11.1639995574951,35.367000579834,0.0333539992570877,0.0284418649971485,0.000464999990072101,102.158302307129,-93.0494,25.8639,23.8427951423599,66,66,94,117,128,94,0,8040,1.1727079215133,26,-93,99999,99999,2026-05-31 13:59:10.00148,382,1.0332,0,"aoml_navis",1028.74385417584
"4903910",2,0,1,66,1,-28,1,0.000484999996842816,1,105.481354888916,1,4.86023910684473,384,1,11.1309995651245,35.3629989624023,0.0313920006155968,0.0267688147723675,0.000484999996842816,102.091903686523,-93.0494,25.8639,23.8427951423599,66,66,94,117,128,94,0,8040,1.1727079215133,26,-93,99999,99999,2026-05-31 13:59:10.00148,384,1.0332,0,"aoml_navis",1028.75597065964
"4903910",2,0,1,64,1,-30,1,0.000487999990582466,1,105.460583999634,1,4.86018384663765,386,1,11.0920000076294,35.3569984436035,0.0274679996073246,0.0234227124601603,0.000487999990582466,102.071800231934,-93.0494,25.8639,23.8427951423599,66,66,94,117,128,94,0,8040,1.1727079215133,26,-93,99999,99999,2026-05-31 13:59:10.00148,386,1.0332,0,"aoml_navis",1028.7676675974
"4903910",2,0,1,66,1,-28,1,0.000460000010207295,1,105.437747845459,1,4.86012407222415,388,1,11.0520000457764,35.3520011901855,0.0313920006155968,0.0267688147723675,0.000460000010207295,102.049697875977,-93.0494,25.8639,23.8427951423599,66,66,94,117,128,94,0,8040,1.1727079215133,26,-93,99999,99999,2026-05-31 13:59:10.00148,388,1.0332,0,"aoml_navis",1028.78032035751
"4903910",2,0,1,66,1,-28,1,0.000472000014269724,1,105.379888897705,1,4.86006893815787,390,1,11.0129995346069,35.3460006713867,0.0313920006155968,0.0267688147723675,0.000472000014269724,101.993698120117,-93.0494,25.8639,23.8427951423599,66,66,94,117,128,94,0,8040,1.1727079215133,26,-93,99999,99999,2026-05-31 13:59:10.00148,390,1.0332,0,"aoml_navis",1028.79199114718
"4903910",2,0,1,65,1,-29,1,0.000493000028654933,1,105.322857632446,1,4.86001645616976,392,1,10.9809999465942,35.3409996032715,0.0294300001114607,0.0250957626849413,0.000493000028654933,101.938499450684,-93.0494,25.8639,23.8427951423599,66,66,94,117,128,94,0,8040,1.1727079215133,26,-93,99999,99999,2026-05-31 13:59:10.00148,392,1.0332,0,"aoml_navis",1028.80310079044
"4903910",2,0,1,66,1,-28,1,0.00047999998787418,1,105.281946469116,1,4.85996044574883,394,1,10.9449996948242,35.3359985351562,0.0313920006155968,0.0267688147723675,0.00047999998787418,101.898902893066,-93.0494,25.8639,23.8427951423599,66,66,94,117,128,94,0,8040,1.1727079215133,26,-93,99999,99999,2026-05-31 13:59:10.00148,394,1.0332,0,"aoml_navis",1028.81495761425
"4903910",2,0,1,64,1,-30,1,0.000444000004790723,1,105.250636422729,1,4.85989913167693,396,1,10.9029998779297,35.3310012817383,0.0274679996073246,0.0234227124601603,0.000444000004790723,101.868598937988,-93.0494,25.8639,23.8427951423599,66,66,94,117,128,94,0,8040,1.1727079215133,26,-93,99999,99999,2026-05-31 13:59:10.00148,396,1.0332,0,"aoml_navis",1028.82793747917
"4903910",2,0,1,68,1,-26,1,0.000498000008519739,1,105.248468682861,1,4.85984779206976,398,1,10.8680000305176,35.3250007629395,0.0353160016238689,0.0301149170845747,0.000498000008519739,101.866500854492,-93.0494,25.8639,23.8427951423599,66,66,94,117,128,94,0,8040,1.1727079215133,26,-93,99999,99999,2026-05-31 13:59:10.00148,398,1.0332,0,"aoml_navis",1028.83880605457
"4903910",2,0,1,67,1,-27,1,0.000509999983478338,1,105.222534631348,1,4.85979271796595,400,1,10.8369998931885,35.3209991455078,0.0333539992570877,0.0284418649971485,0.000509999983478338,101.841400146484,-93.0494,25.8639,23.8427951423599,66,66,94,117,128,94,0,8040,1.1727079215133,26,-93,99999,99999,2026-05-31 13:59:10.00148,400,1.0332,0,"aoml_navis",1028.85046547679
"4903910",2,0,1,66,1,-28,1,0.00100699998438358,1,105.258700415039,1,4.85973350021852,402,1,10.7930002212524,35.314998626709,0.0313920006155968,0.0267688147723675,0.00100699998438358,101.876403808594,-93.0494,25.8639,23.8427951423599,66,66,94,117,128,94,0,8040,1.1727079215133,26,-93,99999,99999,2026-05-31 13:59:10.00148,402,1.0332,0,"aoml_navis",1028.86300242085
"4903910",2,0,1,65,1,-29,1,0.000494999985676259,1,105.205176947021,1,4.85968545333561,404,1,10.7740001678467,35.3120002746582,0.0294300001114607,0.0250957626849413,0.000494999985676259,101.824600219727,-93.0494,25.8639,23.8427951423599,66,66,94,117,128,94,0,8040,1.1727079215133,26,-93,99999,99999,2026-05-31 13:59:10.00148,404,1.0332,0,"aoml_navis",1028.87317461423
"4903910",2,0,1,67,1,-27,1,0.000459000002592802,1,105.185651522827,1,4.85963491373149,406,1,10.7480001449585,35.3079986572266,0.0333539992570877,0.0284418649971485,0.000459000002592802,101.805702209473,-93.0494,25.8639,23.8427951423599,66,66,94,117,128,94,0,8040,1.1727079215133,26,-93,99999,99999,2026-05-31 13:59:10.00148,406,1.0332,0,"aoml_navis",1028.88387476843
"4903910",2,0,1,66,1,-28,1,0.000464000011561438,1,105.199493527222,1,4.85956968263966,408,1,10.6969995498657,35.3019981384277,0.0313920006155968,0.0267688147723675,0.000464000011561438,101.81909942627,-93.0494,25.8639,23.8427951423599,66,66,94,117,128,94,0,8040,1.1727079215133,26,-93,99999,99999,2026-05-31 13:59:10.00148,408,1.0332,0,"aoml_navis",1028.89768570703
"4903910",2,0,1,68,1,-26,1,0.000472000014269724,1,105.200321209717,1,4.85951495487372,410,1,10.6619997024536,35.2970008850098,0.0353160016238689,0.0301149170845747,0.000472000014269724,101.819900512695,-93.0494,25.8639,23.8427951423599,66,66,94,117,128,94,0,8040,1.1727079215133,26,-93,99999,99999,2026-05-31 13:59:10.00148,410,1.0332,0,"aoml_navis",1028.9092731334
"4903910",2,0,1,66,1,-28,1,0.000484999996842816,1,105.188749420166,1,4.85946350047586,412,1,10.6389999389648,35.2939987182617,0.0313920006155968,0.0267688147723675,0.000484999996842816,101.808700561523,-93.0494,25.8639,23.8427951423599,66,66,94,117,128,94,0,8040,1.1727079215133,26,-93,99999,99999,2026-05-31 13:59:10.00148,412,1.0332,0,"aoml_navis",1028.92016773259
"4903910",2,0,1,67,1,-27,1,0.000500000023748726,1,105.158479888916,1,4.85941701484409,414,1,10.6300001144409,35.2929992675781,0.0333539992570877,0.0284418649971485,0.000500000023748726,101.779403686523,-93.0494,25.8639,23.8427951423599,66,66,94,117,128,94,0,8040,1.1727079215133,26,-93,99999,99999,2026-05-31 13:59:10.00148,414,1.0332,0,"aoml_navis",1028.9300104779
"4903910",2,0,1,66,1,-28,1,0.000459000002592802,1,105.021060946655,1,4.8593743539868,416,1,10.6169996261597,35.2900009155273,0.0313920006155968,0.0267688147723675,0.000459000002592802,101.64640045166,-93.0494,25.8639,23.8427951423599,66,66,94,117,128,94,0,8040,1.1727079215133,26,-93,99999,99999,2026-05-31 13:59:10.00148,416,1.0332,0,"aoml_navis",1028.93904354124
"4903910",2,0,1,65,1,-29,1,0.000436000002082437,1,104.937165472412,1,4.85932804614345,418,1,10.6040000915527,35.2879981994629,0.0294300001114607,0.0250957626849413,0.000436000002082437,101.565200805664,-93.0494,25.8639,23.8427951423599,66,66,94,117,128,94,0,8040,1.1727079215133,26,-93,99999,99999,2026-05-31 13:59:10.00148,418,1.0332,0,"aoml_navis",1028.9488490015
"4903910",2,0,1,64,1,-30,1,0.000436000002082437,1,104.931584527588,1,4.85926993667023,420,1,10.5649995803833,35.2830009460449,0.0274679996073246,0.0234227124601603,0.000436000002082437,101.559799194336,-93.0494,25.8639,23.8427951423599,66,66,94,117,128,94,0,8040,1.1727079215133,26,-93,99999,99999,2026-05-31 13:59:10.00148,420,1.0332,0,"aoml_navis",1028.9611536638
"4903910",2,0,1,67,1,-27,1,0.000494999985676259,1,105.050715628052,1,4.85919809214359,422,1,10.5059995651245,35.2770004272461,0.0333539992570877,0.0284418649971485,0.000494999985676259,101.675102233887,-93.0494,25.8639,23.8427951423599,66,66,94,117,128,94,0,8040,1.1727079215133,26,-93,99999,99999,2026-05-31 13:59:10.00148,422,1.0332,0,"aoml_navis",1028.9763671261
"4903910",2,0,1,67,1,-27,1,0.00044900001375936,1,105.106714260864,1,4.8591389621827,424,1,10.4530000686646,35.2690010070801,0.0333539992570877,0.0284418649971485,0.00044900001375936,101.729301452637,-93.0494,25.8639,23.8427951423599,66,66,94,117,128,94,0,8040,1.1727079215133,26,-93,99999,99999,2026-05-31 13:59:10.00148,424,1.0332,0,"aoml_navis",1028.98888854869
"4903910",2,0,1,68,1,-26,1,0.000456000008853152,1,105.069003469849,1,4.85909272948635,426,1,10.4399995803833,35.2669982910156,0.0353160016238689,0.0301149170845747,0.000456000008853152,101.692802429199,-93.0494,25.8639,23.8427951423599,66,66,94,117,128,94,0,8040,1.1727079215133,26,-93,99999,99999,2026-05-31 13:59:10.00148,426,1.0332,0,"aoml_navis",1028.99867904529
"4903910",2,0,1,67,1,-27,1,0.000459000002592802,1,105.073031524658,1,4.85904164855662,428,1,10.4130001068115,35.2630004882812,0.0333539992570877,0.0284418649971485,0.000459000002592802,101.696701049805,-93.0494,25.8639,23.8427951423599,66,66,94,117,128,94,0,8040,1.1727079215133,26,-93,99999,99999,2026-05-31 13:59:10.00148,428,1.0332,0,"aoml_navis",1029.00949644777
"4903910",2,0,1,67,1,-27,1,0.000456000008853152,1,105.057944055176,1,4.85898974143026,430,1,10.3850002288818,35.2589988708496,0.0333539992570877,0.0284418649971485,0.000456000008853152,101.682098388672,-93.0494,25.8639,23.8427951423599,66,66,94,117,128,94,0,8040,1.1727079215133,26,-93,99999,99999,2026-05-31 13:59:10.00148,430,1.0332,0,"aoml_navis",1029.02048904681
"4903910",2,0,1,68,1,-26,1,0.000464000011561438,1,105.130787997437,1,4.85893133330272,432,1,10.3409996032715,35.2529983520508,0.0353160016238689,0.0301149170845747,0.000464000011561438,101.752601623535,-93.0494,25.8639,23.8427951423599,66,66,94,117,128,94,0,8040,1.1727079215133,26,-93,99999,99999,2026-05-31 13:59:10.00148,432,1.0332,0,"aoml_navis",1029.03285867211
"4903910",2,0,1,67,1,-27,1,0.000494999985676259,1,105.180480477905,1,4.85887105297672,434,1,10.298999786377,35.2480010986328,0.0333539992570877,0.0284418649971485,0.000494999985676259,101.80069732666,-93.0494,25.8639,23.8427951423599,66,66,94,117,128,94,0,8040,1.1727079215133,26,-93,99999,99999,2026-05-31 13:59:10.00148,434,1.0332,0,"aoml_navis",1029.04562510191
"4903910",2,0,1,67,1,-27,1,0.000482000003103167,1,105.190917160034,1,4.85881236769069,436,1,10.2629995346069,35.2439994812012,0.0333539992570877,0.0284418649971485,0.000482000003103167,101.81079864502,-93.0494,25.8639,23.8427951423599,66,66,94,117,128,94,0,8040,1.1727079215133,26,-93,99999,99999,2026-05-31 13:59:10.00148,436,1.0332,0,"aoml_navis",1029.05805403151
"4903910",2,0,1,68,1,-26,1,0.000471000006655231,1,105.244440628052,1,4.85875999033445,438,1,10.2299995422363,35.2389984130859,0.0353160016238689,0.0301149170845747,0.000471000006655231,101.862602233887,-93.0494,25.8639,23.8427951423599,66,66,94,117,128,94,0,8040,1.1727079215133,26,-93,99999,99999,2026-05-31 13:59:10.00148,438,1.0332,0,"aoml_navis",1029.06914726114
"4903910",2,0,1,65,1,-29,1,0.000465999997686595,1,105.205176947021,1,4.85871235206127,440,1,10.2110004425049,35.2360000610352,0.0294300001114607,0.0250957626849413,0.000465999997686595,101.824600219727,-93.0494,25.8639,23.8427951423599,66,66,94,117,128,94,0,8040,1.1727079215133,26,-93,99999,99999,2026-05-31 13:59:10.00148,440,1.0332,0,"aoml_navis",1029.0792369873
"4903910",2,0,1,68,1,-26,1,0.000474000000394881,1,105.1869915802,1,4.85866191600034,442,1,10.1929998397827,35.234001159668,0.0353160016238689,0.0301149170845747,0.000474000000394881,101.806999206543,-93.0494,25.8639,23.8427951423599,66,66,94,117,128,94,0,8040,1.1727079215133,26,-93,99999,99999,2026-05-31 13:59:10.00148,442,1.0332,0,"aoml_navis",1029.08991949701
"4903910",2,0,1,68,1,-26,1,0.000509999983478338,1,105.192265100098,1,4.85861838401051,444,1,10.1829996109009,35.2319984436035,0.0353160016238689,0.0301149170845747,0.000509999983478338,101.812103271484,-93.0494,25.8639,23.8427951423599,66,66,94,117,128,94,0,8040,1.1727079215133,26,-93,99999,99999,2026-05-31 13:59:10.00148,444,1.0332,0,"aoml_navis",1029.09913988198
"4903910",2,0,1,71,1,-23,1,0.000474000000394881,1,105.209102526855,1,4.8585628129013,446,1,10.1590003967285,35.2299995422363,0.041202001273632,0.035134069621563,0.000474000000394881,101.828399658203,-93.0494,25.8639,23.8427951423599,66,66,94,117,128,94,0,8040,1.1727079215133,26,-93,99999,99999,2026-05-31 13:59:10.00148,446,1.0332,0,"aoml_navis",1029.11091047812
"4903910",2,0,1,67,1,-27,1,0.00063999998383224,1,105.204451739502,1,4.85850799575849,448,1,10.1230001449585,35.2249984741211,0.0333539992570877,0.0284418649971485,0.00063999998383224,101.82389831543,-93.0494,25.8639,23.8427951423599,66,66,94,117,128,94,0,8040,1.1727079215133,26,-93,99999,99999,2026-05-31 13:59:10.00148,448,1.0332,0,"aoml_navis",1029.12252163937
"4903910",2,0,1,65,1,-29,1,0.000475999986520037,1,105.184618890381,1,4.85846166091177,450,1,10.1140003204346,35.2239990234375,0.0294300001114607,0.0250957626849413,0.000475999986520037,101.804702758789,-93.0494,25.8639,23.8427951423599,66,66,94,117,128,94,0,8040,1.1727079215133,26,-93,99999,99999,2026-05-31 13:59:10.00148,450,1.0332,0,"aoml_navis",1029.13233631686
"4903910",2,0,1,69,1,-25,1,0.000450999999884516,1,105.211790524292,1,4.85840896599872,452,1,10.08899974823,35.2210006713867,0.0372780002653599,0.0317879654467106,0.000450999999884516,101.831001281738,-93.0494,25.8639,23.8427951423599,66,66,94,117,128,94,0,8040,1.1727079215133,26,-93,99999,99999,2026-05-31 13:59:10.00148,452,1.0332,0,"aoml_navis",1029.14349841526
"4903910",2,0,1,70,1,-24,1,0.000448000006144866,1,105.169941320801,1,4.85835716464514,454,1,10.0649995803833,35.2179985046387,0.0392399989068508,0.0334610193967819,0.000448000006144866,101.790496826172,-93.0494,25.8639,23.8427951423599,66,66,94,117,128,94,0,8040,1.1727079215133,26,-93,99999,99999,2026-05-31 13:59:10.00148,454,1.0332,0,"aoml_navis",1029.15447147147
"4903910",2,0,1,69,1,-25,1,0.000474000000394881,1,105.098965576172,1,4.85831451812215,456,1,10.0559997558594,35.2159996032715,0.0372780002653599,0.0317879654467106,0.000474000000394881,101.721801757812,-93.0494,25.8639,23.8427951423599,66,66,94,117,128,94,0,8040,1.1727079215133,26,-93,99999,99999,2026-05-31 13:59:10.00148,456,1.0332,0,"aoml_navis",1029.16350543987
"4903910",2,0,1,67,1,-27,1,0.000471000006655231,1,105.113840213013,1,4.85826444057803,458,1,10.0340003967285,35.2130012512207,0.0333539992570877,0.0284418649971485,0.000471000006655231,101.736198425293,-93.0494,25.8639,23.8427951423599,66,66,94,117,128,94,0,8040,1.1727079215133,26,-93,99999,99999,2026-05-31 13:59:10.00148,458,1.0332,0,"aoml_navis",1029.17411375102
"4903910",2,0,1,68,1,-26,1,0.000480999995488673,1,105.097720111084,1,4.85821039002345,460,1,10.0030002593994,35.2089996337891,0.0353160016238689,0.0301149170845747,0.000480999995488673,101.720596313477,-93.0494,25.8639,23.8427951423599,66,66,94,117,128,94,0,8040,1.1727079215133,26,-93,99999,99999,2026-05-31 13:59:10.00148,460,1.0332,0,"aoml_navis",1029.18556394094
"4903910",2,0,1,66,1,-28,1,0.000433000008342788,1,105.14204447937,1,4.85814785328584,462,1,9.96199989318848,35.2050018310547,0.0313920006155968,0.0267688147723675,0.000433000008342788,101.763496398926,-93.0494,25.8639,23.8427951423599,66,66,94,117,128,94,0,8040,1.1727079215133,26,-93,99999,99999,2026-05-31 13:59:10.00148,462,1.0332,0,"aoml_navis",1029.1988121807
"4903910",2,0,1,67,1,-27,1,0.000538000022061169,1,105.164470733643,1,4.85810154022444,464,1,9.9399995803833,35.201000213623,0.0333539992570877,0.0284418649971485,0.000538000022061169,101.785202026367,-93.0494,25.8639,23.8427951423599,66,66,94,117,128,94,0,8040,1.1727079215133,26,-93,99999,99999,2026-05-31 13:59:10.00148,464,1.0332,0,"aoml_navis",1029.2086236981
"4903910",2,0,1,66,1,-28,1,0.000429999985499308,1,105.124584320068,1,4.85804986353926,466,1,9.91600036621094,35.1980018615723,0.0313920006155968,0.0267688147723675,0.000429999985499308,101.746597290039,-93.0494,25.8639,23.8427951423599,66,66,94,117,128,94,0,8040,1.1727079215133,26,-93,99999,99999,2026-05-31 13:59:10.00148,466,1.0332,0,"aoml_navis",1029.21957173106
"4903910",2,0,1,70,1,-24,1,0.000437999988207594,1,105.255697109985,1,4.85799030913288,468,1,9.87399959564209,35.193000793457,0.0392399989068508,0.0334610193967819,0.000437999988207594,101.873497009277,-93.0494,25.8639,23.8427951423599,66,66,94,117,128,94,0,8040,1.1727079215133,26,-93,99999,99999,2026-05-31 13:59:10.00148,468,1.0332,0,"aoml_navis",1029.23218899802
"4903910",2,0,1,68,1,-26,1,0.000457999994978309,1,105.367702258301,1,4.85792550040899,470,1,9.81700038909912,35.1860008239746,0.0353160016238689,0.0301149170845747,0.000457999994978309,101.981903076172,-93.0494,25.8639,23.8427951423599,66,66,94,117,128,94,0,8040,1.1727079215133,26,-93,99999,99999,2026-05-31 13:59:10.00148,470,1.0332,0,"aoml_navis",1029.2459198024
"4903910",2,0,1,67,1,-27,1,0.00044299999717623,1,105.407580789185,1,4.85787087931465,472,1,9.78499984741211,35.181999206543,0.0333539992570877,0.0284418649971485,0.00044299999717623,102.020500183105,-93.0494,25.8639,23.8427951423599,66,66,94,117,128,94,0,8040,1.1727079215133,26,-93,99999,99999,2026-05-31 13:59:10.00148,472,1.0332,0,"aoml_navis",1029.25749247279
"4903910",2,0,1,66,1,-28,1,0.000456000008853152,1,105.322234899902,1,4.85782157350871,474,1,9.76799964904785,35.1800003051758,0.0313920006155968,0.0267688147723675,0.000456000008853152,101.937896728516,-93.0494,25.8639,23.8427951423599,66,66,94,117,128,94,0,8040,1.1727079215133,26,-93,99999,99999,2026-05-31 13:59:10.00148,474,1.0332,0,"aoml_navis",1029.26793920687
"4903910",2,0,1,69,1,-25,1,0.000471000006655231,1,105.355200311279,1,4.85777143691796,476,1,9.75,35.1780014038086,0.0372780002653599,0.0317879654467106,0.000471000006655231,101.969802856445,-93.0494,25.8639,23.8427951423599,66,66,94,117,128,94,0,8040,1.1727079215133,26,-93,99999,99999,2026-05-31 13:59:10.00148,476,1.0332,0,"aoml_navis",1029.27856218206
"4903910",2,0,1,67,1,-27,1,0.00044299999717623,1,105.366977050781,1,4.85772247508595,478,1,9.72900009155273,35.1749992370605,0.0333539992570877,0.0284418649971485,0.00044299999717623,101.981201171875,-93.0494,25.8639,23.8427951423599,66,66,94,117,128,94,0,8040,1.1727079215133,26,-93,99999,99999,2026-05-31 13:59:10.00148,478,1.0332,0,"aoml_navis",1029.28893646019
"4903910",2,0,1,67,1,-27,1,0.000471000006655231,1,105.430204110718,1,4.8576665997053,480,1,9.69099998474121,35.1699981689453,0.0333539992570877,0.0284418649971485,0.000471000006655231,102.04239654541,-93.0494,25.8639,23.8427951423599,66,66,94,117,128,94,0,8040,1.1727079215133,26,-93,99999,99999,2026-05-31 13:59:10.00148,480,1.0332,0,"aoml_navis",1029.30077587114
"4903910",2,0,1,67,1,-27,1,0.000475999986520037,1,105.37080015564,1,4.85761044835017,482,1,9.6569995880127,35.1660003662109,0.0333539992570877,0.0284418649971485,0.000475999986520037,101.984901428223,-93.0494,25.8639,23.8427951423599,66,66,94,117,128,94,0,8040,1.1727079215133,26,-93,99999,99999,2026-05-31 13:59:10.00148,482,1.0332,0,"aoml_navis",1029.3126740326
"4903910",2,0,1,69,1,-25,1,0.000455000001238659,1,105.360883731079,1,4.85754799907402,484,1,9.61100006103516,35.1609992980957,0.0372780002653599,0.0317879654467106,0.000455000001238659,101.975303649902,-93.0494,25.8639,23.8427951423599,66,66,94,117,128,94,0,8040,1.1727079215133,26,-93,99999,99999,2026-05-31 13:59:10.00148,484,1.0332,0,"aoml_navis",1029.32590701175
"4903910",2,0,1,67,1,-27,1,0.000407000014092773,1,105.406650631714,1,4.85749231028318,486,1,9.57299995422363,35.1559982299805,0.0333539992570877,0.0284418649971485,0.000407000014092773,102.019599914551,-93.0494,25.8639,23.8427951423599,66,66,94,117,128,94,0,8040,1.1727079215133,26,-93,99999,99999,2026-05-31 13:59:10.00148,486,1.0332,0,"aoml_navis",1029.3377077335
"4903910",2,0,1,67,1,-27,1,0.000425000005634502,1,105.64397479248,1,4.85742108954838,488,1,9.50300025939941,35.1479988098145,0.0333539992570877,0.0284418649971485,0.000425000005634502,102.249298095703,-93.0494,25.8639,23.8427951423599,66,66,94,117,128,94,0,8040,1.1727079215133,26,-93,99999,99999,2026-05-31 13:59:10.00148,488,1.0332,0,"aoml_navis",1029.35280014294
"4903910",2,0,1,68,1,-26,1,0.000402000005124137,1,105.813941363525,1,4.85735764497762,490,1,9.45100021362305,35.1419982910156,0.0353160016238689,0.0301149170845747,0.000402000005124137,102.413803100586,-93.0494,25.8639,23.8427951423599,66,66,94,117,128,94,0,8040,1.1727079215133,26,-93,99999,99999,2026-05-31 13:59:10.00148,490,1.0332,0,"aoml_navis",1029.36624507563
"4903910",2,0,1,65,1,-29,1,0.000411999993957579,1,105.856090109253,1,4.85731139878539,492,1,9.43299961090088,35.1389999389648,0.0294300001114607,0.0250957626849413,0.000411999993957579,102.454597473145,-93.0494,25.8639,23.8427951423599,66,66,94,117,128,94,0,8040,1.1727079215133,26,-93,99999,99999,2026-05-31 13:59:10.00148,492,1.0332,0,"aoml_navis",1029.37604561451
"4903910",2,0,1,68,1,-26,1,0.000399000011384487,1,106.077302050781,1,4.85726562767638,494,1,9.42000007629395,35.1370010375977,0.0353160016238689,0.0301149170845747,0.000399000011384487,102.668701171875,-93.0494,25.8639,23.8427951423599,66,66,94,117,128,94,0,8040,1.1727079215133,26,-93,99999,99999,2026-05-31 13:59:10.00148,494,1.0332,0,"aoml_navis",1029.38574565705
"4903910",2,0,1,67,1,-27,1,0.000437000009696931,1,106.281771157837,1,4.85720648642137,496,1,9.3730001449585,35.1310005187988,0.0333539992570877,0.0284418649971485,0.000437000009696931,102.866600036621,-93.0494,25.8639,23.8427951423599,66,66,94,117,128,94,0,8040,1.1727079215133,26,-93,99999,99999,2026-05-31 13:59:10.00148,496,1.0332,0,"aoml_navis",1029.39827943857
"4903910",2,0,1,67,1,-27,1,0.000552000012248755,1,106.437682891846,1,4.85715326726515,498,1,9.34200000762939,35.1269989013672,0.0333539992570877,0.0284418649971485,0.000552000012248755,103.017501831055,-93.0494,25.8639,23.8427951423599,66,66,94,117,128,94,0,8040,1.1727079215133,26,-93,99999,99999,2026-05-31 13:59:10.00148,498,1.0332,0,"aoml_navis",1029.40955841307
"4903910",2,0,1,66,1,-28,1,0.000463000003946945,1,106.546479785156,1,4.85709141407593,500,1,9.29599952697754,35.1220016479492,0.0313920006155968,0.0267688147723675,0.000463000003946945,103.122802734375,-93.0494,25.8639,23.8427951423599,66,66,94,117,128,94,0,8040,1.1727079215133,26,-93,99999,99999,2026-05-31 13:59:10.00148,500,1.0332,0,"aoml_navis",1029.42266754748
"4903910",2,0,1,68,1,-26,1,0.000457999994978309,1,106.555568527222,1,4.85704157581104,502,1,9.26900005340576,35.1180000305176,0.0353160016238689,0.0301149170845747,0.000457999994978309,103.13159942627,-93.0494,25.8639,23.8427951423599,66,66,94,117,128,94,0,8040,1.1727079215133,26,-93,99999,99999,2026-05-31 13:59:10.00148,502,1.0332,0,"aoml_navis",1029.43323048765
"4903910",2,0,1,70,1,-24,1,0.000464999990072101,1,106.558981732178,1,4.85699302610487,504,1,9.25699996948242,35.117000579834,0.0392399989068508,0.0334610193967819,0.000464999990072101,103.134902954102,-93.0494,25.8639,23.8427951423599,66,66,94,117,128,94,0,8040,1.1727079215133,26,-93,99999,99999,2026-05-31 13:59:10.00148,504,1.0332,0,"aoml_navis",1029.44352053349
"4903910",2,0,1,69,1,-25,1,0.00048300001071766,1,106.660849740601,1,4.85694446855798,506,1,9.23600006103516,35.1139984130859,0.0372780002653599,0.0317879654467106,0.00048300001071766,103.233497619629,-93.0494,25.8639,23.8427951423599,66,66,94,117,128,94,0,8040,1.1727079215133,26,-93,99999,99999,2026-05-31 13:59:10.00148,506,1.0332,0,"aoml_navis",1029.45381244692
"4903910",2,0,1,70,1,-24,1,0.000469999999040738,1,106.752911682129,1,4.85688608423136,508,1,9.19400024414062,35.109001159668,0.0392399989068508,0.0334610193967819,0.000469999999040738,103.322601318359,-93.0494,25.8639,23.8427951423599,66,66,94,117,128,94,0,8040,1.1727079215133,26,-93,99999,99999,2026-05-31 13:59:10.00148,508,1.0332,0,"aoml_navis",1029.4661874474
"4903910",2,0,1,68,1,-26,1,0.000472999992780387,1,106.938785522461,1,4.8568208636284,510,1,9.13899993896484,35.1030006408691,0.0353160016238689,0.0301149170845747,0.000472999992780387,103.502502441406,-93.0494,25.8639,23.8427951423599,66,66,94,117,128,94,0,8040,1.1727079215133,26,-93,99999,99999,2026-05-31 13:59:10.00148,510,1.0332,0,"aoml_navis",1029.48001180028
"4903910",2,0,1,66,1,-28,1,0.000531999976374209,1,106.972570733643,1,4.85677973338423,512,1,9.1269998550415,35.0999984741211,0.0313920006155968,0.0267688147723675,0.000531999976374209,103.535202026367,-93.0494,25.8639,23.8427951423599,66,66,94,117,128,94,0,8040,1.1727079215133,26,-93,99999,99999,2026-05-31 13:59:10.00148,512,1.0332,0,"aoml_navis",1029.48873008
"4903910",2,0,1,69,1,-25,1,0.000487999990582466,1,107.132092739868,1,4.85673003456027,514,1,9.10900020599365,35.0979995727539,0.0372780002653599,0.0317879654467106,0.000487999990582466,103.689598083496,-93.0494,25.8639,23.8427951423599,66,66,94,117,128,94,0,8040,1.1727079215133,26,-93,99999,99999,2026-05-31 13:59:10.00148,514,1.0332,0,"aoml_navis",1029.49926481814
"4903910",2,0,1,68,1,-26,1,0.000498000008519739,1,107.314561257935,1,4.85666295473612,516,1,9.05599975585938,35.0929985046387,0.0353160016238689,0.0301149170845747,0.000498000008519739,103.866203308105,-93.0494,25.8639,23.8427951423599,66,66,94,117,128,94,0,8040,1.1727079215133,26,-93,99999,99999,2026-05-31 13:59:10.00148,516,1.0332,0,"aoml_navis",1029.51348417623
"4903910",2,0,1,68,1,-26,1,0.000484999996842816,1,107.361053366089,1,4.856610930092,518,1,9.02600002288818,35.0890007019043,0.0353160016238689,0.0301149170845747,0.000484999996842816,103.911201477051,-93.0494,25.8639,23.8427951423599,66,66,94,117,128,94,0,8040,1.1727079215133,26,-93,99999,99999,2026-05-31 13:59:10.00148,518,1.0332,0,"aoml_navis",1029.52451245776
"4903910",2,0,1,68,1,-26,1,0.000446999998530373,1,107.478939001465,1,4.85656256199405,520,1,9.00500011444092,35.0859985351562,0.0353160016238689,0.0301149170845747,0.000446999998530373,104.025299072266,-93.0494,25.8639,23.8427951423599,66,66,94,117,128,94,0,8040,1.1727079215133,26,-93,99999,99999,2026-05-31 13:59:10.00148,520,1.0332,0,"aoml_navis",1029.53476582974
"4903910",2,0,1,66,1,-28,1,0.000433999986853451,1,107.587215637207,1,4.85649812195615,522,1,8.95499992370605,35.0810012817383,0.0313920006155968,0.0267688147723675,0.000433999986853451,104.130096435547,-93.0494,25.8639,23.8427951423599,66,66,94,117,128,94,0,8040,1.1727079215133,26,-93,99999,99999,2026-05-31 13:59:10.00148,522,1.0332,0,"aoml_navis",1029.54842654938
"4903910",2,0,1,68,1,-26,1,0.000432000000728294,1,107.632682995605,1,4.85644855500608,524,1,8.9370002746582,35.0789985656738,0.0353160016238689,0.0301149170845747,0.000432000000728294,104.174102783203,-93.0494,25.8639,23.8427951423599,66,66,94,117,128,94,0,8040,1.1727079215133,26,-93,99999,99999,2026-05-31 13:59:10.00148,524,1.0332,0,"aoml_navis",1029.55893455228
"4903910",2,0,1,68,1,-26,1,0.000508000026457012,1,107.698393103027,1,4.85639219194924,526,1,8.9060001373291,35.076000213623,0.0353160016238689,0.0301149170845747,0.000508000026457012,104.237701416016,-93.0494,25.8639,23.8427951423599,66,66,94,117,128,94,0,8040,1.1727079215133,26,-93,99999,99999,2026-05-31 13:59:10.00148,526,1.0332,0,"aoml_navis",1029.57088356431
"4903910",2,0,1,68,1,-26,1,0.000475000008009374,1,107.736829101562,1,4.85634310320634,528,1,8.88399982452393,35.0730018615723,0.0353160016238689,0.0301149170845747,0.000475000008009374,104.27490234375,-93.0494,25.8639,23.8427951423599,66,66,94,117,128,94,0,8040,1.1727079215133,26,-93,99999,99999,2026-05-31 13:59:10.00148,528,1.0332,0,"aoml_navis",1029.58129064209
"4903910",2,0,1,68,1,-26,1,0.000432000000728294,1,107.828370785522,1,4.85629679824291,530,1,8.86999988555908,35.0709991455078,0.0353160016238689,0.0301149170845747,0.000432000000728294,104.363502502441,-93.0494,25.8639,23.8427951423599,66,66,94,117,128,94,0,8040,1.1727079215133,26,-93,99999,99999,2026-05-31 13:59:10.00148,530,1.0332,0,"aoml_navis",1029.59110773647
"4903910",2,0,1,68,1,-26,1,0.000426000013248995,1,108.070030426025,1,4.85622622567165,532,1,8.8120002746582,35.0660018920898,0.0353160016238689,0.0301149170845747,0.000426000013248995,104.597396850586,-93.0494,25.8639,23.8427951423599,66,66,94,117,128,94,0,8040,1.1727079215133,26,-93,99999,99999,2026-05-31 13:59:10.00148,532,1.0332,0,"aoml_navis",1029.60607015553
"4903910",2,0,1,69,1,-25,1,0.000582000007852912,1,108.284218890381,1,4.85615820946125,534,1,8.75699996948242,35.0610008239746,0.0372780002653599,0.0317879654467106,0.000582000007852912,104.804702758789,-93.0494,25.8639,23.8427951423599,66,66,94,117,128,94,0,8040,1.1727079215133,26,-93,99999,99999,2026-05-31 13:59:10.00148,534,1.0332,0,"aoml_navis",1029.62049100017
"4903910",2,0,1,67,1,-27,1,0.000452000007499009,1,108.430829049683,1,4.85609779634373,536,1,8.71599960327148,35.056999206543,0.0333539992570877,0.0284418649971485,0.000452000007499009,104.946601867676,-93.0494,25.8639,23.8427951423599,66,66,94,117,128,94,0,8040,1.1727079215133,26,-93,99999,99999,2026-05-31 13:59:10.00148,536,1.0332,0,"aoml_navis",1029.63330017048
"4903910",2,0,1,68,1,-26,1,0.000546000024769455,1,108.593764260864,1,4.85604409968153,538,1,8.6879997253418,35.0540008544922,0.0353160016238689,0.0301149170845747,0.000546000024769455,105.104301452637,-93.0494,25.8639,23.8427951423599,66,66,94,117,128,94,0,8040,1.1727079215133,26,-93,99999,99999,2026-05-31 13:59:10.00148,538,1.0332,0,"aoml_navis",1029.6446855431
"4903910",2,0,1,69,1,-25,1,0.000452000007499009,1,108.815386102295,1,4.85598272196399,540,1,8.64099979400635,35.048999786377,0.0372780002653599,0.0317879654467106,0.000452000007499009,105.318801879883,-93.0494,25.8639,23.8427951423599,66,66,94,117,128,94,0,8040,1.1727079215133,26,-93,99999,99999,2026-05-31 13:59:10.00148,540,1.0332,0,"aoml_navis",1029.65769984819
"4903910",2,0,1,69,1,-25,1,0.00044900001375936,1,109.014274264526,1,4.85591720822287,542,1,8.58399963378906,35.0429992675781,0.0372780002653599,0.0317879654467106,0.00044900001375936,105.511299133301,-93.0494,25.8639,23.8427951423599,66,66,94,117,128,94,0,8040,1.1727079215133,26,-93,99999,99999,2026-05-31 13:59:10.00148,542,1.0332,0,"aoml_navis",1029.67159150348
"4903910",2,0,1,71,1,-23,1,0.000461999996332452,1,109.149415109253,1,4.8558668224761,544,1,8.5600004196167,35.0400009155273,0.041202001273632,0.035134069621563,0.000461999996332452,105.642097473145,-93.0494,25.8639,23.8427951423599,66,66,94,117,128,94,0,8040,1.1727079215133,26,-93,99999,99999,2026-05-31 13:59:10.00148,544,1.0332,0,"aoml_navis",1029.68227564577
"4903910",2,0,1,66,1,-28,1,0.00047699999413453,1,109.252221157837,1,4.85581358172836,546,1,8.53699970245361,35.0379981994629,0.0313920006155968,0.0267688147723675,0.00047699999413453,105.741600036621,-93.0494,25.8639,23.8427951423599,66,66,94,117,128,94,0,8040,1.1727079215133,26,-93,99999,99999,2026-05-31 13:59:10.00148,546,1.0332,0,"aoml_navis",1029.69356542314
"4903910",2,0,1,66,1,-28,1,0.000433999986853451,1,109.349446261597,1,4.85576218496033,548,1,8.52099990844727,35.0369987487793,0.0313920006155968,0.0267688147723675,0.000433999986853451,105.83570098877,-93.0494,25.8639,23.8427951423599,66,66,94,117,128,94,0,8040,1.1727079215133,26,-93,99999,99999,2026-05-31 13:59:10.00148,548,1.0332,0,"aoml_navis",1029.70446441681
"4903910",2,0,1,68,1,-26,1,0.000444000004790723,1,109.416914208984,1,4.85570739042412,550,1,8.49600028991699,35.0349998474121,0.0353160016238689,0.0301149170845747,0.000444000004790723,105.901000976562,-93.0494,25.8639,23.8427951423599,66,66,94,117,128,94,0,8040,1.1727079215133,26,-93,99999,99999,2026-05-31 13:59:10.00148,550,1.0332,0,"aoml_navis",1029.71608418177
"4903910",2,0,1,66,1,-28,1,0.00044900001375936,1,109.467024472046,1,4.85566152457179,552,1,8.48700046539307,35.0340003967285,0.0313920006155968,0.0267688147723675,0.00044900001375936,105.949501037598,-93.0494,25.8639,23.8427951423599,66,66,94,117,128,94,0,8040,1.1727079215133,26,-93,99999,99999,2026-05-31 13:59:10.00148,552,1.0332,0,"aoml_navis",1029.72581072585
"4903910",2,0,1,68,1,-26,1,0.000453999993624166,1,109.597932312012,1,4.85561438399095,554,1,8.46700000762939,35.0309982299805,0.0353160016238689,0.0301149170845747,0.000453999993624166,106.076202392578,-93.0494,25.8639,23.8427951423599,66,66,94,117,128,94,0,8040,1.1727079215133,26,-93,99999,99999,2026-05-31 13:59:10.00148,554,1.0332,0,"aoml_navis",1029.73580778677
"4903910",2,0,1,67,1,-27,1,0.000421000004280359,1,109.771714105225,1,4.85555444447158,556,1,8.42599964141846,35.0270004272461,0.0333539992570877,0.0284418649971485,0.000421000004280359,106.244400024414,-93.0494,25.8639,23.8427951423599,66,66,94,117,128,94,0,8040,1.1727079215133,26,-93,99999,99999,2026-05-31 13:59:10.00148,556,1.0332,0,"aoml_navis",1029.7485193875
"4903910",2,0,1,69,1,-25,1,0.000582000007852912,1,109.873274688721,1,4.85550209190093,558,1,8.4040002822876,35.0250015258789,0.0372780002653599,0.0317879654467106,0.000582000007852912,106.342697143555,-93.0494,25.8639,23.8427951423599,66,66,94,117,128,94,0,8040,1.1727079215133,26,-93,99999,99999,2026-05-31 13:59:10.00148,558,1.0332,0,"aoml_navis",1029.75962225206
"4903910",2,0,1,67,1,-27,1,0.000421000004280359,1,109.917086682129,1,4.85544820641457,560,1,8.38000011444092,35.0229988098145,0.0333539992570877,0.0284418649971485,0.000421000004280359,106.385101318359,-93.0494,25.8639,23.8427951423599,66,66,94,117,128,94,0,8040,1.1727079215133,26,-93,99999,99999,2026-05-31 13:59:10.00148,560,1.0332,0,"aoml_navis",1029.77105046543
"4903910",2,0,1,67,1,-27,1,0.000421000004280359,1,109.96956963501,1,4.85539511076876,562,1,8.35700035095215,35.0209999084473,0.0333539992570877,0.0284418649971485,0.000421000004280359,106.435897827148,-93.0494,25.8639,23.8427951423599,66,66,94,117,128,94,0,8040,1.1727079215133,26,-93,99999,99999,2026-05-31 13:59:10.00148,562,1.0332,0,"aoml_navis",1029.78231141489
"4903910",2,0,1,69,1,-25,1,0.000444000004790723,1,110.212474740601,1,4.85533969415637,564,1,8.33100032806396,35.0190010070801,0.0372780002653599,0.0317879654467106,0.000444000004790723,106.670997619629,-93.0494,25.8639,23.8427951423599,66,66,94,117,128,94,0,8040,1.1727079215133,26,-93,99999,99999,2026-05-31 13:59:10.00148,564,1.0332,0,"aoml_navis",1029.79406487619
"4903910",2,0,1,67,1,-27,1,0.000430999993113801,1,110.472532580566,1,4.85528233148013,566,1,8.29300022125244,35.0149993896484,0.0333539992570877,0.0284418649971485,0.000430999993113801,106.922698974609,-93.0494,25.8639,23.8427951423599,66,66,94,117,128,94,0,8040,1.1727079215133,26,-93,99999,99999,2026-05-31 13:59:10.00148,566,1.0332,0,"aoml_navis",1029.80623136611
"4903910",2,0,1,69,1,-25,1,0.000437999988207594,1,110.790654318237,1,4.85521414390265,568,1,8.24100017547607,35.0110015869141,0.0372780002653599,0.0317879654467106,0.000437999988207594,107.230598449707,-93.0494,25.8639,23.8427951423599,66,66,94,117,128,94,0,8040,1.1727079215133,26,-93,99999,99999,2026-05-31 13:59:10.00148,568,1.0332,0,"aoml_navis",1029.82069416633
"4903910",2,0,1,68,1,-26,1,0.000450999999884516,1,110.977765740967,1,4.85515770125794,570,1,8.20400047302246,35.0069999694824,0.0353160016238689,0.0301149170845747,0.000450999999884516,107.411697387695,-93.0494,25.8639,23.8427951423599,66,66,94,117,128,94,0,8040,1.1727079215133,26,-93,99999,99999,2026-05-31 13:59:10.00148,570,1.0332,0,"aoml_navis",1029.83266613658
"4903910",2,0,1,66,1,-28,1,0.000441000011051074,1,111.113016943359,1,4.85510244495653,572,1,8.17800045013428,35.0050010681152,0.0313920006155968,0.0267688147723675,0.000441000011051074,107.542602539062,-93.0494,25.8639,23.8427951423599,66,66,94,117,128,94,0,8040,1.1727079215133,26,-93,99999,99999,2026-05-31 13:59:10.00148,572,1.0332,0,"aoml_navis",1029.84438674286
"4903910",2,0,1,68,1,-26,1,0.000425000005634502,1,111.26199979248,1,4.8550495459153,574,1,8.15499973297119,35.0029983520508,0.0353160016238689,0.0301149170845747,0.000425000005634502,107.686798095703,-93.0494,25.8639,23.8427951423599,66,66,94,117,128,94,0,8040,1.1727079215133,26,-93,99999,99999,2026-05-31 13:59:10.00148,574,1.0332,0,"aoml_navis",1029.85560759244
"4903910",2,0,1,66,1,-28,1,0.000418000010540709,1,111.354991891479,1,4.85499683133025,576,1,8.13700008392334,35.0019989013672,0.0313920006155968,0.0267688147723675,0.000418000010540709,107.776802062988,-93.0494,25.8639,23.8427951423599,66,66,94,117,128,94,0,8040,1.1727079215133,26,-93,99999,99999,2026-05-31 13:59:10.00148,576,1.0332,0,"aoml_navis",1029.86678955875
"4903910",2,0,1,68,1,-26,1,0.000464000011561438,1,111.575265792847,1,4.85493607848257,578,1,8.09899997711182,34.9990005493164,0.0353160016238689,0.0301149170845747,0.000464000011561438,107.98999786377,-93.0494,25.8639,23.8427951423599,66,66,94,117,128,94,0,8040,1.1727079215133,26,-93,99999,99999,2026-05-31 13:59:10.00148,578,1.0332,0,"aoml_navis",1029.87967692517
"4903910",2,0,1,68,1,-26,1,0.00039999998989515,1,111.85949984436,1,4.85488693195393,580,1,8.07600021362305,34.9959983825684,0.0353160016238689,0.0301149170845747,0.00039999998989515,108.265098571777,-93.0494,25.8639,23.8427951423599,66,66,94,117,128,94,0,8040,1.1727079215133,26,-93,99999,99999,2026-05-31 13:59:10.00148,580,1.0332,0,"aoml_navis",1029.89010250496
"4903910",2,0,1,67,1,-27,1,0.000551000004634261,1,112.13980831604,1,4.85482397214612,582,1,8.03499984741211,34.9930000305176,0.0333539992570877,0.0284418649971485,0.000551000004634261,108.536399841309,-93.0494,25.8639,23.8427951423599,66,66,94,117,128,94,0,8040,1.1727079215133,26,-93,99999,99999,2026-05-31 13:59:10.00148,582,1.0332,0,"aoml_navis",1029.90345863966
"4903910",2,0,1,68,1,-26,1,0.000404999998863786,1,112.404824368286,1,4.85475942267284,584,1,7.98699998855591,34.9889984130859,0.0353160016238689,0.0301149170845747,0.000404999998863786,108.792900085449,-93.0494,25.8639,23.8427951423599,66,66,94,117,128,94,0,8040,1.1727079215133,26,-93,99999,99999,2026-05-31 13:59:10.00148,584,1.0332,0,"aoml_navis",1029.91715236163
"4903910",2,0,1,70,1,-24,1,0.000417000002926216,1,112.699597576904,1,4.85469890833881,586,1,7.94899988174438,34.9860000610352,0.0392399989068508,0.0334610193967819,0.000417000002926216,109.078201293945,-93.0494,25.8639,23.8427951423599,66,66,94,117,128,94,0,8040,1.1727079215133,26,-93,99999,99999,2026-05-31 13:59:10.00148,586,1.0332,0,"aoml_navis",1029.92999038758
"4903910",2,0,1,67,1,-27,1,0.000448000006144866,1,112.916261206055,1,4.85464455007975,588,1,7.91900014877319,34.9830017089844,0.0333539992570877,0.0284418649971485,0.000448000006144866,109.287902832031,-93.0494,25.8639,23.8427951423599,66,66,94,117,128,94,0,8040,1.1727079215133,26,-93,99999,99999,2026-05-31 13:59:10.00148,588,1.0332,0,"aoml_navis",1029.94152268426
"4903910",2,0,1,67,1,-27,1,0.000417000002926216,1,113.199770050049,1,4.85458123507222,590,1,7.88199996948242,34.9809989929199,0.0333539992570877,0.0284418649971485,0.000417000002926216,109.562301635742,-93.0494,25.8639,23.8427951423599,66,66,94,117,128,94,0,8040,1.1727079215133,26,-93,99999,99999,2026-05-31 13:59:10.00148,590,1.0332,0,"aoml_navis",1029.95495551237
"4903910",2,0,1,68,1,-26,1,0.000427999999374151,1,113.52780821228,1,4.85452859139741,592,1,7.85900020599365,34.9790000915527,0.0353160016238689,0.0301149170845747,0.000427999999374151,109.87979888916,-93.0494,25.8639,23.8427951423599,66,66,94,117,128,94,0,8040,1.1727079215133,26,-93,99999,99999,2026-05-31 13:59:10.00148,592,1.0332,0,"aoml_navis",1029.96612459145
"4903910",2,0,1,68,1,-26,1,0.000425000005634502,1,113.778462002563,1,4.85446762651116,594,1,7.82499980926514,34.9770011901855,0.0353160016238689,0.0301149170845747,0.000425000005634502,110.122398376465,-93.0494,25.8639,23.8427951423599,66,66,94,117,128,94,0,8040,1.1727079215133,26,-93,99999,99999,2026-05-31 13:59:10.00148,594,1.0332,0,"aoml_navis",1029.97905943261
"4903910",2,0,1,69,1,-25,1,0.000480999995488673,1,113.889946893311,1,4.85442110606613,596,1,7.80999994277954,34.9749984741211,0.0372780002653599,0.0317879654467106,0.000480999995488673,110.23030090332,-93.0494,25.8639,23.8427951423599,66,66,94,117,128,94,0,8040,1.1727079215133,26,-93,99999,99999,2026-05-31 13:59:10.00148,596,1.0332,0,"aoml_navis",1029.98892983387
"4903910",2,0,1,69,1,-25,1,0.000483999989228323,1,114.177799099731,1,4.85436020785944,598,1,7.77600002288818,34.9729995727539,0.0372780002653599,0.0317879654467106,0.000483999989228323,110.508903503418,-93.0494,25.8639,23.8427951423599,66,66,94,117,128,94,0,8040,1.1727079215133,26,-93,99999,99999,2026-05-31 13:59:10.00148,598,1.0332,0,"aoml_navis",1030.00185109971
"4903910",2,0,1,70,1,-24,1,0.000410000007832423,1,114.286485635376,1,4.85431218953255,600,1,7.75899982452393,34.9710006713867,0.0392399989068508,0.0334610193967819,0.000410000007832423,110.614097595215,-93.0494,25.8639,23.8427951423599,66,66,94,117,128,94,0,8040,1.1727079215133,26,-93,99999,99999,2026-05-31 13:59:10.00148,600,1.0332,0,"aoml_navis",1030.01203976572
"4903910",2,0,1,70,1,-24,1,0.000402000005124137,1,114.472982208252,1,4.85426644606314,602,1,7.74499988555908,34.9690017700195,0.0392399989068508,0.0334610193967819,0.000402000005124137,110.79460144043,-93.0494,25.8639,23.8427951423599,66,66,94,117,128,94,0,8040,1.1727079215133,26,-93,99999,99999,2026-05-31 13:59:10.00148,602,1.0332,0,"aoml_navis",1030.02174593342
"4903910",2,0,1,70,1,-24,1,0.000419999996665865,1,114.678176522827,1,4.85420648592796,604,1,7.71700000762939,34.9679985046387,0.0392399989068508,0.0334610193967819,0.000419999996665865,110.993202209473,-93.0494,25.8639,23.8427951423599,66,66,94,117,128,94,0,8040,1.1727079215133,26,-93,99999,99999,2026-05-31 13:59:10.00148,604,1.0332,0,"aoml_navis",1030.03446896927
"4903910",2,0,1,67,1,-27,1,0.000514000013936311,1,114.85691652832,1,4.85414255587548,606,1,7.66900014877319,34.9640007019043,0.0333539992570877,0.0284418649971485,0.000514000013936311,111.166198730469,-93.0494,25.8639,23.8427951423599,66,66,94,117,128,94,0,8040,1.1727079215133,26,-93,99999,99999,2026-05-31 13:59:10.00148,606,1.0332,0,"aoml_navis",1030.04803473437
"4903910",2,0,1,68,1,-26,1,0.000388999993447214,1,114.951146209717,1,4.85409911112559,608,1,7.65799999237061,34.9620018005371,0.0353160016238689,0.0301149170845747,0.000388999993447214,111.257400512695,-93.0494,25.8639,23.8427951423599,66,66,94,117,128,94,0,8040,1.1727079215133,26,-93,99999,99999,2026-05-31 13:59:10.00148,608,1.0332,0,"aoml_navis",1030.05725378371
"4903910",2,0,1,70,1,-24,1,0.00044000000343658,1,115.086082104492,1,4.8540483035843,610,1,7.64699983596802,34.9620018005371,0.0392399989068508,0.0334610193967819,0.00044000000343658,111.388000488281,-93.0494,25.8639,23.8427951423599,66,66,94,117,128,94,0,8040,1.1727079215133,26,-93,99999,99999,2026-05-31 13:59:10.00148,610,1.0332,0,"aoml_navis",1030.06803543919
"4903910",2,0,1,68,1,-26,1,0.0003969999961555,1,115.295509423828,1,4.85399744762743,612,1,7.63100004196167,34.9609985351562,0.0353160016238689,0.0301149170845747,0.0003969999961555,111.590698242188,-93.0494,25.8639,23.8427951423599,66,66,94,117,128,94,0,8040,1.1727079215133,26,-93,99999,99999,2026-05-31 13:59:10.00148,612,1.0332,0,"aoml_navis",1030.07882759476
"4903910",2,0,1,70,1,-24,1,0.000399000011384487,1,115.564868838501,1,4.85393678906764,614,1,7.59700012207031,34.9589996337891,0.0392399989068508,0.0334610193967819,0.000399000011384487,111.851402282715,-93.0494,25.8639,23.8427951423599,66,66,94,117,128,94,0,8040,1.1727079215133,26,-93,99999,99999,2026-05-31 13:59:10.00148,614,1.0332,0,"aoml_navis",1030.09170025892
"4903910",2,0,1,67,1,-27,1,0.000388999993447214,1,115.703525363159,1,4.85388370485719,616,1,7.57800006866455,34.9580001831055,0.0333539992570877,0.0284418649971485,0.000388999993447214,111.98560333252,-93.0494,25.8639,23.8427951423599,66,66,94,117,128,94,0,8040,1.1727079215133,26,-93,99999,99999,2026-05-31 13:59:10.00148,616,1.0332,0,"aoml_navis",1030.10296579553
"4903910",2,0,1,67,1,-27,1,0.000418999989051372,1,116.033731265259,1,4.85383586424354,618,1,7.56599998474121,34.9570007324219,0.0333539992570877,0.0284418649971485,0.000418999989051372,112.305198669434,-93.0494,25.8639,23.8427951423599,66,66,94,117,128,94,0,8040,1.1727079215133,26,-93,99999,99999,2026-05-31 13:59:10.00148,618,1.0332,0,"aoml_navis",1030.1131187466
"4903910",2,0,1,67,1,-27,1,0.000394000002415851,1,116.279119418335,1,4.85378197384048,620,1,7.53599977493286,34.9539985656738,0.0333539992570877,0.0284418649971485,0.000394000002415851,112.542701721191,-93.0494,25.8639,23.8427951423599,66,66,94,117,128,94,0,8040,1.1727079215133,26,-93,99999,99999,2026-05-31 13:59:10.00148,620,1.0332,0,"aoml_navis",1030.124555851
"4903910",2,0,1,68,1,-26,1,0.000409000000217929,1,116.284802838135,1,4.85373191449479,622,1,7.52099990844727,34.9529991149902,0.0353160016238689,0.0301149170845747,0.000409000000217929,112.548202514648,-93.0494,25.8639,23.8427951423599,66,66,94,117,128,94,0,8040,1.1727079215133,26,-93,99999,99999,2026-05-31 13:59:10.00148,622,1.0332,0,"aoml_navis",1030.13518012159
"4903910",2,0,1,67,1,-27,1,0.000514000013936311,1,116.536899160767,1,4.85368339482784,624,1,7.51300001144409,34.9529991149902,0.0333539992570877,0.0284418649971485,0.000514000013936311,112.792198181152,-93.0494,25.8639,23.8427951423599,66,66,94,117,128,94,0,8040,1.1727079215133,26,-93,99999,99999,2026-05-31 13:59:10.00148,624,1.0332,0,"aoml_navis",1030.1454778299
"4903910",2,0,1,67,1,-27,1,0.000418999989051372,1,116.856778738403,1,4.85362515878692,626,1,7.48699998855591,34.9519996643066,0.0333539992570877,0.0284418649971485,0.000418999989051372,113.10179901123,-93.0494,25.8639,23.8427951423599,66,66,94,117,128,94,0,8040,1.1727079215133,26,-93,99999,99999,2026-05-31 13:59:10.00148,626,1.0332,0,"aoml_navis",1030.1578379921
"4903910",2,0,1,69,1,-25,1,0.000385999999707565,1,117.102994573975,1,4.85357286292481,628,1,7.46400022506714,34.9500007629395,0.0372780002653599,0.0317879654467106,0.000385999999707565,113.340103149414,-93.0494,25.8639,23.8427951423599,66,66,94,117,128,94,0,8040,1.1727079215133,26,-93,99999,99999,2026-05-31 13:59:10.00148,628,1.0332,0,"aoml_navis",1030.16893764874
"4903910",2,0,1,68,1,-26,1,0.000395999988541007,1,117.423489001465,1,4.85351987233159,630,1,7.44500017166138,34.9490013122559,0.0353160016238689,0.0301149170845747,0.000395999988541007,113.650299072266,-93.0494,25.8639,23.8427951423599,66,66,94,117,128,94,0,8040,1.1727079215133,26,-93,99999,99999,2026-05-31 13:59:10.00148,630,1.0332,0,"aoml_navis",1030.18018500418
"4903910",2,0,1,68,1,-26,1,0.000523999973665923,1,117.739545474243,1,4.85346540295924,632,1,7.41900014877319,34.9469985961914,0.0353160016238689,0.0301149170845747,0.000523999973665923,113.956199645996,-93.0494,25.8639,23.8427951423599,66,66,94,117,128,94,0,8040,1.1727079215133,26,-93,99999,99999,2026-05-31 13:59:10.00148,632,1.0332,0,"aoml_navis",1030.19174648931
"4903910",2,0,1,67,1,-27,1,0.00040600000647828,1,118.03007779541,1,4.85341686943664,634,1,7.40100002288818,34.9449996948242,0.0333539992570877,0.0284418649971485,0.00040600000647828,114.237396240234,-93.0494,25.8639,23.8427951423599,66,66,94,117,128,94,0,8040,1.1727079215133,26,-93,99999,99999,2026-05-31 13:59:10.00148,634,1.0332,0,"aoml_navis",1030.20204826963
"4903910",2,0,1,68,1,-26,1,0.000400999997509643,1,118.408234103394,1,4.85335800636409,636,1,7.37400007247925,34.9440002441406,0.0353160016238689,0.0301149170845747,0.000400999997509643,114.603401184082,-93.0494,25.8639,23.8427951423599,66,66,94,117,128,94,0,8040,1.1727079215133,26,-93,99999,99999,2026-05-31 13:59:10.00148,636,1.0332,0,"aoml_navis",1030.21454288837
"4903910",2,0,1,69,1,-25,1,0.00040600000647828,1,118.763443899536,1,4.85329547589741,638,1,7.33699989318848,34.9420013427734,0.0372780002653599,0.0317879654467106,0.00040600000647828,114.947196960449,-93.0494,25.8639,23.8427951423599,66,66,94,117,128,94,0,8040,1.1727079215133,26,-93,99999,99999,2026-05-31 13:59:10.00148,638,1.0332,0,"aoml_navis",1030.22781630155
"4903910",2,0,1,70,1,-24,1,0.000409000000217929,1,118.932787738037,1,4.85324111740454,640,1,7.31099987030029,34.939998626709,0.0392399989068508,0.0334610193967819,0.000409000000217929,115.111099243164,-93.0494,25.8639,23.8427951423599,66,66,94,117,128,94,0,8040,1.1727079215133,26,-93,99999,99999,2026-05-31 13:59:10.00148,640,1.0332,0,"aoml_navis",1030.23935531848
"4903910",2,0,1,67,1,-27,1,0.000400999997509643,1,119.108745153809,1,4.85318749610592,642,1,7.2960000038147,34.939998626709,0.0333539992570877,0.0284418649971485,0.000400999997509643,115.281402587891,-93.0494,25.8639,23.8427951423599,66,66,94,117,128,94,0,8040,1.1727079215133,26,-93,99999,99999,2026-05-31 13:59:10.00148,642,1.0332,0,"aoml_navis",1030.25073809983
"4903910",2,0,1,67,1,-27,1,0.000391000008676201,1,119.259690792847,1,4.85313683232582,644,1,7.28000020980835,34.9389991760254,0.0333539992570877,0.0284418649971485,0.000391000008676201,115.42749786377,-93.0494,25.8639,23.8427951423599,66,66,94,117,128,94,0,8040,1.1727079215133,26,-93,99999,99999,2026-05-31 13:59:10.00148,644,1.0332,0,"aoml_navis",1030.26149328738
"4903910",2,0,1,70,1,-24,1,0.000414000009186566,1,119.365902163696,1,4.85309205833734,646,1,7.27199983596802,34.9379997253418,0.0392399989068508,0.0334610193967819,0.000414000009186566,115.530296325684,-93.0494,25.8639,23.8427951423599,66,66,94,117,128,94,0,8040,1.1727079215133,26,-93,99999,99999,2026-05-31 13:59:10.00148,646,1.0332,0,"aoml_navis",1030.2709983443
"4903910",2,0,1,70,1,-24,1,0.000395999988541007,1,119.511897473145,1,4.85303992740145,648,1,7.25899982452393,34.9379997253418,0.0392399989068508,0.0334610193967819,0.000395999988541007,115.671600341797,-93.0494,25.8639,23.8427951423599,66,66,94,117,128,94,0,8040,1.1727079215133,26,-93,99999,99999,2026-05-31 13:59:10.00148,648,1.0332,0,"aoml_navis",1030.28206542641
"4903910",2,0,1,69,1,-25,1,0.000409000000217929,1,119.481107684326,1,4.85299662941404,650,1,7.25299978256226,34.9370002746582,0.0372780002653599,0.0317879654467106,0.000409000000217929,115.641799926758,-93.0494,25.8639,23.8427951423599,66,66,94,117,128,94,0,8040,1.1727079215133,26,-93,99999,99999,2026-05-31 13:59:10.00148,650,1.0332,0,"aoml_navis",1030.29125750778
"4903910",2,0,1,66,1,-28,1,0.000422000011894852,1,119.593830157471,1,4.85295111817427,652,1,7.24900007247925,34.9370002746582,0.0313920006155968,0.0267688147723675,0.000422000011894852,115.750900268555,-93.0494,25.8639,23.8427951423599,66,66,94,117,128,94,0,8040,1.1727079215133,26,-93,99999,99999,2026-05-31 13:59:10.00148,652,1.0332,0,"aoml_navis",1030.30091963528
"4903910",2,0,1,67,1,-27,1,0.000445000012405217,1,119.70738031311,1,4.85290267014015,654,1,7.24100017547607,34.9370002746582,0.0333539992570877,0.0284418649971485,0.000445000012405217,115.860801696777,-93.0494,25.8639,23.8427951423599,66,66,94,117,128,94,0,8040,1.1727079215133,26,-93,99999,99999,2026-05-31 13:59:10.00148,654,1.0332,0,"aoml_navis",1030.31120544925
"4903910",2,0,1,68,1,-26,1,0.000387999985832721,1,119.751286898804,1,4.85285717491771,656,1,7.23199987411499,34.9360008239746,0.0353160016238689,0.0301149170845747,0.000387999985832721,115.903297424316,-93.0494,25.8639,23.8427951423599,66,66,94,117,128,94,0,8040,1.1727079215133,26,-93,99999,99999,2026-05-31 13:59:10.00148,656,1.0332,0,"aoml_navis",1030.32086455023
"4903910",2,0,1,68,1,-26,1,0.000464999990072101,1,119.796541424561,1,4.85281240341724,658,1,7.22900009155273,34.9360008239746,0.0353160016238689,0.0301149170845747,0.000464999990072101,115.94709777832,-93.0494,25.8639,23.8427951423599,66,66,94,117,128,94,0,8040,1.1727079215133,26,-93,99999,99999,2026-05-31 13:59:10.00148,658,1.0332,0,"aoml_navis",1030.33037017444
"4903910",2,0,1,69,1,-25,1,0.000392999994801357,1,119.972191415405,1,4.85277058367228,660,1,7.22499990463257,34.935001373291,0.0372780002653599,0.0317879654467106,0.000392999994801357,116.11710357666,-93.0494,25.8639,23.8427951423599,66,66,94,117,128,94,0,8040,1.1727079215133,26,-93,99999,99999,2026-05-31 13:59:10.00148,660,1.0332,0,"aoml_navis",1030.33924925755
"4903910",2,0,1,67,1,-27,1,0.000392999994801357,1,120.191952941895,1,4.85270527399008,662,1,7.19399976730347,34.935001373291,0.0333539992570877,0.0284418649971485,0.000392999994801357,116.329803466797,-93.0494,25.8639,23.8427951423599,66,66,94,117,128,94,0,8040,1.1727079215133,26,-93,99999,99999,2026-05-31 13:59:10.00148,662,1.0332,0,"aoml_navis",1030.35311598242
"4903910",2,0,1,66,1,-28,1,0.000441999989561737,1,120.387743206787,1,4.85264516504066,664,1,7.16499996185303,34.9339981079102,0.0313920006155968,0.0267688147723675,0.000441999989561737,116.519302368164,-93.0494,25.8639,23.8427951423599,66,66,94,117,128,94,0,8040,1.1727079215133,26,-93,99999,99999,2026-05-31 13:59:10.00148,664,1.0332,0,"aoml_navis",1030.36587880377
"4903910",2,0,1,67,1,-27,1,0.000400999997509643,1,120.571441424561,1,4.8525909204526,666,1,7.14400005340576,34.9329986572266,0.0333539992570877,0.0284418649971485,0.000400999997509643,116.69709777832,-93.0494,25.8639,23.8427951423599,66,66,94,117,128,94,0,8040,1.1727079215133,26,-93,99999,99999,2026-05-31 13:59:10.00148,666,1.0332,0,"aoml_navis",1030.37739672761
"4903910",2,0,1,68,1,-26,1,0.00044900001375936,1,120.939366000366,1,4.85254399442112,668,1,7.13299989700317,34.931999206543,0.0353160016238689,0.0301149170845747,0.00044900001375936,117.053199768066,-93.0494,25.8639,23.8427951423599,66,66,94,117,128,94,0,8040,1.1727079215133,26,-93,99999,99999,2026-05-31 13:59:10.00148,668,1.0332,0,"aoml_navis",1030.38736088707
"4903910",2,0,1,70,1,-24,1,0.000385999999707565,1,121.756832528687,1,4.85248904489983,670,1,7.11100006103516,34.9309997558594,0.0392399989068508,0.0334610193967819,0.000385999999707565,117.844398498535,-93.0494,25.8639,23.8427951423599,66,66,94,117,128,94,0,8040,1.1727079215133,26,-93,99999,99999,2026-05-31 13:59:10.00148,670,1.0332,0,"aoml_navis",1030.39902897982
"4903910",2,0,1,68,1,-26,1,0.000377999996999279,1,122.447734579468,1,4.85242323560136,672,1,7.06899976730347,34.9290008544922,0.0353160016238689,0.0301149170845747,0.000377999996999279,118.51309967041,-93.0494,25.8639,23.8427951423599,66,66,94,117,128,94,0,8040,1.1727079215133,26,-93,99999,99999,2026-05-31 13:59:10.00148,672,1.0332,0,"aoml_navis",1030.41300340743
"4903910",2,0,1,67,1,-27,1,0.000554000027477741,1,122.81431121521,1,4.85236034975225,674,1,7.03599977493286,34.9280014038086,0.0333539992570877,0.0284418649971485,0.000554000027477741,118.867897033691,-93.0494,25.8639,23.8427951423599,66,66,94,117,128,94,0,8040,1.1727079215133,26,-93,99999,99999,2026-05-31 13:59:10.00148,674,1.0332,0,"aoml_navis",1030.4263574026
"4903910",2,0,1,67,1,-27,1,0.000369999994290993,1,123.109502206421,1,4.85229613603928,676,1,6.99599981307983,34.9259986877441,0.0333539992570877,0.0284418649971485,0.000369999994290993,119.153602600098,-93.0494,25.8639,23.8427951423599,66,66,94,117,128,94,0,8040,1.1727079215133,26,-93,99999,99999,2026-05-31 13:59:10.00148,676,1.0332,0,"aoml_navis",1030.43999373074
"4903910",2,0,1,69,1,-25,1,0.000426000013248995,1,123.342073104858,1,4.85224637021266,678,1,6.98099994659424,34.9249992370605,0.0372780002653599,0.0317879654467106,0.000426000013248995,119.378700256348,-93.0494,25.8639,23.8427951423599,66,66,94,117,128,94,0,8040,1.1727079215133,26,-93,99999,99999,2026-05-31 13:59:10.00148,678,1.0332,0,"aoml_navis",1030.45056217557
"4903910",2,0,1,71,1,-23,1,0.000390000001061708,1,123.614837841797,1,4.85219516612276,680,1,6.96400022506714,34.923999786377,0.041202001273632,0.035134069621563,0.000390000001061708,119.642700195312,-93.0494,25.8639,23.8427951423599,66,66,94,117,128,94,0,8040,1.1727079215133,26,-93,99999,99999,2026-05-31 13:59:10.00148,680,1.0332,0,"aoml_navis",1030.46143628129
"4903910",2,0,1,66,1,-28,1,0.00040300001273863,1,123.985552890015,1,4.85214100884716,682,1,6.94799995422363,34.923999786377,0.0313920006155968,0.0267688147723675,0.00040300001273863,120.001502990723,-93.0494,25.8639,23.8427951423599,66,66,94,117,128,94,0,8040,1.1727079215133,26,-93,99999,99999,2026-05-31 13:59:10.00148,682,1.0332,0,"aoml_navis",1030.47293779864
"4903910",2,0,1,70,1,-24,1,0.00040600000647828,1,124.334046633911,1,4.85208629435289,684,1,6.9210000038147,34.9220008850098,0.0392399989068508,0.0334610193967819,0.00040600000647828,120.338798522949,-93.0494,25.8639,23.8427951423599,66,66,94,117,128,94,0,8040,1.1727079215133,26,-93,99999,99999,2026-05-31 13:59:10.00148,684,1.0332,0,"aoml_navis",1030.48455791466
"4903910",2,0,1,66,1,-28,1,0.000395000010030344,1,124.53418026123,1,4.85203152463105,686,1,6.89900016784668,34.9210014343262,0.0313920006155968,0.0267688147723675,0.000395000010030344,120.532501220703,-93.0494,25.8639,23.8427951423599,66,66,94,117,128,94,0,8040,1.1727079215133,26,-93,99999,99999,2026-05-31 13:59:10.00148,686,1.0332,0,"aoml_navis",1030.49619002222
"4903910",2,0,1,71,1,-23,1,0.000502999988384545,1,124.690706845093,1,4.85198398540315,688,1,6.88700008392334,34.9199981689453,0.041202001273632,0.035134069621563,0.000502999988384545,120.68399810791,-93.0494,25.8639,23.8427951423599,66,66,94,117,128,94,0,8040,1.1727079215133,26,-93,99999,99999,2026-05-31 13:59:10.00148,688,1.0332,0,"aoml_navis",1030.50628671532
"4903910",2,0,1,69,1,-25,1,0.000375000003259629,1,124.862218423462,1,4.85193499812048,690,1,6.8730001449585,34.9189987182617,0.0372780002653599,0.0317879654467106,0.000375000003259629,120.849998474121,-93.0494,25.8639,23.8427951423599,66,66,94,117,128,94,0,8040,1.1727079215133,26,-93,99999,99999,2026-05-31 13:59:10.00148,690,1.0332,0,"aoml_navis",1030.51669116278
"4903910",2,0,1,70,1,-24,1,0.000383000005967915,1,125.008521157837,1,4.85188242314436,692,1,6.85400009155273,34.9179992675781,0.0392399989068508,0.0334610193967819,0.000383000005967915,120.991600036621,-93.0494,25.8639,23.8427951423599,66,66,94,117,128,94,0,8040,1.1727079215133,26,-93,99999,99999,2026-05-31 13:59:10.00148,692,1.0332,0,"aoml_navis",1030.52785783701
"4903910",2,0,1,67,1,-27,1,0.000398000003769994,1,125.108331784058,1,4.85183335806258,694,1,6.84499979019165,34.9179992675781,0.0333539992570877,0.0284418649971485,0.000398000003769994,121.088203430176,-93.0494,25.8639,23.8427951423599,66,66,94,117,128,94,0,8040,1.1727079215133,26,-93,99999,99999,2026-05-31 13:59:10.00148,694,1.0332,0,"aoml_navis",1030.53827924473
"4903910",2,0,1,68,1,-26,1,0.000392999994801357,1,125.257834890747,1,4.85178788857976,696,1,6.84100008010864,34.9179992675781,0.0353160016238689,0.0301149170845747,0.000392999994801357,121.232902526855,-93.0494,25.8639,23.8427951423599,66,66,94,117,128,94,0,8040,1.1727079215133,26,-93,99999,99999,2026-05-31 13:59:10.00148,696,1.0332,0,"aoml_navis",1030.54793713656
"4903910",2,0,1,67,1,-27,1,0.000384999992093071,1,125.508898580933,1,4.85174682495943,698,1,6.83799982070923,34.9169998168945,0.0333539992570877,0.0284418649971485,0.000384999992093071,121.475898742676,-93.0494,25.8639,23.8427951423599,66,66,94,117,128,94,0,8040,1.1727079215133,26,-93,99999,99999,2026-05-31 13:59:10.00148,698,1.0332,0,"aoml_navis",1030.55665936192
"4903910",2,0,1,70,1,-24,1,0.00039999998989515,1,125.8509915802,1,4.85169929816396,700,1,6.82600021362305,34.9160003662109,0.0392399989068508,0.0334610193967819,0.00039999998989515,121.806999206543,-93.0494,25.8639,23.8427951423599,66,66,94,117,128,94,0,8040,1.1727079215133,26,-93,99999,99999,2026-05-31 13:59:10.00148,700,1.0332,0,"aoml_navis",1030.56675459919
"4903910",2,0,1,70,1,-24,1,0.000380000012228265,1,126.324615151978,1,4.85163876384311,702,1,6.80100011825562,34.9160003662109,0.0392399989068508,0.0334610193967819,0.000380000012228265,122.265403747559,-93.0494,25.8639,23.8427951423599,66,66,94,117,128,94,0,8040,1.1727079215133,26,-93,99999,99999,2026-05-31 13:59:10.00148,702,1.0332,0,"aoml_navis",1030.57961307065
"4903910",2,0,1,70,1,-24,1,0.000456999987363815,1,126.74512515564,1,4.85156394258918,704,1,6.75600004196167,34.9160003662109,0.0392399989068508,0.0334610193967819,0.000456999987363815,122.672401428223,-93.0494,25.8639,23.8427951423599,66,66,94,117,128,94,0,8040,1.1727079215133,26,-93,99999,99999,2026-05-31 13:59:10.00148,704,1.0332,0,"aoml_navis",1030.59550676181
"4903910",2,0,1,68,1,-26,1,0.000444000004790723,1,126.917361941528,1,4.85151359161865,706,1,6.73999977111816,34.9150009155273,0.0353160016238689,0.0301149170845747,0.000444000004790723,122.83910369873,-93.0494,25.8639,23.8427951423599,66,66,94,117,128,94,0,8040,1.1727079215133,26,-93,99999,99999,2026-05-31 13:59:10.00148,706,1.0332,0,"aoml_navis",1030.60620269886
"4903910",2,0,1,70,1,-24,1,0.000390000001061708,1,127.105813421631,1,4.8514645618818,708,1,6.73099994659424,34.9150009155273,0.0392399989068508,0.0334610193967819,0.000390000001061708,123.021499633789,-93.0494,25.8639,23.8427951423599,66,66,94,117,128,94,0,8040,1.1727079215133,26,-93,99999,99999,2026-05-31 13:59:10.00148,708,1.0332,0,"aoml_navis",1030.61661818273
"4903910",2,0,1,68,1,-26,1,0.000398000003769994,1,127.316068423462,1,4.85141482143822,710,1,6.72100019454956,34.9150009155273,0.0353160016238689,0.0301149170845747,0.000398000003769994,123.224998474121,-93.0494,25.8639,23.8427951423599,66,66,94,117,128,94,0,8040,1.1727079215133,26,-93,99999,99999,2026-05-31 13:59:10.00148,710,1.0332,0,"aoml_navis",1030.62718485857
"4903910",2,0,1,68,1,-26,1,0.000456000008853152,1,127.607018527222,1,4.85136365742022,712,1,6.70900011062622,34.9150009155273,0.0353160016238689,0.0301149170845747,0.000456000008853152,123.50659942627,-93.0494,25.8639,23.8427951423599,66,66,94,117,128,94,0,8040,1.1727079215133,26,-93,99999,99999,2026-05-31 13:59:10.00148,712,1.0332,0,"aoml_navis",1030.63805417935
"4903910",2,0,1,69,1,-25,1,0.000391999987186864,1,127.826370153809,1,4.85130679565918,714,1,6.68900012969971,34.9150009155273,0.0372780002653599,0.0317879654467106,0.000391999987186864,123.718902587891,-93.0494,25.8639,23.8427951423599,66,66,94,117,128,94,0,8040,1.1727079215133,26,-93,99999,99999,2026-05-31 13:59:10.00148,714,1.0332,0,"aoml_navis",1030.65013420175
"4903910",2,0,1,68,1,-26,1,0.000437999988207594,1,128.087768051147,1,4.85125790715486,716,1,6.67500019073486,34.9140014648438,0.0353160016238689,0.0301149170845747,0.000437999988207594,123.971900939941,-93.0494,25.8639,23.8427951423599,66,66,94,117,128,94,0,8040,1.1727079215133,26,-93,99999,99999,2026-05-31 13:59:10.00148,716,1.0332,0,"aoml_navis",1030.66052056844
"4903910",2,0,1,67,1,-27,1,0.000427999999374151,1,128.372309527588,1,4.85120605088363,718,1,6.66200017929077,34.9140014648438,0.0333539992570877,0.0284418649971485,0.000427999999374151,124.247299194336,-93.0494,25.8639,23.8427951423599,66,66,94,117,128,94,0,8040,1.1727079215133,26,-93,99999,99999,2026-05-31 13:59:10.00148,718,1.0332,0,"aoml_navis",1030.67153766624
"4903910",2,0,1,69,1,-25,1,0.000427999999374151,1,128.524398156738,1,4.85115363446513,720,1,6.64300012588501,34.9129981994629,0.0372780002653599,0.0317879654467106,0.000427999999374151,124.394500732422,-93.0494,25.8639,23.8427951423599,66,66,94,117,128,94,0,8040,1.1727079215133,26,-93,99999,99999,2026-05-31 13:59:10.00148,720,1.0332,0,"aoml_navis",1030.68267400921
"4903910",2,0,1,69,1,-25,1,0.000426000013248995,1,128.738783688354,1,4.85110321384916,722,1,6.63199996948242,34.9129981994629,0.0372780002653599,0.0317879654467106,0.000426000013248995,124.601997375488,-93.0494,25.8639,23.8427951423599,66,66,94,117,128,94,0,8040,1.1727079215133,26,-93,99999,99999,2026-05-31 13:59:10.00148,722,1.0332,0,"aoml_navis",1030.69338655293
"4903910",2,0,1,70,1,-24,1,0.000437999988207594,1,128.940572680664,1,4.85105208744418,724,1,6.61999988555908,34.9129981994629,0.0392399989068508,0.0334610193967819,0.000437999988207594,124.797302246094,-93.0494,25.8639,23.8427951423599,66,66,94,117,128,94,0,8040,1.1727079215133,26,-93,99999,99999,2026-05-31 13:59:10.00148,724,1.0332,0,"aoml_navis",1030.70424927849
"4903910",2,0,1,68,1,-26,1,0.000407999992603436,1,129.122828366089,1,4.85100181408367,726,1,6.60400009155273,34.9119987487793,0.0353160016238689,0.0301149170845747,0.000407999992603436,124.973701477051,-93.0494,25.8639,23.8427951423599,66,66,94,117,128,94,0,8040,1.1727079215133,26,-93,99999,99999,2026-05-31 13:59:10.00148,726,1.0332,0,"aoml_navis",1030.71493098266
"4903910",2,0,1,68,1,-26,1,0.000453999993624166,1,129.387639468384,1,4.85094715428528,728,1,6.58699989318848,34.9119987487793,0.0353160016238689,0.0301149170845747,0.000453999993624166,125.230003356934,-93.0494,25.8639,23.8427951423599,66,66,94,117,128,94,0,8040,1.1727079215133,26,-93,99999,99999,2026-05-31 13:59:10.00148,728,1.0332,0,"aoml_navis",1030.72654493526
"4903910",2,0,1,69,1,-25,1,0.000798999972175807,1,129.654823260498,1,4.85089533844712,730,1,6.57399988174438,34.9119987487793,0.0372780002653599,0.0317879654467106,0.000798999972175807,125.48860168457,-93.0494,25.8639,23.8427951423599,66,66,94,117,128,94,0,8040,1.1727079215133,26,-93,99999,99999,2026-05-31 13:59:10.00148,730,1.0332,0,"aoml_navis",1030.73755485325
"4903910",2,0,1,67,1,-27,1,0.000422999990405515,1,130.038347680664,1,4.85084352858574,732,1,6.56099987030029,34.9119987487793,0.0333539992570877,0.0284418649971485,0.000422999990405515,125.859802246094,-93.0494,25.8639,23.8427951423599,66,66,94,117,128,94,0,8040,1.1727079215133,26,-93,99999,99999,2026-05-31 13:59:10.00148,732,1.0332,0,"aoml_navis",1030.74856373645
"4903910",2,0,1,69,1,-25,1,0.000387000007322058,1,130.46681131897,1,4.85078833847523,734,1,6.53800010681152,34.9109992980957,0.0372780002653599,0.0317879654467106,0.000387000007322058,126.27449798584,-93.0494,25.8639,23.8427951423599,66,66,94,117,128,94,0,8040,1.1727079215133,26,-93,99999,99999,2026-05-31 13:59:10.00148,734,1.0332,0,"aoml_navis",1030.7602911348
"4903910",2,0,1,68,1,-26,1,0.000427999999374151,1,130.911087634277,1,4.8507294816338,736,1,6.5149998664856,34.9109992980957,0.0353160016238689,0.0301149170845747,0.000427999999374151,126.704498291016,-93.0494,25.8639,23.8427951423599,66,66,94,117,128,94,0,8040,1.1727079215133,26,-93,99999,99999,2026-05-31 13:59:10.00148,736,1.0332,0,"aoml_navis",1030.77279797428
"4903910",2,0,1,69,1,-25,1,0.000391999987186864,1,131.368898529053,1,4.85067433192526,738,1,6.49200010299683,34.9099998474121,0.0372780002653599,0.0317879654467106,0.000391999987186864,127.147598266602,-93.0494,25.8639,23.8427951423599,66,66,94,117,128,94,0,8040,1.1727079215133,26,-93,99999,99999,2026-05-31 13:59:10.00148,738,1.0332,0,"aoml_navis",1030.78451733853
"4903910",2,0,1,70,1,-24,1,0.000381999998353422,1,131.721223260498,1,4.8506105873589,740,1,6.46199989318848,34.9099998474121,0.0392399989068508,0.0334610193967819,0.000381999998353422,127.48860168457,-93.0494,25.8639,23.8427951423599,66,66,94,117,128,94,0,8040,1.1727079215133,26,-93,99999,99999,2026-05-31 13:59:10.00148,740,1.0332,0,"aoml_navis",1030.79806345008
"4903910",2,0,1,70,1,-24,1,0.000543000001925975,1,131.86215,1,4.85055882875697,742,1,6.44899988174438,34.9099998474121,0.0392399989068508,0.0334610193967819,0.000543000001925975,127.625,-93.0494,25.8639,23.8427951423599,66,66,94,117,128,94,0,8040,1.1727079215133,26,-93,99999,99999,2026-05-31 13:59:10.00148,742,1.0332,0,"aoml_navis",1030.80906273254
"4903910",2,0,1,68,1,-26,1,0.000391999987186864,1,132.107845578003,1,4.85051340452547,744,1,6.44500017166138,34.9099998474121,0.0353160016238689,0.0301149170845747,0.000391999987186864,127.862800598145,-93.0494,25.8639,23.8427951423599,66,66,94,117,128,94,0,8040,1.1727079215133,26,-93,99999,99999,2026-05-31 13:59:10.00148,744,1.0332,0,"aoml_navis",1030.81871608376
"4903910",2,0,1,69,1,-25,1,0.000425000005634502,1,132.39837789917,1,4.85046305956253,746,1,6.43400001525879,34.9099998474121,0.0372780002653599,0.0317879654467106,0.000425000005634502,128.143997192383,-93.0494,25.8639,23.8427951423599,66,66,94,117,128,94,0,8040,1.1727079215133,26,-93,99999,99999,2026-05-31 13:59:10.00148,746,1.0332,0,"aoml_navis",1030.82941537771
"4903910",2,0,1,69,1,-25,1,0.000384000013582408,1,132.799575311279,1,4.85040709945299,748,1,6.41499996185303,34.9099998474121,0.0372780002653599,0.0317879654467106,0.000384000013582408,128.532302856445,-93.0494,25.8639,23.8427951423599,66,66,94,117,128,94,0,8040,1.1727079215133,26,-93,99999,99999,2026-05-31 13:59:10.00148,748,1.0332,0,"aoml_navis",1030.8413082613
"4903910",2,0,1,69,1,-25,1,0.00039999998989515,1,133.130916320801,1,4.85035554094783,750,1,6.39699983596802,34.9090003967285,0.0372780002653599,0.0317879654467106,0.00039999998989515,128.852996826172,-93.0494,25.8639,23.8427951423599,66,66,94,117,128,94,0,8040,1.1727079215133,26,-93,99999,99999,2026-05-31 13:59:10.00148,750,1.0332,0,"aoml_navis",1030.85226593985
"4903910",2,0,1,66,1,-28,1,0.000410000007832423,1,133.546365637207,1,4.85030241022973,752,1,6.38199996948242,34.9090003967285,0.0313920006155968,0.0267688147723675,0.000410000007832423,129.255096435547,-93.0494,25.8639,23.8427951423599,66,66,94,117,128,94,0,8040,1.1727079215133,26,-93,99999,99999,2026-05-31 13:59:10.00148,752,1.0332,0,"aoml_navis",1030.86355800301
"4903910",2,0,1,67,1,-27,1,0.000417000002926216,1,133.725428833008,1,4.85024438578755,754,1,6.3600001335144,34.9090003967285,0.0333539992570877,0.0284418649971485,0.000417000002926216,129.428405761719,-93.0494,25.8639,23.8427951423599,66,66,94,117,128,94,0,8040,1.1727079215133,26,-93,99999,99999,2026-05-31 13:59:10.00148,754,1.0332,0,"aoml_navis",1030.87589042962
"4903910",2,0,1,69,1,-25,1,0.000549999997019768,1,133.839790905762,1,4.85019617274577,756,1,6.35200023651123,34.9090003967285,0.0372780002653599,0.0317879654467106,0.000549999997019768,129.539093017578,-93.0494,25.8639,23.8427951423599,66,66,94,117,128,94,0,8040,1.1727079215133,26,-93,99999,99999,2026-05-31 13:59:10.00148,756,1.0332,0,"aoml_navis",1030.88613778057
"4903910",2,0,1,69,1,-25,1,0.000410000007832423,1,133.992715100098,1,4.8501500614105,758,1,6.34700012207031,34.9090003967285,0.0372780002653599,0.0317879654467106,0.000410000007832423,129.687103271484,-93.0494,25.8639,23.8427951423599,66,66,94,117,128,94,0,8040,1.1727079215133,26,-93,99999,99999,2026-05-31 13:59:10.00148,758,1.0332,0,"aoml_navis",1030.89593861884
"4903910",2,0,1,67,1,-27,1,0.00044599999091588,1,134.184784735107,1,4.85010414058128,760,1,6.33699989318848,34.9080009460449,0.0333539992570877,0.0284418649971485,0.00044599999091588,129.873001098633,-93.0494,25.8639,23.8427951423599,66,66,94,117,128,94,0,8040,1.1727079215133,26,-93,99999,99999,2026-05-31 13:59:10.00148,760,1.0332,0,"aoml_navis",1030.90569915077
"4903910",2,0,1,69,1,-25,1,0.000411999993957579,1,134.275814044189,1,4.85005243934356,762,1,6.32399988174438,34.9080009460449,0.0372780002653599,0.0317879654467106,0.000411999993957579,129.96110534668,-93.0494,25.8639,23.8427951423599,66,66,94,117,128,94,0,8040,1.1727079215133,26,-93,99999,99999,2026-05-31 13:59:10.00148,762,1.0332,0,"aoml_navis",1030.91668853723
"4903910",2,0,1,68,1,-26,1,0.000427999999374151,1,134.371178833008,1,4.8500084316058,764,1,6.32200002670288,34.9080009460449,0.0353160016238689,0.0301149170845747,0.000427999999374151,130.053405761719,-93.0494,25.8639,23.8427951423599,66,66,94,117,128,94,0,8040,1.1727079215133,26,-93,99999,99999,2026-05-31 13:59:10.00148,764,1.0332,0,"aoml_navis",1030.92604281196
"4903910",2,0,1,68,1,-26,1,0.000407000014092773,1,134.574504949951,1,4.84996093025983,766,1,6.31500005722046,34.9080009460449,0.0353160016238689,0.0301149170845747,0.000407000014092773,130.250198364258,-93.0494,25.8639,23.8427951423599,66,66,94,117,128,94,0,8040,1.1727079215133,26,-93,99999,99999,2026-05-31 13:59:10.00148,766,1.0332,0,"aoml_navis",1030.93613987776
"4903910",2,0,1,69,1,-25,1,0.000524999981280416,1,134.735690203857,1,4.84990923915192,768,1,6.30200004577637,34.9080009460449,0.0372780002653599,0.0317879654467106,0.000524999981280416,130.406204223633,-93.0494,25.8639,23.8427951423599,66,66,94,117,128,94,0,8040,1.1727079215133,26,-93,99999,99999,2026-05-31 13:59:10.00148,768,1.0332,0,"aoml_navis",1030.94712775993
"4903910",2,0,1,69,1,-25,1,0.000376000010874122,1,134.966195837402,1,4.84986034678859,770,1,6.29300022125244,34.9080009460449,0.0372780002653599,0.0317879654467106,0.000376000010874122,130.629302978516,-93.0494,25.8639,23.8427951423599,66,66,94,117,128,94,0,8040,1.1727079215133,26,-93,99999,99999,2026-05-31 13:59:10.00148,770,1.0332,0,"aoml_navis",1030.95752093374
"4903910",2,0,1,68,1,-26,1,0.000404999998863786,1,135.203622473145,1,4.84981075926824,772,1,6.28299999237061,34.9080009460449,0.0353160016238689,0.0301149170845747,0.000404999998863786,130.859100341797,-93.0494,25.8639,23.8427951423599,66,66,94,117,128,94,0,8040,1.1727079215133,26,-93,99999,99999,2026-05-31 13:59:10.00148,772,1.0332,0,"aoml_navis",1030.96806209288
"4903910",2,0,1,68,1,-26,1,0.000944000028539449,1,135.583946520996,1,4.84975838540463,774,1,6.26900005340576,34.9080009460449,0.0353160016238689,0.0301149170845747,0.000944000028539449,131.227203369141,-93.0494,25.8639,23.8427951423599,66,66,94,117,128,94,0,8040,1.1727079215133,26,-93,99999,99999,2026-05-31 13:59:10.00148,774,1.0332,0,"aoml_navis",1030.97919579819
"4903910",2,0,1,68,1,-26,1,0.000387000007322058,1,135.951043414307,1,4.84970253425055,776,1,6.25,34.9080009460449,0.0353160016238689,0.0301149170845747,0.000387000007322058,131.582504272461,-93.0494,25.8639,23.8427951423599,66,66,94,117,128,94,0,8040,1.1727079215133,26,-93,99999,99999,2026-05-31 13:59:10.00148,776,1.0332,0,"aoml_navis",1030.99106897547
"4903910",2,0,1,66,1,-28,1,0.00036599999293685,1,136.30314743042,1,4.84964808819348,778,1,6.23299980163574,34.9080009460449,0.0313920006155968,0.0267688147723675,0.00036599999293685,131.923294067383,-93.0494,25.8639,23.8427951423599,66,66,94,117,128,94,0,8040,1.1727079215133,26,-93,99999,99999,2026-05-31 13:59:10.00148,778,1.0332,0,"aoml_navis",1031.00264371193
"4903910",2,0,1,68,1,-26,1,0.0003969999961555,1,136.461952111816,1,4.84959573909988,780,1,6.2189998626709,34.9080009460449,0.0353160016238689,0.0301149170845747,0.0003969999961555,132.076995849609,-93.0494,25.8639,23.8427951423599,66,66,94,117,128,94,0,8040,1.1727079215133,26,-93,99999,99999,2026-05-31 13:59:10.00148,780,1.0332,0,"aoml_navis",1031.01377289812
"4903910",2,0,1,67,1,-27,1,0.000379000004613772,1,136.788957641602,1,4.849545482422,782,1,6.20800018310547,34.9080009460449,0.0333539992570877,0.0284418649971485,0.000379000004613772,132.393493652344,-93.0494,25.8639,23.8427951423599,66,66,94,117,128,94,0,8040,1.1727079215133,26,-93,99999,99999,2026-05-31 13:59:10.00148,782,1.0332,0,"aoml_navis",1031.02445747202
"4903910",2,0,1,69,1,-25,1,0.000380999990738928,1,137.07382230835,1,4.84949661939395,784,1,6.19899988174438,34.9080009460449,0.0372780002653599,0.0317879654467106,0.000380999990738928,132.669204711914,-93.0494,25.8639,23.8427951423599,66,66,94,117,128,94,0,8040,1.1727079215133,26,-93,99999,99999,2026-05-31 13:59:10.00148,784,1.0332,0,"aoml_navis",1031.03484596817
"4903910",2,0,1,68,1,-26,1,0.000433000008342788,1,137.390706463623,1,4.84944289833133,786,1,6.18300008773804,34.9080009460449,0.0353160016238689,0.0301149170845747,0.000433000008342788,132.97590637207,-93.0494,25.8639,23.8427951423599,66,66,94,117,128,94,0,8040,1.1727079215133,26,-93,99999,99999,2026-05-31 13:59:10.00148,786,1.0332,0,"aoml_navis",1031.04626754559
"4903910",2,0,1,70,1,-24,1,0.000373999995645136,1,137.57740010376,1,4.84938918606187,788,1,6.16699981689453,34.9080009460449,0.0392399989068508,0.0334610193967819,0.000373999995645136,133.156600952148,-93.0494,25.8639,23.8427951423599,66,66,94,117,128,94,0,8040,1.1727079215133,26,-93,99999,99999,2026-05-31 13:59:10.00148,788,1.0332,0,"aoml_navis",1031.0576875065
"4903910",2,0,1,67,1,-27,1,0.000384000013582408,1,137.732484155273,1,4.84934102968185,790,1,6.15899991989136,34.9080009460449,0.0333539992570877,0.0284418649971485,0.000384000013582408,133.306701660156,-93.0494,25.8639,23.8427951423599,66,66,94,117,128,94,0,8040,1.1727079215133,26,-93,99999,99999,2026-05-31 13:59:10.00148,790,1.0332,0,"aoml_navis",1031.06792642464
"4903910",2,0,1,69,1,-25,1,0.000411999993957579,1,137.95824440918,1,4.84929495593643,792,1,6.15399980545044,34.9080009460449,0.0372780002653599,0.0317879654467106,0.000411999993957579,133.525207519531,-93.0494,25.8639,23.8427951423599,66,66,94,117,128,94,0,8040,1.1727079215133,26,-93,99999,99999,2026-05-31 13:59:10.00148,792,1.0332,0,"aoml_navis",1031.07772272732
"4903910",2,0,1,68,1,-26,1,0.000391999987186864,1,138.315929370117,1,4.84924541791097,794,1,6.14400005340576,34.9080009460449,0.0353160016238689,0.0301149170845747,0.000391999987186864,133.871398925781,-93.0494,25.8639,23.8427951423599,66,66,94,117,128,94,0,8040,1.1727079215133,26,-93,99999,99999,2026-05-31 13:59:10.00148,794,1.0332,0,"aoml_navis",1031.08825582063
"4903910",2,0,1,69,1,-25,1,0.00044000000343658,1,138.786762469482,1,4.8491882651405,796,1,6.1230001449585,34.9080009460449,0.0372780002653599,0.0317879654467106,0.00044000000343658,134.327102661133,-93.0494,25.8639,23.8427951423599,66,66,94,117,128,94,0,8040,1.1727079215133,26,-93,99999,99999,2026-05-31 13:59:10.00148,796,1.0332,0,"aoml_navis",1031.10040827733
"4903910",2,0,1,70,1,-24,1,0.000391000008676201,1,139.130085168457,1,4.84913182020512,798,1,6.10300016403198,34.9080009460449,0.0392399989068508,0.0334610193967819,0.000391000008676201,134.659393310547,-93.0494,25.8639,23.8427951423599,66,66,94,117,128,94,0,8040,1.1727079215133,26,-93,99999,99999,2026-05-31 13:59:10.00148,798,1.0332,0,"aoml_navis",1031.11241050743
"4903910",2,0,1,69,1,-25,1,0.000372999988030642,1,139.417314642334,1,4.84907815297697,800,1,6.08699989318848,34.9080009460449,0.0372780002653599,0.0317879654467106,0.000372999988030642,134.937393188477,-93.0494,25.8639,23.8427951423599,66,66,94,117,128,94,0,8040,1.1727079215133,26,-93,99999,99999,2026-05-31 13:59:10.00148,800,1.0332,0,"aoml_navis",1031.12382235588
"4903910",2,0,1,68,1,-26,1,0.000417000002926216,1,139.713956048584,1,4.84901804750477,802,1,6.06699991226196,34.9090003967285,0.0353160016238689,0.0301149170845747,0.000417000002926216,135.224502563477,-93.0494,25.8639,23.8427951423599,66,66,94,117,128,94,0,8040,1.1727079215133,26,-93,99999,99999,2026-05-31 13:59:10.00148,802,1.0332,0,"aoml_navis",1031.1366035383
"4903910",2,0,1,67,1,-27,1,0.000379000004613772,1,139.791127587891,1,4.84896853907891,804,1,6.05700016021729,34.9090003967285,0.0333539992570877,0.0284418649971485,0.000379000004613772,135.299194335938,-93.0494,25.8639,23.8427951423599,66,66,94,117,128,94,0,8040,1.1727079215133,26,-93,99999,99999,2026-05-31 13:59:10.00148,804,1.0332,0,"aoml_navis",1031.14713154022
"4903910",2,0,1,68,1,-26,1,0.000432000000728294,1,139.939290637207,1,4.8489245513584,806,1,6.05499982833862,34.9090003967285,0.0353160016238689,0.0301149170845747,0.000432000000728294,135.442596435547,-93.0494,25.8639,23.8427951423599,66,66,94,117,128,94,0,8040,1.1727079215133,26,-93,99999,99999,2026-05-31 13:59:10.00148,806,1.0332,0,"aoml_navis",1031.15648574059
"4903910",2,0,1,67,1,-27,1,0.000394000002415851,1,140.172586743164,1,4.84887918618122,808,1,6.05100011825562,34.9090003967285,0.0333539992570877,0.0284418649971485,0.000394000002415851,135.668395996094,-93.0494,25.8639,23.8427951423599,66,66,94,117,128,94,0,8040,1.1727079215133,26,-93,99999,99999,2026-05-31 13:59:10.00148,808,1.0332,0,"aoml_navis",1031.16613304152
"4903910",2,0,1,66,1,-28,1,0.000385999999707565,1,140.479759423828,1,4.84882968410525,810,1,6.04099988937378,34.9090003967285,0.0313920006155968,0.0267688147723675,0.000385999999707565,135.965698242188,-93.0494,25.8639,23.8427951423599,66,66,94,117,128,94,0,8040,1.1727079215133,26,-93,99999,99999,2026-05-31 13:59:10.00148,810,1.0332,0,"aoml_navis",1031.17666029605
"4903910",2,0,1,70,1,-24,1,0.000478000001749024,1,140.79716383667,1,4.84877811825379,812,1,6.02799987792969,34.9090003967285,0.0392399989068508,0.0334610193967819,0.000478000001749024,136.272903442383,-93.0494,25.8639,23.8427951423599,66,66,94,117,128,94,0,8040,1.1727079215133,26,-93,99999,99999,2026-05-31 13:59:10.00148,812,1.0332,0,"aoml_navis",1031.18762666762
"4903910",2,0,1,69,1,-25,1,0.000388999993447214,1,141.11434753418,1,4.84872173894779,814,1,6.00799989700317,34.9090003967285,0.0372780002653599,0.0317879654467106,0.000388999993447214,136.579895019531,-93.0494,25.8639,23.8427951423599,66,66,94,117,128,94,0,8040,1.1727079215133,26,-93,99999,99999,2026-05-31 13:59:10.00148,814,1.0332,0,"aoml_navis",1031.1996169706
"4903910",2,0,1,70,1,-24,1,0.000385999999707565,1,141.359846044922,1,4.84866443827479,816,1,5.99200010299683,34.9099998474121,0.0392399989068508,0.0334610193967819,0.000385999999707565,136.817504882812,-93.0494,25.8639,23.8427951423599,66,66,94,117,128,94,0,8040,1.1727079215133,26,-93,99999,99999,2026-05-31 13:59:10.00148,816,1.0332,0,"aoml_navis",1031.21180350832
"4903910",2,0,1,66,1,-28,1,0.000377999996999279,1,141.569888214111,1,4.84861633176387,818,1,5.98400020599365,34.9099998474121,0.0313920006155968,0.0267688147723675,0.000377999996999279,137.020797729492,-93.0494,25.8639,23.8427951423599,66,66,94,117,128,94,0,8040,1.1727079215133,26,-93,99999,99999,2026-05-31 13:59:10.00148,818,1.0332,0,"aoml_navis",1031.22203488125
"4903910",2,0,1,68,1,-26,1,0.000385999999707565,1,141.707929888916,1,4.84856822754932,820,1,5.97599983215332,34.9099998474121,0.0353160016238689,0.0301149170845747,0.000385999999707565,137.154403686523,-93.0494,25.8639,23.8427951423599,66,66,94,117,128,94,0,8040,1.1727079215133,26,-93,99999,99999,2026-05-31 13:59:10.00148,820,1.0332,0,"aoml_navis",1031.2322659688
"4903910",2,0,1,69,1,-25,1,0.000383000005967915,1,141.889152941895,1,4.84851943925936,822,1,5.96700000762939,34.9099998474121,0.0372780002653599,0.0317879654467106,0.000383000005967915,137.329803466797,-93.0494,25.8639,23.8427951423599,66,66,94,117,128,94,0,8040,1.1727079215133,26,-93,99999,99999,2026-05-31 13:59:10.00148,822,1.0332,0,"aoml_navis",1031.24264275689
"4903910",2,0,1,68,1,-26,1,0.000407000014092773,1,142.143417004395,1,4.84847065405164,824,1,5.95800018310547,34.9099998474121,0.0353160016238689,0.0301149170845747,0.000407000014092773,137.575897216797,-93.0494,25.8639,23.8427951423599,66,66,94,117,128,94,0,8040,1.1727079215133,26,-93,99999,99999,2026-05-31 13:59:10.00148,824,1.0332,0,"aoml_navis",1031.25301909825
"4903910",2,0,1,68,1,-26,1,0.000399000011384487,1,142.371447473145,1,4.84842530501002,826,1,5.9539999961853,34.9099998474121,0.0353160016238689,0.0301149170845747,0.000399000011384487,137.796600341797,-93.0494,25.8639,23.8427951423599,66,66,94,117,128,94,0,8040,1.1727079215133,26,-93,99999,99999,2026-05-31 13:59:10.00148,826,1.0332,0,"aoml_navis",1031.26266477352
"4903910",2,0,1,66,1,-28,1,0.000422000011894852,1,142.640909362793,1,4.84837309255205,828,1,5.94000005722046,34.9099998474121,0.0313920006155968,0.0267688147723675,0.000422000011894852,138.057403564453,-93.0494,25.8639,23.8427951423599,66,66,94,117,128,94,0,8040,1.1727079215133,26,-93,99999,99999,2026-05-31 13:59:10.00148,828,1.0332,0,"aoml_navis",1031.27377051095
"4903910",2,0,1,69,1,-25,1,0.00040600000647828,1,142.987132891846,1,4.84832157272974,830,1,5.92700004577637,34.9099998474121,0.0372780002653599,0.0317879654467106,0.00040600000647828,138.392501831055,-93.0494,25.8639,23.8427951423599,66,66,94,117,128,94,0,8040,1.1727079215133,26,-93,99999,99999,2026-05-31 13:59:10.00148,830,1.0332,0,"aoml_navis",1031.28472915728
"4903910",2,0,1,68,1,-26,1,0.000395999988541007,1,143.284278790283,1,4.8482700588249,832,1,5.91400003433228,34.9099998474121,0.0353160016238689,0.0301149170845747,0.000395999988541007,138.680099487305,-93.0494,25.8639,23.8427951423599,66,66,94,117,128,94,0,8040,1.1727079215133,26,-93,99999,99999,2026-05-31 13:59:10.00148,832,1.0332,0,"aoml_navis",1031.29568677778
"4903910",2,0,1,69,1,-25,1,0.000394000002415851,1,143.569963256836,1,4.84821417957331,834,1,5.90000009536743,34.9109992980957,0.0372780002653599,0.0317879654467106,0.000394000002415851,138.956604003906,-93.0494,25.8639,23.8427951423599,66,66,94,117,128,94,0,8040,1.1727079215133,26,-93,99999,99999,2026-05-31 13:59:10.00148,834,1.0332,0,"aoml_navis",1031.30757322277
"4903910",2,0,1,69,1,-25,1,0.000377999996999279,1,143.819371582031,1,4.84816130929892,836,1,5.88500022888184,34.9109992980957,0.0372780002653599,0.0317879654467106,0.000377999996999279,139.197998046875,-93.0494,25.8639,23.8427951423599,66,66,94,117,128,94,0,8040,1.1727079215133,26,-93,99999,99999,2026-05-31 13:59:10.00148,836,1.0332,0,"aoml_navis",1031.3188198606
"4903910",2,0,1,67,1,-27,1,0.000491000013425946,1,144.005245422363,1,4.84811323424145,838,1,5.8769998550415,34.9109992980957,0.0333539992570877,0.0284418649971485,0.000491000013425946,139.377899169922,-93.0494,25.8639,23.8427951423599,66,66,94,117,128,94,0,8040,1.1727079215133,26,-93,99999,99999,2026-05-31 13:59:10.00148,838,1.0332,0,"aoml_navis",1031.32904666619
"4903910",2,0,1,69,1,-25,1,0.000385999999707565,1,144.180887530518,1,4.84806379448901,840,1,5.86700010299683,34.9109992980957,0.0372780002653599,0.0317879654467106,0.000385999999707565,139.547897338867,-93.0494,25.8639,23.8427951423599,66,66,94,117,128,94,0,8040,1.1727079215133,26,-93,99999,99999,2026-05-31 13:59:10.00148,840,1.0332,0,"aoml_navis",1031.33956398918
"4903910",2,0,1,71,1,-23,1,0.000426999991759658,1,144.33814720459,1,4.8480150415318,842,1,5.85799980163574,34.9109992980957,0.041202001273632,0.035134069621563,0.000426999991759658,139.700103759766,-93.0494,25.8639,23.8427951423599,66,66,94,117,128,94,0,8040,1.1727079215133,26,-93,99999,99999,2026-05-31 13:59:10.00148,842,1.0332,0,"aoml_navis",1031.3499354202
"4903910",2,0,1,68,1,-26,1,0.000391000008676201,1,144.583740307617,1,4.8479690257361,844,1,5.85300016403198,34.9109992980957,0.0353160016238689,0.0301149170845747,0.000391000008676201,139.937805175781,-93.0494,25.8639,23.8427951423599,66,66,94,117,128,94,0,8040,1.1727079215133,26,-93,99999,99999,2026-05-31 13:59:10.00148,844,1.0332,0,"aoml_navis",1031.35972475419
"4903910",2,0,1,68,1,-26,1,0.000377999996999279,1,144.950521893311,1,4.84791454229308,846,1,5.84100008010864,34.9119987487793,0.0353160016238689,0.0301149170845747,0.000377999996999279,140.29280090332,-93.0494,25.8639,23.8427951423599,66,66,94,117,128,94,0,8040,1.1727079215133,26,-93,99999,99999,2026-05-31 13:59:10.00148,846,1.0332,0,"aoml_navis",1031.37131572352
"4903910",2,0,1,69,1,-25,1,0.000368000008165836,1,145.168935479736,1,4.84785556116298,848,1,5.81699991226196,34.9119987487793,0.0372780002653599,0.0317879654467106,0.000368000008165836,140.504196166992,-93.0494,25.8639,23.8427951423599,66,66,94,117,128,94,0,8040,1.1727079215133,26,-93,99999,99999,2026-05-31 13:59:10.00148,848,1.0332,0,"aoml_navis",1031.38386383783
"4903910",2,0,1,68,1,-26,1,0.000455000001238659,1,145.320298901367,1,4.84781023439346,850,1,5.81300020217896,34.9119987487793,0.0353160016238689,0.0301149170845747,0.000455000001238659,140.650695800781,-93.0494,25.8639,23.8427951423599,66,66,94,117,128,94,0,8040,1.1727079215133,26,-93,99999,99999,2026-05-31 13:59:10.00148,850,1.0332,0,"aoml_navis",1031.39350722246
"4903910",2,0,1,69,1,-25,1,0.0003629999991972,1,145.478378375244,1,4.84775508607477,852,1,5.80000019073486,34.9129981994629,0.0372780002653599,0.0317879654467106,0.0003629999991972,140.803695678711,-93.0494,25.8639,23.8427951423599,66,66,94,117,128,94,0,8040,1.1727079215133,26,-93,99999,99999,2026-05-31 13:59:10.00148,852,1.0332,0,"aoml_navis",1031.40524040964
"4903910",2,0,1,69,1,-25,1,0.0003629999991972,1,145.584179846191,1,4.84770908107799,854,1,5.79500007629395,34.9129981994629,0.0372780002653599,0.0317879654467106,0.0003629999991972,140.906097412109,-93.0494,25.8639,23.8427951423599,66,66,94,117,128,94,0,8040,1.1727079215133,26,-93,99999,99999,2026-05-31 13:59:10.00148,854,1.0332,0,"aoml_navis",1031.41502849592
"4903910",2,0,1,68,1,-26,1,0.000352000002749264,1,145.736063525391,1,4.84766512297442,856,1,5.79300022125244,34.9129981994629,0.0353160016238689,0.0301149170845747,0.000352000002749264,141.053100585938,-93.0494,25.8639,23.8427951423599,66,66,94,117,128,94,0,8040,1.1727079215133,26,-93,99999,99999,2026-05-31 13:59:10.00148,856,1.0332,0,"aoml_navis",1031.42438125596
"4903910",2,0,1,71,1,-23,1,0.00036000000545755,1,145.943740887451,1,4.84761843990918,858,1,5.78700017929077,34.9129981994629,0.041202001273632,0.035134069621563,0.00036000000545755,141.254104614258,-93.0494,25.8639,23.8427951423599,66,66,94,117,128,94,0,8040,1.1727079215133,26,-93,99999,99999,2026-05-31 13:59:10.00148,858,1.0332,0,"aoml_navis",1031.43431397907
"4903910",2,0,1,66,1,-28,1,0.00036000000545755,1,146.157093786621,1,4.84757048099577,859.900024414062,1,5.77600002288818,34.9129981994629,0.0313920006155968,0.0267688147723675,0.00036000000545755,141.460601806641,-93.0494,25.8639,23.8427951423599,66,66,94,117,128,94,0,8040,1.1727079215133,26,-93,99999,99999,2026-05-31 13:59:10.00148,859.900024414062,1.0332,0,"aoml_navis",1031.44451836272
"4903910",2,0,1,68,1,-26,1,0.000352000002749264,1,146.517064727783,1,4.84751963029704,862,1,5.76700019836426,34.9129981994629,0.0353160016238689,0.0301149170845747,0.000352000002749264,141.809005737305,-93.0494,25.8639,23.8427951423599,66,66,94,117,128,94,0,8040,1.1727079215133,26,-93,99999,99999,2026-05-31 13:59:10.00148,862,1.0332,0,"aoml_navis",1031.45533826206
"4903910",2,0,1,70,1,-24,1,0.000437000009696931,1,146.808109423828,1,4.84746886958933,864,1,5.75500011444092,34.9129981994629,0.0392399989068508,0.0334610193967819,0.000437000009696931,142.090698242188,-93.0494,25.8639,23.8427951423599,66,66,94,117,128,94,0,8040,1.1727079215133,26,-93,99999,99999,2026-05-31 13:59:10.00148,864,1.0332,0,"aoml_navis",1031.46613923971
"4903910",2,0,1,70,1,-24,1,0.000349999987520278,1,147.159708947754,1,4.8474201545411,866,1,5.74599981307983,34.9129981994629,0.0392399989068508,0.0334610193967819,0.000349999987520278,142.430999755859,-93.0494,25.8639,23.8427951423599,66,66,94,117,128,94,0,8040,1.1727079215133,26,-93,99999,99999,2026-05-31 13:59:10.00148,866,1.0332,0,"aoml_navis",1031.47650515006
"4903910",2,0,1,70,1,-24,1,0.000369999994290993,1,147.42638036499,1,4.84735890607011,868,1,5.72399997711182,34.9140014648438,0.0392399989068508,0.0334610193967819,0.000369999994290993,142.689102172852,-93.0494,25.8639,23.8427951423599,66,66,94,117,128,94,0,8040,1.1727079215133,26,-93,99999,99999,2026-05-31 13:59:10.00148,868,1.0332,0,"aoml_navis",1031.48953830069
"4903910",2,0,1,68,1,-26,1,0.000346999993780628,1,147.582914831543,1,4.84731020081099,870,1,5.71500015258789,34.9140014648438,0.0353160016238689,0.0301149170845747,0.000346999993780628,142.840606689453,-93.0494,25.8639,23.8427951423599,66,66,94,117,128,94,0,8040,1.1727079215133,26,-93,99999,99999,2026-05-31 13:59:10.00148,870,1.0332,0,"aoml_navis",1031.49990259824
"4903910",2,0,1,68,1,-26,1,0.000339999998686835,1,147.724566778564,1,4.84726557278681,872,1,5.71199989318848,34.9140014648438,0.0353160016238689,0.0301149170845747,0.000339999998686835,142.97770690918,-93.0494,25.8639,23.8427951423599,66,66,94,117,128,94,0,8040,1.1727079215133,26,-93,99999,99999,2026-05-31 13:59:10.00148,872,1.0332,0,"aoml_navis",1031.50939945826
"4903910",2,0,1,70,1,-24,1,0.000387999985832721,1,147.828397576904,1,4.84721958822554,874,1,5.70699977874756,34.9140014648438,0.0392399989068508,0.0334610193967819,0.000387999985832721,143.078201293945,-93.0494,25.8639,23.8427951423599,66,66,94,117,128,94,0,8040,1.1727079215133,26,-93,99999,99999,2026-05-31 13:59:10.00148,874,1.0332,0,"aoml_navis",1031.51918517279
"4903910",2,0,1,68,1,-26,1,0.000409000000217929,1,148.106845733643,1,4.84717428491453,876,1,5.70300006866455,34.9140014648438,0.0353160016238689,0.0301149170845747,0.000409000000217929,143.347702026367,-93.0494,25.8639,23.8427951423599,66,66,94,117,128,94,0,8040,1.1727079215133,26,-93,99999,99999,2026-05-31 13:59:10.00148,876,1.0332,0,"aoml_navis",1031.52882609587
"4903910",2,0,1,69,1,-25,1,0.000561999971978366,1,148.370521728516,1,4.847127624912,878,1,5.69700002670288,34.9140014648438,0.0372780002653599,0.0317879654467106,0.000561999971978366,143.602905273438,-93.0494,25.8639,23.8427951423599,66,66,94,117,128,94,0,8040,1.1727079215133,26,-93,99999,99999,2026-05-31 13:59:10.00148,878,1.0332,0,"aoml_navis",1031.53875592264
"4903910",2,0,1,67,1,-27,1,0.000354999996488914,1,148.658366052246,1,4.847080966894,880,1,5.69099998474121,34.9140014648438,0.0333539992570877,0.0284418649971485,0.000354999996488914,143.881500244141,-93.0494,25.8639,23.8427951423599,66,66,94,117,128,94,0,8040,1.1727079215133,26,-93,99999,99999,2026-05-31 13:59:10.00148,880,1.0332,0,"aoml_navis",1031.54868551824
"4903910",2,0,1,69,1,-25,1,0.00036000000545755,1,149.059973364258,1,4.84703227464764,882,1,5.68200016021729,34.9140014648438,0.0372780002653599,0.0317879654467106,0.00036000000545755,144.270202636719,-93.0494,25.8639,23.8427951423599,66,66,94,117,128,94,0,8040,1.1727079215133,26,-93,99999,99999,2026-05-31 13:59:10.00148,882,1.0332,0,"aoml_navis",1031.55904823503
"4903910",2,0,1,68,1,-26,1,0.000357000011717901,1,149.324469158936,1,4.84697854297249,884,1,5.6710000038147,34.9150009155273,0.0353160016238689,0.0301149170845747,0.000357000011717901,144.52619934082,-93.0494,25.8639,23.8427951423599,66,66,94,117,128,94,0,8040,1.1727079215133,26,-93,99999,99999,2026-05-31 13:59:10.00148,884,1.0332,0,"aoml_navis",1031.57048368811
"4903910",2,0,1,68,1,-26,1,0.000387999985832721,1,149.687325164795,1,4.84692917901852,886,1,5.66099977493286,34.9150009155273,0.0353160016238689,0.0301149170845747,0.000387999985832721,144.877395629883,-93.0494,25.8639,23.8427951423599,66,66,94,117,128,94,0,8040,1.1727079215133,26,-93,99999,99999,2026-05-31 13:59:10.00148,886,1.0332,0,"aoml_navis",1031.58098980363
"4903910",2,0,1,68,1,-26,1,0.000375000003259629,1,150.072504949951,1,4.84688049673435,888,1,5.65199995040894,34.9150009155273,0.0353160016238689,0.0301149170845747,0.000375000003259629,145.250198364258,-93.0494,25.8639,23.8427951423599,66,66,94,117,128,94,0,8040,1.1727079215133,26,-93,99999,99999,2026-05-31 13:59:10.00148,888,1.0332,0,"aoml_navis",1031.59135104916
"4903910",2,0,1,69,1,-25,1,0.000383000005967915,1,150.419453686523,1,4.84682843026767,890,1,5.63800001144409,34.9150009155273,0.0372780002653599,0.0317879654467106,0.000383000005967915,145.585998535156,-93.0494,25.8639,23.8427951423599,66,66,94,117,128,94,0,8040,1.1727079215133,26,-93,99999,99999,2026-05-31 13:59:10.00148,890,1.0332,0,"aoml_navis",1031.60243279415
"4903910",2,0,1,70,1,-24,1,0.000365000014426187,1,150.645008990478,1,4.84678043238271,892,1,5.63000011444092,34.9150009155273,0.0392399989068508,0.0334610193967819,0.000365000014426187,145.804306030273,-93.0494,25.8639,23.8427951423599,66,66,94,117,128,94,0,8040,1.1727079215133,26,-93,99999,99999,2026-05-31 13:59:10.00148,892,1.0332,0,"aoml_navis",1031.61264879952
"4903910",2,0,1,68,1,-26,1,0.000387999985832721,1,151.00330880127,1,4.84672942869412,894,1,5.6230001449585,34.9160003662109,0.0353160016238689,0.0301149170845747,0.000387999985832721,146.151092529297,-93.0494,25.8639,23.8427951423599,66,66,94,117,128,94,0,8040,1.1727079215133,26,-93,99999,99999,2026-05-31 13:59:10.00148,894,1.0332,0,"aoml_navis",1031.62350479036
"4903910",2,0,1,69,1,-25,1,0.000418999989051372,1,151.221107537842,1,4.84667805260883,896,1,5.6100001335144,34.9160003662109,0.0372780002653599,0.0317879654467106,0.000418999989051372,146.361892700195,-93.0494,25.8639,23.8427951423599,66,66,94,117,128,94,0,8040,1.1727079215133,26,-93,99999,99999,2026-05-31 13:59:10.00148,896,1.0332,0,"aoml_navis",1031.63444027578
"4903910",2,0,1,69,1,-25,1,0.000438999995822087,1,151.352638110352,1,4.84663141597047,898,1,5.60400009155273,34.9160003662109,0.0372780002653599,0.0317879654467106,0.000438999995822087,146.489196777344,-93.0494,25.8639,23.8427951423599,66,66,94,117,128,94,0,8040,1.1727079215133,26,-93,99999,99999,2026-05-31 13:59:10.00148,898,1.0332,0,"aoml_navis",1031.64436716276
"4903910",2,0,1,68,1,-26,1,0.000444000004790723,1,151.571776904297,1,4.84658545758573,900,1,5.59899997711182,34.9160003662109,0.0353160016238689,0.0301149170845747,0.000444000004790723,146.701293945312,-93.0494,25.8639,23.8427951423599,66,66,94,117,128,94,0,8040,1.1727079215133,26,-93,99999,99999,2026-05-31 13:59:10.00148,900,1.0332,0,"aoml_navis",1031.6541498663
"4903910",2,0,1,70,1,-24,1,0.000430999993113801,1,151.696496832275,1,4.84653175901653,902,1,5.58799982070923,34.9169998168945,0.0392399989068508,0.0334610193967819,0.000430999993113801,146.822006225586,-93.0494,25.8639,23.8427951423599,66,66,94,117,128,94,0,8040,1.1727079215133,26,-93,99999,99999,2026-05-31 13:59:10.00148,902,1.0332,0,"aoml_navis",1031.66558038085
"4903910",2,0,1,68,1,-26,1,0.000438999995822087,1,151.755065222168,1,4.84648648092448,904,1,5.58400011062622,34.9169998168945,0.0353160016238689,0.0301149170845747,0.000438999995822087,146.878692626953,-93.0494,25.8639,23.8427951423599,66,66,94,117,128,94,0,8040,1.1727079215133,26,-93,99999,99999,2026-05-31 13:59:10.00148,904,1.0332,0,"aoml_navis",1031.67521867228
"4903910",2,0,1,70,1,-24,1,0.000506000011228025,1,151.811174212646,1,4.84643917664452,906,1,5.5770001411438,34.9169998168945,0.0392399989068508,0.0334610193967819,0.000506000011228025,146.932998657227,-93.0494,25.8639,23.8427951423599,66,66,94,117,128,94,0,8040,1.1727079215133,26,-93,99999,99999,2026-05-31 13:59:10.00148,906,1.0332,0,"aoml_navis",1031.68528846818
"4903910",2,0,1,70,1,-24,1,0.00052599998889491,1,151.909849731445,1,4.84639592971414,908,1,5.57600021362305,34.9169998168945,0.0392399989068508,0.0334610193967819,0.00052599998889491,147.028503417969,-93.0494,25.8639,23.8427951423599,66,66,94,117,128,94,0,8040,1.1727079215133,26,-93,99999,99999,2026-05-31 13:59:10.00148,908,1.0332,0,"aoml_navis",1031.69449473661
"4903910",2,0,1,72,1,-22,1,0.00040600000647828,1,152.225488421631,1,4.84635065659526,910,1,5.57200002670288,34.9169998168945,0.043163999915123,0.036807119846344,0.00040600000647828,147.333999633789,-93.0494,25.8639,23.8427951423599,66,66,94,117,128,94,0,8040,1.1727079215133,26,-93,99999,99999,2026-05-31 13:59:10.00148,910,1.0332,0,"aoml_navis",1031.70413250961
"4903910",2,0,1,69,1,-25,1,0.000413000001572073,1,152.51788894043,1,4.84628954088877,912,1,5.55000019073486,34.9179992675781,0.0372780002653599,0.0317879654467106,0.000413000001572073,147.617004394531,-93.0494,25.8639,23.8427951423599,66,66,94,117,128,94,0,8040,1.1727079215133,26,-93,99999,99999,2026-05-31 13:59:10.00148,912,1.0332,0,"aoml_navis",1031.71714314928
"4903910",2,0,1,66,1,-28,1,0.000384999992093071,1,152.681123693848,1,4.84624562163428,914,1,5.5479998588562,34.9179992675781,0.0313920006155968,0.0267688147723675,0.000384999992093071,147.774993896484,-93.0494,25.8639,23.8427951423599,66,66,94,117,128,94,0,8040,1.1727079215133,26,-93,99999,99999,2026-05-31 13:59:10.00148,914,1.0332,0,"aoml_navis",1031.72649311858
"4903910",2,0,1,69,1,-25,1,0.000384999992093071,1,152.799947369385,1,4.84620102943301,916,1,5.54500007629395,34.9179992675781,0.0372780002653599,0.0317879654467106,0.000384999992093071,147.889999389648,-93.0494,25.8639,23.8427951423599,66,66,94,117,128,94,0,8040,1.1727079215133,26,-93,99999,99999,2026-05-31 13:59:10.00148,916,1.0332,0,"aoml_navis",1031.73598652489
"4903910",2,0,1,67,1,-27,1,0.000418000010540709,1,153.002359094238,1,4.84615711431162,918,1,5.54300022125244,34.9179992675781,0.0333539992570877,0.0284418649971485,0.000418000010540709,148.085906982422,-93.0494,25.8639,23.8427951423599,66,66,94,117,128,94,0,8040,1.1727079215133,26,-93,99999,99999,2026-05-31 13:59:10.00148,918,1.0332,0,"aoml_navis",1031.74533595579
"4903910",2,0,1,66,1,-28,1,0.000392999994801357,1,153.228103582764,1,4.84611117486553,920,1,5.53800010681152,34.9179992675781,0.0313920006155968,0.0267688147723675,0.000392999994801357,148.304397583008,-93.0494,25.8639,23.8427951423599,66,66,94,117,128,94,0,8040,1.1727079215133,26,-93,99999,99999,2026-05-31 13:59:10.00148,920,1.0332,0,"aoml_navis",1031.75511654223
"4903910",2,0,1,69,1,-25,1,0.00040300001273863,1,153.485993682861,1,4.84606118666881,922,1,5.52699995040894,34.9179992675781,0.0372780002653599,0.0317879654467106,0.00040300001273863,148.554000854492,-93.0494,25.8639,23.8427951423599,66,66,94,117,128,94,0,8040,1.1727079215133,26,-93,99999,99999,2026-05-31 13:59:10.00148,922,1.0332,0,"aoml_navis",1031.76575932526
"4903910",2,0,1,68,1,-26,1,0.000456999987363815,1,153.575257269287,1,4.84601089203281,924,1,5.52099990844727,34.9189987182617,0.0353160016238689,0.0301149170845747,0.000456999987363815,148.640396118164,-93.0494,25.8639,23.8427951423599,66,66,94,117,128,94,0,8040,1.1727079215133,26,-93,99999,99999,2026-05-31 13:59:10.00148,924,1.0332,0,"aoml_navis",1031.77646757261
"4903910",2,0,1,66,1,-28,1,0.000430999993113801,1,153.695736309814,1,4.84596630839932,926,1,5.51800012588501,34.9189987182617,0.0313920006155968,0.0267688147723675,0.000430999993113801,148.75700378418,-93.0494,25.8639,23.8427951423599,66,66,94,117,128,94,0,8040,1.1727079215133,26,-93,99999,99999,2026-05-31 13:59:10.00148,926,1.0332,0,"aoml_navis",1031.7859600744
"4903910",2,0,1,70,1,-24,1,0.000433999986853451,1,153.839548114014,1,4.84591902707451,928,1,5.51100015640259,34.9189987182617,0.0392399989068508,0.0334610193967819,0.000433999986853451,148.896194458008,-93.0494,25.8639,23.8427951423599,66,66,94,117,128,94,0,8040,1.1727079215133,26,-93,99999,99999,2026-05-31 13:59:10.00148,928,1.0332,0,"aoml_navis",1031.79602714462
"4903910",2,0,1,69,1,-25,1,0.000433999986853451,1,153.97872489624,1,4.8458724225413,930,1,5.50500011444092,34.9189987182617,0.0372780002653599,0.0317879654467106,0.000433999986853451,149.030899047852,-93.0494,25.8639,23.8427951423599,66,66,94,117,128,94,0,8040,1.1727079215133,26,-93,99999,99999,2026-05-31 13:59:10.00148,930,1.0332,0,"aoml_navis",1031.80595030562
"4903910",2,0,1,69,1,-25,1,0.000490000005811453,1,154.118106628418,1,4.84582784367122,932,1,5.5019998550415,34.9189987182617,0.0372780002653599,0.0317879654467106,0.000490000005811453,149.165802001953,-93.0494,25.8639,23.8427951423599,66,66,94,117,128,94,0,8040,1.1727079215133,26,-93,99999,99999,2026-05-31 13:59:10.00148,932,1.0332,0,"aoml_navis",1031.81544233564
"4903910",2,0,1,70,1,-24,1,0.000407999992603436,1,154.429504431152,1,4.84577921938331,934,1,5.49300003051758,34.9189987182617,0.0392399989068508,0.0334610193967819,0.000407999992603436,149.467193603516,-93.0494,25.8639,23.8427951423599,66,66,94,117,128,94,0,8040,1.1727079215133,26,-93,99999,99999,2026-05-31 13:59:10.00148,934,1.0332,0,"aoml_navis",1031.82579594213
"4903910",2,0,1,69,1,-25,1,0.000487000012071803,1,154.661255529785,1,4.84573262075751,936,1,5.48699998855591,34.9189987182617,0.0372780002653599,0.0317879654467106,0.000487000012071803,149.691497802734,-93.0494,25.8639,23.8427951423599,66,66,94,117,128,94,0,8040,1.1727079215133,26,-93,99999,99999,2026-05-31 13:59:10.00148,936,1.0332,0,"aoml_navis",1031.83571841782
"4903910",2,0,1,68,1,-26,1,0.00044900001375936,1,154.821100726318,1,4.845681666125,938,1,5.48000001907349,34.9199981689453,0.0353160016238689,0.0301149170845747,0.00044900001375936,149.846206665039,-93.0494,25.8639,23.8427951423599,66,66,94,117,128,94,0,8040,1.1727079215133,26,-93,99999,99999,2026-05-31 13:59:10.00148,938,1.0332,0,"aoml_navis",1031.84656865799
"4903910",2,0,1,69,1,-25,1,0.000475000008009374,1,154.881229888916,1,4.84563439759182,940,1,5.47300004959106,34.9199981689453,0.0372780002653599,0.0317879654467106,0.000475000008009374,149.904403686523,-93.0494,25.8639,23.8427951423599,66,66,94,117,128,94,0,8040,1.1727079215133,26,-93,99999,99999,2026-05-31 13:59:10.00148,940,1.0332,0,"aoml_navis",1031.85663418703
"4903910",2,0,1,66,1,-28,1,0.00044900001375936,1,155.005413793945,1,4.84558982703465,942,1,5.46999979019165,34.9199981689453,0.0313920006155968,0.0267688147723675,0.00044900001375936,150.024597167969,-93.0494,25.8639,23.8427951423599,66,66,94,117,128,94,0,8040,1.1727079215133,26,-93,99999,99999,2026-05-31 13:59:10.00148,942,1.0332,0,"aoml_navis",1031.86612537938
"4903910",2,0,1,70,1,-24,1,0.000422999990405515,1,155.178265429687,1,4.84554458454191,944,1,5.46600008010864,34.9199981689453,0.0392399989068508,0.0334610193967819,0.000422999990405515,150.19189453125,-93.0494,25.8639,23.8427951423599,66,66,94,117,128,94,0,8040,1.1727079215133,26,-93,99999,99999,2026-05-31 13:59:10.00148,944,1.0332,0,"aoml_navis",1031.87575983736
"4903910",2,0,1,69,1,-25,1,0.000430999993113801,1,155.497640515137,1,4.84549664774603,946,1,5.45800018310547,34.9199981689453,0.0372780002653599,0.0317879654467106,0.000430999993113801,150.501007080078,-93.0494,25.8639,23.8427951423599,66,66,94,117,128,94,0,8040,1.1727079215133,26,-93,99999,99999,2026-05-31 13:59:10.00148,946,1.0332,0,"aoml_navis",1031.88596824762
"4903910",2,0,1,67,1,-27,1,0.000429000006988645,1,155.609937322998,1,4.84544736603786,948,1,5.44799995422363,34.9199981689453,0.0333539992570877,0.0284418649971485,0.000429000006988645,150.60969543457,-93.0494,25.8639,23.8427951423599,66,66,94,117,128,94,0,8040,1.1727079215133,26,-93,99999,99999,2026-05-31 13:59:10.00148,948,1.0332,0,"aoml_navis",1031.89646327507
"4903910",2,0,1,67,1,-27,1,0.000426000013248995,1,155.66904173584,1,4.84539775755032,950,1,5.44299983978271,34.9210014343262,0.0333539992570877,0.0284418649971485,0.000426000013248995,150.666900634766,-93.0494,25.8639,23.8427951423599,66,66,94,117,128,94,0,8040,1.1727079215133,26,-93,99999,99999,2026-05-31 13:59:10.00148,950,1.0332,0,"aoml_navis",1031.90702810905
"4903910",2,0,1,68,1,-26,1,0.000421000004280359,1,155.898096954346,1,4.84535621956754,952,1,5.43900012969971,34.9199981689453,0.0353160016238689,0.0301149170845747,0.000421000004280359,150.888595581055,-93.0494,25.8639,23.8427951423599,66,66,94,117,128,94,0,8040,1.1727079215133,26,-93,99999,99999,2026-05-31 13:59:10.00148,952,1.0332,0,"aoml_navis",1031.91587438049
"4903910",2,0,1,70,1,-24,1,0.000390000001061708,1,156.406640844727,1,4.84530963870665,954,1,5.43300008773804,34.9199981689453,0.0392399989068508,0.0334610193967819,0.000390000001061708,151.380798339844,-93.0494,25.8639,23.8427951423599,66,66,94,117,128,94,0,8040,1.1727079215133,26,-93,99999,99999,2026-05-31 13:59:10.00148,954,1.0332,0,"aoml_navis",1031.92579480527
"4903910",2,0,1,67,1,-27,1,0.000380000012228265,1,157.091031793213,1,4.84525061346112,956,1,5.41400003433228,34.9210014343262,0.0333539992570877,0.0284418649971485,0.000380000012228265,152.043197631836,-93.0494,25.8639,23.8427951423599,66,66,94,117,128,94,0,8040,1.1727079215133,26,-93,99999,99999,2026-05-31 13:59:10.00148,956,1.0332,0,"aoml_navis",1031.93836581104
"4903910",2,0,1,68,1,-26,1,0.00040300001273863,1,157.727590576172,1,4.84518556991654,958,1,5.38600015640259,34.9220008850098,0.0353160016238689,0.0301149170845747,0.00040300001273863,152.659301757812,-93.0494,25.8639,23.8427951423599,66,66,94,117,128,94,0,8040,1.1727079215133,26,-93,99999,99999,2026-05-31 13:59:10.00148,958,1.0332,0,"aoml_navis",1031.95221892938
"4903910",2,0,1,71,1,-23,1,0.000438999995822087,1,158.004178417969,1,4.84512726204754,960,1,5.36800003051758,34.9230003356934,0.041202001273632,0.035134069621563,0.000438999995822087,152.927001953125,-93.0494,25.8639,23.8427951423599,66,66,94,117,128,94,0,8040,1.1727079215133,26,-93,99999,99999,2026-05-31 13:59:10.00148,960,1.0332,0,"aoml_navis",1031.96463778477
"4903910",2,0,1,67,1,-27,1,0.000670999987050891,1,158.307835418701,1,4.84507734110734,962,1,5.35699987411499,34.9230003356934,0.0333539992570877,0.0284418649971485,0.000670999987050891,153.220901489258,-93.0494,25.8639,23.8427951423599,66,66,94,117,128,94,0,8040,1.1727079215133,26,-93,99999,99999,2026-05-31 13:59:10.00148,962,1.0332,0,"aoml_navis",1031.9752705655
"4903910",2,0,1,68,1,-26,1,0.000436000002082437,1,158.64609743042,1,4.84502876490074,964,1,5.34800004959106,34.9230003356934,0.0353160016238689,0.0301149170845747,0.000436000002082437,153.548294067383,-93.0494,25.8639,23.8427951423599,66,66,94,117,128,94,0,8040,1.1727079215133,26,-93,99999,99999,2026-05-31 13:59:10.00148,964,1.0332,0,"aoml_navis",1031.98561713853
"4903910",2,0,1,67,1,-27,1,0.000433000008342788,1,159.111869842529,1,4.84497516828495,966,1,5.33699989318848,34.923999786377,0.0333539992570877,0.0284418649971485,0.000433000008342788,153.999099731445,-93.0494,25.8639,23.8427951423599,66,66,94,117,128,94,0,8040,1.1727079215133,26,-93,99999,99999,2026-05-31 13:59:10.00148,966,1.0332,0,"aoml_navis",1031.99703328303
"4903910",2,0,1,70,1,-24,1,0.000500000023748726,1,159.387732476807,1,4.8449232512242,968,1,5.32299995422363,34.923999786377,0.0392399989068508,0.0334610193967819,0.000500000023748726,154.266098022461,-93.0494,25.8639,23.8427951423599,66,66,94,117,128,94,0,8040,1.1727079215133,26,-93,99999,99999,2026-05-31 13:59:10.00148,968,1.0332,0,"aoml_navis",1032.00809192109
"4903910",2,0,1,68,1,-26,1,0.000605000008363277,1,159.64004163208,1,4.84487535494654,970,1,5.31500005722046,34.923999786377,0.0353160016238689,0.0301149170845747,0.000605000008363277,154.510299682617,-93.0494,25.8639,23.8427951423599,66,66,94,117,128,94,0,8040,1.1727079215133,26,-93,99999,99999,2026-05-31 13:59:10.00148,970,1.0332,0,"aoml_navis",1032.01829431898
"4903910",2,0,1,69,1,-25,1,0.000461999996332452,1,159.95393036499,1,4.84482679236246,972,1,5.30600023269653,34.923999786377,0.0372780002653599,0.0317879654467106,0.000461999996332452,154.814102172852,-93.0494,25.8639,23.8427951423599,66,66,94,117,128,94,0,8040,1.1727079215133,26,-93,99999,99999,2026-05-31 13:59:10.00148,972,1.0332,0,"aoml_navis",1032.02863885292
"4903910",2,0,1,68,1,-26,1,0.000430999993113801,1,160.326292895508,1,4.84478291416862,974,1,5.30399990081787,34.923999786377,0.0353160016238689,0.0301149170845747,0.000430999993113801,155.174499511719,-93.0494,25.8639,23.8427951423599,66,66,94,117,128,94,0,8040,1.1727079215133,26,-93,99999,99999,2026-05-31 13:59:10.00148,974,1.0332,0,"aoml_navis",1032.03798572222
"4903910",2,0,1,69,1,-25,1,0.000459000002592802,1,160.903542315674,1,4.84472331933005,976,1,5.28399991989136,34.9249992370605,0.0372780002653599,0.0317879654467106,0.000459000002592802,155.733200073242,-93.0494,25.8639,23.8427951423599,66,66,94,117,128,94,0,8040,1.1727079215133,26,-93,99999,99999,2026-05-31 13:59:10.00148,976,1.0332,0,"aoml_navis",1032.05068079954
"4903910",2,0,1,70,1,-24,1,0.000441000011051074,1,161.153470898437,1,4.84466875714827,978,1,5.26599979400635,34.9249992370605,0.0392399989068508,0.0334610193967819,0.000441000011051074,155.97509765625,-93.0494,25.8639,23.8427951423599,66,66,94,117,128,94,0,8040,1.1727079215133,26,-93,99999,99999,2026-05-31 13:59:10.00148,978,1.0332,0,"aoml_navis",1032.06230407859
"4903910",2,0,1,70,1,-24,1,0.000474000000394881,1,166.242803851318,1,4.84417271808293,999.299987792969,1,5.21250009536743,34.9269981384277,0.0392399989068508,0.0334610193967819,0.000474000000394881,160.900894165039,-93.0494,25.8639,23.8427951423599,66,66,94,117,128,94,0,8040,1.1727079215133,26,-93,99999,99999,2026-05-31 13:59:10.00148,999.299987792969,1.0332,0,"aoml_navis",1032.16798635923
"4903910",2,0,1,66,1,-28,1,0.000450999999884516,1,172.707445568848,1,4.84293380543794,1049.5,1,4.99259996414185,34.9339981079102,0.0313920006155968,0.0267688147723675,0.000450999999884516,167.157806396484,-93.0494,25.8639,23.8427951423599,66,66,94,117,128,94,0,8040,1.1727079215133,26,-93,99999,99999,2026-05-31 13:59:10.00148,1049.5,1.0332,0,"aoml_navis",1032.43203414957
"4903910",2,0,1,71,1,-23,1,0.000599000020883977,1,178.834424359131,1,4.84171723646478,1099.09997558594,1,4.79020023345947,34.9420013427734,0.041202001273632,0.035134069621563,0.000599000020883977,173.087905883789,-93.0494,25.8639,23.8427951423599,66,66,94,117,128,94,0,8040,1.1727079215133,26,-93,99999,99999,2026-05-31 13:59:10.00148,1099.09997558594,1.0332,0,"aoml_navis",1032.69145136009
"4903910",2,0,1,67,1,-27,1,0.000394000002415851,1,183.506967938232,1,4.84056847801457,1148.59997558594,1,4.66900014877319,34.9469985961914,0.0333539992570877,0.0284418649971485,0.000394000002415851,177.610305786133,-93.0494,25.8639,23.8427951423599,66,66,94,117,128,94,0,8040,1.1727079215133,26,-93,99999,99999,2026-05-31 13:59:10.00148,1148.59997558594,1.0332,0,"aoml_navis",1032.93652857295
"4903910",2,0,1,66,1,-28,1,0.00182100001256913,1,187.221528149414,1,4.83939871892916,1199.5,1,4.55380010604858,34.951000213623,0.0313920006155968,0.0267688147723675,0.00182100001256913,181.205505371094,-93.0494,25.8639,23.8427951423599,66,66,94,117,128,94,0,8040,1.1727079215133,26,-93,99999,99999,2026-05-31 13:59:10.00148,1199.5,1.0332,0,"aoml_navis",1033.18620564217
"4903910",2,0,1,69,1,-25,1,0.000786999997217208,1,189.706262530518,1,4.83829137064902,1249.5,1,4.49739980697632,34.9539985656738,0.0372780002653599,0.0317879654467106,0.000786999997217208,183.610397338867,-93.0494,25.8639,23.8427951423599,66,66,94,117,128,94,0,8040,1.1727079215133,26,-93,99999,99999,2026-05-31 13:59:10.00148,1249.5,1.0332,0,"aoml_navis",1033.42267279147
"4903910",2,0,1,71,1,-23,1,0.000368000008165836,1,192.062792834473,1,4.83720545426953,1298.69995117188,1,4.44049978256226,34.9560012817383,0.041202001273632,0.035134069621563,0.000368000008165836,185.891204833984,-93.0494,25.8639,23.8427951423599,66,66,94,117,128,94,0,8040,1.1727079215133,26,-93,99999,99999,2026-05-31 13:59:10.00148,1298.69995117188,1.0332,0,"aoml_navis",1033.65466843811
"4903910",2,0,1,67,1,-27,1,0.000368000008165836,1,193.676852526855,1,4.8361074540851,1349.19995117188,1,4.40509986877441,34.9580001831055,0.0333539992570877,0.0284418649971485,0.000368000008165836,187.453399658203,-93.0494,25.8639,23.8427951423599,66,66,94,117,128,94,0,8040,1.1727079215133,26,-93,99999,99999,2026-05-31 13:59:10.00148,1349.19995117188,1.0332,0,"aoml_navis",1033.8893516058
"4903910",2,0,1,68,1,-26,1,0.000338999991072342,1,195.690974523926,1,4.83501428860506,1399,1,4.35830020904541,34.9609985351562,0.0353160016238689,0.0301149170845747,0.000338999991072342,189.402801513672,-93.0494,25.8639,23.8427951423599,66,66,94,117,128,94,0,8040,1.1727079215133,26,-93,99999,99999,2026-05-31 13:59:10.00148,1399,1.0332,0,"aoml_navis",1034.12310730576
"4903910",2,0,1,68,1,-26,1,0.000354999996488914,1,196.691319470215,1,4.83393807138129,1449.19995117188,1,4.33669996261597,34.9620018005371,0.0353160016238689,0.0301149170845747,0.000354999996488914,190.371002197266,-93.0494,25.8639,23.8427951423599,66,66,94,117,128,94,0,8040,1.1727079215133,26,-93,99999,99999,2026-05-31 13:59:10.00148,1449.19995117188,1.0332,0,"aoml_navis",1034.35334217496
"4903910",2,0,1,66,1,-28,1,0.00032600000849925,1,197.474070629883,1,4.83288410374712,1498.90002441406,1,4.32499980926514,34.9620018005371,0.0313920006155968,0.0267688147723675,0.00032600000849925,191.128601074219,-93.0494,25.8639,23.8427951423599,66,66,94,117,128,94,0,8040,1.1727079215133,26,-93,99999,99999,2026-05-31 13:59:10.00148,1498.90002441406,1.0332,0,"aoml_navis",1034.57891657764
"4903910",2,0,1,67,1,-27,1,0.000334000011207536,1,197.906152423096,1,4.83184127768733,1548.19995117188,1,4.3206000328064,34.9630012512207,0.0333539992570877,0.0284418649971485,0.000334000011207536,191.546798706055,-93.0494,25.8639,23.8427951423599,66,66,94,117,128,94,0,8040,1.1727079215133,26,-93,99999,99999,2026-05-31 13:59:10.00148,1548.19995117188,1.0332,0,"aoml_navis",1034.80220326963
"4903910",2,0,1,71,1,-23,1,0.000337000004947186,1,198.403534423828,1,4.8307817283584,1598.5,1,4.31489992141724,34.9630012512207,0.041202001273632,0.035134069621563,0.000337000004947186,192.028198242188,-93.0494,25.8639,23.8427951423599,66,66,94,117,128,94,0,8040,1.1727079215133,26,-93,99999,99999,2026-05-31 13:59:10.00148,1598.5,1.0332,0,"aoml_navis",1035.02916942992
"4903910",2,0,1,68,1,-26,1,0.000319000013405457,1,198.847392956543,1,4.82970423028232,1649.5,1,4.30749988555908,34.9640007019043,0.0353160016238689,0.0301149170845747,0.000319000013405457,192.457794189453,-93.0494,25.8639,23.8427951423599,66,66,94,117,128,94,0,8040,1.1727079215133,26,-93,99999,99999,2026-05-31 13:59:10.00148,1649.5,1.0332,0,"aoml_navis",1035.26008252222
"4903910",2,0,1,68,1,-26,1,0.000334000011207536,1,199.287751574707,1,4.82866079479359,1699.09997558594,1,4.29949998855591,34.9640007019043,0.0353160016238689,0.0301149170845747,0.000334000011207536,192.884002685547,-93.0494,25.8639,23.8427951423599,66,66,94,117,128,94,0,8040,1.1727079215133,26,-93,99999,99999,2026-05-31 13:59:10.00148,1699.09997558594,1.0332,0,"aoml_navis",1035.48379405552
"4903910",2,0,1,67,1,-27,1,0.000375000003259629,1,199.642866778564,1,4.82759735725019,1749.59997558594,1,4.29290008544922,34.9650001525879,0.0333539992570877,0.0284418649971485,0.000375000003259629,193.22770690918,-93.0494,25.8639,23.8427951423599,66,66,94,117,128,94,0,8040,1.1727079215133,26,-93,99999,99999,2026-05-31 13:59:10.00148,1749.59997558594,1.0332,0,"aoml_navis",1035.71189351384
"4903910",2,0,1,69,1,-25,1,0.000297999999020249,1,200.069667169189,1,4.82656630320159,1799,1,4.29239988327026,34.9650001525879,0.0372780002653599,0.0317879654467106,0.000297999999020249,193.64079284668,-93.0494,25.8639,23.8427951423599,66,66,94,117,128,94,0,8040,1.1727079215133,26,-93,99999,99999,2026-05-31 13:59:10.00148,1799,1.0332,0,"aoml_navis",1035.93314292261
"4903910",2,0,1,69,1,-25,1,0.000338999991072342,1,200.249140264893,1,4.8255148498364,1849.5,1,4.29330015182495,34.9650001525879,0.0372780002653599,0.0317879654467106,0.000338999991072342,193.814498901367,-93.0494,25.8639,23.8427951423599,66,66,94,117,128,94,0,8040,1.1727079215133,26,-93,99999,99999,2026-05-31 13:59:10.00148,1849.5,1.0332,0,"aoml_navis",1036.158867104
"4903910",2,0,1,67,1,-27,1,0.000329000002238899,1,200.514676574707,1,4.8245043634905,1897.90002441406,1,4.29330015182495,34.9659996032715,0.0333539992570877,0.0284418649971485,0.000329000002238899,194.071502685547,-93.0494,25.8639,23.8427951423599,66,66,94,117,128,94,0,8040,1.1727079215133,26,-93,99999,99999,2026-05-31 13:59:10.00148,1897.90002441406,1.0332,0,"aoml_navis",1036.37588927011
"4903910",13,-1.71391327621977,4,92,1,-2,1,0.000614000018686056,3,99999,9,99999,2.09999990463257,1,29.9720001220703,36.1160011291504,0.0824040025472641,0.154684111475945,0.000614000018686056,99999,-91.5454,26.181,26.2759860688941,66,66,94,117,128,94,-2,8041,1.16692018654014,26,-92,99999,99999,2026-07-25 11:07:13.00119,2.09999990463257,1.0332,0,"aoml_navis",1022.58168673322
"4903910",13,-2.57086991432966,4,91,1,-3,1,0.000575000012759119,3,99999,9,99999,4,1,29.9769992828369,36.1150016784668,0.0804419964551926,0.153002753853798,0.000575000012759119,99999,-91.5454,26.181,26.2759860688941,66,66,94,117,128,94,-3,8041,1.16692018654014,26,-92,99999,99999,2026-07-25 11:07:13.00119,4,1.0332,0,"aoml_navis",1022.58732757302
"4903910",13,0.856956638109885,1,95,1,1,1,0.000591000018175691,3,99999,9,99999,6,1,29.9780006408691,36.1150016784668,0.0882899984717369,0.159728139638901,0.000591000018175691,99999,-91.5454,26.181,26.2759860688941,66,66,94,117,128,94,1,8041,1.16692018654014,26,-92,99999,99999,2026-07-25 11:07:13.00119,6,1.0332,0,"aoml_navis",1022.59551402132
"4903910",13,-0.856956638109885,4,93,1,-1,1,0.000569999974686652,3,99999,9,99999,8,1,29.9780006408691,36.1150016784668,0.084366001188755,0.15636545419693,0.000569999974686652,99999,-91.5454,26.181,26.2759860688941,66,66,94,117,128,94,-1,8041,1.16692018654014,26,-92,99999,99999,2026-07-25 11:07:13.00119,8,1.0332,0,"aoml_navis",1022.60404323382
"4903910",13,-3.42782655243954,4,90,1,-4,1,0.00055699999211356,3,99999,9,99999,10,1,29.9780006408691,36.1150016784668,0.0784799978137016,0.151321396231651,0.00055699999211356,99999,-91.5454,26.181,26.2759860688941,66,66,94,117,128,94,-4,8041,1.16692018654014,26,-92,99999,99999,2026-07-25 11:07:13.00119,10,1.0332,0,"aoml_navis",1022.61257210033
"4903910",13,-0.856956638109885,4,93,1,-1,1,0.000569999974686652,3,99999,9,99999,12,1,29.9780006408691,36.1150016784668,0.084366001188755,0.15636545419693,0.000569999974686652,99999,-91.5454,26.181,26.2759860688941,66,66,94,117,128,94,-1,8041,1.16692018654014,26,-92,99999,99999,2026-07-25 11:07:13.00119,12,1.0332,0,"aoml_navis",1022.62110062088
"4903910",13,-2.57086991432966,4,91,1,-3,1,0.000592999975197017,3,99999,9,99999,14,1,29.9790000915527,36.1150016784668,0.0804419964551926,0.153002753853798,0.000592999975197017,99999,-91.5454,26.181,26.2759860688941,66,66,94,117,128,94,-3,8041,1.16692018654014,26,-92,99999,99999,2026-07-25 11:07:13.00119,14,1.0332,0,"aoml_navis",1022.62928625922
"4903910",13,-2.57086991432966,4,91,1,-3,1,0.000671999994665384,3,99999,9,99999,16,1,29.9790000915527,36.1139984130859,0.0804419964551926,0.153002753853798,0.000671999994665384,99999,-91.5454,26.181,26.2759860688941,66,66,94,117,128,94,-3,8041,1.16692018654014,26,-92,99999,99999,2026-07-25 11:07:13.00119,16,1.0332,0,"aoml_navis",1022.63706147425
"4903910",13,0,1,94,1,0,1,0.000713000015821308,3,99999,9,99999,18,1,29.9790000915527,36.1139984130859,0.086327999830246,0.158046811819077,0.000713000015821308,99999,-91.5454,26.181,26.2759860688941,66,66,94,117,128,94,0,8041,1.16692018654014,26,-92,99999,99999,2026-07-25 11:07:13.00119,18,1.0332,0,"aoml_navis",1022.64558895259
"4903910",13,-0.856956638109885,4,93,1,-1,1,0.000608999980613589,3,99999,9,99999,20,1,29.9780006408691,36.1150016784668,0.084366001188755,0.15636545419693,0.000608999980613589,99999,-91.5454,26.181,26.2759860688941,66,66,94,117,128,94,-1,8041,1.16692018654014,26,-92,99999,99999,2026-07-25 11:07:13.00119,20,1.0332,0,"aoml_navis",1022.65521124393
"4903910",13,0.856956638109885,1,95,1,1,1,0.000564999994821846,3,99999,9,99999,22,1,29.9769992828369,36.1150016784668,0.0882899984717369,0.159728139638901,0.000564999994821846,99999,-91.5454,26.181,26.2759860688941,66,66,94,117,128,94,1,8041,1.16692018654014,26,-92,99999,99999,2026-07-25 11:07:13.00119,22,1.0332,0,"aoml_navis",1022.66408127583
"4903910",13,0.856956638109885,1,95,1,1,1,0.000638999976217747,3,99999,9,99999,24,1,29.9740009307861,36.1180000305176,0.0882899984717369,0.159728139638901,0.000638999976217747,99999,-91.5454,26.181,26.2759860688941,66,66,94,117,128,94,1,8041,1.16692018654014,26,-92,99999,99999,2026-07-25 11:07:13.00119,24,1.0332,0,"aoml_navis",1022.67588460954
"4903910",13,4.28478319054943,1,99,1,5,1,0.000767000019550323,3,99999,9,99999,26,1,29.9570007324219,36.1380004882812,0.0961380004882812,0.166453555226326,0.000767000019550323,99999,-91.5454,26.181,26.2759860688941,66,66,94,117,128,94,5,8041,1.16692018654014,26,-92,99999,99999,2026-07-25 11:07:13.00119,26,1.0332,0,"aoml_navis",1022.70524002309
"4903910",13,6.85565310487908,1,102,4,8,4,0.000614000018686056,3,99999,9,99999,28.2999992370605,1,29.9459991455078,36.1430015563965,0.102023996412754,0.171497598290443,0.000614000018686056,99999,-91.5454,26.181,26.2759860688941,66,66,94,117,128,94,8,8041,1.16692018654014,26,-92,99999,99999,2026-07-25 11:07:13.00119,28.2999992370605,1.0332,0,"aoml_navis",1022.72256598348
"4903910",13,5.9986964667692,1,101,4,7,4,0.000623999978415668,3,99999,9,99999,29.7999992370605,1,29.92799949646,36.1479988098145,0.100061997771263,0.169816240668297,0.000623999978415668,99999,-91.5454,26.181,26.2759860688941,66,66,94,117,128,94,7,8041,1.16692018654014,26,-92,99999,99999,2026-07-25 11:07:13.00119,29.7999992370605,1.0332,0,"aoml_navis",1022.73887505498
"4903910",13,10.2834796573186,1,106,4,12,4,0.000646999978926033,3,99999,9,99999,32,1,29.6800003051758,36.2649993896484,0.109871998429298,0.178222984075546,0.000646999978926033,99999,-91.5454,26.181,26.2759860688941,66,66,94,117,128,94,12,8041,1.16692018654014,26,-92,99999,99999,2026-07-25 11:07:13.00119,32,1.0332,0,"aoml_navis",1022.9207818632
"4903910",13,11.9973929335384,1,108,4,14,4,0.00064899999415502,3,99999,9,99999,34,1,29.6259994506836,36.3400001525879,0.113796003162861,0.181585684418678,0.00064899999415502,99999,-91.5454,26.181,26.2759860688941,66,66,94,117,128,94,14,8041,1.16692018654014,26,-92,99999,99999,2026-07-25 11:07:13.00119,34,1.0332,0,"aoml_navis",1023.00399863593
"4903910",13,19.7100026765274,1,117,4,23,4,0.000691999972332269,3,99999,9,99999,36.0999984741211,1,29.5739994049072,36.3779983520508,0.13145400583744,0.196717828512192,0.000691999972332269,99999,-91.5454,26.181,26.2759860688941,66,66,94,117,128,94,23,8041,1.16692018654014,26,-92,99999,99999,2026-07-25 11:07:13.00119,36.0999984741211,1.0332,0,"aoml_navis",1023.05917598068
"4903910",13,15.4252194859779,1,112,4,18,4,0.000653999974019825,3,99999,9,99999,37.9000015258789,1,29.6040000915527,36.4729995727539,0.121643997728825,0.188311070203781,0.000653999974019825,99999,-91.5454,26.181,26.2759860688941,66,66,94,117,128,94,18,8041,1.16692018654014,26,-92,99999,99999,2026-07-25 11:07:13.00119,37.9000015258789,1.0332,0,"aoml_navis",1023.12794670158
"4903910",13,23.1378292289669,1,121,4,27,4,0.000732999993488193,3,99999,9,99999,40,1,29.3439998626709,36.6339988708496,0.139302000403404,0.203443229198456,0.000732999993488193,99999,-91.5454,26.181,26.2759860688941,66,66,94,117,128,94,27,8041,1.16692018654014,26,-92,99999,99999,2026-07-25 11:07:13.00119,40,1.0332,0,"aoml_navis",1023.34611912584
"4903910",13,23.9947858670768,1,122,4,28,4,0.00072299997555092,3,99999,9,99999,42,1,28.9820003509521,36.6030006408691,0.141264006495476,0.205124571919441,0.00072299997555092,99999,-91.5454,26.181,26.2759860688941,66,66,94,117,128,94,28,8041,1.16692018654014,26,-92,99999,99999,2026-07-25 11:07:13.00119,42,1.0332,0,"aoml_navis",1023.4535801205
"4903910",13,26.5656557814064,1,125,4,31,4,0.000743000011425465,3,99999,9,99999,44,1,28.7600002288818,36.5849990844727,0.147149994969368,0.210168614983559,0.000743000011425465,99999,-91.5454,26.181,26.2759860688941,66,66,94,117,128,94,31,8041,1.16692018654014,26,-92,99999,99999,2026-07-25 11:07:13.00119,44,1.0332,0,"aoml_navis",1023.5230637399
"4903910",13,33.4213088862855,1,133,4,39,4,0.0020860000513494,3,99999,9,99999,46,1,28.6100006103516,36.5750007629395,0.162845999002457,0.223619416356087,0.0020860000513494,99999,-91.5454,26.181,26.2759860688941,66,66,94,117,128,94,39,8041,1.16692018654014,26,-92,99999,99999,2026-07-25 11:07:13.00119,46,1.0332,0,"aoml_navis",1023.57420430888
"4903910",13,31.7073956100657,1,131,4,37,4,0.000736000016331673,3,99999,9,99999,48.0999984741211,1,28.5550003051758,36.5740013122559,0.158922001719475,0.220256701111794,0.000736000016331673,99999,-91.5454,26.181,26.2759860688941,66,66,94,117,128,94,37,8041,1.16692018654014,26,-92,99999,99999,2026-07-25 11:07:13.00119,48.0999984741211,1.0332,0,"aoml_navis",1023.60075501375
"4903910",13,35.1352221625053,1,135,4,41,4,0.000755999993998557,3,99999,9,99999,49.9000015258789,1,28.3129997253418,36.5519981384277,0.166769996285439,0.226982116699219,0.000755999993998557,99999,-91.5454,26.181,26.2759860688941,66,66,94,117,128,94,41,8041,1.16692018654014,26,-92,99999,99999,2026-07-25 11:07:13.00119,49.9000015258789,1.0332,0,"aoml_navis",1023.67231412786
"4903910",13,41.9908752673844,1,143,4,49,4,0.000891999981831759,3,99999,9,99999,51.9000015258789,1,27.9449996948242,36.5200004577637,0.182466000318527,0.240432903170586,0.000891999981831759,99999,-91.5454,26.181,26.2759860688941,66,66,94,117,128,94,49,8041,1.16692018654014,26,-92,99999,99999,2026-07-25 11:07:13.00119,51.9000015258789,1.0332,0,"aoml_navis",1023.77824660668
"4903910",13,44.561745181714,1,146,4,52,4,0.000829999975394458,3,99999,9,99999,54.4000015258789,1,27.5450000762939,36.5099983215332,0.188352003693581,0.245476946234703,0.000829999975394458,99999,-91.5454,26.181,26.2759860688941,66,66,94,117,128,94,52,8041,1.16692018654014,26,-92,99999,99999,2026-07-25 11:07:13.00119,54.4000015258789,1.0332,0,"aoml_navis",1023.91229244943
"4903910",13,48.8465283722634,1,151,4,57,4,0.000824999995529652,3,99999,9,99999,56.0999984741211,1,27.3850002288818,36.5229988098145,0.198162004351616,0.253883689641953,0.000824999995529652,99999,-91.5454,26.181,26.2759860688941,66,66,94,117,128,94,57,8041,1.16692018654014,26,-92,99999,99999,2026-07-25 11:07:13.00119,56.0999984741211,1.0332,0,"aoml_navis",1023.98138052661
"4903910",13,47.1326150960437,1,149,4,55,4,0.000809999997727573,3,99999,9,99999,58,1,26.9150009155273,36.556999206543,0.194238007068634,0.250521004199982,0.000809999997727573,99999,-91.5454,26.181,26.2759860688941,66,66,94,117,128,94,55,8041,1.16692018654014,26,-92,99999,99999,2026-07-25 11:07:13.00119,58,1.0332,0,"aoml_navis",1024.16687415694
"4903910",13,47.1326150960437,1,149,4,55,4,0.000828000018373132,3,99999,9,99999,60,1,26.6459999084473,36.5449981689453,0.194238007068634,0.250521004199982,0.000828000018373132,99999,-91.5454,26.181,26.2759860688941,66,66,94,117,128,94,55,8041,1.16692018654014,26,-92,99999,99999,2026-07-25 11:07:13.00119,60,1.0332,0,"aoml_navis",1024.25250868223
"4903910",13,83.9817505347687,4,192,4,98,4,0.000875999976415187,3,99999,9,99999,62,1,26.4650001525879,36.5379981994629,0.278604000806808,0.322818994522095,0.000875999976415187,99999,-91.5454,26.181,26.2759860688941,66,66,94,117,128,94,98,8041,1.16692018654014,26,-92,99999,99999,2026-07-25 11:07:13.00119,62,1.0332,0,"aoml_navis",1024.31343901642
"4903910",13,54.8452248390326,4,158,4,64,4,0.000939999998081475,3,99999,9,99999,64,1,26.0949993133545,36.5400009155273,0.211896002292633,0.265653133392334,0.000939999998081475,99999,-91.5454,26.181,26.2759860688941,66,66,94,117,128,94,64,8041,1.16692018654014,26,-92,99999,99999,2026-07-25 11:07:13.00119,64,1.0332,0,"aoml_navis",1024.4405886574
"4903910",13,68.5565310487908,1,174,4,80,4,0.000858000013977289,3,99999,9,99999,66,1,25.8080005645752,36.5789985656738,0.243287995457649,0.29255473613739,0.000858000013977289,99999,-91.5454,26.181,26.2759860688941,66,66,94,117,128,94,80,8041,1.16692018654014,26,-92,99999,99999,2026-07-25 11:07:13.00119,66,1.0332,0,"aoml_navis",1024.56871048902
"4903910",13,77.1260974298897,1,184,4,90,4,0.000862999993842095,3,99999,9,99999,68,1,25.6019992828369,36.5950012207031,0.262908011674881,0.309368222951889,0.000862999993842095,99999,-91.5454,26.181,26.2759860688941,66,66,94,117,128,94,90,8041,1.16692018654014,26,-92,99999,99999,2026-07-25 11:07:13.00119,68,1.0332,0,"aoml_navis",1024.65367919959
"4903910",13,81.4108806204391,1,189,4,95,4,0.000860999978613108,3,99999,9,99999,70.0999984741211,1,25.5149993896484,36.6049995422363,0.272718012332916,0.317774951457977,0.000860999978613108,99999,-91.5454,26.181,26.2759860688941,66,66,94,117,128,94,95,8041,1.16692018654014,26,-92,99999,99999,2026-07-25 11:07:13.00119,70.0999984741211,1.0332,0,"aoml_navis",1024.69730894008
"4903910",13,87.4095770872083,4,196,4,102,4,0.000858000013977289,3,99999,9,99999,71.8000030517578,1,25.4909992218018,36.6110000610352,0.286451995372772,0.329544395208359,0.000858000013977289,99999,-91.5454,26.181,26.2759860688941,66,66,94,117,128,94,102,8041,1.16692018654014,26,-92,99999,99999,2026-07-25 11:07:13.00119,71.8000030517578,1.0332,0,"aoml_navis",1024.71659683142
"4903910",13,76.2691407917798,4,183,4,89,4,0.00084300001617521,3,99999,9,99999,74,1,25.4610004425049,36.6199989318848,0.260946005582809,0.307686865329742,0.00084300001617521,99999,-91.5454,26.181,26.2759860688941,66,66,94,117,128,94,89,8041,1.16692018654014,26,-92,99999,99999,2026-07-25 11:07:13.00119,74,1.0332,0,"aoml_navis",1024.74215505328
"4903910",13,83.9817505347687,1,192,4,98,4,0.00122099998407066,3,99999,9,99999,76,1,25.3309993743896,36.6290016174316,0.278604000806808,0.322818994522095,0.00122099998407066,99999,-91.5454,26.181,26.2759860688941,66,66,94,117,128,94,98,8041,1.16692018654014,26,-92,99999,99999,2026-07-25 11:07:13.00119,76,1.0332,0,"aoml_navis",1024.79783263911
"4903910",13,98.5500133826368,1,209,4,115,4,0.000847999996040016,3,99999,9,99999,78,1,25.2320003509521,36.6240005493164,0.311957985162735,0.351401954889297,0.000847999996040016,99999,-91.5454,26.181,26.2759860688941,66,66,94,117,128,94,115,8041,1.16692018654014,26,-92,99999,99999,2026-07-25 11:07:13.00119,78,1.0332,0,"aoml_navis",1024.83323858685
"4903910",13,114.832189506725,4,228,4,134,4,0.000921999977435917,3,99999,9,99999,80.1999969482422,1,25.1749992370605,36.6240005493164,0.349236011505127,0.383347570896149,0.000921999977435917,99999,-91.5454,26.181,26.2759860688941,66,66,94,117,128,94,134,8041,1.16692018654014,26,-92,99999,99999,2026-07-25 11:07:13.00119,80.1999969482422,1.0332,0,"aoml_navis",1024.86027174216
"4903910",13,124.258712525933,4,239,4,145,4,0.000901999999769032,3,99999,9,99999,81.5999984741211,1,25.0849990844727,36.6230010986328,0.370817989110947,0.401842385530472,0.000901999999769032,99999,-91.5454,26.181,26.2759860688941,66,66,94,117,128,94,145,8041,1.16692018654014,26,-92,99999,99999,2026-07-25 11:07:13.00119,81.5999984741211,1.0332,0,"aoml_navis",1024.89324374064
"4903910",13,134.542192183252,4,251,4,157,4,0.000829999975394458,3,99999,9,99999,84,1,24.7509994506836,36.609001159668,0.39436200261116,0.422018587589264,0.000829999975394458,99999,-91.5454,26.181,26.2759860688941,66,66,94,117,128,94,157,8041,1.16692018654014,26,-92,99999,99999,2026-07-25 11:07:13.00119,84,1.0332,0,"aoml_navis",1024.99527823587
"4903910",13,149.96741166923,4,269,4,175,4,0.000827000010758638,3,99999,9,99999,86.0999984741211,1,24.4850006103516,36.5919990539551,0.429677993059158,0.452282875776291,0.000827000010758638,99999,-91.5454,26.181,26.2759860688941,66,66,94,117,128,94,175,8041,1.16692018654014,26,-92,99999,99999,2026-07-25 11:07:13.00119,86.0999984741211,1.0332,0,"aoml_navis",1025.07231031608
"4903910",13,170.534370983867,4,293,4,199,4,0.000797000015154481,3,99999,9,99999,88,1,24.3339996337891,36.601001739502,0.476765990257263,0.49263522028923,0.000797000015154481,99999,-91.5454,26.181,26.2759860688941,66,66,94,117,128,94,199,8041,1.16692018654014,26,-92,99999,99999,2026-07-25 11:07:13.00119,88,1.0332,0,"aoml_navis",1025.13296121565
"4903910",13,182.531763917406,4,307,4,213,4,0.000789000012446195,3,99999,9,99999,90,1,24.1550006866455,36.5979995727539,0.50423401594162,0.516174137592316,0.000789000012446195,99999,-91.5454,26.181,26.2759860688941,66,66,94,117,128,94,213,8041,1.16692018654014,26,-92,99999,99999,2026-07-25 11:07:13.00119,90,1.0332,0,"aoml_navis",1025.19320179924
"4903910",13,180.817850641186,4,305,4,211,4,0.000735000008717179,3,99999,9,99999,92,1,23.8799991607666,36.5900001525879,0.500310003757477,0.512811422348022,0.000735000008717179,99999,-91.5454,26.181,26.2759860688941,66,66,94,117,128,94,211,8041,1.16692018654014,26,-92,99999,99999,2026-07-25 11:07:13.00119,92,1.0332,0,"aoml_navis",1025.27809112164
"4903910",13,183.388720555515,4,308,4,214,4,0.000714999972842634,3,99999,9,99999,94,1,23.5400009155273,36.5709991455078,0.506196022033691,0.51785546541214,0.000714999972842634,99999,-91.5454,26.181,26.2759860688941,66,66,94,117,128,94,214,8041,1.16692018654014,26,-92,99999,99999,2026-07-25 11:07:13.00119,94,1.0332,0,"aoml_navis",1025.37329348163
"4903910",13,174.819154174417,4,298,4,204,4,0.000707000028342009,3,99999,9,99999,96,1,23.3810005187988,36.5579986572266,0.486575990915298,0.501042008399963,0.000707000028342009,99999,-91.5454,26.181,26.2759860688941,66,66,94,117,128,94,204,8041,1.16692018654014,26,-92,99999,99999,2026-07-25 11:07:13.00119,96,1.0332,0,"aoml_navis",1025.41897577741
"4903910",13,167.106544431428,4,289,4,195,4,0.000661000027321279,3,99999,9,99999,98,1,23.0890007019043,36.5419998168945,0.468917995691299,0.485909879207611,0.000661000027321279,99999,-91.5454,26.181,26.2759860688941,66,66,94,117,128,94,195,8041,1.16692018654014,26,-92,99999,99999,2026-07-25 11:07:13.00119,98,1.0332,0,"aoml_navis",1025.50110985219
"4903910",13,163.678717878988,4,285,4,191,4,0.00064300000667572,3,99999,9,99999,100,1,22.8430004119873,36.5349998474121,0.461070001125336,0.479184448719025,0.00064300000667572,99999,-91.5454,26.181,26.2759860688941,66,66,94,117,128,94,191,8041,1.16692018654014,26,-92,99999,99999,2026-07-25 11:07:13.00119,100,1.0332,0,"aoml_navis",1025.57605969202
"4903910",13,160.250891326548,4,281,4,187,4,0.000630000024102628,3,99999,9,99999,102,1,22.6429996490479,36.5180015563965,0.453222006559372,0.472459048032761,0.000630000024102628,99999,-91.5454,26.181,26.2759860688941,66,66,94,117,128,94,187,8041,1.16692018654014,26,-92,99999,99999,2026-07-25 11:07:13.00119,102,1.0332,0,"aoml_navis",1025.62967893141
"4903910",13,155.109151497889,4,275,4,181,4,0.000655999989248812,3,99999,9,99999,104,1,22.5219993591309,36.5219993591309,0.441449999809265,0.462370961904526,0.000655999989248812,99999,-91.5454,26.181,26.2759860688941,66,66,94,117,128,94,181,8041,1.16692018654014,26,-92,99999,99999,2026-07-25 11:07:13.00119,104,1.0332,0,"aoml_navis",1025.67622077731
"4903910",13,141.397845288131,4,259,4,165,4,0.000645000021904707,3,99999,9,99999,106,1,22.507999420166,36.5559997558594,0.410057991743088,0.435469388961792,0.000645000021904707,99999,-91.5454,26.181,26.2759860688941,66,66,94,117,128,94,165,8041,1.16692018654014,26,-92,99999,99999,2026-07-25 11:07:13.00119,106,1.0332,0,"aoml_navis",1025.71470383018
"4903910",13,131.114365630812,4,247,4,153,4,0.000635000003967434,3,99999,9,99999,108,1,22.3040008544922,36.5750007629395,0.386514008045197,0.415293186903,0.000635000003967434,99999,-91.5454,26.181,26.2759860688941,66,66,94,117,128,94,153,8041,1.16692018654014,26,-92,99999,99999,2026-07-25 11:07:13.00119,108,1.0332,0,"aoml_navis",1025.79629363563
"4903910",13,113.118276230505,4,226,4,132,4,0.000630000024102628,3,99999,9,99999,110,1,21.8980007171631,36.5800018310547,0.345311999320984,0.379984855651855,0.000630000024102628,99999,-91.5454,26.181,26.2759860688941,66,66,94,117,128,94,132,8041,1.16692018654014,26,-92,99999,99999,2026-07-25 11:07:13.00119,110,1.0332,0,"aoml_navis",1025.92423312971
"4903910",13,104.548709849406,4,216,4,122,4,0.000630000024102628,3,99999,9,99999,112,1,21.6730003356934,36.5800018310547,0.325691998004913,0.363171368837357,0.000630000024102628,99999,-91.5454,26.181,26.2759860688941,66,66,94,117,128,94,122,8041,1.16692018654014,26,-92,99999,99999,2026-07-25 11:07:13.00119,112,1.0332,0,"aoml_navis",1025.99633020572
"4903910",13,106.262623125626,4,218,4,124,4,0.000654999981634319,3,99999,9,99999,114,1,21.5650005340576,36.5789985656738,0.329616010189056,0.36653408408165,0.000654999981634319,99999,-91.5454,26.181,26.2759860688941,66,66,94,117,128,94,124,8041,1.16692018654014,26,-92,99999,99999,2026-07-25 11:07:13.00119,114,1.0332,0,"aoml_navis",1026.03453651234
"4903910",13,100.263926658857,4,211,4,117,4,0.000654999981634319,3,99999,9,99999,116,1,21.5230007171631,36.5779991149902,0.315881997346878,0.354764640331268,0.000654999981634319,99999,-91.5454,26.181,26.2759860688941,66,66,94,117,128,94,117,8041,1.16692018654014,26,-92,99999,99999,2026-07-25 11:07:13.00119,116,1.0332,0,"aoml_navis",1026.05420025436
"4903910",13,79.6969673442193,1,187,4,93,4,0.000637000019196421,3,99999,9,99999,118,1,21.3969993591309,36.5789985656738,0.268794000148773,0.314412266016006,0.000637000019196421,99999,-91.5454,26.181,26.2759860688941,66,66,94,117,128,94,93,8041,1.16692018654014,26,-92,99999,99999,2026-07-25 11:07:13.00119,118,1.0332,0,"aoml_navis",1026.09882880841
"4903910",13,72.8413142393402,1,179,4,85,4,0.000593999982811511,3,99999,9,99999,120,1,21.2670001983643,36.5789985656738,0.253098011016846,0.300961464643478,0.000593999982811511,99999,-91.5454,26.181,26.2759860688941,66,66,94,117,128,94,85,8041,1.16692018654014,26,-92,99999,99999,2026-07-25 11:07:13.00119,120,1.0332,0,"aoml_navis",1026.14368544732
"4903910",13,75.4121841536699,1,182,4,88,4,0.000614000018686056,3,99999,9,99999,122,1,21.1550006866455,36.5779991149902,0.258983999490738,0.306005507707596,0.000614000018686056,99999,-91.5454,26.181,26.2759860688941,66,66,94,117,128,94,88,8041,1.16692018654014,26,-92,99999,99999,2026-07-25 11:07:13.00119,122,1.0332,0,"aoml_navis",1026.18266586538
"4903910",13,62.5578345820216,1,167,4,73,4,0.000600999977905303,3,99999,9,99999,124,1,21.0130004882812,36.5769996643066,0.229553997516632,0.280785262584686,0.000600999977905303,99999,-91.5454,26.181,26.2759860688941,66,66,94,117,128,94,73,8041,1.16692018654014,26,-92,99999,99999,2026-07-25 11:07:13.00119,124,1.0332,0,"aoml_navis",1026.22982904109
"4903910",13,61.7008779439117,1,166,4,72,4,0.000638999976217747,3,99999,9,99999,126,1,20.8339996337891,36.576000213623,0.227592006325722,0.279103934764862,0.000638999976217747,99999,-91.5454,26.181,26.2759860688941,66,66,94,117,128,94,72,8041,1.16692018654014,26,-92,99999,99999,2026-07-25 11:07:13.00119,126,1.0332,0,"aoml_navis",1026.28699421896
"4903910",13,53.9882682009228,1,157,4,63,4,0.000664999999571592,3,99999,9,99999,128,1,20.6700000762939,36.5740013122559,0.209933996200562,0.263971775770187,0.000664999999571592,99999,-91.5454,26.181,26.2759860688941,66,66,94,117,128,94,63,8041,1.16692018654014,26,-92,99999,99999,2026-07-25 11:07:13.00119,128,1.0332,0,"aoml_navis",1026.33904865429
"4903910",13,47.9895717341536,1,150,4,56,4,0.000508999975863844,3,99999,9,99999,130,1,20.451000213623,36.5699996948242,0.196199998259544,0.252202361822128,0.000508999975863844,99999,-91.5454,26.181,26.2759860688941,66,66,94,117,128,94,56,8041,1.16692018654014,26,-92,99999,99999,2026-07-25 11:07:13.00119,130,1.0332,0,"aoml_navis",1026.40430062703
"4903910",13,42.8478319054943,1,144,4,50,4,0.000500999973155558,3,99999,9,99999,132,1,20.3190002441406,36.5660018920898,0.184428006410599,0.242114260792732,0.000500999973155558,99999,-91.5454,26.181,26.2759860688941,66,66,94,117,128,94,50,8041,1.16692018654014,26,-92,99999,99999,2026-07-25 11:07:13.00119,132,1.0332,0,"aoml_navis",1026.445687074
"4903910",13,41.1339186292745,1,142,4,48,4,0.000544000009540468,3,99999,9,99999,134,1,20.2080001831055,36.5610008239746,0.180503994226456,0.238751545548439,0.000544000009540468,99999,-91.5454,26.181,26.2759860688941,66,66,94,117,128,94,48,8041,1.16692018654014,26,-92,99999,99999,2026-07-25 11:07:13.00119,134,1.0332,0,"aoml_navis",1026.48051491324
"4903910",13,46.2756584579338,1,148,4,54,4,0.000508999975863844,3,99999,9,99999,136,1,20.113000869751,36.5579986572266,0.192276000976562,0.248839646577835,0.000508999975863844,99999,-91.5454,26.181,26.2759860688941,66,66,94,117,128,94,54,8041,1.16692018654014,26,-92,99999,99999,2026-07-25 11:07:13.00119,136,1.0332,0,"aoml_navis",1026.51247212904
"4903910",13,41.9908752673844,1,143,4,49,4,0.000468000012915581,3,99999,9,99999,138,1,19.992000579834,36.5530014038086,0.182466000318527,0.240432903170586,0.000468000012915581,99999,-91.5454,26.181,26.2759860688941,66,66,94,117,128,94,49,8041,1.16692018654014,26,-92,99999,99999,2026-07-25 11:07:13.00119,138,1.0332,0,"aoml_navis",1026.54979889257
"4903910",13,38.5630487149448,1,139,4,45,4,0.000449999992270023,3,99999,9,99999,140,1,19.8910007476807,36.548999786377,0.174618005752563,0.233707517385483,0.000449999992270023,99999,-91.5454,26.181,26.2759860688941,66,66,94,117,128,94,45,8041,1.16692018654014,26,-92,99999,99999,2026-07-25 11:07:13.00119,140,1.0332,0,"aoml_navis",1026.5824332789
"4903910",13,34.2782655243954,1,134,4,40,4,0.000415999995311722,3,99999,9,99999,142,1,19.7940006256104,36.5439987182617,0.164808005094528,0.225300759077072,0.000415999995311722,99999,-91.5454,26.181,26.2759860688941,66,66,94,117,128,94,40,8041,1.16692018654014,26,-92,99999,99999,2026-07-25 11:07:13.00119,142,1.0332,0,"aoml_navis",1026.61316034121
"4903910",13,31.7073956100657,1,131,4,37,4,0.000467000005301088,3,99999,9,99999,144,1,19.6849994659424,36.5390014648438,0.158922001719475,0.220256701111794,0.000467000005301088,99999,-91.5454,26.181,26.2759860688941,66,66,94,117,128,94,37,8041,1.16692018654014,26,-92,99999,99999,2026-07-25 11:07:13.00119,144,1.0332,0,"aoml_navis",1026.64699848266
"4903910",13,31.7073956100657,1,131,4,37,4,0.000444000004790723,3,99999,9,99999,146,1,19.5340003967285,36.5320014953613,0.158922001719475,0.220256701111794,0.000444000004790723,99999,-91.5454,26.181,26.2759860688941,66,66,94,117,128,94,37,8041,1.16692018654014,26,-92,99999,99999,2026-07-25 11:07:13.00119,146,1.0332,0,"aoml_navis",1026.6903048508
"4903910",13,33.4213088862855,1,133,4,39,4,0.000423999998020008,3,99999,9,99999,148,1,19.3859996795654,36.523998260498,0.162845999002457,0.223619416356087,0.000423999998020008,99999,-91.5454,26.181,26.2759860688941,66,66,94,117,128,94,39,8041,1.16692018654014,26,-92,99999,99999,2026-07-25 11:07:13.00119,148,1.0332,0,"aoml_navis",1026.73187242775
"4903910",13,26.5656557814064,1,125,4,31,4,0.000426000013248995,3,99999,9,99999,150,1,19.238000869751,36.5139999389648,0.147149994969368,0.210168614983559,0.000426000013248995,99999,-91.5454,26.181,26.2759860688941,66,66,94,117,128,94,31,8041,1.16692018654014,26,-92,99999,99999,2026-07-25 11:07:13.00119,150,1.0332,0,"aoml_navis",1026.77173717933
"4903910",13,24.8517425051867,1,123,4,29,4,0.00040600000647828,3,99999,9,99999,152,1,19.0200004577637,36.4970016479492,0.143225997686386,0.206805914640427,0.00040600000647828,99999,-91.5454,26.181,26.2759860688941,66,66,94,117,128,94,29,8041,1.16692018654014,26,-92,99999,99999,2026-07-25 11:07:13.00119,152,1.0332,0,"aoml_navis",1026.82427181864
"4903910",13,22.280872590857,1,120,4,26,4,0.000392999994801357,3,99999,9,99999,154,1,18.8400001525879,36.4819984436035,0.137339994311333,0.201761871576309,0.000392999994801357,99999,-91.5454,26.181,26.2759860688941,66,66,94,117,128,94,26,8041,1.16692018654014,26,-92,99999,99999,2026-07-25 11:07:13.00119,154,1.0332,0,"aoml_navis",1026.86812962592
"4903910",13,23.9947858670768,1,122,4,28,4,0.000413000001572073,3,99999,9,99999,156,1,18.7849998474121,36.4739990234375,0.141264006495476,0.205124571919441,0.000413000001572073,99999,-91.5454,26.181,26.2759860688941,66,66,94,117,128,94,28,8041,1.16692018654014,26,-92,99999,99999,2026-07-25 11:07:13.00119,156,1.0332,0,"aoml_navis",1026.88492341185
"4903910",13,22.280872590857,1,120,4,26,4,0.000407999992603436,3,99999,9,99999,158,1,18.7080001831055,36.4679985046387,0.137339994311333,0.201761871576309,0.000407999992603436,99999,-91.5454,26.181,26.2759860688941,66,66,94,117,128,94,26,8041,1.16692018654014,26,-92,99999,99999,2026-07-25 11:07:13.00119,158,1.0332,0,"aoml_navis",1026.90887893483
"4903910",13,17.1391327621977,1,114,4,20,4,0.000390000001061708,3,99999,9,99999,160,1,18.5620002746582,36.4539985656738,0.125568002462387,0.191673785448074,0.000390000001061708,99999,-91.5454,26.181,26.2759860688941,66,66,94,117,128,94,20,8041,1.16692018654014,26,-92,99999,99999,2026-07-25 11:07:13.00119,160,1.0332,0,"aoml_navis",1026.94434445692
"4903910",13,19.7100026765274,1,117,4,23,4,0.000376999989384785,3,99999,9,99999,162,1,18.4829998016357,36.4459991455078,0.13145400583744,0.196717828512192,0.000376999989384785,99999,-91.5454,26.181,26.2759860688941,66,66,94,117,128,94,23,8041,1.16692018654014,26,-92,99999,99999,2026-07-25 11:07:13.00119,162,1.0332,0,"aoml_navis",1026.96714218624
"4903910",13,21.4239159527471,1,119,4,25,4,0.000367000000551343,3,99999,9,99999,164,1,18.3929996490479,36.435001373291,0.135378003120422,0.200080528855324,0.000367000000551343,99999,-91.5454,26.181,26.2759860688941,66,66,94,117,128,94,25,8041,1.16692018654014,26,-92,99999,99999,2026-07-25 11:07:13.00119,164,1.0332,0,"aoml_navis",1026.99039500756
"4903910",13,17.9960894003076,1,115,4,21,4,0.000376999989384785,3,99999,9,99999,166,1,18.3059997558594,36.4259986877441,0.127529993653297,0.19335512816906,0.000376999989384785,99999,-91.5454,26.181,26.2759860688941,66,66,94,117,128,94,21,8041,1.16692018654014,26,-92,99999,99999,2026-07-25 11:07:13.00119,166,1.0332,0,"aoml_navis",1027.01434617706
"4903910",13,21.4239159527471,1,119,4,25,4,0.000380000012228265,3,99999,9,99999,168,1,18.0890007019043,36.4049987792969,0.135378003120422,0.200080528855324,0.000380000012228265,99999,-91.5454,26.181,26.2759860688941,66,66,94,117,128,94,25,8041,1.16692018654014,26,-92,99999,99999,2026-07-25 11:07:13.00119,168,1.0332,0,"aoml_navis",1027.06187079103
"4903910",13,12.8543495716483,1,109,4,15,4,0.000368999986676499,3,99999,9,99999,170,1,17.92799949646,36.3849983215332,0.115758001804352,0.183267042040825,0.000368999986676499,99999,-91.5454,26.181,26.2759860688941,66,66,94,117,128,94,15,8041,1.16692018654014,26,-92,99999,99999,2026-07-25 11:07:13.00119,170,1.0332,0,"aoml_navis",1027.09574356378
"4903910",13,9.42652301920874,1,105,4,11,4,0.000387000007322058,3,99999,9,99999,172,1,17.8110008239746,36.3720016479492,0.107909999787807,0.176541641354561,0.000387000007322058,99999,-91.5454,26.181,26.2759860688941,66,66,94,117,128,94,11,8041,1.16692018654014,26,-92,99999,99999,2026-07-25 11:07:13.00119,172,1.0332,0,"aoml_navis",1027.12378737721
"4903910",13,8.56956638109885,1,104,4,10,4,0.000381999998353422,3,99999,9,99999,174,1,17.7329998016357,36.3610000610352,0.105948001146317,0.174860298633575,0.000381999998353422,99999,-91.5454,26.181,26.2759860688941,66,66,94,117,128,94,10,8041,1.16692018654014,26,-92,99999,99999,2026-07-25 11:07:13.00119,174,1.0332,0,"aoml_navis",1027.14354567003
"4903910",13,3.42782655243954,1,98,1,4,1,0.000368999986676499,3,99999,9,99999,176,1,17.5809993743896,36.3440017700195,0.0941760018467903,0.164772197604179,0.000368999986676499,99999,-91.5454,26.181,26.2759860688941,66,66,94,117,128,94,4,8041,1.16692018654014,26,-92,99999,99999,2026-07-25 11:07:13.00119,176,1.0332,0,"aoml_navis",1027.17700206354
"4903910",13,-1.71391327621977,4,92,1,-2,1,0.000358999997843057,3,99999,9,99999,178,1,17.4370002746582,36.3250007629395,0.0824040025472641,0.154684111475945,0.000358999997843057,99999,-91.5454,26.181,26.2759860688941,66,66,94,117,128,94,-2,8041,1.16692018654014,26,-92,99999,99999,2026-07-25 11:07:13.00119,178,1.0332,0,"aoml_navis",1027.20675503955
"4903910",13,5.9986964667692,1,101,4,7,4,0.000341000006301329,3,99999,9,99999,180,1,17.3560009002686,36.3129997253418,0.100061997771263,0.169816240668297,0.000341000006301329,99999,-91.5454,26.181,26.2759860688941,66,66,94,117,128,94,7,8041,1.16692018654014,26,-92,99999,99999,2026-07-25 11:07:13.00119,180,1.0332,0,"aoml_navis",1027.22623786029
"4903910",13,2.57086991432966,1,97,1,3,1,0.000390000001061708,3,99999,9,99999,182,1,17.2070007324219,36.2960014343262,0.0922140032052994,0.163090854883194,0.000390000001061708,99999,-91.5454,26.181,26.2759860688941,66,66,94,117,128,94,3,8041,1.16692018654014,26,-92,99999,99999,2026-07-25 11:07:13.00119,182,1.0332,0,"aoml_navis",1027.25847017476
"4903910",13,-3.42782655243954,4,90,1,-4,1,0.000338000012561679,3,99999,9,99999,184,1,17.1070003509521,36.2809982299805,0.0784799978137016,0.151321396231651,0.000338000012561679,99999,-91.5454,26.181,26.2759860688941,66,66,94,117,128,94,-4,8041,1.16692018654014,26,-92,99999,99999,2026-07-25 11:07:13.00119,184,1.0332,0,"aoml_navis",1027.28012087206
"4903910",13,-1.71391327621977,4,92,1,-2,1,0.000483999989228323,3,99999,9,99999,186,1,17.0349998474121,36.2709999084473,0.0824040025472641,0.154684111475945,0.000483999989228323,99999,-91.5454,26.181,26.2759860688941,66,66,94,117,128,94,-2,8041,1.16692018654014,26,-92,99999,99999,2026-07-25 11:07:13.00119,186,1.0332,0,"aoml_navis",1027.29872774346
"4903910",13,-2.57086991432966,4,91,1,-3,1,0.000338000012561679,3,99999,9,99999,188,1,16.9389991760254,36.257999420166,0.0804419964551926,0.153002753853798,0.000338000012561679,99999,-91.5454,26.181,26.2759860688941,66,66,94,117,128,94,-3,8041,1.16692018654014,26,-92,99999,99999,2026-07-25 11:07:13.00119,188,1.0332,0,"aoml_navis",1027.32080016072
"4903910",13,-3.42782655243954,4,90,1,-4,1,0.000493999978061765,3,99999,9,99999,190,1,16.863000869751,36.2470016479492,0.0784799978137016,0.151321396231651,0.000493999978061765,99999,-91.5454,26.181,26.2759860688941,66,66,94,117,128,94,-4,8041,1.16692018654014,26,-92,99999,99999,2026-07-25 11:07:13.00119,190,1.0332,0,"aoml_navis",1027.33950376748
"4903910",13,-6.85565310487908,4,86,1,-8,1,0.000368999986676499,3,99999,9,99999,192,1,16.7910003662109,36.2369995117188,0.0706320032477379,0.144596010446548,0.000368999986676499,99999,-91.5454,26.181,26.2759860688941,66,66,94,117,128,94,-8,8041,1.16692018654014,26,-92,99999,99999,2026-07-25 11:07:13.00119,192,1.0332,0,"aoml_navis",1027.3579601854
"4903910",13,-8.56956638109885,4,84,1,-10,1,0.000341000006301329,3,99999,9,99999,194,1,16.6989994049072,36.2239990234375,0.0667079985141754,0.141233310103416,0.000341000006301329,99999,-91.5454,26.181,26.2759860688941,66,66,94,117,128,94,-10,8041,1.16692018654014,26,-92,99999,99999,2026-07-25 11:07:13.00119,194,1.0332,0,"aoml_navis",1027.37887384099
"4903910",13,-6.85565310487908,4,86,1,-8,1,0.000358999997843057,3,99999,9,99999,196,1,16.6520004272461,36.2159996032715,0.0706320032477379,0.144596010446548,0.000358999997843057,99999,-91.5454,26.181,26.2759860688941,66,66,94,117,128,94,-8,8041,1.16692018654014,26,-92,99999,99999,2026-07-25 11:07:13.00119,196,1.0332,0,"aoml_navis",1027.39278030927
"4903910",13,-9.42652301920874,4,83,1,-11,1,0.000410000007832423,3,99999,9,99999,198,1,16.6040000915527,36.2089996337891,0.0647459998726845,0.139551967382431,0.000410000007832423,99999,-91.5454,26.181,26.2759860688941,66,66,94,117,128,94,-11,8041,1.16692018654014,26,-92,99999,99999,2026-07-25 11:07:13.00119,198,1.0332,0,"aoml_navis",1027.40767555471
"4903910",13,-8.56956638109885,4,84,1,-10,1,0.000341000006301329,3,99999,9,99999,200,1,16.4780006408691,36.193000793457,0.0667079985141754,0.141233310103416,0.000341000006301329,99999,-91.5454,26.181,26.2759860688941,66,66,94,117,128,94,-10,8041,1.16692018654014,26,-92,99999,99999,2026-07-25 11:07:13.00119,200,1.0332,0,"aoml_navis",1027.43424232402
"4903910",13,-7.71260974298897,4,85,1,-9,1,0.000388999993447214,3,99999,9,99999,202,1,16.371000289917,36.1769981384277,0.0686699971556664,0.142914652824402,0.000388999993447214,99999,-91.5454,26.181,26.2759860688941,66,66,94,117,128,94,-9,8041,1.16692018654014,26,-92,99999,99999,2026-07-25 11:07:13.00119,202,1.0332,0,"aoml_navis",1027.45616364416
"4903910",13,-11.9973929335384,4,80,1,-14,1,0.000361000013072044,3,99999,9,99999,204,1,16.2940006256104,36.1640014648438,0.0588600002229214,0.134507924318314,0.000361000013072044,99999,-91.5454,26.181,26.2759860688941,66,66,94,117,128,94,-14,8041,1.16692018654014,26,-92,99999,99999,2026-07-25 11:07:13.00119,204,1.0332,0,"aoml_navis",1027.47320300043
"4903910",13,-9.42652301920874,4,83,1,-11,1,0.000342999992426485,3,99999,9,99999,206,1,16.1909999847412,36.1500015258789,0.0647459998726845,0.139551967382431,0.000342999992426485,99999,-91.5454,26.181,26.2759860688941,66,66,94,117,128,94,-11,8041,1.16692018654014,26,-92,99999,99999,2026-07-25 11:07:13.00119,206,1.0332,0,"aoml_navis",1027.49554973244
"4903910",13,-15.4252194859779,4,76,1,-18,1,0.000368999986676499,3,99999,9,99999,208,1,16.0900001525879,36.1339988708496,0.051011998206377,0.12778252363205,0.000368999986676499,99999,-91.5454,26.181,26.2759860688941,66,66,94,117,128,94,-18,8041,1.16692018654014,26,-92,99999,99999,2026-07-25 11:07:13.00119,208,1.0332,0,"aoml_navis",1027.51579596513
"4903910",13,-17.9960894003076,4,73,1,-21,1,0.000350999995134771,3,99999,9,99999,210,1,15.9840002059937,36.1180000305176,0.0451259985566139,0.122738473117352,0.000350999995134771,99999,-91.5454,26.181,26.2759860688941,66,66,94,117,128,94,-21,8041,1.16692018654014,26,-92,99999,99999,2026-07-25 11:07:13.00119,210,1.0332,0,"aoml_navis",1027.53712502655
"4903910",13,-14.568262847868,4,77,1,-17,1,0.000361000013072044,3,99999,9,99999,212,1,15.918999671936,36.1080017089844,0.0529740005731583,0.129463866353035,0.000361000013072044,99999,-91.5454,26.181,26.2759860688941,66,66,94,117,128,94,-17,8041,1.16692018654014,26,-92,99999,99999,2026-07-25 11:07:13.00119,212,1.0332,0,"aoml_navis",1027.55341362045
"4903910",13,-14.568262847868,4,77,1,-17,1,0.000385999999707565,3,99999,9,99999,214,1,15.8210000991821,36.0940017700195,0.0529740005731583,0.129463866353035,0.000385999999707565,99999,-91.5454,26.181,26.2759860688941,66,66,94,117,128,94,-17,8041,1.16692018654014,26,-92,99999,99999,2026-07-25 11:07:13.00119,214,1.0332,0,"aoml_navis",1027.5742629488
"4903910",13,-17.1391327621977,4,74,1,-20,1,0.000338000012561679,3,99999,9,99999,216,1,15.7379999160767,36.0820007324219,0.0470880009233952,0.124419823288918,0.000338000012561679,99999,-91.5454,26.181,26.2759860688941,66,66,94,117,128,94,-20,8041,1.16692018654014,26,-92,99999,99999,2026-07-25 11:07:13.00119,216,1.0332,0,"aoml_navis",1027.59309211422
"4903910",13,-19.7100026765274,4,71,1,-23,1,0.000376000010874122,3,99999,9,99999,218,1,15.6890001296997,36.0730018615723,0.041202001273632,0.11937577277422,0.000376000010874122,99999,-91.5454,26.181,26.2759860688941,66,66,94,117,128,94,-23,8041,1.16692018654014,26,-92,99999,99999,2026-07-25 11:07:13.00119,218,1.0332,0,"aoml_navis",1027.60631406075
"4903910",13,-19.7100026765274,4,71,1,-23,1,0.000339999998686835,3,99999,9,99999,219.899993896484,1,15.6079998016357,36.0620002746582,0.041202001273632,0.11937577277422,0.000339999998686835,99999,-91.5454,26.181,26.2759860688941,66,66,94,117,128,94,-23,8041,1.16692018654014,26,-92,99999,99999,2026-07-25 11:07:13.00119,219.899993896484,1.0332,0,"aoml_navis",1027.62491675349
"4903910",13,-22.280872590857,4,68,1,-26,1,0.000384000013582408,3,99999,9,99999,222,1,15.5179996490479,36.0470008850098,0.0353160016238689,0.114331722259521,0.000384000013582408,99999,-91.5454,26.181,26.2759860688941,66,66,94,117,128,94,-26,8041,1.16692018654014,26,-92,99999,99999,2026-07-25 11:07:13.00119,222,1.0332,0,"aoml_navis",1027.64333591178
"4903910",13,-22.280872590857,4,68,1,-26,1,0.000371000001905486,3,99999,9,99999,224,1,15.4350004196167,36.0349998474121,0.0353160016238689,0.114331722259521,0.000371000001905486,99999,-91.5454,26.181,26.2759860688941,66,66,94,117,128,94,-26,8041,1.16692018654014,26,-92,99999,99999,2026-07-25 11:07:13.00119,224,1.0332,0,"aoml_navis",1027.66194768799
"4903910",13,-21.4239159527471,4,69,1,-25,1,0.000394000002415851,3,99999,9,99999,226,1,15.3489999771118,36.0219993591309,0.0372780002653599,0.116013079881668,0.000394000002415851,99999,-91.5454,26.181,26.2759860688941,66,66,94,117,128,94,-25,8041,1.16692018654014,26,-92,99999,99999,2026-07-25 11:07:13.00119,226,1.0332,0,"aoml_navis",1027.68041558975
"4903910",13,-23.1378292289669,4,67,1,-27,1,0.0003629999991972,3,99999,9,99999,228,1,15.2910003662109,36.0110015869141,0.0333539992570877,0.112650379538536,0.0003629999991972,99999,-91.5454,26.181,26.2759860688941,66,66,94,117,128,94,-27,8041,1.16692018654014,26,-92,99999,99999,2026-07-25 11:07:13.00119,228,1.0332,0,"aoml_navis",1027.69398719709
"4903910",13,-21.4239159527471,4,69,1,-25,1,0.00036599999293685,3,99999,9,99999,230,1,15.2519998550415,36.0040016174316,0.0372780002653599,0.116013079881668,0.00036599999293685,99999,-91.5454,26.181,26.2759860688941,66,66,94,117,128,94,-25,8041,1.16692018654014,26,-92,99999,99999,2026-07-25 11:07:13.00119,230,1.0332,0,"aoml_navis",1027.70628840621
"4903910",13,-23.1378292289669,4,67,1,-27,1,0.000368000008165836,3,99999,9,99999,232,1,15.1630001068115,35.992000579834,0.0333539992570877,0.112650379538536,0.000368000008165836,99999,-91.5454,26.181,26.2759860688941,66,66,94,117,128,94,-27,8041,1.16692018654014,26,-92,99999,99999,2026-07-25 11:07:13.00119,232,1.0332,0,"aoml_navis",1027.72606949549
"4903910",13,-22.280872590857,4,68,1,-26,1,0.000371000001905486,3,99999,9,99999,234,1,15.0539999008179,35.9729995727539,0.0353160016238689,0.114331722259521,0.000371000001905486,99999,-91.5454,26.181,26.2759860688941,66,66,94,117,128,94,-26,8041,1.16692018654014,26,-92,99999,99999,2026-07-25 11:07:13.00119,234,1.0332,0,"aoml_navis",1027.74490631588
"4903910",13,-24.8517425051867,4,65,1,-29,1,0.000385999999707565,3,99999,9,99999,236,1,14.9530000686646,35.9580001831055,0.0294300001114607,0.109287686645985,0.000385999999707565,99999,-91.5454,26.181,26.2759860688941,66,66,94,117,128,94,-29,8041,1.16692018654014,26,-92,99999,99999,2026-07-25 11:07:13.00119,236,1.0332,0,"aoml_navis",1027.76492053404
"4903910",13,-23.1378292289669,4,67,1,-27,1,0.000377999996999279,3,99999,9,99999,238,1,14.8839998245239,35.9459991455078,0.0333539992570877,0.112650379538536,0.000377999996999279,99999,-91.5454,26.181,26.2759860688941,66,66,94,117,128,94,-27,8041,1.16692018654014,26,-92,99999,99999,2026-07-25 11:07:13.00119,238,1.0332,0,"aoml_navis",1027.77998652284
"4903910",13,-22.280872590857,4,68,1,-26,1,0.0003629999991972,3,99999,9,99999,240,1,14.8030004501343,35.9360008239746,0.0353160016238689,0.114331722259521,0.0003629999991972,99999,-91.5454,26.181,26.2759860688941,66,66,94,117,128,94,-26,8041,1.16692018654014,26,-92,99999,99999,2026-07-25 11:07:13.00119,240,1.0332,0,"aoml_navis",1027.79923521117
"4903910",13,-23.1378292289669,4,67,1,-27,1,0.000449999992270023,3,99999,9,99999,242,1,14.7709999084473,35.9280014038086,0.0333539992570877,0.112650379538536,0.000449999992270023,99999,-91.5454,26.181,26.2759860688941,66,66,94,117,128,94,-27,8041,1.16692018654014,26,-92,99999,99999,2026-07-25 11:07:13.00119,242,1.0332,0,"aoml_navis",1027.80904442947
"4903910",13,-26.5656557814064,4,63,1,-31,1,0.000368000008165836,3,99999,9,99999,244,1,14.7290000915527,35.9210014343262,0.0255059991031885,0.105924986302853,0.000368000008165836,99999,-91.5454,26.181,26.2759860688941,66,66,94,117,128,94,-31,8041,1.16692018654014,26,-92,99999,99999,2026-07-25 11:07:13.00119,244,1.0332,0,"aoml_navis",1027.8218434714
"4903910",13,-24.8517425051867,4,65,1,-29,1,0.000421000004280359,3,99999,9,99999,246,1,14.6459999084473,35.9099998474121,0.0294300001114607,0.109287686645985,0.000421000004280359,99999,-91.5454,26.181,26.2759860688941,66,66,94,117,128,94,-29,8041,1.16692018654014,26,-92,99999,99999,2026-07-25 11:07:13.00119,246,1.0332,0,"aoml_navis",1027.84065585837
"4903910",13,-23.9947858670768,4,66,1,-28,1,0.000380000012228265,3,99999,9,99999,248,1,14.581000328064,35.8979988098145,0.0313920006155968,0.11096902936697,0.000380000012228265,99999,-91.5454,26.181,26.2759860688941,66,66,94,117,128,94,-28,8041,1.16692018654014,26,-92,99999,99999,2026-07-25 11:07:13.00119,248,1.0332,0,"aoml_navis",1027.85465257245
"4903910",13,-24.8517425051867,4,65,1,-29,1,0.000400999997509643,3,99999,9,99999,250,1,14.5120000839233,35.8870010375977,0.0294300001114607,0.109287686645985,0.000400999997509643,99999,-91.5454,26.181,26.2759860688941,66,66,94,117,128,94,-29,8041,1.16692018654014,26,-92,99999,99999,2026-07-25 11:07:13.00119,250,1.0332,0,"aoml_navis",1027.87026931758
"4903910",13,-23.1378292289669,4,67,1,-27,1,0.000372999988030642,3,99999,9,99999,252,1,14.4130001068115,35.8720016479492,0.0333539992570877,0.112650379538536,0.000372999988030642,99999,-91.5454,26.181,26.2759860688941,66,66,94,117,128,94,-27,8041,1.16692018654014,26,-92,99999,99999,2026-07-25 11:07:13.00119,252,1.0332,0,"aoml_navis",1027.88936227608
"4903910",13,-21.4239159527471,4,69,1,-25,1,0.000384999992093071,3,99999,9,99999,254,1,14.3450002670288,35.8610000610352,0.0372780002653599,0.116013079881668,0.000384999992093071,99999,-91.5454,26.181,26.2759860688941,66,66,94,117,128,94,-25,8041,1.16692018654014,26,-92,99999,99999,2026-07-25 11:07:13.00119,254,1.0332,0,"aoml_navis",1027.90465466256
"4903910",13,-29.1365256957361,4,60,1,-34,1,0.00040300001273863,3,99999,9,99999,256,1,14.2910003662109,35.8520011901855,0.0196199994534254,0.100880935788155,0.00040300001273863,99999,-91.5454,26.181,26.2759860688941,66,66,94,117,128,94,-34,8041,1.16692018654014,26,-92,99999,99999,2026-07-25 11:07:13.00119,256,1.0332,0,"aoml_navis",1027.91838774056
"4903910",13,-25.7086991432966,4,64,1,-30,1,0.000415999995311722,3,99999,9,99999,258,1,14.2430000305176,35.8440017700195,0.0274679996073246,0.107606336474419,0.000415999995311722,99999,-91.5454,26.181,26.2759860688941,66,66,94,117,128,94,-30,8041,1.16692018654014,26,-92,99999,99999,2026-07-25 11:07:13.00119,258,1.0332,0,"aoml_navis",1027.93155621687
"4903910",13,-24.8517425051867,4,65,1,-29,1,0.000369999994290993,3,99999,9,99999,260,1,14.1960000991821,35.8370018005371,0.0294300001114607,0.109287686645985,0.000369999994290993,99999,-91.5454,26.181,26.2759860688941,66,66,94,117,128,94,-29,8041,1.16692018654014,26,-92,99999,99999,2026-07-25 11:07:13.00119,260,1.0332,0,"aoml_navis",1027.94525802079
"4903910",13,-24.8517425051867,4,65,1,-29,1,0.000375000003259629,3,99999,9,99999,262,1,14.1199998855591,35.8250007629395,0.0294300001114607,0.109287686645985,0.000375000003259629,99999,-91.5454,26.181,26.2759860688941,66,66,94,117,128,94,-29,8041,1.16692018654014,26,-92,99999,99999,2026-07-25 11:07:13.00119,262,1.0332,0,"aoml_navis",1027.9613910818
"4903910",13,-26.5656557814064,4,63,1,-31,1,0.000392999994801357,3,99999,9,99999,264,1,14.0710000991821,35.8170013427734,0.0255059991031885,0.105924986302853,0.000392999994801357,99999,-91.5454,26.181,26.2759860688941,66,66,94,117,128,94,-31,8041,1.16692018654014,26,-92,99999,99999,2026-07-25 11:07:13.00119,264,1.0332,0,"aoml_navis",1027.97470643496
"4903910",13,-23.9947858670768,4,66,1,-28,1,0.000383000005967915,3,99999,9,99999,266,1,14.0129995346069,35.8079986572266,0.0313920006155968,0.11096902936697,0.000383000005967915,99999,-91.5454,26.181,26.2759860688941,66,66,94,117,128,94,-28,8041,1.16692018654014,26,-92,99999,99999,2026-07-25 11:07:13.00119,266,1.0332,0,"aoml_navis",1027.9891756808
"4903910",13,-25.7086991432966,4,64,1,-30,1,0.000377999996999279,3,99999,9,99999,268,1,13.9750003814697,35.8009986877441,0.0274679996073246,0.107606336474419,0.000377999996999279,99999,-91.5454,26.181,26.2759860688941,66,66,94,117,128,94,-30,8041,1.16692018654014,26,-92,99999,99999,2026-07-25 11:07:13.00119,268,1.0332,0,"aoml_navis",1028.00084099236
"4903910",13,-24.8517425051867,4,65,1,-29,1,0.000398000003769994,3,99999,9,99999,270,1,13.9219999313354,35.7919998168945,0.0294300001114607,0.109287686645985,0.000398000003769994,99999,-91.5454,26.181,26.2759860688941,66,66,94,117,128,94,-29,8041,1.16692018654014,26,-92,99999,99999,2026-07-25 11:07:13.00119,270,1.0332,0,"aoml_navis",1028.01418751979
"4903910",13,-27.4226124195163,4,62,1,-32,1,0.000453999993624166,3,99999,9,99999,272,1,13.8400001525879,35.7799987792969,0.0235440004616976,0.104243636131287,0.000453999993624166,99999,-91.5454,26.181,26.2759860688941,66,66,94,117,128,94,-32,8041,1.16692018654014,26,-92,99999,99999,2026-07-25 11:07:13.00119,272,1.0332,0,"aoml_navis",1028.03142815804
"4903910",13,-23.9947858670768,4,66,1,-28,1,0.000390000001061708,3,99999,9,99999,274,1,13.7469997406006,35.7649993896484,0.0313920006155968,0.11096902936697,0.000390000001061708,99999,-91.5454,26.181,26.2759860688941,66,66,94,117,128,94,-28,8041,1.16692018654014,26,-92,99999,99999,2026-07-25 11:07:13.00119,274,1.0332,0,"aoml_navis",1028.04864916481
"4903910",13,0,1,63,1,-31,1,0.000376999989384785,3,99999,9,99999,276,1,13.6619997024536,35.7519989013672,0.0255059991031885,0.105924986302853,0.000376999989384785,99999,-91.5454,26.181,26.2759860688941,66,66,94,117,128,94,0,8041,1.16692018654014,26,-92,99999,99999,2026-07-25 11:07:13.00119,276,1.0332,0,"aoml_navis",1028.06562936633
"4903910",13,0,1,65,1,-29,1,0.000380000012228265,3,99999,9,99999,278,1,13.5939998626709,35.7410011291504,0.0294300001114607,0.109287686645985,0.000380000012228265,99999,-91.5454,26.181,26.2759860688941,66,66,94,117,128,94,0,8041,1.16692018654014,26,-92,99999,99999,2026-07-25 11:07:13.00119,278,1.0332,0,"aoml_navis",1028.08047751708
"4903910",13,0,1,63,1,-31,1,0.000381999998353422,3,99999,9,99999,280,1,13.5340003967285,35.7299995422363,0.0255059991031885,0.105924986302853,0.000381999998353422,99999,-91.5454,26.181,26.2759860688941,66,66,94,117,128,94,0,8041,1.16692018654014,26,-92,99999,99999,2026-07-25 11:07:13.00119,280,1.0332,0,"aoml_navis",1028.09358507108
"4903910",13,0,1,63,1,-31,1,0.000384999992093071,3,99999,9,99999,282,1,13.4469995498657,35.7190017700195,0.0255059991031885,0.105924986302853,0.000384999992093071,99999,-91.5454,26.181,26.2759860688941,66,66,94,117,128,94,0,8041,1.16692018654014,26,-92,99999,99999,2026-07-25 11:07:13.00119,282,1.0332,0,"aoml_navis",1028.11237317689
"4903910",13,0,1,65,1,-29,1,0.000538000022061169,3,99999,9,99999,284,1,13.4029998779297,35.7099990844727,0.0294300001114607,0.109287686645985,0.000538000022061169,99999,-91.5454,26.181,26.2759860688941,66,66,94,117,128,94,0,8041,1.16692018654014,26,-92,99999,99999,2026-07-25 11:07:13.00119,284,1.0332,0,"aoml_navis",1028.12357326679
"4903910",13,0,1,62,1,-32,1,0.000387000007322058,3,99999,9,99999,286,1,13.3120002746582,35.6969985961914,0.0235440004616976,0.104243636131287,0.000387000007322058,99999,-91.5454,26.181,26.2759860688941,66,66,94,117,128,94,0,8041,1.16692018654014,26,-92,99999,99999,2026-07-25 11:07:13.00119,286,1.0332,0,"aoml_navis",1028.14155266097
"4903910",13,0,1,67,1,-27,1,0.000426000013248995,3,99999,9,99999,288,1,13.2629995346069,35.6889991760254,0.0333539992570877,0.112650379538536,0.000426000013248995,99999,-91.5454,26.181,26.2759860688941,66,66,94,117,128,94,0,8041,1.16692018654014,26,-92,99999,99999,2026-07-25 11:07:13.00119,288,1.0332,0,"aoml_navis",1028.15452491478
"4903910",13,0,1,58,1,-36,1,0.000349000009009615,3,99999,9,99999,290,1,13.2279996871948,35.6829986572266,0.0156960003077984,0.0975182428956032,0.000349000009009615,99999,-91.5454,26.181,26.2759860688941,66,66,94,117,128,94,0,8041,1.16692018654014,26,-92,99999,99999,2026-07-25 11:07:13.00119,290,1.0332,0,"aoml_navis",1028.16609118863
"4903910",13,0,1,67,1,-27,1,0.000391999987186864,3,99999,9,99999,292,1,13.1780004501343,35.6749992370605,0.0333539992570877,0.112650379538536,0.000391999987186864,99999,-91.5454,26.181,26.2759860688941,66,66,94,117,128,94,0,8041,1.16692018654014,26,-92,99999,99999,2026-07-25 11:07:13.00119,292,1.0332,0,"aoml_navis",1028.17923705446
"4903910",13,0,1,65,1,-29,1,0.0003969999961555,3,99999,9,99999,294,1,13.1149997711182,35.6640014648438,0.0294300001114607,0.109287686645985,0.0003969999961555,99999,-91.5454,26.181,26.2759860688941,66,66,94,117,128,94,0,8041,1.16692018654014,26,-92,99999,99999,2026-07-25 11:07:13.00119,294,1.0332,0,"aoml_navis",1028.19275307853
"4903910",13,0,1,67,1,-27,1,0.000413000001572073,3,99999,9,99999,296,1,13.0209999084473,35.6500015258789,0.0333539992570877,0.112650379538536,0.000413000001572073,99999,-91.5454,26.181,26.2759860688941,66,66,94,117,128,94,0,8041,1.16692018654014,26,-92,99999,99999,2026-07-25 11:07:13.00119,296,1.0332,0,"aoml_navis",1028.21034861158
"4903910",13,0,1,61,1,-33,1,0.000391999987186864,3,99999,9,99999,298,1,12.9200000762939,35.6349983215332,0.0215819999575615,0.102562285959721,0.000391999987186864,99999,-91.5454,26.181,26.2759860688941,66,66,94,117,128,94,0,8041,1.16692018654014,26,-92,99999,99999,2026-07-25 11:07:13.00119,298,1.0332,0,"aoml_navis",1028.22853332044
"4903910",13,0,1,67,1,-27,1,0.000391999987186864,3,99999,9,99999,300,1,12.8420000076294,35.6230010986328,0.0333539992570877,0.112650379538536,0.000391999987186864,99999,-91.5454,26.181,26.2759860688941,66,66,94,117,128,94,0,8041,1.16692018654014,26,-92,99999,99999,2026-07-25 11:07:13.00119,300,1.0332,0,"aoml_navis",1028.2442179505
"4903910",13,0,1,67,1,-27,1,0.00157399999443442,3,99999,9,99999,302,1,12.7959995269775,35.617000579834,0.0333539992570877,0.112650379538536,0.00157399999443442,99999,-91.5454,26.181,26.2759860688941,66,66,94,117,128,94,0,8041,1.16692018654014,26,-92,99999,99999,2026-07-25 11:07:13.00119,302,1.0332,0,"aoml_navis",1028.25791848121
"4903910",13,0,1,61,1,-33,1,0.000419999996665865,3,99999,9,99999,304,1,12.7510004043579,35.609001159668,0.0215819999575615,0.102562285959721,0.000419999996665865,99999,-91.5454,26.181,26.2759860688941,66,66,94,117,128,94,0,8041,1.16692018654014,26,-92,99999,99999,2026-07-25 11:07:13.00119,304,1.0332,0,"aoml_navis",1028.26984927573
"4903910",13,0,1,66,1,-28,1,0.000418000010540709,3,99999,9,99999,306,1,12.706000328064,35.6020011901855,0.0313920006155968,0.11096902936697,0.000418000010540709,99999,-91.5454,26.181,26.2759860688941,66,66,94,117,128,94,0,8041,1.16692018654014,26,-92,99999,99999,2026-07-25 11:07:13.00119,306,1.0332,0,"aoml_navis",1028.28253616168
"4903910",13,0,1,64,1,-30,1,0.0003969999961555,3,99999,9,99999,308,1,12.6400003433228,35.5919990539551,0.0274679996073246,0.107606336474419,0.0003969999961555,99999,-91.5454,26.181,26.2759860688941,66,66,94,117,128,94,0,8041,1.16692018654014,26,-92,99999,99999,2026-07-25 11:07:13.00119,308,1.0332,0,"aoml_navis",1028.29716880718
"4903910",13,0,1,67,1,-27,1,0.000429999985499308,3,99999,9,99999,310,1,12.5989999771118,35.5849990844727,0.0333539992570877,0.112650379538536,0.000429999985499308,99999,-91.5454,26.181,26.2759860688941,66,66,94,117,128,94,0,8041,1.16692018654014,26,-92,99999,99999,2026-07-25 11:07:13.00119,310,1.0332,0,"aoml_navis",1028.30899799681
"4903910",13,0,1,65,1,-29,1,0.000407000014092773,3,99999,9,99999,312,1,12.5600004196167,35.5789985656738,0.0294300001114607,0.109287686645985,0.000407000014092773,99999,-91.5454,26.181,26.2759860688941,66,66,94,117,128,94,0,8041,1.16692018654014,26,-92,99999,99999,2026-07-25 11:07:13.00119,312,1.0332,0,"aoml_navis",1028.32117974045
"4903910",13,0,1,66,1,-28,1,0.000404999998863786,3,99999,9,99999,314,1,12.5010004043579,35.5699996948242,0.0313920006155968,0.11096902936697,0.000404999998863786,99999,-91.5454,26.181,26.2759860688941,66,66,94,117,128,94,0,8041,1.16692018654014,26,-92,99999,99999,2026-07-25 11:07:13.00119,314,1.0332,0,"aoml_navis",1028.33508509708
"4903910",13,0,1,62,1,-32,1,0.000445000012405217,3,99999,9,99999,316,1,12.4180002212524,35.5579986572266,0.0235440004616976,0.104243636131287,0.000445000012405217,99999,-91.5454,26.181,26.2759860688941,66,66,94,117,128,94,0,8041,1.16692018654014,26,-92,99999,99999,2026-07-25 11:07:13.00119,316,1.0332,0,"aoml_navis",1028.35148590853
"4903910",13,0,1,66,1,-28,1,0.000402000005124137,3,99999,9,99999,318,1,12.3330001831055,35.5449981689453,0.0313920006155968,0.11096902936697,0.000402000005124137,99999,-91.5454,26.181,26.2759860688941,66,66,94,117,128,94,0,8041,1.16692018654014,26,-92,99999,99999,2026-07-25 11:07:13.00119,318,1.0332,0,"aoml_navis",1028.36745208866
"4903910",13,0,1,64,1,-30,1,0.000422000011894852,3,99999,9,99999,320,1,12.2919998168945,35.5379981994629,0.0274679996073246,0.107606336474419,0.000422000011894852,99999,-91.5454,26.181,26.2759860688941,66,66,94,117,128,94,0,8041,1.16692018654014,26,-92,99999,99999,2026-07-25 11:07:13.00119,320,1.0332,0,"aoml_navis",1028.37917177702
"4903910",13,0,1,65,1,-29,1,0.000414999987697229,3,99999,9,99999,322,1,12.2309999465942,35.5279998779297,0.0294300001114607,0.109287686645985,0.000414999987697229,99999,-91.5454,26.181,26.2759860688941,66,66,94,117,128,94,0,8041,1.16692018654014,26,-92,99999,99999,2026-07-25 11:07:13.00119,322,1.0332,0,"aoml_navis",1028.3925621152
"4903910",13,0,1,66,1,-28,1,0.000426999991759658,3,99999,9,99999,324,1,12.164999961853,35.5190010070801,0.0313920006155968,0.11096902936697,0.000426999991759658,99999,-91.5454,26.181,26.2759860688941,66,66,94,117,128,94,0,8041,1.16692018654014,26,-92,99999,99999,2026-07-25 11:07:13.00119,324,1.0332,0,"aoml_navis",1028.4076917118
"4903910",13,0,1,65,1,-29,1,0.000449999992270023,3,99999,9,99999,326,1,12.0780000686646,35.5060005187988,0.0294300001114607,0.109287686645985,0.000449999992270023,99999,-91.5454,26.181,26.2759860688941,66,66,94,117,128,94,0,8041,1.16692018654014,26,-92,99999,99999,2026-07-25 11:07:13.00119,326,1.0332,0,"aoml_navis",1028.42385978413
"4903910",13,0,1,68,1,-26,1,0.000403999991249293,3,99999,9,99999,328,1,11.9949998855591,35.4939994812012,0.0353160016238689,0.114331722259521,0.000403999991249293,99999,-91.5454,26.181,26.2759860688941,66,66,94,117,128,94,0,8041,1.16692018654014,26,-92,99999,99999,2026-07-25 11:07:13.00119,328,1.0332,0,"aoml_navis",1028.43994008401
"4903910",13,0,1,66,1,-28,1,0.000418999989051372,3,99999,9,99999,330,1,11.9350004196167,35.4850006103516,0.0313920006155968,0.11096902936697,0.000418999989051372,99999,-91.5454,26.181,26.2759860688941,66,66,94,117,128,94,0,8041,1.16692018654014,26,-92,99999,99999,2026-07-25 11:07:13.00119,330,1.0332,0,"aoml_navis",1028.45374321433
"4903910",13,0,1,67,1,-27,1,0.000425000005634502,3,99999,9,99999,332,1,11.9060001373291,35.4799995422363,0.0333539992570877,0.112650379538536,0.000425000005634502,99999,-91.5454,26.181,26.2759860688941,66,66,94,117,128,94,0,8041,1.16692018654014,26,-92,99999,99999,2026-07-25 11:07:13.00119,332,1.0332,0,"aoml_navis",1028.4645024163
"4903910",13,0,1,67,1,-27,1,0.000411999993957579,3,99999,9,99999,334,1,11.8809995651245,35.4770011901855,0.0333539992570877,0.112650379538536,0.000411999993957579,99999,-91.5454,26.181,26.2759860688941,66,66,94,117,128,94,0,8041,1.16692018654014,26,-92,99999,99999,2026-07-25 11:07:13.00119,334,1.0332,0,"aoml_navis",1028.47601912948
"4903910",13,0,1,70,1,-24,1,0.000434999994467944,3,99999,9,99999,336,1,11.8249998092651,35.4690017700195,0.0392399989068508,0.117694430053234,0.000434999994467944,99999,-91.5454,26.181,26.2759860688941,66,66,94,117,128,94,0,8041,1.16692018654014,26,-92,99999,99999,2026-07-25 11:07:13.00119,336,1.0332,0,"aoml_navis",1028.48975170297
"4903910",13,0,1,63,1,-31,1,0.000409000000217929,3,99999,9,99999,338,1,11.7799997329712,35.4620018005371,0.0255059991031885,0.105924986302853,0.000409000000217929,99999,-91.5454,26.181,26.2759860688941,66,66,94,117,128,94,0,8041,1.16692018654014,26,-92,99999,99999,2026-07-25 11:07:13.00119,338,1.0332,0,"aoml_navis",1028.50207443508
"4903910",13,0,1,64,1,-30,1,0.000429000006988645,3,99999,9,99999,340,1,11.7530002593994,35.4580001831055,0.0274679996073246,0.107606336474419,0.000429000006988645,99999,-91.5454,26.181,26.2759860688941,66,66,94,117,128,94,0,8041,1.16692018654014,26,-92,99999,99999,2026-07-25 11:07:13.00119,340,1.0332,0,"aoml_navis",1028.51317955735
"4903910",13,0,1,68,1,-26,1,0.000432000000728294,3,99999,9,99999,342,1,11.6850004196167,35.4480018615723,0.0353160016238689,0.114331722259521,0.000432000000728294,99999,-91.5454,26.181,26.2759860688941,66,66,94,117,128,94,0,8041,1.16692018654014,26,-92,99999,99999,2026-07-25 11:07:13.00119,342,1.0332,0,"aoml_navis",1028.52764349552
"4903910",13,0,1,69,1,-25,1,0.00044000000343658,3,99999,9,99999,344,1,11.6579999923706,35.4420013427734,0.0372780002653599,0.116013079881668,0.00044000000343658,99999,-91.5454,26.181,26.2759860688941,66,66,94,117,128,94,0,8041,1.16692018654014,26,-92,99999,99999,2026-07-25 11:07:13.00119,344,1.0332,0,"aoml_navis",1028.53717747196
"4903910",13,0,1,70,1,-24,1,0.000446999998530373,3,99999,9,99999,346,1,11.5950002670288,35.4339981079102,0.0392399989068508,0.117694430053234,0.000446999998530373,99999,-91.5454,26.181,26.2759860688941,66,66,94,117,128,94,0,8041,1.16692018654014,26,-92,99999,99999,2026-07-25 11:07:13.00119,346,1.0332,0,"aoml_navis",1028.55215880028
"4903910",13,0,1,63,1,-31,1,0.000429000006988645,3,99999,9,99999,348,1,11.5279998779297,35.4249992370605,0.0255059991031885,0.105924986302853,0.000429000006988645,99999,-91.5454,26.181,26.2759860688941,66,66,94,117,128,94,0,8041,1.16692018654014,26,-92,99999,99999,2026-07-25 11:07:13.00119,348,1.0332,0,"aoml_navis",1028.5671076342
"4903910",13,0,1,65,1,-29,1,0.000464999990072101,3,99999,9,99999,350,1,11.4739999771118,35.4169998168945,0.0294300001114607,0.109287686645985,0.000464999990072101,99999,-91.5454,26.181,26.2759860688941,66,66,94,117,128,94,0,8041,1.16692018654014,26,-92,99999,99999,2026-07-25 11:07:13.00119,350,1.0332,0,"aoml_navis",1028.58027849384
"4903910",13,0,1,65,1,-29,1,0.000433999986853451,3,99999,9,99999,352,1,11.3929996490479,35.4059982299805,0.0294300001114607,0.109287686645985,0.000433999986853451,99999,-91.5454,26.181,26.2759860688941,66,66,94,117,128,94,0,8041,1.16692018654014,26,-92,99999,99999,2026-07-25 11:07:13.00119,352,1.0332,0,"aoml_navis",1028.59629682777
"4903910",13,0,1,67,1,-27,1,0.000444000004790723,3,99999,9,99999,354,1,11.3319997787476,35.3950004577637,0.0333539992570877,0.112650379538536,0.000444000004790723,99999,-91.5454,26.181,26.2759860688941,66,66,94,117,128,94,0,8041,1.16692018654014,26,-92,99999,99999,2026-07-25 11:07:13.00119,354,1.0332,0,"aoml_navis",1028.6084191571
"4903910",13,0,1,67,1,-27,1,0.000455000001238659,3,99999,9,99999,356,1,11.2440004348755,35.3839988708496,0.0333539992570877,0.112650379538536,0.000455000001238659,99999,-91.5454,26.181,26.2759860688941,66,66,94,117,128,94,0,8041,1.16692018654014,26,-92,99999,99999,2026-07-25 11:07:13.00119,356,1.0332,0,"aoml_navis",1028.62566906544
"4903910",13,0,1,64,1,-30,1,0.000452000007499009,3,99999,9,99999,358,1,11.1560001373291,35.3720016479492,0.0274679996073246,0.107606336474419,0.000452000007499009,99999,-91.5454,26.181,26.2759860688941,66,66,94,117,128,94,0,8041,1.16692018654014,26,-92,99999,99999,2026-07-25 11:07:13.00119,358,1.0332,0,"aoml_navis",1028.64207382959
"4903910",13,0,1,65,1,-29,1,0.00048300001071766,3,99999,9,99999,360,1,11.1230001449585,35.3660011291504,0.0294300001114607,0.109287686645985,0.00048300001071766,99999,-91.5454,26.181,26.2759860688941,66,66,94,117,128,94,0,8041,1.16692018654014,26,-92,99999,99999,2026-07-25 11:07:13.00119,360,1.0332,0,"aoml_navis",1028.65262570595
"4903910",13,0,1,66,1,-28,1,0.000460000010207295,3,99999,9,99999,362,1,11.0939998626709,35.3619995117188,0.0313920006155968,0.11096902936697,0.000460000010207295,99999,-91.5454,26.181,26.2759860688941,66,66,94,117,128,94,0,8041,1.16692018654014,26,-92,99999,99999,2026-07-25 11:07:13.00119,362,1.0332,0,"aoml_navis",1028.66396161758
"4903910",13,0,1,67,1,-27,1,0.000508000026457012,3,99999,9,99999,364,1,11.0380001068115,35.3540000915527,0.0333539992570877,0.112650379538536,0.000508000026457012,99999,-91.5454,26.181,26.2759860688941,66,66,94,117,128,94,0,8041,1.16692018654014,26,-92,99999,99999,2026-07-25 11:07:13.00119,364,1.0332,0,"aoml_navis",1028.67729956836
"4903910",13,0,1,67,1,-27,1,0.000453999993624166,3,99999,9,99999,366,1,10.9549999237061,35.3429985046387,0.0333539992570877,0.112650379538536,0.000453999993624166,99999,-91.5454,26.181,26.2759860688941,66,66,94,117,128,94,0,8041,1.16692018654014,26,-92,99999,99999,2026-07-25 11:07:13.00119,366,1.0332,0,"aoml_navis",1028.69336957905
"4903910",13,0,1,63,1,-31,1,0.000459000002592802,3,99999,9,99999,368,1,10.9040002822876,35.3359985351562,0.0255059991031885,0.105924986302853,0.000459000002592802,99999,-91.5454,26.181,26.2759860688941,66,66,94,117,128,94,0,8041,1.16692018654014,26,-92,99999,99999,2026-07-25 11:07:13.00119,368,1.0332,0,"aoml_navis",1028.70647309651
"4903910",13,0,1,71,1,-23,1,0.000464000011561438,3,99999,9,99999,370,1,10.7849998474121,35.3219985961914,0.041202001273632,0.11937577277422,0.000464000011561438,99999,-91.5454,26.181,26.2759860688941,66,66,94,117,128,94,0,8041,1.16692018654014,26,-92,99999,99999,2026-07-25 11:07:13.00119,370,1.0332,0,"aoml_navis",1028.72684273547
"4903910",13,0,1,69,1,-25,1,0.000475000008009374,3,99999,9,99999,372,1,10.7150001525879,35.310001373291,0.0372780002653599,0.116013079881668,0.000475000008009374,99999,-91.5454,26.181,26.2759860688941,66,66,94,117,128,94,0,8041,1.16692018654014,26,-92,99999,99999,2026-07-25 11:07:13.00119,372,1.0332,0,"aoml_navis",1028.7395223832
"4903910",13,0,1,70,1,-24,1,0.000436000002082437,3,99999,9,99999,374,1,10.6870002746582,35.3059997558594,0.0392399989068508,0.117694430053234,0.000436000002082437,99999,-91.5454,26.181,26.2759860688941,66,66,94,117,128,94,0,8041,1.16692018654014,26,-92,99999,99999,2026-07-25 11:07:13.00119,374,1.0332,0,"aoml_navis",1028.75057084816
"4903910",13,0,1,66,1,-28,1,0.000436000002082437,3,99999,9,99999,376,1,10.6470003128052,35.3009986877441,0.0313920006155968,0.11096902936697,0.000436000002082437,99999,-91.5454,26.181,26.2759860688941,66,66,94,117,128,94,0,8041,1.16692018654014,26,-92,99999,99999,2026-07-25 11:07:13.00119,376,1.0332,0,"aoml_navis",1028.76306359923
"4903910",13,0,1,71,1,-23,1,0.000453999993624166,3,99999,9,99999,378,1,10.6009998321533,35.2949981689453,0.041202001273632,0.11937577277422,0.000453999993624166,99999,-91.5454,26.181,26.2759860688941,66,66,94,117,128,94,0,8041,1.16692018654014,26,-92,99999,99999,2026-07-25 11:07:13.00119,378,1.0332,0,"aoml_navis",1028.77587676446
"4903910",13,0,1,67,1,-27,1,0.000453999993624166,3,99999,9,99999,380,1,10.5260000228882,35.2840003967285,0.0333539992570877,0.112650379538536,0.000453999993624166,99999,-91.5454,26.181,26.2759860688941,66,66,94,117,128,94,0,8041,1.16692018654014,26,-92,99999,99999,2026-07-25 11:07:13.00119,380,1.0332,0,"aoml_navis",1028.79013820366
"4903910",13,0,1,64,1,-30,1,0.000467000005301088,3,99999,9,99999,382,1,10.4670000076294,35.2750015258789,0.0274679996073246,0.107606336474419,0.000467000005301088,99999,-91.5454,26.181,26.2759860688941,66,66,94,117,128,94,0,8041,1.16692018654014,26,-92,99999,99999,2026-07-25 11:07:13.00119,382,1.0332,0,"aoml_navis",1028.80296071358
"4903910",13,0,1,73,1,-21,1,0.000474000000394881,3,99999,9,99999,384,1,10.375,35.2649993896484,0.0451259985566139,0.122738473117352,0.000474000000394881,99999,-91.5454,26.181,26.2759860688941,66,66,94,117,128,94,0,8041,1.16692018654014,26,-92,99999,99999,2026-07-25 11:07:13.00119,384,1.0332,0,"aoml_navis",1028.82101423623
"4903910",13,0,1,68,1,-26,1,0.00047699999413453,3,99999,9,99999,386,1,10.289999961853,35.2529983520508,0.0353160016238689,0.114331722259521,0.00047699999413453,99999,-91.5454,26.181,26.2759860688941,66,66,94,117,128,94,0,8041,1.16692018654014,26,-92,99999,99999,2026-07-25 11:07:13.00119,386,1.0332,0,"aoml_navis",1028.83615769188
"4903910",13,0,1,72,1,-22,1,0.000465999997686595,3,99999,9,99999,388,1,10.2379999160767,35.2459983825684,0.043163999915123,0.121057130396366,0.000465999997686595,99999,-91.5454,26.181,26.2759860688941,66,66,94,117,128,94,0,8041,1.16692018654014,26,-92,99999,99999,2026-07-25 11:07:13.00119,388,1.0332,0,"aoml_navis",1028.84913425177
"4903910",13,0,1,67,1,-27,1,0.000482000003103167,3,99999,9,99999,390,1,10.1770000457764,35.2389984130859,0.0333539992570877,0.112650379538536,0.000482000003103167,99999,-91.5454,26.181,26.2759860688941,66,66,94,117,128,94,0,8041,1.16692018654014,26,-92,99999,99999,2026-07-25 11:07:13.00119,390,1.0332,0,"aoml_navis",1028.86371644263
"4903910",13,0,1,70,1,-24,1,0.000450999999884516,3,99999,9,99999,392,1,10.1129999160767,35.2309989929199,0.0392399989068508,0.117694430053234,0.000450999999884516,99999,-91.5454,26.181,26.2759860688941,66,66,94,117,128,94,0,8041,1.16692018654014,26,-92,99999,99999,2026-07-25 11:07:13.00119,392,1.0332,0,"aoml_navis",1028.87802818883
"4903910",13,0,1,69,1,-25,1,0.00044299999717623,3,99999,9,99999,394,1,10.0629997253418,35.2249984741211,0.0372780002653599,0.116013079881668,0.00044299999717623,99999,-91.5454,26.181,26.2759860688941,66,66,94,117,128,94,0,8041,1.16692018654014,26,-92,99999,99999,2026-07-25 11:07:13.00119,394,1.0332,0,"aoml_navis",1028.8913389595
"4903910",13,0,1,68,1,-26,1,0.000448000006144866,3,99999,9,99999,396,1,10.0290002822876,35.2200012207031,0.0353160016238689,0.114331722259521,0.000448000006144866,99999,-91.5454,26.181,26.2759860688941,66,66,94,117,128,94,0,8041,1.16692018654014,26,-92,99999,99999,2026-07-25 11:07:13.00119,396,1.0332,0,"aoml_navis",1028.90253443853
"4903910",13,0,1,65,1,-29,1,0.000422999990405515,3,99999,9,99999,398,1,9.98600006103516,35.2140007019043,0.0294300001114607,0.109287686645985,0.000422999990405515,99999,-91.5454,26.181,26.2759860688941,66,66,94,117,128,94,0,8041,1.16692018654014,26,-92,99999,99999,2026-07-25 11:07:13.00119,398,1.0332,0,"aoml_navis",1028.91455320646
"4903910",13,0,1,70,1,-24,1,0.000584000023081899,3,99999,9,99999,400,1,9.94299983978271,35.2080001831055,0.0392399989068508,0.117694430053234,0.000584000023081899,99999,-91.5454,26.181,26.2759860688941,66,66,94,117,128,94,0,8041,1.16692018654014,26,-92,99999,99999,2026-07-25 11:07:13.00119,400,1.0332,0,"aoml_navis",1028.92655562674
"4903910",13,0,1,70,1,-24,1,0.000452999986009672,3,99999,9,99999,402,1,9.8769998550415,35.2000007629395,0.0392399989068508,0.117694430053234,0.000452999986009672,99999,-91.5454,26.181,26.2759860688941,66,66,94,117,128,94,0,8041,1.16692018654014,26,-92,99999,99999,2026-07-25 11:07:13.00119,402,1.0332,0,"aoml_navis",1028.9410876371
"4903910",13,0,1,67,1,-27,1,0.000433000008342788,3,99999,9,99999,404,1,9.79699993133545,35.189998626709,0.0333539992570877,0.112650379538536,0.000433000008342788,99999,-91.5454,26.181,26.2759860688941,66,66,94,117,128,94,0,8041,1.16692018654014,26,-92,99999,99999,2026-07-25 11:07:13.00119,404,1.0332,0,"aoml_navis",1028.95650488214
"4903910",13,0,1,68,1,-26,1,0.000479000009363517,3,99999,9,99999,406,1,9.69299983978271,35.1769981384277,0.0353160016238689,0.114331722259521,0.000479000009363517,99999,-91.5454,26.181,26.2759860688941,66,66,94,117,128,94,0,8041,1.16692018654014,26,-92,99999,99999,2026-07-25 11:07:13.00119,406,1.0332,0,"aoml_navis",1028.9737630372
"4903910",13,0,1,66,1,-28,1,0.000445000012405217,3,99999,9,99999,408,1,9.6269998550415,35.1699981689453,0.0313920006155968,0.11096902936697,0.000445000012405217,99999,-91.5454,26.181,26.2759860688941,66,66,94,117,128,94,0,8041,1.16692018654014,26,-92,99999,99999,2026-07-25 11:07:13.00119,408,1.0332,0,"aoml_navis",1028.98891782834
"4903910",13,0,1,65,1,-29,1,0.000452999986009672,3,99999,9,99999,410,1,9.56599998474121,35.1619987487793,0.0294300001114607,0.109287686645985,0.000452999986009672,99999,-91.5454,26.181,26.2759860688941,66,66,94,117,128,94,0,8041,1.16692018654014,26,-92,99999,99999,2026-07-25 11:07:13.00119,410,1.0332,0,"aoml_navis",1029.00237714086
"4903910",13,0,1,68,1,-26,1,0.00048600000445731,3,99999,9,99999,412,1,9.49499988555908,35.1549987792969,0.0353160016238689,0.114331722259521,0.00048600000445731,99999,-91.5454,26.181,26.2759860688941,66,66,94,117,128,94,0,8041,1.16692018654014,26,-92,99999,99999,2026-07-25 11:07:13.00119,412,1.0332,0,"aoml_navis",1029.01832664102
"4903910",13,0,1,70,1,-24,1,0.000449999992270023,3,99999,9,99999,414,1,9.44699954986572,35.1479988098145,0.0392399989068508,0.117694430053234,0.000449999992270023,99999,-91.5454,26.181,26.2759860688941,66,66,94,117,128,94,0,8041,1.16692018654014,26,-92,99999,99999,2026-07-25 11:07:13.00119,414,1.0332,0,"aoml_navis",1029.03022765034
"4903910",13,0,1,68,1,-26,1,0.000506000011228025,3,99999,9,99999,416,1,9.37100028991699,35.1399993896484,0.0353160016238689,0.114331722259521,0.000506000011228025,99999,-91.5454,26.181,26.2759860688941,66,66,94,117,128,94,0,8041,1.16692018654014,26,-92,99999,99999,2026-07-25 11:07:13.00119,416,1.0332,0,"aoml_navis",1029.04618576922
"4903910",13,0,1,71,1,-23,1,0.000463000003946945,3,99999,9,99999,418,1,9.2810001373291,35.1290016174316,0.041202001273632,0.11937577277422,0.000463000003946945,99999,-91.5454,26.181,26.2759860688941,66,66,94,117,128,94,0,8041,1.16692018654014,26,-92,99999,99999,2026-07-25 11:07:13.00119,418,1.0332,0,"aoml_navis",1029.06216629782
"4903910",13,0,1,69,1,-25,1,0.000472999992780387,3,99999,9,99999,420,1,9.16199970245361,35.1160011291504,0.0372780002653599,0.116013079881668,0.000472999992780387,99999,-91.5454,26.181,26.2759860688941,66,66,94,117,128,94,0,8041,1.16692018654014,26,-92,99999,99999,2026-07-25 11:07:13.00119,420,1.0332,0,"aoml_navis",1029.08147672608
"4903910",13,0,1,69,1,-25,1,0.000515999970957637,3,99999,9,99999,422,1,9.08699989318848,35.1080017089844,0.0372780002653599,0.116013079881668,0.000515999970957637,99999,-91.5454,26.181,26.2759860688941,66,66,94,117,128,94,0,8041,1.16692018654014,26,-92,99999,99999,2026-07-25 11:07:13.00119,422,1.0332,0,"aoml_navis",1029.09705588073
"4903910",13,0,1,69,1,-25,1,0.000467000005301088,3,99999,9,99999,424,1,8.98700046539307,35.0960006713867,0.0372780002653599,0.116013079881668,0.000467000005301088,99999,-91.5454,26.181,26.2759860688941,66,66,94,117,128,94,0,8041,1.16692018654014,26,-92,99999,99999,2026-07-25 11:07:13.00119,424,1.0332,0,"aoml_navis",1029.11369979357
"4903910",13,0,1,69,1,-25,1,0.000500999973155558,3,99999,9,99999,426,1,8.89200019836426,35.0839996337891,0.0372780002653599,0.116013079881668,0.000500999973155558,99999,-91.5454,26.181,26.2759860688941,66,66,94,117,128,94,0,8041,1.16692018654014,26,-92,99999,99999,2026-07-25 11:07:13.00119,426,1.0332,0,"aoml_navis",1029.12940239146
"4903910",13,0,1,68,1,-26,1,0.000500000023748726,3,99999,9,99999,428,1,8.79599952697754,35.0730018615723,0.0353160016238689,0.114331722259521,0.000500000023748726,99999,-91.5454,26.181,26.2759860688941,66,66,94,117,128,94,0,8041,1.16692018654014,26,-92,99999,99999,2026-07-25 11:07:13.00119,428,1.0332,0,"aoml_navis",1029.1459669112
"4903910",13,0,1,68,1,-26,1,0.000461999996332452,3,99999,9,99999,430,1,8.70600032806396,35.0620002746582,0.0353160016238689,0.114331722259521,0.000461999996332452,99999,-91.5454,26.181,26.2759860688941,66,66,94,117,128,94,0,8041,1.16692018654014,26,-92,99999,99999,2026-07-25 11:07:13.00119,430,1.0332,0,"aoml_navis",1029.16143723373
"4903910",13,0,1,69,1,-25,1,0.000559000007342547,3,99999,9,99999,432,1,8.61499977111816,35.0519981384277,0.0372780002653599,0.116013079881668,0.000559000007342547,99999,-91.5454,26.181,26.2759860688941,66,66,94,117,128,94,0,8041,1.16692018654014,26,-92,99999,99999,2026-07-25 11:07:13.00119,432,1.0332,0,"aoml_navis",1029.17777450011
"4903910",13,0,1,68,1,-26,1,0.00047999998787418,3,99999,9,99999,434,1,8.54800033569336,35.0439987182617,0.0353160016238689,0.114331722259521,0.00047999998787418,99999,-91.5454,26.181,26.2759860688941,66,66,94,117,128,94,0,8041,1.16692018654014,26,-92,99999,99999,2026-07-25 11:07:13.00119,434,1.0332,0,"aoml_navis",1029.19163457569
"4903910",13,0,1,70,1,-24,1,0.000474000000394881,3,99999,9,99999,436,1,8.48499965667725,35.0390014648438,0.0392399989068508,0.117694430053234,0.000474000000394881,99999,-91.5454,26.181,26.2759860688941,66,66,94,117,128,94,0,8041,1.16692018654014,26,-92,99999,99999,2026-07-25 11:07:13.00119,436,1.0332,0,"aoml_navis",1029.20713982775
"4903910",13,0,1,70,1,-24,1,0.00052000000141561,3,99999,9,99999,438,1,8.40999984741211,35.0309982299805,0.0392399989068508,0.117694430053234,0.00052000000141561,99999,-91.5454,26.181,26.2759860688941,66,66,94,117,128,94,0,8041,1.16692018654014,26,-92,99999,99999,2026-07-25 11:07:13.00119,438,1.0332,0,"aoml_navis",1029.2222243392
"4903910",13,0,1,69,1,-25,1,0.000490000005811453,3,99999,9,99999,440,1,8.33600044250488,35.0229988098145,0.0372780002653599,0.116013079881668,0.000490000005811453,99999,-91.5454,26.181,26.2759860688941,66,66,94,117,128,94,0,8041,1.16692018654014,26,-92,99999,99999,2026-07-25 11:07:13.00119,440,1.0332,0,"aoml_navis",1029.23709420334
"4903910",13,0,1,67,1,-27,1,0.000468999991426244,3,99999,9,99999,442.399993896484,1,8.22299957275391,35.0110015869141,0.0333539992570877,0.112650379538536,0.000468999991426244,99999,-91.5454,26.181,26.2759860688941,66,66,94,117,128,94,0,8041,1.16692018654014,26,-92,99999,99999,2026-07-25 11:07:13.00119,442.399993896484,1.0332,0,"aoml_navis",1029.25691402607
"4903910",13,0,1,69,1,-25,1,0.000453999993624166,3,99999,9,99999,444,1,8.14700031280518,35.0050010681152,0.0372780002653599,0.116013079881668,0.000453999993624166,99999,-91.5454,26.181,26.2759860688941,66,66,94,117,128,94,0,8041,1.16692018654014,26,-92,99999,99999,2026-07-25 11:07:13.00119,444,1.0332,0,"aoml_navis",1029.27172645713
"4903910",13,0,1,68,1,-26,1,0.000479000009363517,3,99999,9,99999,446,1,8.07499980926514,34.9980010986328,0.0353160016238689,0.114331722259521,0.000479000009363517,99999,-91.5454,26.181,26.2759860688941,66,66,94,117,128,94,0,8041,1.16692018654014,26,-92,99999,99999,2026-07-25 11:07:13.00119,446,1.0332,0,"aoml_navis",1029.28686717956
"4903910",13,0,1,69,1,-25,1,0.000460999988717958,3,99999,9,99999,448.100006103516,1,8.02600002288818,34.9939994812012,0.0372780002653599,0.116013079881668,0.000460999988717958,99999,-91.5454,26.181,26.2759860688941,66,66,94,117,128,94,0,8041,1.16692018654014,26,-92,99999,99999,2026-07-25 11:07:13.00119,448.100006103516,1.0332,0,"aoml_navis",1029.30108005071
"4903910",13,0,1,68,1,-26,1,0.000457999994978309,3,99999,9,99999,450.100006103516,1,7.99300003051758,34.9910011291504,0.0353160016238689,0.114331722259521,0.000457999994978309,99999,-91.5454,26.181,26.2759860688941,66,66,94,117,128,94,0,8041,1.16692018654014,26,-92,99999,99999,2026-07-25 11:07:13.00119,450.100006103516,1.0332,0,"aoml_navis",1029.31305111646
"4903910",13,0,1,67,1,-27,1,0.000488999998196959,3,99999,9,99999,451.5,1,7.97300004959106,34.9889984130859,0.0333539992570877,0.112650379538536,0.000488999998196959,99999,-91.5454,26.181,26.2759860688941,66,66,94,117,128,94,0,8041,1.16692018654014,26,-92,99999,99999,2026-07-25 11:07:13.00119,451.5,1.0332,0,"aoml_navis",1029.32100627548
"4903910",13,0,1,68,1,-26,1,0.000434999994467944,3,99999,9,99999,454,1,7.96400022506714,34.9879989624023,0.0353160016238689,0.114331722259521,0.000434999994467944,99999,-91.5454,26.181,26.2759860688941,66,66,94,117,128,94,0,8041,1.16692018654014,26,-92,99999,99999,2026-07-25 11:07:13.00119,454,1.0332,0,"aoml_navis",1029.33296555444
"4903910",13,0,1,70,1,-24,1,0.000452999986009672,3,99999,9,99999,456,1,7.93800020217896,34.9860000610352,0.0392399989068508,0.117694430053234,0.000452999986009672,99999,-91.5454,26.181,26.2759860688941,66,66,94,117,128,94,0,8041,1.16692018654014,26,-92,99999,99999,2026-07-25 11:07:13.00119,456,1.0332,0,"aoml_navis",1029.34458837644
"4903910",13,0,1,71,1,-23,1,0.000465999997686595,3,99999,9,99999,458,1,7.90799999237061,34.984001159668,0.041202001273632,0.11937577277422,0.000465999997686595,99999,-91.5454,26.181,26.2759860688941,66,66,94,117,128,94,0,8041,1.16692018654014,26,-92,99999,99999,2026-07-25 11:07:13.00119,458,1.0332,0,"aoml_navis",1029.35684145764
"4903910",13,0,1,66,1,-28,1,0.000448000006144866,3,99999,9,99999,460,1,7.89400005340576,34.9830017089844,0.0313920006155968,0.11096902936697,0.000448000006144866,99999,-91.5454,26.181,26.2759860688941,66,66,94,117,128,94,0,8041,1.16692018654014,26,-92,99999,99999,2026-07-25 11:07:13.00119,460,1.0332,0,"aoml_navis",1029.36732996437
"4903910",13,0,1,68,1,-26,1,0.000419999996665865,3,99999,9,99999,462.100006103516,1,7.86899995803833,34.9809989929199,0.0353160016238689,0.114331722259521,0.000419999996665865,99999,-91.5454,26.181,26.2759860688941,66,66,94,117,128,94,0,8041,1.16692018654014,26,-92,99999,99999,2026-07-25 11:07:13.00119,462.100006103516,1.0332,0,"aoml_navis",1029.37922927949
"4903910",13,0,1,69,1,-25,1,0.00048600000445731,3,99999,9,99999,464,1,7.83900022506714,34.9790000915527,0.0372780002653599,0.116013079881668,0.00048600000445731,99999,-91.5454,26.181,26.2759860688941,66,66,94,117,128,94,0,8041,1.16692018654014,26,-92,99999,99999,2026-07-25 11:07:13.00119,464,1.0332,0,"aoml_navis",1029.39101329958
"4903910",13,0,1,66,1,-28,1,0.000448000006144866,3,99999,9,99999,465.899993896484,1,7.8289999961853,34.9770011901855,0.0313920006155968,0.11096902936697,0.000448000006144866,99999,-91.5454,26.181,26.2759860688941,66,66,94,117,128,94,0,8041,1.16692018654014,26,-92,99999,99999,2026-07-25 11:07:13.00119,465.899993896484,1.0332,0,"aoml_navis",1029.39962750567
"4903910",13,0,1,70,1,-24,1,0.000429999985499308,3,99999,9,99999,468,1,7.80600023269653,34.976001739502,0.0392399989068508,0.117694430053234,0.000429999985499308,99999,-91.5454,26.181,26.2759860688941,66,66,94,117,128,94,0,8041,1.16692018654014,26,-92,99999,99999,2026-07-25 11:07:13.00119,468,1.0332,0,"aoml_navis",1029.41198339323
"4903910",13,0,1,69,1,-25,1,0.000448000006144866,3,99999,9,99999,470,1,7.77699995040894,34.9739990234375,0.0372780002653599,0.116013079881668,0.000448000006144866,99999,-91.5454,26.181,26.2759860688941,66,66,94,117,128,94,0,8041,1.16692018654014,26,-92,99999,99999,2026-07-25 11:07:13.00119,470,1.0332,0,"aoml_navis",1029.42404424047
"4903910",13,0,1,68,1,-26,1,0.000417000002926216,3,99999,9,99999,472,1,7.77199983596802,34.9720001220703,0.0353160016238689,0.114331722259521,0.000417000002926216,99999,-91.5454,26.181,26.2759860688941,66,66,94,117,128,94,0,8041,1.16692018654014,26,-92,99999,99999,2026-07-25 11:07:13.00119,472,1.0332,0,"aoml_navis",1029.43231829062
"4903910",13,0,1,69,1,-25,1,0.00044299999717623,3,99999,9,99999,474,1,7.75299978256226,34.9710006713867,0.0372780002653599,0.116013079881668,0.00044299999717623,99999,-91.5454,26.181,26.2759860688941,66,66,94,117,128,94,0,8041,1.16692018654014,26,-92,99999,99999,2026-07-25 11:07:13.00119,474,1.0332,0,"aoml_navis",1029.44358167511
"4903910",13,0,1,68,1,-26,1,0.000411999993957579,3,99999,9,99999,476,1,7.72300004959106,34.9690017700195,0.0353160016238689,0.114331722259521,0.000411999993957579,99999,-91.5454,26.181,26.2759860688941,66,66,94,117,128,94,0,8041,1.16692018654014,26,-92,99999,99999,2026-07-25 11:07:13.00119,476,1.0332,0,"aoml_navis",1029.45579098814
"4903910",13,0,1,70,1,-24,1,0.000478000001749024,3,99999,9,99999,478,1,7.68699979782104,34.9659996032715,0.0392399989068508,0.117694430053234,0.000478000001749024,99999,-91.5454,26.181,26.2759860688941,66,66,94,117,128,94,0,8041,1.16692018654014,26,-92,99999,99999,2026-07-25 11:07:13.00119,478,1.0332,0,"aoml_navis",1029.46814940633
"4903910",13,0,1,66,1,-28,1,0.000409000000217929,3,99999,9,99999,480,1,7.65700006484985,34.9630012512207,0.0313920006155968,0.11096902936697,0.000409000000217929,99999,-91.5454,26.181,26.2759860688941,66,66,94,117,128,94,0,8041,1.16692018654014,26,-92,99999,99999,2026-07-25 11:07:13.00119,480,1.0332,0,"aoml_navis",1029.47955947416
"4903910",13,0,1,69,1,-25,1,0.000422000011894852,3,99999,9,99999,482,1,7.60900020599365,34.9599990844727,0.0372780002653599,0.116013079881668,0.000422000011894852,99999,-91.5454,26.181,26.2759860688941,66,66,94,117,128,94,0,8041,1.16692018654014,26,-92,99999,99999,2026-07-25 11:07:13.00119,482,1.0332,0,"aoml_navis",1029.49377268708
"4903910",13,0,1,69,1,-25,1,0.000414000009186566,3,99999,9,99999,484,1,7.58300018310547,34.9580001831055,0.0372780002653599,0.116013079881668,0.000414000009186566,99999,-91.5454,26.181,26.2759860688941,66,66,94,117,128,94,0,8041,1.16692018654014,26,-92,99999,99999,2026-07-25 11:07:13.00119,484,1.0332,0,"aoml_navis",1029.50532143924
"4903910",13,0,1,71,1,-23,1,0.000418999989051372,3,99999,9,99999,486,1,7.56500005722046,34.9570007324219,0.041202001273632,0.11937577277422,0.000418999989051372,99999,-91.5454,26.181,26.2759860688941,66,66,94,117,128,94,0,8041,1.16692018654014,26,-92,99999,99999,2026-07-25 11:07:13.00119,486,1.0332,0,"aoml_navis",1029.51640112577
"4903910",13,0,1,68,1,-26,1,0.000614000018686056,3,99999,9,99999,488,1,7.55700016021729,34.9560012817383,0.0353160016238689,0.114331722259521,0.000614000018686056,99999,-91.5454,26.181,26.2759860688941,66,66,94,117,128,94,0,8041,1.16692018654014,26,-92,99999,99999,2026-07-25 11:07:13.00119,488,1.0332,0,"aoml_navis",1029.52592102469
"4903910",13,0,1,70,1,-24,1,0.000411999993957579,3,99999,9,99999,490,1,7.52099990844727,34.9550018310547,0.0392399989068508,0.117694430053234,0.000411999993957579,99999,-91.5454,26.181,26.2759860688941,66,66,94,117,128,94,0,8041,1.16692018654014,26,-92,99999,99999,2026-07-25 11:07:13.00119,490,1.0332,0,"aoml_navis",1029.539797543
"4903910",13,0,1,70,1,-24,1,0.000409000000217929,3,99999,9,99999,492,1,7.5,34.9550018310547,0.0392399989068508,0.117694430053234,0.000409000000217929,99999,-91.5454,26.181,26.2759860688941,66,66,94,117,128,94,0,8041,1.16692018654014,26,-92,99999,99999,2026-07-25 11:07:13.00119,492,1.0332,0,"aoml_navis",1029.55211778861
"4903910",13,0,1,68,1,-26,1,0.000417000002926216,3,99999,9,99999,494,1,7.49399995803833,34.9560012817383,0.0353160016238689,0.114331722259521,0.000417000002926216,99999,-91.5454,26.181,26.2759860688941,66,66,94,117,128,94,0,8041,1.16692018654014,26,-92,99999,99999,2026-07-25 11:07:13.00119,494,1.0332,0,"aoml_navis",1029.56288993995
"4903910",13,0,1,67,1,-27,1,0.000518999993801117,3,99999,9,99999,496,1,7.48400020599365,34.9560012817383,0.0333539992570877,0.112650379538536,0.000518999993801117,99999,-91.5454,26.181,26.2759860688941,66,66,94,117,128,94,0,8041,1.16692018654014,26,-92,99999,99999,2026-07-25 11:07:13.00119,496,1.0332,0,"aoml_navis",1029.57349983002
"4903910",13,0,1,65,1,-29,1,0.000417000002926216,3,99999,9,99999,498,1,7.44000005722046,34.9539985656738,0.0294300001114607,0.109287686645985,0.000417000002926216,99999,-91.5454,26.181,26.2759860688941,66,66,94,117,128,94,0,8041,1.16692018654014,26,-92,99999,99999,2026-07-25 11:07:13.00119,498,1.0332,0,"aoml_navis",1029.58780893351
"4903910",13,0,1,70,1,-24,1,0.000522000016644597,3,99999,9,99999,500,1,7.4229998588562,34.9519996643066,0.0392399989068508,0.117694430053234,0.000522000016644597,99999,-91.5454,26.181,26.2759860688941,66,66,94,117,128,94,0,8041,1.16692018654014,26,-92,99999,99999,2026-07-25 11:07:13.00119,500,1.0332,0,"aoml_navis",1029.59793237294
"4903910",13,0,1,72,1,-22,1,0.000468000012915581,3,99999,9,99999,502,1,7.40100002288818,34.951000213623,0.043163999915123,0.121057130396366,0.000468000012915581,99999,-91.5454,26.181,26.2759860688941,66,66,94,117,128,94,0,8041,1.16692018654014,26,-92,99999,99999,2026-07-25 11:07:13.00119,502,1.0332,0,"aoml_navis",1029.60960902462
"4903910",13,0,1,69,1,-25,1,0.00040600000647828,3,99999,9,99999,504,1,7.39200019836426,34.9500007629395,0.0372780002653599,0.116013079881668,0.00040600000647828,99999,-91.5454,26.181,26.2759860688941,66,66,94,117,128,94,0,8041,1.16692018654014,26,-92,99999,99999,2026-07-25 11:07:13.00119,504,1.0332,0,"aoml_navis",1029.61927581086
"4903910",13,0,1,72,1,-22,1,0.000418999989051372,3,99999,9,99999,506,1,7.37900018692017,34.9490013122559,0.043163999915123,0.121057130396366,0.000418999989051372,99999,-91.5454,26.181,26.2759860688941,66,66,94,117,128,94,0,8041,1.16692018654014,26,-92,99999,99999,2026-07-25 11:07:13.00119,506,1.0332,0,"aoml_navis",1029.62955940012
"4903910",13,0,1,67,1,-27,1,0.00040600000647828,3,99999,9,99999,508,1,7.36199998855591,34.9469985961914,0.0333539992570877,0.112650379538536,0.00040600000647828,99999,-91.5454,26.181,26.2759860688941,66,66,94,117,128,94,0,8041,1.16692018654014,26,-92,99999,99999,2026-07-25 11:07:13.00119,508,1.0332,0,"aoml_navis",1029.63967259515
"4903910",13,0,1,71,1,-23,1,0.000433999986853451,3,99999,9,99999,510,1,7.34100008010864,34.9449996948242,0.041202001273632,0.11937577277422,0.000433999986853451,99999,-91.5454,26.181,26.2759860688941,66,66,94,117,128,94,0,8041,1.16692018654014,26,-92,99999,99999,2026-07-25 11:07:13.00119,510,1.0332,0,"aoml_navis",1029.65040262002
"4903910",13,0,1,69,1,-25,1,0.000410999986343086,3,99999,9,99999,512,1,7.30000019073486,34.943000793457,0.0372780002653599,0.116013079881668,0.000410999986343086,99999,-91.5454,26.181,26.2759860688941,66,66,94,117,128,94,0,8041,1.16692018654014,26,-92,99999,99999,2026-07-25 11:07:13.00119,512,1.0332,0,"aoml_navis",1029.66420291383
"4903910",13,0,1,68,1,-26,1,0.000432000000728294,3,99999,9,99999,514,1,7.26100015640259,34.939998626709,0.0353160016238689,0.114331722259521,0.000432000000728294,99999,-91.5454,26.181,26.2759860688941,66,66,94,117,128,94,0,8041,1.16692018654014,26,-92,99999,99999,2026-07-25 11:07:13.00119,514,1.0332,0,"aoml_navis",1029.6768957136
"4903910",13,0,1,70,1,-24,1,0.000446999998530373,3,99999,9,99999,516,1,7.23199987411499,34.9379997253418,0.0392399989068508,0.117694430053234,0.000446999998530373,99999,-91.5454,26.181,26.2759860688941,66,66,94,117,128,94,0,8041,1.16692018654014,26,-92,99999,99999,2026-07-25 11:07:13.00119,516,1.0332,0,"aoml_navis",1029.68883250187
"4903910",13,0,1,67,1,-27,1,0.000423999998020008,3,99999,9,99999,518,1,7.21600008010864,34.9370002746582,0.0333539992570877,0.112650379538536,0.000423999998020008,99999,-91.5454,26.181,26.2759860688941,66,66,94,117,128,94,0,8041,1.16692018654014,26,-92,99999,99999,2026-07-25 11:07:13.00119,518,1.0332,0,"aoml_navis",1029.69955997675
"4903910",13,0,1,67,1,-27,1,0.000446999998530373,3,99999,9,99999,520,1,7.18900012969971,34.9360008239746,0.0333539992570877,0.112650379538536,0.000446999998530373,99999,-91.5454,26.181,26.2759860688941,66,66,94,117,128,94,0,8041,1.16692018654014,26,-92,99999,99999,2026-07-25 11:07:13.00119,520,1.0332,0,"aoml_navis",1029.71196454182
"4903910",13,0,1,69,1,-25,1,0.000433999986853451,3,99999,9,99999,522,1,7.15100002288818,34.935001373291,0.0372780002653599,0.116013079881668,0.000433999986853451,99999,-91.5454,26.181,26.2759860688941,66,66,94,117,128,94,0,8041,1.16692018654014,26,-92,99999,99999,2026-07-25 11:07:13.00119,522,1.0332,0,"aoml_navis",1029.72603813878
"4903910",13,0,1,66,1,-28,1,0.000410999986343086,3,99999,9,99999,524,1,7.1269998550415,34.9339981079102,0.0313920006155968,0.11096902936697,0.000410999986343086,99999,-91.5454,26.181,26.2759860688941,66,66,94,117,128,94,0,8041,1.16692018654014,26,-92,99999,99999,2026-07-25 11:07:13.00119,524,1.0332,0,"aoml_navis",1029.73796941186
"4903910",13,0,1,68,1,-26,1,0.000414000009186566,3,99999,9,99999,526,1,7.11199998855591,34.9329986572266,0.0353160016238689,0.114331722259521,0.000414000009186566,99999,-91.5454,26.181,26.2759860688941,66,66,94,117,128,94,0,8041,1.16692018654014,26,-92,99999,99999,2026-07-25 11:07:13.00119,526,1.0332,0,"aoml_navis",1029.74853271263
"4903910",13,0,1,66,1,-28,1,0.00040300001273863,3,99999,9,99999,528,1,7.10099983215332,34.9329986572266,0.0313920006155968,0.11096902936697,0.00040300001273863,99999,-91.5454,26.181,26.2759860688941,66,66,94,117,128,94,0,8041,1.16692018654014,26,-92,99999,99999,2026-07-25 11:07:13.00119,528,1.0332,0,"aoml_navis",1029.75927095115
"4903910",13,0,1,67,1,-27,1,0.000444000004790723,3,99999,9,99999,530,1,7.09000015258789,34.9329986572266,0.0333539992570877,0.112650379538536,0.000444000004790723,99999,-91.5454,26.181,26.2759860688941,66,66,94,117,128,94,0,8041,1.16692018654014,26,-92,99999,99999,2026-07-25 11:07:13.00119,530,1.0332,0,"aoml_navis",1029.77000839715
"4903910",13,0,1,69,1,-25,1,0.000410999986343086,3,99999,9,99999,532,1,7.06500005722046,34.931999206543,0.0372780002653599,0.116013079881668,0.000410999986343086,99999,-91.5454,26.181,26.2759860688941,66,66,94,117,128,94,0,8041,1.16692018654014,26,-92,99999,99999,2026-07-25 11:07:13.00119,532,1.0332,0,"aoml_navis",1029.78208371194
"4903910",13,0,1,67,1,-27,1,0.000407999992603436,3,99999,9,99999,534,1,7.03499984741211,34.931999206543,0.0333539992570877,0.112650379538536,0.000407999992603436,99999,-91.5454,26.181,26.2759860688941,66,66,94,117,128,94,0,8041,1.16692018654014,26,-92,99999,99999,2026-07-25 11:07:13.00119,534,1.0332,0,"aoml_navis",1029.79569399709
"4903910",13,0,1,72,1,-22,1,0.000398000003769994,3,99999,9,99999,536,1,7.02099990844727,34.9309997558594,0.043163999915123,0.121057130396366,0.000398000003769994,99999,-91.5454,26.181,26.2759860688941,66,66,94,117,128,94,0,8041,1.16692018654014,26,-92,99999,99999,2026-07-25 11:07:13.00119,536,1.0332,0,"aoml_navis",1029.80609666198
"4903910",13,0,1,69,1,-25,1,0.00040600000647828,3,99999,9,99999,538,1,6.99499988555908,34.9309997558594,0.0372780002653599,0.116013079881668,0.00040600000647828,99999,-91.5454,26.181,26.2759860688941,66,66,94,117,128,94,0,8041,1.16692018654014,26,-92,99999,99999,2026-07-25 11:07:13.00119,538,1.0332,0,"aoml_navis",1029.81909313389
"4903910",13,0,1,69,1,-25,1,0.000410999986343086,3,99999,9,99999,540,1,6.97599983215332,34.9300003051758,0.0372780002653599,0.116013079881668,0.000410999986343086,99999,-91.5454,26.181,26.2759860688941,66,66,94,117,128,94,0,8041,1.16692018654014,26,-92,99999,99999,2026-07-25 11:07:13.00119,540,1.0332,0,"aoml_navis",1029.83024573434
"4903910",13,0,1,71,1,-23,1,0.000421000004280359,3,99999,9,99999,542,1,6.95100021362305,34.9290008544922,0.041202001273632,0.11937577277422,0.000421000004280359,99999,-91.5454,26.181,26.2759860688941,66,66,94,117,128,94,0,8041,1.16692018654014,26,-92,99999,99999,2026-07-25 11:07:13.00119,542,1.0332,0,"aoml_navis",1029.84229885508
"4903910",13,0,1,70,1,-24,1,0.000429000006988645,3,99999,9,99999,544,1,6.94799995422363,34.9290008544922,0.0392399989068508,0.117694430053234,0.000429000006988645,99999,-91.5454,26.181,26.2759860688941,66,66,94,117,128,94,0,8041,1.16692018654014,26,-92,99999,99999,2026-07-25 11:07:13.00119,544,1.0332,0,"aoml_navis",1029.85182216056
"4903910",13,0,1,66,1,-28,1,0.000410999986343086,3,99999,9,99999,546,1,6.94399976730347,34.9290008544922,0.0313920006155968,0.11096902936697,0.000410999986343086,99999,-91.5454,26.181,26.2759860688941,66,66,94,117,128,94,0,8041,1.16692018654014,26,-92,99999,99999,2026-07-25 11:07:13.00119,546,1.0332,0,"aoml_navis",1029.86149575648
"4903910",13,0,1,70,1,-24,1,0.000444000004790723,3,99999,9,99999,548,1,6.93300008773804,34.9280014038086,0.0392399989068508,0.117694430053234,0.000444000004790723,99999,-91.5454,26.181,26.2759860688941,66,66,94,117,128,94,0,8041,1.16692018654014,26,-92,99999,99999,2026-07-25 11:07:13.00119,548,1.0332,0,"aoml_navis",1029.8714386616
"4903910",13,0,1,67,1,-27,1,0.000482000003103167,3,99999,9,99999,550,1,6.92799997329712,34.9280014038086,0.0333539992570877,0.112650379538536,0.000482000003103167,99999,-91.5454,26.181,26.2759860688941,66,66,94,117,128,94,0,8041,1.16692018654014,26,-92,99999,99999,2026-07-25 11:07:13.00119,550,1.0332,0,"aoml_navis",1029.88126227458
"4903910",13,0,1,69,1,-25,1,0.000430999993113801,3,99999,9,99999,552,1,6.91200017929077,34.9280014038086,0.0372780002653599,0.116013079881668,0.000430999993113801,99999,-91.5454,26.181,26.2759860688941,66,66,94,117,128,94,0,8041,1.16692018654014,26,-92,99999,99999,2026-07-25 11:07:13.00119,552,1.0332,0,"aoml_navis",1029.89273960658
"4903910",13,0,1,71,1,-23,1,0.000433999986853451,3,99999,9,99999,554,1,6.87400007247925,34.9269981384277,0.041202001273632,0.11937577277422,0.000433999986853451,99999,-91.5454,26.181,26.2759860688941,66,66,94,117,128,94,0,8041,1.16692018654014,26,-92,99999,99999,2026-07-25 11:07:13.00119,554,1.0332,0,"aoml_navis",1029.90672976616
"4903910",13,0,1,65,1,-29,1,0.000413000001572073,3,99999,9,99999,556,1,6.86999988555908,34.9269981384277,0.0294300001114607,0.109287686645985,0.000413000001572073,99999,-91.5454,26.181,26.2759860688941,66,66,94,117,128,94,0,8041,1.16692018654014,26,-92,99999,99999,2026-07-25 11:07:13.00119,556,1.0332,0,"aoml_navis",1029.91640236415
"4903910",13,0,1,70,1,-24,1,0.000429000006988645,3,99999,9,99999,558,1,6.85599994659424,34.9259986877441,0.0392399989068508,0.117694430053234,0.000429000006988645,99999,-91.5454,26.181,26.2759860688941,66,66,94,117,128,94,0,8041,1.16692018654014,26,-92,99999,99999,2026-07-25 11:07:13.00119,558,1.0332,0,"aoml_navis",1029.92678975212
"4903910",13,0,1,69,1,-25,1,0.00040600000647828,3,99999,9,99999,560,1,6.83799982070923,34.9259986877441,0.0372780002653599,0.116013079881668,0.00040600000647828,99999,-91.5454,26.181,26.2759860688941,66,66,94,117,128,94,0,8041,1.16692018654014,26,-92,99999,99999,2026-07-25 11:07:13.00119,560,1.0332,0,"aoml_navis",1029.93855860682
"4903910",13,0,1,71,1,-23,1,0.000482000003103167,3,99999,9,99999,562,1,6.82600021362305,34.9249992370605,0.041202001273632,0.11937577277422,0.000482000003103167,99999,-91.5454,26.181,26.2759860688941,66,66,94,117,128,94,0,8041,1.16692018654014,26,-92,99999,99999,2026-07-25 11:07:13.00119,562,1.0332,0,"aoml_navis",1029.94864377023
"4903910",13,0,1,70,1,-24,1,0.000398000003769994,3,99999,9,99999,564,1,6.81400012969971,34.9249992370605,0.0392399989068508,0.117694430053234,0.000398000003769994,99999,-91.5454,26.181,26.2759860688941,66,66,94,117,128,94,0,8041,1.16692018654014,26,-92,99999,99999,2026-07-25 11:07:13.00119,564,1.0332,0,"aoml_navis",1029.9595120326
"4903910",13,0,1,66,1,-28,1,0.000422999990405515,3,99999,9,99999,566,1,6.80600023269653,34.9249992370605,0.0313920006155968,0.11096902936697,0.000422999990405515,99999,-91.5454,26.181,26.2759860688941,66,66,94,117,128,94,0,8041,1.16692018654014,26,-92,99999,99999,2026-07-25 11:07:13.00119,566,1.0332,0,"aoml_navis",1029.96978157417
"4903910",13,0,1,68,1,-26,1,0.000461999996332452,3,99999,9,99999,568,1,6.79899978637695,34.9249992370605,0.0353160016238689,0.114331722259521,0.000461999996332452,99999,-91.5454,26.181,26.2759860688941,66,66,94,117,128,94,0,8041,1.16692018654014,26,-92,99999,99999,2026-07-25 11:07:13.00119,568,1.0332,0,"aoml_navis",1029.97990138724
"4903910",13,0,1,70,1,-24,1,0.000398000003769994,3,99999,9,99999,570,1,6.79199981689453,34.9249992370605,0.0392399989068508,0.117694430053234,0.000398000003769994,99999,-91.5454,26.181,26.2759860688941,66,66,94,117,128,94,0,8041,1.16692018654014,26,-92,99999,99999,2026-07-25 11:07:13.00119,570,1.0332,0,"aoml_navis",1029.9900208308
"4903910",13,0,1,71,1,-23,1,0.00040300001273863,3,99999,9,99999,572,1,6.78800010681152,34.9249992370605,0.041202001273632,0.11937577277422,0.00040300001273863,99999,-91.5454,26.181,26.2759860688941,66,66,94,117,128,94,0,8041,1.16692018654014,26,-92,99999,99999,2026-07-25 11:07:13.00119,572,1.0332,0,"aoml_navis",1029.99969174184
"4903910",13,0,1,68,1,-26,1,0.000390000001061708,3,99999,9,99999,574,1,6.77899980545044,34.9259986877441,0.0353160016238689,0.114331722259521,0.000390000001061708,99999,-91.5454,26.181,26.2759860688941,66,66,94,117,128,94,0,8041,1.16692018654014,26,-92,99999,99999,2026-07-25 11:07:13.00119,574,1.0332,0,"aoml_navis",1030.0108934193
"4903910",13,0,1,70,1,-24,1,0.000387000007322058,3,99999,9,99999,576,1,6.75299978256226,34.9259986877441,0.0392399989068508,0.117694430053234,0.000387000007322058,99999,-91.5454,26.181,26.2759860688941,66,66,94,117,128,94,0,8041,1.16692018654014,26,-92,99999,99999,2026-07-25 11:07:13.00119,576,1.0332,0,"aoml_navis",1030.02384743432
"4903910",13,0,1,67,1,-27,1,0.000410000007832423,3,99999,9,99999,578,1,6.73899984359741,34.9249992370605,0.0333539992570877,0.112650379538536,0.000410000007832423,99999,-91.5454,26.181,26.2759860688941,66,66,94,117,128,94,0,8041,1.16692018654014,26,-92,99999,99999,2026-07-25 11:07:13.00119,578,1.0332,0,"aoml_navis",1030.03422456548
"4903910",13,0,1,69,1,-25,1,0.000387000007322058,3,99999,9,99999,580,1,6.71199989318848,34.923999786377,0.0372780002653599,0.116013079881668,0.000387000007322058,99999,-91.5454,26.181,26.2759860688941,66,66,94,117,128,94,0,8041,1.16692018654014,26,-92,99999,99999,2026-07-25 11:07:13.00119,580,1.0332,0,"aoml_navis",1030.04653543307
"4903910",13,0,1,66,1,-28,1,0.000418000010540709,3,99999,9,99999,582,1,6.66499996185303,34.9230003356934,0.0313920006155968,0.11096902936697,0.000418000010540709,99999,-91.5454,26.181,26.2759860688941,66,66,94,117,128,94,0,8041,1.16692018654014,26,-92,99999,99999,2026-07-25 11:07:13.00119,582,1.0332,0,"aoml_navis",1030.06180896146
"4903910",13,0,1,74,1,-20,1,0.000395000010030344,3,99999,9,99999,584,1,6.63600015640259,34.9220008850098,0.0470880009233952,0.124419823288918,0.000395000010030344,99999,-91.5454,26.181,26.2759860688941,66,66,94,117,128,94,0,8041,1.16692018654014,26,-92,99999,99999,2026-07-25 11:07:13.00119,584,1.0332,0,"aoml_navis",1030.07439925672
"4903910",13,0,1,70,1,-24,1,0.000413000001572073,3,99999,9,99999,586,1,6.6100001335144,34.9210014343262,0.0392399989068508,0.117694430053234,0.000413000001572073,99999,-91.5454,26.181,26.2759860688941,66,66,94,117,128,94,0,8041,1.16692018654014,26,-92,99999,99999,2026-07-25 11:07:13.00119,586,1.0332,0,"aoml_navis",1030.08653926262
"4903910",13,0,1,68,1,-26,1,0.000418000010540709,3,99999,9,99999,588,1,6.59600019454956,34.9210014343262,0.0353160016238689,0.114331722259521,0.000418000010540709,99999,-91.5454,26.181,26.2759860688941,66,66,94,117,128,94,0,8041,1.16692018654014,26,-92,99999,99999,2026-07-25 11:07:13.00119,588,1.0332,0,"aoml_navis",1030.09768635909
"4903910",13,0,1,66,1,-28,1,0.000395000010030344,3,99999,9,99999,590,1,6.58900022506714,34.9199981689453,0.0313920006155968,0.11096902936697,0.000395000010030344,99999,-91.5454,26.181,26.2759860688941,66,66,94,117,128,94,0,8041,1.16692018654014,26,-92,99999,99999,2026-07-25 11:07:13.00119,590,1.0332,0,"aoml_navis",1030.10701142444
"4903910",13,0,1,72,1,-22,1,0.000413000001572073,3,99999,9,99999,592,1,6.58300018310547,34.9199981689453,0.043163999915123,0.121057130396366,0.000413000001572073,99999,-91.5454,26.181,26.2759860688941,66,66,94,117,128,94,0,8041,1.16692018654014,26,-92,99999,99999,2026-07-25 11:07:13.00119,592,1.0332,0,"aoml_navis",1030.11697581813
"4903910",13,0,1,68,1,-26,1,0.000472000014269724,3,99999,9,99999,594,1,6.57100009918213,34.9199981689453,0.0353160016238689,0.114331722259521,0.000472000014269724,99999,-91.5454,26.181,26.2759860688941,66,66,94,117,128,94,0,8041,1.16692018654014,26,-92,99999,99999,2026-07-25 11:07:13.00119,594,1.0332,0,"aoml_navis",1030.12782561616
"4903910",13,0,1,71,1,-23,1,0.000404999998863786,3,99999,9,99999,596,1,6.55999994277954,34.9199981689453,0.041202001273632,0.11937577277422,0.000404999998863786,99999,-91.5454,26.181,26.2759860688941,66,66,94,117,128,94,0,8041,1.16692018654014,26,-92,99999,99999,2026-07-25 11:07:13.00119,596,1.0332,0,"aoml_navis",1030.13852705702
"4903910",13,0,1,65,1,-29,1,0.000479000009363517,3,99999,9,99999,598,1,6.54300022125244,34.9199981689453,0.0294300001114607,0.109287686645985,0.000479000009363517,99999,-91.5454,26.181,26.2759860688941,66,66,94,117,128,94,0,8041,1.16692018654014,26,-92,99999,99999,2026-07-25 11:07:13.00119,598,1.0332,0,"aoml_navis",1030.15011209742
"4903910",13,0,1,68,1,-26,1,0.000419999996665865,3,99999,9,99999,600,1,6.53399991989136,34.9199981689453,0.0353160016238689,0.114331722259521,0.000419999996665865,99999,-91.5454,26.181,26.2759860688941,66,66,94,117,128,94,0,8041,1.16692018654014,26,-92,99999,99999,2026-07-25 11:07:13.00119,600,1.0332,0,"aoml_navis",1030.16051708861
"4903910",13,0,1,67,1,-27,1,0.000404999998863786,3,99999,9,99999,602,1,6.52099990844727,34.9210014343262,0.0333539992570877,0.112650379538536,0.000404999998863786,99999,-91.5454,26.181,26.2759860688941,66,66,94,117,128,94,0,8041,1.16692018654014,26,-92,99999,99999,2026-07-25 11:07:13.00119,602,1.0332,0,"aoml_navis",1030.17229787578
"4903910",13,0,1,72,1,-22,1,0.000402000005124137,3,99999,9,99999,604,1,6.50899982452393,34.9199981689453,0.043163999915123,0.121057130396366,0.000402000005124137,99999,-91.5454,26.181,26.2759860688941,66,66,94,117,128,94,0,8041,1.16692018654014,26,-92,99999,99999,2026-07-25 11:07:13.00119,604,1.0332,0,"aoml_navis",1030.18235580341
"4903910",13,0,1,70,1,-24,1,0.000448000006144866,3,99999,9,99999,606,1,6.49599981307983,34.9210014343262,0.0392399989068508,0.117694430053234,0.000448000006144866,99999,-91.5454,26.181,26.2759860688941,66,66,94,117,128,94,0,8041,1.16692018654014,26,-92,99999,99999,2026-07-25 11:07:13.00119,606,1.0332,0,"aoml_navis",1030.19413461717
"4903910",13,0,1,67,1,-27,1,0.0003969999961555,3,99999,9,99999,608,1,6.4850001335144,34.9210014343262,0.0333539992570877,0.112650379538536,0.0003969999961555,99999,-91.5454,26.181,26.2759860688941,66,66,94,117,128,94,0,8041,1.16692018654014,26,-92,99999,99999,2026-07-25 11:07:13.00119,608,1.0332,0,"aoml_navis",1030.2048310592
"4903910",13,0,1,70,1,-24,1,0.000387000007322058,3,99999,9,99999,610,1,6.47800016403198,34.9210014343262,0.0392399989068508,0.117694430053234,0.000387000007322058,99999,-91.5454,26.181,26.2759860688941,66,66,94,117,128,94,0,8041,1.16692018654014,26,-92,99999,99999,2026-07-25 11:07:13.00119,610,1.0332,0,"aoml_navis",1030.21493917202
"4903910",13,0,1,70,1,-24,1,0.000915999989956617,3,99999,9,99999,612,1,6.47599983215332,34.9210014343262,0.0392399989068508,0.117694430053234,0.000915999989956617,99999,-91.5454,26.181,26.2759860688941,66,66,94,117,128,94,0,8041,1.16692018654014,26,-92,99999,99999,2026-07-25 11:07:13.00119,612,1.0332,0,"aoml_navis",1030.22431238454
"4903910",13,0,1,70,1,-24,1,0.000373999995645136,3,99999,9,99999,614,1,6.47200012207031,34.9210014343262,0.0392399989068508,0.117694430053234,0.000373999995645136,99999,-91.5454,26.181,26.2759860688941,66,66,94,117,128,94,0,8041,1.16692018654014,26,-92,99999,99999,2026-07-25 11:07:13.00119,614,1.0332,0,"aoml_navis",1030.23397919462
"4903910",13,0,1,72,1,-22,1,0.000387000007322058,3,99999,9,99999,616,1,6.46400022506714,34.9210014343262,0.043163999915123,0.121057130396366,0.000387000007322058,99999,-91.5454,26.181,26.2759860688941,66,66,94,117,128,94,0,8041,1.16692018654014,26,-92,99999,99999,2026-07-25 11:07:13.00119,616,1.0332,0,"aoml_navis",1030.24423358431
"4903910",13,0,1,69,1,-25,1,0.000407000014092773,3,99999,9,99999,618,1,6.44500017166138,34.9210014343262,0.0372780002653599,0.116013079881668,0.000407000014092773,99999,-91.5454,26.181,26.2759860688941,66,66,94,117,128,94,0,8041,1.16692018654014,26,-92,99999,99999,2026-07-25 11:07:13.00119,618,1.0332,0,"aoml_navis",1030.25610262588
"4903910",13,0,1,71,1,-23,1,0.000422999990405515,3,99999,9,99999,620,1,6.42999982833862,34.9210014343262,0.041202001273632,0.11937577277422,0.000422999990405515,99999,-91.5454,26.181,26.2759860688941,66,66,94,117,128,94,0,8041,1.16692018654014,26,-92,99999,99999,2026-07-25 11:07:13.00119,620,1.0332,0,"aoml_navis",1030.26738265355
"4903910",13,0,1,67,1,-27,1,0.000418000010540709,3,99999,9,99999,622,1,6.42399978637695,34.9210014343262,0.0333539992570877,0.112650379538536,0.000418000010540709,99999,-91.5454,26.181,26.2759860688941,66,66,94,117,128,94,0,8041,1.16692018654014,26,-92,99999,99999,2026-07-25 11:07:13.00119,622,1.0332,0,"aoml_navis",1030.27734199283
"4903910",13,0,1,69,1,-25,1,0.000422999990405515,3,99999,9,99999,624,1,6.41900014877319,34.9210014343262,0.0372780002653599,0.116013079881668,0.000422999990405515,99999,-91.5454,26.181,26.2759860688941,66,66,94,117,128,94,0,8041,1.16692018654014,26,-92,99999,99999,2026-07-25 11:07:13.00119,624,1.0332,0,"aoml_navis",1030.28715442235
"4903910",13,0,1,68,1,-26,1,0.000483999989228323,3,99999,9,99999,626,1,6.41200017929077,34.9210014343262,0.0353160016238689,0.114331722259521,0.000483999989228323,99999,-91.5454,26.181,26.2759860688941,66,66,94,117,128,94,0,8041,1.16692018654014,26,-92,99999,99999,2026-07-25 11:07:13.00119,626,1.0332,0,"aoml_navis",1030.29725987398
"4903910",13,0,1,69,1,-25,1,0.000434999994467944,3,99999,9,99999,628,1,6.37799978256226,34.9210014343262,0.0372780002653599,0.116013079881668,0.000434999994467944,99999,-91.5454,26.181,26.2759860688941,66,66,94,117,128,94,0,8041,1.16692018654014,26,-92,99999,99999,2026-07-25 11:07:13.00119,628,1.0332,0,"aoml_navis",1030.31131810234
"4903910",13,0,1,68,1,-26,1,0.000457999994978309,3,99999,9,99999,630.099975585938,1,6.37099981307983,34.9210014343262,0.0353160016238689,0.114331722259521,0.000457999994978309,99999,-91.5454,26.181,26.2759860688941,66,66,94,117,128,94,0,8041,1.16692018654014,26,-92,99999,99999,2026-07-25 11:07:13.00119,630.099975585938,1.0332,0,"aoml_navis",1030.3218760354
"4903910",13,0,1,70,1,-24,1,0.000422999990405515,3,99999,9,99999,632.099975585938,1,6.36999988555908,34.9210014343262,0.0392399989068508,0.117694430053234,0.000422999990405515,99999,-91.5454,26.181,26.2759860688941,66,66,94,117,128,94,0,8041,1.16692018654014,26,-92,99999,99999,2026-07-25 11:07:13.00119,632.099975585938,1.0332,0,"aoml_navis",1030.33110234629
"4903910",13,0,1,70,1,-24,1,0.000427999999374151,3,99999,9,99999,634.099975585938,1,6.36899995803833,34.9210014343262,0.0392399989068508,0.117694430053234,0.000427999999374151,99999,-91.5454,26.181,26.2759860688941,66,66,94,117,128,94,0,8041,1.16692018654014,26,-92,99999,99999,2026-07-25 11:07:13.00119,634.099975585938,1.0332,0,"aoml_navis",1030.34032835083
"4903910",13,0,1,67,1,-27,1,0.000425000005634502,3,99999,9,99999,635.900024414062,1,6.36800003051758,34.9210014343262,0.0333539992570877,0.112650379538536,0.000425000005634502,99999,-91.5454,26.181,26.2759860688941,66,66,94,117,128,94,0,8041,1.16692018654014,26,-92,99999,99999,2026-07-25 11:07:13.00119,635.900024414062,1.0332,0,"aoml_navis",1030.34864634665
"4903910",13,0,1,68,1,-26,1,0.00044000000343658,3,99999,9,99999,638,1,6.36299991607666,34.9210014343262,0.0353160016238689,0.114331722259521,0.00044000000343658,99999,-91.5454,26.181,26.2759860688941,66,66,94,117,128,94,0,8041,1.16692018654014,26,-92,99999,99999,2026-07-25 11:07:13.00119,638,1.0332,0,"aoml_navis",1030.35891101056
"4903910",13,0,1,70,1,-24,1,0.00044299999717623,3,99999,9,99999,640,1,6.35300016403198,34.9210014343262,0.0392399989068508,0.117694430053234,0.00044299999717623,99999,-91.5454,26.181,26.2759860688941,66,66,94,117,128,94,0,8041,1.16692018654014,26,-92,99999,99999,2026-07-25 11:07:13.00119,640,1.0332,0,"aoml_navis",1030.36945299054
"4903910",13,0,1,70,1,-24,1,0.000419999996665865,3,99999,9,99999,642,1,6.34899997711182,34.9210014343262,0.0392399989068508,0.117694430053234,0.000419999996665865,99999,-91.5454,26.181,26.2759860688941,66,66,94,117,128,94,0,8041,1.16692018654014,26,-92,99999,99999,2026-07-25 11:07:13.00119,642,1.0332,0,"aoml_navis",1030.37911708616
"4903910",13,0,1,73,1,-21,1,0.000434999994467944,3,99999,9,99999,644,1,6.34000015258789,34.9210014343262,0.0451259985566139,0.122738473117352,0.000434999994467944,99999,-91.5454,26.181,26.2759860688941,66,66,94,117,128,94,0,8041,1.16692018654014,26,-92,99999,99999,2026-07-25 11:07:13.00119,644,1.0332,0,"aoml_navis",1030.38951210319
"4903910",13,0,1,70,1,-24,1,0.000448000006144866,3,99999,9,99999,646,1,6.32800006866455,34.9210014343262,0.0392399989068508,0.117694430053234,0.000448000006144866,99999,-91.5454,26.181,26.2759860688941,66,66,94,117,128,94,0,8041,1.16692018654014,26,-92,99999,99999,2026-07-25 11:07:13.00119,646,1.0332,0,"aoml_navis",1030.40034512247
"4903910",13,0,1,68,1,-26,1,0.000433000008342788,3,99999,9,99999,648,1,6.32299995422363,34.9199981689453,0.0353160016238689,0.114331722259521,0.000433000008342788,99999,-91.5454,26.181,26.2759860688941,66,66,94,117,128,94,0,8041,1.16692018654014,26,-92,99999,99999,2026-07-25 11:07:13.00119,648,1.0332,0,"aoml_navis",1030.40936724285
"4903910",13,0,1,69,1,-25,1,0.000475999986520037,3,99999,9,99999,650,1,6.31699991226196,34.9199981689453,0.0372780002653599,0.116013079881668,0.000475999986520037,99999,-91.5454,26.181,26.2759860688941,66,66,94,117,128,94,0,8041,1.16692018654014,26,-92,99999,99999,2026-07-25 11:07:13.00119,650,1.0332,0,"aoml_navis",1030.41932273188
"4903910",13,0,1,66,1,-28,1,0.000425000005634502,3,99999,9,99999,652,1,6.30399990081787,34.9199981689453,0.0313920006155968,0.11096902936697,0.000425000005634502,99999,-91.5454,26.181,26.2759860688941,66,66,94,117,128,94,0,8041,1.16692018654014,26,-92,99999,99999,2026-07-25 11:07:13.00119,652,1.0332,0,"aoml_navis",1030.43030022326
"4903910",13,0,1,68,1,-26,1,0.000422000011894852,3,99999,9,99999,654,1,6.28000020980835,34.9199981689453,0.0353160016238689,0.114331722259521,0.000422000011894852,99999,-91.5454,26.181,26.2759860688941,66,66,94,117,128,94,0,8041,1.16692018654014,26,-92,99999,99999,2026-07-25 11:07:13.00119,654,1.0332,0,"aoml_navis",1030.4428809152
"4903910",13,0,1,68,1,-26,1,0.000402000005124137,3,99999,9,99999,656,1,6.2649998664856,34.9210014343262,0.0353160016238689,0.114331722259521,0.000402000005124137,99999,-91.5454,26.181,26.2759860688941,66,66,94,117,128,94,0,8041,1.16692018654014,26,-92,99999,99999,2026-07-25 11:07:13.00119,656,1.0332,0,"aoml_navis",1030.45493425666
"4903910",13,0,1,68,1,-26,1,0.000560000014957041,3,99999,9,99999,658,1,6.24700021743774,34.9210014343262,0.0353160016238689,0.114331722259521,0.000560000014957041,99999,-91.5454,26.181,26.2759860688941,66,66,94,117,128,94,0,8041,1.16692018654014,26,-92,99999,99999,2026-07-25 11:07:13.00119,658,1.0332,0,"aoml_navis",1030.46663510128
"4903910",13,0,1,71,1,-23,1,0.00044000000343658,3,99999,9,99999,660,1,6.23699998855591,34.9210014343262,0.041202001273632,0.11937577277422,0.00044000000343658,99999,-91.5454,26.181,26.2759860688941,66,66,94,117,128,94,0,8041,1.16692018654014,26,-92,99999,99999,2026-07-25 11:07:13.00119,660,1.0332,0,"aoml_navis",1030.4771704205
"4903910",13,0,1,70,1,-24,1,0.000410000007832423,3,99999,9,99999,662,1,6.22900009155273,34.9210014343262,0.0392399989068508,0.117694430053234,0.000410000007832423,99999,-91.5454,26.181,26.2759860688941,66,66,94,117,128,94,0,8041,1.16692018654014,26,-92,99999,99999,2026-07-25 11:07:13.00119,662,1.0332,0,"aoml_navis",1030.48741430091
"4903910",13,0,1,72,1,-22,1,0.000425000005634502,3,99999,9,99999,664,1,6.21500015258789,34.9210014343262,0.043163999915123,0.121057130396366,0.000425000005634502,99999,-91.5454,26.181,26.2759860688941,66,66,94,117,128,94,0,8041,1.16692018654014,26,-92,99999,99999,2026-07-25 11:07:13.00119,664,1.0332,0,"aoml_navis",1030.49852990458
"4903910",13,0,1,69,1,-25,1,0.000402000005124137,3,99999,9,99999,666,1,6.2039999961853,34.9210014343262,0.0372780002653599,0.116013079881668,0.000402000005124137,99999,-91.5454,26.181,26.2759860688941,66,66,94,117,128,94,0,8041,1.16692018654014,26,-92,99999,99999,2026-07-25 11:07:13.00119,666,1.0332,0,"aoml_navis",1030.50920862002
"4903910",13,0,1,73,1,-21,1,0.000391999987186864,3,99999,9,99999,668,1,6.19600009918213,34.9210014343262,0.0451259985566139,0.122738473117352,0.000391999987186864,99999,-91.5454,26.181,26.2759860688941,66,66,94,117,128,94,0,8041,1.16692018654014,26,-92,99999,99999,2026-07-25 11:07:13.00119,668,1.0332,0,"aoml_navis",1030.51945103899
"4903910",13,0,1,67,1,-27,1,0.000394000002415851,3,99999,9,99999,670,1,6.16900014877319,34.9210014343262,0.0333539992570877,0.112650379538536,0.000394000002415851,99999,-91.5454,26.181,26.2759860688941,66,66,94,117,128,94,0,8041,1.16692018654014,26,-92,99999,99999,2026-07-25 11:07:13.00119,670,1.0332,0,"aoml_navis",1030.53244918684
"4903910",13,0,1,70,1,-24,1,0.000391000008676201,3,99999,9,99999,672,1,6.15399980545044,34.9210014343262,0.0392399989068508,0.117694430053234,0.000391000008676201,99999,-91.5454,26.181,26.2759860688941,66,66,94,117,128,94,0,8041,1.16692018654014,26,-92,99999,99999,2026-07-25 11:07:13.00119,672,1.0332,0,"aoml_navis",1030.54370429666
"4903910",13,0,1,68,1,-26,1,0.0003969999961555,3,99999,9,99999,674,1,6.14499998092651,34.9210014343262,0.0353160016238689,0.114331722259521,0.0003969999961555,99999,-91.5454,26.181,26.2759860688941,66,66,94,117,128,94,0,8041,1.16692018654014,26,-92,99999,99999,2026-07-25 11:07:13.00119,674,1.0332,0,"aoml_navis",1030.55408933439
"4903910",13,0,1,70,1,-24,1,0.000409000000217929,3,99999,9,99999,676,1,6.13899993896484,34.9210014343262,0.0392399989068508,0.117694430053234,0.000409000000217929,99999,-91.5454,26.181,26.2759860688941,66,66,94,117,128,94,0,8041,1.16692018654014,26,-92,99999,99999,2026-07-25 11:07:13.00119,676,1.0332,0,"aoml_navis",1030.56403969423
"4903910",13,0,1,65,1,-29,1,0.000394000002415851,3,99999,9,99999,678,1,6.12900018692017,34.9210014343262,0.0294300001114607,0.109287686645985,0.000394000002415851,99999,-91.5454,26.181,26.2759860688941,66,66,94,117,128,94,0,8041,1.16692018654014,26,-92,99999,99999,2026-07-25 11:07:13.00119,678,1.0332,0,"aoml_navis",1030.57456867684
"4903910",13,0,1,65,1,-29,1,0.000407000014092773,3,99999,9,99999,680,1,6.11299991607666,34.9210014343262,0.0294300001114607,0.109287686645985,0.000407000014092773,99999,-91.5454,26.181,26.2759860688941,66,66,94,117,128,94,0,8041,1.16692018654014,26,-92,99999,99999,2026-07-25 11:07:13.00119,680,1.0332,0,"aoml_navis",1030.58596482326
"4903910",13,0,1,71,1,-23,1,0.000414000009186566,3,99999,9,99999,682,1,6.10200023651123,34.9210014343262,0.041202001273632,0.11937577277422,0.000414000009186566,99999,-91.5454,26.181,26.2759860688941,66,66,94,117,128,94,0,8041,1.16692018654014,26,-92,99999,99999,2026-07-25 11:07:13.00119,682,1.0332,0,"aoml_navis",1030.59663678888
"4903910",13,0,1,70,1,-24,1,0.000411999993957579,3,99999,9,99999,684,1,6.09600019454956,34.9210014343262,0.0392399989068508,0.117694430053234,0.000411999993957579,99999,-91.5454,26.181,26.2759860688941,66,66,94,117,128,94,0,8041,1.16692018654014,26,-92,99999,99999,2026-07-25 11:07:13.00119,684,1.0332,0,"aoml_navis",1030.60658581317
"4903910",13,0,1,68,1,-26,1,0.000414000009186566,3,99999,9,99999,686.5,1,6.08799982070923,34.9220008850098,0.0353160016238689,0.114331722259521,0.000414000009186566,99999,-91.5454,26.181,26.2759860688941,66,66,94,117,128,94,0,8041,1.16692018654014,26,-92,99999,99999,2026-07-25 11:07:13.00119,686.5,1.0332,0,"aoml_navis",1030.61987881678
"4903910",13,0,1,69,1,-25,1,0.000395999988541007,3,99999,9,99999,687.5,1,6.08400011062622,34.9220008850098,0.0372780002653599,0.116013079881668,0.000395999988541007,99999,-91.5454,26.181,26.2759860688941,66,66,94,117,128,94,0,8041,1.16692018654014,26,-92,99999,99999,2026-07-25 11:07:13.00119,687.5,1.0332,0,"aoml_navis",1030.62499748159
"4903910",13,0,1,67,1,-27,1,0.000402000005124137,3,99999,9,99999,690,1,6.07299995422363,34.9220008850098,0.0333539992570877,0.112650379538536,0.000402000005124137,99999,-91.5454,26.181,26.2759860688941,66,66,94,117,128,94,0,8041,1.16692018654014,26,-92,99999,99999,2026-07-25 11:07:13.00119,690,1.0332,0,"aoml_navis",1030.63793825479
"4903910",13,0,1,71,1,-23,1,0.000368000008165836,3,99999,9,99999,692,1,6.06500005722046,34.9220008850098,0.041202001273632,0.11937577277422,0.000368000008165836,99999,-91.5454,26.181,26.2759860688941,66,66,94,117,128,94,0,8041,1.16692018654014,26,-92,99999,99999,2026-07-25 11:07:13.00119,692,1.0332,0,"aoml_navis",1030.64817489014
"4903910",13,0,1,67,1,-27,1,0.000399000011384487,3,99999,9,99999,694,1,6.05299997329712,34.9220008850098,0.0333539992570877,0.112650379538536,0.000399000011384487,99999,-91.5454,26.181,26.2759860688941,66,66,94,117,128,94,0,8041,1.16692018654014,26,-92,99999,99999,2026-07-25 11:07:13.00119,694,1.0332,0,"aoml_navis",1030.65898826911
"4903910",13,0,1,68,1,-26,1,0.000372999988030642,3,99999,9,99999,696,1,6.04699993133545,34.9220008850098,0.0353160016238689,0.114331722259521,0.000372999988030642,99999,-91.5454,26.181,26.2759860688941,66,66,94,117,128,94,0,8041,1.16692018654014,26,-92,99999,99999,2026-07-25 11:07:13.00119,696,1.0332,0,"aoml_navis",1030.66893560418
"4903910",13,0,1,67,1,-27,1,0.000426999991759658,3,99999,9,99999,698,1,6.04199981689453,34.9220008850098,0.0333539992570877,0.112650379538536,0.000426999991759658,99999,-91.5454,26.181,26.2759860688941,66,66,94,117,128,94,0,8041,1.16692018654014,26,-92,99999,99999,2026-07-25 11:07:13.00119,698,1.0332,0,"aoml_navis",1030.67873849835
"4903910",13,0,1,67,1,-27,1,0.000422000011894852,3,99999,9,99999,700,1,6.01900005340576,34.9220008850098,0.0333539992570877,0.112650379538536,0.000422000011894852,99999,-91.5454,26.181,26.2759860688941,66,66,94,117,128,94,0,8041,1.16692018654014,26,-92,99999,99999,2026-07-25 11:07:13.00119,700,1.0332,0,"aoml_navis",1030.69113517305
"4903910",13,0,1,65,1,-29,1,0.000510999991092831,3,99999,9,99999,702,1,5.99900007247925,34.9220008850098,0.0294300001114607,0.109287686645985,0.000510999991092831,99999,-91.5454,26.181,26.2759860688941,66,66,94,117,128,94,0,8041,1.16692018654014,26,-92,99999,99999,2026-07-25 11:07:13.00119,702,1.0332,0,"aoml_navis",1030.70309637934
"4903910",13,0,1,70,1,-24,1,0.00044000000343658,3,99999,9,99999,704,1,5.9850001335144,34.9220008850098,0.0392399989068508,0.117694430053234,0.00044000000343658,99999,-91.5454,26.181,26.2759860688941,66,66,94,117,128,94,0,8041,1.16692018654014,26,-92,99999,99999,2026-07-25 11:07:13.00119,704,1.0332,0,"aoml_navis",1030.71419242901
"4903910",13,0,1,72,1,-22,1,0.000423999998020008,3,99999,9,99999,706,1,5.98000001907349,34.9220008850098,0.043163999915123,0.121057130396366,0.000423999998020008,99999,-91.5454,26.181,26.2759860688941,66,66,94,117,128,94,0,8041,1.16692018654014,26,-92,99999,99999,2026-07-25 11:07:13.00119,706,1.0332,0,"aoml_navis",1030.72399410244
"4903910",13,0,1,68,1,-26,1,0.000422000011894852,3,99999,9,99999,708,1,5.97499990463257,34.9220008850098,0.0353160016238689,0.114331722259521,0.000422000011894852,99999,-91.5454,26.181,26.2759860688941,66,66,94,117,128,94,0,8041,1.16692018654014,26,-92,99999,99999,2026-07-25 11:07:13.00119,708,1.0332,0,"aoml_navis",1030.73379556776
"4903910",13,0,1,71,1,-23,1,0.000455000001238659,3,99999,9,99999,710,1,5.97300004959106,34.9220008850098,0.041202001273632,0.11937577277422,0.000455000001238659,99999,-91.5454,26.181,26.2759860688941,66,66,94,117,128,94,0,8041,1.16692018654014,26,-92,99999,99999,2026-07-25 11:07:13.00119,710,1.0332,0,"aoml_navis",1030.74316559658
"4903910",13,0,1,70,1,-24,1,0.000493000028654933,3,99999,9,99999,712,1,5.96600008010864,34.9220008850098,0.0392399989068508,0.117694430053234,0.000493000028654933,99999,-91.5454,26.181,26.2759860688941,66,66,94,117,128,94,0,8041,1.16692018654014,26,-92,99999,99999,2026-07-25 11:07:13.00119,712,1.0332,0,"aoml_navis",1030.75325410575
"4903910",13,0,1,69,1,-25,1,0.000518999993801117,3,99999,9,99999,714,1,5.95599985122681,34.9220008850098,0.0372780002653599,0.116013079881668,0.000518999993801117,99999,-91.5454,26.181,26.2759860688941,66,66,94,117,128,94,0,8041,1.16692018654014,26,-92,99999,99999,2026-07-25 11:07:13.00119,714,1.0332,0,"aoml_navis",1030.76377337265
"4903910",13,0,1,71,1,-23,1,0.000472999992780387,3,99999,9,99999,716,1,5.94299983978271,34.9230003356934,0.041202001273632,0.11937577277422,0.000472999992780387,99999,-91.5454,26.181,26.2759860688941,66,66,94,117,128,94,0,8041,1.16692018654014,26,-92,99999,99999,2026-07-25 11:07:13.00119,716,1.0332,0,"aoml_navis",1030.77550768655
"4903910",13,0,1,70,1,-24,1,0.000452000007499009,3,99999,9,99999,718,1,5.92600011825562,34.9230003356934,0.0392399989068508,0.117694430053234,0.000452000007499009,99999,-91.5454,26.181,26.2759860688941,66,66,94,117,128,94,0,8041,1.16692018654014,26,-92,99999,99999,2026-07-25 11:07:13.00119,718,1.0332,0,"aoml_navis",1030.78702979408
"4903910",13,0,1,70,1,-24,1,0.000441999989561737,3,99999,9,99999,720,1,5.91900014877319,34.9230003356934,0.0392399989068508,0.117694430053234,0.000441999989561737,99999,-91.5454,26.181,26.2759860688941,66,66,94,117,128,94,0,8041,1.16692018654014,26,-92,99999,99999,2026-07-25 11:07:13.00119,720,1.0332,0,"aoml_navis",1030.79711657677
"4903910",13,0,1,70,1,-24,1,0.000446999998530373,3,99999,9,99999,722.299987792969,1,5.91599988937378,34.923999786377,0.0392399989068508,0.117694430053234,0.000446999998530373,99999,-91.5454,26.181,26.2759860688941,66,66,94,117,128,94,0,8041,1.16692018654014,26,-92,99999,99999,2026-07-25 11:07:13.00119,722.299987792969,1.0332,0,"aoml_navis",1030.80877685837
"4903910",13,0,1,70,1,-24,1,0.000452000007499009,3,99999,9,99999,723.700012207031,1,5.91300010681152,34.923999786377,0.0392399989068508,0.117694430053234,0.000452000007499009,99999,-91.5454,26.181,26.2759860688941,66,66,94,117,128,94,0,8041,1.16692018654014,26,-92,99999,99999,2026-07-25 11:07:13.00119,723.700012207031,1.0332,0,"aoml_navis",1030.81556493174
"4903910",15,0,1,94,1,0,1,0.000592999975197017,3,99999,9,99999,4,1,30.0359992980957,36.2620010375977,0.086327999830246,0.158046811819077,0.000592999975197017,99999,-91.673,26.2146,99999,66,66,94,117,128,94,0,8041,1.16692018654014,26,-92,99999,99999,2026-07-27 08:16:52.000881,4,1.0332,0,"aoml_navis",1022.67737505359
"4903910",15,-3.42782655243954,4,90,1,-4,1,0.000636000011581928,3,99999,9,99999,6,1,30.0100002288818,36.2639999389648,0.0784799978137016,0.151321396231651,0.000636000011581928,99999,-91.673,26.2146,99999,66,66,94,117,128,94,-4,8041,1.16692018654014,26,-92,99999,99999,2026-07-27 08:16:52.000881,6,1.0332,0,"aoml_navis",1022.69632354918
"4903910",15,0,1,83,1,-11,1,0.000653999974019825,3,99999,9,99999,8,1,29.9810009002686,36.2849998474121,0.0647459998726845,0.139551967382431,0.000653999974019825,99999,-91.673,26.2146,99999,66,66,94,117,128,94,0,8041,1.16692018654014,26,-92,99999,99999,2026-07-27 08:16:52.000881,8,1.0332,0,"aoml_navis",1022.73055209389
"4903910",15,0,1,85,1,-9,1,0.00060299999313429,3,99999,9,99999,10,1,29.9689998626709,36.3279991149902,0.0686699971556664,0.142914652824402,0.00060299999313429,99999,-91.673,26.2146,99999,66,66,94,117,128,94,0,8041,1.16692018654014,26,-92,99999,99999,2026-07-27 08:16:52.000881,10,1.0332,0,"aoml_navis",1022.77545527776
"4903910",15,0,1,87,1,-7,1,0.000837999978102744,3,99999,9,99999,14.1000003814697,1,29.886999130249,36.4589996337891,0.0725940018892288,0.146277368068695,0.000837999978102744,99999,-91.673,26.2146,99999,66,66,94,117,128,94,0,8041,1.16692018654014,26,-92,99999,99999,2026-07-27 08:16:52.000881,14.1000003814697,1.0332,0,"aoml_navis",1022.91932907783
"4903910",15,0,1,88,1,-6,1,0.000597000005654991,3,99999,9,99999,16.2000007629395,1,29.8719997406006,36.4869995117188,0.0745560005307198,0.14795871078968,0.000597000005654991,99999,-91.673,26.2146,99999,66,66,94,117,128,94,0,8041,1.16692018654014,26,-92,99999,99999,2026-07-27 08:16:52.000881,16.2000007629395,1.0332,0,"aoml_navis",1022.95442903388
"4903910",15,0,1,90,1,-4,1,0.000690000015310943,3,99999,9,99999,18,1,29.8649997711182,36.4939994812012,0.0784799978137016,0.151321396231651,0.000690000015310943,99999,-91.673,26.2146,99999,66,66,94,117,128,94,0,8041,1.16692018654014,26,-92,99999,99999,2026-07-27 08:16:52.000881,18,1.0332,0,"aoml_navis",1022.96975148539
"4903910",15,0,1,88,1,-6,1,0.000640999991446733,3,99999,9,99999,20,1,29.8570003509521,36.5069999694824,0.0745560005307198,0.14795871078968,0.000640999991446733,99999,-91.673,26.2146,99999,66,66,94,117,128,94,0,8041,1.16692018654014,26,-92,99999,99999,2026-07-27 08:16:52.000881,20,1.0332,0,"aoml_navis",1022.99077117191
"4903910",15,0,1,96,1,2,1,0.000674000009894371,3,99999,9,99999,24.1000003814697,1,29.8530006408691,36.5180015563965,0.0902519971132278,0.161409497261047,0.000674000009894371,99999,-91.673,26.2146,99999,66,66,94,117,128,94,0,8041,1.16692018654014,26,-92,99999,99999,2026-07-27 08:16:52.000881,24.1000003814697,1.0332,0,"aoml_navis",1023.01787152615
"4903910",15,0,1,94,1,0,1,0.000632999988738447,3,99999,9,99999,26.1000003814697,1,29.8560009002686,36.5320014953613,0.086327999830246,0.158046811819077,0.000632999988738447,99999,-91.673,26.2146,99999,66,66,94,117,128,94,0,8041,1.16692018654014,26,-92,99999,99999,2026-07-27 08:16:52.000881,26.1000003814697,1.0332,0,"aoml_navis",1023.03587405357
"4903910",15,0,1,91,1,-3,1,0.00061500002630055,3,99999,9,99999,28.1000003814697,1,29.8600006103516,36.5419998168945,0.0804419964551926,0.153002753853798,0.00061500002630055,99999,-91.673,26.2146,99999,66,66,94,117,128,94,0,8041,1.16692018654014,26,-92,99999,99999,2026-07-27 08:16:52.000881,28.1000003814697,1.0332,0,"aoml_navis",1023.05053065025
"4903910",15,0,1,96,1,2,1,0.000613000011071563,3,99999,9,99999,30,1,29.8600006103516,36.5499992370605,0.0902519971132278,0.161409497261047,0.000613000011071563,99999,-91.673,26.2146,99999,66,66,94,117,128,94,0,8041,1.16692018654014,26,-92,99999,99999,2026-07-27 08:16:52.000881,30,1.0332,0,"aoml_navis",1023.06463018308
"4903910",15,0,1,97,1,3,1,0.000623000029008836,3,99999,9,99999,33.9000015258789,1,29.6630001068115,36.7249984741211,0.0922140032052994,0.163090854883194,0.000623000029008836,99999,-91.673,26.2146,99999,66,66,94,117,128,94,0,8041,1.16692018654014,26,-92,99999,99999,2026-07-27 08:16:52.000881,33.9000015258789,1.0332,0,"aoml_navis",1023.27994679438
"4903910",15,0,1,104,4,10,4,0.000747999991290271,3,99999,9,99999,36,1,29.5809993743896,36.7490005493164,0.105948001146317,0.174860298633575,0.000747999991290271,99999,-91.673,26.2146,99999,66,66,94,117,128,94,0,8041,1.16692018654014,26,-92,99999,99999,2026-07-27 08:16:52.000881,36,1.0332,0,"aoml_navis",1023.33487914753
"4903910",15,0,1,103,4,9,4,0.000638000026810914,3,99999,9,99999,38,1,29.4829998016357,36.7400016784668,0.103986002504826,0.173178941011429,0.000638000026810914,99999,-91.673,26.2146,99999,66,66,94,117,128,94,0,8041,1.16692018654014,26,-92,99999,99999,2026-07-27 08:16:52.000881,38,1.0332,0,"aoml_navis",1023.37000502278
"4903910",15,0,1,104,4,10,4,0.000697000010404736,3,99999,9,99999,40,1,29.3920001983643,36.7249984741211,0.105948001146317,0.174860298633575,0.000697000010404736,99999,-91.673,26.2146,99999,66,66,94,117,128,94,0,8041,1.16692018654014,26,-92,99999,99999,2026-07-27 08:16:52.000881,40,1.0332,0,"aoml_navis",1023.39817786657
"4903910",15,0,1,111,4,17,4,0.000837999978102744,3,99999,9,99999,43.9000015258789,1,28.3999996185303,36.640998840332,0.119681999087334,0.186629742383957,0.000837999978102744,99999,-91.673,26.2146,99999,66,66,94,117,128,94,0,8041,1.16692018654014,26,-92,99999,99999,2026-07-27 08:16:52.000881,43.9000015258789,1.0332,0,"aoml_navis",1023.68475977801
"4903910",15,0,1,131,4,37,4,0.000829999975394458,3,99999,9,99999,45.9000015258789,1,27.3549995422363,36.5449981689453,0.158922001719475,0.220256701111794,0.000829999975394458,99999,-91.673,26.2146,99999,66,66,94,117,128,94,0,8041,1.16692018654014,26,-92,99999,99999,2026-07-27 08:16:52.000881,45.9000015258789,1.0332,0,"aoml_navis",1023.96403707462
"4903910",15,0,1,140,4,46,4,0.000837999978102744,3,99999,9,99999,47.9000015258789,1,26.5370006561279,36.5519981384277,0.176579996943474,0.235388860106468,0.000837999978102744,99999,-91.673,26.2146,99999,66,66,94,117,128,94,0,8041,1.16692018654014,26,-92,99999,99999,2026-07-27 08:16:52.000881,47.9000015258789,1.0332,0,"aoml_navis",1024.24066776364
"4903910",15,0,1,146,4,52,4,0.000855999998748302,3,99999,9,99999,51.9000015258789,1,26.3090000152588,36.5589981079102,0.188352003693581,0.245476946234703,0.000855999998748302,99999,-91.673,26.2146,99999,66,66,94,117,128,94,0,8041,1.16692018654014,26,-92,99999,99999,2026-07-27 08:16:52.000881,51.9000015258789,1.0332,0,"aoml_navis",1024.33545791994
"4903910",15,0,1,152,4,58,4,0.000862999993842095,3,99999,9,99999,54,1,26.0130004882812,36.601001739502,0.200123995542526,0.255565047264099,0.000862999993842095,99999,-91.673,26.2146,99999,66,66,94,117,128,94,0,8041,1.16692018654014,26,-92,99999,99999,2026-07-27 08:16:52.000881,54,1.0332,0,"aoml_navis",1024.46953832619
"4903910",15,0,1,180,4,86,4,0.000920000020414591,3,99999,9,99999,56,1,25.8290004730225,36.6380004882812,0.255059987306595,0.302642792463303,0.000920000020414591,99999,-91.673,26.2146,99999,66,66,94,117,128,94,0,8041,1.16692018654014,26,-92,99999,99999,2026-07-27 08:16:52.000881,56,1.0332,0,"aoml_navis",1024.56377562015
"4903910",15,0,1,233,4,139,4,0.000931999995373189,3,99999,9,99999,59.9000015258789,1,25.3190002441406,36.6720008850098,0.359046012163162,0.391754329204559,0.000931999995373189,99999,-91.673,26.2146,99999,66,66,94,117,128,94,0,8041,1.16692018654014,26,-92,99999,99999,2026-07-27 08:16:52.000881,59.9000015258789,1.0332,0,"aoml_navis",1024.76488583864
"4903910",15,0,1,427,4,333,4,0.00102399999741465,3,99999,9,99999,62,1,25.0769996643066,36.6829986572266,0.739673972129822,0.717936038970947,0.00102399999741465,99999,-91.673,26.2146,99999,66,66,94,117,128,94,0,8041,1.16692018654014,26,-92,99999,99999,2026-07-27 08:16:52.000881,62,1.0332,0,"aoml_navis",1024.85683676127
"4903910",15,0,1,491,4,397,4,0.0010039999615401,3,99999,9,99999,64.0999984741211,1,24.8519992828369,36.6910018920898,0.865242004394531,0.825542330741882,0.0010039999615401,99999,-91.673,26.2146,99999,66,66,94,117,128,94,0,8041,1.16692018654014,26,-92,99999,99999,2026-07-27 08:16:52.000881,64.0999984741211,1.0332,0,"aoml_navis",1024.94089343645
"4903910",15,0,1,511,4,417,4,0.000958000018727034,3,99999,9,99999,66.0999984741211,1,24.6229991912842,36.6759986877441,0.904482007026672,0.859169363975525,0.000958000018727034,99999,-91.673,26.2146,99999,66,66,94,117,128,94,0,8041,1.16692018654014,26,-92,99999,99999,2026-07-27 08:16:52.000881,66.0999984741211,1.0332,0,"aoml_navis",1025.00795196637
"4903910",15,0,1,582,4,488,4,0.000965000013820827,3,99999,9,99999,70,1,24.4270000457764,36.6889991760254,1.04378402233124,0.978545069694519,0.000965000013820827,99999,-91.673,26.2146,99999,66,66,94,117,128,94,0,8041,1.16692018654014,26,-92,99999,99999,2026-07-27 08:16:52.000881,70,1.0332,0,"aoml_navis",1025.09400176306
"4903910",15,0,1,528,4,434,4,0.000954999995883554,3,99999,9,99999,72.0999984741211,1,24.4200000762939,36.6879997253418,0.937835991382599,0.88775223493576,0.000954999995883554,99999,-91.673,26.2146,99999,66,66,94,117,128,94,0,8041,1.16692018654014,26,-92,99999,99999,2026-07-27 08:16:52.000881,72.0999984741211,1.0332,0,"aoml_navis",1025.10439983324
"4903910",15,0,1,439,4,345,4,0.00081200001295656,3,99999,9,99999,74,1,24.0799999237061,36.7109985351562,0.763217985630035,0.738112151622772,0.00081200001295656,99999,-91.673,26.2146,99999,66,66,94,117,128,94,0,8041,1.16692018654014,26,-92,99999,99999,2026-07-27 08:16:52.000881,74,1.0332,0,"aoml_navis",1025.23238700126
"4903910",15,0,1,339,4,245,4,0.000739999988581985,3,99999,9,99999,78.0999984741211,1,23.1399993896484,36.6150016784668,0.56701797246933,0.569977343082428,0.000739999988581985,99999,-91.673,26.2146,99999,66,66,94,117,128,94,0,8041,1.16692018654014,26,-92,99999,99999,2026-07-27 08:16:52.000881,78.0999984741211,1.0332,0,"aoml_navis",1025.45568949532
"4903910",15,0,1,247,4,153,4,0.00076299998909235,3,99999,9,99999,80.1999969482422,1,22.871000289917,36.5499992370605,0.386514008045197,0.415293186903,0.00076299998909235,99999,-91.673,26.2146,99999,66,66,94,117,128,94,0,8041,1.16692018654014,26,-92,99999,99999,2026-07-27 08:16:52.000881,80.1999969482422,1.0332,0,"aoml_navis",1025.49380627806
"4903910",15,0,1,273,4,179,4,0.000662999984342605,3,99999,9,99999,84.0999984741211,1,22.5440006256104,36.5940017700195,0.437525987625122,0.459008246660233,0.000662999984342605,99999,-91.673,26.2146,99999,66,66,94,117,128,94,0,8041,1.16692018654014,26,-92,99999,99999,2026-07-27 08:16:52.000881,84.0999984741211,1.0332,0,"aoml_navis",1025.6385574508
"4903910",15,0,1,275,4,181,4,0.000660000019706786,3,99999,9,99999,86,1,22.4939994812012,36.5960006713867,0.441449999809265,0.462370961904526,0.000660000019706786,99999,-91.673,26.2146,99999,66,66,94,117,128,94,0,8041,1.16692018654014,26,-92,99999,99999,2026-07-27 08:16:52.000881,86,1.0332,0,"aoml_navis",1025.66266590641
"4903910",15,0,1,256,4,162,4,0.00208000000566244,3,99999,9,99999,88,1,22.3649997711182,36.5820007324219,0.404172003269196,0.430425345897675,0.00208000000566244,99999,-91.673,26.2146,99999,66,66,94,117,128,94,0,8041,1.16692018654014,26,-92,99999,99999,2026-07-27 08:16:52.000881,88,1.0332,0,"aoml_navis",1025.69768398877
"4903910",15,0,1,237,4,143,4,0.000647999986540526,3,99999,9,99999,92.0999984741211,1,21.9930000305176,36.5639991760254,0.366894006729126,0.398479700088501,0.000647999986540526,99999,-91.673,26.2146,99999,66,66,94,117,128,94,0,8041,1.16692018654014,26,-92,99999,99999,2026-07-27 08:16:52.000881,92.0999984741211,1.0332,0,"aoml_navis",1025.80771219439
"4903910",15,0,1,339,4,245,4,0.000742000003810972,3,99999,9,99999,94,1,22.048999786377,36.5909996032715,0.56701797246933,0.569977343082428,0.000742000003810972,99999,-91.673,26.2146,99999,66,66,94,117,128,94,0,8041,1.16692018654014,26,-92,99999,99999,2026-07-27 08:16:52.000881,94,1.0332,0,"aoml_navis",1025.8205705428
"4903910",15,0,1,265,4,171,4,0.000760000024456531,3,99999,9,99999,98,1,22.4150009155273,36.8279991149902,0.421829998493195,0.445557475090027,0.000760000024456531,99999,-91.673,26.2146,99999,66,66,94,117,128,94,0,8041,1.16692018654014,26,-92,99999,99999,2026-07-27 08:16:52.000881,98,1.0332,0,"aoml_navis",1025.91341477149
"4903910",15,0,1,260,4,166,4,0.000738999980967492,3,99999,9,99999,99.9000015258789,1,22.4150009155273,36.8580017089844,0.412019997835159,0.437150746583939,0.000738999980967492,99999,-91.673,26.2146,99999,66,66,94,117,128,94,0,8041,1.16692018654014,26,-92,99999,99999,2026-07-27 08:16:52.000881,99.9000015258789,1.0332,0,"aoml_navis",1025.94441243386
"4903910",15,0,1,251,4,157,4,0.000656999996863306,3,99999,9,99999,103.900001525879,1,22.2360000610352,36.851001739502,0.39436200261116,0.422018587589264,0.000656999996863306,99999,-91.673,26.2146,99999,66,66,94,117,128,94,0,8041,1.16692018654014,26,-92,99999,99999,2026-07-27 08:16:52.000881,103.900001525879,1.0332,0,"aoml_navis",1026.00767606716
"4903910",15,0,1,270,4,176,4,0.000780000002123415,3,99999,9,99999,106,1,21.7329998016357,36.7700004577637,0.43163999915123,0.453964233398438,0.000780000002123415,99999,-91.673,26.2146,99999,66,66,94,117,128,94,0,8041,1.16692018654014,26,-92,99999,99999,2026-07-27 08:16:52.000881,106,1.0332,0,"aoml_navis",1026.09794814828
"4903910",15,0,1,263,4,169,4,0.000744000019039959,3,99999,9,99999,108.099998474121,1,21.5890007019043,36.7299995422363,0.417905986309052,0.442194759845734,0.000744000019039959,99999,-91.673,26.2146,99999,66,66,94,117,128,94,0,8041,1.16692018654014,26,-92,99999,99999,2026-07-27 08:16:52.000881,108.099998474121,1.0332,0,"aoml_navis",1026.11710448077
"4903910",15,0,1,236,4,142,4,0.00067999999737367,3,99999,9,99999,112,1,21.3519992828369,36.7709999084473,0.364932000637054,0.396798342466354,0.00067999999737367,99999,-91.673,26.2146,99999,66,66,94,117,128,94,0,8041,1.16692018654014,26,-92,99999,99999,2026-07-27 08:16:52.000881,112,1.0332,0,"aoml_navis",1026.2314664384
"4903910",15,0,1,244,4,150,4,0.000694999995175749,3,99999,9,99999,113.900001525879,1,21.261999130249,36.7639999389648,0.380627989768982,0.410249143838882,0.000694999995175749,99999,-91.673,26.2146,99999,66,66,94,117,128,94,0,8041,1.16692018654014,26,-92,99999,99999,2026-07-27 08:16:52.000881,113.900001525879,1.0332,0,"aoml_navis",1026.25942709241
"4903910",15,0,1,244,4,150,4,0.000753999978769571,3,99999,9,99999,118,1,21.0319995880127,36.7449989318848,0.380627989768982,0.410249143838882,0.000753999978769571,99999,-91.673,26.2146,99999,66,66,94,117,128,94,0,8041,1.16692018654014,26,-92,99999,99999,2026-07-27 08:16:52.000881,118,1.0332,0,"aoml_navis",1026.32647073803
"4903910",15,0,1,246,4,152,4,0.000738999980967492,3,99999,9,99999,120,1,20.9120006561279,36.7290000915527,0.384552001953125,0.413611829280853,0.000738999980967492,99999,-91.673,26.2146,99999,66,66,94,117,128,94,0,8041,1.16692018654014,26,-92,99999,99999,2026-07-27 08:16:52.000881,120,1.0332,0,"aoml_navis",1026.35604566239
"4903910",15,0,1,254,4,160,4,0.000717999995686114,3,99999,9,99999,124,1,20.7900009155273,36.7270011901855,0.400247991085052,0.427062630653381,0.000717999995686114,99999,-91.673,26.2146,99999,66,66,94,117,128,94,0,8041,1.16692018654014,26,-92,99999,99999,2026-07-27 08:16:52.000881,124,1.0332,0,"aoml_navis",1026.40539174826
"4903910",15,0,1,229,4,135,4,0.000763999996706843,3,99999,9,99999,126,1,20.6270008087158,36.7480010986328,0.351197987794876,0.385028898715973,0.000763999996706843,99999,-91.673,26.2146,99999,66,66,94,117,128,94,0,8041,1.16692018654014,26,-92,99999,99999,2026-07-27 08:16:52.000881,126,1.0332,0,"aoml_navis",1026.47466953715
"4903910",15,0,1,212,4,118,4,0.000814999977592379,3,99999,9,99999,130.100006103516,1,20.4599990844727,36.7430000305176,0.31784400343895,0.356445968151093,0.000814999977592379,99999,-91.673,26.2146,99999,66,66,94,117,128,94,0,8041,1.16692018654014,26,-92,99999,99999,2026-07-27 08:16:52.000881,130.100006103516,1.0332,0,"aoml_navis",1026.53413517322
"4903910",15,0,1,192,4,98,4,0.000776999979279935,3,99999,9,99999,132,1,20.32200050354,36.7439994812012,0.278604000806808,0.322818994522095,0.000776999979279935,99999,-91.673,26.2146,99999,66,66,94,117,128,94,0,8041,1.16692018654014,26,-92,99999,99999,2026-07-27 08:16:52.000881,132,1.0332,0,"aoml_navis",1026.58056155765
"4903910",15,0,1,158,4,64,4,0.000745999976061285,3,99999,9,99999,136,1,19.9080009460449,36.6949996948242,0.211896002292633,0.265653133392334,0.000745999976061285,99999,-91.673,26.2146,99999,66,66,94,117,128,94,0,8041,1.16692018654014,26,-92,99999,99999,2026-07-27 08:16:52.000881,136,1.0332,0,"aoml_navis",1026.671882449
"4903910",15,0,1,154,4,60,4,0.000745999976061285,3,99999,9,99999,138,1,19.8449993133545,36.6860008239746,0.204047992825508,0.25892773270607,0.000745999976061285,99999,-91.673,26.2146,99999,66,66,94,117,128,94,0,8041,1.16692018654014,26,-92,99999,99999,2026-07-27 08:16:52.000881,138,1.0332,0,"aoml_navis",1026.69052721529
"4903910",15,0,1,138,4,44,4,0.000791999977082014,3,99999,9,99999,141.899993896484,1,19.6569995880127,36.6619987487793,0.172655999660492,0.232026159763336,0.000791999977082014,99999,-91.673,26.2146,99999,66,66,94,117,128,94,0,8041,1.16692018654014,26,-92,99999,99999,2026-07-27 08:16:52.000881,141.899993896484,1.0332,0,"aoml_navis",1026.7391559016
"4903910",15,0,1,138,4,44,4,0.000745999976061285,3,99999,9,99999,143.899993896484,1,19.6159992218018,36.6570014953613,0.172655999660492,0.232026159763336,0.000745999976061285,99999,-91.673,26.2146,99999,66,66,94,117,128,94,0,8041,1.16692018654014,26,-92,99999,99999,2026-07-27 08:16:52.000881,143.899993896484,1.0332,0,"aoml_navis",1026.75490512528
"4903910",15,0,1,138,4,44,4,0.000659000012092292,3,99999,9,99999,146,1,19.5659999847412,36.6500015258789,0.172655999660492,0.232026159763336,0.000659000012092292,99999,-91.673,26.2146,99999,66,66,94,117,128,94,0,8041,1.16692018654014,26,-92,99999,99999,2026-07-27 08:16:52.000881,146,1.0332,0,"aoml_navis",1026.7719273975
"4903910",15,0,1,142,4,48,4,0.00067699997453019,3,99999,9,99999,150,1,19.306999206543,36.6119995117188,0.180503994226456,0.238751545548439,0.00067699997453019,99999,-91.673,26.2146,99999,66,66,94,117,128,94,0,8041,1.16692018654014,26,-92,99999,99999,2026-07-27 08:16:52.000881,150,1.0332,0,"aoml_navis",1026.82851624078
"4903910",15,0,1,136,4,42,4,0.000705000013113022,3,99999,9,99999,152,1,19.2700004577637,36.6040000915527,0.16873200237751,0.228663444519043,0.000705000013113022,99999,-91.673,26.2146,99999,66,66,94,117,128,94,0,8041,1.16692018654014,26,-92,99999,99999,2026-07-27 08:16:52.000881,152,1.0332,0,"aoml_navis",1026.840811941
"4903910",15,0,1,157,4,63,4,0.000661000027321279,3,99999,9,99999,156,1,19.1149997711182,36.5849990844727,0.209933996200562,0.263971775770187,0.000661000027321279,99999,-91.673,26.2146,99999,66,66,94,117,128,94,0,8041,1.16692018654014,26,-92,99999,99999,2026-07-27 08:16:52.000881,156,1.0332,0,"aoml_navis",1026.88421912518
"4903910",15,0,1,156,4,62,4,0.000655999989248812,3,99999,9,99999,158,1,19.0009994506836,36.5610008239746,0.207972005009651,0.262290418148041,0.000655999989248812,99999,-91.673,26.2146,99999,66,66,94,117,128,94,0,8041,1.16692018654014,26,-92,99999,99999,2026-07-27 08:16:52.000881,158,1.0332,0,"aoml_navis",1026.90425672477
"4903910",15,0,1,154,4,60,4,0.000745999976061285,3,99999,9,99999,162,1,18.7980003356934,36.5429992675781,0.204047992825508,0.25892773270607,0.000745999976061285,99999,-91.673,26.2146,99999,66,66,94,117,128,94,0,8041,1.16692018654014,26,-92,99999,99999,2026-07-27 08:16:52.000881,162,1.0332,0,"aoml_navis",1026.96048022421
"4903910",15,0,1,145,4,51,4,0.000701999990269542,3,99999,9,99999,164.100006103516,1,18.7430000305176,36.5299987792969,0.186389997601509,0.243795603513718,0.000701999990269542,99999,-91.673,26.2146,99999,66,66,94,117,128,94,0,8041,1.16692018654014,26,-92,99999,99999,2026-07-27 08:16:52.000881,164.100006103516,1.0332,0,"aoml_navis",1026.97387709517
