"FLOAT_NUM","CYCLE_NUMBER","CHLA_FINAL","CHLA_FINAL_QC","CHLA_FLUORESCENCE","CHLA_FLUORESCENCE_QC","CHLA_FLUORESCENCE_ADJUSTED","CHLA_FLUORESCENCE_ADJUSTED_QC","BBP700_FINAL","BBP700_FINAL_QC","DOXY_FINAL","DOXY_FINAL_QC","DOXY_ADJUSTED_ERROR","PRES","PRES_QC","TEMP","PSAL","CHLA","CHLA_ADJUSTED","BBP700","DOXY","LONGITUDE","LATITUDE","MLD","MIN_FLUOCHLA_CYCLE1","MIN_FLUOCHLA_CYCLE2","MIN_FLUOCHLA_CYCLE3","MIN_FLUOCHLA_CYCLE4","MIN_FLUOCHLA_CYCLE5","MEDIAN_FIRST5","CHLA_NOLUT","NEAREST_INDICES","PHYSIO_RATIO","MATCHED_LAT","MATCHED_LON","SCALE_CHLA","DARK_CHLA","DATE_TIME","PRES_ADJUSTED","DOXY_SLOPE","DOXY_DRIFT","FLOAT_TYPE","DENSITY"
"3902693",2,0.0746989070278969,5,0.1314,1,0.0876,1,0.00101000000722706,1,191.704156204224,1,1.95586726348164,7.55999994277954,1,27.6504001617432,35.0311012268066,0.131400004029274,0.479317992925644,0.00101000000722706,183.853607177734,-92.905,26.2209,9.83523356352051,52,51,51,52,52,52,0.0876,8040,1.1727079215133,26,-93,0.0073,46,2026-05-31 23:19:53.002495,7.55999994277954,1.0427,0,"aoml_apex",1022.56427997051
"3902693",2,0.0809238159468883,1,0.1387,1,0.0949,1,0.000852999975904822,1,192.219348902893,1,1.9556465281746,11.8000001907349,1,27.3474998474121,35.030200958252,0.138699993491173,0.479317992925644,0.000852999975904822,184.347702026367,-92.905,26.2209,9.83523356352051,52,51,51,52,52,52,0.0949,8040,1.1727079215133,26,-93,0.0073,46,2026-05-31 23:19:53.002495,11.8000001907349,1.0427,0,"aoml_apex",1022.67969757643
"3902693",2,0.062249089189914,1,0.1168,1,0.073,1,0.00068300002021715,1,193.374550912476,1,1.95390601570114,16.7900009155273,1,26.636999130249,35.9091987609863,0.116800002753735,0.479317992925644,0.00068300002021715,185.455596923828,-92.905,26.2209,9.83523356352051,52,51,51,52,52,52,0.073,8040,1.1727079215133,26,-93,0.0073,46,2026-05-31 23:19:53.002495,16.7900009155273,1.0427,0,"aoml_apex",1023.59068651637
"3902693",2,0.0746989070278969,1,0.1314,1,0.0876,1,0.000705000013113022,1,191.235564889526,1,1.95283516724788,21.9699993133545,1,26.0863990783691,36.3930015563965,0.131400004029274,0.479317992925644,0.000705000013113022,183.404205322266,-92.905,26.2209,9.83523356352051,52,51,51,52,52,52,0.0876,8040,1.1727079215133,26,-93,0.0073,46,2026-05-31 23:19:53.002495,21.9699993133545,1.0427,0,"aoml_apex",1024.15197838668
"3902693",2,0.0746989070278969,1,0.1314,1,0.0876,1,0.000682000012602657,1,199.374674000549,1,1.95232968945458,26.9599990844727,1,25.4543991088867,36.4546012878418,0.131400004029274,0.479317992925644,0.000682000012602657,191.210006713867,-92.905,26.2209,9.83523356352051,52,51,51,52,52,52,0.0876,8040,1.1727079215133,26,-93,0.0073,46,2026-05-31 23:19:53.002495,26.9599990844727,1.0427,0,"aoml_apex",1024.41714163489
"3902693",2,0.105823451622854,1,0.1679,1,0.1241,1,0.000714999972842634,1,200.516320401001,1,1.95178732315049,31.8600006103516,1,24.6940994262695,36.494701385498,0.167899996042252,0.479317992925644,0.000714999972842634,192.304901123047,-92.905,26.2209,9.83523356352051,52,51,51,52,52,52,0.1241,8040,1.1727079215133,26,-93,0.0073,46,2026-05-31 23:19:53.002495,31.8600006103516,1.0427,0,"aoml_apex",1024.70180858214
"3902693",2,0.136947996217811,1,0.2044,1,0.1606,1,0.000737999973352998,1,198.092348379517,1,1.95142620780102,36.9300003051758,1,24.2959995269775,36.557300567627,0.20440000295639,0.479317992925644,0.000737999973352998,189.980194091797,-92.905,26.2209,9.83523356352051,52,51,51,52,52,52,0.1606,8040,1.1727079215133,26,-93,0.0073,46,2026-05-31 23:19:53.002495,36.9300003051758,1.0427,0,"aoml_apex",1024.89143171533
"3902693",2,0.305020537030579,1,0.4015,1,0.3577,1,0.000770999991800636,1,194.776983685303,1,1.95118340331793,41.8300018310547,1,23.8360004425049,36.5161018371582,0.40149998664856,0.479317992925644,0.000770999991800636,186.800598144531,-92.905,26.2209,9.83523356352051,52,51,51,52,52,52,0.3577,8040,1.1727079215133,26,-93,0.0073,46,2026-05-31 23:19:53.002495,41.8300018310547,1.0427,0,"aoml_apex",1025.01896879558
"3902693",2,0.379719444058476,1,0.4891,1,0.4453,1,0.00194600003305823,1,192.901170585632,1,1.95103621818981,46.6599998474121,1,23.5133991241455,36.464599609375,0.489100009202957,0.479317992925644,0.00194600003305823,185.001602172852,-92.905,26.2209,9.83523356352051,52,51,51,52,52,52,0.4453,8040,1.1727079215133,26,-93,0.0073,46,2026-05-31 23:19:53.002495,46.6599998474121,1.0427,0,"aoml_apex",1025.096295678
"3902693",2,0.572691620547209,1,0.7154,1,0.6716,1,0.000916999997571111,1,191.680274784851,1,1.95082946665951,51.8499984741211,1,23.0846996307373,36.4126014709473,0.715399980545044,0.479317992925644,0.000916999997571111,183.830703735352,-92.905,26.2209,9.83523356352051,52,51,51,52,52,52,0.6716,8040,1.1727079215133,26,-93,0.0073,46,2026-05-31 23:19:53.002495,51.8499984741211,1.0427,0,"aoml_apex",1025.20493676195
"3902693",2,0.765663797035943,1,0.9417,1,0.8979,1,0.00125199998728931,1,185.559519503784,1,1.9506383407534,56.8899993896484,1,22.8717002868652,36.434700012207,0.941699981689453,0.479317992925644,0.00125199998728931,177.960601806641,-92.905,26.2209,9.83523356352051,52,51,51,52,52,52,0.8979,8040,1.1727079215133,26,-93,0.0073,46,2026-05-31 23:19:53.002495,56.8899993896484,1.0427,0,"aoml_apex",1025.30538758278
"3902693",2,0.44196853324839,1,0.5621,1,0.5183,1,0.00107300002127886,1,171.346049661255,1,1.95044331241528,61.5900001525879,1,22.8719005584717,36.543098449707,0.562099993228912,0.479317992925644,0.00107300002127886,164.329193115234,-92.905,26.2209,9.83523356352051,52,51,51,52,52,52,0.5183,8040,1.1727079215133,26,-93,0.0073,46,2026-05-31 23:19:53.002495,61.5900001525879,1.0427,0,"aoml_apex",1025.4079097143
"3902693",2,0.323695263787553,1,0.4234,1,0.3796,1,0.00128500000573695,1,165.067543365479,1,1.95027961554533,66.9400024414062,1,22.6874008178711,36.5556983947754,0.423400014638901,0.361044734716415,0.00128500000573695,158.307800292969,-92.905,26.2209,9.83523356352051,52,51,51,52,52,52,0.3796,8040,1.1727079215133,26,-93,0.0073,46,2026-05-31 23:19:53.002495,66.9400024414062,1.0427,0,"aoml_apex",1025.4939774063
"3902693",2,0.280120901354613,1,0.3723,1,0.3285,1,0.00161000003572553,1,157.235090135193,1,1.95003528411534,71.9599990844727,1,22.3726997375488,36.5772018432617,0.372299998998642,0.317470341920853,0.00161000003572553,150.796096801758,-92.905,26.2209,9.83523356352051,52,51,51,52,52,52,0.3285,8040,1.1727079215133,26,-93,0.0073,46,2026-05-31 23:19:53.002495,71.9599990844727,1.0427,0,"aoml_apex",1025.62246759926
"3902693",2,0.211646903245708,1,0.292,1,0.2482,1,0.00152000004891306,1,150.414995887756,1,1.94981652168325,76.8300018310547,1,22.0443992614746,36.5778007507324,0.291999995708466,0.24899634718895,0.00152000004891306,144.255294799805,-92.905,26.2209,9.83523356352051,52,51,51,52,52,52,0.2482,8040,1.1727079215133,26,-93,0.0073,46,2026-05-31 23:19:53.002495,76.8300018310547,1.0427,0,"aoml_apex",1025.73753876771
"3902693",2,0.168072540812768,1,0.2409,1,0.1971,1,0.00103899999521673,1,147.889484080505,1,1.94949615278188,81.870002746582,1,21.4699001312256,36.5582008361816,0.240899994969368,0.20542199909687,0.00103899999521673,141.833206176758,-92.905,26.2209,9.83523356352051,52,51,51,52,52,52,0.1971,8040,1.1727079215133,26,-93,0.0073,46,2026-05-31 23:19:53.002495,81.870002746582,1.0427,0,"aoml_apex",1025.90610253119
"3902693",2,0.112048360541845,1,0.1752,1,0.1314,1,0.000826000003144145,1,144.666081147766,1,1.94925421834204,86.6800003051758,1,21.277099609375,36.6276016235352,0.175200000405312,0.149397820234299,0.000826000003144145,138.741806030273,-92.905,26.2209,9.83523356352051,52,51,51,52,52,52,0.1314,8040,1.1727079215133,26,-93,0.0073,46,2026-05-31 23:19:53.002495,86.6800003051758,1.0427,0,"aoml_apex",1026.03343431578
"3902693",2,0.149397814055794,1,0.219,1,0.1752,1,0.000781000009737909,1,130.910988182068,1,1.94903612983235,91.6500015258789,1,20.9179992675781,36.619800567627,0.218999996781349,0.186747282743454,0.000781000009737909,125.550003051758,-92.905,26.2209,9.83523356352051,52,51,51,52,52,52,0.1752,8040,1.1727079215133,26,-93,0.0073,46,2026-05-31 23:19:53.002495,91.6500015258789,1.0427,0,"aoml_apex",1026.14824291227
"3902693",2,0.130723087298819,1,0.1971,1,0.1533,1,0.000769999984186143,1,126.543218180847,1,1.94872422827418,96.8600006103516,1,20.2999000549316,36.5848007202148,0.19709999859333,0.168072536587715,0.000769999984186143,121.361099243164,-92.905,26.2209,9.83523356352051,52,51,51,52,52,52,0.1533,8040,1.1727079215133,26,-93,0.0073,46,2026-05-31 23:19:53.002495,96.8600006103516,1.0427,0,"aoml_apex",1026.31248228038
"3902693",2,0.168072540812768,1,0.2409,1,0.1971,1,0.000467000005301088,1,119.805189463806,1,1.9484492874045,101.73999786377,1,19.6709995269775,36.5265998840332,0.240899994969368,0.20542199909687,0.000467000005301088,114.899002075195,-92.905,26.2209,9.83523356352051,52,51,51,52,52,52,0.1971,8040,1.1727079215133,26,-93,0.0073,46,2026-05-31 23:19:53.002495,101.73999786377,1.0427,0,"aoml_apex",1026.45730270156
"3902693",2,0.155622722974785,1,0.2263,1,0.1825,1,0.000533999991603196,1,122.859155237579,1,1.94799817771289,111.910003662109,1,18.9001007080078,36.515998840332,0.226300001144409,0.192972183227539,0.000533999991603196,117.827903747559,-92.905,26.2209,9.83523356352051,52,51,51,52,52,52,0.1825,8040,1.1727079215133,26,-93,0.0073,46,2026-05-31 23:19:53.002495,111.910003662109,1.0427,0,"aoml_apex",1026.69500561246
"3902693",2,0.112048360541845,1,0.1752,1,0.1314,1,0.000868999981321394,1,121.757642668152,1,1.94766890661815,121.589996337891,1,18.1940994262695,36.4520988464355,0.175200000405312,0.149397820234299,0.000868999981321394,116.771499633789,-92.905,26.2209,9.83523356352051,52,51,51,52,52,52,0.1314,8040,1.1727079215133,26,-93,0.0073,46,2026-05-31 23:19:53.002495,121.589996337891,1.0427,0,"aoml_apex",1026.86857771566
"3902693",2,0.0746989070278969,1,0.1314,1,0.0876,1,0.000510999991092831,1,121.1198210289,1,1.9473791888098,131.619995117188,1,17.4568004608154,36.3544998168945,0.131400004029274,0.112048365175724,0.000510999991092831,116.159797668457,-92.905,26.2209,9.83523356352051,52,51,51,52,52,52,0.0876,8040,1.1727079215133,26,-93,0.0073,46,2026-05-31 23:19:53.002495,131.619995117188,1.0427,0,"aoml_apex",1027.02134822667
"3902693",2,0.0435743624329398,1,0.0949,1,0.0511,1,0.000522000016644597,1,122.165862200165,1,1.94716968147151,141.559997558594,1,16.9776000976562,36.2893981933594,0.0948999971151352,0.080923818051815,0.000522000016644597,117.16300201416,-92.905,26.2209,9.83523356352051,52,51,51,52,52,52,0.0511,8040,1.1727079215133,26,-93,0.0073,46,2026-05-31 23:19:53.002495,141.559997558594,1.0427,0,"aoml_apex",1027.1318514412
"3902693",2,0.0186747267569742,1,0.0657,1,0.0219,1,0.00047699999413453,1,117.720099715424,1,1.94699835603583,151.729995727539,1,16.5956993103027,36.2294998168945,0.065700002014637,0.056024182587862,0.00047699999413453,112.899299621582,-92.905,26.2209,9.83523356352051,52,51,51,52,52,52,0.0219,8040,1.1727079215133,26,-93,0.0073,46,2026-05-31 23:19:53.002495,151.729995727539,1.0427,0,"aoml_apex",1027.22223354727
"3902693",2,0.0186747267569742,1,0.0657,1,0.0219,1,0.000510999991092831,1,115.775466442871,1,1.94684376218184,161.169998168945,1,16.2479991912842,36.1744003295898,0.065700002014637,0.056024182587862,0.000510999991092831,111.034301757812,-92.905,26.2209,9.83523356352051,52,51,51,52,52,52,0.0219,8040,1.1727079215133,26,-93,0.0073,46,2026-05-31 23:19:53.002495,161.169998168945,1.0427,0,"aoml_apex",1027.30380262183
"3902693",2,0,1,0.0438,1,0,1,0.000567000010050833,1,113.558583398437,1,1.94668576587874,171.830001831055,1,15.9309997558594,36.125301361084,0.0438000001013279,0.0373494550585747,0.000567000010050833,108.908203125,-92.905,26.2209,9.83523356352051,52,51,51,52,52,52,0,8040,1.1727079215133,26,-93,0.0073,46,2026-05-31 23:19:53.002495,171.830001831055,1.0427,0,"aoml_apex",1027.38718033272
"3902693",2,0,1,0.0438,1,0,1,0.000554999976884574,1,113.493414648437,1,1.94652813232291,181.350006103516,1,15.5600996017456,36.0675010681152,0.0438000001013279,0.0373494550585747,0.000554999976884574,108.845703125,-92.905,26.2209,9.83523356352051,52,51,51,52,52,52,0,8040,1.1727079215133,26,-93,0.0073,46,2026-05-31 23:19:53.002495,181.350006103516,1.0427,0,"aoml_apex",1027.47038010351
"3902693",2,0,1,0.0438,1,0,1,0.000600000028498471,1,112.108809410858,1,1.9463534262994,191.240005493164,1,15.1089000701904,35.9972991943359,0.0438000001013279,0.0373494550585747,0.000600000028498471,107.517799377441,-92.905,26.2209,9.83523356352051,52,51,51,52,52,52,0,8040,1.1727079215133,26,-93,0.0073,46,2026-05-31 23:19:53.002495,191.240005493164,1.0427,0,"aoml_apex",1027.56260655219
"3902693",2,0,1,0.0438,1,0,1,0.000453999993624166,1,113.182995972443,1,1.94620411940451,201.610000610352,1,14.7822999954224,35.9452018737793,0.0438000001013279,0.0373494550585747,0.000453999993624166,108.547996520996,-92.905,26.2209,9.83523356352051,52,51,51,52,52,52,0,8040,1.1727079215133,26,-93,0.0073,46,2026-05-31 23:19:53.002495,201.610000610352,1.0427,0,"aoml_apex",1027.64143804811
"3902693",2,0,1,0.0365,1,-0.0073,1,0.000453999993624166,1,111.32699124527,1,1.94608352722619,211.100006103516,1,14.5645999908447,35.9108009338379,0.0364999994635582,0.0311245433986187,0.000453999993624166,106.767997741699,-92.905,26.2209,9.83523356352051,52,51,51,52,52,52,0,8040,1.1727079215133,26,-93,0.0073,46,2026-05-31 23:19:53.002495,211.100006103516,1.0427,0,"aoml_apex",1027.70511749342
"3902693",2,0,1,0.0511,1,0.0073,1,0.000409000000217929,1,114.8233758255,1,1.94592419829567,221.839996337891,1,14.1746997833252,35.847599029541,0.0511000007390976,0.0435743629932404,0.000409000000217929,110.121200561523,-92.905,26.2209,9.83523356352051,52,51,51,52,52,52,0,8040,1.1727079215133,26,-93,0.0073,46,2026-05-31 23:19:53.002495,221.839996337891,1.0427,0,"aoml_apex",1027.78926422298
"3902693",2,0,1,0.0438,1,0,1,0.000498000008519739,1,114.453945700836,1,1.94578705083239,231.759994506836,1,13.8296003341675,35.7881011962891,0.0438000001013279,0.0373494550585747,0.000498000008519739,109.766899108887,-92.905,26.2209,9.83523356352051,52,51,51,52,52,52,0,8040,1.1727079215133,26,-93,0.0073,46,2026-05-31 23:19:53.002495,231.759994506836,1.0427,0,"aoml_apex",1027.86170724305
"3902693",2,0,1,0.0438,1,0,1,0.000441999989561737,1,110.787081834412,1,1.94563349158863,241.889999389648,1,13.4636001586914,35.7342987060547,0.0438000001013279,0.0373494550585747,0.000441999989561737,106.250198364258,-92.905,26.2209,9.83523356352051,52,51,51,52,52,52,0,8040,1.1727079215133,26,-93,0.0073,46,2026-05-31 23:19:53.002495,241.889999389648,1.0427,0,"aoml_apex",1027.94283129192
"3902693",2,0,1,0.0438,1,0,1,0.000441999989561737,1,110.10432144165,1,1.94552139784039,251.220001220703,1,13.2582998275757,35.7015991210938,0.0438000001013279,0.0373494550585747,0.000441999989561737,105.595397949219,-92.905,26.2209,9.83523356352051,52,51,51,52,52,52,0,8040,1.1727079215133,26,-93,0.0073,46,2026-05-31 23:19:53.002495,251.220001220703,1.0427,0,"aoml_apex",1028.00205755644
"3902693",2,0,1,0.0511,1,0.0073,1,0.000452999986009672,1,108.936916201782,1,1.94538208549916,261.700012207031,1,12.9674997329712,35.6585006713867,0.0511000007390976,0.0435743629932404,0.000452999986009672,104.475799560547,-92.905,26.2209,9.83523356352051,52,51,51,52,52,52,0,8040,1.1727079215133,26,-93,0.0073,46,2026-05-31 23:19:53.002495,261.700012207031,1.0427,0,"aoml_apex",1028.07567464919
"3902693",2,0,1,0.0438,1,0,1,0.000429999985499308,1,109.334292837524,1,1.94527688454699,271.279998779297,1,12.7444000244141,35.6161003112793,0.0438000001013279,0.0373494550585747,0.000429999985499308,104.856903076172,-92.905,26.2209,9.83523356352051,52,51,51,52,52,52,0,8040,1.1727079215133,26,-93,0.0073,46,2026-05-31 23:19:53.002495,271.279998779297,1.0427,0,"aoml_apex",1028.13127318158
"3902693",2,0,1,0.0438,1,0,1,0.000464000011561438,1,109.431990276337,1,1.94515166149189,281.019989013672,1,12.4975004196167,35.5807991027832,0.0438000001013279,0.0373494550585747,0.000464000011561438,104.95059967041,-92.905,26.2209,9.83523356352051,52,51,51,52,52,52,0,8040,1.1727079215133,26,-93,0.0073,46,2026-05-31 23:19:53.002495,281.019989013672,1.0427,0,"aoml_apex",1028.19746120261
"3902693",2,0,1,0.0511,1,0.0073,1,0.000497000000905246,1,106.384070431519,1,1.94502365006073,290.970001220703,1,12.2487001419067,35.5463981628418,0.0511000007390976,0.0435743629932404,0.000497000000905246,102.027496337891,-92.905,26.2209,9.83523356352051,52,51,51,52,52,52,0,8040,1.1727079215133,26,-93,0.0073,46,2026-05-31 23:19:53.002495,290.970001220703,1.0427,0,"aoml_apex",1028.26513185974
"3902693",2,0,1,0.0438,1,0,1,0.000518999993801117,1,105.788904412079,1,1.94489620333771,301.029998779297,1,11.9874000549316,35.5084991455078,0.0438000001013279,0.0373494550585747,0.000518999993801117,101.456703186035,-92.905,26.2209,9.83523356352051,52,51,51,52,52,52,0,8040,1.1727079215133,26,-93,0.0073,46,2026-05-31 23:19:53.002495,301.029998779297,1.0427,0,"aoml_apex",1028.3325128445
"3902693",2,0,1,0.0511,1,0.0073,1,0.00048600000445731,1,107.979511531067,1,1.94477153521771,311.239990234375,1,11.6606998443604,35.4522018432617,0.0511000007390976,0.0435743629932404,0.00048600000445731,103.557601928711,-92.905,26.2209,9.83523356352051,52,51,51,52,52,52,0,8040,1.1727079215133,26,-93,0.0073,46,2026-05-31 23:19:53.002495,311.239990234375,1.0427,0,"aoml_apex",1028.39843332863
"3902693",2,0,1,0.0511,1,0.0073,1,0.00044000000343658,1,108.909701566315,1,1.94462222628451,321.350006103516,1,11.2782001495361,35.4007987976074,0.0511000007390976,0.0435743629932404,0.00044000000343658,104.449699401855,-92.905,26.2209,9.83523356352051,52,51,51,52,52,52,0,8040,1.1727079215133,26,-93,0.0073,46,2026-05-31 23:19:53.002495,321.350006103516,1.0427,0,"aoml_apex",1028.47739420386
"3902693",2,0,1,0.0438,1,0,1,0.000507000018842518,1,108.308895331573,1,1.9445195382716,331.519989013672,1,11.1008996963501,35.3688011169434,0.0438000001013279,0.0373494550585747,0.000507000018842518,103.873497009277,-92.905,26.2209,9.83523356352051,52,51,51,52,52,52,0,8040,1.1727079215133,26,-93,0.0073,46,2026-05-31 23:19:53.002495,331.519989013672,1.0427,0,"aoml_apex",1028.53170700342
"3902693",2,0,1,0.0584,1,0.0146,1,0.000450999999884516,1,107.611958826447,1,1.94440534383686,341.799987792969,1,10.898099899292,35.3381996154785,0.0584000013768673,0.049799270927906,0.000450999999884516,103.205101013184,-92.905,26.2209,9.83523356352051,52,51,51,52,52,52,0,8040,1.1727079215133,26,-93,0.0073,46,2026-05-31 23:19:53.002495,341.799987792969,1.0427,0,"aoml_apex",1028.5921124108
"3902693",2,0,1,0.0511,1,0.0073,1,0.000429000006988645,1,106.10952957077,1,1.94429243785139,350.920013427734,1,10.7059001922607,35.3163986206055,0.0511000007390976,0.0435743629932404,0.000429000006988645,101.764198303223,-92.905,26.2209,9.83523356352051,52,51,51,52,52,52,0,8040,1.1727079215133,26,-93,0.0073,46,2026-05-31 23:19:53.002495,350.920013427734,1.0427,0,"aoml_apex",1028.65184324338
"3902693",2,0,1,0.0511,1,0.0073,1,0.000429000006988645,1,104.997699146271,1,1.94418658126439,360.029998779297,1,10.5345001220703,35.2952003479004,0.0511000007390976,0.0435743629932404,0.000429000006988645,100.697898864746,-92.905,26.2209,9.83523356352051,52,51,51,52,52,52,0,8040,1.1727079215133,26,-93,0.0073,46,2026-05-31 23:19:53.002495,360.029998779297,1.0427,0,"aoml_apex",1028.70785102287
"3902693",2,0,1,0.0511,1,0.0073,1,0.000417000002926216,1,103.534274087524,1,1.94393156836494,381.320007324219,1,10.0902004241943,35.242000579834,0.0511000007390976,0.0435743629932404,0.000417000002926216,99.2944030761719,-92.905,26.2209,9.83523356352051,52,51,51,52,52,52,0,8040,1.1727079215133,26,-93,0.0073,46,2026-05-31 23:19:53.002495,381.320007324219,1.0427,0,"aoml_apex",1028.84280112917
"3902693",2,0,1,0.0511,1,0.0073,1,0.000438999995822087,1,102.855992455292,1,1.943710363332,401.630004882812,1,9.77810001373291,35.2037010192871,0.0511000007390976,0.0435743629932404,0.000438999995822087,98.6438980102539,-92.905,26.2209,9.83523356352051,52,51,51,52,52,52,0,8040,1.1727079215133,26,-93,0.0073,46,2026-05-31 23:19:53.002495,401.630004882812,1.0427,0,"aoml_apex",1028.95988915319
"3902693",2,0,1,0.0438,1,0,1,0.000404999998863786,1,104.594698205566,1,1.94315524325148,451.209991455078,1,8.90520000457764,35.1007995605469,0.0438000001013279,0.0373494550585747,0.000404999998863786,100.311401367188,-92.905,26.2209,9.83523356352051,52,51,51,52,52,52,0,8040,1.1727079215133,26,-93,0.0073,46,2026-05-31 23:19:53.002495,451.209991455078,1.0427,0,"aoml_apex",1029.2538421446
"3902693",2,0,1,0.0511,1,0.0073,1,0.000437000009696931,1,108.201810792541,1,1.94262247313618,501.790008544922,1,8.27169990539551,35.0353012084961,0.0511000007390976,0.0435743629932404,0.000437000009696931,103.770797729492,-92.905,26.2209,9.83523356352051,52,51,51,52,52,52,0,8040,1.1727079215133,26,-93,0.0073,46,2026-05-31 23:19:53.002495,501.790008544922,1.0427,0,"aoml_apex",1029.53611813786
"3902693",2,0,1,0.0511,1,0.0073,1,0.000368999986676499,1,113.077064933014,1,1.942087024615,551.419982910156,1,7.63579988479614,34.980899810791,0.0511000007390976,0.0435743629932404,0.000368999986676499,108.446403503418,-92.905,26.2209,9.83523356352051,52,51,51,52,52,52,0,8040,1.1727079215133,26,-93,0.0073,46,2026-05-31 23:19:53.002495,551.419982910156,1.0427,0,"aoml_apex",1029.81996926553
"3902693",2,0,1,0.0584,1,0.0146,1,0.000425000005634502,1,118.705554314423,1,1.94155909234452,601.640014648438,1,7.14459991455078,34.9505996704102,0.0584000013768673,0.049799270927906,0.000425000005634502,113.844398498535,-92.905,26.2209,9.83523356352051,52,51,51,52,52,52,0,8040,1.1727079215133,26,-93,0.0073,46,2026-05-31 23:19:53.002495,601.640014648438,1.0427,0,"aoml_apex",1030.09998917154
"3902693",2,0,1,0.0511,1,0.0073,1,0.000413000001572073,1,124.065660136414,1,1.94104510670434,651.510009765625,1,6.75500011444092,34.9347991943359,0.0511000007390976,0.0435743629932404,0.000413000001572073,118.985000610352,-92.905,26.2209,9.83523356352051,52,51,51,52,52,52,0,8040,1.1727079215133,26,-93,0.0073,46,2026-05-31 23:19:53.002495,651.510009765625,1.0427,0,"aoml_apex",1030.37275800136
"3902693",2,0,1,0.0511,1,0.0073,1,0.000523999973665923,1,129.227125371552,1,1.94054590611484,701.030029296875,1,6.45329999923706,34.9291000366211,0.0511000007390976,0.0435743629932404,0.000523999973665923,123.935096740723,-92.905,26.2209,9.83523356352051,52,51,51,52,52,52,0,8040,1.1727079215133,26,-93,0.0073,46,2026-05-31 23:19:53.002495,701.030029296875,1.0427,0,"aoml_apex",1030.63781882089
"3902693",2,0,1,0.0511,1,0.0073,1,0.000613000011071563,1,134.329785992432,1,1.94004414896551,751.409973144531,1,6.19040012359619,34.9282989501953,0.0511000007390976,0.0435743629932404,0.000613000011071563,128.828796386719,-92.905,26.2209,9.83523356352051,52,51,51,52,52,52,0,8040,1.1727079215133,26,-93,0.0073,46,2026-05-31 23:19:53.002495,751.409973144531,1.0427,0,"aoml_apex",1030.90437455584
"3902693",2,0,1,0.0584,1,0.0146,1,0.00039999998989515,1,140.035965560913,1,1.93954045425769,801.799987792969,1,5.93219995498657,34.9303016662598,0.0584000013768673,0.049799270927906,0.00039999998989515,134.301300048828,-92.905,26.2209,9.83523356352051,52,51,51,52,52,52,0,8040,1.1727079215133,26,-93,0.0073,46,2026-05-31 23:19:53.002495,801.799987792969,1.0427,0,"aoml_apex",1031.17209832339
"3902693",2,0,1,0.0511,1,0.0073,1,0.000388999993447214,1,148.089779342651,1,1.93902205211811,851.580017089844,1,5.62230014801025,34.9370002746582,0.0511000007390976,0.0435743629932404,0.000388999993447214,142.025299072266,-92.905,26.2209,9.83523356352051,52,51,51,52,52,52,0,8040,1.1727079215133,26,-93,0.0073,46,2026-05-31 23:19:53.002495,851.580017089844,1.0427,0,"aoml_apex",1031.44778462693
"3902693",2,0,1,0.0584,1,0.0146,1,0.000444000004790723,1,157.245829614258,1,1.93850000796243,900.919982910156,1,5.28329992294312,34.9444007873535,0.0584000013768673,0.049799270927906,0.000444000004790723,150.806396484375,-92.905,26.2209,9.83523356352051,52,51,51,52,52,52,0,8040,1.1727079215133,26,-93,0.0073,46,2026-05-31 23:19:53.002495,900.919982910156,1.0427,0,"aoml_apex",1031.72555676294
"3902693",2,0,1,0.0511,1,0.0073,1,0.000432000000728294,1,163.810562915039,1,1.93800068232562,951.599975585938,1,5.07019996643066,34.9519996643066,0.0511000007390976,0.0435743629932404,0.000432000000728294,157.102294921875,-92.905,26.2209,9.83523356352051,52,51,51,52,52,52,0,8040,1.1727079215133,26,-93,0.0073,46,2026-05-31 23:19:53.002495,951.599975585938,1.0427,0,"aoml_apex",1031.99138072541
"3902693",2,0,1,0.0511,1,0.0073,1,0.000365000014426187,1,170.289698590088,1,1.93753876840741,998.950012207031,1,4.875,34.9570999145508,0.0511000007390976,0.0435743629932404,0.000365000014426187,163.316101074219,-92.905,26.2209,9.83523356352051,52,51,51,52,52,52,0,8040,1.1727079215133,26,-93,0.0073,46,2026-05-31 23:19:53.002495,998.950012207031,1.0427,0,"aoml_apex",1032.23740996105
"3902693",2,0,1,0.0584,1,0.0146,1,0.000342000013915822,1,182.46311289978,1,1.93658058223262,1099.66003417969,1,4.55840015411377,34.9700012207031,0.0584000013768673,0.049799270927906,0.000342000013915822,174.990997314453,-92.905,26.2209,9.83523356352051,52,51,51,52,52,52,0,8040,1.1727079215133,26,-93,0.0073,46,2026-05-31 23:19:53.002495,1099.66003417969,1.0427,0,"aoml_apex",1032.74814296354
"3902693",2,0,1,0.0511,1,0.0073,1,0.000385999999707565,1,189.66327333374,1,1.93567698131528,1199.72998046875,1,4.39410018920898,34.9775009155273,0.0511000007390976,0.0435743629932404,0.000385999999707565,181.896301269531,-92.905,26.2209,9.83523356352051,52,51,51,52,52,52,0,8040,1.1727079215133,26,-93,0.0073,46,2026-05-31 23:19:53.002495,1199.72998046875,1.0427,0,"aoml_apex",1033.23024415004
"3902693",2,0,1,0.0511,1,0.0073,1,0.000385999999707565,1,192.981135951233,1,1.93480608129144,1300.06994628906,1,4.33190011978149,34.9804992675781,0.0511000007390976,0.0435743629932404,0.000385999999707565,185.07829284668,-92.905,26.2209,9.83523356352051,52,51,51,52,52,52,0,8040,1.1727079215133,26,-93,0.0073,46,2026-05-31 23:19:53.002495,1300.06994628906,1.0427,0,"aoml_apex",1033.69532447668
"3902693",2,0,1,0.0584,1,0.0146,1,0.000385999999707565,1,195.398330168152,1,1.93394742863503,1400,1,4.29209995269775,34.9830017089844,0.0584000013768673,0.049799270927906,0.000385999999707565,187.396499633789,-92.905,26.2209,9.83523356352051,52,51,51,52,52,52,0,8040,1.1727079215133,26,-93,0.0073,46,2026-05-31 23:19:53.002495,1400,1.0427,0,"aoml_apex",1034.15427450972
"3902693",2,0,1,0.0511,1,0.0073,1,0.000464000011561438,1,197.34505565033,1,1.93310104484766,1499.23999023438,1,4.26310014724731,34.9846000671387,0.0511000007390976,0.0435743629932404,0.000464000011561438,189.26350402832,-92.905,26.2209,9.83523356352051,52,51,51,52,52,52,0,8040,1.1727079215133,26,-93,0.0073,46,2026-05-31 23:19:53.002495,1499.23999023438,1.0427,0,"aoml_apex",1034.60706584927
"3902693",2,0,1,0.0511,1,0.0073,1,0.000631999981123954,1,198.090996000671,1,1.93225759334635,1599.23999023438,1,4.25729990005493,34.9856986999512,0.0511000007390976,0.0435743629932404,0.000631999981123954,189.978897094727,-92.905,26.2209,9.83523356352051,52,51,51,52,52,52,0,8040,1.1727079215133,26,-93,0.0073,46,2026-05-31 23:19:53.002495,1599.23999023438,1.0427,0,"aoml_apex",1035.05868311085
"3902693",2,0,1,0.0511,1,0.0073,1,0.000989999971352518,1,198.946224472046,1,1.93141165573281,1699.91003417969,1,4.25229978561401,34.986499786377,0.0511000007390976,0.0435743629932404,0.000989999971352518,190.799102783203,-92.905,26.2209,9.83523356352051,52,51,51,52,52,52,0,8040,1.1727079215133,26,-93,0.0073,46,2026-05-31 23:19:53.002495,1699.91003417969,1.0427,0,"aoml_apex",1035.51202772521
"3902693",2,0,1,0.0438,1,0,1,0.000699000025633723,1,199.319306019592,1,1.93058210192907,1799.13000488281,1,4.2532000541687,34.9872016906738,0.0438000001013279,0.0373494550585747,0.000699000025633723,191.15690612793,-92.905,26.2209,9.83523356352051,52,51,51,52,52,52,0,8040,1.1727079215133,26,-93,0.0073,46,2026-05-31 23:19:53.002495,1799.13000488281,1.0427,0,"aoml_apex",1035.95697795062
"3902693",3,0.0809238159468883,1,0.1387,1,0.0949,1,0.000865000009071082,1,187.137331947327,1,1.95742776432138,7.90999984741211,1,28.7325992584229,34.4168014526367,0.138699993491173,0.11827328056097,0.000865000009071082,179.47380065918,-93.1809,26.2953,9.53715195631633,52,51,51,52,52,52,0.0949,8040,1.1727079215133,26,-93,0.0073,46,2026-06-11 07:19:05.000778,7.90999984741211,1.0427,0,"aoml_apex",1021.74907113028
"3902693",3,0.0560241802709226,1,0.1095,1,0.0657,1,0.000783999974373728,1,192.495552394104,1,1.95429782095311,11.7799997329712,1,27.6165008544922,36.0834999084473,0.109499998390675,0.093373641371727,0.000783999974373728,184.612594604492,-93.1809,26.2953,9.53715195631633,52,51,51,52,52,52,0.0657,8040,1.1727079215133,26,-93,0.0073,46,2026-06-11 07:19:05.000778,11.7799997329712,1.0427,0,"aoml_apex",1023.38547306193
"3902693",3,0.0435743624329398,1,0.0949,1,0.0511,1,0.000715999980457127,1,192.843097846985,1,1.95406459913102,16.7399997711182,1,27.4719009399414,36.155101776123,0.0948999971151352,0.080923818051815,0.000715999980457127,184.945907592773,-93.1809,26.2953,9.53715195631633,52,51,51,52,52,52,0.0511,8040,1.1727079215133,26,-93,0.0073,46,2026-06-11 07:19:05.000778,16.7399997711182,1.0427,0,"aoml_apex",1023.50761632415
"3902693",3,0.0746989070278969,1,0.1314,1,0.0876,1,0.000828000018373132,1,194.21226210022,1,1.9537627824322,21.7299995422363,1,27.1089000701904,36.1809005737305,0.131400004029274,0.112048365175724,0.000828000018373132,186.259002685547,-93.1809,26.2953,9.53715195631633,52,51,51,52,52,52,0.0876,8040,1.1727079215133,26,-93,0.0073,46,2026-06-11 07:19:05.000778,21.7299995422363,1.0427,0,"aoml_apex",1023.66572747908
"3902693",3,0.0746989070278969,1,0.1314,1,0.0876,1,0.000783000024966896,1,195.987553675842,1,1.95335591694278,26.6100006103516,1,26.9132995605469,36.3526992797852,0.131400004029274,0.112048365175724,0.000783000024966896,187.96159362793,-93.1809,26.2953,9.53715195631633,52,51,51,52,52,52,0.0876,8040,1.1727079215133,26,-93,0.0073,46,2026-06-11 07:19:05.000778,26.6100006103516,1.0427,0,"aoml_apex",1023.8789473299
"3902693",3,0.0995985427038625,1,0.1606,1,0.1168,1,0.000815999985206872,1,200.932566699219,1,1.95257696643946,31.9099998474121,1,26.1434993743896,36.5396995544434,0.160600006580353,0.136948004364967,0.000815999985206872,192.7041015625,-93.1809,26.2953,9.53715195631633,52,51,51,52,52,52,0.1168,8040,1.1727079215133,26,-93,0.0073,46,2026-06-11 07:19:05.000778,31.9099998474121,1.0427,0,"aoml_apex",1024.28740806413
"3902693",3,0.105823451622854,1,0.1679,1,0.1241,1,0.00111800001468509,1,207.002536177063,1,1.95199254997979,36.9300003051758,1,25.00119972229,36.4472999572754,0.167899996042252,0.143172919750214,0.00111800001468509,198.525497436523,-93.1809,26.2953,9.53715195631633,52,51,51,52,52,52,0.1241,8040,1.1727079215133,26,-93,0.0073,46,2026-06-11 07:19:05.000778,36.9300003051758,1.0427,0,"aoml_apex",1024.5940744091
"3902693",3,0.105823451622854,1,0.1679,1,0.1241,1,0.000748999998904765,1,209.590527886963,1,1.95118655378304,41.9099998474121,1,23.7805004119873,36.49169921875,0.167899996042252,0.143172919750214,0.000748999998904765,201.007507324219,-93.1809,26.2953,9.53715195631633,52,51,51,52,52,52,0.1241,8040,1.1727079215133,26,-93,0.0073,46,2026-06-11 07:19:05.000778,41.9099998474121,1.0427,0,"aoml_apex",1025.0173137583
"3902693",3,0.0995985427038625,1,0.1606,1,0.1168,1,0.0007259999983944,1,208.143975743103,1,1.95093119143088,46.5499992370605,1,23.4046993255615,36.4958000183105,0.160600006580353,0.136948004364967,0.0007259999983944,199.620193481445,-93.1809,26.2953,9.53715195631633,52,51,51,52,52,52,0.1168,8040,1.1727079215133,26,-93,0.0073,46,2026-06-11 07:19:05.000778,46.5499992370605,1.0427,0,"aoml_apex",1025.15148088495
"3902693",3,0.130723087298819,1,0.1971,1,0.1533,1,0.000804000010248274,1,206.188706408691,1,1.950622248739,51.8899993896484,1,22.9265995025635,36.4953002929688,0.19709999859333,0.168072536587715,0.000804000010248274,197.744995117188,-93.1809,26.2953,9.53715195631633,52,51,51,52,52,52,0.1533,8040,1.1727079215133,26,-93,0.0073,46,2026-06-11 07:19:05.000778,51.8899993896484,1.0427,0,"aoml_apex",1025.31384602678
"3902693",3,0.192972176488734,1,0.2701,1,0.2263,1,0.000737000023946166,1,200.81109125824,1,1.95042618307795,56.7900009155273,1,22.6299991607666,36.4902000427246,0.270099997520447,0.230321630835533,0.000737000023946166,192.587600708008,-93.1809,26.2953,9.53715195631633,52,51,51,52,52,52,0.2263,8040,1.1727079215133,26,-93,0.0073,46,2026-06-11 07:19:05.000778,56.7900009155273,1.0427,0,"aoml_apex",1025.41691521174
"3902693",3,0.211646903245708,1,0.292,1,0.2482,1,0.000691999972332269,1,195.481334408569,1,1.95023773157046,61.810001373291,1,22.3076992034912,36.470401763916,0.291999995708466,0.24899634718895,0.000691999972332269,187.476104736328,-93.1809,26.2953,9.53715195631633,52,51,51,52,52,52,0.2482,8040,1.1727079215133,26,-93,0.0073,46,2026-06-11 07:19:05.000778,61.810001373291,1.0427,0,"aoml_apex",1025.51600126692
"3902693",3,0.348594899463519,1,0.4526,1,0.4088,1,0.000659000012092292,1,186.994170713806,1,1.95000812506957,66.7300033569336,1,21.9314994812012,36.4607009887695,0.452600002288818,0.385944366455078,0.000659000012092292,179.336502075195,-93.1809,26.2953,9.53715195631633,52,51,51,52,52,52,0.4088,8040,1.1727079215133,26,-93,0.0073,46,2026-06-11 07:19:05.000778,66.7300033569336,1.0427,0,"aoml_apex",1025.63675211797
"3902693",3,0.435743624329398,1,0.5548,1,0.511,1,0.0007259999983944,1,172.957973872375,1,1.949770011196,71.5899963378906,1,21.5351009368896,36.451301574707,0.554799973964691,0.473093122243881,0.0007259999983944,165.875106811523,-93.1809,26.2953,9.53715195631633,52,51,51,52,52,52,0.511,8040,1.1727079215133,26,-93,0.0073,46,2026-06-11 07:19:05.000778,71.5899963378906,1.0427,0,"aoml_apex",1025.76200706523
"3902693",3,0.367269626220493,1,0.4745,1,0.4307,1,0.000702999997884035,1,153.088171554565,1,1.94942711814046,76.620002746582,1,21.0550003051758,36.4846992492676,0.474500000476837,0.404619067907333,0.000702999997884035,146.819000244141,-93.1809,26.2953,9.53715195631633,52,51,51,52,52,52,0.4307,8040,1.1727079215133,26,-93,0.0073,46,2026-06-11 07:19:05.000778,76.620002746582,1.0427,0,"aoml_apex",1025.94243272238
"3902693",3,0.31124544594957,1,0.4088,1,0.365,1,0.000668999971821904,1,135.088359152222,1,1.94911166221942,81.9000015258789,1,20.5646991729736,36.4964981079102,0.408800005912781,0.348594903945923,0.000668999971821904,129.556304931641,-93.1809,26.2953,9.53715195631633,52,51,51,52,52,52,0.365,8040,1.1727079215133,26,-93,0.0073,46,2026-06-11 07:19:05.000778,81.9000015258789,1.0427,0,"aoml_apex",1026.10847739869
"3902693",3,0.261446174597639,1,0.3504,1,0.3066,1,0.000546000024769455,1,124.607653801727,1,1.94872563357705,86.75,1,19.9480991363525,36.5177993774414,0.350400000810623,0.298795640468597,0.000546000024769455,119.50479888916,-93.1809,26.2953,9.53715195631633,52,51,51,52,52,52,0.3066,8040,1.1727079215133,26,-93,0.0073,46,2026-06-11 07:19:05.000778,86.75,1.0427,0,"aoml_apex",1026.311742166
"3902693",3,0.211646903245708,1,0.292,1,0.2482,1,0.000534999999217689,1,124.029790276337,1,1.94848420998824,91.7900009155273,1,19.5638008117676,36.5222015380859,0.291999995708466,0.24899634718895,0.000534999999217689,118.95059967041,-93.1809,26.2953,9.53715195631633,52,51,51,52,52,52,0.2482,8040,1.1727079215133,26,-93,0.0073,46,2026-06-11 07:19:05.000778,91.7900009155273,1.0427,0,"aoml_apex",1026.43890555935
"3902693",3,0.161847631893777,1,0.2336,1,0.1898,1,0.000613000011071563,1,122.097773902893,1,1.94822280144976,96.7200012207031,1,19.0424003601074,36.4959983825684,0.233600005507469,0.199197083711624,0.000613000011071563,117.097702026367,-93.1809,26.2953,9.53715195631633,52,51,51,52,52,52,0.1898,8040,1.1727079215133,26,-93,0.0073,46,2026-06-11 07:19:05.000778,96.7200012207031,1.0427,0,"aoml_apex",1026.57663102583
"3902693",3,0.180522358650751,1,0.2555,1,0.2117,1,0.000555999984499067,1,115.007100469208,1,1.94802110340843,101.919998168945,1,18.6937007904053,36.4878005981445,0.255499988794327,0.217871829867363,0.000555999984499067,110.297401428223,-93.1809,26.2953,9.53715195631633,52,51,51,52,52,52,0.2117,8040,1.1727079215133,26,-93,0.0073,46,2026-06-11 07:19:05.000778,101.919998168945,1.0427,0,"aoml_apex",1026.68292273663
"3902693",3,0.0684739981089054,1,0.1241,1,0.0803,1,0.000567000010050833,1,117.705501979065,1,1.94769125429989,111.830001831055,1,17.9587993621826,36.4152984619141,0.124099999666214,0.105823449790478,0.000567000010050833,112.885299682617,-93.1809,26.2953,9.53715195631633,52,51,51,52,52,52,0.0803,8040,1.1727079215133,26,-93,0.0073,46,2026-06-11 07:19:05.000778,111.830001831055,1.0427,0,"aoml_apex",1026.85679549293
"3902693",3,0.00622490891899141,1,0.0511,1,0.0073,1,0.000757000001613051,1,117.50270083847,1,1.94743223117901,121.620002746582,1,17.3085994720459,36.3278007507324,0.0511000007390976,0.0435743629932404,0.000757000001613051,112.690803527832,-93.1809,26.2953,9.53715195631633,52,51,51,52,52,52,0.0073,8040,1.1727079215133,26,-93,0.0073,46,2026-06-11 07:19:05.000778,121.620002746582,1.0427,0,"aoml_apex",1026.99337516313
"3902693",3,0.00622490891899141,1,0.0511,1,0.0073,1,0.000600999977905303,1,116.40890478363,1,1.94724112587494,131.649993896484,1,16.88450050354,36.2677001953125,0.0511000007390976,0.0435743629932404,0.000600999977905303,111.641799926758,-93.1809,26.2953,9.53715195631633,52,51,51,52,52,52,0.0073,8040,1.1727079215133,26,-93,0.0073,46,2026-06-11 07:19:05.000778,131.649993896484,1.0427,0,"aoml_apex",1027.09416590683
"3902693",3,0.0124498178379828,1,0.0584,1,0.0146,1,0.000555999984499067,1,114.843709239197,1,1.94707214770614,141.330001831055,1,16.5217990875244,36.2154006958008,0.0584000013768673,0.049799270927906,0.000555999984499067,110.140701293945,-93.1809,26.2953,9.53715195631633,52,51,51,52,52,52,0.0146,8040,1.1727079215133,26,-93,0.0073,46,2026-06-11 07:19:05.000778,141.330001831055,1.0427,0,"aoml_apex",1027.18330307185
"3902693",3,0.00622490891899141,1,0.0511,1,0.0073,1,0.000567000010050833,1,113.388096157074,1,1.94688086145773,151.419998168945,1,16.0384006500244,36.1408004760742,0.0511000007390976,0.0435743629932404,0.000567000010050833,108.744697570801,-93.1809,26.2953,9.53715195631633,52,51,51,52,52,52,0.0073,8040,1.1727079215133,26,-93,0.0073,46,2026-06-11 07:19:05.000778,151.419998168945,1.0427,0,"aoml_apex",1027.28422657691
"3902693",3,0.00622490891899141,1,0.0511,1,0.0073,1,0.00126000004820526,1,111.526562586975,1,1.94671639561204,161.660003662109,1,15.6541004180908,36.0792007446289,0.0511000007390976,0.0435743629932404,0.00126000004820526,106.959396362305,-93.1809,26.2953,9.53715195631633,52,51,51,52,52,52,0.0073,8040,1.1727079215133,26,-93,0.0073,46,2026-06-11 07:19:05.000778,161.660003662109,1.0427,0,"aoml_apex",1027.37101537135
"3902693",3,-0.00622490891899141,1,0.0365,1,-0.0073,1,0.000521000009030104,1,111.532194847107,1,1.94651385896927,171.869995117188,1,15.0831003189087,35.9907989501953,0.0364999994635582,0.0311245433986187,0.000521000009030104,106.964797973633,-93.1809,26.2953,9.53715195631633,52,51,51,52,52,52,-0.0073,8040,1.1727079215133,26,-93,0.0073,46,2026-06-11 07:19:05.000778,171.869995117188,1.0427,0,"aoml_apex",1027.47791431552
"3902693",3,0,1,0.0438,1,0,1,0.000543000001925975,1,110.511912515259,1,1.9463441999531,181.679992675781,1,14.6916999816895,35.9374008178711,0.0438000001013279,0.0373494550585747,0.000543000001925975,105.986297607422,-93.1809,26.2953,9.53715195631633,52,51,51,52,52,52,0,8040,1.1727079215133,26,-93,0.0073,46,2026-06-11 07:19:05.000778,181.679992675781,1.0427,0,"aoml_apex",1027.5674775552
"3902693",3,0.00622490891899141,1,0.0511,1,0.0073,1,0.000509999983478338,1,107.379747423553,1,1.94620470156428,191.410003662109,1,14.2479000091553,35.8507995605469,0.0511000007390976,0.0435743629932404,0.000509999983478338,102.982398986816,-93.1809,26.2953,9.53715195631633,52,51,51,52,52,52,0.0073,8040,1.1727079215133,26,-93,0.0073,46,2026-06-11 07:19:05.000778,191.410003662109,1.0427,0,"aoml_apex",1027.64113065418
"3902693",3,-0.00622490891899141,1,0.0365,1,-0.0073,1,0.000453999993624166,1,107.877534210968,1,1.94606458272094,201.889999389648,1,14.0493001937866,35.8307991027832,0.0364999994635582,0.0311245433986187,0.000453999993624166,103.459800720215,-93.1809,26.2953,9.53715195631633,52,51,51,52,52,52,-0.0073,8040,1.1727079215133,26,-93,0.0073,46,2026-06-11 07:19:05.000778,201.889999389648,1.0427,0,"aoml_apex",1027.71512197383
"3902693",3,0,1,0.0438,1,0,1,0.000409000000217929,1,109.735830027008,1,1.94591106492645,211.399993896484,1,13.7118997573853,35.7876014709473,0.0438000001013279,0.0373494550585747,0.000409000000217929,105.241996765137,-93.1809,26.2953,9.53715195631633,52,51,51,52,52,52,0,8040,1.1727079215133,26,-93,0.0073,46,2026-06-11 07:19:05.000778,211.399993896484,1.0427,0,"aoml_apex",1027.79620099216
"3902693",3,0,1,0.0365,1,-0.0073,1,0.000375000003259629,1,108.524528160858,1,1.94580230824098,221.089996337891,1,13.4697999954224,35.7400016784668,0.0364999994635582,0.0311245433986187,0.000375000003259629,104.080299377441,-93.1809,26.2953,9.53715195631633,52,51,51,52,52,52,0,8040,1.1727079215133,26,-93,0.0073,46,2026-06-11 07:19:05.000778,221.089996337891,1.0427,0,"aoml_apex",1027.85364758253
"3902693",3,0,1,0.0365,1,-0.0073,1,0.000452999986009672,1,105.162967796326,1,1.94566335296653,231.800003051758,1,13.1955995559692,35.6991996765137,0.0364999994635582,0.0311245433986187,0.000452999986009672,100.856399536133,-93.1809,26.2953,9.53715195631633,52,51,51,52,52,52,0,8040,1.1727079215133,26,-93,0.0073,46,2026-06-11 07:19:05.000778,231.800003051758,1.0427,0,"aoml_apex",1027.92705477575
"3902693",3,0,1,0.0438,1,0,1,0.000430999993113801,1,104.806257987976,1,1.94556377646269,241.619995117188,1,13.0848999023438,35.6810989379883,0.0438000001013279,0.0373494550585747,0.000430999993113801,100.514297485352,-93.1809,26.2953,9.53715195631633,52,51,51,52,52,52,0,8040,1.1727079215133,26,-93,0.0073,46,2026-06-11 07:19:05.000778,241.619995117188,1.0427,0,"aoml_apex",1027.97966542956
"3902693",3,0,1,0.0438,1,0,1,0.000429999985499308,1,105.076526922607,1,1.9454144022513,251.449996948242,1,12.7180995941162,35.6291999816895,0.0438000001013279,0.0373494550585747,0.000429999985499308,100.773498535156,-93.1809,26.2953,9.53715195631633,52,51,51,52,52,52,0,8040,1.1727079215133,26,-93,0.0073,46,2026-06-11 07:19:05.000778,251.449996948242,1.0427,0,"aoml_apex",1028.05859650547
"3902693",3,0,1,0.0438,1,0,1,0.000441000011051074,1,105.209163466644,1,1.94528187410835,261.220001220703,1,12.3407001495361,35.564998626709,0.0438000001013279,0.0373494550585747,0.000441000011051074,100.900703430176,-93.1809,26.2953,9.53715195631633,52,51,51,52,52,52,0,8040,1.1727079215133,26,-93,0.0073,46,2026-06-11 07:19:05.000778,261.220001220703,1.0427,0,"aoml_apex",1028.12863607066
"3902693",3,0,1,0.0511,1,0.0073,1,0.000475000008009374,1,105.107496398163,1,1.94517642989036,271.269989013672,1,12.210599899292,35.5456008911133,0.0511000007390976,0.0435743629932404,0.000475000008009374,100.803199768066,-93.1809,26.2953,9.53715195631633,52,51,51,52,52,52,0,8040,1.1727079215133,26,-93,0.0073,46,2026-06-11 07:19:05.000778,271.269989013672,1.0427,0,"aoml_apex",1028.18436891749
"3902693",3,0,1,0.0511,1,0.0073,1,0.000518999993801117,1,104.439126907349,1,1.94505198607564,281.320007324219,1,11.9519996643066,35.5065994262695,0.0511000007390976,0.0435743629932404,0.000518999993801117,100.162200927734,-93.1809,26.2953,9.53715195631633,52,51,51,52,52,52,0,8040,1.1727079215133,26,-93,0.0073,46,2026-06-11 07:19:05.000778,281.320007324219,1.0427,0,"aoml_apex",1028.25015183025
"3902693",3,0,1,0.0511,1,0.0073,1,0.000452000007499009,1,104.025386487579,1,1.94493558337983,291.660003662109,1,11.7999000549316,35.4879989624023,0.0511000007390976,0.0435743629932404,0.000452000007499009,99.7654037475586,-93.1809,26.2953,9.53715195631633,52,51,51,52,52,52,0,8040,1.1727079215133,26,-93,0.0073,46,2026-06-11 07:19:05.000778,291.660003662109,1.0427,0,"aoml_apex",1028.31169170368
"3902693",3,0,1,0.0438,1,0,1,0.000429999985499308,1,103.764711487579,1,1.9448390664825,301.230010986328,1,11.6533002853394,35.4618988037109,0.0438000001013279,0.0373494550585747,0.000429999985499308,99.5154037475586,-93.1809,26.2953,9.53715195631633,52,51,51,52,52,52,0,8040,1.1727079215133,26,-93,0.0073,46,2026-06-11 07:19:05.000778,301.230010986328,1.0427,0,"aoml_apex",1028.3627239231
"3902693",3,0,1,0.0438,1,0,1,0.000463000003946945,1,103.293097208405,1,1.94470800759829,311.769989013672,1,11.4003000259399,35.4276008605957,0.0438000001013279,0.0373494550585747,0.000463000003946945,99.063102722168,-93.1809,26.2953,9.53715195631633,52,51,51,52,52,52,0,8040,1.1727079215133,26,-93,0.0073,46,2026-06-11 07:19:05.000778,311.769989013672,1.0427,0,"aoml_apex",1028.43202793719
"3902693",3,0,1,0.0584,1,0.0146,1,0.000407000014092773,1,102.620758087921,1,1.94459771107653,321.390014648438,1,11.1911001205444,35.3959007263184,0.0584000013768673,0.049799270927906,0.000407000014092773,98.4182968139648,-93.1809,26.2953,9.53715195631633,52,51,51,52,52,52,0,8040,1.1727079215133,26,-93,0.0073,46,2026-06-11 07:19:05.000778,321.390014648438,1.0427,0,"aoml_apex",1028.490360041
"3902693",3,0,1,0.0511,1,0.0073,1,0.000429000006988645,1,101.64448375473,1,1.94446553438013,331.380004882812,1,10.9005002975464,35.3577995300293,0.0511000007390976,0.0435743629932404,0.000429000006988645,97.4820022583008,-93.1809,26.2953,9.53715195631633,52,51,51,52,52,52,0,8040,1.1727079215133,26,-93,0.0073,46,2026-06-11 07:19:05.000778,331.380004882812,1.0427,0,"aoml_apex",1028.56027254686
"3902693",3,0,1,0.0438,1,0,1,0.000372999988030642,1,102.128189891815,1,1.94434999537017,341.510009765625,1,10.6965999603271,35.3292007446289,0.0438000001013279,0.0373494550585747,0.000372999988030642,97.9458999633789,-93.1809,26.2953,9.53715195631633,52,51,51,52,52,52,0,8040,1.1727079215133,26,-93,0.0073,46,2026-06-11 07:19:05.000778,341.510009765625,1.0427,0,"aoml_apex",1028.62139263113
"3902693",3,0,1,0.0511,1,0.0073,1,0.000427999999374151,1,102.453198348999,1,1.94422733033663,351.809997558594,1,10.424599647522,35.2888984680176,0.0511000007390976,0.0435743629932404,0.000427999999374151,98.2575988769531,-93.1809,26.2953,9.53715195631633,52,51,51,52,52,52,0,8040,1.1727079215133,26,-93,0.0073,46,2026-06-11 07:19:05.000778,351.809997558594,1.0427,0,"aoml_apex",1028.68629032888
"3902693",3,0,1,0.0584,1,0.0146,1,0.000450999999884516,1,102.545478317261,1,1.9441168249641,361.119995117188,1,10.214599609375,35.2612991333008,0.0584000013768673,0.049799270927906,0.000450999999884516,98.3460998535156,-93.1809,26.2953,9.53715195631633,52,51,51,52,52,52,0,8040,1.1727079215133,26,-93,0.0073,46,2026-06-11 07:19:05.000778,361.119995117188,1.0427,0,"aoml_apex",1028.74476179534
"3902693",3,0,1,0.0438,1,0,1,0.000427999999374151,1,102.585620103455,1,1.94388742026599,381.679992675781,1,9.8922004699707,35.2243995666504,0.0438000001013279,0.0373494550585747,0.000427999999374151,98.3845977783203,-93.1809,26.2953,9.53715195631633,52,51,51,52,52,52,0,8040,1.1727079215133,26,-93,0.0073,46,2026-06-11 07:19:05.000778,381.679992675781,1.0427,0,"aoml_apex",1028.8661674277
"3902693",3,0,1,0.0584,1,0.0146,1,0.000651000009384006,1,103.187675299835,1,1.94366786646895,401.290008544922,1,9.50189971923828,35.1721992492676,0.0584000013768673,0.049799270927906,0.000651000009384006,98.9619979858398,-93.1809,26.2953,9.53715195631633,52,51,51,52,52,52,0,8040,1.1727079215133,26,-93,0.0073,46,2026-06-11 07:19:05.000778,401.290008544922,1.0427,0,"aoml_apex",1028.98238660157
"3902693",3,0,1,0.0511,1,0.0073,1,0.000460000010207295,1,106.012349217987,1,1.94312062938993,451.910003662109,1,8.69890022277832,35.0758018493652,0.0511000007390976,0.0435743629932404,0.000460000010207295,101.670997619629,-93.1809,26.2953,9.53715195631633,52,51,51,52,52,52,0,8040,1.1727079215133,26,-93,0.0073,46,2026-06-11 07:19:05.000778,451.910003662109,1.0427,0,"aoml_apex",1029.27217680146
"3902693",3,0,1,0.0584,1,0.0146,1,0.000414999987697229,1,110.265938668823,1,1.94257828813373,501.450012207031,1,7.9822998046875,35.0071983337402,0.0584000013768673,0.049799270927906,0.000414999987697229,105.750396728516,-93.1809,26.2953,9.53715195631633,52,51,51,52,52,52,0,8040,1.1727079215133,26,-93,0.0073,46,2026-06-11 07:19:05.000778,501.450012207031,1.0427,0,"aoml_apex",1029.55953549827
"3902693",3,0,1,0.0511,1,0.0073,1,0.000502999988384545,1,118.823274915314,1,1.94203731653201,550.799987792969,1,7.29670000076294,34.9505004882812,0.0511000007390976,0.0435743629932404,0.000502999988384545,113.957298278809,-93.1809,26.2953,9.53715195631633,52,51,51,52,52,52,0,8040,1.1727079215133,26,-93,0.0073,46,2026-06-11 07:19:05.000778,550.799987792969,1.0427,0,"aoml_apex",1029.84632837617
"3902693",3,0,1,0.0438,1,0,1,0.000413000001572073,1,123.914464181519,1,1.94152163411243,601.340026855469,1,6.89650011062622,34.9294013977051,0.0438000001013279,0.0373494550585747,0.000413000001572073,118.839996337891,-93.1809,26.2953,9.53715195631633,52,51,51,52,52,52,0,8040,1.1727079215133,26,-93,0.0073,46,2026-06-11 07:19:05.000778,601.340026855469,1.0427,0,"aoml_apex",1030.11986313215
"3902693",3,0,1,0.0511,1,0.0073,1,0.000400999997509643,1,128.553234992981,1,1.94098270145551,651.22998046875,1,6.50229978561401,34.9305000305176,0.0511000007390976,0.0435743629932404,0.000400999997509643,123.288803100586,-93.1809,26.2953,9.53715195631633,52,51,51,52,52,52,0,8040,1.1727079215133,26,-93,0.0073,46,2026-06-11 07:19:05.000778,651.22998046875,1.0427,0,"aoml_apex",1030.40588589493
"3902693",3,0,1,0.0365,1,-0.0073,1,0.000356000004103407,1,133.887367185974,1,1.9404762350089,701.260009765625,1,6.20340013504028,34.9280014038086,0.0364999994635582,0.0311245433986187,0.000356000004103407,128.404495239258,-93.1809,26.2953,9.53715195631633,52,51,51,52,52,52,0,8040,1.1727079215133,26,-93,0.0073,46,2026-06-11 07:19:05.000778,701.260009765625,1.0427,0,"aoml_apex",1030.67482297243
"3902693",3,0,1,0.0584,1,0.0146,1,0.000388999993447214,1,140.125747605896,1,1.93996490414219,751.700012207031,1,5.92309999465942,34.9306983947754,0.0584000013768673,0.049799270927906,0.000388999993447214,134.387405395508,-93.1809,26.2953,9.53715195631633,52,51,51,52,52,52,0,8040,1.1727079215133,26,-93,0.0073,46,2026-06-11 07:19:05.000778,751.700012207031,1.0427,0,"aoml_apex",1030.94648554189
"3902693",3,0,1,0.0584,1,0.0146,1,0.000445000012405217,1,148.416975471497,1,1.93944649121105,801.559997558594,1,5.60629987716675,34.9356994628906,0.0584000013768673,0.049799270927906,0.000445000012405217,142.339096069336,-93.1809,26.2953,9.53715195631633,52,51,51,52,52,52,0,8040,1.1727079215133,26,-93,0.0073,46,2026-06-11 07:19:05.000778,801.559997558594,1.0427,0,"aoml_apex",1031.22205694427
"3902693",3,0,1,0.0511,1,0.0073,1,0.000410999986343086,1,153.352696856689,1,1.93895807918657,851.429992675781,1,5.40220022201538,34.9413986206055,0.0511000007390976,0.0435743629932404,0.000410999986343086,147.072692871094,-93.1809,26.2953,9.53715195631633,52,51,51,52,52,52,0,8040,1.1727079215133,26,-93,0.0073,46,2026-06-11 07:19:05.000778,851.429992675781,1.0427,0,"aoml_apex",1031.48181565588
"3902693",3,0,1,0.0438,1,0,1,0.000376999989384785,1,159.976139309692,1,1.9384619274087,901.640014648438,1,5.18219995498657,34.9480018615723,0.0438000001013279,0.0373494550585747,0.000376999989384785,153.424896240234,-93.1809,26.2953,9.53715195631633,52,51,51,52,52,52,0,8040,1.1727079215133,26,-93,0.0073,46,2026-06-11 07:19:05.000778,901.640014648438,1.0427,0,"aoml_apex",1031.74582472897
"3902693",3,0,1,0.0584,1,0.0146,1,0.000353999988874421,1,165.41236815033,1,1.93798303096236,951.5,1,5.0096001625061,34.953800201416,0.0584000013768673,0.049799270927906,0.000353999988874421,158.63850402832,-93.1809,26.2953,9.53715195631633,52,51,51,52,52,52,0,8040,1.1727079215133,26,-93,0.0073,46,2026-06-11 07:19:05.000778,951.5,1.0427,0,"aoml_apex",1032.00078021676
"3902693",3,0,1,0.0511,1,0.0073,1,0.000365000014426187,1,172.766938427734,1,1.93751670264953,998.890014648438,1,4.80730009078979,34.9604988098145,0.0511000007390976,0.0435743629932404,0.000365000014426187,165.69189453125,-93.1809,26.2953,9.53715195631633,52,51,51,52,52,52,0,8040,1.1727079215133,26,-93,0.0073,46,2026-06-11 07:19:05.000778,998.890014648438,1.0427,0,"aoml_apex",1032.24916578269
"3902693",3,0,1,0.0438,1,0,1,0.000353000010363758,1,183.732805711365,1,1.93656565592897,1100.03002929688,1,4.52409982681274,34.9720001220703,0.0438000001013279,0.0373494550585747,0.000353000010363758,176.208694458008,-93.1809,26.2953,9.53715195631633,52,51,51,52,52,52,0,8040,1.1727079215133,26,-93,0.0073,46,2026-06-11 07:19:05.000778,1100.03002929688,1.0427,0,"aoml_apex",1032.75610298924
"3902693",3,0,1,0.0511,1,0.0073,1,0.000353000010363758,1,189.378398707581,1,1.93568366356945,1198.85998535156,1,4.39480018615723,34.978099822998,0.0511000007390976,0.0435743629932404,0.000353000010363758,181.623092651367,-93.1809,26.2953,9.53715195631633,52,51,51,52,52,52,0,8040,1.1727079215133,26,-93,0.0073,46,2026-06-11 07:19:05.000778,1198.85998535156,1.0427,0,"aoml_apex",1033.22667729289
"3902693",3,0,1,0.0438,1,0,1,0.000385999999707565,1,192.472832429504,1,1.93480943984053,1299.81994628906,1,4.33890008926392,34.980899810791,0.0438000001013279,0.0373494550585747,0.000385999999707565,184.590805053711,-93.1809,26.2953,9.53715195631633,52,51,51,52,52,52,0,8040,1.1727079215133,26,-93,0.0073,46,2026-06-11 07:19:05.000778,1299.81994628906,1.0427,0,"aoml_apex",1033.69353013124
"3902693",3,0,1,0.0511,1,0.0073,1,0.000430999993113801,1,195.054969134521,1,1.93394680194972,1400,1,4.29360008239746,34.983699798584,0.0511000007390976,0.0435743629932404,0.000430999993113801,187.067199707031,-93.1809,26.2953,9.53715195631633,52,51,51,52,52,52,0,8040,1.1727079215133,26,-93,0.0073,46,2026-06-11 07:19:05.000778,1400,1.0427,0,"aoml_apex",1034.15460962199
"3902693",3,0,1,0.0511,1,0.0073,1,0.000452999986009672,1,196.466884469604,1,1.93310271709131,1499.41003417969,1,4.27519989013672,34.9846992492676,0.0511000007390976,0.0435743629932404,0.000452999986009672,188.421295166016,-93.1809,26.2953,9.53715195631633,52,51,51,52,52,52,0,8040,1.1727079215133,26,-93,0.0073,46,2026-06-11 07:19:05.000778,1499.41003417969,1.0427,0,"aoml_apex",1034.60617085539
"3902693",3,0,1,0.0438,1,0,1,0.000475999986520037,1,197.48352333374,1,1.93226024871059,1599.21997070312,1,4.26590013504028,34.9855995178223,0.0438000001013279,0.0373494550585747,0.000475999986520037,189.396301269531,-93.1809,26.2953,9.53715195631633,52,51,51,52,52,52,0,8040,1.1727079215133,26,-93,0.0073,46,2026-06-11 07:19:05.000778,1599.21997070312,1.0427,0,"aoml_apex",1035.05726070524
"3902693",3,0,1,0.0511,1,0.0073,1,0.000508999975863844,1,197.89058936615,1,1.93141498315808,1699.7900390625,1,4.26230001449585,34.9868011474609,0.0511000007390976,0.0435743629932404,0.000508999975863844,189.786697387695,-93.1809,26.2953,9.53715195631633,52,51,51,52,52,52,0,8040,1.1727079215133,26,-93,0.0073,46,2026-06-11 07:19:05.000778,1699.7900390625,1.0427,0,"aoml_apex",1035.51024375392
"3902693",3,0,1,0.0511,1,0.0073,1,0.000744000019039959,1,198.44551018219,1,1.93057666574178,1799.94995117188,1,4.26079988479614,34.9877014160156,0.0511000007390976,0.0435743629932404,0.000744000019039959,190.318893432617,-93.1809,26.2953,9.53715195631633,52,51,51,52,52,52,0,8040,1.1727079215133,26,-93,0.0073,46,2026-06-11 07:19:05.000778,1799.94995117188,1.0427,0,"aoml_apex",1035.95989503558
"3902693",4,0.0260326078793763,5,0.0657,1,0.0219,1,0.000661000027321279,1,183.523330183411,1,1.95512031552429,7.57999992370605,1,28.8360996246338,36.0699005126953,0.065700002014637,0.491767823696136,0.000661000027321279,176.007797241211,-93.106,26.1123,15.7958767264386,52,51,51,52,52,52,0.0305286454777941,8040,1.1727079215133,26,-93,0.0073,46,2026-06-21 14:56:44.001584,7.57999992370605,1.0427,0,"aoml_apex",1022.95494764151
"3902693",4,0.0260326078793763,5,0.0657,1,0.0219,1,0.000560000014957041,1,183.489552532959,1,1.95507524356801,11.8299999237061,1,28.827299118042,36.0732002258301,0.065700002014637,0.491767823696136,0.000560000014957041,175.975402832031,-93.106,26.1123,15.7958767264386,52,51,51,52,52,52,0.0305286454777941,8040,1.1727079215133,26,-93,0.0073,46,2026-06-21 14:56:44.001584,11.8299999237061,1.0427,0,"aoml_apex",1022.97853066259
"3902693",4,0.0248996356759656,1,0.073,1,0.0292,1,0.000592999975197017,1,183.73885164032,1,1.95497536143789,16.6399993896484,1,28.7919998168945,36.0997009277344,0.0729999989271164,0.491767823696136,0.000592999975197017,176.214492797852,-93.106,26.1123,15.7958767264386,52,51,51,52,52,52,0.0292,8040,1.1727079215133,26,-93,0.0073,46,2026-06-21 14:56:44.001584,16.6399993896484,1.0427,0,"aoml_apex",1023.03079591192
"3902693",4,0.031124544594957,1,0.0803,1,0.0365,1,0.000570999982301146,1,184.467083782959,1,1.95470945016518,21.8999996185303,1,28.6574001312256,36.1952018737793,0.0803000032901764,0.491767823696136,0.000570999982301146,176.912902832031,-93.106,26.1123,15.7958767264386,52,51,51,52,52,52,0.0365,8040,1.1727079215133,26,-93,0.0073,46,2026-06-21 14:56:44.001584,21.8999996185303,1.0427,0,"aoml_apex",1023.16996514802
"3902693",4,0.0560241802709226,1,0.1095,1,0.0657,1,0.000637000019196421,1,191.042763397217,1,1.95362240357379,26.9300003051758,1,27.641300201416,36.4780006408691,0.109499998390675,0.491767823696136,0.000637000019196421,183.219299316406,-93.106,26.1123,15.7958767264386,52,51,51,52,52,52,0.0657,8040,1.1727079215133,26,-93,0.0073,46,2026-06-21 14:56:44.001584,26.9300003051758,1.0427,0,"aoml_apex",1023.73928367189
"3902693",4,0.0746989070278969,1,0.1314,1,0.0876,1,0.000727000006008893,1,195.752430680847,1,1.95303004109137,31.6000003814697,1,26.7329998016357,36.4743995666504,0.131400004029274,0.491767823696136,0.000727000006008893,187.736099243164,-93.106,26.1123,15.7958767264386,52,51,51,52,52,52,0.0876,8040,1.1727079215133,26,-93,0.0073,46,2026-06-21 14:56:44.001584,31.6000003814697,1.0427,0,"aoml_apex",1024.04978823694
"3902693",4,0.0746989070278969,1,0.1314,1,0.0876,1,0.000727000006008893,1,198.176816371155,1,1.95237053096798,36.75,1,25.6879997253418,36.4665985107422,0.131400004029274,0.491767823696136,0.000727000006008893,190.06120300293,-93.106,26.1123,15.7958767264386,52,51,51,52,52,52,0.0876,8040,1.1727079215133,26,-93,0.0073,46,2026-06-21 14:56:44.001584,36.75,1.0427,0,"aoml_apex",1024.39571191868
"3902693",4,0.0995985427038625,1,0.1606,1,0.1168,1,0.000692999979946762,1,193.609992114258,1,1.95205492567643,41.9199981689453,1,25.4799003601074,36.57080078125,0.160600006580353,0.491767823696136,0.000692999979946762,185.681396484375,-93.106,26.1123,15.7958767264386,52,51,51,52,52,52,0.1168,8040,1.1727079215133,26,-93,0.0073,46,2026-06-21 14:56:44.001584,41.9199981689453,1.0427,0,"aoml_apex",1024.5613346699
"3902693",4,0.0871487248658797,1,0.146,1,0.1022,1,0.000995000009424984,1,189.063405809021,1,1.95169039721547,46.8199996948242,1,24.6387004852295,36.4546012878418,0.145999997854233,0.491767823696136,0.000995000009424984,181.320999145508,-93.106,26.1123,15.7958767264386,52,51,51,52,52,52,0.1022,8040,1.1727079215133,26,-93,0.0073,46,2026-06-21 14:56:44.001584,46.8199996948242,1.0427,0,"aoml_apex",1024.75269789381
"3902693",4,0.136947996217811,1,0.2044,1,0.1606,1,0.000704000005498528,1,187.834904866028,1,1.95139004654977,51.8800010681152,1,24.4202003479004,36.5467987060547,0.20440000295639,0.491767823696136,0.000704000005498528,180.142807006836,-93.106,26.1123,15.7958767264386,52,51,51,52,52,52,0.1606,8040,1.1727079215133,26,-93,0.0073,46,2026-06-21 14:56:44.001584,51.8800010681152,1.0427,0,"aoml_apex",1024.91042400067
"3902693",4,0.236546538921673,1,0.3212,1,0.2774,1,0.000714999972842634,1,192.88271459198,1,1.95104112799417,56.7900009155273,1,23.7124996185303,36.481201171875,0.321200013160706,0.491767823696136,0.000714999972842634,184.983901977539,-93.106,26.1123,15.7958767264386,52,51,51,52,52,52,0.2774,8040,1.1727079215133,26,-93,0.0073,46,2026-06-21 14:56:44.001584,56.7900009155273,1.0427,0,"aoml_apex",1025.09371601826
"3902693",4,0.616265982980149,1,0.7665,1,0.7227,1,0.000995000009424984,1,182.253016868591,1,1.95078436473637,61.939998626709,1,23.5170001983643,36.5536003112793,0.766499996185303,0.491767823696136,0.000995000009424984,174.789505004883,-93.106,26.1123,15.7958767264386,52,51,51,52,52,52,0.7227,8040,1.1727079215133,26,-93,0.0073,46,2026-06-21 14:56:44.001584,61.939998626709,1.0427,0,"aoml_apex",1025.228639389
"3902693",4,0.379719444058476,1,0.4891,1,0.4453,1,0.000792999984696507,1,193.935310823059,1,1.95036615596947,66.7900009155273,1,22.8498001098633,36.5584983825684,0.489100009202957,0.491767823696136,0.000792999984696507,185.993392944336,-93.106,26.1123,15.7958767264386,52,51,51,52,52,52,0.4453,8040,1.1727079215133,26,-93,0.0073,46,2026-06-21 14:56:44.001584,66.7900009155273,1.0427,0,"aoml_apex",1025.44847483054
"3902693",4,0.504217622438304,1,0.6351,1,0.5913,1,0.0007259999983944,1,189.101145133972,1,1.94998575623623,71.9800033569336,1,22.209400177002,36.5499992370605,0.63510000705719,0.541567087173462,0.0007259999983944,181.357192993164,-93.106,26.1123,15.7958767264386,52,51,51,52,52,52,0.5913,8040,1.1727079215133,26,-93,0.0073,46,2026-06-21 14:56:44.001584,71.9800033569336,1.0427,0,"aoml_apex",1025.64851748472
"3902693",4,0.454418351086373,1,0.5767,1,0.5329,1,0.000927000015508384,1,157.920046154785,1,1.94982756552398,76.9100036621094,1,22.1172008514404,36.5969009399414,0.57669997215271,0.491767823696136,0.000927000015508384,151.453002929688,-93.106,26.1123,15.7958767264386,52,51,51,52,52,52,0.5329,8040,1.1727079215133,26,-93,0.0073,46,2026-06-21 14:56:44.001584,76.9100036621094,1.0427,0,"aoml_apex",1025.73172898114
"3902693",4,0.342369990544527,1,0.4453,1,0.4015,1,0.000579999992623925,1,173.51550398407,1,1.94951076845946,81.870002746582,1,21.5613994598389,36.5816993713379,0.44530001282692,0.379719465970993,0.000579999992623925,166.409805297852,-93.106,26.1123,15.7958767264386,52,51,51,52,52,52,0.4015,8040,1.1727079215133,26,-93,0.0073,46,2026-06-21 14:56:44.001584,81.870002746582,1.0427,0,"aoml_apex",1025.89841121034
"3902693",4,0.305020537030579,1,0.4015,1,0.3577,1,0.000614000018686056,1,165.547908331299,1,1.94929848874153,86.9499969482422,1,21.2660007476807,36.5914001464844,0.40149998664856,0.342370003461838,0.000614000018686056,158.768493652344,-93.106,26.1123,15.7958767264386,52,51,51,52,52,52,0.3577,8040,1.1727079215133,26,-93,0.0073,46,2026-06-21 14:56:44.001584,86.9499969482422,1.0427,0,"aoml_apex",1026.01013213282
"3902693",4,0.323695263787553,1,0.4234,1,0.3796,1,0.000579999992623925,1,143.980075045776,1,1.94897818761036,91.9000015258789,1,20.8013000488281,36.6164016723633,0.423400014638901,0.361044734716415,0.000579999992623925,138.083892822266,-93.106,26.1123,15.7958767264386,52,51,51,52,52,52,0.3796,8040,1.1727079215133,26,-93,0.0073,46,2026-06-21 14:56:44.001584,91.9000015258789,1.0427,0,"aoml_apex",1026.17874982593
"3902693",4,0.305020537030579,1,0.4015,1,0.3577,1,0.000646999978926033,1,137.545170114136,1,1.94871719316389,96.9100036621094,1,20.3745002746582,36.6157989501953,0.40149998664856,0.342370003461838,0.000646999978926033,131.912506103516,-93.106,26.1123,15.7958767264386,52,51,51,52,52,52,0.3577,8040,1.1727079215133,26,-93,0.0073,46,2026-06-21 14:56:44.001584,96.9100036621094,1.0427,0,"aoml_apex",1026.31618739549
"3902693",4,0.248996356759656,1,0.3358,1,0.292,1,0.000578999985009432,1,134.651668067932,1,1.94853123609488,101.660003662109,1,20.0783004760742,36.6125984191895,0.335799992084503,0.286345839500427,0.000578999985009432,129.137496948242,-93.106,26.1123,15.7958767264386,52,51,51,52,52,52,0.292,8040,1.1727079215133,26,-93,0.0073,46,2026-06-21 14:56:44.001584,101.660003662109,1.0427,0,"aoml_apex",1026.41413334911
"3902693",4,0.186747267569742,1,0.2628,1,0.219,1,0.000467000005301088,1,130.363044049835,1,1.94819110381909,111.900001525879,1,19.4962005615234,36.5863990783691,0.262800008058548,0.224096730351448,0.000467000005301088,125.02449798584,-93.106,26.1123,15.7958767264386,52,51,51,52,52,52,0.219,8040,1.1727079215133,26,-93,0.0073,46,2026-06-21 14:56:44.001584,111.900001525879,1.0427,0,"aoml_apex",1026.59333372345
"3902693",4,0.130723087298819,1,0.1971,1,0.1533,1,0.000488999998196959,1,129.011603914642,1,1.94790355014697,120.599998474121,1,18.9256992340088,36.5402984619141,0.19709999859333,0.168072536587715,0.000488999998196959,123.728401184082,-93.106,26.1123,15.7958767264386,52,51,51,52,52,52,0.1533,8040,1.1727079215133,26,-93,0.0073,46,2026-06-21 14:56:44.001584,120.599998474121,1.0427,0,"aoml_apex",1026.74488161855
"3902693",4,0.0497992713519312,1,0.1022,1,0.0584,1,0.000510999991092831,1,129.742429442596,1,1.94754120426916,131.669998168945,1,18.0965995788574,36.4504013061523,0.102200001478195,0.0871487259864807,0.000510999991092831,124.429298400879,-93.106,26.1123,15.7958767264386,52,51,51,52,52,52,0.0584,8040,1.1727079215133,26,-93,0.0073,46,2026-06-21 14:56:44.001584,131.669998168945,1.0427,0,"aoml_apex",1026.93591058092
"3902693",4,0.0248996356759656,1,0.073,1,0.0292,1,0.000567000010050833,1,129.345577848053,1,1.9473290802576,141.940002441406,1,17.6555004119873,36.3940010070801,0.0729999989271164,0.0622490867972374,0.000567000010050833,124.048698425293,-93.106,26.1123,15.7958767264386,52,51,51,52,52,52,0.0292,8040,1.1727079215133,26,-93,0.0073,46,2026-06-21 14:56:44.001584,141.940002441406,1.0427,0,"aoml_apex",1027.04777547688
"3902693",4,0.0124498178379828,1,0.0584,1,0.0146,1,0.000500000023748726,1,128.246785946655,1,1.94712339753571,151.5,1,17.1382999420166,36.3152008056641,0.0584000013768673,0.049799270927906,0.000500000023748726,122.994903564453,-93.106,26.1123,15.7958767264386,52,51,51,52,52,52,0.0146,8040,1.1727079215133,26,-93,0.0073,46,2026-06-21 14:56:44.001584,151.5,1.0427,0,"aoml_apex",1027.15626679399
"3902693",4,-0.00622490891899141,1,0.0365,1,-0.0073,1,0.000488999998196959,1,126.960403189087,1,1.94695200746603,161.850006103516,1,16.7721996307373,36.2584991455078,0.0364999994635582,0.0311245433986187,0.000488999998196959,121.761199951172,-93.106,26.1123,15.7958767264386,52,51,51,52,52,52,-0.0073,8040,1.1727079215133,26,-93,0.0073,46,2026-06-21 14:56:44.001584,161.850006103516,1.0427,0,"aoml_apex",1027.2466872992
"3902693",4,0,1,0.0438,1,0,1,0.000487999990582466,1,124.5414429245,1,1.94674476138407,171.679992675781,1,16.2511005401611,36.1832008361816,0.0438000001013279,0.0373494550585747,0.000487999990582466,119.441299438477,-93.106,26.1123,15.7958767264386,52,51,51,52,52,52,0,8040,1.1727079215133,26,-93,0.0073,46,2026-06-21 14:56:44.001584,171.679992675781,1.0427,0,"aoml_apex",1027.35604567805
"3902693",4,0,1,0.0438,1,0,1,0.000522000016644597,1,122.86926625824,1,1.94657264887124,181.729995727539,1,15.8135995864868,36.1108016967773,0.0438000001013279,0.0373494550585747,0.000522000016644597,117.837600708008,-93.106,26.1123,15.7958767264386,52,51,51,52,52,52,0,8040,1.1727079215133,26,-93,0.0073,46,2026-06-21 14:56:44.001584,181.729995727539,1.0427,0,"aoml_apex",1027.44688268364
"3902693",4,-0.00622490891899141,1,0.0365,1,-0.0073,1,0.000532999983988702,1,122.021133798218,1,1.94641986863753,191.710006713867,1,15.4545001983643,36.0509986877441,0.0364999994635582,0.0311245433986187,0.000532999983988702,117.024200439453,-93.106,26.1123,15.7958767264386,52,51,51,52,52,52,-0.0073,8040,1.1727079215133,26,-93,0.0073,46,2026-06-21 14:56:44.001584,191.710006713867,1.0427,0,"aoml_apex",1027.52753001847
"3902693",4,0,1,0.0438,1,0,1,0.000589000002946705,1,121.073315106964,1,1.94627806084016,201.479995727539,1,15.1631002426147,36.0061988830566,0.0438000001013279,0.0373494550585747,0.000589000002946705,116.115196228027,-93.106,26.1123,15.7958767264386,52,51,51,52,52,52,0,8040,1.1727079215133,26,-93,0.0073,46,2026-06-21 14:56:44.001584,201.479995727539,1.0427,0,"aoml_apex",1027.60239671851
"3902693",4,0,1,0.0438,1,0,1,0.000544000009540468,1,120.463758185577,1,1.94613625697657,211.690002441406,1,14.8591995239258,35.9561996459961,0.0438000001013279,0.0373494550585747,0.000544000009540468,115.530601501465,-93.106,26.1123,15.7958767264386,52,51,51,52,52,52,0,8040,1.1727079215133,26,-93,0.0073,46,2026-06-21 14:56:44.001584,211.690002441406,1.0427,0,"aoml_apex",1027.67727225179
"3902693",4,-0.00622490891899141,1,0.0365,1,-0.0073,1,0.000509999983478338,1,119.223984767151,1,1.94602068306945,221.210006713867,1,14.6364002227783,35.9165000915527,0.0364999994635582,0.0311245433986187,0.000509999983478338,114.341598510742,-93.106,26.1123,15.7958767264386,52,51,51,52,52,52,-0.0073,8040,1.1727079215133,26,-93,0.0073,46,2026-06-21 14:56:44.001584,221.210006713867,1.0427,0,"aoml_apex",1027.73830586703
"3902693",4,0,1,0.0438,1,0,1,0.000509999983478338,1,117.318037484741,1,1.94585421440953,231.429992675781,1,14.2250003814697,35.8546981811523,0.0438000001013279,0.0373494550585747,0.000509999983478338,112.513702392578,-93.106,26.1123,15.7958767264386,52,51,51,52,52,52,0,8040,1.1727079215133,26,-93,0.0073,46,2026-06-21 14:56:44.001584,231.429992675781,1.0427,0,"aoml_apex",1027.82622931847
"3902693",4,0,1,0.0365,1,-0.0073,1,0.000441999989561737,1,116.327054042816,1,1.94572748789877,241.389999389648,1,13.9496002197266,35.806999206543,0.0364999994635582,0.0311245433986187,0.000441999989561737,111.563301086426,-93.106,26.1123,15.7958767264386,52,51,51,52,52,52,0,8040,1.1727079215133,26,-93,0.0073,46,2026-06-21 14:56:44.001584,241.389999389648,1.0427,0,"aoml_apex",1027.89317231666
"3902693",4,0,1,0.0292,1,-0.0146,1,0.000464000011561438,1,115.538147821045,1,1.94556756115683,251.169998168945,1,13.4920997619629,35.7338981628418,0.0292000006884336,0.024899635463953,0.000464000011561438,110.806701660156,-93.106,26.1123,15.7958767264386,52,51,51,52,52,52,0,8040,1.1727079215133,26,-93,0.0073,46,2026-06-21 14:56:44.001584,251.169998168945,1.0427,0,"aoml_apex",1027.97766571046
"3902693",4,0,1,0.0438,1,0,1,0.000475999986520037,1,113.676614250946,1,1.94543587187112,261.179992675781,1,13.2151002883911,35.6912002563477,0.0438000001013279,0.0373494550585747,0.000475999986520037,109.02140045166,-93.106,26.1123,15.7958767264386,52,51,51,52,52,52,0,8040,1.1727079215133,26,-93,0.0073,46,2026-06-21 14:56:44.001584,261.179992675781,1.0427,0,"aoml_apex",1028.04725096202
"3902693",4,0,1,0.0511,1,0.0073,1,0.00048600000445731,1,112.629745742035,1,1.94530540376321,271.119995117188,1,12.9247999191284,35.6454010009766,0.0511000007390976,0.0435743629932404,0.00048600000445731,108.017402648926,-93.106,26.1123,15.7958767264386,52,51,51,52,52,52,0,8040,1.1727079215133,26,-93,0.0073,46,2026-06-21 14:56:44.001584,271.119995117188,1.0427,0,"aoml_apex",1028.11620022799
"3902693",4,0,1,0.0511,1,0.0073,1,0.000464000011561438,1,112.636205339813,1,1.94517155524914,281.100006103516,1,12.5783004760742,35.5878982543945,0.0511000007390976,0.0435743629932404,0.000464000011561438,108.023597717285,-93.106,26.1123,15.7958767264386,52,51,51,52,52,52,0,8040,1.1727079215133,26,-93,0.0073,46,2026-06-21 14:56:44.001584,281.100006103516,1.0427,0,"aoml_apex",1028.18694556935
"3902693",4,0,1,0.0511,1,0.0073,1,0.000475000008009374,1,111.132320288086,1,1.94502738939371,291.380004882812,1,12.2118997573853,35.5320014953613,0.0511000007390976,0.0435743629932404,0.000475000008009374,106.581298828125,-93.106,26.1123,15.7958767264386,52,51,51,52,52,52,0,8040,1.1727079215133,26,-93,0.0073,46,2026-06-21 14:56:44.001584,291.380004882812,1.0427,0,"aoml_apex",1028.2631550106
"3902693",4,0,1,0.0511,1,0.0073,1,0.000441000011051074,1,109.45263394165,1,1.94490157939467,301.119995117188,1,11.9630002975464,35.4981002807617,0.0511000007390976,0.0435743629932404,0.000441000011051074,104.970397949219,-93.106,26.1123,15.7958767264386,52,51,51,52,52,52,0,8040,1.1727079215133,26,-93,0.0073,46,2026-06-21 14:56:44.001584,301.119995117188,1.0427,0,"aoml_apex",1028.32967034891
"3902693",4,0,1,0.0511,1,0.0073,1,0.000429999985499308,1,108.385328601837,1,1.94479205349564,311.779998779297,1,11.8219003677368,35.475700378418,0.0511000007390976,0.0435743629932404,0.000429999985499308,103.946800231934,-93.106,26.1123,15.7958767264386,52,51,51,52,52,52,0,8040,1.1727079215133,26,-93,0.0073,46,2026-06-21 14:56:44.001584,311.779998779297,1.0427,0,"aoml_apex",1028.38758334349
"3902693",4,0,1,0.0511,1,0.0073,1,0.000418000010540709,1,108.285125284576,1,1.94468048514042,321.709991455078,1,11.654899597168,35.4525985717773,0.0511000007390976,0.0435743629932404,0.000418000010540709,103.850700378418,-93.106,26.1123,15.7958767264386,52,51,51,52,52,52,0,8040,1.1727079215133,26,-93,0.0073,46,2026-06-21 14:56:44.001584,321.709991455078,1.0427,0,"aoml_apex",1028.44658301571
"3902693",4,0,1,0.0511,1,0.0073,1,0.000452000007499009,1,108.831915917206,1,1.94456045902393,331,1,11.3489999771118,35.4048004150391,0.0511000007390976,0.0435743629932404,0.000452000007499009,104.375099182129,-93.106,26.1123,15.7958767264386,52,51,51,52,52,52,0,8040,1.1727079215133,26,-93,0.0073,46,2026-06-21 14:56:44.001584,331,1.0427,0,"aoml_apex",1028.51006288789
"3902693",4,0,1,0.0511,1,0.0073,1,0.000463000003946945,1,108.070637999725,1,1.94442640936695,341.700012207031,1,11.0626001358032,35.3642997741699,0.0511000007390976,0.0435743629932404,0.000463000003946945,103.644996643066,-93.106,26.1123,15.7958767264386,52,51,51,52,52,52,0,8040,1.1727079215133,26,-93,0.0073,46,2026-06-21 14:56:44.001584,341.700012207031,1.0427,0,"aoml_apex",1028.58096884785
"3902693",4,0,1,0.0438,1,0,1,0.000450999999884516,1,107.810177789307,1,1.94431691496926,351.790008544922,1,10.8828001022339,35.3372001647949,0.0438000001013279,0.0373494550585747,0.000450999999884516,103.395202636719,-93.106,26.1123,15.7958767264386,52,51,51,52,52,52,0,8040,1.1727079215133,26,-93,0.0073,46,2026-06-21 14:56:44.001584,351.790008544922,1.0427,0,"aoml_apex",1028.63889348595
"3902693",4,0,1,0.0511,1,0.0073,1,0.000484999996842816,1,107.41217269516,1,1.94420036263081,361.059997558594,1,10.6637001037598,35.3106002807617,0.0511000007390976,0.0435743629932404,0.000484999996842816,103.013496398926,-93.106,26.1123,15.7958767264386,52,51,51,52,52,52,0,8040,1.1727079215133,26,-93,0.0073,46,2026-06-21 14:56:44.001584,361.059997558594,1.0427,0,"aoml_apex",1028.70055907905
"3902693",4,0,1,0.0438,1,0,1,0.000483999989228323,1,107.349096154785,1,1.94397592695231,381.299987792969,1,10.2783002853394,35.2556991577148,0.0438000001013279,0.0373494550585747,0.000483999989228323,102.953002929688,-93.106,26.1123,15.7958767264386,52,51,51,52,52,52,0,8040,1.1727079215133,26,-93,0.0073,46,2026-06-21 14:56:44.001584,381.299987792969,1.0427,0,"aoml_apex",1028.81932449417
"3902693",4,0,1,0.0511,1,0.0073,1,0.000472999992780387,1,106.808454868317,1,1.94375028791802,400.859985351562,1,9.87230014801025,35.2024993896484,0.0511000007390976,0.0435743629932404,0.000472999992780387,102.434501647949,-93.106,26.1123,15.7958767264386,52,51,51,52,52,52,0,8040,1.1727079215133,26,-93,0.0073,46,2026-06-21 14:56:44.001584,400.859985351562,1.0427,0,"aoml_apex",1028.93875434083
"3902693",4,0,1,0.0511,1,0.0073,1,0.00100899999961257,1,107.582556519318,1,1.94320709932232,449.440002441406,1,9.01270008087158,35.0992012023926,0.0511000007390976,0.0435743629932404,0.00100899999961257,103.176902770996,-93.106,26.1123,15.7958767264386,52,51,51,52,52,52,0,8040,1.1727079215133,26,-93,0.0073,46,2026-06-21 14:56:44.001584,449.440002441406,1.0427,0,"aoml_apex",1029.22637566397
"3902693",4,0,1,0.0511,1,0.0073,1,0.000471000006655231,1,111.033684139252,1,1.94263980229082,501.299987792969,1,8.23690032958984,35.019100189209,0.0511000007390976,0.0435743629932404,0.000471000006655231,106.486701965332,-93.106,26.1123,15.7958767264386,52,51,51,52,52,52,0,8040,1.1727079215133,26,-93,0.0073,46,2026-06-21 14:56:44.001584,501.299987792969,1.0427,0,"aoml_apex",1029.52693424768
"3902693",4,0,1,0.0511,1,0.0073,1,0.000425000005634502,1,114.718900582123,1,1.94208278069546,551.390014648438,1,7.55159997940063,34.9669990539551,0.0511000007390976,0.0435743629932404,0.000425000005634502,110.021003723145,-93.106,26.1123,15.7958767264386,52,51,51,52,52,52,0,8040,1.1727079215133,26,-93,0.0073,46,2026-06-21 14:56:44.001584,551.390014648438,1.0427,0,"aoml_apex",1029.82221967068
"3902693",4,0,1,0.0511,1,0.0073,1,0.000391000008676201,1,119.04578896637,1,1.94154816745137,600.849975585938,1,7.08099985122681,34.9500999450684,0.0511000007390976,0.0435743629932404,0.000391000008676201,114.170700073242,-93.106,26.1123,15.7958767264386,52,51,51,52,52,52,0,8040,1.1727079215133,26,-93,0.0073,46,2026-06-21 14:56:44.001584,600.849975585938,1.0427,0,"aoml_apex",1030.10578543893
"3902693",4,0,1,0.0511,1,0.0073,1,0.000456999987363815,1,127.217848390198,1,1.94100014921492,651.619995117188,1,6.59289979934692,34.9336013793945,0.0511000007390976,0.0435743629932404,0.000456999987363815,122.008102416992,-93.106,26.1123,15.7958767264386,52,51,51,52,52,52,0,8040,1.1727079215133,26,-93,0.0073,46,2026-06-21 14:56:44.001584,651.619995117188,1.0427,0,"aoml_apex",1030.39662351852
"3902693",4,0,1,0.0511,1,0.0073,1,0.000377999996999279,1,135.77465164032,1,1.94047090195357,701.25,1,6.17019987106323,34.9254989624023,0.0511000007390976,0.0435743629932404,0.000377999996999279,130.214492797852,-93.106,26.1123,15.7958767264386,52,51,51,52,52,52,0,8040,1.1727079215133,26,-93,0.0073,46,2026-06-21 14:56:44.001584,701.25,1.0427,0,"aoml_apex",1030.67765560746
"3902693",4,0,1,0.0511,1,0.0073,1,0.000445000012405217,1,141.406911772156,1,1.93995636858452,751.799987792969,1,5.89039993286133,34.9299011230469,0.0511000007390976,0.0435743629932404,0.000445000012405217,135.616104125977,-93.106,26.1123,15.7958767264386,52,51,51,52,52,52,0,8040,1.1727079215133,26,-93,0.0073,46,2026-06-21 14:56:44.001584,751.799987792969,1.0427,0,"aoml_apex",1030.95102157338
"3902693",4,0,1,0.0511,1,0.0073,1,0.000354999996488914,1,147.113711843872,1,1.93946505827447,801.320007324219,1,5.66529989242554,34.9351997375488,0.0511000007390976,0.0435743629932404,0.000354999996488914,141.089202880859,-93.106,26.1123,15.7958767264386,52,51,51,52,52,52,0,8040,1.1727079215133,26,-93,0.0073,46,2026-06-21 14:56:44.001584,801.320007324219,1.0427,0,"aoml_apex",1031.21218475541
"3902693",4,0,1,0.0511,1,0.0073,1,0.00036599999293685,1,151.31714394989,1,1.93898332447213,851.400024414062,1,5.48629999160767,34.9396018981934,0.0511000007390976,0.0435743629932404,0.00036599999293685,145.120498657227,-93.106,26.1123,15.7958767264386,52,51,51,52,52,52,0,8040,1.1727079215133,26,-93,0.0073,46,2026-06-21 14:56:44.001584,851.400024414062,1.0427,0,"aoml_apex",1031.46838591017
"3902693",4,0,1,0.0584,1,0.0146,1,0.000387999985832721,1,156.733978086853,1,1.93850116886045,901.440002441406,1,5.30499982833862,34.9444999694824,0.0584000013768673,0.049799270927906,0.000387999985832721,150.315505981445,-93.106,26.1123,15.7958767264386,52,51,51,52,52,52,0,8040,1.1727079215133,26,-93,0.0073,46,2026-06-21 14:56:44.001584,901.440002441406,1.0427,0,"aoml_apex",1031.72493889994
"3902693",4,0,1,0.0511,1,0.0073,1,0.000421000004280359,1,164.330974205017,1,1.93799666033417,951.380004882812,1,5.05219984054565,34.9528007507324,0.0511000007390976,0.0435743629932404,0.000421000004280359,157.60139465332,-93.106,26.1123,15.7958767264386,52,51,51,52,52,52,0,8040,1.1727079215133,26,-93,0.0073,46,2026-06-21 14:56:44.001584,951.380004882812,1.0427,0,"aoml_apex",1031.99352245279
"3902693",4,0,1,0.0365,1,-0.0073,1,0.000432000000728294,1,170.508879425049,1,1.93753246809178,999.190002441406,1,4.86770009994507,34.9586982727051,0.0364999994635582,0.0311245433986187,0.000432000000728294,163.526306152344,-93.106,26.1123,15.7958767264386,52,51,51,52,52,52,0,8040,1.1727079215133,26,-93,0.0073,46,2026-06-21 14:56:44.001584,999.190002441406,1.0427,0,"aoml_apex",1032.24076650945
"3902693",4,0,1,0.0511,1,0.0073,1,0.000353000010363758,1,180.428291868591,1,1.93659137685383,1100.10998535156,1,4.60869979858398,34.9688987731934,0.0511000007390976,0.0435743629932404,0.000353000010363758,173.039505004883,-93.106,26.1123,15.7958767264386,52,51,51,52,52,52,0,8040,1.1727079215133,26,-93,0.0073,46,2026-06-21 14:56:44.001584,1100.10998535156,1.0427,0,"aoml_apex",1032.74238639293
"3902693",4,0,1,0.0511,1,0.0073,1,0.000353000010363758,1,186.504832316589,1,1.93570235946402,1199.08996582031,1,4.46080017089844,34.975700378418,0.0511000007390976,0.0435743629932404,0.000353000010363758,178.867202758789,-93.106,26.1123,15.7958767264386,52,51,51,52,52,52,0,8040,1.1727079215133,26,-93,0.0073,46,2026-06-21 14:56:44.001584,1199.08996582031,1.0427,0,"aoml_apex",1033.21669791929
"3902693",4,0,1,0.0584,1,0.0146,1,0.000375000003259629,1,191.474856393433,1,1.93482476737421,1298.81005859375,1,4.36030006408691,34.9800987243652,0.0584000013768673,0.049799270927906,0.000375000003259629,183.633697509766,-93.106,26.1123,15.7958767264386,52,51,51,52,52,52,0,8040,1.1727079215133,26,-93,0.0073,46,2026-06-21 14:56:44.001584,1298.81005859375,1.0427,0,"aoml_apex",1033.68534129023
"3902693",4,0,1,0.0511,1,0.0073,1,0.000353000010363758,1,194.133426368713,1,1.9339576937719,1399.46997070312,1,4.3144998550415,34.9831008911133,0.0511000007390976,0.0435743629932404,0.000353000010363758,186.183395385742,-93.106,26.1123,15.7958767264386,52,51,51,52,52,52,0,8040,1.1727079215133,26,-93,0.0073,46,2026-06-21 14:56:44.001584,1399.46997070312,1.0427,0,"aoml_apex",1034.1487853849
"3902693",4,0,1,0.0438,1,0,1,0.000498000008519739,1,195.576525968933,1,1.93310477896943,1499.63000488281,1,4.29029989242554,34.9847984313965,0.0438000001013279,0.0373494550585747,0.000498000008519739,187.567398071289,-93.106,26.1123,15.7958767264386,52,51,51,52,52,52,0,8040,1.1727079215133,26,-93,0.0073,46,2026-06-21 14:56:44.001584,1499.63000488281,1.0427,0,"aoml_apex",1034.60506732917
"3902693",4,0,1,0.0511,1,0.0073,1,0.000441999989561737,1,196.506819421387,1,1.93226333440298,1599.26000976562,1,4.28060007095337,34.9860000610352,0.0511000007390976,0.0435743629932404,0.000441999989561737,188.459594726562,-93.106,26.1123,15.7958767264386,52,51,51,52,52,52,0,8040,1.1727079215133,26,-93,0.0073,46,2026-06-21 14:56:44.001584,1599.26000976562,1.0427,0,"aoml_apex",1035.05560778958
"3902693",4,0,1,0.0511,1,0.0073,1,0.000531999976374209,1,197.521899072266,1,1.93142127763655,1699.31994628906,1,4.27029991149902,34.9866981506348,0.0511000007390976,0.0435743629932404,0.000531999976374209,189.43310546875,-93.106,26.1123,15.7958767264386,52,51,51,52,52,52,0,8040,1.1727079215133,26,-93,0.0073,46,2026-06-21 14:56:44.001584,1699.31994628906,1.0427,0,"aoml_apex",1035.50686903862
"3902693",4,0,1,0.0584,1,0.0146,1,0.000487000012071803,1,198.270448718262,1,1.93058376520335,1799.38000488281,1,4.26760005950928,34.9874000549316,0.0584000013768673,0.049799270927906,0.000487000012071803,190.151000976562,-93.106,26.1123,15.7958767264386,52,51,51,52,52,52,0,8040,1.1727079215133,26,-93,0.0073,46,2026-06-21 14:56:44.001584,1799.38000488281,1.0427,0,"aoml_apex",1035.95608543271
"3902693",5,0.0186747267569742,5,0.073,1,0.0292,1,0.000737999973352998,1,184.473861587524,1,1.95533436250798,7.6399998664856,1,29.6516990661621,36.2868995666504,0.0729999989271164,0.497992694377899,0.000737999973352998,176.919403076172,-92.9282,26.188,13.9083067516427,52,51,51,52,52,52,0.0219,8040,1.1727079215133,26,-93,0.0073,46,2026-07-01 22:36:53.002412,7.6399998664856,1.0427,0,"aoml_apex",1022.84296657822
"3902693",5,0.0186747267569742,5,0.0657,1,0.0219,1,0.000660000019706786,1,184.175749559021,1,1.95527923190615,11,1,29.6501007080078,36.3055000305176,0.065700002014637,0.497992694377899,0.000660000019706786,176.633499145508,-92.9282,26.188,13.9083067516427,52,51,51,52,52,52,0.0219,8040,1.1727079215133,26,-93,0.0073,46,2026-07-01 22:36:53.002412,11,1.0427,0,"aoml_apex",1022.87180642238
"3902693",5,0.0186747267569742,1,0.0657,1,0.0219,1,0.000705000013113022,1,184.57740607605,1,1.95515377099082,16.6100006103516,1,29.4930000305176,36.2899017333984,0.065700002014637,0.497992694377899,0.000705000013113022,177.018707275391,-92.9282,26.188,13.9083067516427,52,51,51,52,52,52,0.0219,8040,1.1727079215133,26,-93,0.0073,46,2026-07-01 22:36:53.002412,16.6100006103516,1.0427,0,"aoml_apex",1022.93744342495
"3902693",5,0.0248996356759656,1,0.073,1,0.0292,1,0.000748999998904765,1,185.471089837646,1,1.95502976784694,21.7600002288818,1,29.3763999938965,36.2943992614746,0.0729999989271164,0.497992694377899,0.000748999998904765,177.875793457031,-92.9282,26.188,13.9083067516427,52,51,51,52,52,52,0.0292,8040,1.1727079215133,26,-93,0.0073,46,2026-07-01 22:36:53.002412,21.7600002288818,1.0427,0,"aoml_apex",1023.00232604774
"3902693",5,0.0373494535139484,1,0.0876,1,0.0438,1,0.000727000006008893,1,186.873522610474,1,1.95479426181386,26.9099998474121,1,29.2047996520996,36.3520011901855,0.0876000002026558,0.497992694377899,0.000727000006008893,179.220794677734,-92.9282,26.188,13.9083067516427,52,51,51,52,52,52,0.0438,8040,1.1727079215133,26,-93,0.0073,46,2026-07-01 22:36:53.002412,26.9099998474121,1.0427,0,"aoml_apex",1023.12557340136
"3902693",5,0.0435743624329398,1,0.0949,1,0.0511,1,0.00105099997017533,1,193.274252133179,1,1.95387925695264,31.8700008392334,1,27.9699993133545,36.4141006469727,0.0948999971151352,0.497992694377899,0.00105099997017533,185.359405517578,-92.9282,26.188,13.9083067516427,52,51,51,52,52,52,0.0511,8040,1.1727079215133,26,-93,0.0073,46,2026-07-01 22:36:53.002412,31.8700008392334,1.0427,0,"aoml_apex",1023.60470478575
"3902693",5,0.062249089189914,1,0.1168,1,0.073,1,0.000928000023122877,1,202.456156706238,1,1.95258448504464,36.7999992370605,1,26.1473999023438,36.50830078125,0.116800002753735,0.497992694377899,0.000928000023122877,194.165298461914,-92.9282,26.188,13.9083067516427,52,51,51,52,52,52,0.073,8040,1.1727079215133,26,-93,0.0073,46,2026-07-01 22:36:53.002412,36.7999992370605,1.0427,0,"aoml_apex",1024.28346395177
"3902693",5,0.0746989070278969,1,0.1314,1,0.0876,1,0.000815999985206872,1,204.913906378174,1,1.95184424542879,41.9199981689453,1,24.9645004272461,36.5069999694824,0.131400004029274,0.497992694377899,0.000815999985206872,196.522399902344,-92.9282,26.188,13.9083067516427,52,51,51,52,52,52,0.0876,8040,1.1727079215133,26,-93,0.0073,46,2026-07-01 22:36:53.002412,41.9199981689453,1.0427,0,"aoml_apex",1024.6719248649
"3902693",5,0.0871487248658797,1,0.146,1,0.1022,1,0.000850000011269003,1,200.937880752563,1,1.95147264123835,46.560001373291,1,24.4162998199463,36.5181999206543,0.145999997854233,0.497992694377899,0.000850000011269003,192.709197998047,-92.9282,26.188,13.9083067516427,52,51,51,52,52,52,0.1022,8040,1.1727079215133,26,-93,0.0073,46,2026-07-01 22:36:53.002412,46.560001373291,1.0427,0,"aoml_apex",1024.8670453975
"3902693",5,0.112048360541845,1,0.1752,1,0.1314,1,0.000815999985206872,1,199.034335931396,1,1.95130076620049,51.3199996948242,1,24.0900993347168,36.4808006286621,0.175200000405312,0.497992694377899,0.000815999985206872,190.883605957031,-92.9282,26.188,13.9083067516427,52,51,51,52,52,52,0.1314,8040,1.1727079215133,26,-93,0.0073,46,2026-07-01 22:36:53.002412,51.3199996948242,1.0427,0,"aoml_apex",1024.9573180327
"3902693",5,0.130723087298819,1,0.1971,1,0.1533,1,0.000782000017352402,1,197.157886418152,1,1.95110453767673,56.3800010681152,1,23.7805004119873,36.4662017822266,0.19709999859333,0.497992694377899,0.000782000017352402,189.083999633789,-92.9282,26.188,13.9083067516427,52,51,51,52,52,52,0.1533,8040,1.1727079215133,26,-93,0.0073,46,2026-07-01 22:36:53.002412,56.3800010681152,1.0427,0,"aoml_apex",1025.06040111079
"3902693",5,0.149397814055794,1,0.219,1,0.1752,1,0.000770999991800636,1,194.601715386963,1,1.95085405958376,61.7799987792969,1,23.3384990692139,36.4369010925293,0.218999996781349,0.497992694377899,0.000770999991800636,186.632507324219,-92.9282,26.188,13.9083067516427,52,51,51,52,52,52,0.1752,8040,1.1727079215133,26,-93,0.0073,46,2026-07-01 22:36:53.002412,61.7799987792969,1.0427,0,"aoml_apex",1025.19201278784
"3902693",5,0.155622722974785,1,0.2263,1,0.1825,1,0.000792999984696507,1,192.976458311462,1,1.9506898131909,66.9100036621094,1,23.0860004425049,36.4240989685059,0.226300001144409,0.497992694377899,0.000792999984696507,185.073806762695,-92.9282,26.188,13.9083067516427,52,51,51,52,52,52,0.1825,8040,1.1727079215133,26,-93,0.0073,46,2026-07-01 22:36:53.002412,66.9100036621094,1.0427,0,"aoml_apex",1025.27833306744
"3902693",5,0.192972176488734,1,0.2701,1,0.2263,1,0.000760000024456531,1,192.046260321045,1,1.95049432328013,71.9599990844727,1,22.7000007629395,36.3832015991211,0.270099997520447,0.497992694377899,0.000760000024456531,184.181701660156,-92.9282,26.188,13.9083067516427,52,51,51,52,52,52,0.2263,8040,1.1727079215133,26,-93,0.0073,46,2026-07-01 22:36:53.002412,71.9599990844727,1.0427,0,"aoml_apex",1025.38109243846
"3902693",5,0.31124544594957,1,0.4088,1,0.365,1,0.000893999997060746,1,190.716808274841,1,1.95012232156427,76.8199996948242,1,22.0252990722656,36.3591003417969,0.408800005912781,0.497992694377899,0.000893999997060746,182.906692504883,-92.9282,26.188,13.9083067516427,52,51,51,52,52,52,0.365,8040,1.1727079215133,26,-93,0.0073,46,2026-07-01 22:36:53.002412,76.8199996948242,1.0427,0,"aoml_apex",1025.57669223319
"3902693",5,0.361044717301501,1,0.4672,1,0.4234,1,0.000893999997060746,1,188.62650789032,1,1.94995437629267,81.6800003051758,1,21.737699508667,36.3409004211426,0.467200011014938,0.497992694377899,0.000893999997060746,180.901992797852,-92.9282,26.188,13.9083067516427,52,51,51,52,52,52,0.4234,8040,1.1727079215133,26,-93,0.0073,46,2026-07-01 22:36:53.002412,81.6800003051758,1.0427,0,"aoml_apex",1025.66502289273
"3902693",5,0.535342167033261,1,0.6716,1,0.6278,1,0.00118499994277954,1,186.105785095215,1,1.94971229609088,85.9400024414062,1,21.5072002410889,36.3992004394531,0.671599984169006,0.497992694377899,0.00118499994277954,178.484497070312,-92.9282,26.188,13.9083067516427,52,51,51,52,52,52,0.6278,8040,1.1727079215133,26,-93,0.0073,46,2026-07-01 22:36:53.002412,85.9400024414062,1.0427,0,"aoml_apex",1025.79237152576
"3902693",5,0.373494535139484,1,0.4818,1,0.438,1,0.000804000010248274,1,174.314203019714,1,1.94943220031602,91.5,1,21.5986003875732,36.594898223877,0.481799989938736,0.497992694377899,0.000804000010248274,167.175796508789,-92.9282,26.188,13.9083067516427,52,51,51,52,52,52,0.438,8040,1.1727079215133,26,-93,0.0073,46,2026-07-01 22:36:53.002412,91.5,1.0427,0,"aoml_apex",1025.93975808739
"3902693",5,0.429518715410407,1,0.5475,1,0.5037,1,0.000847999996040016,1,165.785131491089,1,1.94922476694174,96.5299987792969,1,21.3160991668701,36.6060981750488,0.547500014305115,0.497992694377899,0.000847999996040016,158.996002197266,-92.9282,26.188,13.9083067516427,52,51,51,52,52,52,0.5037,8040,1.1727079215133,26,-93,0.0073,46,2026-07-01 22:36:53.002412,96.5299987792969,1.0427,0,"aoml_apex",1026.04893695145
"3902693",5,0.62249089189914,1,0.7738,1,0.73,1,0.000859000021591783,1,147.376566560364,1,1.94896346858474,101.73999786377,1,20.9500007629395,36.6240997314453,0.773800015449524,0.628715813159943,0.000859000021591783,141.341293334961,-92.9282,26.188,13.9083067516427,52,51,51,52,52,52,0.73,8040,1.1727079215133,26,-93,0.0073,46,2026-07-01 22:36:53.002412,101.73999786377,1.0427,0,"aoml_apex",1026.18649976663
"3902693",5,0.491767804600321,1,0.6205,1,0.5767,1,0.000781000009737909,1,129.368417140198,1,1.94848849509212,111.959999084473,1,20.1522006988525,36.6094017028809,0.620500028133392,0.497992694377899,0.000781000009737909,124.070602416992,-92.9282,26.188,13.9083067516427,52,51,51,52,52,52,0.5767,8040,1.1727079215133,26,-93,0.0073,46,2026-07-01 22:36:53.002412,111.959999084473,1.0427,0,"aoml_apex",1026.43664822124
"3902693",5,0.298795628111587,1,0.3942,1,0.3504,1,0.000691000022925436,1,121.626056206512,1,1.94808134009298,121.620002746582,1,19.3726997375488,36.5642013549805,0.394199997186661,0.305020540952682,0.000691000022925436,116.645301818848,-92.9282,26.188,13.9083067516427,52,51,51,52,52,52,0.3504,8040,1.1727079215133,26,-93,0.0073,46,2026-07-01 22:36:53.002412,121.620002746582,1.0427,0,"aoml_apex",1026.6511766416
"3902693",5,0.217871812164699,1,0.2993,1,0.2555,1,0.000645999971311539,1,123.161014151001,1,1.94772576994731,131.580001831055,1,18.6413993835449,36.5045013427734,0.299299985170364,0.224096730351448,0.000645999971311539,118.117401123047,-92.9282,26.188,13.9083067516427,52,51,51,52,52,52,0.2555,8040,1.1727079215133,26,-93,0.0073,46,2026-07-01 22:36:53.002412,131.580001831055,1.0427,0,"aoml_apex",1026.83859856416
"3902693",5,0.192972176488734,1,0.2701,1,0.2263,1,0.000656999996863306,1,120.77719187088,1,1.94752153099045,141.740005493164,1,18.2626991271973,36.4612007141113,0.270099997520447,0.199197083711624,0.000656999996863306,115.831199645996,-92.9282,26.188,13.9083067516427,52,51,51,52,52,52,0.2263,8040,1.1727079215133,26,-93,0.0073,46,2026-07-01 22:36:53.002412,141.740005493164,1.0427,0,"aoml_apex",1026.94628437965
"3902693",5,0.118273269460837,1,0.1825,1,0.1387,1,0.000533999991603196,1,122.067846554565,1,1.94722414386182,151.110000610352,1,17.5326995849609,36.3741989135742,0.182500004768372,0.124498173594475,0.000533999991603196,117.069000244141,-92.9282,26.188,13.9083067516427,52,51,51,52,52,52,0.1387,8040,1.1727079215133,26,-93,0.0073,46,2026-07-01 22:36:53.002412,151.110000610352,1.0427,0,"aoml_apex",1027.10312333818
"3902693",5,0.0373494535139484,1,0.0876,1,0.0438,1,0.000510999991092831,1,120.649145459747,1,1.94701519043547,161.550003051758,1,17.0358009338379,36.2997016906738,0.0876000002026558,0.0435743629932404,0.000510999991092831,115.708396911621,-92.9282,26.188,13.9083067516427,52,51,51,52,52,52,0.0438,8040,1.1727079215133,26,-93,0.0073,46,2026-07-01 22:36:53.002412,161.550003051758,1.0427,0,"aoml_apex",1027.21335191672
"3902693",5,0.0124498178379828,1,0.0584,1,0.0146,1,0.000567000010050833,1,125.211793252563,1,1.94684826726209,171.339996337891,1,16.6828002929688,36.2476005554199,0.0584000013768673,0.0186747275292873,0.000567000010050833,120.084197998047,-92.9282,26.188,13.9083067516427,52,51,51,52,52,52,0.0146,8040,1.1727079215133,26,-93,0.0073,46,2026-07-01 22:36:53.002412,171.339996337891,1.0427,0,"aoml_apex",1027.30142540212
"3902693",5,0,1,0.0438,1,0,1,0.000500000023748726,1,125.29927625351,1,1.94669358438001,181.100006103516,1,16.3595008850098,36.1977996826172,0.0438000001013279,0.00622490886598825,0.000500000023748726,120.168098449707,-92.9282,26.188,13.9083067516427,52,51,51,52,52,52,0,8040,1.1727079215133,26,-93,0.0073,46,2026-07-01 22:36:53.002412,181.100006103516,1.0427,0,"aoml_apex",1027.38305403979
"3902693",5,0,1,0.0438,1,0,1,0.00150599994231015,1,123.371953430176,1,1.94653410156555,191.630004882812,1,16.0058002471924,36.138801574707,0.0438000001013279,0.00622490886598825,0.00150599994231015,118.319702148438,-92.9282,26.188,13.9083067516427,52,51,51,52,52,52,0,8040,1.1727079215133,26,-93,0.0073,46,2026-07-01 22:36:53.002412,191.630004882812,1.0427,0,"aoml_apex",1027.46722926223
"3902693",5,-0.00622490891899141,1,0.0365,1,-0.0073,1,0.000509999983478338,1,121.772972280121,1,1.94639887145643,201.419998168945,1,15.7349996566772,36.0937004089355,0.0364999994635582,0,0.000509999983478338,116.786201477051,-92.9282,26.188,13.9083067516427,52,51,51,52,52,52,-0.0073,8040,1.1727079215133,26,-93,0.0073,46,2026-07-01 22:36:53.002412,201.419998168945,1.0427,0,"aoml_apex",1027.5386146846
"3902693",5,0,1,0.0365,1,-0.0073,1,0.000465999997686595,1,118.575638438416,1,1.94624494289377,211.110000610352,1,15.3951997756958,36.0423011779785,0.0364999994635582,0,0.000465999997686595,113.719802856445,-92.9282,26.188,13.9083067516427,52,51,51,52,52,52,0,8040,1.1727079215133,26,-93,0.0073,46,2026-07-01 22:36:53.002412,211.110000610352,1.0427,0,"aoml_apex",1027.6198827401
"3902693",5,0,1,0.0438,1,0,1,0.000487999990582466,1,114.403374687195,1,1.94610042630974,221.75,1,15.1078996658325,35.9957008361816,0.0438000001013279,0.00622490886598825,0.000487999990582466,109.718399047852,-92.9282,26.188,13.9083067516427,52,51,51,52,52,52,0,8040,1.1727079215133,26,-93,0.0073,46,2026-07-01 22:36:53.002412,221.75,1.0427,0,"aoml_apex",1027.6961933524
"3902693",5,0,1,0.0292,1,-0.0146,1,0.000475999986520037,1,113.877856178284,1,1.94596217753345,231.690002441406,1,14.8198003768921,35.9495010375977,0.0292000006884336,-0.00622490886598825,0.000475999986520037,109.214401245117,-92.9282,26.188,13.9083067516427,52,51,51,52,52,52,0,8040,1.1727079215133,26,-93,0.0073,46,2026-07-01 22:36:53.002412,231.690002441406,1.0427,0,"aoml_apex",1027.76920491592
"3902693",5,0,1,0.0365,1,-0.0073,1,0.000453999993624166,1,109.93696853714,1,1.94581556388193,241.149993896484,1,14.477499961853,35.8972015380859,0.0364999994635582,0,0.000453999993624166,105.434898376465,-92.9282,26.188,13.9083067516427,52,51,51,52,52,52,0,8040,1.1727079215133,26,-93,0.0073,46,2026-07-01 22:36:53.002412,241.149993896484,1.0427,0,"aoml_apex",1027.84664544977
"3902693",5,0,1,0.0365,1,-0.0073,1,0.000509999983478338,1,108.825344947052,1,1.94568905317074,251.009994506836,1,14.2435998916626,35.8608016967773,0.0364999994635582,0,0.000509999983478338,104.368797302246,-92.9282,26.188,13.9083067516427,52,51,51,52,52,52,0,8040,1.1727079215133,26,-93,0.0073,46,2026-07-01 22:36:53.002412,251.009994506836,1.0427,0,"aoml_apex",1027.91347709993
"3902693",5,0,1,0.0365,1,-0.0073,1,0.000475999986520037,1,107.867630024719,1,1.94555144761316,261.540008544922,1,13.9576997756958,35.8142013549805,0.0364999994635582,0,0.000475999986520037,103.450302124023,-92.9282,26.188,13.9083067516427,52,51,51,52,52,52,0,8040,1.1727079215133,26,-93,0.0073,46,2026-07-01 22:36:53.002412,261.540008544922,1.0427,0,"aoml_apex",1027.98617967859
"3902693",5,0,1,0.0438,1,0,1,0.000688000000081956,1,107.035551097107,1,1.94539433582098,271.380004882812,1,13.5417003631592,35.75,0.0438000001013279,0.00622490886598825,0.000688000000081956,102.652297973633,-92.9282,26.188,13.9083067516427,52,51,51,52,52,52,0,8040,1.1727079215133,26,-93,0.0073,46,2026-07-01 22:36:53.002412,271.380004882812,1.0427,0,"aoml_apex",1028.06920076488
"3902693",5,0,1,0.0365,1,-0.0073,1,0.000441999989561737,1,106.225165917206,1,1.94527209996076,281.309997558594,1,13.3149995803833,35.7146987915039,0.0364999994635582,0,0.000441999989561737,101.875099182129,-92.9282,26.188,13.9083067516427,52,51,51,52,52,52,0,8040,1.1727079215133,26,-93,0.0073,46,2026-07-01 22:36:53.002412,281.309997558594,1.0427,0,"aoml_apex",1028.1338019706
"3902693",5,0,1,0.0511,1,0.0073,1,0.000576000020373613,1,105.61039040451,1,1.94514314180631,291.679992675781,1,13.082200050354,35.6804008483887,0.0511000007390976,0.0124498177319765,0.000576000020373613,101.285499572754,-92.9282,26.188,13.9083067516427,52,51,51,52,52,52,0,8040,1.1727079215133,26,-93,0.0073,46,2026-07-01 22:36:53.002412,291.679992675781,1.0427,0,"aoml_apex",1028.20196468562
"3902693",5,0,1,0.0438,1,0,1,0.000541999994311482,1,104.816583798218,1,1.94501501756581,301.380004882812,1,12.7727003097534,35.6296005249023,0.0438000001013279,0.00622490886598825,0.000541999994311482,100.524200439453,-92.9282,26.188,13.9083067516427,52,51,51,52,52,52,0,8040,1.1727079215133,26,-93,0.0073,46,2026-07-01 22:36:53.002412,301.380004882812,1.0427,0,"aoml_apex",1028.26969557438
"3902693",5,0,1,0.0438,1,0,1,0.000441000011051074,1,104.241432985687,1,1.94487283042349,311.489990234375,1,12.4280996322632,35.5779991149902,0.0438000001013279,0.00622490886598825,0.000441000011051074,99.9726028442383,-92.9282,26.188,13.9083067516427,52,51,51,52,52,52,0,8040,1.1727079215133,26,-93,0.0073,46,2026-07-01 22:36:53.002412,311.489990234375,1.0427,0,"aoml_apex",1028.3448710446
"3902693",5,0,1,0.0438,1,0,1,0.000541999994311482,1,103.6471977211,1,1.94474806300476,321.040008544922,1,12.1639003753662,35.5397987365723,0.0438000001013279,0.00622490886598825,0.000541999994311482,99.402702331543,-92.9282,26.188,13.9083067516427,52,51,51,52,52,52,0,8040,1.1727079215133,26,-93,0.0073,46,2026-07-01 22:36:53.002412,321.040008544922,1.0427,0,"aoml_apex",1028.41084562381
"3902693",5,0,1,0.0438,1,0,1,0.000518999993801117,1,103.355449828339,1,1.94460900539173,331.529998779297,1,11.8373003005981,35.4908981323242,0.0438000001013279,0.00622490886598825,0.000518999993801117,99.1229019165039,-92.9282,26.188,13.9083067516427,52,51,51,52,52,52,0,8040,1.1727079215133,26,-93,0.0073,46,2026-07-01 22:36:53.002412,331.529998779297,1.0427,0,"aoml_apex",1028.48438655519
"3902693",5,0,1,0.0438,1,0,1,0.000518999993801117,1,102.967770544434,1,1.9445144023853,341.079986572266,1,11.7376003265381,35.4752998352051,0.0438000001013279,0.00622490886598825,0.000518999993801117,98.7510986328125,-92.9282,26.188,13.9083067516427,52,51,51,52,52,52,0,8040,1.1727079215133,26,-93,0.0073,46,2026-07-01 22:36:53.002412,341.079986572266,1.0427,0,"aoml_apex",1028.53442357981
"3902693",5,0,1,0.0511,1,0.0073,1,0.000395999988541007,1,102.758398433685,1,1.94436864879878,351.859985351562,1,11.4090003967285,35.4304008483887,0.0511000007390976,0.0124498177319765,0.000395999988541007,98.5503005981445,-92.9282,26.188,13.9083067516427,52,51,51,52,52,52,0,8040,1.1727079215133,26,-93,0.0073,46,2026-07-01 22:36:53.002412,351.859985351562,1.0427,0,"aoml_apex",1028.6115244841
"3902693",5,0,1,0.0438,1,0,1,0.00044000000343658,1,102.58968519516,1,1.94426756347935,361.559997558594,1,11.254599571228,35.4053001403809,0.0438000001013279,0.00622490886598825,0.00044000000343658,98.3884963989258,-92.9282,26.188,13.9083067516427,52,51,51,52,52,52,0,8040,1.1727079215133,26,-93,0.0073,46,2026-07-01 22:36:53.002412,361.559997558594,1.0427,0,"aoml_apex",1028.66500350441
"3902693",5,0,1,0.0511,1,0.0073,1,0.00044000000343658,1,102.33443562088,1,1.94403847086762,381.420013427734,1,10.8253002166748,35.342399597168,0.0511000007390976,0.0124498177319765,0.00044000000343658,98.1436996459961,-92.9282,26.188,13.9083067516427,52,51,51,52,52,52,0,8040,1.1727079215133,26,-93,0.0073,46,2026-07-01 22:36:53.002412,381.420013427734,1.0427,0,"aoml_apex",1028.786225155
"3902693",5,0,1,0.0511,1,0.0073,1,0.000472999992780387,1,102.44600687561,1,1.94380888951837,401.540008544922,1,10.4372997283936,35.2901992797852,0.0511000007390976,0.0124498177319765,0.000472999992780387,98.2507019042969,-92.9282,26.188,13.9083067516427,52,51,51,52,52,52,0,8040,1.1727079215133,26,-93,0.0073,46,2026-07-01 22:36:53.002412,401.540008544922,1.0427,0,"aoml_apex",1028.90773408056
"3902693",5,0,1,0.0438,1,0,1,0.000404999998863786,1,103.459407985687,1,1.94322100521296,451.869995117188,1,9.37209987640381,35.155101776123,0.0438000001013279,0.00622490886598825,0.000404999998863786,99.2226028442383,-92.9282,26.188,13.9083067516427,52,51,51,52,52,52,0,8040,1.1727079215133,26,-93,0.0073,46,2026-07-01 22:36:53.002412,451.869995117188,1.0427,0,"aoml_apex",1029.2190104135
"3902693",5,0,1,0.0511,1,0.0073,1,0.000471000006655231,1,106.764558242035,1,1.942657849893,501.739990234375,1,8.4818000793457,35.0559005737305,0.0511000007390976,0.0124498177319765,0.000471000006655231,102.392402648926,-92.9282,26.188,13.9083067516427,52,51,51,52,52,52,0,8040,1.1727079215133,26,-93,0.0073,46,2026-07-01 22:36:53.002412,501.739990234375,1.0427,0,"aoml_apex",1029.51736977778
"3902693",5,0,1,0.0584,1,0.0146,1,0.000437000009696931,1,110.550184836578,1,1.94212560318716,551.77001953125,1,7.87389993667603,35.0012016296387,0.0584000013768673,0.0186747275292873,0.000437000009696931,106.023002624512,-92.9282,26.188,13.9083067516427,52,51,51,52,52,52,0,8040,1.1727079215133,26,-93,0.0073,46,2026-07-01 22:36:53.002412,551.77001953125,1.0427,0,"aoml_apex",1029.79951282135
"3902693",5,0,1,0.0438,1,0,1,0.000391000008676201,1,116.556759567261,1,1.94158998427411,601.580017089844,1,7.30950021743774,34.9626007080078,0.0438000001013279,0.00622490886598825,0.000391000008676201,111.783599853516,-92.9282,26.188,13.9083067516427,52,51,51,52,52,52,0,8040,1.1727079215133,26,-93,0.0073,46,2026-07-01 22:36:53.002412,601.580017089844,1.0427,0,"aoml_apex",1030.08359962659
"3902693",5,0,1,0.0584,1,0.0146,1,0.000379000004613772,1,125.639304071045,1,1.94103477847813,651.659973144531,1,6.7153000831604,34.9333000183105,0.0584000013768673,0.0186747275292873,0.000379000004613772,120.494201660156,-92.9282,26.188,13.9083067516427,52,51,51,52,52,52,0,8040,1.1727079215133,26,-93,0.0073,46,2026-07-01 22:36:53.002412,651.659973144531,1.0427,0,"aoml_apex",1030.37824060427
"3902693",5,0,1,0.0511,1,0.0073,1,0.000456999987363815,1,131.916776194763,1,1.94050810390975,701.669982910156,1,6.33090019226074,34.9278984069824,0.0511000007390976,0.0124498177319765,0.000456999987363815,126.514602661133,-92.9282,26.188,13.9083067516427,52,51,51,52,52,52,0,8040,1.1727079215133,26,-93,0.0073,46,2026-07-01 22:36:53.002412,701.669982910156,1.0427,0,"aoml_apex",1030.65789623366
"3902693",5,0,1,0.0511,1,0.0073,1,0.00039999998989515,1,138.82425002594,1,1.93998515771011,751.169982910156,1,5.98530006408691,34.9314994812012,0.0511000007390976,0.0124498177319765,0.00039999998989515,133.139205932617,-92.9282,26.188,13.9083067516427,52,51,51,52,52,52,0,8040,1.1727079215133,26,-93,0.0073,46,2026-07-01 22:36:53.002412,751.169982910156,1.0427,0,"aoml_apex",1030.93572239528
"3902693",5,0,1,0.0438,1,0,1,0.00036599999293685,1,146.37370605011,1,1.93946512970272,801.549987792969,1,5.67729997634888,34.9360008239746,0.0438000001013279,0.00622490886598825,0.00036599999293685,140.379501342773,-92.9282,26.188,13.9083067516427,52,51,51,52,52,52,0,8040,1.1727079215133,26,-93,0.0073,46,2026-07-01 22:36:53.002412,801.549987792969,1.0427,0,"aoml_apex",1031.21214677707
"3902693",5,0,1,0.0511,1,0.0073,1,0.000422000011894852,1,152.02930664978,1,1.93897390065702,850.929992675781,1,5.44799995422363,34.9417991638184,0.0511000007390976,0.0124498177319765,0.000422000011894852,145.803497314453,-92.9282,26.188,13.9083067516427,52,51,51,52,52,52,0,8040,1.1727079215133,26,-93,0.0073,46,2026-07-01 22:36:53.002412,850.929992675781,1.0427,0,"aoml_apex",1031.47339906035
"3902693",5,0,1,0.0511,1,0.0073,1,0.000433000008342788,1,159.256785136414,1,1.93847305022388,901.460021972656,1,5.22149991989136,34.9485015869141,0.0511000007390976,0.0124498177319765,0.000433000008342788,152.735000610352,-92.9282,26.188,13.9083067516427,52,51,51,52,52,52,0,8040,1.1727079215133,26,-93,0.0073,46,2026-07-01 22:36:53.002412,901.460021972656,1.0427,0,"aoml_apex",1031.73990464764
"3902693",5,0,1,0.0584,1,0.0146,1,0.000387000007322058,1,167.4797258255,1,1.93796536526998,950.950012207031,1,4.94980001449585,34.9584007263184,0.0584000013768673,0.0186747275292873,0.000387000007322058,160.621200561523,-92.9282,26.188,13.9083067516427,52,51,51,52,52,52,0,8040,1.1727079215133,26,-93,0.0073,46,2026-07-01 22:36:53.002412,950.950012207031,1.0427,0,"aoml_apex",1032.01018750992
"3902693",5,0,1,0.0438,1,0,1,0.000330999988364056,1,173.0116712677,1,1.93750916682865,999.280029296875,1,4.79899978637695,34.9618988037109,0.0438000001013279,0.00622490886598825,0.000330999988364056,165.926605224609,-92.9282,26.188,13.9083067516427,52,51,51,52,52,52,0,8040,1.1727079215133,26,-93,0.0073,46,2026-07-01 22:36:53.002412,999.280029296875,1.0427,0,"aoml_apex",1032.25318065134
"3902693",5,0,1,0.0584,1,0.0146,1,0.000419999996665865,1,182.417132019043,1,1.93657470622819,1099.63000488281,1,4.54890012741089,34.9724998474121,0.0584000013768673,0.0186747275292873,0.000419999996665865,174.946899414062,-92.9282,26.188,13.9083067516427,52,51,51,52,52,52,0,8040,1.1727079215133,26,-93,0.0073,46,2026-07-01 22:36:53.002412,1099.63000488281,1.0427,0,"aoml_apex",1032.75127655434
"3902693",5,0,1,0.0438,1,0,1,0.000364000006811693,1,189.920193493652,1,1.93567042497709,1199.96997070312,1,4.38800001144409,34.9794998168945,0.0438000001013279,0.00622490886598825,0.000364000006811693,182.142700195312,-92.9282,26.188,13.9083067516427,52,51,51,52,52,52,0,8040,1.1727079215133,26,-93,0.0073,46,2026-07-01 22:36:53.002412,1199.96997070312,1.0427,0,"aoml_apex",1033.23374381962
"3902693",5,0,1,0.0511,1,0.0073,1,0.000364000006811693,1,194.591898707581,1,1.93479971364351,1299.03002929688,1,4.29519987106323,34.9842987060547,0.0511000007390976,0.0124498177319765,0.000364000006811693,186.623092651367,-92.9282,26.188,13.9083067516427,52,51,51,52,52,52,0,8040,1.1727079215133,26,-93,0.0073,46,2026-07-01 22:36:53.002412,1299.03002929688,1.0427,0,"aoml_apex",1033.69872648664
"3902693",5,0,1,0.0511,1,0.0073,1,0.000341000006301329,1,197.049441545105,1,1.93393670660449,1399.52001953125,1,4.25509977340698,34.986400604248,0.0511000007390976,0.0124498177319765,0.000341000006301329,188.979995727539,-92.9282,26.188,13.9083067516427,52,51,51,52,52,52,0,8040,1.1727079215133,26,-93,0.0073,46,2026-07-01 22:36:53.002412,1399.52001953125,1.0427,0,"aoml_apex",1034.16000801366
"3902693",5,0,1,0.0438,1,0,1,0.000364000006811693,1,197.890175697327,1,1.93308660923473,1499.94995117188,1,4.2463002204895,34.9873008728027,0.0438000001013279,0.00622490886598825,0.000364000006811693,189.78630065918,-92.9282,26.188,13.9083067516427,52,51,51,52,52,52,0,8040,1.1727079215133,26,-93,0.0073,46,2026-07-01 22:36:53.002412,1499.94995117188,1.0427,0,"aoml_apex",1034.61479193204
"3902693",5,0,1,0.0584,1,0.0146,1,0.000330000009853393,1,198.271705635071,1,1.93224729709765,1599.77001953125,1,4.24709987640381,34.9878005981445,0.0584000013768673,0.0186747275292873,0.000330000009853393,190.152206420898,-92.9282,26.188,13.9083067516427,52,51,51,52,52,52,0,8040,1.1727079215133,26,-93,0.0073,46,2026-07-01 22:36:53.002412,1599.77001953125,1.0427,0,"aoml_apex",1035.06419856512
"3902693",5,0,1,0.0438,1,0,1,0.000341000006301329,1,198.640189094543,1,1.93141408298753,1699.05004882812,1,4.24560022354126,34.9884986877441,0.0438000001013279,0.00622490886598825,0.000341000006301329,190.505599975586,-92.9282,26.188,13.9083067516427,52,51,51,52,52,52,0,8040,1.1727079215133,26,-93,0.0073,46,2026-07-01 22:36:53.002412,1699.05004882812,1.0427,0,"aoml_apex",1035.51072637224
"3902693",5,0,1,0.0584,1,0.0146,1,0.00067699997453019,1,199.166646313477,1,1.93058551498906,1798.30004882812,1,4.24949979782104,34.988899230957,0.0584000013768673,0.0186747275292873,0.00067699997453019,191.010498046875,-92.9282,26.188,13.9083067516427,52,51,51,52,52,52,0,8040,1.1727079215133,26,-93,0.0073,46,2026-07-01 22:36:53.002412,1798.30004882812,1.0427,0,"aoml_apex",1035.95514649416
"3902693",5,0,1,0.0511,1,0.0073,1,0.000711000000592321,1,199.338382516479,1,1.92974118301533,1899.73999023438,1,4.25430011749268,34.9894981384277,0.0511000007390976,0.0124498177319765,0.000711000000592321,191.175201416016,-92.9282,26.188,13.9083067516427,52,51,51,52,52,52,0,8040,1.1727079215133,26,-93,0.0073,46,2026-07-01 22:36:53.002412,1899.73999023438,1.0427,0,"aoml_apex",1036.40841455997
"3902693",6,0.0373494535139484,1,0.0876,1,0.0438,1,0.000816999992821366,1,182.013088951111,1,1.95622592772469,7.86999988555908,1,30.3507995605469,35.983699798584,0.0876000002026558,0.0435743629932404,0.000816999992821366,174.55940246582,-93.2396,26.3958,12.2193055666336,52,51,51,52,52,52,0.0438,8040,1.1727079215133,26,-93,0.0073,46,2026-07-12 06:10:33.000658,7.86999988555908,1.0427,0,"aoml_apex",1022.37679792243
"3902693",6,0.0435743624329398,1,0.0949,1,0.0511,1,0.000728000013623387,1,182.3382008255,1,1.9561756757964,11.7200002670288,1,30.3328990936279,35.9886016845703,0.0948999971151352,0.049799270927906,0.000728000013623387,174.871200561523,-93.2396,26.3958,12.2193055666336,52,51,51,52,52,52,0.0511,8040,1.1727079215133,26,-93,0.0073,46,2026-07-12 06:10:33.000658,11.7200002670288,1.0427,0,"aoml_apex",1022.40306161959
"3902693",6,0.0373494535139484,1,0.0876,1,0.0438,1,0.000670999987050891,1,186.402433372498,1,1.95529893849481,17,1,29.725700378418,36.2919998168945,0.0876000002026558,0.0435743629932404,0.000670999987050891,178.768997192383,-93.2396,26.3958,12.2193055666336,52,51,51,52,52,52,0.0438,8040,1.1727079215133,26,-93,0.0073,46,2026-07-12 06:10:33.000658,17,1.0427,0,"aoml_apex",1022.86149735222
"3902693",6,0.0435743624329398,1,0.0949,1,0.0511,1,0.000770999991800636,1,185.716331808472,1,1.95492101217068,21.9599990844727,1,29.7731990814209,36.548900604248,0.0948999971151352,0.049799270927906,0.000770999991800636,178.110992431641,-93.2396,26.3958,12.2193055666336,52,51,51,52,52,52,0.0511,8040,1.1727079215133,26,-93,0.0073,46,2026-07-12 06:10:33.000658,21.9599990844727,1.0427,0,"aoml_apex",1023.059237457
"3902693",6,0.0497992713519312,1,0.1022,1,0.0584,1,0.000748999998904765,1,187.133577107239,1,1.95454253175905,26.8999996185303,1,29.3815002441406,36.6071014404297,0.102200001478195,0.056024182587862,0.000748999998904765,179.470199584961,-93.2396,26.3958,12.2193055666336,52,51,51,52,52,52,0.0584,8040,1.1727079215133,26,-93,0.0073,46,2026-07-12 06:10:33.000658,26.8999996185303,1.0427,0,"aoml_apex",1023.25734411113
"3902693",6,0.062249089189914,1,0.1168,1,0.073,1,0.000783000024966896,1,190.837456378174,1,1.95424688366657,31.9799995422363,1,28.9123001098633,36.573600769043,0.116800002753735,0.0684740021824837,0.000783000024966896,183.022399902344,-93.2396,26.3958,12.2193055666336,52,51,51,52,52,52,0.073,8040,1.1727079215133,26,-93,0.0073,46,2026-07-12 06:10:33.000658,31.9799995422363,1.0427,0,"aoml_apex",1023.41214752129
"3902693",6,0.0933736337848711,1,0.1533,1,0.1095,1,0.00107300002127886,1,199.327531665039,1,1.95332638423197,36.8899993896484,1,27.4911994934082,36.5625,0.153300002217293,0.0995985418558121,0.00107300002127886,191.164794921875,-93.2396,26.3958,12.2193055666336,52,51,51,52,52,52,0.1095,8040,1.1727079215133,26,-93,0.0073,46,2026-07-12 06:10:33.000658,36.8899993896484,1.0427,0,"aoml_apex",1023.89442754923
"3902693",6,0.0995985427038625,1,0.1606,1,0.1168,1,0.000827000010758638,1,204.672212413025,1,1.95265739325684,41.7299995422363,1,26.4720001220703,36.5657005310059,0.160600006580353,0.105823449790478,0.000827000010758638,196.290603637695,-93.2396,26.3958,12.2193055666336,52,51,51,52,52,52,0.1168,8040,1.1727079215133,26,-93,0.0073,46,2026-07-12 06:10:33.000658,41.7299995422363,1.0427,0,"aoml_apex",1024.24521931326
"3902693",6,0.0933736337848711,1,0.1533,1,0.1095,1,0.000950000016018748,1,205.971625738525,1,1.95198300551256,46.9799995422363,1,25.2061004638672,36.4799995422363,0.153300002217293,0.0995985418558121,0.000950000016018748,197.536804199219,-93.2396,26.3958,12.2193055666336,52,51,51,52,52,52,0.1095,8040,1.1727079215133,26,-93,0.0073,46,2026-07-12 06:10:33.000658,46.9799995422363,1.0427,0,"aoml_apex",1024.59908429112
"3902693",6,0.0995985427038625,1,0.1606,1,0.1168,1,0.00104000000283122,1,205.310757972717,1,1.95154614711739,51.810001373291,1,24.5440998077393,36.4883995056152,0.160600006580353,0.105823449790478,0.00104000000283122,196.90299987793,-93.2396,26.3958,12.2193055666336,52,51,51,52,52,52,0.1168,8040,1.1727079215133,26,-93,0.0073,46,2026-07-12 06:10:33.000658,51.810001373291,1.0427,0,"aoml_apex",1024.82844331105
"3902693",6,0.105823451622854,1,0.1679,1,0.1241,1,0.000973000016529113,1,208.028243934631,1,1.95113908594953,56.9099998474121,1,23.9493999481201,36.5055999755859,0.167899996042252,0.112048365175724,0.000973000016529113,199.509201049805,-93.2396,26.3958,12.2193055666336,52,51,51,52,52,52,0.1241,8040,1.1727079215133,26,-93,0.0073,46,2026-07-12 06:10:33.000658,56.9099998474121,1.0427,0,"aoml_apex",1025.04225065364
"3902693",6,0.130723087298819,1,0.1971,1,0.1533,1,0.00097200000891462,1,207.167383203125,1,1.95088633649541,61.7900009155273,1,23.5592002868652,36.5001983642578,0.19709999859333,0.136948004364967,0.00097200000891462,198.68359375,-93.2396,26.3958,12.2193055666336,52,51,51,52,52,52,0.1533,8040,1.1727079215133,26,-93,0.0073,46,2026-07-12 06:10:33.000658,61.7900009155273,1.0427,0,"aoml_apex",1025.1750512502
"3902693",6,0.155622722974785,1,0.2263,1,0.1825,1,0.000805000017862767,1,201.486135136414,1,1.9506083143271,66.7799987792969,1,23.1446990966797,36.5038986206055,0.226300001144409,0.16184763610363,0.000805000017862767,193.235000610352,-93.2396,26.3958,12.2193055666336,52,51,51,52,52,52,0.1825,8040,1.1727079215133,26,-93,0.0073,46,2026-07-12 06:10:33.000658,66.7799987792969,1.0427,0,"aoml_apex",1025.32117048314
"3902693",6,0.174297449731759,1,0.2482,1,0.2044,1,0.00084900000365451,1,194.109974528503,1,1.95037988101849,71.9000015258789,1,22.6749992370605,36.4533004760742,0.248199999332428,0.180522367358208,0.00084900000365451,186.160903930664,-93.2396,26.3958,12.2193055666336,52,51,51,52,52,52,0.2044,8040,1.1727079215133,26,-93,0.0073,46,2026-07-12 06:10:33.000658,71.9000015258789,1.0427,0,"aoml_apex",1025.44125863091
"3902693",6,0.205421994326716,1,0.2847,1,0.2409,1,0.000815999985206872,1,189.284464064026,1,1.95017386823821,76.5699996948242,1,22.3309993743896,36.4393005371094,0.284700006246567,0.211646899580956,0.000815999985206872,181.533004760742,-93.2396,26.3958,12.2193055666336,52,51,51,52,52,52,0.2409,8040,1.1727079215133,26,-93,0.0073,46,2026-07-12 06:10:33.000658,76.5699996948242,1.0427,0,"aoml_apex",1025.54958435927
"3902693",6,0.317470354868562,1,0.4161,1,0.3723,1,0.00153100001625717,1,178.953276127624,1,1.94991522932272,81.8300018310547,1,22.0543003082275,36.4846992492676,0.41609999537468,0.32369527220726,0.00153100001625717,171.624893188477,-93.2396,26.3958,12.2193055666336,52,51,51,52,52,52,0.3723,8040,1.1727079215133,26,-93,0.0073,46,2026-07-12 06:10:33.000658,81.8300018310547,1.0427,0,"aoml_apex",1025.6856143919
"3902693",6,0.690964890008046,1,0.8541,1,0.8103,1,0.00118400005158037,1,158.422208285522,1,1.9495447953737,86.7300033569336,1,21.5359001159668,36.5210990905762,0.854099988937378,0.697189807891846,0.00118400005158037,151.934600830078,-93.2396,26.3958,12.2193055666336,52,51,51,52,52,52,0.8103,8040,1.1727079215133,26,-93,0.0073,46,2026-07-12 06:10:33.000658,86.7300033569336,1.0427,0,"aoml_apex",1025.88050541133
"3902693",6,0.504217622438304,1,0.6351,1,0.5913,1,0.000994000001810491,1,142.409565447998,1,1.94924265098412,91.4700012207031,1,21.3071994781494,36.6193008422852,0.63510000705719,0.510442554950714,0.000994000001810491,136.577697753906,-93.2396,26.3958,12.2193055666336,52,51,51,52,52,52,0.5913,8040,1.1727079215133,26,-93,0.0073,46,2026-07-12 06:10:33.000658,91.4700012207031,1.0427,0,"aoml_apex",1026.03952308875
"3902693",6,0.348594899463519,1,0.4526,1,0.4088,1,0.000937999982852489,1,126.516632003784,1,1.94889286591773,96.629997253418,1,20.7385997772217,36.6259002685547,0.452600002288818,0.354819804430008,0.000937999982852489,121.335601806641,-93.2396,26.3958,12.2193055666336,52,51,51,52,52,52,0.4088,8040,1.1727079215133,26,-93,0.0073,46,2026-07-12 06:10:33.000658,96.629997253418,1.0427,0,"aoml_apex",1026.22367549086
"3902693",6,0.292570719192596,1,0.3869,1,0.3431,1,0.000758000009227544,1,125.317835664368,1,1.94857533128286,101.430000305176,1,20.0713005065918,36.5810012817383,0.386900007724762,0.298795640468597,0.000758000009227544,120.185897827148,-93.2396,26.3958,12.2193055666336,52,51,51,52,52,52,0.3431,8040,1.1727079215133,26,-93,0.0073,46,2026-07-12 06:10:33.000658,101.430000305176,1.0427,0,"aoml_apex",1026.39090616183
"3902693",6,0.286345810273605,1,0.3796,1,0.3358,1,0.000768999976571649,1,120.351041386414,1,1.94823556924866,111.769996643066,1,19.7075996398926,36.6296005249023,0.379599988460541,0.292570739984512,0.000768999976571649,115.422500610352,-93.2396,26.3958,12.2193055666336,52,51,51,52,52,52,0.3358,8040,1.1727079215133,26,-93,0.0073,46,2026-07-12 06:10:33.000658,111.769996643066,1.0427,0,"aoml_apex",1026.56990333633
"3902693",6,0.217871812164699,1,0.2993,1,0.2555,1,0.00067999999737367,1,120.37335563736,1,1.94797629623636,121.480003356934,1,19.2248001098633,36.586799621582,0.299299985170364,0.224096730351448,0.00067999999737367,115.443901062012,-93.2396,26.3958,12.2193055666336,52,51,51,52,52,52,0.2555,8040,1.1727079215133,26,-93,0.0073,46,2026-07-12 06:10:33.000658,121.480003356934,1.0427,0,"aoml_apex",1026.70653840303
"3902693",6,0.136947996217811,1,0.2044,1,0.1606,1,0.000814000028185546,1,120.903671113586,1,1.94771373458361,131.720001220703,1,18.6765995025635,36.5237998962402,0.20440000295639,0.143172919750214,0.000814000028185546,115.952499389648,-93.2396,26.3958,12.2193055666336,52,51,51,52,52,52,0.1606,8040,1.1727079215133,26,-93,0.0073,46,2026-07-12 06:10:33.000658,131.720001220703,1.0427,0,"aoml_apex",1026.84494363211
"3902693",6,0.0995985427038625,1,0.1606,1,0.1168,1,0.000668000022415072,1,121.295105237579,1,1.94749365901805,141.300003051758,1,18.172700881958,36.4532012939453,0.160600006580353,0.105823449790478,0.000668000022415072,116.327903747559,-93.2396,26.3958,12.2193055666336,52,51,51,52,52,52,0.1168,8040,1.1727079215133,26,-93,0.0073,46,2026-07-12 06:10:33.000658,141.300003051758,1.0427,0,"aoml_apex",1026.96098174123
"3902693",6,0.0497992713519312,1,0.1022,1,0.0584,1,0.000545000017154962,1,118.897098889923,1,1.94724636155851,151.809997558594,1,17.5853996276855,36.371898651123,0.102200001478195,0.056024182587862,0.000545000017154962,114.028099060059,-93.2396,26.3958,12.2193055666336,52,51,51,52,52,52,0.0584,8040,1.1727079215133,26,-93,0.0073,46,2026-07-12 06:10:33.000658,151.809997558594,1.0427,0,"aoml_apex",1027.09140429425
"3902693",6,0.0373494535139484,1,0.0876,1,0.0438,1,0.000600999977905303,1,119.847622338867,1,1.94704999386678,161.570007324219,1,17.1611995697021,36.3153991699219,0.0876000002026558,0.0435743629932404,0.000600999977905303,114.939697265625,-93.2396,26.3958,12.2193055666336,52,51,51,52,52,52,0.0438,8040,1.1727079215133,26,-93,0.0073,46,2026-07-12 06:10:33.000658,161.570007324219,1.0427,0,"aoml_apex",1027.19499052413
"3902693",6,0.0186747267569742,1,0.0657,1,0.0219,1,0.000544000009540468,1,121.797370785522,1,1.94685786943028,171.669998168945,1,16.6991004943848,36.2442016601562,0.065700002014637,0.024899635463953,0.000544000009540468,116.809600830078,-93.2396,26.3958,12.2193055666336,52,51,51,52,52,52,0.0219,8040,1.1727079215133,26,-93,0.0073,46,2026-07-12 06:10:33.000658,171.669998168945,1.0427,0,"aoml_apex",1027.29635861157
"3902693",6,0.0186747267569742,1,0.0657,1,0.0219,1,0.00047699999413453,1,122.082444290924,1,1.94667765282412,181.619995117188,1,16.283899307251,36.1824989318848,0.065700002014637,0.024899635463953,0.00047699999413453,117.083000183105,-93.2396,26.3958,12.2193055666336,52,51,51,52,52,52,0.0219,8040,1.1727079215133,26,-93,0.0073,46,2026-07-12 06:10:33.000658,181.619995117188,1.0427,0,"aoml_apex",1027.39146211419
"3902693",6,0.00622490891899141,1,0.0511,1,0.0073,1,0.000465999997686595,1,121.427312202454,1,1.94655693024932,191.539993286133,1,16.1002006530762,36.152400970459,0.0511000007390976,0.0124498177319765,0.000465999997686595,116.454696655273,-93.2396,26.3958,12.2193055666336,52,51,51,52,52,52,0.0073,8040,1.1727079215133,26,-93,0.0073,46,2026-07-12 06:10:33.000658,191.539993286133,1.0427,0,"aoml_apex",1027.45517940944
"3902693",6,0.00622490891899141,1,0.0511,1,0.0073,1,0.000421000004280359,1,118.779903330231,1,1.94636558309817,201.440002441406,1,15.6203002929688,36.0820007324219,0.0511000007390976,0.0124498177319765,0.000421000004280359,113.915702819824,-93.2396,26.3958,12.2193055666336,52,51,51,52,52,52,0.0073,8040,1.1727079215133,26,-93,0.0073,46,2026-07-12 06:10:33.000658,201.440002441406,1.0427,0,"aoml_apex",1027.55618850209
"3902693",6,0,1,0.0365,1,-0.0073,1,0.000465999997686595,1,115.533247436523,1,1.94622659741543,211,1,15.2959003448486,36.0261001586914,0.0364999994635582,0,0.000465999997686595,110.802001953125,-93.2396,26.3958,12.2193055666336,52,51,51,52,52,52,0,8040,1.1727079215133,26,-93,0.0073,46,2026-07-12 06:10:33.000658,211,1.0427,0,"aoml_apex",1027.62956926803
"3902693",6,0,1,0.0365,1,-0.0073,1,0.000487999990582466,1,115.229296313477,1,1.94607417764258,221.550003051758,1,14.9460000991821,35.9674987792969,0.0364999994635582,0,0.000487999990582466,110.510498046875,-93.2396,26.3958,12.2193055666336,52,51,51,52,52,52,0,8040,1.1727079215133,26,-93,0.0073,46,2026-07-12 06:10:33.000658,221.550003051758,1.0427,0,"aoml_apex",1027.71005492851
"3902693",6,0,1,0.0365,1,-0.0073,1,0.000487999990582466,1,112.795428060913,1,1.94592927438114,231.589996337891,1,14.6556997299194,35.9252014160156,0.0364999994635582,0,0.000487999990582466,108.176300048828,-93.2396,26.3958,12.2193055666336,52,51,51,52,52,52,0,8040,1.1727079215133,26,-93,0.0073,46,2026-07-12 06:10:33.000658,231.589996337891,1.0427,0,"aoml_apex",1027.78658316657
"3902693",6,0,1,0.0438,1,0,1,0.000531999976374209,1,110.634636917877,1,1.94578035391568,241.279998779297,1,14.3072996139526,35.8721008300781,0.0438000001013279,0.00622490886598825,0.000531999976374209,106.103996276855,-93.2396,26.3958,12.2193055666336,52,51,51,52,52,52,0,8040,1.1727079215133,26,-93,0.0073,46,2026-07-12 06:10:33.000658,241.279998779297,1.0427,0,"aoml_apex",1027.86524490044
"3902693",6,0,1,0.0438,1,0,1,0.000441999989561737,1,110.058650812531,1,1.94563710687595,251.25,1,13.9527997970581,35.8132019042969,0.0438000001013279,0.00622490886598825,0.000441999989561737,105.551597595215,-93.2396,26.3958,12.2193055666336,52,51,51,52,52,52,0,8040,1.1727079215133,26,-93,0.0073,46,2026-07-12 06:10:33.000658,251.25,1.0427,0,"aoml_apex",1027.94092121903
"3902693",6,0,1,0.0438,1,0,1,0.000498000008519739,1,108.745268209076,1,1.94550689938964,261.529998779297,1,13.7047004699707,35.7743988037109,0.0438000001013279,0.00622490886598825,0.000498000008519739,104.291999816895,-93.2396,26.3958,12.2193055666336,52,51,51,52,52,52,0,8040,1.1727079215133,26,-93,0.0073,46,2026-07-12 06:10:33.000658,261.529998779297,1.0427,0,"aoml_apex",1028.00971850959
"3902693",6,0,1,0.0365,1,-0.0073,1,0.000452999986009672,1,108.944529299164,1,1.9454121083767,270.869995117188,1,13.5792999267578,35.7510986328125,0.0364999994635582,0,0.000452999986009672,104.483100891113,-93.2396,26.3958,12.2193055666336,52,51,51,52,52,52,0,8040,1.1727079215133,26,-93,0.0073,46,2026-07-12 06:10:33.000658,270.869995117188,1.0427,0,"aoml_apex",1028.05980871007
"3902693",6,0,1,0.0438,1,0,1,0.000498000008519739,1,106.306077947998,1,1.94524188544167,281.489990234375,1,13.1828002929688,35.6985015869141,0.0438000001013279,0.00622490886598825,0.000498000008519739,101.952697753906,-93.2396,26.3958,12.2193055666336,52,51,51,52,52,52,0,8040,1.1727079215133,26,-93,0.0073,46,2026-07-12 06:10:33.000658,281.489990234375,1.0427,0,"aoml_apex",1028.14977148505
"3902693",6,0,1,0.0511,1,0.0073,1,0.000452999986009672,1,106.532863925171,1,1.94513025073333,290.359985351562,1,12.9464998245239,35.660400390625,0.0511000007390976,0.0124498177319765,0.000452999986009672,102.170196533203,-93.2396,26.3958,12.2193055666336,52,51,51,52,52,52,0,8040,1.1727079215133,26,-93,0.0073,46,2026-07-12 06:10:33.000658,290.359985351562,1.0427,0,"aoml_apex",1028.20877894731
"3902693",6,0,1,0.0511,1,0.0073,1,0.000441999989561737,1,106.382718052673,1,1.94499327910476,301.679992675781,1,12.6800003051758,35.6181983947754,0.0511000007390976,0.0124498177319765,0.000441999989561737,102.02619934082,-93.2396,26.3958,12.2193055666336,52,51,51,52,52,52,0,8040,1.1727079215133,26,-93,0.0073,46,2026-07-12 06:10:33.000658,301.679992675781,1.0427,0,"aoml_apex",1028.28118815946
"3902693",6,0,1,0.0438,1,0,1,0.000475000008009374,1,106.713048518372,1,1.94488517517043,311.149993896484,1,12.46399974823,35.5808982849121,0.0438000001013279,0.00622490886598825,0.000475000008009374,102.343002319336,-93.2396,26.3958,12.2193055666336,52,51,51,52,52,52,0,8040,1.1727079215133,26,-93,0.0073,46,2026-07-12 06:10:33.000658,311.149993896484,1.0427,0,"aoml_apex",1028.33834384323
"3902693",6,0,1,0.0438,1,0,1,0.000452000007499009,1,107.005941955566,1,1.94474668345019,321.679992675781,1,12.1357002258301,35.5298004150391,0.0438000001013279,0.00622490886598825,0.000452000007499009,102.623901367188,-93.2396,26.3958,12.2193055666336,52,51,51,52,52,52,0,8040,1.1727079215133,26,-93,0.0073,46,2026-07-12 06:10:33.000658,321.679992675781,1.0427,0,"aoml_apex",1028.4115751527
"3902693",6,0,1,0.0511,1,0.0073,1,0.000452000007499009,1,107.433969860077,1,1.94463634478898,331.519989013672,1,11.9364004135132,35.497501373291,0.0511000007390976,0.0124498177319765,0.000452000007499009,103.034400939941,-93.2396,26.3958,12.2193055666336,52,51,51,52,52,52,0,8040,1.1727079215133,26,-93,0.0073,46,2026-07-12 06:10:33.000658,331.519989013672,1.0427,0,"aoml_apex",1028.46992722283
"3902693",6,0,1,0.0584,1,0.0146,1,0.000452000007499009,1,107.085079983521,1,1.94451302099825,341.589996337891,1,11.6879997253418,35.4608001708984,0.0584000013768673,0.0186747275292873,0.000452000007499009,102.699798583984,-93.2396,26.3958,12.2193055666336,52,51,51,52,52,52,0,8040,1.1727079215133,26,-93,0.0073,46,2026-07-12 06:10:33.000658,341.589996337891,1.0427,0,"aoml_apex",1028.53515425331
"3902693",6,0,1,0.0438,1,0,1,0.000441000011051074,1,106.815129255676,1,1.94441006954564,351.079986572266,1,11.5120000839233,35.432300567627,0.0438000001013279,0.00622490886598825,0.000441000011051074,102.440902709961,-93.2396,26.3958,12.2193055666336,52,51,51,52,52,52,0,8040,1.1727079215133,26,-93,0.0073,46,2026-07-12 06:10:33.000658,351.079986572266,1.0427,0,"aoml_apex",1028.58961251284
"3902693",6,0,1,0.0511,1,0.0073,1,0.000429000006988645,1,106.6449602211,1,1.94426822373259,361.690002441406,1,11.2147998809814,35.3942985534668,0.0511000007390976,0.0124498177319765,0.000429000006988645,102.277702331543,-93.2396,26.3958,12.2193055666336,52,51,51,52,52,52,0,8040,1.1727079215133,26,-93,0.0073,46,2026-07-12 06:10:33.000658,361.690002441406,1.0427,0,"aoml_apex",1028.66465418049
"3902693",6,0,1,0.0438,1,0,1,0.000395000010030344,1,103.749588710022,1,1.94404779497077,381.820007324219,1,10.8726997375488,35.3451995849609,0.0438000001013279,0.00622490886598825,0.000395000010030344,99.5009002685547,-93.2396,26.3958,12.2193055666336,52,51,51,52,52,52,0,8040,1.1727079215133,26,-93,0.0073,46,2026-07-12 06:10:33.000658,381.820007324219,1.0427,0,"aoml_apex",1028.78129085817
"3902693",6,0,1,0.0438,1,0,1,0.00040600000647828,1,104.565709567261,1,1.94381503239446,400.890014648438,1,10.3747997283936,35.2750015258789,0.0438000001013279,0.00622490886598825,0.00040600000647828,100.283599853516,-93.2396,26.3958,12.2193055666336,52,51,51,52,52,52,0,8040,1.1727079215133,26,-93,0.0073,46,2026-07-12 06:10:33.000658,400.890014648438,1.0427,0,"aoml_apex",1028.9044825095
"3902693",6,0,1,0.0511,1,0.0073,1,0.000472000014269724,1,102.850781819153,1,1.94324922751805,450.920013427734,1,9.50899982452393,35.1721000671387,0.0511000007390976,0.0124498177319765,0.000472000014269724,98.6389007568359,-93.2396,26.3958,12.2193055666336,52,51,51,52,52,52,0,8040,1.1727079215133,26,-93,0.0073,46,2026-07-12 06:10:33.000658,450.920013427734,1.0427,0,"aoml_apex",1029.20406280281
"3902693",6,0,1,0.0511,1,0.0073,1,0.000392999994801357,1,104.737549187469,1,1.94270390035314,500.829986572266,1,8.76690006256104,35.0909996032715,0.0511000007390976,0.0124498177319765,0.000392999994801357,100.448402404785,-93.2396,26.3958,12.2193055666336,52,51,51,52,52,52,0,8040,1.1727079215133,26,-93,0.0073,46,2026-07-12 06:10:33.000658,500.829986572266,1.0427,0,"aoml_apex",1029.49296577643
"3902693",6,0,1,0.0511,1,0.0073,1,0.000426000013248995,1,108.074392839813,1,1.94218254326075,551.700012207031,1,8.20209980010986,35.0311012268066,0.0511000007390976,0.0124498177319765,0.000426000013248995,103.648597717285,-93.2396,26.3958,12.2193055666336,52,51,51,52,52,52,0,8040,1.1727079215133,26,-93,0.0073,46,2026-07-12 06:10:33.000658,551.700012207031,1.0427,0,"aoml_apex",1029.76932160155
"3902693",6,0,1,0.0584,1,0.0146,1,0.000414000009186566,1,113.594031634521,1,1.94163654087349,601.489990234375,1,7.54570007324219,34.9789009094238,0.0584000013768673,0.0186747275292873,0.000414000009186566,108.942199707031,-93.2396,26.3958,12.2193055666336,52,51,51,52,52,52,0,8040,1.1727079215133,26,-93,0.0073,46,2026-07-12 06:10:33.000658,601.489990234375,1.0427,0,"aoml_apex",1030.05890026166
"3902693",6,0,1,0.0511,1,0.0073,1,0.000391000008676201,1,120.93568271637,1,1.94109012372931,651.179992675781,1,6.97870016098022,34.9496002197266,0.0511000007390976,0.0124498177319765,0.000391000008676201,115.983200073242,-93.2396,26.3958,12.2193055666336,52,51,51,52,52,52,0,8040,1.1727079215133,26,-93,0.0073,46,2026-07-12 06:10:33.000658,651.179992675781,1.0427,0,"aoml_apex",1030.34886198767
"3902693",6,0,1,0.0511,1,0.0073,1,0.000379000004613772,1,128.777721926117,1,1.94053268598952,701.849975585938,1,6.45690011978149,34.9339981079102,0.0511000007390976,0.0124498177319765,0.000379000004613772,123.504096984863,-93.2396,26.3958,12.2193055666336,52,51,51,52,52,52,0,8040,1.1727079215133,26,-93,0.0073,46,2026-07-12 06:10:33.000658,701.849975585938,1.0427,0,"aoml_apex",1030.64484017189
"3902693",6,0,1,0.0438,1,0,1,0.000390000001061708,1,134.702247036743,1,1.94004340342539,751.599975585938,1,6.19570016860962,34.9286994934082,0.0438000001013279,0.00622490886598825,0.000390000001061708,129.186004638672,-93.2396,26.3958,12.2193055666336,52,51,51,52,52,52,0,8040,1.1727079215133,26,-93,0.0073,46,2026-07-12 06:10:33.000658,751.599975585938,1.0427,0,"aoml_apex",1030.90477072253
"3902693",6,0,1,0.0511,1,0.0073,1,0.000422999990405515,1,141.383444021606,1,1.93952581339828,801.5,1,5.88159990310669,34.9325981140137,0.0511000007390976,0.0124498177319765,0.000422999990405515,135.593597412109,-93.2396,26.3958,12.2193055666336,52,51,51,52,52,52,0,8040,1.1727079215133,26,-93,0.0073,46,2026-07-12 06:10:33.000658,801.5,1.0427,0,"aoml_apex",1031.17988231142
"3902693",6,0,1,0.0584,1,0.0146,1,0.000388999993447214,1,148.013871113586,1,1.93901560597903,851.77001953125,1,5.61149978637695,34.9383010864258,0.0584000013768673,0.0186747275292873,0.000388999993447214,141.952499389648,-93.2396,26.3958,12.2193055666336,52,51,51,52,52,52,0,8040,1.1727079215133,26,-93,0.0073,46,2026-07-12 06:10:33.000658,851.77001953125,1.0427,0,"aoml_apex",1031.45121361216
"3902693",6,0,1,0.0511,1,0.0073,1,0.000387999985832721,1,155.411001548767,1,1.93850997681092,901.25,1,5.33879995346069,34.9457015991211,0.0511000007390976,0.0124498177319765,0.000387999985832721,149.04670715332,-93.2396,26.3958,12.2193055666336,52,51,51,52,52,52,0,8040,1.1727079215133,26,-93,0.0073,46,2026-07-12 06:10:33.000658,901.25,1.0427,0,"aoml_apex",1031.72025108183
"3902693",6,0,1,0.0584,1,0.0146,1,0.000376999989384785,1,163.115917498779,1,1.93801028897316,951.179992675781,1,5.1016001701355,34.953498840332,0.0584000013768673,0.0186747275292873,0.000376999989384785,156.436096191406,-93.2396,26.3958,12.2193055666336,52,51,51,52,52,52,0,8040,1.1727079215133,26,-93,0.0073,46,2026-07-12 06:10:33.000658,951.179992675781,1.0427,0,"aoml_apex",1031.98626518112
"3902693",6,0,1,0.0511,1,0.0073,1,0.000399000011384487,1,170.698117001343,1,1.93752911095443,999.27001953125,1,4.86649990081787,34.9603004455566,0.0511000007390976,0.0124498177319765,0.000399000011384487,163.707794189453,-93.2396,26.3958,12.2193055666336,52,51,51,52,52,52,0,8040,1.1727079215133,26,-93,0.0073,46,2026-07-12 06:10:33.000658,999.27001953125,1.0427,0,"aoml_apex",1032.24255506272
"3902693",6,0,1,0.0511,1,0.0073,1,0.000342000013915822,1,179.767312730408,1,1.93660053122656,1099.21997070312,1,4.62109994888306,34.9700012207031,0.0511000007390976,0.0124498177319765,0.000342000013915822,172.40559387207,-93.2396,26.3958,12.2193055666336,52,51,51,52,52,52,0,8040,1.1727079215133,26,-93,0.0073,46,2026-07-12 06:10:33.000658,1099.21997070312,1.0427,0,"aoml_apex",1032.7375045866
"3902693",6,0,1,0.0511,1,0.0073,1,0.000353000010363758,1,186.793350410461,1,1.93568937614584,1200.18994140625,1,4.45580005645752,34.9772987365723,0.0511000007390976,0.0124498177319765,0.000353000010363758,179.143905639648,-93.2396,26.3958,12.2193055666336,52,51,51,52,52,52,0,8040,1.1727079215133,26,-93,0.0073,46,2026-07-12 06:10:33.000658,1200.18994140625,1.0427,0,"aoml_apex",1033.22362805039
"3902693",6,0,1,0.0511,1,0.0073,1,0.0003969999961555,1,192.502855239868,1,1.93480585224703,1299.88000488281,1,4.33780002593994,34.9827995300293,0.0511000007390976,0.0124498177319765,0.0003969999961555,184.619598388672,-93.2396,26.3958,12.2193055666336,52,51,51,52,52,52,0,8040,1.1727079215133,26,-93,0.0073,46,2026-07-12 06:10:33.000658,1299.88000488281,1.0427,0,"aoml_apex",1033.69544684665
"3902693",6,0,1,0.0511,1,0.0073,1,0.000375000003259629,1,196.154294032288,1,1.93394330406807,1399.31994628906,1,4.27199983596802,34.9860992431641,0.0511000007390976,0.0124498177319765,0.000375000003259629,188.121505737305,-93.2396,26.3958,12.2193055666336,52,51,51,52,52,52,0,8040,1.1727079215133,26,-93,0.0073,46,2026-07-12 06:10:33.000658,1399.31994628906,1.0427,0,"aoml_apex",1034.15648007518
"3902693",6,0,1,0.0511,1,0.0073,1,0.000319000013405457,1,197.621895555115,1,1.93308707258774,1499.94995117188,1,4.25129985809326,34.9878997802734,0.0511000007390976,0.0124498177319765,0.000319000013405457,189.529006958008,-93.2396,26.3958,12.2193055666336,52,51,51,52,52,52,0,8040,1.1727079215133,26,-93,0.0073,46,2026-07-12 06:10:33.000658,1499.94995117188,1.0427,0,"aoml_apex",1034.61454393913
"3902693",6,0,1,0.0511,1,0.0073,1,0.000375000003259629,1,198.071712669373,1,1.93225344508599,1599,1,4.24970006942749,34.9884986877441,0.0511000007390976,0.0124498177319765,0.000375000003259629,189.960403442383,-93.2396,26.3958,12.2193055666336,52,51,51,52,52,52,0,8040,1.1727079215133,26,-93,0.0073,46,2026-07-12 06:10:33.000658,1599,1.0427,0,"aoml_apex",1035.06090522768
"3902693",6,0,1,0.0584,1,0.0146,1,0.000475999986520037,1,198.612043704224,1,1.93141636947807,1698.75,1,4.24849987030029,34.989200592041,0.0584000013768673,0.0186747275292873,0.000475999986520037,190.478607177734,-93.2396,26.3958,12.2193055666336,52,51,51,52,52,52,0,8040,1.1727079215133,26,-93,0.0073,46,2026-07-12 06:10:33.000658,1698.75,1.0427,0,"aoml_apex",1035.50950049184
"3902693",6,0,1,0.0584,1,0.0146,1,0.000586999987717718,1,199.056435392761,1,1.93057759544721,1799.16003417969,1,4.25099992752075,34.9897003173828,0.0584000013768673,0.0186747275292873,0.000586999987717718,190.904800415039,-93.2396,26.3958,12.2193055666336,52,51,51,52,52,52,0,8040,1.1727079215133,26,-93,0.0073,46,2026-07-12 06:10:33.000658,1799.16003417969,1.0427,0,"aoml_apex",1035.95939614989
"3902693",6,0,1,0.0511,1,0.0073,1,0.000554000027477741,1,199.069465960693,1,1.92974058284096,1899.68994140625,1,4.25330018997192,34.9900016784668,0.0511000007390976,0.0124498177319765,0.000554000027477741,190.917297363281,-93.2396,26.3958,12.2193055666336,52,51,51,52,52,52,0,8040,1.1727079215133,26,-93,0.0073,46,2026-07-12 06:10:33.000658,1899.68994140625,1.0427,0,"aoml_apex",1036.40873689644
"3902693",7,0.031124544594957,5,0.073,1,0.0292,1,0.000559000007342547,1,182.375208274841,1,1.95563329450174,7.55999994277954,1,30.2054996490479,36.3317985534668,0.0729999989271164,0.64739054441452,0.000559000007342547,174.906692504883,-93.3008,26.4066,23.9411872519299,52,51,51,52,52,52,0.0365,8040,1.1727079215133,26,-93,0.0073,46,2026-07-22 14:02:06.001505,7.55999994277954,1.0427,0,"aoml_apex",1022.68661799888
"3902693",7,0.031124544594957,5,0.0657,1,0.0219,1,0.000581000000238419,1,182.452691627502,1,1.95559857078307,11.6800003051758,1,30.2054996490479,36.3325996398926,0.065700002014637,0.64739054441452,0.000581000000238419,174.981002807617,-93.3008,26.4066,23.9411872519299,52,51,51,52,52,52,0.0365,8040,1.1727079215133,26,-93,0.0073,46,2026-07-22 14:02:06.001505,11.6800003051758,1.0427,0,"aoml_apex",1022.70477688023
"3902693",7,0.031124544594957,5,0.0803,1,0.0365,1,0.00064899999415502,1,182.470733952332,1,1.95555928120381,16.6000003814697,1,30.2101993560791,36.3342018127441,0.0803000032901764,0.64739054441452,0.00064899999415502,174.998306274414,-93.3008,26.4066,23.9411872519299,52,51,51,52,52,52,0.0365,8040,1.1727079215133,26,-93,0.0073,46,2026-07-22 14:02:06.001505,16.6000003814697,1.0427,0,"aoml_apex",1022.72532427083
"3902693",7,0.031124544594957,5,0.0803,1,0.0365,1,0.000783000024966896,1,182.556952081299,1,1.95551984735435,21.5499992370605,1,30.2108993530273,36.3339004516602,0.0803000032901764,0.64739054441452,0.000783000024966896,175.080993652344,-93.3008,26.4066,23.9411872519299,52,51,51,52,52,52,0.0365,8040,1.1727079215133,26,-93,0.0073,46,2026-07-22 14:02:06.001505,21.5499992370605,1.0427,0,"aoml_apex",1022.74594794107
"3902693",7,0.031124544594957,1,0.0803,1,0.0365,1,0.000647999986540526,1,184.156259393311,1,1.95536514688063,26.8299999237061,1,30.1553993225098,36.3862991333008,0.0803000032901764,0.64739054441452,0.000647999986540526,176.614807128906,-93.3008,26.4066,23.9411872519299,52,51,51,52,52,52,0.0365,8040,1.1727079215133,26,-93,0.0073,46,2026-07-22 14:02:06.001505,26.8299999237061,1.0427,0,"aoml_apex",1022.82686340736
"3902693",7,0.0560241802709226,1,0.1095,1,0.0657,1,0.00061500002630055,1,187.83854833374,1,1.9551883897711,31.8600006103516,1,29.9022998809814,36.3651008605957,0.109499998390675,0.64739054441452,0.00061500002630055,180.146301269531,-93.3008,26.4066,23.9411872519299,52,51,51,52,52,52,0.0657,8040,1.1727079215133,26,-93,0.0073,46,2026-07-22 14:02:06.001505,31.8600006103516,1.0427,0,"aoml_apex",1022.91933118227
"3902693",7,0.0560241802709226,1,0.1095,1,0.0657,1,0.000682000012602657,1,194.044598944092,1,1.95456365382816,36.689998626709,1,29.0431003570557,36.3846015930176,0.109499998390675,0.64739054441452,0.000682000012602657,186.098205566406,-93.3008,26.4066,23.9411872519299,52,51,51,52,52,52,0.0657,8040,1.1727079215133,26,-93,0.0073,46,2026-07-22 14:02:06.001505,36.689998626709,1.0427,0,"aoml_apex",1023.24628624033
"3902693",7,0.0933736337848711,1,0.1533,1,0.1095,1,0.000793999992311001,1,203.729302061462,1,1.95359827640418,41.8499984741211,1,27.722900390625,36.4454002380371,0.153300002217293,0.64739054441452,0.000793999992311001,195.386306762695,-93.3008,26.4066,23.9411872519299,52,51,51,52,52,52,0.1095,8040,1.1727079215133,26,-93,0.0073,46,2026-07-22 14:02:06.001505,41.8499984741211,1.0427,0,"aoml_apex",1023.75192697305
"3902693",7,0.105823451622854,1,0.1679,1,0.1241,1,0.000748999998904765,1,207.924397149658,1,1.95280565135596,46.9000015258789,1,26.6033000946045,36.4886016845703,0.167899996042252,0.64739054441452,0.000748999998904765,199.409606933594,-93.3008,26.4066,23.9411872519299,52,51,51,52,52,52,0.1241,8040,1.1727079215133,26,-93,0.0073,46,2026-07-22 14:02:06.001505,46.9000015258789,1.0427,0,"aoml_apex",1024.16745804237
"3902693",7,0.105823451622854,1,0.1679,1,0.1241,1,0.000838999985717237,1,208.162224902344,1,1.95246727685589,51.9799995422363,1,26.1543998718262,36.5064010620117,0.167899996042252,0.64739054441452,0.000838999985717237,199.6376953125,-93.3008,26.4066,23.9411872519299,52,51,51,52,52,52,0.1241,8040,1.1727079215133,26,-93,0.0073,46,2026-07-22 14:02:06.001505,51.9799995422363,1.0427,0,"aoml_apex",1024.34495251601
"3902693",7,0.130723087298819,1,0.1971,1,0.1533,1,0.000760000024456531,1,205.356738853455,1,1.95214545388577,56.5699996948242,1,25.769100189209,36.5438003540039,0.19709999859333,0.64739054441452,0.000760000024456531,196.94709777832,-93.3008,26.4066,23.9411872519299,52,51,51,52,52,52,0.1533,8040,1.1727079215133,26,-93,0.0073,46,2026-07-22 14:02:06.001505,56.5699996948242,1.0427,0,"aoml_apex",1024.51382196904
"3902693",7,0.174297449731759,1,0.2482,1,0.2044,1,0.000905000022612512,1,198.839036515808,1,1.95169148174024,61.7200012207031,1,25.2317008972168,36.6091003417969,0.248199999332428,0.64739054441452,0.000905000022612512,190.696304321289,-93.3008,26.4066,23.9411872519299,52,51,51,52,52,52,0.2044,8040,1.1727079215133,26,-93,0.0073,46,2026-07-22 14:02:06.001505,61.7200012207031,1.0427,0,"aoml_apex",1024.75212845459
"3902693",7,0.516667440276287,1,0.6497,1,0.6059,1,0.0011289999820292,1,169.065047949219,1,1.95133694192995,66.5500030517578,1,24.9768009185791,36.7242012023926,0.649699985980988,0.64739054441452,0.0011289999820292,162.1416015625,-93.3008,26.4066,23.9411872519299,52,51,51,52,52,52,0.6059,8040,1.1727079215133,26,-93,0.0073,46,2026-07-22 14:02:06.001505,66.5500030517578,1.0427,0,"aoml_apex",1024.93831640471
"3902693",7,0.871487248658797,1,1.0658,1,1.022,1,0.00127400003839284,1,161.480032316589,1,1.95104604503502,71.9700012207031,1,24.5384006500244,36.7186012268066,1.06579995155334,0.64739054441452,0.00127400003839284,154.867202758789,-93.3008,26.4066,23.9411872519299,52,51,51,52,52,52,1.022,8040,1.1727079215133,26,-93,0.0073,46,2026-07-22 14:02:06.001505,71.9700012207031,1.0427,0,"aoml_apex",1025.0911325694
"3902693",7,0.722089434603003,1,0.8906,1,0.8468,1,0.00116200000047684,1,152.665147451782,1,1.95068532633958,76.4800033569336,1,24.1410999298096,36.7849006652832,0.890600025653839,0.64739054441452,0.00116200000047684,146.413299560547,-93.3008,26.4066,23.9411872519299,52,51,51,52,52,52,0.8468,8040,1.1727079215133,26,-93,0.0073,46,2026-07-22 14:02:06.001505,76.4800033569336,1.0427,0,"aoml_apex",1025.28069135218
"3902693",7,0.641165618656115,1,0.7957,1,0.7519,1,0.00109499995596707,1,152.1038625,1,1.95046189307069,81.6600036621094,1,23.8190994262695,36.7832984924316,0.795700013637543,0.64739054441452,0.00109499995596707,145.875,-93.3008,26.4066,23.9411872519299,52,51,51,52,52,52,0.7519,8040,1.1727079215133,26,-93,0.0073,46,2026-07-22 14:02:06.001505,81.6600036621094,1.0427,0,"aoml_apex",1025.39814138656
"3902693",7,0.479317986762338,1,0.6059,1,0.5621,1,0.000949000008404255,1,144.504352548218,1,1.95011689781687,86.9400024414062,1,23.3698997497559,36.8170013427734,0.60589998960495,0.485542923212051,0.000949000008404255,138.586700439453,-93.3008,26.4066,23.9411872519299,52,51,51,52,52,52,0.5621,8040,1.1727079215133,26,-93,0.0073,46,2026-07-22 14:02:06.001505,86.9400024414062,1.0427,0,"aoml_apex",1025.57954461036
"3902693",7,0.435743624329398,1,0.5548,1,0.511,1,0.00124000001233071,1,143.479488038635,1,1.94984807853519,91.8199996948242,1,23.0146007537842,36.8382987976074,0.554799973964691,0.441968530416489,0.00124000001233071,137.603805541992,-93.3008,26.4066,23.9411872519299,52,51,51,52,52,52,0.511,8040,1.1727079215133,26,-93,0.0073,46,2026-07-22 14:02:06.001505,91.8199996948242,1.0427,0,"aoml_apex",1025.72093796276
"3902693",7,0.336145081625536,1,0.438,1,0.3942,1,0.000747999991290271,1,148.922065104675,1,1.94957855797512,96.9000015258789,1,22.0330009460449,36.6240005493164,0.437999993562698,0.342370003461838,0.000747999991290271,142.823501586914,-93.3008,26.4066,23.9411872519299,52,51,51,52,52,52,0.3942,8040,1.1727079215133,26,-93,0.0073,46,2026-07-22 14:02:06.001505,96.9000015258789,1.0427,0,"aoml_apex",1025.862739318
"3902693",7,0.367269626220493,1,0.4745,1,0.4307,1,0.000983000034466386,1,145.035710151672,1,1.94928879666337,101.75,1,22.0186996459961,36.7916984558105,0.474500000476837,0.373494565486908,0.000983000034466386,139.096298217773,-93.3008,26.4066,23.9411872519299,52,51,51,52,52,52,0.4307,8040,1.1727079215133,26,-93,0.0073,46,2026-07-22 14:02:06.001505,101.75,1.0427,0,"aoml_apex",1026.01523356797
"3902693",7,0.217871812164699,1,0.2993,1,0.2555,1,0.000636000011581928,1,131.609070231628,1,1.94873878390854,111.730003356934,1,20.5842990875244,36.5910987854004,0.299299985170364,0.224096730351448,0.000636000011581928,126.219497680664,-93.3008,26.4066,23.9411872519299,52,51,51,52,52,52,0.2555,8040,1.1727079215133,26,-93,0.0073,46,2026-07-22 14:02:06.001505,111.730003356934,1.0427,0,"aoml_apex",1026.30481648682
"3902693",7,0.192972176488734,1,0.2701,1,0.2263,1,0.000590000010561198,1,131.413667398834,1,1.94843535648901,121.819999694824,1,20.6623001098633,36.7713012695312,0.270099997520447,0.199197083711624,0.000590000010561198,126.032096862793,-93.3008,26.4066,23.9411872519299,52,51,51,52,52,52,0.2263,8040,1.1727079215133,26,-93,0.0073,46,2026-07-22 14:02:06.001505,121.819999694824,1.0427,0,"aoml_apex",1026.46464166197
"3902693",7,0.174297449731759,1,0.2482,1,0.2044,1,0.000568000017665327,1,133.033188796997,1,1.94811612535629,131.580001831055,1,19.9048004150391,36.6679000854492,0.248199999332428,0.180522367358208,0.000568000017665327,127.585296630859,-93.3008,26.4066,23.9411872519299,52,51,51,52,52,52,0.2044,8040,1.1727079215133,26,-93,0.0073,46,2026-07-22 14:02:06.001505,131.580001831055,1.0427,0,"aoml_apex",1026.63284491535
"3902693",7,0.0871487248658797,1,0.146,1,0.1022,1,0.00055699999211356,1,137.390632987976,1,1.94779629547315,141.690002441406,1,19.3430995941162,36.6362991333008,0.145999997854233,0.093373641371727,0.00055699999211356,131.764297485352,-93.3008,26.4066,23.9411872519299,52,51,51,52,52,52,0.1022,8040,1.1727079215133,26,-93,0.0073,46,2026-07-22 14:02:06.001505,141.690002441406,1.0427,0,"aoml_apex",1026.80141894108
"3902693",7,0.0435743624329398,1,0.0949,1,0.0511,1,0.000545000017154962,1,133.306695485687,1,1.94760323983564,151.610000610352,1,19.0317001342773,36.6064987182617,0.0948999971151352,0.049799270927906,0.000545000017154962,127.847602844238,-93.3008,26.4066,23.9411872519299,52,51,51,52,52,52,0.0511,8040,1.1727079215133,26,-93,0.0073,46,2026-07-22 14:02:06.001505,151.610000610352,1.0427,0,"aoml_apex",1026.90320035038
"3902693",7,0.0560241802709226,1,0.1095,1,0.0657,1,0.000623000029008836,1,121.486228189087,1,1.9473748763066,161.929992675781,1,18.3700008392334,36.4826011657715,0.109499998390675,0.0622490867972374,0.000623000029008836,116.511199951172,-93.3008,26.4066,23.9411872519299,52,51,51,52,52,52,0.0657,8040,1.1727079215133,26,-93,0.0073,46,2026-07-22 14:02:06.001505,161.929992675781,1.0427,0,"aoml_apex",1027.02362258735
"3902693",7,0.0497992713519312,1,0.1022,1,0.0584,1,0.000500000023748726,1,123.10919417572,1,1.94719456252389,171.279998779297,1,18.0130996704102,36.4356002807617,0.102200001478195,0.056024182587862,0.000500000023748726,118.06770324707,-93.3008,26.4066,23.9411872519299,52,51,51,52,52,52,0.0584,8040,1.1727079215133,26,-93,0.0073,46,2026-07-22 14:02:06.001505,171.279998779297,1.0427,0,"aoml_apex",1027.11872685576
"3902693",7,0.0186747267569742,1,0.0657,1,0.0219,1,0.000488999998196959,1,121.40197498703,1,1.94693466013891,181.300003051758,1,17.37380027771,36.3498992919922,0.065700002014637,0.024899635463953,0.000488999998196959,116.430397033691,-93.3008,26.4066,23.9411872519299,52,51,51,52,52,52,0.0219,8040,1.1727079215133,26,-93,0.0073,46,2026-07-22 14:02:06.001505,181.300003051758,1.0427,0,"aoml_apex",1027.25584014068
"3902693",7,0.0124498178379828,1,0.0584,1,0.0146,1,0.000488999998196959,1,121.298024784851,1,1.94677764298781,191.729995727539,1,17.0653991699219,36.2999992370605,0.0584000013768673,0.0186747275292873,0.000488999998196959,116.330703735352,-93.3008,26.4066,23.9411872519299,52,51,51,52,52,52,0.0146,8040,1.1727079215133,26,-93,0.0073,46,2026-07-22 14:02:06.001505,191.729995727539,1.0427,0,"aoml_apex",1027.33869335509
"3902693",7,0.0124498178379828,1,0.0584,1,0.0146,1,0.000444000004790723,1,121.039640873718,1,1.94661177383668,201.710006713867,1,16.7301998138428,36.2513999938965,0.0584000013768673,0.0186747275292873,0.000444000004790723,116.082901000977,-93.3008,26.4066,23.9411872519299,52,51,51,52,52,52,0.0146,8040,1.1727079215133,26,-93,0.0073,46,2026-07-22 14:02:06.001505,201.710006713867,1.0427,0,"aoml_apex",1027.42623202062
"3902693",7,-0.00622490891899141,1,0.0365,1,-0.0073,1,0.000610999995842576,1,118.87051271286,1,1.94644416557996,211.470001220703,1,16.3412990570068,36.1898994445801,0.0364999994635582,0,0.000610999995842576,114.002601623535,-93.3008,26.4066,23.9411872519299,52,51,51,52,52,52,-0.0073,8040,1.1727079215133,26,-93,0.0073,46,2026-07-22 14:02:06.001505,211.470001220703,1.0427,0,"aoml_apex",1027.51470366687
"3902693",7,0,1,0.0438,1,0,1,0.000487999990582466,1,128.901910079956,1,1.94628693423341,221.419998168945,1,16.0177993774414,36.1417999267578,0.0438000001013279,0.00622490886598825,0.000487999990582466,123.623199462891,-93.3008,26.4066,23.9411872519299,52,51,51,52,52,52,0,8040,1.1727079215133,26,-93,0.0073,46,2026-07-22 14:02:06.001505,221.419998168945,1.0427,0,"aoml_apex",1027.59771173604
"3902693",7,0,1,0.0511,1,0.0073,1,0.000465999997686595,1,130.483898987579,1,1.94612922557695,231.559997558594,1,15.6201000213623,36.0718002319336,0.0511000007390976,0.0124498177319765,0.000465999997686595,125.140403747559,-93.3008,26.4066,23.9411872519299,52,51,51,52,52,52,0,8040,1.1727079215133,26,-93,0.0073,46,2026-07-22 14:02:06.001505,231.559997558594,1.0427,0,"aoml_apex",1027.68098526812
"3902693",7,0,1,0.0438,1,0,1,0.000432000000728294,1,129.095960533905,1,1.94601271094252,241.699996948242,1,15.4229001998901,36.0348014831543,0.0438000001013279,0.00622490886598825,0.000432000000728294,123.809303283691,-93.3008,26.4066,23.9411872519299,52,51,51,52,52,52,0,8040,1.1727079215133,26,-93,0.0073,46,2026-07-22 14:02:06.001505,241.699996948242,1.0427,0,"aoml_apex",1027.74251614797
"3902693",7,0,1,0.0438,1,0,1,0.00047699999413453,1,127.126188925171,1,1.94583953473194,251.130004882812,1,14.9576997756958,35.9623985290527,0.0438000001013279,0.00622490886598825,0.00047699999413453,121.920196533203,-93.3008,26.4066,23.9411872519299,52,51,51,52,52,52,0,8040,1.1727079215133,26,-93,0.0073,46,2026-07-22 14:02:06.001505,251.130004882812,1.0427,0,"aoml_apex",1027.83398337907
"3902693",7,0,1,0.0438,1,0,1,0.00044299999717623,1,125.601763625336,1,1.94572576906666,261.739990234375,1,14.7757997512817,35.926700592041,0.0438000001013279,0.00622490886598825,0.00044299999717623,120.458198547363,-93.3008,26.4066,23.9411872519299,52,51,51,52,52,52,0,8040,1.1727079215133,26,-93,0.0073,46,2026-07-22 14:02:06.001505,261.739990234375,1.0427,0,"aoml_apex",1027.89408034585
"3902693",7,0,1,0.0438,1,0,1,0.00044299999717623,1,123.114921897888,1,1.94558251927479,271.170013427734,1,14.4496002197266,35.8768997192383,0.0438000001013279,0.00622490886598825,0.00044299999717623,118.073196411133,-93.3008,26.4066,23.9411872519299,52,51,51,52,52,52,0,8040,1.1727079215133,26,-93,0.0073,46,2026-07-22 14:02:06.001505,271.170013427734,1.0427,0,"aoml_apex",1027.96976236479
"3902693",7,0,1,0.0365,1,-0.0073,1,0.00044299999717623,1,121.054548861694,1,1.94543657046929,281.760009765625,1,14.1400003433228,35.8282012939453,0.0364999994635582,0,0.00044299999717623,116.097198486328,-93.3008,26.4066,23.9411872519299,52,51,51,52,52,52,0,8040,1.1727079215133,26,-93,0.0073,46,2026-07-22 14:02:06.001505,281.760009765625,1.0427,0,"aoml_apex",1028.04688179453
"3902693",7,0,1,0.0365,1,-0.0073,1,0.000453999993624166,1,118.233104742432,1,1.94530644153814,291.720001220703,1,13.8720998764038,35.7849998474121,0.0364999994635582,0,0.000453999993624166,113.391296386719,-93.3008,26.4066,23.9411872519299,52,51,51,52,52,52,0,8040,1.1727079215133,26,-93,0.0073,46,2026-07-22 14:02:06.001505,291.720001220703,1.0427,0,"aoml_apex",1028.11565175233
"3902693",7,0,1,0.0511,1,0.0073,1,0.000441999989561737,1,116.396701553345,1,1.94516979501326,301.589996337891,1,13.5882997512817,35.7431983947754,0.0511000007390976,0.0124498177319765,0.000441999989561737,111.630096435547,-93.3008,26.4066,23.9411872519299,52,51,51,52,52,52,0,8040,1.1727079215133,26,-93,0.0073,46,2026-07-22 14:02:06.001505,301.589996337891,1.0427,0,"aoml_apex",1028.18787600307
"3902693",7,0,1,0.0511,1,0.0073,1,0.000441999989561737,1,111.923835805511,1,1.94506631773881,309.429992675781,1,13.4083003997803,35.7196006774902,0.0511000007390976,0.0124498177319765,0.000441999989561737,107.340400695801,-93.3008,26.4066,23.9411872519299,52,51,51,52,52,52,0,8040,1.1727079215133,26,-93,0.0073,46,2026-07-22 14:02:06.001505,309.429992675781,1.0427,0,"aoml_apex",1028.24257546398
"3902693",7,0,1,0.0438,1,0,1,0.000452999986009672,1,111.510819306183,1,1.94490312097483,321.429992675781,1,13.0781002044678,35.6726989746094,0.0438000001013279,0.00622490886598825,0.000452999986009672,106.944297790527,-93.3008,26.4066,23.9411872519299,52,51,51,52,52,52,0,8040,1.1727079215133,26,-93,0.0073,46,2026-07-22 14:02:06.001505,321.429992675781,1.0427,0,"aoml_apex",1028.32885526841
"3902693",7,0,1,0.0511,1,0.0073,1,0.000441999989561737,1,109.997658526611,1,1.94479813840128,331.230010986328,1,12.8921003341675,35.6383018493652,0.0511000007390976,0.0124498177319765,0.000441999989561737,105.493103027344,-93.3008,26.4066,23.9411872519299,52,51,51,52,52,52,0,8040,1.1727079215133,26,-93,0.0073,46,2026-07-22 14:02:06.001505,331.230010986328,1.0427,0,"aoml_apex",1028.38436571319
"3902693",7,0,1,0.0511,1,0.0073,1,0.000441999989561737,1,108.055626594543,1,1.94465900721449,341.559997558594,1,12.6533002853394,35.6105995178223,0.0511000007390976,0.0124498177319765,0.000441999989561737,103.630599975586,-93.3008,26.4066,23.9411872519299,52,51,51,52,52,52,0,8040,1.1727079215133,26,-93,0.0073,46,2026-07-22 14:02:06.001505,341.559997558594,1.0427,0,"aoml_apex",1028.45794176778
"3902693",7,0,1,0.0365,1,-0.0073,1,0.000497000000905246,1,107.443874046326,1,1.94454741825714,351.320007324219,1,12.4348001480103,35.573299407959,0.0364999994635582,0,0.000497000000905246,103.043899536133,-93.3008,26.4066,23.9411872519299,52,51,51,52,52,52,0,8040,1.1727079215133,26,-93,0.0073,46,2026-07-22 14:02:06.001505,351.320007324219,1.0427,0,"aoml_apex",1028.51696041054
"3902693",7,0,1,0.0511,1,0.0073,1,0.000418999989051372,1,109.200097080231,1,1.94441518693971,361.390014648438,1,12.1117000579834,35.521800994873,0.0511000007390976,0.0124498177319765,0.000418999989051372,104.728202819824,-93.3008,26.4066,23.9411872519299,52,51,51,52,52,52,0,8040,1.1727079215133,26,-93,0.0073,46,2026-07-22 14:02:06.001505,361.390014648438,1.0427,0,"aoml_apex",1028.58690542722
"3902693",7,0,1,0.0438,1,0,1,0.000418000010540709,1,105.715287271881,1,1.94417845387626,381.279998779297,1,11.7257995605469,35.4705009460449,0.0438000001013279,0.00622490886598825,0.000418000010540709,101.386100769043,-93.3008,26.4066,23.9411872519299,52,51,51,52,52,52,0,8040,1.1727079215133,26,-93,0.0073,46,2026-07-22 14:02:06.001505,381.279998779297,1.0427,0,"aoml_apex",1028.71215140382
"3902693",7,0,1,0.0365,1,-0.0073,1,0.000407000014092773,1,103.274537797546,1,1.94394443642131,401.410003662109,1,11.3338003158569,35.4160995483398,0.0364999994635582,0,0.000407000014092773,99.0453033447266,-93.3008,26.4066,23.9411872519299,52,51,51,52,52,52,0,8040,1.1727079215133,26,-93,0.0073,46,2026-07-22 14:02:06.001505,401.410003662109,1.0427,0,"aoml_apex",1028.83599064276
"3902693",7,0,1,0.0438,1,0,1,0.00040600000647828,1,103.354304283905,1,1.943377966969,451.890014648438,1,10.4062995910645,35.2864990234375,0.0438000001013279,0.00622490886598825,0.00040600000647828,99.1218032836914,-93.3008,26.4066,23.9411872519299,52,51,51,52,52,52,0,8040,1.1727079215133,26,-93,0.0073,46,2026-07-22 14:02:06.001505,451.890014648438,1.0427,0,"aoml_apex",1029.13588297974
"3902693",7,0,1,0.0584,1,0.0146,1,0.000427999999374151,1,104.69927686615,1,1.94284311048936,501.089996337891,1,9.54559993743896,35.1674995422363,0.0584000013768673,0.0186747275292873,0.000427999999374151,100.411697387695,-93.3008,26.4066,23.9411872519299,52,51,51,52,52,52,0,8040,1.1727079215133,26,-93,0.0073,46,2026-07-22 14:02:06.001505,501.089996337891,1.0427,0,"aoml_apex",1029.41919972954
"3902693",7,0,1,0.0438,1,0,1,0.000426999991759658,1,108.294512384796,1,1.94227195442162,551.539978027344,1,8.61110019683838,35.0583000183105,0.0438000001013279,0.00622490886598825,0.000426999991759658,103.859703063965,-93.3008,26.4066,23.9411872519299,52,51,51,52,52,52,0,8040,1.1727079215133,26,-93,0.0073,46,2026-07-22 14:02:06.001505,551.539978027344,1.0427,0,"aoml_apex",1029.72191687522
"3902693",7,0,1,0.0438,1,0,1,0.000391999987186864,1,112.500243534851,1,1.94173518993698,601.190002441406,1,7.91750001907349,34.9897994995117,0.0438000001013279,0.00622490886598825,0.000391999987186864,107.893203735352,-93.3008,26.4066,23.9411872519299,52,51,51,52,52,52,0,8040,1.1727079215133,26,-93,0.0073,46,2026-07-22 14:02:06.001505,601.190002441406,1.0427,0,"aoml_apex",1030.00656853982
"3902693",7,0,1,0.0584,1,0.0146,1,0.000357999990228564,1,114.690954071045,1,1.94122343636076,650.960021972656,1,7.5310001373291,34.9706001281738,0.0584000013768673,0.0186747275292873,0.000357999990228564,109.994201660156,-93.3008,26.4066,23.9411872519299,52,51,51,52,52,52,0,8040,1.1727079215133,26,-93,0.0073,46,2026-07-22 14:02:06.001505,650.960021972656,1.0427,0,"aoml_apex",1030.27810325092
"3902693",7,0,1,0.0511,1,0.0073,1,0.000536000006832182,1,121.693619462585,1,1.940667667356,701.070007324219,1,6.94259977340698,34.9407997131348,0.0511000007390976,0.0124498177319765,0.000536000006832182,116.710098266602,-93.3008,26.4066,23.9411872519299,52,51,51,52,52,52,0,8040,1.1727079215133,26,-93,0.0073,46,2026-07-22 14:02:06.001505,701.070007324219,1.0427,0,"aoml_apex",1030.5731546117
"3902693",7,0,1,0.0584,1,0.0146,1,0.000379000004613772,1,127.962857985687,1,1.94013824080175,749.97998046875,1,6.51160001754761,34.9337005615234,0.0584000013768673,0.0186747275292873,0.000379000004613772,122.722602844238,-93.3008,26.4066,23.9411872519299,52,51,51,52,52,52,0,8040,1.1727079215133,26,-93,0.0073,46,2026-07-22 14:02:06.001505,749.97998046875,1.0427,0,"aoml_apex",1030.85437828054
"3902693",7,0,1,0.0438,1,0,1,0.000390000001061708,1,134.852281536865,1,1.93961262395196,801.400024414062,1,6.17929983139038,34.9299011230469,0.0438000001013279,0.00622490886598825,0.000390000001061708,129.329895019531,-93.3008,26.4066,23.9411872519299,52,51,51,52,52,52,0,8040,1.1727079215133,26,-93,0.0073,46,2026-07-22 14:02:06.001505,801.400024414062,1.0427,0,"aoml_apex",1031.13373015948
"3902693",7,0,1,0.0511,1,0.0073,1,0.000333000003593042,1,139.452056106567,1,1.93910756592742,851.359985351562,1,5.91450023651123,34.9342002868652,0.0511000007390976,0.0124498177319765,0.000333000003593042,133.741302490234,-93.3008,26.4066,23.9411872519299,52,51,51,52,52,52,0,8040,1.1727079215133,26,-93,0.0073,46,2026-07-22 14:02:06.001505,851.359985351562,1.0427,0,"aoml_apex",1031.40229822344
"3902693",7,0,1,0.0511,1,0.0073,1,0.000422000011894852,1,146.035340863037,1,1.93861214256174,901.429992675781,1,5.68270015716553,34.9380989074707,0.0511000007390976,0.0124498177319765,0.000422000011894852,140.054992675781,-93.3008,26.4066,23.9411872519299,52,51,51,52,52,52,0,8040,1.1727079215133,26,-93,0.0073,46,2026-07-22 14:02:06.001505,901.429992675781,1.0427,0,"aoml_apex",1031.66587895047
"3902693",7,0,1,0.0511,1,0.0073,1,0.000455000001238659,1,152.713737628174,1,1.93811363803907,951.299987792969,1,5.43730020523071,34.9432983398438,0.0511000007390976,0.0124498177319765,0.000455000001238659,146.459899902344,-93.3008,26.4066,23.9411872519299,52,51,51,52,52,52,0,8040,1.1727079215133,26,-93,0.0073,46,2026-07-22 14:02:06.001505,951.299987792969,1.0427,0,"aoml_apex",1031.93123496285
"3902693",7,0,1,0.0584,1,0.0146,1,0.000399000011384487,1,158.690488427734,1,1.93764422813585,999.320007324219,1,5.23759984970093,34.948299407959,0.0584000013768673,0.0186747275292873,0.000399000011384487,152.19189453125,-93.3008,26.4066,23.9411872519299,52,51,51,52,52,52,0,8040,1.1727079215133,26,-93,0.0073,46,2026-07-22 14:02:06.001505,999.320007324219,1.0427,0,"aoml_apex",1032.18122860673
"3902693",7,0,1,0.0438,1,0,1,0.000387000007322058,1,171.304555496216,1,1.93666882954136,1099.58996582031,1,4.84819984436035,34.961799621582,0.0438000001013279,0.00622490886598825,0.000387000007322058,164.289398193359,-93.3008,26.4066,23.9411872519299,52,51,51,52,52,52,0,8040,1.1727079215133,26,-93,0.0073,46,2026-07-22 14:02:06.001505,1099.58996582031,1.0427,0,"aoml_apex",1032.70108419808
"3902693",7,0,1,0.0438,1,0,1,0.000409000000217929,1,181.21948122406,1,1.93573280069784,1200.03002929688,1,4.58809995651245,34.9721984863281,0.0438000001013279,0.00622490886598825,0.000409000000217929,173.798294067383,-93.3008,26.4066,23.9411872519299,52,51,51,52,52,52,0,8040,1.1727079215133,26,-93,0.0073,46,2026-07-22 14:02:06.001505,1200.03002929688,1.0427,0,"aoml_apex",1033.20044960699
"3902693",7,0,1,0.0511,1,0.0073,1,0.000342000013915822,1,187.104063427734,1,1.93484644877028,1299.35998535156,1,4.45149993896484,34.9785003662109,0.0511000007390976,0.0124498177319765,0.000342000013915822,179.44189453125,-93.3008,26.4066,23.9411872519299,52,51,51,52,52,52,0,8040,1.1727079215133,26,-93,0.0073,46,2026-07-22 14:02:06.001505,1299.35998535156,1.0427,0,"aoml_apex",1033.67375807581
"3902693",7,0,1,0.0511,1,0.0073,1,0.000342000013915822,1,191.764838238525,1,1.9339704309347,1399.25,1,4.35599994659424,34.9832000732422,0.0511000007390976,0.0124498177319765,0.000342000013915822,183.911804199219,-93.3008,26.4066,23.9411872519299,52,51,51,52,52,52,0,8040,1.1727079215133,26,-93,0.0073,46,2026-07-22 14:02:06.001505,1399.25,1.0427,0,"aoml_apex",1034.14197446307
"3902693",7,0,1,0.0511,1,0.0073,1,0.000385999999707565,1,194.826719406128,1,1.9331009831225,1500.25,1,4.30319976806641,34.986198425293,0.0511000007390976,0.0124498177319765,0.000385999999707565,186.848297119141,-93.3008,26.4066,23.9411872519299,52,51,51,52,52,52,0,8040,1.1727079215133,26,-93,0.0073,46,2026-07-22 14:02:06.001505,1500.25,1.0427,0,"aoml_apex",1034.60709888495
"3902693",7,0,1,0.0511,1,0.0073,1,0.000441999989561737,1,196.50526020813,1,1.93225833147654,1599.43005371094,1,4.27820014953613,34.9879989624023,0.0511000007390976,0.0124498177319765,0.000441999989561737,188.458099365234,-93.3008,26.4066,23.9411872519299,52,51,51,52,52,52,0,8040,1.1727079215133,26,-93,0.0073,46,2026-07-22 14:02:06.001505,1599.43005371094,1.0427,0,"aoml_apex",1035.0582877144
"3902693",7,0,1,0.0584,1,0.0146,1,0.000385999999707565,1,197.767141043091,1,1.93141987238813,1698.82995605469,1,4.26359987258911,34.989200592041,0.0584000013768673,0.0186747275292873,0.000385999999707565,189.668304443359,-93.3008,26.4066,23.9411872519299,52,51,51,52,52,52,0,8040,1.1727079215133,26,-93,0.0073,46,2026-07-22 14:02:06.001505,1698.82995605469,1.0427,0,"aoml_apex",1035.50762244518
"3902693",7,0,1,0.0438,1,0,1,0.000430999993113801,1,198.471889524841,1,1.93057850943359,1799.33996582031,1,4.25909996032715,34.9896011352539,0.0438000001013279,0.00622490886598825,0.000430999993113801,190.344192504883,-93.3008,26.4066,23.9411872519299,52,51,51,52,52,52,0,8040,1.1727079215133,26,-93,0.0073,46,2026-07-22 14:02:06.001505,1799.33996582031,1.0427,0,"aoml_apex",1035.95890569961
"3902693",7,0,1,0.0584,1,0.0146,1,0.000621000013779849,1,198.742158459473,1,1.92975441979427,1898.42004394531,1,4.26429986953735,34.9898986816406,0.0584000013768673,0.0186747275292873,0.000621000013779849,190.603393554688,-93.3008,26.4066,23.9411872519299,52,51,51,52,52,52,0,8040,1.1727079215133,26,-93,0.0073,46,2026-07-22 14:02:06.001505,1898.42004394531,1.0427,0,"aoml_apex",1036.40130551597
"3902693",8,0.0191076232037816,5,0.0657,1,0.0219,1,0.000569999974686652,1,181.259320713806,1,1.95583206727067,7.71000003814697,1,30.6679992675781,36.4058990478516,0.065700002014637,0.324829608201981,0.000569999974686652,173.836502075195,-93.3464,26.5106,9.83502450918369,52,51,51,52,52,52,0.0219,7812,1.14613941077013,27,-93,0.0073,46,2026-08-01 21:35:53.002304,7.71000003814697,1.0427,0,"aoml_apex",1022.58268154431
"3902693",8,0.00636920773459388,1,0.0511,1,0.0073,1,0.000625999993644655,1,182.573116986084,1,1.95562866532474,11.9300003051758,1,30.5554008483887,36.4715995788574,0.0511000007390976,0.324829608201981,0.000625999993644655,175.096496582031,-93.3464,26.5106,9.83502450918369,52,51,51,52,52,52,0.0073,7812,1.14613941077013,27,-93,0.0073,46,2026-08-01 21:35:53.002304,11.9300003051758,1.0427,0,"aoml_apex",1022.68903880476
"3902693",8,0.0127384154691878,1,0.0584,1,0.0146,1,0.000625999993644655,1,183.211773918152,1,1.95543622369148,16.4300003051758,1,30.4517002105713,36.532299041748,0.0584000013768673,0.324829608201981,0.000625999993644655,175.708999633789,-93.3464,26.5106,9.83502450918369,52,51,51,52,52,52,0.0146,7812,1.14613941077013,27,-93,0.0073,46,2026-08-01 21:35:53.002304,16.4300003051758,1.0427,0,"aoml_apex",1022.78968537485
"3902693",8,0.0254768309383755,1,0.073,1,0.0292,1,0.000682000012602657,1,183.909028630066,1,1.95527658114741,21.7099990844727,1,30.2446994781494,36.5181999206543,0.0729999989271164,0.324829608201981,0.000682000012602657,176.377700805664,-93.3464,26.5106,9.83502450918369,52,51,51,52,52,52,0.0292,7812,1.14613941077013,27,-93,0.0073,46,2026-08-01 21:35:53.002304,21.7099990844727,1.0427,0,"aoml_apex",1022.8731931246
"3902693",8,0.0191076232037816,1,0.0657,1,0.0219,1,0.000670999987050891,1,184.767582362366,1,1.9551921819023,26.7600002288818,1,30.1746997833252,36.5162010192871,0.065700002014637,0.324829608201981,0.000670999987050891,177.201095581055,-93.3464,26.5106,9.83502450918369,52,51,51,52,52,52,0.0219,7812,1.14613941077013,27,-93,0.0073,46,2026-08-01 21:35:53.002304,26.7600002288818,1.0427,0,"aoml_apex",1022.91734721142
"3902693",8,0.0191076232037816,1,0.0657,1,0.0219,1,0.000692999979946762,1,185.814673616028,1,1.9550893179128,31.6100006103516,1,30.1478996276855,36.5480995178223,0.065700002014637,0.324829608201981,0.000692999979946762,178.205307006836,-93.3464,26.5106,9.83502450918369,52,51,51,52,52,52,0.0219,7812,1.14613941077013,27,-93,0.0073,46,2026-08-01 21:35:53.002304,31.6100006103516,1.0427,0,"aoml_apex",1022.97116641973
"3902693",8,0.0318460386729694,1,0.0803,1,0.0365,1,0.000805000017862767,1,199.078121185303,1,1.95467329385601,36.8400001525879,1,29.3311996459961,36.4367980957031,0.0803000032901764,0.324829608201981,0.000805000017862767,190.925598144531,-93.3464,26.5106,9.83502450918369,52,51,51,52,52,52,0.0365,7812,1.14613941077013,27,-93,0.0073,46,2026-08-01 21:35:53.002304,36.8400001525879,1.0427,0,"aoml_apex",1023.1888910983
"3902693",8,0.0445844541421572,1,0.0949,1,0.0511,1,0.000705000013113022,1,206.16159519043,1,1.95405179171306,41.8300018310547,1,28.3747997283936,36.4150009155273,0.0948999971151352,0.324829608201981,0.000705000013113022,197.718994140625,-93.3464,26.5106,9.83502450918369,52,51,51,52,52,52,0.0511,7812,1.14613941077013,27,-93,0.0073,46,2026-08-01 21:35:53.002304,41.8300018310547,1.0427,0,"aoml_apex",1023.51432468771
"3902693",8,0.0573228696113449,1,0.1095,1,0.0657,1,0.000727000006008893,1,213.136226564026,1,1.95293098377696,46.810001373291,1,26.7334003448486,36.4570007324219,0.109499998390675,0.324829608201981,0.000727000006008893,204.408004760742,-93.3464,26.5106,9.83502450918369,52,51,51,52,52,52,0.0657,7812,1.14613941077013,27,-93,0.0073,46,2026-08-01 21:35:53.002304,46.810001373291,1.0427,0,"aoml_apex",1024.10173048308
"3902693",8,0.0700612850805327,1,0.1241,1,0.0803,1,0.000984000042080879,1,212.835823446655,1,1.95277940207351,51.8199996948242,1,26.5230007171631,36.4449996948242,0.124099999666214,0.324829608201981,0.000984000042080879,204.119903564453,-93.3464,26.5106,9.83502450918369,52,51,51,52,52,52,0.0803,7812,1.14613941077013,27,-93,0.0073,46,2026-08-01 21:35:53.002304,51.8199996948242,1.0427,0,"aoml_apex",1024.18122491273
"3902693",8,0.0764304928151266,1,0.1314,1,0.0876,1,0.000692999979946762,1,211.815429742432,1,1.95257485431642,56.439998626709,1,26.2665996551514,36.4532012939453,0.131400004029274,0.324829608201981,0.000692999979946762,203.141296386719,-93.3464,26.5106,9.83502450918369,52,51,51,52,52,52,0.0876,7812,1.14613941077013,27,-93,0.0073,46,2026-08-01 21:35:53.002304,56.439998626709,1.0427,0,"aoml_apex",1024.28851604779
"3902693",8,0.0955381160189082,1,0.1533,1,0.1095,1,0.000715999980457127,1,209.758079670715,1,1.95239143051954,61.7700004577637,1,26.0478000640869,36.4589996337891,0.153300002217293,0.324829608201981,0.000715999980457127,201.168197631836,-93.3464,26.5106,9.83502450918369,52,51,51,52,52,52,0.1095,7812,1.14613941077013,27,-93,0.0073,46,2026-08-01 21:35:53.002304,61.7700004577637,1.0427,0,"aoml_apex",1024.38474618166
"3902693",8,0.11464573922269,1,0.1752,1,0.1314,1,0.000660000019706786,1,206.216342668152,1,1.9521395395855,66.879997253418,1,25.7674007415771,36.4886016845703,0.175200000405312,0.324829608201981,0.000660000019706786,197.771499633789,-93.3464,26.5106,9.83502450918369,52,51,51,52,52,52,0.1314,7812,1.14613941077013,27,-93,0.0073,46,2026-08-01 21:35:53.002304,66.879997253418,1.0427,0,"aoml_apex",1024.51692588772
"3902693",8,0.159230193364847,1,0.2263,1,0.1825,1,0.000793999992311001,1,201.307525666809,1,1.95166710079957,71.9100036621094,1,25.2705993652344,36.5839996337891,0.226300001144409,0.324829608201981,0.000793999992311001,193.063705444336,-93.3464,26.5106,9.83502450918369,52,51,51,52,52,52,0.1825,7812,1.14613941077013,27,-93,0.0073,46,2026-08-01 21:35:53.002304,71.9100036621094,1.0427,0,"aoml_apex",1024.76493003373
"3902693",8,0.140122570161065,1,0.2044,1,0.1606,1,0.000682000012602657,1,194.061066145325,1,1.95132586219041,76.5699996948242,1,24.8745002746582,36.6334991455078,0.20440000295639,0.324829608201981,0.000682000012602657,186.113998413086,-93.3464,26.5106,9.83502450918369,52,51,51,52,52,52,0.1606,7812,1.14613941077013,27,-93,0.0073,46,2026-08-01 21:35:53.002304,76.5699996948242,1.0427,0,"aoml_apex",1024.94413606293
"3902693",8,0.178337816568629,1,0.2482,1,0.2044,1,0.000704000005498528,1,188.40754980011,1,1.9509545146405,81.7200012207031,1,24.4626998901367,36.6963996887207,0.248199999332428,0.324829608201981,0.000704000005498528,180.692001342773,-93.3464,26.5106,9.83502450918369,52,51,51,52,52,52,0.2044,7812,1.14613941077013,27,-93,0.0073,46,2026-08-01 21:35:53.002304,81.7200012207031,1.0427,0,"aoml_apex",1025.13922543629
"3902693",8,0.216553062976192,1,0.292,1,0.2482,1,0.000669999979436398,1,191.30730460968,1,1.95061129547596,86.6999969482422,1,23.7544994354248,36.6255989074707,0.291999995708466,0.324829608201981,0.000669999979436398,183.473007202148,-93.3464,26.5106,9.83502450918369,52,51,51,52,52,52,0.2482,7812,1.14613941077013,27,-93,0.0073,46,2026-08-01 21:35:53.002304,86.6999969482422,1.0427,0,"aoml_apex",1025.31960346922
"3902693",8,0.210183855241598,1,0.2847,1,0.2409,1,0.000669999979436398,1,188.54924728241,1,1.95038004191435,91.620002746582,1,23.3943996429443,36.6174011230469,0.284700006246567,0.324829608201981,0.000669999979436398,180.827896118164,-93.3464,26.5106,9.83502450918369,52,51,51,52,52,52,0.2409,7812,1.14613941077013,27,-93,0.0073,46,2026-08-01 21:35:53.002304,91.620002746582,1.0427,0,"aoml_apex",1025.44117403752
"3902693",8,0.318460386729694,1,0.4088,1,0.365,1,0.000636000011581928,1,186.135712443542,1,1.95002044126824,96.8399963378906,1,22.8936004638672,36.643798828125,0.408800005912781,0.324829608201981,0.000636000011581928,178.513198852539,-93.3464,26.5106,9.83502450918369,52,51,51,52,52,52,0.365,7812,1.14613941077013,27,-93,0.0073,46,2026-08-01 21:35:53.002304,96.8399963378906,1.0427,0,"aoml_apex",1025.63027426484
"3902693",8,0.299352763525912,1,0.3869,1,0.3431,1,0.000681000004988164,1,188.195671810913,1,1.94983351275788,101.819999694824,1,22.4573001861572,36.5788993835449,0.386900007724762,0.324829608201981,0.000681000004988164,180.488800048828,-93.3464,26.5106,9.83502450918369,52,51,51,52,52,52,0.3431,7812,1.14613941077013,27,-93,0.0073,46,2026-08-01 21:35:53.002304,101.819999694824,1.0427,0,"aoml_apex",1025.72860037223
"3902693",8,0.464952164625353,1,0.5767,1,0.5329,1,0.000747999991290271,1,171.788261633301,1,1.94935848151108,111.699996948242,1,21.7653007507324,36.5924987792969,0.57669997215271,0.471321374177933,0.000747999991290271,164.753295898438,-93.3464,26.5106,9.83502450918369,52,51,51,52,52,52,0.5329,7812,1.14613941077013,27,-93,0.0073,46,2026-08-01 21:35:53.002304,111.699996948242,1.0427,0,"aoml_apex",1025.97855600662
"3902693",8,0.331198802198882,1,0.4234,1,0.3796,1,0.000681000004988164,1,159.063044934082,1,1.94899612706352,121.879997253418,1,21.2208003997803,36.5850982666016,0.423400014638901,0.337568014860153,0.000681000004988164,152.549194335938,-93.3464,26.5106,9.83502450918369,52,51,51,52,52,52,0.3796,7812,1.14613941077013,27,-93,0.0073,46,2026-08-01 21:35:53.002304,121.879997253418,1.0427,0,"aoml_apex",1026.16930440663
"3902693",8,0.19744543977241,1,0.2701,1,0.2263,1,0.000613000011071563,1,148.741673677063,1,1.94860694410564,131.720001220703,1,20.6938991546631,36.6076011657715,0.270099997520447,0.203814655542374,0.000613000011071563,142.650497436523,-93.3464,26.5106,9.83502450918369,52,51,51,52,52,52,0.2263,7812,1.14613941077013,27,-93,0.0073,46,2026-08-01 21:35:53.002304,131.720001220703,1.0427,0,"aoml_apex",1026.3742547207
"3902693",8,0.171968608834035,1,0.2409,1,0.1971,1,0.000591000018175691,1,143.590224000549,1,1.94833022265363,141.320007324219,1,20.3160991668701,36.6094017028809,0.240899994969368,0.178337827324867,0.000591000018175691,137.710006713867,-93.3464,26.5106,9.83502450918369,52,51,51,52,52,52,0.1971,7812,1.14613941077013,27,-93,0.0073,46,2026-08-01 21:35:53.002304,141.320007324219,1.0427,0,"aoml_apex",1026.5200307143
"3902693",8,0.101907323753502,1,0.1606,1,0.1168,1,0.00052300002425909,1,135.923970175171,1,1.94798964153405,151.050003051758,1,19.8180999755859,36.6139984130859,0.160600006580353,0.108276531100273,0.00052300002425909,130.357696533203,-93.3464,26.5106,9.83502450918369,52,51,51,52,52,52,0.1168,7812,1.14613941077013,27,-93,0.0073,46,2026-08-01 21:35:53.002304,151.050003051758,1.0427,0,"aoml_apex",1026.69950463648
"3902693",8,0.0700612850805327,1,0.1241,1,0.0803,1,0.000467000005301088,1,134.421445457459,1,1.94779049408545,161.020004272461,1,19.6532001495361,36.6372985839844,0.124099999666214,0.0764304921030998,0.000467000005301088,128.916702270508,-93.3464,26.5106,9.83502450918369,52,51,51,52,52,52,0.0803,7812,1.14613941077013,27,-93,0.0073,46,2026-08-01 21:35:53.002304,161.020004272461,1.0427,0,"aoml_apex",1026.80447721307
"3902693",8,0.0445844541421572,1,0.0949,1,0.0511,1,0.000467000005301088,1,134.508506834412,1,1.94751911333565,171.630004882812,1,19.1515998840332,36.5913009643555,0.0948999971151352,0.0509536638855934,0.000467000005301088,129.000198364258,-93.3464,26.5106,9.83502450918369,52,51,51,52,52,52,0.0511,7812,1.14613941077013,27,-93,0.0073,46,2026-08-01 21:35:53.002304,171.630004882812,1.0427,0,"aoml_apex",1026.94755923317
"3902693",8,0.0127384154691878,1,0.0584,1,0.0146,1,0.000467000005301088,1,137.071471580505,1,1.94728738182544,180.910003662109,1,18.7905006408691,36.5755996704102,0.0584000013768673,0.019107623025775,0.000467000005301088,131.458206176758,-93.3464,26.5106,9.83502450918369,52,51,51,52,52,52,0.0146,7812,1.14613941077013,27,-93,0.0073,46,2026-08-01 21:35:53.002304,180.910003662109,1.0427,0,"aoml_apex",1027.06976826664
"3902693",8,0.0254768309383755,1,0.073,1,0.0292,1,0.000444000004790723,1,130.071821198273,1,1.94709067680711,191.429992675781,1,18.297700881958,36.486198425293,0.0729999989271164,0.0318460389971733,0.000444000004790723,124.74520111084,-93.3464,26.5106,9.83502450918369,52,51,51,52,52,52,0.0292,7812,1.14613941077013,27,-93,0.0073,46,2026-08-01 21:35:53.002304,191.429992675781,1.0427,0,"aoml_apex",1027.17352808635
"3902693",8,0.0127384154691878,1,0.0584,1,0.0146,1,0.000555999984499067,1,127.971091586304,1,1.94689639791944,201.389999389648,1,17.8978004455566,36.4314002990723,0.0584000013768673,0.019107623025775,0.000555999984499067,122.730499267578,-93.3464,26.5106,9.83502450918369,52,51,51,52,52,52,0.0146,7812,1.14613941077013,27,-93,0.0073,46,2026-08-01 21:35:53.002304,201.389999389648,1.0427,0,"aoml_apex",1027.27602872824
"3902693",8,0,1,0.0438,1,0,1,0.000545000017154962,1,129.979437812805,1,1.94669940430941,211.699996948242,1,17.4724006652832,36.3699989318848,0.0438000001013279,0.00636920798569918,0.000545000017154962,124.656600952148,-93.3464,26.5106,9.83502450918369,52,51,51,52,52,52,0,7812,1.14613941077013,27,-93,0.0073,46,2026-08-01 21:35:53.002304,211.699996948242,1.0427,0,"aoml_apex",1027.37998253485
"3902693",8,0,1,0.0365,1,-0.0073,1,0.000410000007832423,1,129.742015773773,1,1.94657203066081,220.289993286133,1,17.2686996459961,36.3432006835938,0.0364999994635582,0,0.000410000007832423,124.428901672363,-93.3464,26.5106,9.83502450918369,52,51,51,52,52,52,0,7812,1.14613941077013,27,-93,0.0073,46,2026-08-01 21:35:53.002304,220.289993286133,1.0427,0,"aoml_apex",1027.44720898977
"3902693",8,0,1,0.0438,1,0,1,0.000433000008342788,1,128.037302463531,1,1.94640135840807,231.380004882812,1,16.9174995422363,36.2855987548828,0.0438000001013279,0.00636920798569918,0.000433000008342788,122.793998718262,-93.3464,26.5106,9.83502450918369,52,51,51,52,52,52,0,7812,1.14613941077013,27,-93,0.0073,46,2026-08-01 21:35:53.002304,231.380004882812,1.0427,0,"aoml_apex",1027.53730178023
"3902693",8,0,1,0.0438,1,0,1,0.000465999997686595,1,121.283633882904,1,1.94621100378692,241.119995117188,1,16.4291000366211,36.2079010009766,0.0438000001013279,0.00636920798569918,0.000465999997686595,116.316902160645,-93.3464,26.5106,9.83502450918369,52,51,51,52,52,52,0,7812,1.14613941077013,27,-93,0.0073,46,2026-08-01 21:35:53.002304,241.119995117188,1.0427,0,"aoml_apex",1027.63780294553
"3902693",8,0,1,0.0511,1,0.0073,1,0.00047699999413453,1,119.317513697052,1,1.94603568744573,251.360000610352,1,16.0025997161865,36.138599395752,0.0511000007390976,0.0127384159713984,0.00047699999413453,114.431297302246,-93.3464,26.5106,9.83502450918369,52,51,51,52,52,52,0,7812,1.14613941077013,27,-93,0.0073,46,2026-08-01 21:35:53.002304,251.360000610352,1.0427,0,"aoml_apex",1027.73038177172
"3902693",8,0,1,0.0438,1,0,1,0.000455000001238659,1,119.353908598328,1,1.94589747707344,261.040008544922,1,15.7180004119873,36.0918006896973,0.0438000001013279,0.00636920798569918,0.000455000001238659,114.466201782227,-93.3464,26.5106,9.83502450918369,52,51,51,52,52,52,0,7812,1.14613941077013,27,-93,0.0073,46,2026-08-01 21:35:53.002304,261.040008544922,1.0427,0,"aoml_apex",1027.80337790865
"3902693",8,0,1,0.0438,1,0,1,0.00044299999717623,1,116.680319262695,1,1.94571524369786,270.989990234375,1,15.2479000091553,36.019401550293,0.0438000001013279,0.00636920798569918,0.00044299999717623,111.902099609375,-93.3464,26.5106,9.83502450918369,52,51,51,52,52,52,0,7812,1.14613941077013,27,-93,0.0073,46,2026-08-01 21:35:53.002304,270.989990234375,1.0427,0,"aoml_apex",1027.8996407506
"3902693",8,0,1,0.0438,1,0,1,0.000464999990072101,1,117.476313540649,1,1.94558032987385,281.350006103516,1,14.9764003753662,35.9726982116699,0.0438000001013279,0.00636920798569918,0.000464999990072101,112.665496826172,-93.3464,26.5106,9.83502450918369,52,51,51,52,52,52,0,7812,1.14613941077013,27,-93,0.0073,46,2026-08-01 21:35:53.002304,281.350006103516,1.0427,0,"aoml_apex",1027.97091915998
"3902693",8,0,1,0.0438,1,0,1,0.000475999986520037,1,115.328354086304,1,1.94541731328143,291.510009765625,1,14.6118001937866,35.9202995300293,0.0438000001013279,0.00636920798569918,0.000475999986520037,110.605499267578,-93.3464,26.5106,9.83502450918369,52,51,51,52,52,52,0,7812,1.14613941077013,27,-93,0.0073,46,2026-08-01 21:35:53.002304,291.510009765625,1.0427,0,"aoml_apex",1028.05705816738
"3902693",8,0,1,0.0438,1,0,1,0.000430999993113801,1,112.499615076447,1,1.94526742523418,301.519989013672,1,14.2384996414185,35.8587989807129,0.0438000001013279,0.00636920798569918,0.000430999993113801,107.892601013184,-93.3464,26.5106,9.83502450918369,52,51,51,52,52,52,0,7812,1.14613941077013,27,-93,0.0073,46,2026-08-01 21:35:53.002304,301.519989013672,1.0427,0,"aoml_apex",1028.13627270771
"3902693",8,0,1,0.0438,1,0,1,0.000409000000217929,1,110.346962071991,1,1.94514792038149,311.690002441406,1,14.0423002243042,35.8269004821777,0.0438000001013279,0.00636920798569918,0.000409000000217929,105.828102111816,-93.3464,26.5106,9.83502450918369,52,51,51,52,52,52,0,7812,1.14613941077013,27,-93,0.0073,46,2026-08-01 21:35:53.002304,311.690002441406,1.0427,0,"aoml_apex",1028.1994387387
"3902693",8,0,1,0.0438,1,0,1,0.0003969999961555,1,108.809187997437,1,1.94499005833632,321.779998779297,1,13.6552000045776,35.7690010070801,0.0438000001013279,0.00636920798569918,0.0003969999961555,104.353302001953,-93.3464,26.5106,9.83502450918369,52,51,51,52,52,52,0,7812,1.14613941077013,27,-93,0.0073,46,2026-08-01 21:35:53.002304,321.779998779297,1.0427,0,"aoml_apex",1028.28289092168
"3902693",8,0,1,0.0365,1,-0.0073,1,0.0003969999961555,1,108.329021910858,1,1.94487405498047,331.089996337891,1,13.4203996658325,35.7303009033203,0.0364999994635582,0,0.0003969999961555,103.892799377441,-93.3464,26.5106,9.83502450918369,52,51,51,52,52,52,0,7812,1.14613941077013,27,-93,0.0073,46,2026-08-01 21:35:53.002304,331.089996337891,1.0427,0,"aoml_apex",1028.34422356469
"3902693",8,0,1,0.0438,1,0,1,0.000430999993113801,1,107.239298902893,1,1.94474437860945,341.649993896484,1,13.1851997375488,35.6943016052246,0.0438000001013279,0.00636920798569918,0.000430999993113801,102.847702026367,-93.3464,26.5106,9.83502450918369,52,51,51,52,52,52,0,7812,1.14613941077013,27,-93,0.0073,46,2026-08-01 21:35:53.002304,341.649993896484,1.0427,0,"aoml_apex",1028.41279398892
"3902693",8,0,1,0.0365,1,-0.0073,1,0.000407999992603436,1,106.877895544434,1,1.94462628534047,351.339996337891,1,12.9455995559692,35.6548004150391,0.0364999994635582,0,0.000407999992603436,102.501098632812,-93.3464,26.5106,9.83502450918369,52,51,51,52,52,52,0,7812,1.14613941077013,27,-93,0.0073,46,2026-08-01 21:35:53.002304,351.339996337891,1.0427,0,"aoml_apex",1028.47524744315
"3902693",8,0,1,0.0438,1,0,1,0.0003969999961555,1,106.66717105484,1,1.9444976704479,361.190002441406,1,12.6995000839233,35.6204986572266,0.0438000001013279,0.00636920798569918,0.0003969999961555,102.299003601074,-93.3464,26.5106,9.83502450918369,52,51,51,52,52,52,0,7812,1.14613941077013,27,-93,0.0073,46,2026-08-01 21:35:53.002304,361.190002441406,1.0427,0,"aoml_apex",1028.54327387254
"3902693",8,0,1,0.0511,1,0.0073,1,0.000429999985499308,1,106.472810349274,1,1.94423503125993,381.75,1,12.1201000213623,35.530101776123,0.0511000007390976,0.0127384159713984,0.000429999985499308,102.112602233887,-93.3464,26.5106,9.83502450918369,52,51,51,52,52,52,0,7812,1.14613941077013,27,-93,0.0073,46,2026-08-01 21:35:53.002304,381.75,1.0427,0,"aoml_apex",1028.68221580389
"3902693",8,0,1,0.0438,1,0,1,0.000407000014092773,1,107.694955111694,1,1.94399541579438,401.679992675781,1,11.6014995574951,35.4468002319336,0.0438000001013279,0.00636920798569918,0.000407000014092773,103.284698486328,-93.3464,26.5106,9.83502450918369,52,51,51,52,52,52,0,7812,1.14613941077013,27,-93,0.0073,46,2026-08-01 21:35:53.002304,401.679992675781,1.0427,0,"aoml_apex",1028.80901042801
"3902693",8,0,1,0.0438,1,0,1,0.00044000000343658,1,105.773885051727,1,1.94341720927877,451.079986572266,1,10.5249996185303,35.2927017211914,0.0438000001013279,0.00636920798569918,0.00044000000343658,101.44229888916,-93.3464,26.5106,9.83502450918369,52,51,51,52,52,52,0,7812,1.14613941077013,27,-93,0.0073,46,2026-08-01 21:35:53.002304,451.079986572266,1.0427,0,"aoml_apex",1029.11510222873
"3902693",8,0,1,0.0511,1,0.0073,1,0.000561999971978366,1,104.239658982849,1,1.94282553776399,501.179992675781,1,9.51809978485107,35.1726989746094,0.0511000007390976,0.0127384159713984,0.000561999971978366,99.9709014892578,-93.3464,26.5106,9.83502450918369,52,51,51,52,52,52,0,7812,1.14613941077013,27,-93,0.0073,46,2026-08-01 21:35:53.002304,501.179992675781,1.0427,0,"aoml_apex",1029.42851075646
"3902693",8,0,1,0.0438,1,0,1,0.000426999991759658,1,104.785304071045,1,1.94229813001893,551.820007324219,1,8.87520027160645,35.0962982177734,0.0438000001013279,0.00636920798569918,0.000426999991759658,100.494201660156,-93.3464,26.5106,9.83502450918369,52,51,51,52,52,52,0,7812,1.14613941077013,27,-93,0.0073,46,2026-08-01 21:35:53.002304,551.820007324219,1.0427,0,"aoml_apex",1029.70803971299
"3902693",8,0,1,0.0438,1,0,1,0.00044900001375936,1,108.054274215698,1,1.94177715874275,601.280029296875,1,8.26669979095459,35.0340003967285,0.0438000001013279,0.00636920798569918,0.00044900001375936,103.629302978516,-93.3464,26.5106,9.83502450918369,52,51,51,52,52,52,0,7812,1.14613941077013,27,-93,0.0073,46,2026-08-01 21:35:53.002304,601.280029296875,1.0427,0,"aoml_apex",1029.98430638403
"3902693",8,0,1,0.0584,1,0.0146,1,0.000425000005634502,1,113.675572123718,1,1.94125056303451,651.700012207031,1,7.69140005111694,34.9807014465332,0.0584000013768673,0.019107623025775,0.000425000005634502,109.020401000977,-93.3464,26.5106,9.83502450918369,52,51,51,52,52,52,0,7812,1.14613941077013,27,-93,0.0073,46,2026-08-01 21:35:53.002304,651.700012207031,1.0427,0,"aoml_apex",1030.26370633663
"3902693",8,0,1,0.0511,1,0.0073,1,0.000402000005124137,1,119.837718152618,1,1.94070906436957,701.260009765625,1,7.11600017547607,34.9458999633789,0.0511000007390976,0.0127384159713984,0.000402000005124137,114.930198669434,-93.3464,26.5106,9.83502450918369,52,51,51,52,52,52,0,7812,1.14613941077013,27,-93,0.0073,46,2026-08-01 21:35:53.002304,701.260009765625,1.0427,0,"aoml_apex",1030.55117158928
"3902693",8,0,1,0.0438,1,0,1,0.000345999986166134,1,122.789499771881,1,1.94020427793285,751.530029296875,1,6.81640005111694,34.9390983581543,0.0438000001013279,0.00636920798569918,0.000345999986166134,117.761100769043,-93.3464,26.5106,9.83502450918369,52,51,51,52,52,52,0,7812,1.14613941077013,27,-93,0.0073,46,2026-08-01 21:35:53.002304,751.530029296875,1.0427,0,"aoml_apex",1030.81929194118
"3902693",8,0,1,0.0511,1,0.0073,1,0.000379000004613772,1,131.336931832123,1,1.93965795947358,801.359985351562,1,6.34630012512207,34.9310989379883,0.0511000007390976,0.0127384159713984,0.000379000004613772,125.958503723145,-93.3464,26.5106,9.83502450918369,52,51,51,52,52,52,0,7812,1.14613941077013,27,-93,0.0073,46,2026-08-01 21:35:53.002304,801.359985351562,1.0427,0,"aoml_apex",1031.10962952602
"3902693",8,0,1,0.0584,1,0.0146,1,0.000377999996999279,1,137.278433274841,1,1.93914233760413,851.739990234375,1,6.04349994659424,34.9325981140137,0.0584000013768673,0.019107623025775,0.000377999996999279,131.656692504883,-93.3464,26.5106,9.83502450918369,52,51,51,52,52,52,0,7812,1.14613941077013,27,-93,0.0073,46,2026-08-01 21:35:53.002304,851.739990234375,1.0427,0,"aoml_apex",1031.38380366191
"3902693",8,0,1,0.0511,1,0.0073,1,0.000344000000040978,1,141.973192570496,1,1.93865411247956,901.409973144531,1,5.82299995422363,34.9357986450195,0.0511000007390976,0.0127384159713984,0.000344000000040978,136.159194946289,-93.3464,26.5106,9.83502450918369,52,51,51,52,52,52,0,7812,1.14613941077013,27,-93,0.0073,46,2026-08-01 21:35:53.002304,901.409973144531,1.0427,0,"aoml_apex",1031.64354441855
"3902693",8,0,1,0.0511,1,0.0073,1,0.00036599999293685,1,149.68249977417,1,1.93815472612101,951.320007324219,1,5.56899976730347,34.9394989013672,0.0511000007390976,0.0127384159713984,0.00036599999293685,143.552795410156,-93.3464,26.5106,9.83502450918369,52,51,51,52,52,52,0,7812,1.14613941077013,27,-93,0.0073,46,2026-08-01 21:35:53.002304,951.320007324219,1.0427,0,"aoml_apex",1031.90935844568
"3902693",8,0,1,0.0511,1,0.0073,1,0.000387999985832721,1,154.534707788086,1,1.93768770928957,999.039978027344,1,5.3730001449585,34.9450988769531,0.0511000007390976,0.0127384159713984,0.000387999985832721,148.206298828125,-93.3464,26.5106,9.83502450918369,52,51,51,52,52,52,0,7812,1.14613941077013,27,-93,0.0073,46,2026-08-01 21:35:53.002304,999.039978027344,1.0427,0,"aoml_apex",1032.15806675745
"3902693",8,0,1,0.0511,1,0.0073,1,0.000365000014426187,1,167.979596867371,1,1.93669816010638,1099.7099609375,1,4.94729995727539,34.9589996337891,0.0511000007390976,0.0127384159713984,0.000365000014426187,161.100601196289,-93.3464,26.5106,9.83502450918369,52,51,51,52,52,52,0,7812,1.14613941077013,27,-93,0.0073,46,2026-08-01 21:35:53.002304,1099.7099609375,1.0427,0,"aoml_apex",1032.68544432869
"3902693",8,0,1,0.0584,1,0.0146,1,0.000398000003769994,1,178.646620246887,1,1.93576249284763,1198.94995117188,1,4.65439987182617,34.970100402832,0.0584000013768673,0.019107623025775,0.000398000003769994,171.330795288086,-93.3464,26.5106,9.83502450918369,52,51,51,52,52,52,0,7812,1.14613941077013,27,-93,0.0073,46,2026-08-01 21:35:53.002304,1198.94995117188,1.0427,0,"aoml_apex",1033.18460161808
"3902693",8,0,1,0.0511,1,0.0073,1,0.000353000010363758,1,184.088783644104,1,1.93486201353531,1300.09997558594,1,4.52120018005371,34.9762001037598,0.0511000007390976,0.0127384159713984,0.000353000010363758,176.550094604492,-93.3464,26.5106,9.83502450918369,52,51,51,52,52,52,0,7812,1.14613941077013,27,-93,0.0073,46,2026-08-01 21:35:53.002304,1300.09997558594,1.0427,0,"aoml_apex",1033.66544281144
"3902693",8,0,1,0.0511,1,0.0073,1,0.000375000003259629,1,190.509846580505,1,1.93397638265098,1399.40002441406,1,4.37979984283447,34.9826011657715,0.0511000007390976,0.0127384159713984,0.000375000003259629,182.708206176758,-93.3464,26.5106,9.83502450918369,52,51,51,52,52,52,0,7812,1.14613941077013,27,-93,0.0073,46,2026-08-01 21:35:53.002304,1399.40002441406,1.0427,0,"aoml_apex",1034.13879194249
"3902693",8,0,1,0.0511,1,0.0073,1,0.000419999996665865,1,193.943552378845,1,1.93311434346863,1499.23999023438,1,4.31909990310669,34.9858016967773,0.0511000007390976,0.0127384159713984,0.000419999996665865,186.00129699707,-93.3464,26.5106,9.83502450918369,52,51,51,52,52,52,0,7812,1.14613941077013,27,-93,0.0073,46,2026-08-01 21:35:53.002304,1499.23999023438,1.0427,0,"aoml_apex",1034.59994839796
"3902693",8,0,1,0.0438,1,0,1,0.000487000012071803,1,196.553850384521,4,1.93225607291543,1599.4599609375,1,4.2746000289917,34.9887008666992,0.0438000001013279,0.00636920798569918,0.000487000012071803,188.504699707031,-93.3464,26.5106,9.83502450918369,52,51,51,52,52,52,0,7812,1.14613941077013,27,-93,0.0073,46,2026-08-01 21:35:53.002304,1599.4599609375,1.0427,0,"aoml_apex",1035.05949756564
"3902693",9,0.0254768309383755,1,0.073,1,0.0292,1,0.000592000025790185,1,181.015637956238,1,1.9556844820074,7.98999977111816,1,30.67799949646,36.5119018554688,0.0729999989271164,0.0318460389971733,0.000592000025790185,173.602798461914,-93.2761,26.5212,13.9079668330979,52,51,51,52,52,52,0.0292,7812,1.14613941077013,27,-93,0.0073,46,2026-08-12 04:24:25.000464,7.98999977111816,1.0427,0,"aoml_apex",1022.65985050263
"3902693",9,0.0191076232037816,1,0.0657,1,0.0219,1,0.000581000000238419,1,181.18863107605,1,1.95564046196039,11.5900001525879,1,30.6378002166748,36.5035018920898,0.065700002014637,0.0254768319427967,0.000581000000238419,173.768707275391,-93.2761,26.5212,13.9079668330979,52,51,51,52,52,52,0.0219,7812,1.14613941077013,27,-93,0.0073,46,2026-08-12 04:24:25.000464,11.5900001525879,1.0427,0,"aoml_apex",1022.68286983341
"3902693",9,0.0318460386729694,1,0.0803,1,0.0365,1,0.000559000007342547,1,181.477865135193,1,1.95554229347173,16.3899993896484,1,30.5179996490479,36.489200592041,0.0803000032901764,0.0382152460515499,0.000559000007342547,174.046096801758,-93.2761,26.5212,13.9079668330979,52,51,51,52,52,52,0.0365,7812,1.14613941077013,27,-93,0.0073,46,2026-08-12 04:24:25.000464,16.3899993896484,1.0427,0,"aoml_apex",1022.73420865234
"3902693",9,0.0254768309383755,1,0.073,1,0.0292,1,0.000581000000238419,1,181.591830895996,1,1.95548827565711,21.7199993133545,1,30.5088996887207,36.4924011230469,0.0729999989271164,0.0318460389971733,0.000581000000238419,174.155395507812,-93.2761,26.5212,13.9079668330979,52,51,51,52,52,52,0.0292,7812,1.14613941077013,27,-93,0.0073,46,2026-08-12 04:24:25.000464,21.7199993133545,1.0427,0,"aoml_apex",1022.76246035172
"3902693",9,0.0254768309383755,1,0.073,1,0.0292,1,0.000647999986540526,1,181.872314268494,1,1.95544134042142,26.7099990844727,1,30.5011005401611,36.4931983947754,0.0729999989271164,0.0318460389971733,0.000647999986540526,174.424392700195,-93.2761,26.5212,13.9079668330979,52,51,51,52,52,52,0.0292,7812,1.14613941077013,27,-93,0.0073,46,2026-08-12 04:24:25.000464,26.7099990844727,1.0427,0,"aoml_apex",1022.78700907948
"3902693",9,0.0382152464075633,1,0.0876,1,0.0438,1,0.000592000025790185,1,184.490121954346,1,1.9553307822172,31.9699993133545,1,30.4018993377686,36.4945983886719,0.0876000002026558,0.0445844568312168,0.000592000025790185,176.934997558594,-93.2761,26.5212,13.9079668330979,52,51,51,52,52,52,0.0438,7812,1.14613941077013,27,-93,0.0073,46,2026-08-12 04:24:25.000464,31.9699993133545,1.0427,0,"aoml_apex",1022.84483944561
"3902693",9,0.0573228696113449,1,0.1095,1,0.0657,1,0.000714999972842634,1,191.217936233521,1,1.95500433014267,36.9599990844727,1,30.1089000701904,36.5591011047363,0.109499998390675,0.0636920779943466,0.000714999972842634,183.387298583984,-93.2761,26.5212,13.9079668330979,52,51,51,52,52,52,0.0657,7812,1.14613941077013,27,-93,0.0073,46,2026-08-12 04:24:25.000464,36.9599990844727,1.0427,0,"aoml_apex",1023.01563692908
"3902693",9,0.0700612850805327,1,0.1241,1,0.0803,1,0.000705000013113022,1,212.74906436615,1,1.95366869759262,41.939998626709,1,27.8064994812012,36.432201385498,0.124099999666214,0.0764304921030998,0.000705000013113022,204.036697387695,-93.2761,26.5212,13.9079668330979,52,51,51,52,52,52,0.0803,7812,1.14613941077013,27,-93,0.0073,46,2026-08-12 04:24:25.000464,41.939998626709,1.0427,0,"aoml_apex",1023.71502520589
"3902693",9,0.0573228696113449,1,0.1095,1,0.0657,1,0.000692999979946762,1,214.081634838867,1,1.9531221653813,46.4900016784668,1,27,36.4392013549805,0.109499998390675,0.0636920779943466,0.000692999979946762,205.314697265625,-93.2761,26.5212,13.9079668330979,52,51,51,52,52,52,0.0657,7812,1.14613941077013,27,-93,0.0073,46,2026-08-12 04:24:25.000464,46.4900016784668,1.0427,0,"aoml_apex",1024.00148615873
"3902693",9,0.0700612850805327,1,0.1241,1,0.0803,1,0.000783000024966896,1,214.191750297546,1,1.95286021956386,51.6300010681152,1,26.6618003845215,36.4485015869141,0.124099999666214,0.0764304921030998,0.000783000024966896,205.420303344727,-93.2761,26.5212,13.9079668330979,52,51,51,52,52,52,0.0803,7812,1.14613941077013,27,-93,0.0073,46,2026-08-12 04:24:25.000464,51.6300010681152,1.0427,0,"aoml_apex",1024.13884002751
"3902693",9,0.0891689082843143,1,0.146,1,0.1022,1,0.000815999985206872,1,213.350697938538,1,1.95272189011594,56.6800003051758,1,26.5048007965088,36.4496994018555,0.145999997854233,0.0955381244421005,0.000815999985206872,204.613693237305,-93.2761,26.5212,13.9079668330979,52,51,51,52,52,52,0.1022,7812,1.14613941077013,27,-93,0.0073,46,2026-08-12 04:24:25.000464,56.6800003051758,1.0427,0,"aoml_apex",1024.21138930401
"3902693",9,0.108276531488096,1,0.1679,1,0.1241,1,0.00064899999415502,1,211.87965978241,1,1.95248223060389,61.8899993896484,1,26.1998996734619,36.4586982727051,0.167899996042252,0.11464574187994,0.00064899999415502,203.202896118164,-93.2761,26.5212,13.9079668330979,52,51,51,52,52,52,0.1241,7812,1.14613941077013,27,-93,0.0073,46,2026-08-12 04:24:25.000464,61.8899993896484,1.0427,0,"aoml_apex",1024.33710722244
"3902693",9,0.0955381160189082,1,0.1533,1,0.1095,1,0.000682000012602657,1,207.940975723267,1,1.95234739792013,66.7699966430664,1,26.0555000305176,36.4644012451172,0.153300002217293,0.101907327771187,0.000682000012602657,199.425506591797,-93.2761,26.5212,13.9079668330979,52,51,51,52,52,52,0.1095,7812,1.14613941077013,27,-93,0.0073,46,2026-08-12 04:24:25.000464,66.7699966430664,1.0427,0,"aoml_apex",1024.40784981742
"3902693",9,0.152860985630253,1,0.219,1,0.1752,1,0.000748999998904765,1,206.028552932739,1,1.95209581233555,71.9100036621094,1,25.781400680542,36.4962005615234,0.218999996781349,0.159230202436447,0.000748999998904765,197.591400146484,-93.2761,26.5212,13.9079668330979,52,51,51,52,52,52,0.1752,7812,1.14613941077013,27,-93,0.0073,46,2026-08-12 04:24:25.000464,71.9100036621094,1.0427,0,"aoml_apex",1024.53987522628
"3902693",9,0.222922270710786,1,0.2993,1,0.2555,1,0.000770999991800636,1,199.500317950439,1,1.95167844362768,76.9000015258789,1,25.3843002319336,36.5942993164062,0.299299985170364,0.22929148375988,0.000770999991800636,191.330505371094,-93.2761,26.5212,13.9079668330979,52,51,51,52,52,52,0.2555,7812,1.14613941077013,27,-93,0.0073,46,2026-08-12 04:24:25.000464,76.9000015258789,1.0427,0,"aoml_apex",1024.75897427165
"3902693",9,0.216553062976192,1,0.292,1,0.2482,1,0.0007259999983944,1,191.718745985413,1,1.95127285581636,81.6800003051758,1,24.8542995452881,36.6330986022949,0.291999995708466,0.222922295331955,0.0007259999983944,183.867599487305,-93.2761,26.5212,13.9079668330979,52,51,51,52,52,52,0.2482,7812,1.14613941077013,27,-93,0.0073,46,2026-08-12 04:24:25.000464,81.6800003051758,1.0427,0,"aoml_apex",1024.97197869503
"3902693",9,0.273875932587537,1,0.3577,1,0.3139,1,0.000737000023946166,1,182.535170826721,1,1.95090168214176,86.9800033569336,1,24.4444999694824,36.6958999633789,0.357699990272522,0.280245155096054,0.000737000023946166,175.060104370117,-93.2761,26.5212,13.9079668330979,52,51,51,52,52,52,0.3139,7812,1.14613941077013,27,-93,0.0073,46,2026-08-12 04:24:25.000464,86.9800033569336,1.0427,0,"aoml_apex",1025.16698730012
"3902693",9,0.331198802198882,1,0.4234,1,0.3796,1,0.000647999986540526,1,168.290007588196,1,1.95043113911712,91.870002746582,1,23.92799949646,36.7895011901855,0.423400014638901,0.337568014860153,0.000647999986540526,161.398300170898,-93.2761,26.5212,13.9079668330979,52,51,51,52,52,52,0.3796,7812,1.14613941077013,27,-93,0.0073,46,2026-08-12 04:24:25.000464,91.870002746582,1.0427,0,"aoml_apex",1025.4143096307
"3902693",9,0.331198802198882,1,0.4234,1,0.3796,1,0.000624999986030161,1,173.478798831177,1,1.95012245417256,96.7900009155273,1,23.2950992584229,36.728099822998,0.423400014638901,0.337568014860153,0.000624999986030161,166.374603271484,-93.2761,26.5212,13.9079668330979,52,51,51,52,52,52,0.3796,7812,1.14613941077013,27,-93,0.0073,46,2026-08-12 04:24:25.000464,96.7900009155273,1.0427,0,"aoml_apex",1025.576622494
"3902693",9,0.286614348056725,1,0.3723,1,0.3285,1,0.000624999986030161,1,166.022656947327,1,1.94995212412831,101.639999389648,1,23.0860004425049,36.7378005981445,0.372299998998642,0.292983591556549,0.000624999986030161,159.22380065918,-93.2761,26.5212,13.9079668330979,52,51,51,52,52,52,0.3285,7812,1.14613941077013,27,-93,0.0073,46,2026-08-12 04:24:25.000464,101.639999389648,1.0427,0,"aoml_apex",1025.66620751987
"3902693",9,0.363044840871851,1,0.4599,1,0.4161,1,0.000737000023946166,1,146.315521939087,1,1.94944948677647,111.809997558594,1,22.5447006225586,36.8213005065918,0.459899991750717,0.369414061307907,0.000737000023946166,140.323699951172,-93.2761,26.5212,13.9079668330979,52,51,51,52,52,52,0.4161,7812,1.14613941077013,27,-93,0.0073,46,2026-08-12 04:24:25.000464,111.809997558594,1.0427,0,"aoml_apex",1025.93066071546
"3902693",9,0.273875932587537,1,0.3577,1,0.3139,1,0.000623999978415668,1,143.157701425171,1,1.94898544201031,121.769996643066,1,21.7817993164062,36.7995986938477,0.357699990272522,0.280245155096054,0.000623999978415668,137.295196533203,-93.2761,26.5212,13.9079668330979,52,51,51,52,52,52,0.3139,7812,1.14613941077013,27,-93,0.0073,46,2026-08-12 04:24:25.000464,121.769996643066,1.0427,0,"aoml_apex",1026.17493024323
"3902693",9,0.203814647507004,1,0.2774,1,0.2336,1,0.000892999989446253,1,143.557066853333,1,1.94865483103667,131.699996948242,1,21.2304992675781,36.7689018249512,0.277399986982346,0.210183873772621,0.000892999989446253,137.678207397461,-93.2761,26.5212,13.9079668330979,52,51,51,52,52,52,0.2336,7812,1.14613941077013,27,-93,0.0073,46,2026-08-12 04:24:25.000464,131.699996948242,1.0427,0,"aoml_apex",1026.3490322378
"3902693",9,0.178337816568629,1,0.2482,1,0.2044,1,0.000534999999217689,1,141.968610392761,1,1.94838023482376,141.369995117188,1,20.8274002075195,36.7574996948242,0.248199999332428,0.184707030653954,0.000534999999217689,136.154800415039,-93.2761,26.5212,13.9079668330979,52,51,51,52,52,52,0.2044,7812,1.14613941077013,27,-93,0.0073,46,2026-08-12 04:24:25.000464,141.369995117188,1.0427,0,"aoml_apex",1026.49368139423
"3902693",9,0.108276531488096,1,0.1679,1,0.1241,1,0.000456000008853152,1,142.918919052124,1,1.94810265100367,151.809997558594,1,20.3656997680664,36.7246017456055,0.167899996042252,0.11464574187994,0.000456000008853152,137.066192626953,-93.2761,26.5212,13.9079668330979,52,51,51,52,52,52,0.1241,7812,1.14613941077013,27,-93,0.0073,46,2026-08-12 04:24:25.000464,151.809997558594,1.0427,0,"aoml_apex",1026.63994577985
"3902693",9,0.050953661876751,1,0.1022,1,0.0584,1,0.000445000012405217,1,143.485629429626,1,1.94787441445305,161.550003051758,1,19.9881992340088,36.6934013366699,0.102200001478195,0.05732287093997,0.000445000012405217,137.60969543457,-93.2761,26.5212,13.9079668330979,52,51,51,52,52,52,0.0584,7812,1.14613941077013,27,-93,0.0073,46,2026-08-12 04:24:25.000464,161.550003051758,1.0427,0,"aoml_apex",1026.76023934612
"3902693",9,0.0318460386729694,1,0.0803,1,0.0365,1,0.000422000011894852,1,145.112461628723,1,1.94767798655825,171.440002441406,1,19.5856990814209,36.6321983337402,0.0803000032901764,0.0382152460515499,0.000422000011894852,139.169906616211,-93.2761,26.5212,13.9079668330979,52,51,51,52,52,52,0.0365,7812,1.14613941077013,27,-93,0.0073,46,2026-08-12 04:24:25.000464,171.440002441406,1.0427,0,"aoml_apex",1026.86379052536
"3902693",9,0.0127384154691878,1,0.0584,1,0.0146,1,0.000456000008853152,1,143.831917965698,1,1.94747268036525,181.440002441406,1,19.3313007354736,36.6291007995605,0.0584000013768673,0.019107623025775,0.000456000008853152,137.941802978516,-93.2761,26.5212,13.9079668330979,52,51,51,52,52,52,0.0146,7812,1.14613941077013,27,-93,0.0073,46,2026-08-12 04:24:25.000464,181.440002441406,1.0427,0,"aoml_apex",1026.97204441651
"3902693",9,0.00636920773459388,1,0.0511,1,0.0073,1,0.000422000011894852,1,144.125543278503,1,1.94731929417594,191.869995117188,1,19.1802005767822,36.6236991882324,0.0511000007390976,0.0127384159713984,0.000422000011894852,138.223403930664,-93.2761,26.5212,13.9079668330979,52,51,51,52,52,52,0.0073,7812,1.14613941077013,27,-93,0.0073,46,2026-08-12 04:24:25.000464,191.869995117188,1.0427,0,"aoml_apex",1027.05293681505
"3902693",9,0,1,0.0365,1,-0.0073,1,0.000410999986343086,1,145.014644862366,1,1.94714756941256,201.649993896484,1,18.9330997467041,36.6021995544434,0.0364999994635582,0,0.000410999986343086,139.076095581055,-93.2761,26.5212,13.9079668330979,52,51,51,52,52,52,0,7812,1.14613941077013,27,-93,0.0073,46,2026-08-12 04:24:25.000464,201.649993896484,1.0427,0,"aoml_apex",1027.14351568299
"3902693",9,0,1,0.0365,1,-0.0073,1,0.000410999986343086,1,146.138583055115,1,1.9469882797046,210.770004272461,1,18.6735000610352,36.5722999572754,0.0364999994635582,0,0.000410999986343086,140.154006958008,-93.2761,26.5212,13.9079668330979,52,51,51,52,52,52,0,7812,1.14613941077013,27,-93,0.0073,46,2026-08-12 04:24:25.000464,210.770004272461,1.0427,0,"aoml_apex",1027.22754977418
"3902693",9,0,1,0.0365,1,-0.0073,1,0.00039999998989515,1,145.602834197998,1,1.9468269829851,221.399993896484,1,18.3768005371094,36.5234985351562,0.0364999994635582,0,0.00039999998989515,139.640197753906,-93.2761,26.5212,13.9079668330979,52,51,51,52,52,52,0,7812,1.14613941077013,27,-93,0.0073,46,2026-08-12 04:24:25.000464,221.399993896484,1.0427,0,"aoml_apex",1027.31265668682
"3902693",9,0,1,0.0365,1,-0.0073,1,0.000387999985832721,1,145.63265017395,1,1.94669460848208,231,1,18.1947002410889,36.4995002746582,0.0364999994635582,0,0.000387999985832721,139.668792724609,-93.2761,26.5212,13.9079668330979,52,51,51,52,52,52,0,7812,1.14613941077013,27,-93,0.0073,46,2026-08-12 04:24:25.000464,231,1.0427,0,"aoml_apex",1027.38251356204
"3902693",9,0,1,0.0365,1,-0.0073,1,0.000387999985832721,1,143.878630722046,1,1.94656708119903,239.889999389648,1,17.9899997711182,36.4691009521484,0.0364999994635582,0,0.000387999985832721,137.986602783203,-93.2761,26.5212,13.9079668330979,52,51,51,52,52,52,0,7812,1.14613941077013,27,-93,0.0073,46,2026-08-12 04:24:25.000464,239.889999389648,1.0427,0,"aoml_apex",1027.44982144055
"3902693",9,0,1,0.0365,1,-0.0073,1,0.000410999986343086,1,139.534742140198,1,1.94641188922441,251.839996337891,1,17.7236003875732,36.4206008911133,0.0364999994635582,0,0.000410999986343086,133.820602416992,-93.2761,26.5212,13.9079668330979,52,51,51,52,52,52,0,7812,1.14613941077013,27,-93,0.0073,46,2026-08-12 04:24:25.000464,251.839996337891,1.0427,0,"aoml_apex",1027.5317424191
"3902693",9,0,1,0.0365,1,-0.0073,1,0.000465999997686595,1,137.540158357239,1,1.94624828555574,261.380004882812,1,17.3801002502441,36.3675003051758,0.0364999994635582,0,0.000465999997686595,131.907699584961,-93.2761,26.5212,13.9079668330979,52,51,51,52,52,52,0,7812,1.14613941077013,27,-93,0.0073,46,2026-08-12 04:24:25.000464,261.380004882812,1.0427,0,"aoml_apex",1027.61811781322
"3902693",9,0,1,0.0511,1,0.0073,1,0.000399000011384487,1,135.471861972046,1,1.9461069802039,271.299987792969,1,17.1056995391846,36.3202018737793,0.0511000007390976,0.0127384159713984,0.000399000011384487,129.924102783203,-93.2761,26.5212,13.9079668330979,52,51,51,52,52,52,0,7812,1.14613941077013,27,-93,0.0073,46,2026-08-12 04:24:25.000464,271.299987792969,1.0427,0,"aoml_apex",1027.69273238538
"3902693",9,0,1,0.0365,1,-0.0073,1,0.000410000007832423,1,133.631083439636,1,1.94595916652106,281.410003662109,1,16.8381996154785,36.2793006896973,0.0364999994635582,0,0.000410000007832423,128.158706665039,-93.2761,26.5212,13.9079668330979,52,51,51,52,52,52,0,7812,1.14613941077013,27,-93,0.0073,46,2026-08-12 04:24:25.000464,281.410003662109,1.0427,0,"aoml_apex",1027.77079519893
"3902693",9,0,1,0.0438,1,0,1,0.000421000004280359,1,132.267432118988,1,1.94580164095799,291.109985351562,1,16.4850006103516,36.2214012145996,0.0438000001013279,0.00636920798569918,0.000421000004280359,126.850898742676,-93.2761,26.5212,13.9079668330979,52,51,51,52,52,52,0,7812,1.14613941077013,27,-93,0.0073,46,2026-08-12 04:24:25.000464,291.109985351562,1.0427,0,"aoml_apex",1027.85400006926
"3902693",9,0,1,0.0438,1,0,1,0.000399000011384487,1,128.693055055237,1,1.94564371679629,301.109985351562,1,16.1378002166748,36.1652984619141,0.0438000001013279,0.00636920798569918,0.000399000011384487,123.422897338867,-93.2761,26.5212,13.9079668330979,52,51,51,52,52,52,0,7812,1.14613941077013,27,-93,0.0073,46,2026-08-12 04:24:25.000464,301.109985351562,1.0427,0,"aoml_apex",1027.9374290033
"3902693",9,0,1,0.0365,1,-0.0073,1,0.000421000004280359,1,126.807854855347,1,1.94548294840576,311.380004882812,1,15.7529001235962,36.0994987487793,0.0364999994635582,0,0.000421000004280359,121.614898681641,-93.2761,26.5212,13.9079668330979,52,51,51,52,52,52,0,7812,1.14613941077013,27,-93,0.0073,46,2026-08-12 04:24:25.000464,311.380004882812,1.0427,0,"aoml_apex",1028.02237441295
"3902693",9,0,1,0.0438,1,0,1,0.000410000007832423,1,124.762596641541,1,1.94531683080042,321.609985351562,1,15.3740997314453,36.0410995483398,0.0438000001013279,0.00636920798569918,0.000410000007832423,119.653396606445,-93.2761,26.5212,13.9079668330979,52,51,51,52,52,52,0,7812,1.14613941077013,27,-93,0.0073,46,2026-08-12 04:24:25.000464,321.609985351562,1.0427,0,"aoml_apex",1028.11016094334
"3902693",9,0,1,0.0365,1,-0.0073,1,0.000409000000217929,1,120.840172949219,1,1.94518243028235,330.980010986328,1,15.041600227356,35.9810981750488,0.0364999994635582,0,0.000409000000217929,115.8916015625,-93.2761,26.5212,13.9079668330979,52,51,51,52,52,52,0,7812,1.14613941077013,27,-93,0.0073,46,2026-08-12 04:24:25.000464,330.980010986328,1.0427,0,"aoml_apex",1028.18119723079
"3902693",9,0,1,0.0438,1,0,1,0.000398000003769994,1,119.643047195435,1,1.94503048041393,341.489990234375,1,14.7252998352051,35.9325981140137,0.0438000001013279,0.00636920798569918,0.000398000003769994,114.743499755859,-93.2761,26.5212,13.9079668330979,52,51,51,52,52,52,0,7812,1.14613941077013,27,-93,0.0073,46,2026-08-12 04:24:25.000464,341.489990234375,1.0427,0,"aoml_apex",1028.26152090654
"3902693",9,0,1,0.0438,1,0,1,0.000419999996665865,1,120.551344603729,1,1.94488898845502,351.149993896484,1,14.4148998260498,35.8846015930176,0.0438000001013279,0.00636920798569918,0.000419999996665865,115.614601135254,-93.2761,26.5212,13.9079668330979,52,51,51,52,52,52,0,7812,1.14613941077013,27,-93,0.0073,46,2026-08-12 04:24:25.000464,351.149993896484,1.0427,0,"aoml_apex",1028.33632761156
"3902693",9,0,1,0.0438,1,0,1,0.000398000003769994,1,118.226334893036,1,1.94473501708531,361.040008544922,1,13.987099647522,35.8116989135742,0.0438000001013279,0.00636920798569918,0.000398000003769994,113.384803771973,-93.2761,26.5212,13.9079668330979,52,51,51,52,52,52,0,7812,1.14613941077013,27,-93,0.0073,46,2026-08-12 04:24:25.000464,361.040008544922,1.0427,0,"aoml_apex",1028.4177445406
"3902693",9,0,1,0.0438,1,0,1,0.0003969999961555,1,114.073052176666,1,1.9444559757007,381.079986572266,1,13.3578996658325,35.7128982543945,0.0438000001013279,0.00636920798569918,0.0003969999961555,109.40160369873,-93.2761,26.5212,13.9079668330979,52,51,51,52,52,52,0,7812,1.14613941077013,27,-93,0.0073,46,2026-08-12 04:24:25.000464,381.079986572266,1.0427,0,"aoml_apex",1028.56532880838
"3902693",9,0,1,0.0438,1,0,1,0.000418999989051372,1,109.388610736084,1,1.94418824598288,401.359985351562,1,12.7728004455566,35.6212997436523,0.0438000001013279,0.00636920798569918,0.000418999989051372,104.908996582031,-93.2761,26.5212,13.9079668330979,52,51,51,52,52,52,0,7812,1.14613941077013,27,-93,0.0073,46,2026-08-12 04:24:25.000464,401.359985351562,1.0427,0,"aoml_apex",1028.70697018791
"3902693",9,0,1,0.0511,1,0.0073,1,0.000429000006988645,1,106.192008769989,1,1.9435390531132,451.410003662109,1,11.358099937439,35.4114990234375,0.0511000007390976,0.0127384159713984,0.000429000006988645,101.843299865723,-93.2761,26.5212,13.9079668330979,52,51,51,52,52,52,0,7812,1.14613941077013,27,-93,0.0073,46,2026-08-12 04:24:25.000464,451.410003662109,1.0427,0,"aoml_apex",1029.05058521791
"3902693",9,0,1,0.0511,1,0.0073,1,0.000395000010030344,1,103.955834439087,1,1.94294151731013,501.320007324219,1,10.2256002426147,35.2566986083984,0.0511000007390976,0.0127384159713984,0.000395000010030344,99.6986999511719,-93.2761,26.5212,13.9079668330979,52,51,51,52,52,52,0,7812,1.14613941077013,27,-93,0.0073,46,2026-08-12 04:24:25.000464,501.320007324219,1.0427,0,"aoml_apex",1029.36706132507
"3902693",9,0,1,0.0511,1,0.0073,1,0.000404999998863786,1,103.259208185577,1,1.94238467688557,551.609985351562,1,9.43770027160645,35.1641006469727,0.0511000007390976,0.0127384159713984,0.000404999998863786,99.0306015014648,-93.2761,26.5212,13.9079668330979,52,51,51,52,52,52,0,7812,1.14613941077013,27,-93,0.0073,46,2026-08-12 04:24:25.000464,551.609985351562,1.0427,0,"aoml_apex",1029.66215899459
"3902693",9,0,1,0.0511,1,0.0073,1,0.000403999991249293,1,106.003280324554,1,1.94183129655625,601.510009765625,1,8.60159969329834,35.067699432373,0.0511000007390976,0.0127384159713984,0.000403999991249293,101.662300109863,-93.2761,26.5212,13.9079668330979,52,51,51,52,52,52,0,7812,1.14613941077013,27,-93,0.0073,46,2026-08-12 04:24:25.000464,601.510009765625,1.0427,0,"aoml_apex",1029.95559065657
"3902693",9,0,1,0.0511,1,0.0073,1,0.00040300001273863,1,111.219286203003,1,1.94129097744937,651.450012207031,1,7.90110015869141,34.9981002807617,0.0511000007390976,0.0127384159713984,0.00040300001273863,106.664703369141,-93.2761,26.5212,13.9079668330979,52,51,51,52,52,52,0,7812,1.14613941077013,27,-93,0.0073,46,2026-08-12 04:24:25.000464,651.450012207031,1.0427,0,"aoml_apex",1030.24225797812
"3902693",9,0,1,0.0511,1,0.0073,1,0.000357999990228564,1,116.265640132904,1,1.94074259547348,701.530029296875,1,7.31230020523071,34.9608993530273,0.0511000007390976,0.0127384159713984,0.000357999990228564,111.504402160645,-93.2761,26.5212,13.9079668330979,52,51,51,52,52,52,0,7812,1.14613941077013,27,-93,0.0073,46,2026-08-12 04:24:25.000464,701.530029296875,1.0427,0,"aoml_apex",1030.53336628192
"3902693",9,0,1,0.0511,1,0.0073,1,0.000368000008165836,1,122.695135549164,1,1.94019819749423,751.679992675781,1,6.81099987030029,34.9412994384766,0.0511000007390976,0.0127384159713984,0.000368000008165836,117.670600891113,-93.2761,26.5212,13.9079668330979,52,51,51,52,52,52,0,7812,1.14613941077013,27,-93,0.0073,46,2026-08-12 04:24:25.000464,751.679992675781,1.0427,0,"aoml_apex",1030.82252245312
"3902693",9,0,1,0.0584,1,0.0146,1,0.000368000008165836,1,127.667768921661,1,1.93970947576535,799.52001953125,1,6.50260019302368,34.9367980957031,0.0584000013768673,0.019107623025775,0.000368000008165836,122.439598083496,-93.2761,26.5212,13.9079668330979,52,51,51,52,52,52,0,7812,1.14613941077013,27,-93,0.0073,46,2026-08-12 04:24:25.000464,799.52001953125,1.0427,0,"aoml_apex",1031.08224452575
"3902693",9,0,1,0.0584,1,0.0146,1,0.000400999997509643,1,134.180165161133,1,1.93917913762612,851.159973144531,1,6.16099977493286,34.9332008361816,0.0584000013768673,0.019107623025775,0.000400999997509643,128.685302734375,-93.2761,26.5212,13.9079668330979,52,51,51,52,52,52,0,7812,1.14613941077013,27,-93,0.0073,46,2026-08-12 04:24:25.000464,851.159973144531,1.0427,0,"aoml_apex",1031.36423097473
"3902693",9,0,1,0.0511,1,0.0073,1,0.000367000000551343,1,140.095915719604,1,1.93867331479335,901.650024414062,1,5.89680004119873,34.9351997375488,0.0511000007390976,0.0127384159713984,0.000367000000551343,134.358795166016,-93.2761,26.5212,13.9079668330979,52,51,51,52,52,52,0,7812,1.14613941077013,27,-93,0.0073,46,2026-08-12 04:24:25.000464,901.650024414062,1.0427,0,"aoml_apex",1031.63332611982
"3902693",9,0,1,0.0438,1,0,1,0.000344000000040978,1,145.877589848328,1,1.93818032383585,951.539978027344,1,5.66690015792847,34.9389991760254,0.0438000001013279,0.00636920798569918,0.000344000000040978,139.903701782227,-93.2761,26.5212,13.9079668330979,52,51,51,52,52,52,0,7812,1.14613941077013,27,-93,0.0073,46,2026-08-12 04:24:25.000464,951.539978027344,1.0427,0,"aoml_apex",1031.89572992971
"3902693",9,0,1,0.0511,1,0.0073,1,0.000376999989384785,1,152.237954840088,1,1.93770648501649,999.099975585938,1,5.43879985809326,34.9440994262695,0.0511000007390976,0.0127384159713984,0.000376999989384785,146.003601074219,-93.2761,26.5212,13.9079668330979,52,51,51,52,52,52,0,7812,1.14613941077013,27,-93,0.0073,46,2026-08-12 04:24:25.000464,999.099975585938,1.0427,0,"aoml_apex",1032.14806549145
"3902693",9,0,1,0.0511,1,0.0073,1,0.000444000004790723,1,163.82485039978,1,1.93673930372611,1099.78002929688,1,5.07940006256104,34.9546012878418,0.0511000007390976,0.0127384159713984,0.000444000004790723,157.115997314453,-93.2761,26.5212,13.9079668330979,52,51,51,52,52,52,0,7812,1.14613941077013,27,-93,0.0073,46,2026-08-12 04:24:25.000464,1099.78002929688,1.0427,0,"aoml_apex",1032.66350620973
"3902693",9,0,1,0.0584,1,0.0146,1,0.000365000014426187,1,175.757827661133,1,1.93578229693019,1199.43005371094,1,4.7335000038147,34.9681015014648,0.0584000013768673,0.019107623025775,0.000365000014426187,168.560302734375,-93.2761,26.5212,13.9079668330979,52,51,51,52,52,52,0,7812,1.14613941077013,27,-93,0.0073,46,2026-08-12 04:24:25.000464,1199.43005371094,1.0427,0,"aoml_apex",1033.17403159004
"3902693",9,0,1,0.0511,1,0.0073,1,0.000342000013915822,1,183.639077902222,1,1.93486853885697,1299.93005371094,1,4.53870010375977,34.9758987426758,0.0511000007390976,0.0127384159713984,0.000342000013915822,176.118804931641,-93.2761,26.5212,13.9079668330979,52,51,51,52,52,52,0,7812,1.14613941077013,27,-93,0.0073,46,2026-08-12 04:24:25.000464,1299.93005371094,1.0427,0,"aoml_apex",1033.66195678674
"3902693",9,0,1,0.0584,1,0.0146,1,0.000385999999707565,1,188.874152322388,1,1.93398367887627,1399.81994628906,1,4.41599988937378,34.9818000793457,0.0584000013768673,0.019107623025775,0.000385999999707565,181.139495849609,-93.2761,26.5212,13.9079668330979,52,51,51,52,52,52,0,7812,1.14613941077013,27,-93,0.0073,46,2026-08-12 04:24:25.000464,1399.81994628906,1.0427,0,"aoml_apex",1034.13489050853
"3902693",9,0,1,0.0511,1,0.0073,1,0.000385999999707565,1,192.281081019592,1,1.9331198893135,1499.58996582031,1,4.3484001159668,34.9854011535645,0.0511000007390976,0.0127384159713984,0.000385999999707565,184.40690612793,-93.2761,26.5212,13.9079668330979,52,51,51,52,52,52,0,7812,1.14613941077013,27,-93,0.0073,46,2026-08-12 04:24:25.000464,1499.58996582031,1.0427,0,"aoml_apex",1034.59698027847
"3902693",9,0,1,0.0438,1,0,1,0.00052000000141561,1,195.115030665588,4,1.93226589294965,1599.08996582031,1,4.29759979248047,34.9883995056152,0.0438000001013279,0.00636920798569918,0.00052000000141561,187.124801635742,-93.2761,26.5212,13.9079668330979,52,51,51,52,52,52,0,7812,1.14613941077013,27,-93,0.0073,46,2026-08-12 04:24:25.000464,1599.08996582031,1.0427,0,"aoml_apex",1035.05423725456
"3902693",11,0.0123089074538821,5,0.0511,1,0.0073,1,0.000647999986540526,1,181.29873062439,1,1.95582044865176,7.59999990463257,1,31.1961994171143,36.6613006591797,0.0511000007390976,0.295413762331009,0.000647999986540526,173.874298095703,-93.5668,26.4743,21.8550278847751,52,51,51,52,52,52,0.0146,8039,1.18613289235474,26,-94,0.0073,46,2026-09-01 17:57:20.001907,7.59999990463257,1.0427,0,"aoml_apex",1022.58875623204
"3902693",11,0.0123089074538821,5,0.0511,1,0.0073,1,0.000624999986030161,1,181.147025538635,1,1.95577204858344,11.8900003433228,1,31.1772003173828,36.6618003845215,0.0511000007390976,0.295413762331009,0.000624999986030161,173.728805541992,-93.5668,26.4743,21.8550278847751,52,51,51,52,52,52,0.0146,8039,1.18613289235474,26,-94,0.0073,46,2026-09-01 17:57:20.001907,11.8900003433228,1.0427,0,"aoml_apex",1022.61406253791
"3902693",11,0.0123089074538821,5,0.0584,1,0.0146,1,0.000714999972842634,1,181.272764950562,1,1.9557275871043,16.6200008392334,1,31.1765995025635,36.665699005127,0.0584000013768673,0.295413762331009,0.000714999972842634,173.849395751953,-93.5668,26.4743,21.8550278847751,52,51,51,52,52,52,0.0146,8039,1.18613289235474,26,-94,0.0073,46,2026-09-01 17:57:20.001907,16.6200008392334,1.0427,0,"aoml_apex",1022.63731062937
"3902693",11,0.0123089074538821,5,0.0584,1,0.0146,1,0.0007259999983944,1,182.210679455566,1,1.95566606733312,21.8299999237061,1,31.165599822998,36.673900604248,0.0584000013768673,0.295413762331009,0.0007259999983944,174.748901367188,-93.5668,26.4743,21.8550278847751,52,51,51,52,52,52,0.0146,8039,1.18613289235474,26,-94,0.0073,46,2026-09-01 17:57:20.001907,21.8299999237061,1.0427,0,"aoml_apex",1022.66947993189
"3902693",11,0.11693462081188,1,0.1825,1,0.1387,1,0.000837999978102744,1,192.183168791199,1,1.95547938632575,26.9400005340576,1,30.9062004089355,36.6537017822266,0.182500004768372,0.295413762331009,0.000837999978102744,184.313003540039,-93.5668,26.4743,21.8550278847751,52,51,51,52,52,52,0.1387,8039,1.18613289235474,26,-94,0.0073,46,2026-09-01 17:57:20.001907,26.9400005340576,1.0427,0,"aoml_apex",1022.76710968449
"3902693",11,0.0369267223616462,1,0.0876,1,0.0438,1,0.000916999997571111,1,203.145376696777,1,1.95478560214003,31.8899993896484,1,29.566499710083,36.4930000305176,0.0876000002026558,0.295413762331009,0.000916999997571111,194.826293945312,-93.5668,26.4743,21.8550278847751,52,51,51,52,52,52,0.0438,8039,1.18613289235474,26,-94,0.0073,46,2026-09-01 17:57:20.001907,31.8899993896484,1.0427,0,"aoml_apex",1023.13010583384
"3902693",11,0.0369267223616462,1,0.0876,1,0.0438,1,0.000815999985206872,1,217.453417596436,1,1.95390164194032,36.9500007629395,1,28.0977001190186,36.4254989624023,0.0876000002026558,0.295413762331009,0.000815999985206872,208.548400878906,-93.5668,26.4743,21.8550278847751,52,51,51,52,52,52,0.0438,8039,1.18613289235474,26,-94,0.0073,46,2026-09-01 17:57:20.001907,36.9500007629395,1.0427,0,"aoml_apex",1023.59297779897
"3902693",11,0.0553900835424693,1,0.1095,1,0.0657,1,0.000850000011269003,1,219.043226435852,1,1.95340902226205,41.8600006103516,1,27.3820991516113,36.4296989440918,0.109499998390675,0.295413762331009,0.000850000011269003,210.073104858398,-93.5668,26.4743,21.8550278847751,52,51,51,52,52,52,0.0657,8039,1.18613289235474,26,-94,0.0073,46,2026-09-01 17:57:20.001907,41.8600006103516,1.0427,0,"aoml_apex",1023.85111218745
"3902693",11,0.0676989909963514,1,0.1241,1,0.0803,1,0.000793999992311001,1,219.217874230957,1,1.95318625042393,46.560001373291,1,27.0900993347168,36.4327011108398,0.124099999666214,0.295413762331009,0.000793999992311001,210.240600585938,-93.5668,26.4743,21.8550278847751,52,51,51,52,52,52,0.0803,8039,1.18613289235474,26,-94,0.0073,46,2026-09-01 17:57:20.001907,46.560001373291,1.0427,0,"aoml_apex",1023.96788814477
"3902693",11,0.0861623521771745,1,0.146,1,0.1022,1,0.000805000017862767,1,218.480366360474,1,1.95298525355756,51.8899993896484,1,26.8470001220703,36.4385986328125,0.145999997854233,0.295413762331009,0.000805000017862767,209.533294677734,-93.5668,26.4743,21.8550278847751,52,51,51,52,52,52,0.1022,8039,1.18613289235474,26,-94,0.0073,46,2026-09-01 17:57:20.001907,51.8899993896484,1.0427,0,"aoml_apex",1024.07327262549
"3902693",11,0.0861623521771745,1,0.146,1,0.1022,1,0.000984000042080879,1,217.054163540649,1,1.95283615241051,56.5900001525879,1,26.6604995727539,36.4365005493164,0.145999997854233,0.295413762331009,0.000984000042080879,208.165496826172,-93.5668,26.4743,21.8550278847751,52,51,51,52,52,52,0.1022,8039,1.18613289235474,26,-94,0.0073,46,2026-09-01 17:57:20.001907,56.5900001525879,1.0427,0,"aoml_apex",1024.15146172467
"3902693",11,0.129243528265762,1,0.1971,1,0.1533,1,0.000872000004164875,1,212.706313284302,1,1.95260972553719,61.7099990844727,1,26.3679008483887,36.4415016174316,0.19709999859333,0.295413762331009,0.000872000004164875,203.995697021484,-93.5668,26.4743,21.8550278847751,52,51,51,52,52,52,0.1533,8039,1.18613289235474,26,-94,0.0073,46,2026-09-01 17:57:20.001907,61.7099990844727,1.0427,0,"aoml_apex",1024.27022350806
"3902693",11,0.147706889446585,1,0.219,1,0.1752,1,0.000850000011269003,1,206.340522866821,1,1.95230528917779,66.7399978637695,1,26.0032997131348,36.4720993041992,0.218999996781349,0.295413762331009,0.000850000011269003,197.890594482422,-93.5668,26.4743,21.8550278847751,52,51,51,52,52,52,0.1752,8039,1.18613289235474,26,-94,0.0073,46,2026-09-01 17:57:20.001907,66.7399978637695,1.0427,0,"aoml_apex",1024.429944992
"3902693",11,0.166170250627408,1,0.2409,1,0.1971,1,0.000860999978613108,1,198.091202835083,1,1.95203465080218,71.879997253418,1,25.7464008331299,36.5243988037109,0.240899994969368,0.295413762331009,0.000860999978613108,189.979095458984,-93.5668,26.4743,21.8550278847751,52,51,51,52,52,52,0.1971,8039,1.18613289235474,26,-94,0.0073,46,2026-09-01 17:57:20.001907,71.879997253418,1.0427,0,"aoml_apex",1024.57197631103
"3902693",11,0.227714787896818,1,0.3139,1,0.2701,1,0.000815999985206872,1,179.418749015808,1,1.95144794883083,76.870002746582,1,25.2185001373291,36.6867980957031,0.313899993896484,0.295413762331009,0.000815999985206872,172.071304321289,-93.5668,26.4743,21.8550278847751,52,51,51,52,52,52,0.2701,8039,1.18613289235474,26,-94,0.0073,46,2026-09-01 17:57:20.001907,76.870002746582,1.0427,0,"aoml_apex",1024.88001342709
"3902693",11,0.215405880442936,1,0.2993,1,0.2555,1,0.000782000017352402,1,167.012184593201,1,1.95089570957596,81.8099975585938,1,24.6249008178711,36.8017997741699,0.299299985170364,0.295413762331009,0.000782000017352402,160.172805786133,-93.5668,26.4743,21.8550278847751,52,51,51,52,52,52,0.2555,8039,1.18613289235474,26,-94,0.0073,46,2026-09-01 17:57:20.001907,81.8099975585938,1.0427,0,"aoml_apex",1025.17012579556
"3902693",11,0.264641510258465,1,0.3577,1,0.3139,1,0.000870999996550381,1,156.983802235413,1,1.95041292232535,86.6100006103516,1,24.0263004302979,36.8708992004395,0.357699990272522,0.295413762331009,0.000870999996550381,150.555099487305,-93.5668,26.4743,21.8550278847751,52,51,51,52,52,52,0.3139,8039,1.18613289235474,26,-94,0.0073,46,2026-09-01 17:57:20.001907,86.6100006103516,1.0427,0,"aoml_apex",1025.42388696622
"3902693",11,0.289259325166229,1,0.3869,1,0.3431,1,0.000737000023946166,1,154.537412545776,1,1.95013939663641,91.6699981689453,1,23.6331996917725,36.8772010803223,0.386900007724762,0.295413762331009,0.000737000023946166,148.208892822266,-93.5668,26.4743,21.8550278847751,52,51,51,52,52,52,0.3431,8039,1.18613289235474,26,-94,0.0073,46,2026-09-01 17:57:20.001907,91.6699981689453,1.0427,0,"aoml_apex",1025.56771246691
"3902693",11,0.393885038524226,1,0.511,1,0.4672,1,0.000669999979436398,1,148.406347364807,1,1.9498499690733,97,1,23.2014007568359,36.8796005249023,0.510999977588654,0.400039494037628,0.000669999979436398,142.328903198242,-93.5668,26.4743,21.8550278847751,52,51,51,52,52,52,0.4672,8039,1.18613289235474,26,-94,0.0073,46,2026-09-01 17:57:20.001907,97,1.0427,0,"aoml_apex",1025.7199434429
"3902693",11,0.344649408708698,1,0.4526,1,0.4088,1,0.000791999977082014,1,142.154411335754,1,1.94952999738959,101.5,1,22.6172008514404,36.8516998291016,0.452600002288818,0.350803852081299,0.000791999977082014,136.332992553711,-93.5668,26.4743,21.8550278847751,52,51,51,52,52,52,0.4088,8039,1.18613289235474,26,-94,0.0073,46,2026-09-01 17:57:20.001907,101.5,1.0427,0,"aoml_apex",1025.88829239765
"3902693",11,0.252332602804583,1,0.3431,1,0.2993,1,0.000636000011581928,1,144.263804127502,1,1.94906220763118,111.779998779297,1,21.7360000610352,36.7863006591797,0.343100011348724,0.258487045764923,0.000636000011581928,138.356002807617,-93.5668,26.4743,21.8550278847751,52,51,51,52,52,52,0.2993,8039,1.18613289235474,26,-94,0.0073,46,2026-09-01 17:57:20.001907,111.779998779297,1.0427,0,"aoml_apex",1026.13451339284
"3902693",11,0.172324704354349,1,0.2482,1,0.2044,1,0.000546000024769455,1,147.297014863586,1,1.94866609456093,121.769996643066,1,20.9699993133545,36.722900390625,0.248199999332428,0.178479164838791,0.000546000024769455,141.264999389648,-93.5668,26.4743,21.8550278847751,52,51,51,52,52,52,0.2044,8039,1.18613289235474,26,-94,0.0073,46,2026-09-01 17:57:20.001907,121.769996643066,1.0427,0,"aoml_apex",1026.34309981702
"3902693",11,0.147706889446585,1,0.219,1,0.1752,1,0.000490000005811453,1,146.09895039978,1,1.94843246416326,131.630004882812,1,20.6373996734619,36.7084999084473,0.218999996781349,0.153861343860626,0.000490000005811453,140.115997314453,-93.5668,26.4743,21.8550278847751,52,51,51,52,52,52,0.1752,8039,1.18613289235474,26,-94,0.0073,46,2026-09-01 17:57:20.001907,131.630004882812,1.0427,0,"aoml_apex",1026.46616538433
"3902693",11,0.0984712596310566,1,0.1606,1,0.1168,1,0.000445000012405217,1,143.223188381958,1,1.94820497151466,141.820007324219,1,20.4209003448486,36.7304000854492,0.160600006580353,0.104625709354877,0.000445000012405217,137.358001708984,-93.5668,26.4743,21.8550278847751,52,51,51,52,52,52,0.1168,8039,1.18613289235474,26,-94,0.0073,46,2026-09-01 17:57:20.001907,141.820007324219,1.0427,0,"aoml_apex",1026.58602623577
"3902693",11,0.0615445372694104,1,0.1168,1,0.073,1,0.00039999998989515,1,142.98690393219,1,1.94799556827061,151.910003662109,1,20.1336002349854,36.7158012390137,0.116800002753735,0.0676989927887917,0.00039999998989515,137.131393432617,-93.5668,26.4743,21.8550278847751,52,51,51,52,52,52,0.073,8039,1.18613289235474,26,-94,0.0073,46,2026-09-01 17:57:20.001907,151.910003662109,1.0427,0,"aoml_apex",1026.69638092429
"3902693",11,0.0307722686347052,1,0.0803,1,0.0365,1,0.000433999986853451,1,142.638547052002,1,1.94784409402537,161.050003051758,1,19.9768009185791,36.7131996154785,0.0803000032901764,0.0369267202913761,0.000433999986853451,136.797302246094,-93.5668,26.4743,21.8550278847751,52,51,51,52,52,52,0.0365,8039,1.18613289235474,26,-94,0.0073,46,2026-09-01 17:57:20.001907,161.050003051758,1.0427,0,"aoml_apex",1026.77622204703
"3902693",11,0.00615445372694104,1,0.0511,1,0.0073,1,0.000422000011894852,1,143.682392596436,1,1.94761475945347,171.479995727539,1,19.6082992553711,36.6834983825684,0.0511000007390976,0.0123089076951146,0.000422000011894852,137.798400878906,-93.5668,26.4743,21.8550278847751,52,51,51,52,52,52,0.0073,8039,1.18613289235474,26,-94,0.0073,46,2026-09-01 17:57:20.001907,171.479995727539,1.0427,0,"aoml_apex",1026.89712649396
"3902693",11,0.00615445372694104,1,0.0511,1,0.0073,1,0.000422000011894852,1,144.62353690033,1,1.94742087241343,181.539993286133,1,19.3146991729736,36.6585998535156,0.0511000007390976,0.0123089076951146,0.000422000011894852,138.70100402832,-93.5668,26.4743,21.8550278847751,52,51,51,52,52,52,0.0073,8039,1.18613289235474,26,-94,0.0073,46,2026-09-01 17:57:20.001907,181.539993286133,1.0427,0,"aoml_apex",1026.99936533052
"3902693",11,-0.00615445372694104,1,0.0365,1,-0.0073,1,0.000376999989384785,1,145.71462024231,1,1.94722573305868,191.899993896484,1,18.9951000213623,36.6249008178711,0.0364999994635582,0,0.000376999989384785,139.747406005859,-93.5668,26.4743,21.8550278847751,52,51,51,52,52,52,-0.0073,8039,1.18613289235474,26,-94,0.0073,46,2026-09-01 17:57:20.001907,191.899993896484,1.0427,0,"aoml_apex",1027.10228508454
"3902693",11,0,1,0.0438,1,0,1,0.00039999998989515,1,146.912668795776,1,1.94707994926038,201.630004882812,1,18.7761993408203,36.5957984924316,0.0438000001013279,0.00615445384755731,0.00039999998989515,140.896392822266,-93.5668,26.4743,21.8550278847751,52,51,51,52,52,52,0,8039,1.18613289235474,26,-94,0.0073,46,2026-09-01 17:57:20.001907,201.630004882812,1.0427,0,"aoml_apex",1027.1791873568
"3902693",11,0,1,0.0365,1,-0.0073,1,0.000376999989384785,1,147.130704086304,1,1.94694128352065,211.919998168945,1,18.586799621582,36.5690002441406,0.0364999994635582,0,0.000376999989384785,141.105499267578,-93.5668,26.4743,21.8550278847751,52,51,51,52,52,52,0,8039,1.18613289235474,26,-94,0.0073,46,2026-09-01 17:57:20.001907,211.919998168945,1.0427,0,"aoml_apex",1027.25234547567
"3902693",11,0,1,0.0365,1,-0.0073,1,0.000433000008342788,1,147.290141596985,1,1.9468191371597,221.130004882812,1,18.4018001556396,36.5387992858887,0.0364999994635582,0,0.000433000008342788,141.258407592773,-93.5668,26.4743,21.8550278847751,52,51,51,52,52,52,0,8039,1.18613289235474,26,-94,0.0073,46,2026-09-01 17:57:20.001907,221.130004882812,1.0427,0,"aoml_apex",1027.31679683295
"3902693",11,0,1,0.0365,1,-0.0073,1,0.00036599999293685,1,146.813722395325,1,1.94666386850698,231.770004272461,1,18.1669006347656,36.5070991516113,0.0364999994635582,0,0.00036599999293685,140.801498413086,-93.5668,26.4743,21.8550278847751,52,51,51,52,52,52,0,8039,1.18613289235474,26,-94,0.0073,46,2026-09-01 17:57:20.001907,231.770004272461,1.0427,0,"aoml_apex",1027.39873706801
"3902693",11,0,1,0.0365,1,-0.0073,1,0.000422000011894852,1,146.463583557129,1,1.94654750599584,241.580001831055,1,18.0170993804932,36.4818992614746,0.0364999994635582,0,0.000422000011894852,140.465698242188,-93.5668,26.4743,21.8550278847751,52,51,51,52,52,52,0,8039,1.18613289235474,26,-94,0.0073,46,2026-09-01 17:57:20.001907,241.580001831055,1.0427,0,"aoml_apex",1027.46015385677
"3902693",11,0,1,0.0438,1,0,1,0.000645999971311539,1,145.409316740417,1,1.94641410547197,251.220001220703,1,17.7982006072998,36.4469985961914,0.0438000001013279,0.00615445384755731,0.000645999971311539,139.454605102539,-93.5668,26.4743,21.8550278847751,52,51,51,52,52,52,0,8039,1.18613289235474,26,-94,0.0073,46,2026-09-01 17:57:20.001907,251.220001220703,1.0427,0,"aoml_apex",1027.53057243954
"3902693",11,0,1,0.0292,1,-0.0146,1,0.000399000011384487,1,144.087056167603,1,1.94628033797918,260.920013427734,1,17.5730991363525,36.4104995727539,0.0292000006884336,-0.00615445384755731,0.000399000011384487,138.186492919922,-93.5668,26.4743,21.8550278847751,52,51,51,52,52,52,0,8039,1.18613289235474,26,-94,0.0073,46,2026-09-01 17:57:20.001907,260.920013427734,1.0427,0,"aoml_apex",1027.60119442844
"3902693",11,0,1,0.0365,1,-0.0073,1,0.000376999989384785,1,141.640268719482,1,1.94613237335969,271.399993896484,1,17.2987003326416,36.3639984130859,0.0364999994635582,0,0.000376999989384785,135.839904785156,-93.5668,26.4743,21.8550278847751,52,51,51,52,52,52,0,8039,1.18613289235474,26,-94,0.0073,46,2026-09-01 17:57:20.001907,271.399993896484,1.0427,0,"aoml_apex",1027.67932303974
"3902693",11,0,1,0.0365,1,-0.0073,1,0.00036599999293685,1,140.422077676392,1,1.94599463977683,281.329986572266,1,17.0352993011475,36.3179016113281,0.0364999994635582,0,0.00036599999293685,134.671600341797,-93.5668,26.4743,21.8550278847751,52,51,51,52,52,52,0,8039,1.18613289235474,26,-94,0.0073,46,2026-09-01 17:57:20.001907,281.329986572266,1.0427,0,"aoml_apex",1027.75206011326
"3902693",11,0,1,0.0438,1,0,1,0.000376999989384785,1,138.528635920715,1,1.9458476733084,291.220001220703,1,16.7334003448486,36.2669982910156,0.0438000001013279,0.00615445384755731,0.000376999989384785,132.855697631836,-93.5668,26.4743,21.8550278847751,52,51,51,52,52,52,0,8039,1.18613289235474,26,-94,0.0073,46,2026-09-01 17:57:20.001907,291.220001220703,1.0427,0,"aoml_apex",1027.82968442721
"3902693",11,0,1,0.0365,1,-0.0073,1,0.000376999989384785,1,136.630500614929,1,1.94570742608106,301.320007324219,1,16.4594993591309,36.2200012207031,0.0364999994635582,0,0.000376999989384785,131.035293579102,-93.5668,26.4743,21.8550278847751,52,51,51,52,52,52,0,8039,1.18613289235474,26,-94,0.0073,46,2026-09-01 17:57:20.001907,301.320007324219,1.0427,0,"aoml_apex",1027.90377072688
"3902693",11,0,1,0.0365,1,-0.0073,1,0.000376000010874122,1,134.872726322937,1,1.94554843533735,311.839996337891,1,16.1326999664307,36.1679992675781,0.0364999994635582,0,0.000376000010874122,129.349502563477,-93.5668,26.4743,21.8550278847751,52,51,51,52,52,52,0,8039,1.18613289235474,26,-94,0.0073,46,2026-09-01 17:57:20.001907,311.839996337891,1.0427,0,"aoml_apex",1027.9877713007
"3902693",11,0,1,0.0438,1,0,1,0.000387999985832721,1,133.26540019989,1,1.94542949479988,321.070007324219,1,15.9274997711182,36.1341018676758,0.0438000001013279,0.00615445384755731,0.000387999985832721,127.807998657227,-93.5668,26.4743,21.8550278847751,52,51,51,52,52,52,0,8039,1.18613289235474,26,-94,0.0073,46,2026-09-01 17:57:20.001907,321.070007324219,1.0427,0,"aoml_apex",1028.05062087626
"3902693",11,0,1,0.0438,1,0,1,0.000410000007832423,1,132.128232559967,1,1.94530620370728,331.440002441406,1,15.72350025177,36.0974998474121,0.0438000001013279,0.00615445384755731,0.000410000007832423,126.717399597168,-93.5668,26.4743,21.8550278847751,52,51,51,52,52,52,0,8039,1.18613289235474,26,-94,0.0073,46,2026-09-01 17:57:20.001907,331.440002441406,1.0427,0,"aoml_apex",1028.11577744855
"3902693",11,0,1,0.0438,1,0,1,0.000376000010874122,1,130.467423831177,1,1.94517474015179,341.070007324219,1,15.4657001495361,36.0550003051758,0.0438000001013279,0.00615445384755731,0.000376000010874122,125.124603271484,-93.5668,26.4743,21.8550278847751,52,51,51,52,52,52,0,8039,1.18613289235474,26,-94,0.0073,46,2026-09-01 17:57:20.001907,341.070007324219,1.0427,0,"aoml_apex",1028.1852620829
"3902693",11,0,1,0.0365,1,-0.0073,1,0.00044299999717623,1,128.787840901947,1,1.94503352627547,351.010009765625,1,15.1707000732422,36.0070991516113,0.0364999994635582,0,0.00044299999717623,123.513801574707,-93.5668,26.4743,21.8550278847751,52,51,51,52,52,52,0,8039,1.18613289235474,26,-94,0.0073,46,2026-09-01 17:57:20.001907,351.010009765625,1.0427,0,"aoml_apex",1028.25991068122
"3902693",11,0,1,0.0438,1,0,1,0.000387000007322058,1,127.042985805511,1,1.94492200814264,361.049987792969,1,15.0031003952026,35.9766998291016,0.0438000001013279,0.00615445384755731,0.000387000007322058,121.840400695801,-93.5668,26.4743,21.8550278847751,52,51,51,52,52,52,0,8039,1.18613289235474,26,-94,0.0073,46,2026-09-01 17:57:20.001907,361.049987792969,1.0427,0,"aoml_apex",1028.31886915093
"3902693",11,0,1,0.0365,1,-0.0073,1,0.000419999996665865,1,122.388479668427,1,1.94465496063875,380.980010986328,1,14.4694995880127,35.8903007507324,0.0364999994635582,0,0.000419999996665865,117.376502990723,-93.5668,26.4743,21.8550278847751,52,51,51,52,52,52,0,8039,1.18613289235474,26,-94,0.0073,46,2026-09-01 17:57:20.001907,380.980010986328,1.0427,0,"aoml_apex",1028.46008185589
"3902693",11,0,1,0.0438,1,0,1,0.000398000003769994,1,116.746633557129,1,1.94435847721691,401.609985351562,1,13.7720003128052,35.777099609375,0.0438000001013279,0.00615445384755731,0.000398000003769994,111.965698242188,-93.5668,26.4743,21.8550278847751,52,51,51,52,52,52,0,8039,1.18613289235474,26,-94,0.0073,46,2026-09-01 17:57:20.001907,401.609985351562,1.0427,0,"aoml_apex",1028.61690549097
"3902693",11,0,1,0.0438,1,0,1,0.000418999989051372,1,108.728999887085,1,1.94369338535129,451.230010986328,1,12.3301000595093,35.5564994812012,0.0438000001013279,0.00615445384755731,0.000418999989051372,104.276397705078,-93.5668,26.4743,21.8550278847751,52,51,51,52,52,52,0,8039,1.18613289235474,26,-94,0.0073,46,2026-09-01 17:57:20.001907,451.230010986328,1.0427,0,"aoml_apex",1028.968877022
"3902693",11,0,1,0.0511,1,0.0073,1,0.000407000014092773,1,105.576294547272,1,1.94304686473682,501.049987792969,1,10.8929996490479,35.3470993041992,0.0511000007390976,0.0123089076951146,0.000407000014092773,101.252799987793,-93.5668,26.4743,21.8550278847751,52,51,51,52,52,52,0,8039,1.18613289235474,26,-94,0.0073,46,2026-09-01 17:57:20.001907,501.049987792969,1.0427,0,"aoml_apex",1029.31125146634
"3902693",11,0,1,0.0511,1,0.0073,1,0.000383000005967915,1,105.256496726227,1,1.94243607818823,551.619995117188,1,9.68990039825439,35.1866989135742,0.0511000007390976,0.0123089076951146,0.000383000005967915,100.946098327637,-93.5668,26.4743,21.8550278847751,52,51,51,52,52,52,0,8039,1.18613289235474,26,-94,0.0073,46,2026-09-01 17:57:20.001907,551.619995117188,1.0427,0,"aoml_apex",1029.63491177813
"3902693",11,0,1,0.0438,1,0,1,0.000403999991249293,1,107.221885036469,1,1.94186723433898,601.830017089844,1,8.78499984741211,35.0814018249512,0.0438000001013279,0.00615445384755731,0.000403999991249293,102.831001281738,-93.5668,26.4743,21.8550278847751,52,51,51,52,52,52,0,8039,1.18613289235474,26,-94,0.0073,46,2026-09-01 17:57:20.001907,601.830017089844,1.0427,0,"aoml_apex",1029.9365294563
"3902693",11,0,1,0.0511,1,0.0073,1,0.000403999991249293,1,111.28601416626,1,1.9413144906673,651.830017089844,1,8.03229999542236,35.0074005126953,0.0511000007390976,0.0123089076951146,0.000403999991249293,106.728698730469,-93.5668,26.4743,21.8550278847751,52,51,51,52,52,52,0,8039,1.18613289235474,26,-94,0.0073,46,2026-09-01 17:57:20.001907,651.830017089844,1.0427,0,"aoml_apex",1030.22977967497
"3902693",11,0,1,0.0438,1,0,1,0.000380000012228265,1,114.811069178009,1,1.94078397197393,701.719970703125,1,7.4935998916626,34.9684982299805,0.0438000001013279,0.00615445384755731,0.000380000012228265,110.109397888184,-93.5668,26.4743,21.8550278847751,52,51,51,52,52,52,0,8039,1.18613289235474,26,-94,0.0073,46,2026-09-01 17:57:20.001907,701.719970703125,1.0427,0,"aoml_apex",1030.51139584889
"3902693",11,0,1,0.0511,1,0.0073,1,0.000357000011717901,1,120.845590419769,1,1.94023532218557,751.179992675781,1,6.96269989013672,34.9488983154297,0.0511000007390976,0.0123089076951146,0.000357000011717901,115.896797180176,-93.5668,26.4743,21.8550278847751,52,51,51,52,52,52,0,8039,1.18613289235474,26,-94,0.0073,46,2026-09-01 17:57:20.001907,751.179992675781,1.0427,0,"aoml_apex",1030.80279857348
"3902693",11,0,1,0.0584,1,0.0146,1,0.000390000001061708,1,128.745925112915,1,1.93969039914259,801.260009765625,1,6.4798002243042,34.9352989196777,0.0584000013768673,0.0184633601456881,0.000390000001061708,123.473602294922,-93.5668,26.4743,21.8550278847751,52,51,51,52,52,52,0,8039,1.18613289235474,26,-94,0.0073,46,2026-09-01 17:57:20.001907,801.260009765625,1.0427,0,"aoml_apex",1031.09238509613
"3902693",11,0,1,0.0511,1,0.0073,1,0.000377999996999279,1,136.791704173279,1,1.93915157205332,851.669982910156,1,6.07989978790283,34.9336013793945,0.0511000007390976,0.0123089076951146,0.000377999996999279,131.189895629883,-93.5668,26.4743,21.8550278847751,52,51,51,52,52,52,0,8039,1.18613289235474,26,-94,0.0073,46,2026-09-01 17:57:20.001907,851.669982910156,1.0427,0,"aoml_apex",1031.37889210086
"3902693",11,0,1,0.0511,1,0.0073,1,0.000377999996999279,1,143.365522277832,1,1.93863574731578,901.72998046875,1,5.77839994430542,34.9380989074707,0.0511000007390976,0.0123089076951146,0.000377999996999279,137.494506835938,-93.5668,26.4743,21.8550278847751,52,51,51,52,52,52,0,8039,1.18613289235474,26,-94,0.0073,46,2026-09-01 17:57:20.001907,901.72998046875,1.0427,0,"aoml_apex",1031.65331742654
"3902693",11,0,1,0.0438,1,0,1,0.000388999993447214,1,148.849704881287,1,1.93815201165972,951.119995117188,1,5.5673999786377,34.9421997070312,0.0438000001013279,0.00615445384755731,0.000388999993447214,142.754104614258,-93.5668,26.4743,21.8550278847751,52,51,51,52,52,52,0,8039,1.18613289235474,26,-94,0.0073,46,2026-09-01 17:57:20.001907,951.119995117188,1.0427,0,"aoml_apex",1031.91080367701
"3902693",11,0,1,0.0511,1,0.0073,1,0.00036599999293685,1,154.880153076172,1,1.93767113571065,999.460021972656,1,5.33900022506714,34.9477005004883,0.0511000007390976,0.0123089076951146,0.00036599999293685,148.53759765625,-93.5668,26.4743,21.8550278847751,52,51,51,52,52,52,0,8039,1.18613289235474,26,-94,0.0073,46,2026-09-01 17:57:20.001907,999.460021972656,1.0427,0,"aoml_apex",1032.16689516639
"3902693",11,0,1,0.0511,1,0.0073,1,0.000376000010874122,1,167.535714309692,1,1.93670273508344,1099.40002441406,1,4.96070003509521,34.9600982666016,0.0511000007390976,0.0123089076951146,0.000376000010874122,160.674896240234,-93.5668,26.4743,21.8550278847751,52,51,51,52,52,52,0,8039,1.18613289235474,26,-94,0.0073,46,2026-09-01 17:57:20.001907,1099.40002441406,1.0427,0,"aoml_apex",1032.68300486695
"3902693",11,0,1,0.0584,1,0.0146,1,0.000353000010363758,1,179.805593006897,1,1.93574061570695,1199.7900390625,1,4.61850023269653,34.9737014770508,0.0584000013768673,0.0184633601456881,0.000353000010363758,172.442306518555,-93.5668,26.4743,21.8550278847751,52,51,51,52,52,52,0,8039,1.18613289235474,26,-94,0.0073,46,2026-09-01 17:57:20.001907,1199.7900390625,1.0427,0,"aoml_apex",1033.19627835033
"3902693",11,0,1,0.0511,1,0.0073,1,0.000353000010363758,1,187.251504542541,1,1.93484607164617,1298.76000976562,1,4.44530010223389,34.9810981750488,0.0511000007390976,0.0123089076951146,0.000353000010363758,179.583297729492,-93.5668,26.4743,21.8550278847751,52,51,51,52,52,52,0,8039,1.18613289235474,26,-94,0.0073,46,2026-09-01 17:57:20.001907,1298.76000976562,1.0427,0,"aoml_apex",1033.6739595509
"3902693",11,0,1,0.0511,1,0.0073,1,0.000342000013915822,1,191.174771482849,1,1.93397653874033,1398.38000488281,1,4.36350011825562,34.9854011535645,0.0511000007390976,0.0123089076951146,0.000342000013915822,183.345901489258,-93.5668,26.4743,21.8550278847751,52,51,51,52,52,52,0,8039,1.18613289235474,26,-94,0.0073,46,2026-09-01 17:57:20.001907,1398.38000488281,1.0427,0,"aoml_apex",1034.13870847817
"3902693",11,0,1,0.0584,1,0.0146,1,0.00052000000141561,1,196.582727650452,1,1.93310208567166,1498.15002441406,1,4.26389980316162,34.9902992248535,0.0584000013768673,0.0184633601456881,0.00052000000141561,188.53239440918,-93.5668,26.4743,21.8550278847751,52,51,51,52,52,52,0,8039,1.18613289235474,26,-94,0.0073,46,2026-09-01 17:57:20.001907,1498.15002441406,1.0427,0,"aoml_apex",1034.60650879443
"3902693",11,0,1,0.0365,1,-0.0073,1,0.000554000027477741,1,197.075820887756,1,1.93228134442409,1595.56994628906,1,4.26149988174438,34.9912986755371,0.0364999994635582,0,0.000554000027477741,189.005294799805,-93.5668,26.4743,21.8550278847751,52,51,51,52,52,52,0,8039,1.18613289235474,26,-94,0.0073,46,2026-09-01 17:57:20.001907,1595.56994628906,1.0427,0,"aoml_apex",1035.04596045049
"3902693",12,0.0528105656520053,5,0.1022,1,0.0584,1,0.000536000006832182,1,179.787852978516,1,1.95574690957406,7.51999998092651,1,31.0674991607666,36.6526985168457,0.102200001478195,0.0594118870794773,0.000536000006832182,172.42529296875,-93.8461,26.576,33.774716287729,52,51,51,52,52,52,0.0584,7811,1.10583931982146,27,-94,0.0073,46,2026-09-12 00:10:02.000014,7.51999998092651,1.0427,0,"aoml_apex",1022.62720713468
"3902693",12,0.0528105656520053,5,0.0949,1,0.0511,1,0.000536000006832182,1,180.145294662476,1,1.95570929989112,11.5900001525879,1,31.0464992523193,36.6459999084473,0.0948999971151352,0.0528105646371841,0.000536000006832182,172.768096923828,-93.8461,26.576,33.774716287729,52,51,51,52,52,52,0.0584,7811,1.10583931982146,27,-94,0.0073,46,2026-09-12 00:10:02.000014,11.5900001525879,1.0427,0,"aoml_apex",1022.64687298431
"3902693",12,0.0528105656520053,5,0.1022,1,0.0584,1,0.000637000019196421,1,180.2641608078,1,1.95566430938719,16.25,1,31.0335998535156,36.6449012756348,0.102200001478195,0.0594118870794773,0.000637000019196421,172.882095336914,-93.8461,26.576,33.774716287729,52,51,51,52,52,52,0.0584,7811,1.10583931982146,27,-94,0.0073,46,2026-09-12 00:10:02.000014,16.25,1.0427,0,"aoml_apex",1022.67039920911
"3902693",12,0.0528105656520053,5,0.0949,1,0.0511,1,0.000524999981280416,1,180.319640161133,1,1.95561750604885,21.7299995422363,1,31.0307006835938,36.6450996398926,0.0948999971151352,0.0528105646371841,0.000524999981280416,172.935302734375,-93.8461,26.576,33.774716287729,52,51,51,52,52,52,0.0584,7811,1.10583931982146,27,-94,0.0073,46,2026-09-12 00:10:02.000014,21.7299995422363,1.0427,0,"aoml_apex",1022.69487454161
"3902693",12,0.0528105656520053,5,0.1022,1,0.0584,1,0.000581000000238419,1,180.406383331299,1,1.95558525382529,25.4400005340576,1,31.0291004180908,36.6458015441895,0.102200001478195,0.0594118870794773,0.000581000000238419,173.018493652344,-93.8461,26.576,33.774716287729,52,51,51,52,52,52,0.0584,7811,1.10583931982146,27,-94,0.0073,46,2026-09-12 00:10:02.000014,25.4400005340576,1.0427,0,"aoml_apex",1022.7117411976
"3902693",12,0.0528105656520053,5,0.1022,1,0.0584,1,0.000536000006832182,1,181.346907131958,1,1.95552072688751,31.6399993896484,1,31.0102005004883,36.646800994873,0.102200001478195,0.0594118870794773,0.000536000006832182,173.920501708984,-93.8461,26.576,33.774716287729,52,51,51,52,52,52,0.0584,7811,1.10583931982146,27,-94,0.0073,46,2026-09-12 00:10:02.000014,31.6399993896484,1.0427,0,"aoml_apex",1022.74548794136
"3902693",12,0.0924184898910093,1,0.146,1,0.1022,1,0.000669999979436398,1,189.531885751343,1,1.95532164237501,36.8800010681152,1,30.7980003356934,36.6568984985352,0.145999997854233,0.0990198105573654,0.000669999979436398,181.770294189453,-93.8461,26.576,33.774716287729,52,51,51,52,52,52,0.1022,7811,1.10583931982146,27,-94,0.0073,46,2026-09-12 00:10:02.000014,36.8800010681152,1.0427,0,"aoml_apex",1022.84962057226
"3902693",12,0.09901981059751,1,0.1533,1,0.1095,1,0.000748999998904765,1,202.241160290527,1,1.95453503381282,41.9300003051758,1,29.497200012207,36.5792999267578,0.153300002217293,0.105621129274368,0.000748999998904765,193.959106445312,-93.8461,26.576,33.774716287729,52,51,51,52,52,52,0.1095,7811,1.10583931982146,27,-94,0.0073,46,2026-09-12 00:10:02.000014,41.9300003051758,1.0427,0,"aoml_apex",1023.26126950945
"3902693",12,0.112222452010511,1,0.1679,1,0.1241,1,0.000805000017862767,1,206.287875553894,1,1.95382679525876,46.9799995422363,1,28.4827995300293,36.5901985168457,0.167899996042252,0.118823774158955,0.000805000017862767,197.840103149414,-93.8461,26.576,33.774716287729,52,51,51,52,52,52,0.1241,7811,1.10583931982146,27,-94,0.0073,46,2026-09-12 00:10:02.000014,46.9799995422363,1.0427,0,"aoml_apex",1023.6321893288
"3902693",12,0.138627734836514,1,0.1971,1,0.1533,1,0.000670999987050891,1,211.688226579285,1,1.95305308093807,51.9900016784668,1,27.2308006286621,36.5547981262207,0.19709999859333,0.145229056477547,0.000670999987050891,203.019302368164,-93.8461,26.576,33.774716287729,52,51,51,52,52,52,0.1533,7811,1.10583931982146,27,-94,0.0073,46,2026-09-12 00:10:02.000014,51.9900016784668,1.0427,0,"aoml_apex",1024.03770768963
"3902693",12,0.138627734836514,1,0.1971,1,0.1533,1,0.00166599999647588,1,210.286318847656,1,1.95243915453599,56.7200012207031,1,26.4743995666504,36.63330078125,0.19709999859333,0.145229056477547,0.00166599999647588,201.6748046875,-93.8461,26.576,33.774716287729,52,51,51,52,52,52,0.1533,7811,1.10583931982146,27,-94,0.0073,46,2026-09-12 00:10:02.000014,56.7200012207031,1.0427,0,"aoml_apex",1024.35970685873
"3902693",12,0.165033017662517,1,0.2263,1,0.1825,1,0.000793999992311001,1,209.973091996765,1,1.95210399007771,61.8600006103516,1,26.0126991271973,36.6436996459961,0.226300001144409,0.171634331345558,0.000793999992311001,201.374404907227,-93.8461,26.576,33.774716287729,52,51,51,52,52,52,0.1825,7811,1.10583931982146,27,-94,0.0073,46,2026-09-12 00:10:02.000014,61.8600006103516,1.0427,0,"aoml_apex",1024.53558323006
"3902693",12,0.165033017662517,1,0.2263,1,0.1825,1,0.00084900000365451,1,206.572638807678,1,1.95188818935057,66.620002746582,1,25.737699508667,36.6525001525879,0.226300001144409,0.171634331345558,0.00084900000365451,198.113204956055,-93.8461,26.576,33.774716287729,52,51,51,52,52,52,0.1825,7811,1.10583931982146,27,-94,0.0073,46,2026-09-12 00:10:02.000014,66.620002746582,1.0427,0,"aoml_apex",1024.64885586784
"3902693",12,0.184836979782019,1,0.2482,1,0.2044,1,0.000792999984696507,1,203.911968667603,1,1.95161982279103,71.4899978637695,1,25.3780002593994,36.663200378418,0.248199999332428,0.191438302397728,0.000792999984696507,195.561492919922,-93.8461,26.576,33.774716287729,52,51,51,52,52,52,0.2044,7811,1.10583931982146,27,-94,0.0073,46,2026-09-12 00:10:02.000014,71.4899978637695,1.0427,0,"aoml_apex",1024.78975497378
"3902693",12,0.191438300488519,1,0.2555,1,0.2117,1,0.00107300002127886,1,199.501877163696,1,1.95135265031869,76.8199996948242,1,24.9950008392334,36.6623001098633,0.255499988794327,0.198039621114731,0.00107300002127886,191.332000732422,-93.8461,26.576,33.774716287729,52,51,51,52,52,52,0.2117,7811,1.10583931982146,27,-94,0.0073,46,2026-09-12 00:10:02.000014,76.8199996948242,1.0427,0,"aoml_apex",1024.93006565131
"3902693",12,0.257451507553526,1,0.3285,1,0.2847,1,0.000714999972842634,1,195.913109197998,1,1.9510917939429,81.9400024414062,1,24.6329002380371,36.668098449707,0.328500002622604,0.26405280828476,0.000714999972842634,187.890197753906,-93.8461,26.576,33.774716287729,52,51,51,52,52,52,0.2847,7811,1.10583931982146,27,-94,0.0073,46,2026-09-12 00:10:02.000014,81.9400024414062,1.0427,0,"aoml_apex",1025.06709638621
"3902693",12,0.323464714618533,1,0.4015,1,0.3577,1,0.000692999979946762,1,191.165288920593,1,1.9509447391455,86.9899978637695,1,24.3875999450684,36.6431999206543,0.40149998664856,0.330066025257111,0.000692999979946762,183.336807250977,-93.8461,26.576,33.774716287729,52,51,51,52,52,52,0.3577,7811,1.10583931982146,27,-94,0.0073,46,2026-09-12 00:10:02.000014,86.9899978637695,1.0427,0,"aoml_apex",1025.14436204686
"3902693",12,0.303660752499031,1,0.3796,1,0.3358,1,0.000692999979946762,1,188.009552661133,1,1.95070829614312,91.6999969482422,1,24.0746994018555,36.6561012268066,0.379599988460541,0.310262054204941,0.000692999979946762,180.310302734375,-93.8461,26.576,33.774716287729,52,51,51,52,52,52,0.3358,7811,1.10583931982146,27,-94,0.0073,46,2026-09-12 00:10:02.000014,91.6999969482422,1.0427,0,"aoml_apex",1025.2686185599
"3902693",12,0.283856790379529,1,0.3577,1,0.3139,1,0.000659000012092292,1,184.238420385742,1,1.95053505326701,96.9400024414062,1,23.8581008911133,36.6609992980957,0.357699990272522,0.290458112955093,0.000659000012092292,176.693603515625,-93.8461,26.576,33.774716287729,52,51,51,52,52,52,0.3139,7811,1.10583931982146,27,-94,0.0073,46,2026-09-12 00:10:02.000014,96.9400024414062,1.0427,0,"aoml_apex",1025.35968100145
"3902693",12,0.323464714618533,1,0.4015,1,0.3577,1,0.000659000012092292,1,177.217601296997,1,1.9502750185235,101.669998168945,1,23.5340995788574,36.6875,0.40149998664856,0.330066025257111,0.000659000012092292,169.960296630859,-93.8461,26.576,33.774716287729,52,51,51,52,52,52,0.3577,7811,1.10583931982146,27,-94,0.0073,46,2026-09-12 00:10:02.000014,101.669998168945,1.0427,0,"aoml_apex",1025.49639461318
"3902693",12,0.257451507553526,1,0.3285,1,0.2847,1,0.000513000006321818,1,168.506372293091,1,1.94988035191632,111.839996337891,1,23.0251007080078,36.7061004638672,0.328500002622604,0.26405280828476,0.000513000006321818,161.605804443359,-93.8461,26.576,33.774716287729,52,51,51,52,52,52,0.2847,7811,1.10583931982146,27,-94,0.0073,46,2026-09-12 00:10:02.000014,111.839996337891,1.0427,0,"aoml_apex",1025.70396077607
"3902693",12,0.237647545434024,1,0.3066,1,0.2628,1,0.000591000018175691,1,164.798626809692,1,1.94936486426556,121.379997253418,1,21.9913997650146,36.6170997619629,0.306600004434586,0.244248852133751,0.000591000018175691,158.049896240234,-93.8461,26.576,33.774716287729,52,51,51,52,52,52,0.2628,7811,1.10583931982146,27,-94,0.0073,46,2026-09-12 00:10:02.000014,121.379997253418,1.0427,0,"aoml_apex",1025.97519667182
"3902693",12,0.184836979782019,1,0.2482,1,0.2044,1,0.000546000024769455,1,149.389606336975,1,1.94903398417996,131.479995727539,1,21.6651992797852,36.6674995422363,0.248199999332428,0.191438302397728,0.000546000024769455,143.271896362305,-93.8461,26.576,33.774716287729,52,51,51,52,52,52,0.2044,7811,1.10583931982146,27,-94,0.0073,46,2026-09-12 00:10:02.000014,131.479995727539,1.0427,0,"aoml_apex",1026.14937257827
"3902693",12,0.158431696956016,1,0.219,1,0.1752,1,0.000468000012915581,1,142.503611463928,1,1.94861639271467,141.880004882812,1,20.9570999145508,36.6380996704102,0.218999996781349,0.165033012628555,0.000468000012915581,136.667892456055,-93.8461,26.576,33.774716287729,52,51,51,52,52,52,0.1752,7811,1.10583931982146,27,-94,0.0073,46,2026-09-12 00:10:02.000014,141.880004882812,1.0427,0,"aoml_apex",1026.36927795406
"3902693",12,0.112222452010511,1,0.1679,1,0.1241,1,0.000468000012915581,1,138.294865304565,1,1.94827622034097,151.369995117188,1,20.4934005737305,36.6525993347168,0.167899996042252,0.118823774158955,0.000468000012915581,132.631500244141,-93.8461,26.576,33.774716287729,52,51,51,52,52,52,0.1241,7811,1.10583931982146,27,-94,0.0073,46,2026-09-12 00:10:02.000014,151.369995117188,1.0427,0,"aoml_apex",1026.5484837925
"3902693",12,0.079215848478008,1,0.1314,1,0.0876,1,0.000422999990405515,1,133.466427337646,1,1.94799735083113,161.479995727539,1,20.0741996765137,36.6390991210938,0.131400004029274,0.0858171656727791,0.000422999990405515,128.000793457031,-93.8461,26.576,33.774716287729,52,51,51,52,52,52,0.0876,7811,1.10583931982146,27,-94,0.0073,46,2026-09-12 00:10:02.000014,161.479995727539,1.0427,0,"aoml_apex",1026.69544142177
"3902693",12,0.0726145277715073,1,0.1241,1,0.0803,1,0.000433999986853451,1,128.056386915588,1,1.94772576884588,171.649993896484,1,19.7024993896484,36.638599395752,0.124099999666214,0.0792158469557762,0.000433999986853451,122.812301635742,-93.8461,26.576,33.774716287729,52,51,51,52,52,52,0.0803,7811,1.10583931982146,27,-94,0.0073,46,2026-09-12 00:10:02.000014,171.649993896484,1.0427,0,"aoml_apex",1026.83859914483
"3902693",12,0.0462092449455047,1,0.0949,1,0.0511,1,0.000445000012405217,1,122.429766999054,1,1.94744466931956,181.820007324219,1,19.1310997009277,36.5775985717773,0.0948999971151352,0.0528105646371841,0.000445000012405217,117.41609954834,-93.8461,26.576,33.774716287729,52,51,51,52,52,52,0.0511,7811,1.10583931982146,27,-94,0.0073,46,2026-09-12 00:10:02.000014,181.820007324219,1.0427,0,"aoml_apex",1026.98681585588
"3902693",12,0.0264052828260027,1,0.073,1,0.0292,1,0.000444000004790723,1,121.469442781067,1,1.9471545870448,191.179992675781,1,18.513500213623,36.5154991149902,0.0729999989271164,0.0330066010355949,0.000444000004790723,116.495101928711,-93.8461,26.576,33.774716287729,52,51,51,52,52,52,0.0292,7811,1.10583931982146,27,-94,0.0073,46,2026-09-12 00:10:02.000014,191.179992675781,1.0427,0,"aoml_apex",1027.13981381181
"3902693",12,0.0132026414130013,1,0.0584,1,0.0146,1,0.000488999998196959,1,121.157568309021,1,1.94697888155995,201.809997558594,1,18.1732006072998,36.4627990722656,0.0584000013768673,0.0198039617389441,0.000488999998196959,116.195999145508,-93.8461,26.576,33.774716287729,52,51,51,52,52,52,0.0146,7811,1.10583931982146,27,-94,0.0073,46,2026-09-12 00:10:02.000014,201.809997558594,1.0427,0,"aoml_apex",1027.2325082425
"3902693",12,-0.00660132070650067,1,0.0365,1,-0.0073,1,0.000455000001238659,1,121.039012415314,1,1.94682149284104,210.850006103516,1,17.8878993988037,36.4258003234863,0.0364999994635582,0,0.000455000001238659,116.082298278809,-93.8461,26.576,33.774716287729,52,51,51,52,52,52,-0.0073,7811,1.10583931982146,27,-94,0.0073,46,2026-09-12 00:10:02.000014,210.850006103516,1.0427,0,"aoml_apex",1027.31555376521
"3902693",12,-0.00660132070650067,1,0.0365,1,-0.0073,1,0.000399000011384487,1,117.988387812805,1,1.94663434770373,221.619995117188,1,17.5158004760742,36.372200012207,0.0364999994635582,0,0.000399000011384487,113.156600952148,-93.8461,26.576,33.774716287729,52,51,51,52,52,52,-0.0073,7811,1.10583931982146,27,-94,0.0073,46,2026-09-12 00:10:02.000014,221.619995117188,1.0427,0,"aoml_apex",1027.41431761913
"3902693",12,0.00660132070650067,1,0.0511,1,0.0073,1,0.000433000008342788,1,121.448687743378,1,1.94643353510208,231.940002441406,1,17.0557994842529,36.3041000366211,0.0511000007390976,0.013202641159296,0.000433000008342788,116.475196838379,-93.8461,26.576,33.774716287729,52,51,51,52,52,52,0.0073,7811,1.10583931982146,27,-94,0.0073,46,2026-09-12 00:10:02.000014,231.940002441406,1.0427,0,"aoml_apex",1027.52031545485
"3902693",12,0.00660132070650067,1,0.0511,1,0.0073,1,0.000500000023748726,1,117.109079042816,1,1.94627179787758,241.740005493164,1,16.683500289917,36.2419013977051,0.0511000007390976,0.013202641159296,0.000500000023748726,112.313301086426,-93.8461,26.576,33.774716287729,52,51,51,52,52,52,0.0073,7811,1.10583931982146,27,-94,0.0073,46,2026-09-12 00:10:02.000014,241.740005493164,1.0427,0,"aoml_apex",1027.60570346907
"3902693",12,0,1,0.0438,1,0,1,0.000623000029008836,1,114.865084780121,1,1.94609109662746,251.289993286133,1,16.2444000244141,36.1750984191895,0.0438000001013279,0.00660132057964802,0.000623000029008836,110.161201477051,-93.8461,26.576,33.774716287729,52,51,51,52,52,52,0,7811,1.10583931982146,27,-94,0.0073,46,2026-09-12 00:10:02.000014,251.289993286133,1.0427,0,"aoml_apex",1027.70112019215
"3902693",12,0,1,0.0438,1,0,1,0.000655999989248812,1,113.518648446655,1,1.94590364506196,261.600006103516,1,15.7803001403809,36.103199005127,0.0438000001013279,0.00660132057964802,0.000655999989248812,108.869903564453,-93.8461,26.576,33.774716287729,52,51,51,52,52,52,0,7811,1.10583931982146,27,-94,0.0073,46,2026-09-12 00:10:02.000014,261.600006103516,1.0427,0,"aoml_apex",1027.80012004979
"3902693",12,0,1,0.0365,1,-0.0073,1,0.000890999974217266,1,112.810025797272,1,1.94576586206389,271.019989013672,1,15.5031003952026,36.0605010986328,0.0364999994635582,0,0.000890999974217266,108.190299987793,-93.8461,26.576,33.774716287729,52,51,51,52,52,52,0,7811,1.10583931982146,27,-94,0.0073,46,2026-09-12 00:10:02.000014,271.019989013672,1.0427,0,"aoml_apex",1027.8729003286
"3902693",12,0,1,0.0365,1,-0.0073,1,0.000509999983478338,1,111.469945644379,1,1.94562756871118,281.600006103516,1,15.2368001937866,36.0155982971191,0.0364999994635582,0,0.000509999983478338,106.905097961426,-93.8461,26.576,33.774716287729,52,51,51,52,52,52,0,7811,1.10583931982146,27,-94,0.0073,46,2026-09-12 00:10:02.000014,281.600006103516,1.0427,0,"aoml_apex",1027.94596055443
"3902693",12,0,1,0.0365,1,-0.0073,1,0.000667000014800578,1,111.884314522552,1,1.94542697885812,291.089996337891,1,14.6464996337891,35.9261016845703,0.0364999994635582,0,0.000667000014800578,107.30249786377,-93.8461,26.576,33.774716287729,52,51,51,52,52,52,0,7811,1.10583931982146,27,-94,0.0073,46,2026-09-12 00:10:02.000014,291.089996337891,1.0427,0,"aoml_apex",1028.0519504124
"3902693",12,0,1,0.0438,1,0,1,0.00056600000243634,1,111.314692552948,1,1.94528667705856,301.480010986328,1,14.3493003845215,35.8773994445801,0.0438000001013279,0.00660132057964802,0.00056600000243634,106.756202697754,-93.8461,26.576,33.774716287729,52,51,51,52,52,52,0,7811,1.10583931982146,27,-94,0.0073,46,2026-09-12 00:10:02.000014,301.480010986328,1.0427,0,"aoml_apex",1028.12609760129
"3902693",12,0,1,0.0511,1,0.0073,1,0.000509999983478338,1,108.809291414642,1,1.94515825538126,311.739990234375,1,14.1373996734619,35.8464012145996,0.0511000007390976,0.013202641159296,0.000509999983478338,104.353401184082,-93.8461,26.576,33.774716287729,52,51,51,52,52,52,0,7811,1.10583931982146,27,-94,0.0073,46,2026-09-12 00:10:02.000014,311.739990234375,1.0427,0,"aoml_apex",1028.19397571741
"3902693",12,0,1,0.0438,1,0,1,0.000564999994821846,1,109.071947251892,1,1.94501980121552,321.850006103516,1,13.8593997955322,35.8050994873047,0.0438000001013279,0.00660132057964802,0.000564999994821846,104.60530090332,-93.8461,26.576,33.774716287729,52,51,51,52,52,52,0,7811,1.10583931982146,27,-94,0.0073,46,2026-09-12 00:10:02.000014,321.850006103516,1.0427,0,"aoml_apex",1028.26716661194
"3902693",12,0,1,0.0438,1,0,1,0.000487000012071803,1,107.975128232574,1,1.94487388743086,331.779998779297,1,13.4686002731323,35.7397003173828,0.0438000001013279,0.00660132057964802,0.000487000012071803,103.553398132324,-93.8461,26.576,33.774716287729,52,51,51,52,52,52,0,7811,1.10583931982146,27,-94,0.0073,46,2026-09-12 00:10:02.000014,331.779998779297,1.0427,0,"aoml_apex",1028.34431215587
"3902693",12,0,1,0.0438,1,0,1,0.000564999994821846,1,106.727542837524,1,1.94473300801861,341.510009765625,1,13.0978002548218,35.67919921875,0.0438000001013279,0.00660132057964802,0.000564999994821846,102.356903076172,-93.8461,26.576,33.774716287729,52,51,51,52,52,52,0,7811,1.10583931982146,27,-94,0.0073,46,2026-09-12 00:10:02.000014,341.510009765625,1.0427,0,"aoml_apex",1028.41880697942
"3902693",12,0,1,0.0438,1,0,1,0.000418999989051372,1,105.539907601166,1,1.94458150416034,351.570007324219,1,12.7248001098633,35.6250991821289,0.0438000001013279,0.00660132057964802,0.000418999989051372,101.217903137207,-93.8461,26.576,33.774716287729,52,51,51,52,52,52,0,7811,1.10583931982146,27,-94,0.0073,46,2026-09-12 00:10:02.000014,351.570007324219,1.0427,0,"aoml_apex",1028.49893188899
"3902693",12,0,1,0.0438,1,0,1,0.000563999987207353,1,104.210980596161,1,1.94443122613334,361.630004882812,1,12.3368997573853,35.5679016113281,0.0438000001013279,0.00660132057964802,0.000563999987207353,99.9433975219727,-93.8461,26.576,33.774716287729,52,51,51,52,52,52,0,7811,1.10583931982146,27,-94,0.0073,46,2026-09-12 00:10:02.000014,361.630004882812,1.0427,0,"aoml_apex",1028.57842083577
"3902693",12,0,1,0.0438,1,0,1,0.000541999994311482,1,107.351076992035,1,1.94419505267906,381.700012207031,1,11.8542003631592,35.4893989562988,0.0438000001013279,0.00660132057964802,0.000541999994311482,102.954902648926,-93.8461,26.576,33.774716287729,52,51,51,52,52,52,0,7811,1.10583931982146,27,-94,0.0073,46,2026-09-12 00:10:02.000014,381.700012207031,1.0427,0,"aoml_apex",1028.70336864814
"3902693",12,0,1,0.0511,1,0.0073,1,0.000495999993290752,1,108.051139878845,1,1.94395130827216,401.730010986328,1,11.2988996505737,35.4009017944336,0.0511000007390976,0.013202641159296,0.000495999993290752,103.62629699707,-93.8461,26.576,33.774716287729,52,51,51,52,52,52,0,7811,1.10583931982146,27,-94,0.0073,46,2026-09-12 00:10:02.000014,401.730010986328,1.0427,0,"aoml_apex",1028.83235371654
"3902693",12,0,1,0.0511,1,0.0073,1,0.000507000018842518,1,106.032062128448,1,1.94338895763766,450.980010986328,1,10.33899974823,35.2682991027832,0.0511000007390976,0.013202641159296,0.000507000018842518,101.689903259277,-93.8461,26.576,33.774716287729,52,51,51,52,52,52,0,7811,1.10583931982146,27,-94,0.0073,46,2026-09-12 00:10:02.000014,450.980010986328,1.0427,0,"aoml_apex",1029.1300627905
"3902693",12,0,1,0.0584,1,0.0146,1,0.000449999992270023,1,105.833214707184,1,1.94286266982784,501.320007324219,1,9.66469955444336,35.1800003051758,0.0584000013768673,0.0198039617389441,0.000449999992270023,101.499198913574,-93.8461,26.576,33.774716287729,52,51,51,52,52,52,0,7811,1.10583931982146,27,-94,0.0073,46,2026-09-12 00:10:02.000014,501.320007324219,1.0427,0,"aoml_apex",1029.40883628034
"3902693",12,0,1,0.0511,1,0.0073,1,0.000561000022571534,1,106.929405268097,1,1.94232275937204,551.429992675781,1,8.94530010223389,35.0971984863281,0.0511000007390976,0.013202641159296,0.000561000022571534,102.550498962402,-93.8461,26.576,33.774716287729,52,51,51,52,52,52,0,7811,1.10583931982146,27,-94,0.0073,46,2026-09-12 00:10:02.000014,551.429992675781,1.0427,0,"aoml_apex",1029.69498264367
"3902693",12,0,1,0.0584,1,0.0146,1,0.000437000009696931,1,110.658621754456,1,1.94175891708835,601.539978027344,1,8.1274995803833,35.0154991149902,0.0584000013768673,0.0198039617389441,0.000437000009696931,106.126998901367,-93.8461,26.576,33.774716287729,52,51,51,52,52,52,0,7811,1.10583931982146,27,-94,0.0073,46,2026-09-12 00:10:02.000014,601.539978027344,1.0427,0,"aoml_apex",1029.99398246564
"3902693",12,0,1,0.0438,1,0,1,0.000437000009696931,1,114.105891117096,1,1.94125208034956,651.090026855469,1,7.67829990386963,34.9804992675781,0.0438000001013279,0.00660132057964802,0.000437000009696931,109.433097839355,-93.8461,26.576,33.774716287729,52,51,51,52,52,52,0,7811,1.10583931982146,27,-94,0.0073,46,2026-09-12 00:10:02.000014,651.090026855469,1.0427,0,"aoml_apex",1030.26290106531
"3902693",12,0,1,0.0438,1,0,1,0.000413000001572073,1,119.603112243652,1,1.94070341290924,701.299987792969,1,7.14309978485107,34.9548988342285,0.0438000001013279,0.00660132057964802,0.000413000001572073,114.705200195312,-93.8461,26.576,33.774716287729,52,51,51,52,52,52,0,7811,1.10583931982146,27,-94,0.0073,46,2026-09-12 00:10:02.000014,701.299987792969,1.0427,0,"aoml_apex",1030.55417262438
"3902693",12,0,1,0.0584,1,0.0146,1,0.000434999994467944,1,125.223574858856,1,1.94017066920805,751.869995117188,1,6.707200050354,34.9385986328125,0.0584000013768673,0.0198039617389441,0.000434999994467944,120.095497131348,-93.8461,26.576,33.774716287729,52,51,51,52,52,52,0,7811,1.10583931982146,27,-94,0.0073,46,2026-09-12 00:10:02.000014,751.869995117188,1.0427,0,"aoml_apex",1030.83714837127
"3902693",12,0,1,0.0438,1,0,1,0.00044599999091588,1,130.925792752838,1,1.9396722982977,801.150024414062,1,6.40799999237061,34.934398651123,0.0438000001013279,0.00660132057964802,0.00044599999091588,125.56420135498,-93.8461,26.576,33.774716287729,52,51,51,52,52,52,0,7811,1.10583931982146,27,-94,0.0073,46,2026-09-12 00:10:02.000014,801.150024414062,1.0427,0,"aoml_apex",1031.10200715618
"3902693",12,0,1,0.0365,1,-0.0073,1,0.000422999990405515,1,138.117496841431,1,1.93914691355661,851.419982910156,1,6.06080007553101,34.9346008300781,0.0364999994635582,0,0.000422999990405515,132.461395263672,-93.8461,26.576,33.774716287729,52,51,51,52,52,52,0,7811,1.10583931982146,27,-94,0.0073,46,2026-09-12 00:10:02.000014,851.419982910156,1.0427,0,"aoml_apex",1031.3813698271
"3902693",12,0,1,0.0438,1,0,1,0.000388999993447214,1,144.924242314148,1,1.93863153516788,901.549987792969,1,5.7596001625061,34.9384994506836,0.0438000001013279,0.00660132057964802,0.000388999993447214,138.989395141602,-93.8461,26.576,33.774716287729,52,51,51,52,52,52,0,7811,1.10583931982146,27,-94,0.0073,46,2026-09-12 00:10:02.000014,901.549987792969,1.0427,0,"aoml_apex",1031.65555894396
"3902693",12,0,1,0.0511,1,0.0073,1,0.000410999986343086,1,153.253225415039,1,1.93810446650813,951.510009765625,1,5.4274001121521,34.9464988708496,0.0511000007390976,0.013202641159296,0.000410999986343086,146.977294921875,-93.8461,26.576,33.774716287729,52,51,51,52,52,52,0,7811,1.10583931982146,27,-94,0.0073,46,2026-09-12 00:10:02.000014,951.510009765625,1.0427,0,"aoml_apex",1031.9361182854
"3902693",12,0,1,0.0438,1,0,1,0.000376999989384785,1,160.851080691528,1,1.93762292349762,998.679992675781,1,5.16769981384277,34.953800201416,0.0438000001013279,0.00660132057964802,0.000376999989384785,154.264007568359,-93.8461,26.576,33.774716287729,52,51,51,52,52,52,0,7811,1.10583931982146,27,-94,0.0073,46,2026-09-12 00:10:02.000014,998.679992675781,1.0427,0,"aoml_apex",1032.19257769194
"3902693",12,0,1,0.0511,1,0.0073,1,0.000409000000217929,1,176.119851522827,1,1.93662494539378,1099.61999511719,1,4.72459983825684,34.9693984985352,0.0511000007390976,0.013202641159296,0.000409000000217929,168.907501220703,-93.8461,26.576,33.774716287729,52,51,51,52,52,52,0,7811,1.10583931982146,27,-94,0.0073,46,2026-09-12 00:10:02.000014,1099.61999511719,1.0427,0,"aoml_apex",1032.72448532534
"3902693",12,0,1,0.0584,1,0.0146,1,0.000342000013915822,1,185.870550727844,1,1.93569734222941,1199.46997070312,1,4.47709989547729,34.9798011779785,0.0584000013768673,0.0198039617389441,0.000342000013915822,178.258895874023,-93.8461,26.576,33.774716287729,52,51,51,52,52,52,0,7811,1.10583931982146,27,-94,0.0073,46,2026-09-12 00:10:02.000014,1199.46997070312,1.0427,0,"aoml_apex",1033.21937596739
"3902693",12,0,1,0.0511,1,0.0073,1,0.000375000003259629,1,190.56750565033,1,1.9348197494457,1298.94995117188,1,4.37370014190674,34.9850997924805,0.0511000007390976,0.013202641159296,0.000375000003259629,182.76350402832,-93.8461,26.576,33.774716287729,52,51,51,52,52,52,0,7811,1.10583931982146,27,-94,0.0073,46,2026-09-12 00:10:02.000014,1298.94995117188,1.0427,0,"aoml_apex",1033.688022139
"3902693",12,0,1,0.0438,1,0,1,0.00388800003565848,1,195.493951307678,4,1.93394783398306,1398.33996582031,1,4.27950000762939,34.9900016784668,0.0438000001013279,0.00660132057964802,0.00388800003565848,187.488204956055,-93.8461,26.576,33.774716287729,52,51,51,52,52,52,0,7811,1.10583931982146,27,-94,0.0073,46,2026-09-12 00:10:02.000014,1398.33996582031,1.0427,0,"aoml_apex",1034.15405775496
"3902693",13,0.0264052828260027,1,0.073,1,0.0292,1,0.000501999980770051,1,178.805850923157,1,1.95550183688038,7.63000011444092,1,30.9846000671387,36.7843017578125,0.0729999989271164,0.0330066010355949,0.000501999980770051,171.483505249023,-93.7865,26.5227,35.7614314269099,52,51,51,52,52,52,0.0292,7811,1.10583931982146,27,-94,0.0073,46,2026-09-22 06:31:38.000689,7.63000011444092,1.0427,0,"aoml_apex",1022.75536758923
"3902693",13,0.0264052828260027,1,0.073,1,0.0292,1,0.000501999980770051,1,178.80553271637,1,1.95546315244098,11.5699996948242,1,30.9764003753662,36.785099029541,0.0729999989271164,0.0330066010355949,0.000501999980770051,171.483200073242,-93.7865,26.5227,35.7614314269099,52,51,51,52,52,52,0.0292,7811,1.10583931982146,27,-94,0.0073,46,2026-09-22 06:31:38.000689,11.5699996948242,1.0427,0,"aoml_apex",1022.77560050335
"3902693",13,0.0264052828260027,1,0.073,1,0.0292,1,0.000491000013425946,1,178.784260592651,1,1.95543088329903,16.8899993896484,1,30.9895992279053,36.7835998535156,0.0729999989271164,0.0330066010355949,0.000491000013425946,171.462799072266,-93.7865,26.5227,35.7614314269099,52,51,51,52,52,52,0.0292,7811,1.10583931982146,27,-94,0.0073,46,2026-09-22 06:31:38.000689,16.8899993896484,1.0427,0,"aoml_apex",1022.79247867139
"3902693",13,0.0330066035325033,1,0.0803,1,0.0365,1,0.00047999998787418,1,178.794793237305,1,1.95538771308375,21.7299995422363,1,30.9869003295898,36.7849998474121,0.0803000032901764,0.0396079234778881,0.00047999998787418,171.472900390625,-93.7865,26.5227,35.7614314269099,52,51,51,52,52,52,0.0365,7811,1.10583931982146,27,-94,0.0073,46,2026-09-22 06:31:38.000689,21.7299995422363,1.0427,0,"aoml_apex",1022.81505944716
"3902693",13,0.0330066035325033,1,0.0803,1,0.0365,1,0.000523999973665923,1,178.873103927612,1,1.9553498252915,26.7000007629395,1,30.9913005828857,36.7853012084961,0.0803000032901764,0.0396079234778881,0.000523999973665923,171.548004150391,-93.7865,26.5227,35.7614314269099,52,51,51,52,52,52,0.0365,7811,1.10583931982146,27,-94,0.0073,46,2026-09-22 06:31:38.000689,26.7000007629395,1.0427,0,"aoml_apex",1022.83487800033
"3902693",13,0.039607924239004,1,0.0876,1,0.0438,1,0.000681000004988164,1,179.167970246887,1,1.955307723474,31.8700008392334,1,30.9913997650146,36.785400390625,0.0876000002026558,0.046209242194891,0.000681000004988164,171.830795288086,-93.7865,26.5227,35.7614314269099,52,51,51,52,52,52,0.0438,7811,1.10583931982146,27,-94,0.0073,46,2026-09-22 06:31:38.000689,31.8700008392334,1.0427,0,"aoml_apex",1022.85690174976
"3902693",13,0.0528105656520053,1,0.1022,1,0.0584,1,0.000546999974176288,1,181.969494621277,1,1.95518777053342,36.9799995422363,1,30.9015007019043,36.7980995178223,0.102200001478195,0.0594118870794773,0.000546999974176288,174.517593383789,-93.7865,26.5227,35.7614314269099,52,51,51,52,52,52,0.0584,7811,1.10583931982146,27,-94,0.0073,46,2026-09-22 06:31:38.000689,36.9799995422363,1.0427,0,"aoml_apex",1022.91965515637
"3902693",13,0.0660132070650067,1,0.1168,1,0.073,1,0.000669999979436398,1,192.257820103455,1,1.95481608364858,41.8499984741211,1,30.3122997283936,36.7563018798828,0.116800002753735,0.0726145282387733,0.000669999979436398,184.38459777832,-93.7865,26.5227,35.7614314269099,52,51,51,52,52,52,0.073,7811,1.10583931982146,27,-94,0.0073,46,2026-09-22 06:31:38.000689,41.8499984741211,1.0427,0,"aoml_apex",1023.11415213399
"3902693",13,0.0924184898910093,1,0.146,1,0.1022,1,0.000692999979946762,1,206.106449954224,1,1.95412430689418,46.9799995422363,1,28.975700378418,36.6021995544434,0.145999997854233,0.0990198105573654,0.000692999979946762,197.666107177734,-93.7865,26.5227,35.7614314269099,52,51,51,52,52,52,0.1022,7811,1.10583931982146,27,-94,0.0073,46,2026-09-22 06:31:38.000689,46.9799995422363,1.0427,0,"aoml_apex",1023.47634331346
"3902693",13,0.0858171691845087,1,0.1387,1,0.0949,1,0.000893999997060746,1,211.845261628723,1,1.95334426640807,52.0099983215332,1,27.8631992340088,36.6255989074707,0.138699993491173,0.092418484389782,0.000893999997060746,203.169906616211,-93.7865,26.5227,35.7614314269099,52,51,51,52,52,52,0.0949,7811,1.10583931982146,27,-94,0.0073,46,2026-09-22 06:31:38.000689,52.0099983215332,1.0427,0,"aoml_apex",1023.88505415777
"3902693",13,0.171634338369017,1,0.2336,1,0.1898,1,0.000815999985206872,1,213.556641371155,1,1.95264107536021,56.9799995422363,1,26.9039993286133,36.6734008789062,0.233600005507469,0.178235650062561,0.000815999985206872,204.81120300293,-93.7865,26.5227,35.7614314269099,52,51,51,52,52,52,0.1898,7811,1.10583931982146,27,-94,0.0073,46,2026-09-22 06:31:38.000689,56.9799995422363,1.0427,0,"aoml_apex",1024.25377876016
"3902693",13,0.145229055543015,1,0.2044,1,0.1606,1,0.000770999991800636,1,211.975074087524,1,1.9522924289798,61.7799987792969,1,26.4288005828857,36.6874008178711,0.20440000295639,0.15183037519455,0.000770999991800636,203.294403076172,-93.7865,26.5227,35.7614314269099,52,51,51,52,52,52,0.1606,7811,1.10583931982146,27,-94,0.0073,46,2026-09-22 06:31:38.000689,61.7799987792969,1.0427,0,"aoml_apex",1024.436693147
"3902693",13,0.145229055543015,1,0.2044,1,0.1606,1,0.000748999998904765,1,208.587969673157,1,1.95187502445739,66.6800003051758,1,25.8089008331299,36.6907997131348,0.20440000295639,0.15183037519455,0.000748999998904765,200.046005249023,-93.7865,26.5227,35.7614314269099,52,51,51,52,52,52,0.1606,7811,1.10583931982146,27,-94,0.0073,46,2026-09-22 06:31:38.000689,66.6800003051758,1.0427,0,"aoml_apex",1024.65576685986
"3902693",13,0.171634338369017,1,0.2336,1,0.1898,1,0.000760000024456531,1,203.034433900452,1,1.95150489089195,71.879997253418,1,25.2775001525879,36.6996994018555,0.233600005507469,0.178235650062561,0.000760000024456531,194.71989440918,-93.7865,26.5227,35.7614314269099,52,51,51,52,52,52,0.1898,7811,1.10583931982146,27,-94,0.0073,46,2026-09-22 06:31:38.000689,71.879997253418,1.0427,0,"aoml_apex",1024.85010892588
"3902693",13,0.217843583314522,1,0.2847,1,0.2409,1,0.000770999991800636,1,195.125865606689,1,1.95118441546177,76.6500015258789,1,24.7961006164551,36.6996002197266,0.284700006246567,0.224444895982742,0.000770999991800636,187.135192871094,-93.7865,26.5227,35.7614314269099,52,51,51,52,52,52,0.2409,7811,1.10583931982146,27,-94,0.0073,46,2026-09-22 06:31:38.000689,76.6500015258789,1.0427,0,"aoml_apex",1025.01843708437
"3902693",13,0.363072638857537,1,0.4453,1,0.4015,1,0.000659000012092292,1,184.031649615478,1,1.95084472040736,81.8000030517578,1,24.2523002624512,36.6882019042969,0.44530001282692,0.369673937559128,0.000659000012092292,176.495300292969,-93.7865,26.5227,35.7614314269099,52,51,51,52,52,52,0.4015,7811,1.10583931982146,27,-94,0.0073,46,2026-09-22 06:31:38.000689,81.8000030517578,1.0427,0,"aoml_apex",1025.19692063568
"3902693",13,0.402680563096541,1,0.4891,1,0.4453,1,0.000770999991800636,1,171.146486274719,1,1.95052002987487,86.879997253418,1,23.74049949646,36.6823997497559,0.489100009202957,0.409281879663467,0.000770999991800636,164.137802124023,-93.7865,26.5227,35.7614314269099,52,51,51,52,52,52,0.4453,7811,1.10583931982146,27,-94,0.0073,46,2026-09-22 06:31:38.000689,86.879997253418,1.0427,0,"aoml_apex",1025.36757857765
"3902693",13,0.356471318151036,1,0.438,1,0.3942,1,0.000614000018686056,1,158.164238043213,1,1.95023394403966,91.9499969482422,1,23.3022994995117,36.6810989379883,0.437999993562698,0.363072633743286,0.000614000018686056,151.687194824219,-93.7865,26.5227,35.7614314269099,52,51,51,52,52,52,0.3942,7811,1.10583931982146,27,-94,0.0073,46,2026-09-22 06:31:38.000689,91.9499969482422,1.0427,0,"aoml_apex",1025.51799291179
"3902693",13,0.257451507553526,1,0.3285,1,0.2847,1,0.000557999999728054,1,148.699336264038,1,1.9497706875,96.5199966430664,1,22.8859004974365,36.8157997131348,0.328500002622604,0.26405280828476,0.000557999999728054,142.609893798828,-93.7865,26.5227,35.7614314269099,52,51,51,52,52,52,0.2847,7811,1.10583931982146,27,-94,0.0073,46,2026-09-22 06:31:38.000689,96.5199966430664,1.0427,0,"aoml_apex",1025.76165126598
"3902693",13,0.290458111086029,1,0.365,1,0.3212,1,0.000601999985519797,1,140.451066314697,1,1.94953124813893,101.839996337891,1,22.5401000976562,36.8195991516113,0.365000009536743,0.297059416770935,0.000601999985519797,134.699401855469,-93.7865,26.5227,35.7614314269099,52,51,51,52,52,52,0.3212,7811,1.10583931982146,27,-94,0.0073,46,2026-09-22 06:31:38.000689,101.839996337891,1.0427,0,"aoml_apex",1025.88763422451
"3902693",13,0.224444904021023,1,0.292,1,0.2482,1,0.000513000006321818,1,138.452314022827,1,1.94906847537997,111.779998779297,1,21.8285007476807,36.8162994384766,0.291999995708466,0.231046229600906,0.000513000006321818,132.782501220703,-93.7865,26.5227,35.7614314269099,52,51,51,52,52,52,0.2482,7811,1.10583931982146,27,-94,0.0073,46,2026-09-22 06:31:38.000689,111.779998779297,1.0427,0,"aoml_apex",1026.13121358402
"3902693",13,0.145229055543015,1,0.2044,1,0.1606,1,0.000546000024769455,1,141.220474415588,1,1.94866358966995,121.800003051758,1,21.0823001861572,36.7652015686035,0.20440000295639,0.15183037519455,0.000546000024769455,135.437301635742,-93.7865,26.5227,35.7614314269099,52,51,51,52,52,52,0.1606,7811,1.10583931982146,27,-94,0.0073,46,2026-09-22 06:31:38.000689,121.800003051758,1.0427,0,"aoml_apex",1026.34441911995
"3902693",13,0.105621131304011,1,0.1606,1,0.1168,1,0.000433999986853451,1,142.918409921265,1,1.94836018576374,131.470001220703,1,20.5387992858887,36.7240982055664,0.160600006580353,0.112222447991371,0.000433999986853451,137.065704345703,-93.7865,26.5227,35.7614314269099,52,51,51,52,52,52,0.1168,7811,1.10583931982146,27,-94,0.0073,46,2026-09-22 06:31:38.000689,131.470001220703,1.0427,0,"aoml_apex",1026.50424424271
"3902693",13,0.0726145277715073,1,0.1241,1,0.0803,1,0.000388999993447214,1,142.079760023499,1,1.94811559525627,141.690002441406,1,20.1858005523682,36.7094993591309,0.124099999666214,0.0792158469557762,0.000388999993447214,136.26139831543,-93.7865,26.5227,35.7614314269099,52,51,51,52,52,52,0.0803,7811,1.10583931982146,27,-94,0.0073,46,2026-09-22 06:31:38.000689,141.690002441406,1.0427,0,"aoml_apex",1026.63312427151
"3902693",13,0.0330066035325033,1,0.0803,1,0.0365,1,0.000422000011894852,1,141.981115919495,1,1.94788742456627,151.449996948242,1,19.8283004760742,36.6859016418457,0.0803000032901764,0.0396079234778881,0.000422000011894852,136.166793823242,-93.7865,26.5227,35.7614314269099,52,51,51,52,52,52,0.0365,7811,1.10583931982146,27,-94,0.0073,46,2026-09-22 06:31:38.000689,151.449996948242,1.0427,0,"aoml_apex",1026.75338152323
"3902693",13,0.00660132070650067,1,0.0511,1,0.0073,1,0.000388999993447214,1,142.421450471497,1,1.94765538205281,161.279998779297,1,19.4687004089355,36.6651992797852,0.0511000007390976,0.013202641159296,0.000388999993447214,136.589096069336,-93.7865,26.5227,35.7614314269099,52,51,51,52,52,52,0.0073,7811,1.10583931982146,27,-94,0.0073,46,2026-09-22 06:31:38.000689,161.279998779297,1.0427,0,"aoml_apex",1026.87570831551
"3902693",13,0,1,0.0438,1,0,1,0.000388999993447214,1,141.343190863037,1,1.94746402503969,171.660003662109,1,19.1124992370605,36.6157989501953,0.0438000001013279,0.00660132057964802,0.000388999993447214,135.554992675781,-93.7865,26.5227,35.7614314269099,52,51,51,52,52,52,0,7811,1.10583931982146,27,-94,0.0073,46,2026-09-22 06:31:38.000689,171.660003662109,1.0427,0,"aoml_apex",1026.97660869973
"3902693",13,0,1,0.0438,1,0,1,0.000444000004790723,1,128.287237984467,1,1.9472783927195,181.279998779297,1,18.7196998596191,36.5558013916016,0.0438000001013279,0.00660132057964802,0.000444000004790723,123.033699035645,-93.7865,26.5227,35.7614314269099,52,51,51,52,52,52,0,7811,1.10583931982146,27,-94,0.0073,46,2026-09-22 06:31:38.000689,181.279998779297,1.0427,0,"aoml_apex",1027.07450946799
"3902693",13,0,1,0.0584,1,0.0146,1,0.000578999985009432,1,119.050275682068,1,1.94704902902384,191.559997558594,1,18.1026000976562,36.4496002197266,0.0584000013768673,0.0198039617389441,0.000578999985009432,114.175003051758,-93.7865,26.5227,35.7614314269099,52,51,51,52,52,52,0,7811,1.10583931982146,27,-94,0.0073,46,2026-09-22 06:31:38.000689,191.559997558594,1.0427,0,"aoml_apex",1027.19549954153
"3902693",13,0,1,0.0511,1,0.0073,1,0.000500000023748726,1,120.246979811859,1,1.94684219333939,201.529998779297,1,17.6380996704102,36.38330078125,0.0511000007390976,0.013202641159296,0.000500000023748726,115.322700500488,-93.7865,26.5227,35.7614314269099,52,51,51,52,52,52,0,7811,1.10583931982146,27,-94,0.0073,46,2026-09-22 06:31:38.000689,201.529998779297,1.0427,0,"aoml_apex",1027.30463046387
"3902693",13,0,1,0.0292,1,-0.0146,1,0.000465999997686595,1,120.543524671936,1,1.94660468558928,210.850006103516,1,17.0688991546631,36.3109016418457,0.0292000006884336,-0.00660132057964802,0.000465999997686595,115.60710144043,-93.7865,26.5227,35.7614314269099,52,51,51,52,52,52,0,7811,1.10583931982146,27,-94,0.0073,46,2026-09-22 06:31:38.000689,210.850006103516,1.0427,0,"aoml_apex",1027.42997322774
"3902693",13,0,1,0.0365,1,-0.0073,1,0.000465999997686595,1,119.38570541153,1,1.9464467047178,220.630004882812,1,16.7059001922607,36.2491989135742,0.0364999994635582,0,0.000465999997686595,114.496696472168,-93.7865,26.5227,35.7614314269099,52,51,51,52,52,52,0,7811,1.10583931982146,27,-94,0.0073,46,2026-09-22 06:31:38.000689,220.630004882812,1.0427,0,"aoml_apex",1027.51336327494
"3902693",13,0,1,0.0438,1,0,1,0.00047699999413453,1,117.073734223938,1,1.94621030532866,231.850006103516,1,16.1032009124756,36.1609001159668,0.0438000001013279,0.00660132057964802,0.00047699999413453,112.279403686523,-93.7865,26.5227,35.7614314269099,52,51,51,52,52,52,0,7811,1.10583931982146,27,-94,0.0073,46,2026-09-22 06:31:38.000689,231.850006103516,1.0427,0,"aoml_apex",1027.6381717454
"3902693",13,0,1,0.0438,1,0,1,0.000432000000728294,1,118.122997238922,1,1.94604709569009,241.440002441406,1,15.65149974823,36.0811004638672,0.0438000001013279,0.00660132057964802,0.000432000000728294,113.285697937012,-93.7865,26.5227,35.7614314269099,52,51,51,52,52,52,0,7811,1.10583931982146,27,-94,0.0073,46,2026-09-22 06:31:38.000689,241.440002441406,1.0427,0,"aoml_apex",1027.72435694357
"3902693",13,0,1,0.0438,1,0,1,0.000432000000728294,1,113.282371952057,1,1.9458662687153,251.710006713867,1,15.2179002761841,36.0172004699707,0.0438000001013279,0.00660132057964802,0.000432000000728294,108.64330291748,-93.7865,26.5227,35.7614314269099,52,51,51,52,52,52,0,7811,1.10583931982146,27,-94,0.0073,46,2026-09-22 06:31:38.000689,251.710006713867,1.0427,0,"aoml_apex",1027.81986211233
"3902693",13,0,1,0.0292,1,-0.0146,1,0.000432000000728294,1,112.374488212585,1,1.94568650001411,261.519989013672,1,14.7334003448486,35.9426002502441,0.0292000006884336,-0.00660132057964802,0.000432000000728294,107.772598266602,-93.7865,26.5227,35.7614314269099,52,51,51,52,52,52,0,7811,1.10583931982146,27,-94,0.0073,46,2026-09-22 06:31:38.000689,261.519989013672,1.0427,0,"aoml_apex",1027.91482594215
"3902693",13,0,1,0.0511,1,0.0073,1,0.000464999990072101,1,112.357806221771,1,1.94554204055184,271.679992675781,1,14.4197998046875,35.8931999206543,0.0511000007390976,0.013202641159296,0.000464999990072101,107.75659942627,-93.7865,26.5227,35.7614314269099,52,51,51,52,52,52,0,7811,1.10583931982146,27,-94,0.0073,46,2026-09-22 06:31:38.000689,271.679992675781,1.0427,0,"aoml_apex",1027.99115018492
"3902693",13,0,1,0.0365,1,-0.0073,1,0.000430999993113801,1,115.661707516479,1,1.94541405741301,281.190002441406,1,14.1209001541138,35.8414993286133,0.0364999994635582,0,0.000430999993113801,110.925201416016,-93.7865,26.5227,35.7614314269099,52,51,51,52,52,52,0,7811,1.10583931982146,27,-94,0.0073,46,2026-09-22 06:31:38.000689,281.190002441406,1.0427,0,"aoml_apex",1028.05877873607
"3902693",13,0,1,0.0438,1,0,1,0.000441999989561737,1,116.516617781067,1,1.94527568203435,291.910003662109,1,13.8298997879028,35.7932014465332,0.0438000001013279,0.00660132057964802,0.000441999989561737,111.745101928711,-93.7865,26.5227,35.7614314269099,52,51,51,52,52,52,0,7811,1.10583931982146,27,-94,0.0073,46,2026-09-22 06:31:38.000689,291.910003662109,1.0427,0,"aoml_apex",1028.13190874232
"3902693",13,0,1,0.0438,1,0,1,0.000621000013779849,1,116.827131919098,1,1.94516535775442,301.649993896484,1,13.6494998931885,35.7627983093262,0.0438000001013279,0.00660132057964802,0.000621000013779849,112.042900085449,-93.7865,26.5227,35.7614314269099,52,51,51,52,52,52,0,7811,1.10583931982146,27,-94,0.0073,46,2026-09-22 06:31:38.000689,301.649993896484,1.0427,0,"aoml_apex",1028.19022147756
"3902693",13,0,1,0.0365,1,-0.0073,1,0.000419999996665865,1,116.699188925171,1,1.94504337945063,311.850006103516,1,13.4169998168945,35.7238006591797,0.0364999994635582,0,0.000419999996665865,111.920196533203,-93.7865,26.5227,35.7614314269099,52,51,51,52,52,52,0,7811,1.10583931982146,27,-94,0.0073,46,2026-09-22 06:31:38.000689,311.850006103516,1.0427,0,"aoml_apex",1028.2547017357
"3902693",13,0,1,0.0438,1,0,1,0.000407999992603436,1,116.307030880737,1,1.94495535530845,320.970001220703,1,13.3463001251221,35.7123985290527,0.0438000001013279,0.00660132057964802,0.000407999992603436,111.544097900391,-93.7865,26.5227,35.7614314269099,52,51,51,52,52,52,0,7811,1.10583931982146,27,-94,0.0073,46,2026-09-22 06:31:38.000689,320.970001220703,1.0427,0,"aoml_apex",1028.30123814478
"3902693",13,0,1,0.0511,1,0.0073,1,0.000419999996665865,1,115.867746411133,1,1.94483784187805,331.359985351562,1,13.1787004470825,35.6875991821289,0.0511000007390976,0.013202641159296,0.000419999996665865,111.122802734375,-93.7865,26.5227,35.7614314269099,52,51,51,52,52,52,0,7811,1.10583931982146,27,-94,0.0073,46,2026-09-22 06:31:38.000689,331.359985351562,1.0427,0,"aoml_apex",1028.36337145141
"3902693",13,0,1,0.0438,1,0,1,0.0003969999961555,1,115.576412187195,1,1.94474883733845,340.899993896484,1,13.0957002639771,35.6712989807129,0.0438000001013279,0.00660132057964802,0.0003969999961555,110.843399047852,-93.7865,26.5227,35.7614314269099,52,51,51,52,52,52,0,7811,1.10583931982146,27,-94,0.0073,46,2026-09-22 06:31:38.000689,340.899993896484,1.0427,0,"aoml_apex",1028.41043614515
"3902693",13,0,1,0.0511,1,0.0073,1,0.000430999993113801,1,114.87498896637,1,1.94462874549935,351.489990234375,1,12.9223003387451,35.6459999084473,0.0511000007390976,0.013202641159296,0.000430999993113801,110.170700073242,-93.7865,26.5227,35.7614314269099,52,51,51,52,52,52,0,7811,1.10583931982146,27,-94,0.0073,46,2026-09-22 06:31:38.000689,351.489990234375,1.0427,0,"aoml_apex",1028.47394631433
"3902693",13,0,1,0.0438,1,0,1,0.0003969999961555,1,114.257810992432,1,1.94452604151678,360.899993896484,1,12.7594003677368,35.6186981201172,0.0438000001013279,0.00660132057964802,0.0003969999961555,109.578796386719,-93.7865,26.5227,35.7614314269099,52,51,51,52,52,52,0,7811,1.10583931982146,27,-94,0.0073,46,2026-09-22 06:31:38.000689,360.899993896484,1.0427,0,"aoml_apex",1028.52826719664
"3902693",13,0,1,0.0438,1,0,1,0.000418999989051372,1,112.970187228394,1,1.9443002982431,381.769989013672,1,12.4533996582031,35.5722999572754,0.0438000001013279,0.00660132057964802,0.000418999989051372,108.343902587891,-93.7865,26.5227,35.7614314269099,52,51,51,52,52,52,0,7811,1.10583931982146,27,-94,0.0073,46,2026-09-22 06:31:38.000689,381.769989013672,1.0427,0,"aoml_apex",1028.64768462322
"3902693",13,0,1,0.0438,1,0,1,0.000418999989051372,1,110.395448831177,1,1.94408950437999,401.929992675781,1,12.2033996582031,35.5353012084961,0.0438000001013279,0.00660132057964802,0.000418999989051372,105.874603271484,-93.7865,26.5227,35.7614314269099,52,51,51,52,52,52,0,7811,1.10583931982146,27,-94,0.0073,46,2026-09-22 06:31:38.000689,401.929992675781,1.0427,0,"aoml_apex",1028.75921890121
"3902693",13,0,1,0.0438,1,0,1,0.000452000007499009,1,105.194565730286,1,1.94352493599603,451.660003662109,1,11.3432998657227,35.4160003662109,0.0438000001013279,0.00660132057964802,0.000452000007499009,100.886703491211,-93.7865,26.5227,35.7614314269099,52,51,51,52,52,52,0,7811,1.10583931982146,27,-94,0.0073,46,2026-09-22 06:31:38.000689,451.660003662109,1.0427,0,"aoml_apex",1029.05805989828
"3902693",13,0,1,0.0438,1,0,1,0.000461999996332452,1,102.451742552948,1,1.94297207434384,501.320007324219,1,10.5016002655029,35.3016014099121,0.0438000001013279,0.00660132057964802,0.000461999996332452,98.2562026977539,-93.7865,26.5227,35.7614314269099,52,51,51,52,52,52,0,7811,1.10583931982146,27,-94,0.0073,46,2026-09-22 06:31:38.000689,501.320007324219,1.0427,0,"aoml_apex",1029.35087251597
"3902693",13,0,1,0.0438,1,0,1,0.000572999997530133,1,102.777689720154,1,1.94239092214169,551.369995117188,1,9.48859977722168,35.1727981567383,0.0438000001013279,0.00660132057964802,0.000572999997530133,98.5688018798828,-93.7865,26.5227,35.7614314269099,52,51,51,52,52,52,0,7811,1.10583931982146,27,-94,0.0073,46,2026-09-22 06:31:38.000689,551.369995117188,1.0427,0,"aoml_apex",1029.65884838197
"3902693",13,0,1,0.0511,1,0.0073,1,0.000505000003613532,1,105.323439479065,1,1.94185160231886,601.119995117188,1,8.73830032348633,35.0858993530273,0.0511000007390976,0.013202641159296,0.000505000003613532,101.010299682617,-93.7865,26.5227,35.7614314269099,52,51,51,52,52,52,0,7811,1.10583931982146,27,-94,0.0073,46,2026-09-22 06:31:38.000689,601.119995117188,1.0427,0,"aoml_apex",1029.94482050621
"3902693",13,0,1,0.0438,1,0,1,0.00040300001273863,1,110.412441073608,1,1.94128855705649,651.52001953125,1,7.95979976654053,35.0116004943848,0.0438000001013279,0.00660132057964802,0.00040300001273863,105.890899658203,-93.7865,26.5227,35.7614314269099,52,51,51,52,52,52,0,7811,1.10583931982146,27,-94,0.0073,46,2026-09-22 06:31:38.000689,651.52001953125,1.0427,0,"aoml_apex",1030.24354248115
"3902693",13,0,1,0.0511,1,0.0073,1,0.000425000005634502,1,117.63626813736,1,1.94074739483708,701.369995117188,1,7.30950021743774,34.9580001831055,0.0511000007390976,0.013202641159296,0.000425000005634502,112.818901062012,-93.7865,26.5227,35.7614314269099,52,51,51,52,52,52,0,7811,1.10583931982146,27,-94,0.0073,46,2026-09-22 06:31:38.000689,701.369995117188,1.0427,0,"aoml_apex",1030.53081782851
"3902693",13,0,1,0.0584,1,0.0146,1,0.000423999998020008,1,124.324982757568,1,1.94020635413903,750.940002441406,1,6.79960012435913,34.937801361084,0.0584000013768673,0.0198039617389441,0.000423999998020008,119.233703613281,-93.7865,26.5227,35.7614314269099,52,51,51,52,52,52,0,7811,1.10583931982146,27,-94,0.0073,46,2026-09-22 06:31:38.000689,750.940002441406,1.0427,0,"aoml_apex",1030.81818886605
"3902693",13,0,1,0.0438,1,0,1,0.000501999980770051,1,131.177605693817,1,1.93968457550116,799.890014648438,1,6.39629983901978,34.9310989379883,0.0438000001013279,0.00660132057964802,0.000501999980770051,125.805702209473,-93.7865,26.5227,35.7614314269099,52,51,51,52,52,52,0,7811,1.10583931982146,27,-94,0.0073,46,2026-09-22 06:31:38.000689,799.890014648438,1.0427,0,"aoml_apex",1031.09548081201
"3902693",13,0,1,0.0438,1,0,1,0.000433999986853451,1,136.867723774719,1,1.93916208304221,851.179992675781,1,6.1016001701355,34.9333992004395,0.0438000001013279,0.00660132057964802,0.000433999986853451,131.262802124023,-93.7865,26.5227,35.7614314269099,52,51,51,52,52,52,0,7811,1.10583931982146,27,-94,0.0073,46,2026-09-22 06:31:38.000689,851.179992675781,1.0427,0,"aoml_apex",1031.37330163879
"3902693",13,0,1,0.0584,1,0.0146,1,0.000377999996999279,1,143.146659649658,1,1.93864507199907,901.739990234375,1,5.81160020828247,34.9379005432129,0.0584000013768673,0.0198039617389441,0.000377999996999279,137.284606933594,-93.7865,26.5227,35.7614314269099,52,51,51,52,52,52,0,7811,1.10583931982146,27,-94,0.0073,46,2026-09-22 06:31:38.000689,901.739990234375,1.0427,0,"aoml_apex",1031.64835528025
"3902693",13,0,1,0.0584,1,0.0146,1,0.000376999989384785,1,151.649033628845,1,1.93812087907041,951.429992675781,1,5.48680019378662,34.9467010498047,0.0584000013768673,0.0198039617389441,0.000376999989384785,145.43879699707,-93.7865,26.5227,35.7614314269099,52,51,51,52,52,52,0,7811,1.10583931982146,27,-94,0.0073,46,2026-09-22 06:31:38.000689,951.429992675781,1.0427,0,"aoml_apex",1031.92737955502
"3902693",13,0,1,0.0511,1,0.0073,1,0.000444000004790723,1,156.744081152344,1,1.93766284526836,998.72998046875,1,5.29659986495972,34.9497985839844,0.0511000007390976,0.013202641159296,0.000444000004790723,150.3251953125,-93.7865,26.5227,35.7614314269099,52,51,51,52,52,52,0,7811,1.10583931982146,27,-94,0.0073,46,2026-09-22 06:31:38.000689,998.72998046875,1.0427,0,"aoml_apex",1032.17131137332
"3902693",13,0,1,0.0511,1,0.0073,1,0.000330999988364056,1,170.938569960022,1,1.93667182392674,1099.78002929688,1,4.87459993362427,34.9634017944336,0.0511000007390976,0.013202641159296,0.000330999988364056,163.938400268555,-93.7865,26.5227,35.7614314269099,52,51,51,52,52,52,0,7811,1.10583931982146,27,-94,0.0073,46,2026-09-22 06:31:38.000689,1099.78002929688,1.0427,0,"aoml_apex",1032.69948748718
"3902693",13,0,1,0.0511,1,0.0073,1,0.000353000010363758,1,180.681982229614,1,1.9357350882204,1199.65002441406,1,4.60080003738403,34.9751014709473,0.0511000007390976,0.013202641159296,0.000353000010363758,173.282806396484,-93.7865,26.5227,35.7614314269099,52,51,51,52,52,52,0,7811,1.10583931982146,27,-94,0.0073,46,2026-09-22 06:31:38.000689,1199.65002441406,1.0427,0,"aoml_apex",1033.19922863964
"3902693",13,0,1,0.0511,1,0.0073,1,0.000364000006811693,1,187.735322052002,1,1.93484410683417,1298.61999511719,1,4.4394998550415,34.9822006225586,0.0511000007390976,0.013202641159296,0.000364000006811693,180.047302246094,-93.7865,26.5227,35.7614314269099,52,51,51,52,52,52,0,7811,1.10583931982146,27,-94,0.0073,46,2026-09-22 06:31:38.000689,1298.61999511719,1.0427,0,"aoml_apex",1033.67500923495
"3902693",13,0,1,0.0511,1,0.0073,1,0.000498000008519739,1,193.554321836853,4,1.93395995422547,1398.18005371094,1,4.31459999084473,34.9889984130859,0.0511000007390976,0.013202641159296,0.000498000008519739,185.628005981445,-93.7865,26.5227,35.7614314269099,52,51,51,52,52,52,0,7811,1.10583931982146,27,-94,0.0073,46,2026-09-22 06:31:38.000689,1398.18005371094,1.0427,0,"aoml_apex",1034.14757664979
