"FLOAT_NUM","CYCLE_NUMBER","CHLA_FINAL","CHLA_FINAL_QC","CHLA_FLUORESCENCE","CHLA_FLUORESCENCE_QC","CHLA_FLUORESCENCE_ADJUSTED","CHLA_FLUORESCENCE_ADJUSTED_QC","BBP700_FINAL","BBP700_FINAL_QC","DOXY_FINAL","DOXY_FINAL_QC","DOXY_ADJUSTED_ERROR","PRES","PRES_QC","TEMP","PSAL","CHLA","CHLA_QC","CHLA_ADJUSTED","BBP700","BBP700_QC","DOXY","LONGITUDE","LATITUDE","MLD","MIN_FLUOCHLA_CYCLE1","MIN_FLUOCHLA_CYCLE2","MIN_FLUOCHLA_CYCLE3","MIN_FLUOCHLA_CYCLE4","MIN_FLUOCHLA_CYCLE5","MEDIAN_FIRST5","CHLA_NOLUT","NEAREST_INDICES","PHYSIO_RATIO","MATCHED_LAT","MATCHED_LON","SCALE_CHLA","DARK_CHLA","DATE_TIME","PRES_ADJUSTED","DOXY_SLOPE","DOXY_DRIFT","FLOAT_TYPE","DENSITY"
"5907206",1,12,5,54,1,5,1,0.000656999996863306,3,195.987697174072,1,1.95460099780073,7.40000009536743,1,27.903299331665,36.021900177002,0.064800001680851,"3",0.171860098838806,0.000656999996863306,"3",180.717102050781,-65.0129,18.1508,38.0665519104091,49,48,49,48,49,49,12,10056,1,18,-65,99999,99999,2026-05-29 18:54:48.002009,7.40000009536743,1.0845,0,"aoml_apex",1023.22673642874
"5907206",1,12,5,55,1,6,1,0.000754999986384064,3,196.402840782166,1,1.95449439051689,11.8599996566772,1,27.7954006195068,36.0237998962402,0.0719999969005585,"3",0.171860098838806,0.000754999986384064,"3",181.099899291992,-65.0129,18.1508,38.0665519104091,49,48,49,48,49,49,12,10056,1,18,-65,99999,99999,2026-05-29 18:54:48.002009,11.8599996566772,1.0845,0,"aoml_apex",1023.28254801032
"5907206",1,12,5,56,1,7,1,0.00115499994717538,3,196.353924430847,1,1.95444867125463,16.4799995422363,1,27.7859001159668,36.0251998901367,0.0791999995708466,"3",0.171860098838806,0.00115499994717538,"3",181.054794311523,-65.0129,18.1508,38.0665519104091,49,48,49,48,49,49,12,10056,1,18,-65,99999,99999,2026-05-29 18:54:48.002009,16.4799995422363,1.0845,0,"aoml_apex",1023.30648505398
"5907206",1,12,5,58,1,9,1,0.000754999986384064,3,196.50403276062,1,1.95440377074514,21.2900009155273,1,27.7794990539551,36.0262985229492,0.0935999974608421,"3",0.171860098838806,0.000754999986384064,"3",181.193206787109,-65.0129,18.1508,38.0665519104091,49,48,49,48,49,49,12,10056,1,18,-65,99999,99999,2026-05-29 18:54:48.002009,21.2900009155273,1.0845,0,"aoml_apex",1023.32999451668
"5907206",1,12,5,58,1,9,1,0.000646999978926033,3,196.366732704163,1,1.95434860718019,26.9200000762939,1,27.7689990997314,36.0280990600586,0.0935999974608421,"3",0.171860098838806,0.000646999978926033,"3",181.066604614258,-65.0129,18.1508,38.0665519104091,49,48,49,48,49,49,12,10056,1,18,-65,99999,99999,2026-05-29 18:54:48.002009,26.9200000762939,1.0845,0,"aoml_apex",1023.35887909255
"5907206",1,12,5,59,1,10,1,0.000700999982655048,3,196.439610786438,1,1.95430881441022,31.6399993896484,1,27.7665996551514,36.0279006958008,0.10080000013113,"3",0.171860098838806,0.000700999982655048,"3",181.133804321289,-65.0129,18.1508,38.0665519104091,49,48,49,48,49,49,12,10056,1,18,-65,99999,99999,2026-05-29 18:54:48.002009,31.6399993896484,1.0845,0,"aoml_apex",1023.37971627251
"5907206",1,12,5,61,1,12,1,0.000700999982655048,3,196.358276596069,1,1.95426022376352,36.810001373291,1,27.7644996643066,36.0313987731934,0.115199998021126,"3",0.171860098838806,0.000700999982655048,"3",181.058807373047,-65.0129,18.1508,38.0665519104091,49,48,49,48,49,49,12,10056,1,18,-65,99999,99999,2026-05-29 18:54:48.002009,36.810001373291,1.0845,0,"aoml_apex",1023.40516154414
"5907206",1,21,2,70,1,21,1,0.000700999982655048,3,195.888143463135,1,1.95418059698157,41.5999984741211,1,27.7640991210938,36.059398651123,0.180000007152557,"3",0.171860098838806,0.000700999982655048,"3",180.625305175781,-65.0129,18.1508,38.0665519104091,49,48,49,48,49,49,21,10056,1,18,-65,99999,99999,2026-05-29 18:54:48.002009,41.5999984741211,1.0845,0,"aoml_apex",1023.44686212175
"5907206",1,24,2,73,1,24,1,0.000699999975040555,3,195.547814071655,1,1.95370580434882,46.7299995422363,1,27.5962009429932,36.287899017334,0.20160000026226,"3",0.171860098838806,0.000699999975040555,"3",180.311492919922,-65.0129,18.1508,38.0665519104091,49,48,49,48,49,49,24,10056,1,18,-65,99999,99999,2026-05-29 18:54:48.002009,46.7299995422363,1.0845,0,"aoml_apex",1023.69558177497
"5907206",1,28,2,77,1,28,1,0.000797000015154481,3,199.998722145081,1,1.95296940544459,51.8899993896484,1,27.2259006500244,36.611499786377,0.230399996042252,"3",0.171860098838806,0.000797000015154481,"3",184.415603637695,-65.0129,18.1508,38.0665519104091,49,48,49,48,49,49,28,10056,1,18,-65,99999,99999,2026-05-29 18:54:48.002009,51.8899993896484,1.0845,0,"aoml_apex",1024.08158285752
"5907206",1,19,2,68,1,19,1,0.000601999985519797,3,200.465049201965,1,1.95256166061056,56.0800018310547,1,26.9389991760254,36.7486991882324,0.165600001811981,"3",0.171860098838806,0.000601999985519797,"3",184.845596313477,-65.0129,18.1508,38.0665519104091,49,48,49,48,49,49,19,10056,1,18,-65,99999,99999,2026-05-29 18:54:48.002009,56.0800018310547,1.0845,0,"aoml_apex",1024.29543729472
"5907206",1,18,2,67,1,18,1,0.00052599998889491,3,198.717166694641,1,1.95242919217447,61.8499984741211,1,26.8533000946045,36.771598815918,0.158399999141693,"3",0.171860098838806,0.00052599998889491,"3",183.233901977539,-65.0129,18.1508,38.0665519104091,49,48,49,48,49,49,18,10056,1,18,-65,99999,99999,2026-05-29 18:54:48.002009,61.8499984741211,1.0845,0,"aoml_apex",1024.36493370218
"5907206",1,24,2,73,1,24,1,0.000546999974176288,3,198.411125083923,1,1.95212655573881,66.9499969482422,1,26.6172008514404,36.8530006408691,0.20160000026226,"3",0.171860098838806,0.000546999974176288,"3",182.951705932617,-65.0129,18.1508,38.0665519104091,49,48,49,48,49,49,24,10056,1,18,-65,99999,99999,2026-05-29 18:54:48.002009,66.9499969482422,1.0845,0,"aoml_apex",1024.52374008255
"5907206",1,27,2,76,1,27,1,0.000591000018175691,3,199.090129051208,1,1.95194556289264,71.8099975585938,1,26.5568008422852,36.9258003234863,0.223199993371964,"3",0.171860098838806,0.000591000018175691,"3",183.57780456543,-65.0129,18.1508,38.0665519104091,49,48,49,48,49,49,27,10056,1,18,-65,99999,99999,2026-05-29 18:54:48.002009,71.8099975585938,1.0845,0,"aoml_apex",1024.61873836079
"5907206",1,26,2,75,1,26,1,0.000579999992623925,3,197.882527313232,1,1.95186042651961,76.75,1,26.5231990814209,36.942798614502,0.216000005602837,"3",0.171860098838806,0.000579999992623925,"3",182.464294433594,-65.0129,18.1508,38.0665519104091,49,48,49,48,49,49,26,10056,1,18,-65,99999,99999,2026-05-29 18:54:48.002009,76.75,1.0845,0,"aoml_apex",1024.66343024651
"5907206",1,32,2,81,1,32,1,0.000515000021550804,3,196.954208816528,1,1.95168172249497,81.4100036621094,1,26.4141998291016,36.994701385498,0.259200006723404,"3",0.171860098838806,0.000515000021550804,"3",181.608306884766,-65.0129,18.1508,38.0665519104091,49,48,49,48,49,49,32,10056,1,18,-65,99999,99999,2026-05-29 18:54:48.002009,81.4100036621094,1.0845,0,"aoml_apex",1024.75725265453
"5907206",1,41,2,90,1,41,1,0.0160009991377592,3,196.639049171448,1,1.95162994768435,86.9400024414062,1,26.4064998626709,36.9961013793945,0.324000000953674,"3",0.171860098838806,0.0160009991377592,"3",181.31770324707,-65.0129,18.1508,38.0665519104091,49,48,49,48,49,49,41,10056,1,18,-65,99999,99999,2026-05-29 18:54:48.002009,86.9400024414062,1.0845,0,"aoml_apex",1024.78443845004
"5907206",1,52,2,101,4,52,4,0.000536000006832182,3,193.42155796051,1,1.9514460881739,91.8899993896484,1,26.2763996124268,37.0411987304688,0.403200000524521,"3",0.171860098838806,0.000536000006832182,"3",178.35090637207,-65.0129,18.1508,38.0665519104091,49,48,49,48,49,49,52,10056,1,18,-65,99999,99999,2026-05-29 18:54:48.002009,91.8899993896484,1.0845,0,"aoml_apex",1024.88099062554
"5907206",1,56,2,105,4,56,4,0.000612000003457069,3,190.91212928009,1,1.95125051041458,96.6900024414062,1,26.1144008636475,37.0820999145508,0.432000011205673,"3",0.185080111026764,0.000612000003457069,"3",176.037002563477,-65.0129,18.1508,38.0665519104091,49,48,49,48,49,49,56,10056,1,18,-65,99999,99999,2026-05-29 18:54:48.002009,96.6900024414062,1.0845,0,"aoml_apex",1024.98371650653
"5907206",1,52,2,101,4,52,4,0.000546999974176288,3,188.235911727905,1,1.95111099677543,101.379997253418,1,25.9857997894287,37.0988006591797,0.403200000524521,"3",0.171860098838806,0.000546999974176288,"3",173.569305419922,-65.0129,18.1508,38.0665519104091,49,48,49,48,49,49,52,10056,1,18,-65,99999,99999,2026-05-29 18:54:48.002009,101.379997253418,1.0845,0,"aoml_apex",1025.05700767684
"5907206",1,45,2,94,1,45,1,0.000471000006655231,3,186.342256507874,1,1.95081687842172,111.839996337891,1,25.74049949646,37.1419982910156,0.352800011634827,"3",0.148725092411041,0.000471000006655231,"3",171.823196411133,-65.0129,18.1508,38.0665519104091,49,48,49,48,49,49,45,10056,1,18,-65,99999,99999,2026-05-29 18:54:48.002009,111.839996337891,1.0845,0,"aoml_apex",1025.21155220785
"5907206",1,34,2,83,1,34,1,0.000471000006655231,3,183.365193466187,1,1.95030001896226,121.910003662109,1,25.1678009033203,37.2084007263184,0.27360001206398,"3",0.112370066344738,0.000471000006655231,"3",169.078094482422,-65.0129,18.1508,38.0665519104091,49,48,49,48,49,49,34,10056,1,18,-65,99999,99999,2026-05-29 18:54:48.002009,121.910003662109,1.0845,0,"aoml_apex",1025.48324901529
"5907206",1,27,2,76,1,27,1,0.000482000003103167,3,179.045313697815,1,1.94993730135049,131.229995727539,1,24.6919002532959,37.2141990661621,0.223199993371964,"3",0.0892350524663925,0.000482000003103167,"3",165.094802856445,-65.0129,18.1508,38.0665519104091,49,48,49,48,49,49,27,10056,1,18,-65,99999,99999,2026-05-29 18:54:48.002009,131.229995727539,1.0845,0,"aoml_apex",1025.67400429482
"5907206",1,22,2,71,1,22,1,0.000502999988384545,3,175.984748657227,1,1.94952443914707,141.919998168945,1,24.2353992462158,37.2570991516113,0.187199994921684,"3",0.0727100446820259,0.000502999988384545,"3",162.272705078125,-65.0129,18.1508,38.0665519104091,49,48,49,48,49,49,22,10056,1,18,-65,99999,99999,2026-05-29 18:54:48.002009,141.919998168945,1.0845,0,"aoml_apex",1025.89121728324
"5907206",1,18,2,67,1,18,1,0.00040600000647828,3,171.164353340149,1,1.94913789010256,151.669998168945,1,23.6123008728027,37.2234992980957,0.158399999141693,"3",0.0594900362193584,0.00040600000647828,"3",157.827896118164,-65.0129,18.1508,38.0665519104091,49,48,49,48,49,49,18,10056,1,18,-65,99999,99999,2026-05-29 18:54:48.002009,151.669998168945,1.0845,0,"aoml_apex",1026.09466993367
"5907206",1,14,2,63,1,14,1,0.000361999991582707,3,168.925089866638,1,1.94877262824923,161.600006103516,1,22.9025993347168,37.1446990966797,0.129600003361702,"3",0.046270027756691,0.000361999991582707,"3",155.763107299805,-65.0129,18.1508,38.0665519104091,49,48,49,48,49,49,14,10056,1,18,-65,99999,99999,2026-05-29 18:54:48.002009,161.600006103516,1.0845,0,"aoml_apex",1026.28699264767
"5907206",1,10,2,59,1,10,1,0.000319000013405457,3,167.821278167725,1,1.94852784406728,171.199996948242,1,22.4584999084473,37.0900993347168,0.10080000013113,"3",0.0330500192940235,0.000319000013405457,"3",154.745300292969,-65.0129,18.1508,38.0665519104091,49,48,49,48,49,49,10,10056,1,18,-65,99999,99999,2026-05-29 18:54:48.002009,171.199996948242,1.0845,0,"aoml_apex",1026.41592014681
"5907206",1,4,2,53,1,4,1,0.000319000013405457,3,166.129344978333,1,1.94806335160438,181.399993896484,1,21.4643993377686,36.9817008972168,0.0575999990105629,"3",0.0132200075313449,0.000319000013405457,"3",153.185195922852,-65.0129,18.1508,38.0665519104091,49,48,49,48,49,49,4,10056,1,18,-65,99999,99999,2026-05-29 18:54:48.002009,181.399993896484,1.0845,0,"aoml_apex",1026.66065677631
"5907206",1,3,2,52,1,3,1,0.000307999987853691,3,166.633103965759,1,1.94777563568449,191.869995117188,1,20.9013996124268,36.9154014587402,0.0504000000655651,"3",0.0099150063470006,0.000307999987853691,"3",153.649703979492,-65.0129,18.1508,38.0665519104091,49,48,49,48,49,49,3,10056,1,18,-65,99999,99999,2026-05-29 18:54:48.002009,191.869995117188,1.0845,0,"aoml_apex",1026.81231008271
"5907206",1,2,2,51,1,2,1,0.000296999991405755,3,168.063013641357,1,1.94754858149021,199.740005493164,1,20.3868999481201,36.842601776123,0.0432000011205673,"3",0.00661000376567245,0.000296999991405755,"3",154.968200683594,-65.0129,18.1508,38.0665519104091,49,48,49,48,49,49,2,10056,1,18,-65,99999,99999,2026-05-29 18:54:48.002009,199.740005493164,1.0845,0,"aoml_apex",1026.93202059671
"5907206",1,1,2,50,1,1,1,0.000274999998509884,3,169.972273773193,1,1.94727769962446,211.119995117188,1,19.8644008636475,36.780200958252,0.0359999984502792,"3",0.00330500188283622,0.000274999998509884,"3",156.728698730469,-65.0129,18.1508,38.0665519104091,49,48,49,48,49,49,1,10056,1,18,-65,99999,99999,2026-05-29 18:54:48.002009,211.119995117188,1.0845,0,"aoml_apex",1027.07487503488
"5907206",1,0,2,49,1,0,1,0.000264000002061948,3,172.560223457336,1,1.94706839467154,221.270004272461,1,19.4377002716064,36.7182998657227,0.0287999995052814,"3",0,0.000264000002061948,"3",159.115005493164,-65.0129,18.1508,38.0665519104091,49,48,49,48,49,49,0,10056,1,18,-65,99999,99999,2026-05-29 18:54:48.002009,221.270004272461,1.0845,0,"aoml_apex",1027.18528299947
"5907206",1,0,2,49,1,0,1,0.000254000013228506,3,176.282003196716,1,1.94684944155961,231.320007324219,1,18.9652996063232,36.6500015258789,0.0287999995052814,"3",0,0.000254000013228506,"3",162.546798706055,-65.0129,18.1508,38.0665519104091,49,48,49,48,49,49,0,10056,1,18,-65,99999,99999,2026-05-29 18:54:48.002009,231.320007324219,1.0845,0,"aoml_apex",1027.3008057561
"5907206",1,0,2,50,1,1,1,0.000274999998509884,3,177.192979225159,1,1.94673327198608,241.570007324219,1,18.8528995513916,36.6335983276367,0.0359999984502792,"3",0.00330500188283622,0.000274999998509884,"3",163.386795043945,-65.0129,18.1508,38.0665519104091,49,48,49,48,49,49,0,10056,1,18,-65,99999,99999,2026-05-29 18:54:48.002009,241.570007324219,1.0845,0,"aoml_apex",1027.36210901639
"5907206",1,0,2,49,1,0,1,0.000296999991405755,3,177.68697480011,1,1.94663173948678,251.179992675781,1,18.7488994598389,36.6137008666992,0.0287999995052814,"3",0,0.000296999991405755,"3",163.842300415039,-65.0129,18.1508,38.0665519104091,49,48,49,48,49,49,0,10056,1,18,-65,99999,99999,2026-05-29 18:54:48.002009,251.179992675781,1.0845,0,"aoml_apex",1027.41569421204
"5907206",1,0,2,50,1,1,1,0.000253000005614012,3,177.515519348145,1,1.94651785856867,261.049987792969,1,18.6308002471924,36.5961990356445,0.0359999984502792,"3",0.00330500188283622,0.000253000005614012,"3",163.684204101562,-65.0129,18.1508,38.0665519104091,49,48,49,48,49,49,0,10056,1,18,-65,99999,99999,2026-05-29 18:54:48.002009,261.049987792969,1.0845,0,"aoml_apex",1027.47580310959
"5907206",1,0,2,50,1,1,1,0.000274999998509884,3,178.172613555908,1,1.9464131542594,271.100006103516,1,18.5424995422363,36.5815010070801,0.0359999984502792,"3",0.00330500188283622,0.000274999998509884,"3",164.290100097656,-65.0129,18.1508,38.0665519104091,49,48,49,48,49,49,0,10056,1,18,-65,99999,99999,2026-05-29 18:54:48.002009,271.100006103516,1.0845,0,"aoml_apex",1027.53107459397
"5907206",1,0,2,50,1,1,1,0.000264000002061948,3,178.593946174622,1,1.94632705746549,280.920013427734,1,18.5301990509033,36.5808982849121,0.0359999984502792,"3",0.00330500188283622,0.000264000002061948,"3",164.678604125977,-65.0129,18.1508,38.0665519104091,49,48,49,48,49,49,0,10056,1,18,-65,99999,99999,2026-05-29 18:54:48.002009,280.920013427734,1.0845,0,"aoml_apex",1027.57652796771
"5907206",1,0,2,49,1,0,1,0.000274999998509884,3,177.348614639282,1,1.94623381269418,291.540008544922,1,18.4902992248535,36.5713996887207,0.0287999995052814,"3",0,0.000274999998509884,"3",163.530303955078,-65.0129,18.1508,38.0665519104091,49,48,49,48,49,49,0,10056,1,18,-65,99999,99999,2026-05-29 18:54:48.002009,291.540008544922,1.0845,0,"aoml_apex",1027.62575953369
"5907206",1,0,2,50,1,1,1,0.000307000009343028,3,173.491156562805,1,1.94597803611346,301.390014648438,1,17.7917995452881,36.4597015380859,0.0359999984502792,"3",0.00330500188283622,0.000307000009343028,"3",159.973403930664,-65.0129,18.1508,38.0665519104091,49,48,49,48,49,49,0,10056,1,18,-65,99999,99999,2026-05-29 18:54:48.002009,301.390014648438,1.0845,0,"aoml_apex",1027.76082919951
"5907206",1,0,2,49,1,0,1,0.000296000012895092,3,171.79315019989,1,1.94583964507248,311.630004882812,1,17.5461006164551,36.4165000915527,0.0287999995052814,"3",0,0.000296000012895092,"3",158.407699584961,-65.0129,18.1508,38.0665519104091,49,48,49,48,49,49,0,10056,1,18,-65,99999,99999,2026-05-29 18:54:48.002009,311.630004882812,1.0845,0,"aoml_apex",1027.83392509484
"5907206",1,0,2,50,1,1,1,0.000274999998509884,3,170.195028511047,1,1.94573652060737,320.880004882812,1,17.4069004058838,36.3897018432617,0.0359999984502792,"3",0.00330500188283622,0.000274999998509884,"3",156.934097290039,-65.0129,18.1508,38.0665519104091,49,48,49,48,49,49,0,10056,1,18,-65,99999,99999,2026-05-29 18:54:48.002009,320.880004882812,1.0845,0,"aoml_apex",1027.88840051976
"5907206",1,0,2,50,1,1,1,0.000284999987343326,3,167.411545806885,1,1.94558209175018,331.149993896484,1,17.1117000579834,36.3424987792969,0.0359999984502792,"3",0.00330500188283622,0.000284999987343326,"3",154.367492675781,-65.0129,18.1508,38.0665519104091,49,48,49,48,49,49,0,10056,1,18,-65,99999,99999,2026-05-29 18:54:48.002009,331.149993896484,1.0845,0,"aoml_apex",1027.96998825214
"5907206",1,0,2,49,1,0,1,0.000264000002061948,3,166.159925971985,1,1.94546164761138,340.489990234375,1,16.903299331665,36.3056983947754,0.0287999995052814,"3",0,0.000264000002061948,"3",153.213394165039,-65.0129,18.1508,38.0665519104091,49,48,49,48,49,49,0,10056,1,18,-65,99999,99999,2026-05-29 18:54:48.002009,340.489990234375,1.0845,0,"aoml_apex",1028.03363019548
"5907206",1,0,2,50,1,1,1,0.000241999994614162,3,164.740540924072,1,1.94531943038954,351.410003662109,1,16.665599822998,36.2661018371582,0.0359999984502792,"3",0.00330500188283622,0.000241999994614162,"3",151.904602050781,-65.0129,18.1508,38.0665519104091,49,48,49,48,49,49,0,10056,1,18,-65,99999,99999,2026-05-29 18:54:48.002009,351.410003662109,1.0845,0,"aoml_apex",1028.10878704867
"5907206",1,0,2,50,1,1,1,0.000241999994614162,3,161.351478424072,1,1.94517536820842,361.779998779297,1,16.3689994812012,36.2131004333496,0.0359999984502792,"3",0.00330500188283622,0.000241999994614162,"3",148.779602050781,-65.0129,18.1508,38.0665519104091,49,48,49,48,49,49,0,10056,1,18,-65,99999,99999,2026-05-29 18:54:48.002009,361.779998779297,1.0845,0,"aoml_apex",1028.18493010328
"5907206",1,0,2,50,1,1,1,0.000273999990895391,3,151.825449256897,1,1.94483710433456,381.149993896484,1,15.4834995269775,36.0635986328125,0.0359999984502792,"3",0.00330500188283622,0.000273999990895391,"3",139.995803833008,-65.0129,18.1508,38.0665519104091,49,48,49,48,49,49,0,10056,1,18,-65,99999,99999,2026-05-29 18:54:48.002009,381.149993896484,1.0845,0,"aoml_apex",1028.36376143919
"5907206",1,0,2,50,1,1,1,0.000251999997999519,3,147.816476257324,4,1.94449168291229,401.579986572266,1,14.582200050354,35.9173011779785,0.0359999984502792,"3",0.00330500188283622,0.000251999997999519,"3",136.299194335938,-65.0129,18.1508,38.0665519104091,49,48,49,48,49,49,0,10056,1,18,-65,99999,99999,2026-05-29 18:54:48.002009,401.579986572266,1.0845,0,"aoml_apex",1028.54644099304
"5907206",2,5,2,54,1,5,1,0.00060299999313429,3,195.097422889709,1,1.95456206242533,7.51000022888184,1,27.8428993225098,36.0220985412598,0.064800001680851,"3",0.0297450181096792,0.00060299999313429,"3",179.896194458008,-65.0222,18.1465,31.9048286760309,49,48,49,48,49,49,5,10056,1,18,-65,99999,99999,2026-05-30 07:43:02.000813,7.51000022888184,1.0845,0,"aoml_apex",1023.24711936662
"5907206",2,6,2,55,1,6,1,0.000624999986030161,3,195.192971946716,1,1.95452349667197,11.8900003433228,1,27.831600189209,36.019100189209,0.0719999969005585,"3",0.0330500192940235,0.000624999986030161,"3",179.984298706055,-65.0222,18.1465,31.9048286760309,49,48,49,48,49,49,6,10056,1,18,-65,99999,99999,2026-05-30 07:43:02.000813,11.8900003433228,1.0845,0,"aoml_apex",1023.26730960537
"5907206",2,6,2,55,1,6,1,0.000636000011581928,3,195.097422889709,1,1.95447382173833,16.7700004577637,1,27.8269996643066,36.0238990783691,0.0719999969005585,"3",0.0330500192940235,0.000636000011581928,"3",179.896194458008,-65.0222,18.1465,31.9048286760309,49,48,49,48,49,49,6,10056,1,18,-65,99999,99999,2026-05-30 07:43:02.000813,16.7700004577637,1.0845,0,"aoml_apex",1023.29331698144
"5907206",2,8,2,57,1,8,1,0.000624999986030161,3,195.055671890259,1,1.95444991345096,21.5300006866455,1,27.843900680542,36.0208015441895,0.0864000022411346,"3",0.0396600253880024,0.000624999986030161,"3",179.857696533203,-65.0222,18.1465,31.9048286760309,49,48,49,48,49,49,8,10056,1,18,-65,99999,99999,2026-05-30 07:43:02.000813,21.5300006866455,1.0845,0,"aoml_apex",1023.30583466762
"5907206",2,7,2,56,1,7,1,0.00060299999313429,3,195.418655708313,1,1.95437933935684,26.7900009155273,1,27.794900894165,36.0186996459961,0.0791999995708466,"3",0.036355022341013,0.00060299999313429,"3",180.192398071289,-65.0222,18.1465,31.9048286760309,49,48,49,48,49,49,7,10056,1,18,-65,99999,99999,2026-05-30 07:43:02.000813,26.7900009155273,1.0845,0,"aoml_apex",1023.34278700376
"5907206",2,8,2,57,1,8,1,0.000722000026144087,3,195.644984848022,1,1.95431320913958,31.8600006103516,1,27.7656993865967,36.0232009887695,0.0864000022411346,"3",0.0396600253880024,0.000722000026144087,"3",180.401092529297,-65.0222,18.1465,31.9048286760309,49,48,49,48,49,49,8,10056,1,18,-65,99999,99999,2026-05-30 07:43:02.000813,31.8600006103516,1.0845,0,"aoml_apex",1023.37741496438
"5907206",2,11,2,60,1,11,1,0.000722000026144087,3,195.786620521545,1,1.9542534486755,36.5699996948242,1,27.739200592041,36.0265007019043,0.108000002801418,"3",0.0495750270783901,0.000722000026144087,"3",180.531692504883,-65.0222,18.1465,31.9048286760309,49,48,49,48,49,49,11,10056,1,18,-65,99999,99999,2026-05-30 07:43:02.000813,36.5699996948242,1.0845,0,"aoml_apex",1023.40870952819
"5907206",2,14,2,63,1,14,1,0.000722000026144087,3,195.922083732605,1,1.954185755303,41.8499984741211,1,27.7261009216309,36.037899017334,0.129600003361702,"3",0.0594900362193584,0.000722000026144087,"3",180.656600952148,-65.0222,18.1465,31.9048286760309,49,48,49,48,49,49,14,10056,1,18,-65,99999,99999,2026-05-30 07:43:02.000813,41.8499984741211,1.0845,0,"aoml_apex",1023.44416060381
"5907206",2,20,2,69,1,20,1,0.000656999996863306,3,195.460406707764,1,1.9535404947228,46.6599998474121,1,27.5060997009277,36.3643989562988,0.172800004482269,"3",0.0793200507760048,0.000656999996863306,"3",180.230895996094,-65.0222,18.1465,31.9048286760309,49,48,49,48,49,49,20,10056,1,18,-65,99999,99999,2026-05-30 07:43:02.000813,46.6599998474121,1.0845,0,"aoml_apex",1023.78220743451
"5907206",2,19,2,68,1,19,1,0.000699999975040555,3,197.005607391357,1,1.95326353347103,51.8300018310547,1,27.3827991485596,36.4746017456055,0.165600001811981,"3",0.0760150477290154,0.000699999975040555,"3",181.655700683594,-65.0222,18.1465,31.9048286760309,49,48,49,48,49,49,19,10056,1,18,-65,99999,99999,2026-05-30 07:43:02.000813,51.8300018310547,1.0845,0,"aoml_apex",1023.92737371486
"5907206",2,16,2,65,1,16,1,0.000601999985519797,3,199.971384590149,1,1.95254407749805,56.5299987792969,1,26.922399520874,36.7513008117676,0.143999993801117,"3",0.066100038588047,0.000601999985519797,"3",184.390396118164,-65.0222,18.1465,31.9048286760309,49,48,49,48,49,49,16,10056,1,18,-65,99999,99999,2026-05-30 07:43:02.000813,56.5299987792969,1.0845,0,"aoml_apex",1024.30466131282
"5907206",2,19,2,68,1,19,1,0.000623000029008836,3,199.233171318054,1,1.95232697617799,61.7099990844727,1,26.761999130249,36.8046989440918,0.165600001811981,"3",0.0760150477290154,0.000623000029008836,"3",183.709701538086,-65.0222,18.1465,31.9048286760309,49,48,49,48,49,49,19,10056,1,18,-65,99999,99999,2026-05-30 07:43:02.000813,61.7099990844727,1.0845,0,"aoml_apex",1024.41856533445
"5907206",2,20,2,69,1,20,1,0.00052599998889491,3,199.108017608643,1,1.95223385661986,66.8399963378906,1,26.732400894165,36.8278007507324,0.172800004482269,"3",0.0793200507760048,0.00052599998889491,"3",183.594299316406,-65.0222,18.1465,31.9048286760309,49,48,49,48,49,49,20,10056,1,18,-65,99999,99999,2026-05-30 07:43:02.000813,66.8399963378906,1.0845,0,"aoml_apex",1024.46742905219
"5907206",2,22,2,71,1,22,1,0.00052599998889491,3,198.630520545959,1,1.95196058963709,71.6600036621094,1,26.5683994293213,36.9211006164551,0.187199994921684,"3",0.0859300494194031,0.00052599998889491,"3",183.154006958008,-65.0222,18.1465,31.9048286760309,49,48,49,48,49,49,22,10056,1,18,-65,99999,99999,2026-05-30 07:43:02.000813,71.6600036621094,1.0845,0,"aoml_apex",1024.61085055608
"5907206",2,24,2,73,1,24,1,0.00056900002527982,3,198.035117866516,1,1.95186284337503,76.4800033569336,1,26.5244998931885,36.9431991577148,0.20160000026226,"3",0.092540055513382,0.00056900002527982,"3",182.604995727539,-65.0222,18.1465,31.9048286760309,49,48,49,48,49,49,24,10056,1,18,-65,99999,99999,2026-05-30 07:43:02.000813,76.4800033569336,1.0845,0,"aoml_apex",1024.66216147736
"5907206",2,27,2,76,1,27,1,0.000579999992623925,3,197.453284675598,1,1.95174123037882,81.8899993896484,1,26.4687995910645,36.9735984802246,0.223199993371964,"3",0.10245505720377,0.000579999992623925,"3",182.068496704102,-65.0222,18.1465,31.9048286760309,49,48,49,48,49,49,27,10056,1,18,-65,99999,99999,2026-05-30 07:43:02.000813,81.8899993896484,1.0845,0,"aoml_apex",1024.72600817672
"5907206",2,31,2,80,1,31,1,0.000557999999728054,3,196.910819549561,1,1.95168009935245,86.0199966430664,1,26.4405994415283,36.9808006286621,0.252000004053116,"3",0.115675069391727,0.000557999999728054,"3",181.568298339844,-65.0222,18.1465,31.9048286760309,49,48,49,48,49,49,31,10056,1,18,-65,99999,99999,2026-05-30 07:43:02.000813,86.0199966430664,1.0845,0,"aoml_apex",1024.75810490847
"5907206",2,31,2,80,1,31,1,0.00052599998889491,3,196.712026542664,1,1.95155319624565,91.6699981689453,1,26.3889999389648,37.0153007507324,0.252000004053116,"3",0.115675069391727,0.00052599998889491,"3",181.384994506836,-65.0222,18.1465,31.9048286760309,49,48,49,48,49,49,31,10056,1,18,-65,99999,99999,2026-05-30 07:43:02.000813,91.6699981689453,1.0845,0,"aoml_apex",1024.82474156869
"5907206",2,34,2,83,1,34,1,0.000688000000081956,3,195.060338470459,1,1.95144076203587,96.9400024414062,1,26.3243007659912,37.0363998413086,0.27360001206398,"3",0.125590071082115,0.000688000000081956,"3",179.861999511719,-65.0222,18.1465,31.9048286760309,49,48,49,48,49,49,34,10056,1,18,-65,99999,99999,2026-05-30 07:43:02.000813,96.9400024414062,1.0845,0,"aoml_apex",1024.88378787039
"5907206",2,53,4,102,4,53,4,0.00056900002527982,3,190.886314155579,1,1.95118034697546,101.730003356934,1,26.0956993103027,37.0945014953613,0.410400003194809,"3",0.188385114073753,0.00056900002527982,"3",176.013198852539,-65.0222,18.1465,31.9048286760309,49,48,49,48,49,49,53,10056,1,18,-65,99999,99999,2026-05-30 07:43:02.000813,101.730003356934,1.0845,0,"aoml_apex",1025.02057439243
"5907206",2,46,2,95,1,46,1,0.000493000028654933,3,185.963452651978,1,1.9508033664364,111.879997253418,1,25.7248992919922,37.1446990966797,0.360000014305115,"3",0.165250092744827,0.000493000028654933,"3",171.473907470703,-65.0222,18.1465,31.9048286760309,49,48,49,48,49,49,46,10056,1,18,-65,99999,99999,2026-05-30 07:43:02.000813,111.879997253418,1.0845,0,"aoml_apex",1025.21865320208
"5907206",2,32,2,81,1,32,1,0.000460000010207295,3,182.02735773468,1,1.95010784631883,121.75,1,25.0011005401611,37.2748985290527,0.259200006723404,"3",0.118980072438717,0.000460000010207295,"3",167.844497680664,-65.0222,18.1465,31.9048286760309,49,48,49,48,49,49,32,10056,1,18,-65,99999,99999,2026-05-30 07:43:02.000813,121.75,1.0845,0,"aoml_apex",1025.58430487593
"5907206",2,24,2,73,1,24,1,0.000437999988207594,3,175.985824287415,1,1.94977228048308,131.360000610352,1,24.5494003295898,37.2706985473633,0.20160000026226,"3",0.092540055513382,0.000437999988207594,"3",162.273696899414,-65.0222,18.1465,31.9048286760309,49,48,49,48,49,49,24,10056,1,18,-65,99999,99999,2026-05-30 07:43:02.000813,131.360000610352,1.0845,0,"aoml_apex",1025.76081320864
"5907206",2,17,2,66,1,17,1,0.000426999991759658,3,171.167944290161,1,1.94924627022065,141.949996948242,1,23.6965007781982,37.236499786377,0.151199996471405,"3",0.0694050416350365,0.000426999991759658,"3",157.831207275391,-65.0222,18.1465,31.9048286760309,49,48,49,48,49,49,17,10056,1,18,-65,99999,99999,2026-05-30 07:43:02.000813,141.949996948242,1.0845,0,"aoml_apex",1026.03761800381
"5907206",2,16,2,65,1,16,1,0.000372999988030642,3,169.905038612366,1,1.94901599761842,151.460006713867,1,23.3290004730225,37.1985015869141,0.143999993801117,"3",0.066100038588047,0.000372999988030642,"3",156.666702270508,-65.0222,18.1465,31.9048286760309,49,48,49,48,49,49,16,10056,1,18,-65,99999,99999,2026-05-30 07:43:02.000813,151.460006713867,1.0845,0,"aoml_apex",1026.15884243325
"5907206",2,12,2,61,1,12,1,0.000372999988030642,3,168.411021377563,1,1.9486990597572,161.759994506836,1,22.7329998016357,37.1296997070312,0.115199998021126,"3",0.0528800301253796,0.000372999988030642,"3",155.289093017578,-65.0222,18.1465,31.9048286760309,49,48,49,48,49,49,12,10056,1,18,-65,99999,99999,2026-05-30 07:43:02.000813,161.759994506836,1.0845,0,"aoml_apex",1026.3257376689
"5907206",2,9,2,58,1,9,1,0.000361999991582707,3,166.636678367615,1,1.94838765307287,171.229995727539,1,22.1014003753662,37.0521011352539,0.0935999974608421,"3",0.0429650247097015,0.000361999991582707,"3",153.65299987793,-65.0222,18.1465,31.9048286760309,49,48,49,48,49,49,9,10056,1,18,-65,99999,99999,2026-05-30 07:43:02.000813,171.229995727539,1.0845,0,"aoml_apex",1026.48977314434
"5907206",2,3,2,52,1,3,1,0.000437999988207594,3,166.035318351746,1,1.9479431476235,181.770004272461,1,21.1445999145508,36.9454002380371,0.0504000000655651,"3",0.0231350138783455,0.000437999988207594,"3",153.098495483398,-65.0222,18.1465,31.9048286760309,49,48,49,48,49,49,3,10056,1,18,-65,99999,99999,2026-05-30 07:43:02.000813,181.770004272461,1.0845,0,"aoml_apex",1026.72401011293
"5907206",2,2,2,51,1,2,1,0.000276000006124377,3,167.421640182495,1,1.9476266924192,191.630004882812,1,20.4619007110596,36.861499786377,0.0432000011205673,"3",0.0198300126940012,0.000276000006124377,"3",154.376800537109,-65.0222,18.1465,31.9048286760309,49,48,49,48,49,49,2,10056,1,18,-65,99999,99999,2026-05-30 07:43:02.000813,191.630004882812,1.0845,0,"aoml_apex",1026.89083477067
"5907206",2,1,2,50,1,1,1,0.00028599999495782,3,169.428402053833,1,1.94731473773712,201.350006103516,1,19.7222003936768,36.7603988647461,0.0359999984502792,"3",0.0165250096470118,0.00028599999495782,"3",156.227203369141,-65.0222,18.1465,31.9048286760309,49,48,49,48,49,49,1,10056,1,18,-65,99999,99999,2026-05-30 07:43:02.000813,201.350006103516,1.0845,0,"aoml_apex",1027.05533997247
"5907206",2,1,2,50,1,1,1,0.000254000013228506,3,169.078640213013,1,1.9471335363175,211.139999389648,1,19.317699432373,36.6894989013672,0.0359999984502792,"3",0.0165250096470118,0.000254000013228506,"3",155.904693603516,-65.0222,18.1465,31.9048286760309,49,48,49,48,49,49,1,10056,1,18,-65,99999,99999,2026-05-30 07:43:02.000813,211.139999389648,1.0845,0,"aoml_apex",1027.15091836099
"5907206",2,-1,4,48,1,-1,1,0.000243000002228655,3,174.653201225281,1,1.94697919843944,221.179992675781,1,19.130500793457,36.6745986938477,0.0216000005602837,"3",0.0099150063470006,0.000243000002228655,"3",161.044906616211,-65.0222,18.1465,31.9048286760309,49,48,49,48,49,49,-1,10056,1,18,-65,99999,99999,2026-05-30 07:43:02.000813,221.179992675781,1.0845,0,"aoml_apex",1027.23234105586
"5907206",2,0,2,49,1,0,1,0.000264000002061948,3,177.443170806885,1,1.94683687662216,229.089996337891,1,18.853099822998,36.6332015991211,0.0287999995052814,"3",0.0132200075313449,0.000264000002061948,"3",163.617492675781,-65.0222,18.1465,31.9048286760309,49,48,49,48,49,49,0,10056,1,18,-65,99999,99999,2026-05-30 07:43:02.000813,229.089996337891,1.0845,0,"aoml_apex",1027.30743598307
"5907206",2,0,2,50,1,1,1,0.000318000005790964,3,177.410637130737,1,1.94671579285053,241.399993896484,1,18.7749996185303,36.6202011108398,0.0359999984502792,"3",0.0165250096470118,0.000318000005790964,"3",163.587493896484,-65.0222,18.1465,31.9048286760309,49,48,49,48,49,49,0,10056,1,18,-65,99999,99999,2026-05-30 07:43:02.000813,241.399993896484,1.0845,0,"aoml_apex",1027.37133347619
"5907206",2,0,2,50,1,1,1,0.000274999998509884,3,177.857569747925,1,1.94656836793093,251.25,1,18.5223007202148,36.5806007385254,0.0359999984502792,"3",0.0165250096470118,0.000274999998509884,"3",163.999603271484,-65.0222,18.1465,31.9048286760309,49,48,49,48,49,49,0,10056,1,18,-65,99999,99999,2026-05-30 07:43:02.000813,251.25,1.0845,0,"aoml_apex",1027.44914226972
"5907206",2,0,2,49,1,0,1,0.00028599999495782,3,175.117360473633,1,1.94645360379552,261.269989013672,1,18.359899520874,36.5483016967773,0.0287999995052814,"3",0.0132200075313449,0.00028599999495782,"3",161.472900390625,-65.0222,18.1465,31.9048286760309,49,48,49,48,49,49,0,10056,1,18,-65,99999,99999,2026-05-30 07:43:02.000813,261.269989013672,1.0845,0,"aoml_apex",1027.5097213209
"5907206",2,0,2,49,1,0,1,0.000243000002228655,3,171.874054138184,1,1.94630789934413,271.480010986328,1,18.1061000823975,36.5061988830566,0.0287999995052814,"3",0.0132200075313449,0.000243000002228655,"3",158.482299804688,-65.0222,18.1465,31.9048286760309,49,48,49,48,49,49,0,10056,1,18,-65,99999,99999,2026-05-30 07:43:02.000813,271.480010986328,1.0845,0,"aoml_apex",1027.58664272696
"5907206",2,0,2,50,1,1,1,0.000264000002061948,3,172.706078910828,1,1.94620724631489,280.970001220703,1,18.0240001678467,36.4944000244141,0.0359999984502792,"3",0.0165250096470118,0.000264000002061948,"3",159.249496459961,-65.0222,18.1465,31.9048286760309,49,48,49,48,49,49,0,10056,1,18,-65,99999,99999,2026-05-30 07:43:02.000813,280.970001220703,1.0845,0,"aoml_apex",1027.63978696871
"5907206",2,0,2,49,1,0,1,0.000264000002061948,3,172.091827880859,1,1.9461013292782,290.970001220703,1,17.9209995269775,36.4765014648438,0.0287999995052814,"3",0.0132200075313449,0.000264000002061948,"3",158.68310546875,-65.0222,18.1465,31.9048286760309,49,48,49,48,49,49,0,10056,1,18,-65,99999,99999,2026-05-30 07:43:02.000813,290.970001220703,1.0845,0,"aoml_apex",1027.69571651328
"5907206",2,0,2,50,1,1,1,0.000253000005614012,3,170.453030822754,1,1.94595231062479,300.899993896484,1,17.6466007232666,36.4327011108398,0.0359999984502792,"3",0.0165250096470118,0.000253000005614012,"3",157.171997070312,-65.0222,18.1465,31.9048286760309,49,48,49,48,49,49,0,10056,1,18,-65,99999,99999,2026-05-30 07:43:02.000813,300.899993896484,1.0845,0,"aoml_apex",1027.77441619721
"5907206",2,0,2,49,1,0,1,0.000253000005614012,3,167.109078598022,1,1.94579925475551,310.820007324219,1,17.343900680542,36.3833999633789,0.0287999995052814,"3",0.0132200075313449,0.000253000005614012,"3",154.088592529297,-65.0222,18.1465,31.9048286760309,49,48,49,48,49,49,0,10056,1,18,-65,99999,99999,2026-05-30 07:43:02.000813,310.820007324219,1.0845,0,"aoml_apex",1027.85526056299
"5907206",2,0,2,50,1,1,1,0.000296000012895092,3,165.28767263031,1,1.94566657541168,321.049987792969,1,17.1147003173828,36.3428001403809,0.0359999984502792,"3",0.0165250096470118,0.000296000012895092,"3",152.409103393555,-65.0222,18.1465,31.9048286760309,49,48,49,48,49,49,0,10056,1,18,-65,99999,99999,2026-05-30 07:43:02.000813,321.049987792969,1.0845,0,"aoml_apex",1027.92535230597
"5907206",2,0,2,50,1,1,1,0.000264000002061948,3,161.713916152954,1,1.94551438057426,331.100006103516,1,16.7877006530762,36.2862014770508,0.0359999984502792,"3",0.0165250096470118,0.000264000002061948,"3",149.113800048828,-65.0222,18.1465,31.9048286760309,49,48,49,48,49,49,0,10056,1,18,-65,99999,99999,2026-05-30 07:43:02.000813,331.100006103516,1.0845,0,"aoml_apex",1028.00576545194
"5907206",2,0,2,50,1,1,1,0.000230999998166226,3,158.758001655579,1,1.94535382812131,339.019989013672,1,16.3390007019043,36.2107009887695,0.0359999984502792,"3",0.0165250096470118,0.000230999998166226,"3",146.388198852539,-65.0222,18.1465,31.9048286760309,49,48,49,48,49,49,0,10056,1,18,-65,99999,99999,2026-05-30 07:43:02.000813,339.019989013672,1.0845,0,"aoml_apex",1028.09060803682
"5907206",2,0,2,50,1,1,1,0.000273999990895391,3,154.301798171997,1,1.94519144867876,351.899993896484,1,16.0795993804932,36.1685981750488,0.0359999984502792,"3",0.0165250096470118,0.000273999990895391,"3",142.279205322266,-65.0222,18.1465,31.9048286760309,49,48,49,48,49,49,0,10056,1,18,-65,99999,99999,2026-05-30 07:43:02.000813,351.899993896484,1.0845,0,"aoml_apex",1028.17643032436
"5907206",2,0,2,50,1,1,1,0.000273999990895391,3,149.640397544861,1,1.94500800369763,361.299987792969,1,15.5251998901367,36.0719985961914,0.0359999984502792,"3",0.0165250096470118,0.000273999990895391,"3",137.981002807617,-65.0222,18.1465,31.9048286760309,49,48,49,48,49,49,0,10056,1,18,-65,99999,99999,2026-05-30 07:43:02.000813,361.299987792969,1.0845,0,"aoml_apex",1028.27340360442
"5907206",2,0,2,50,1,1,1,0.000273999990895391,3,144.499001083374,1,1.94475817376725,381.299987792969,1,15.0657997131348,35.9920997619629,0.0359999984502792,"3",0.0165250096470118,0.000273999990895391,"3",133.240203857422,-65.0222,18.1465,31.9048286760309,49,48,49,48,49,49,0,10056,1,18,-65,99999,99999,2026-05-30 07:43:02.000813,381.299987792969,1.0845,0,"aoml_apex",1028.40549893447
"5907206",2,0,2,50,1,1,1,0.000284000008832663,3,140.959085586548,4,1.9445291529088,401.040008544922,1,14.703800201416,35.9300994873047,0.0359999984502792,"3",0.0165250096470118,0.000284000008832663,"3",129.976104736328,-65.0222,18.1465,31.9048286760309,49,48,49,48,49,49,0,10056,1,18,-65,99999,99999,2026-05-30 07:43:02.000813,401.040008544922,1.0845,0,"aoml_apex",1028.52662147452
"5907206",3,7,5,55,1,6,1,0.000636000011581928,3,195.835967124939,1,1.95468319655121,7.61999988555908,1,28.0366992950439,36.021598815918,0.0719999969005585,"3",0.138810083270073,0.000636000011581928,"3",180.577194213867,-65.0486,18.1412,11.9276241789556,49,48,49,48,49,49,7,10056,1,18,-65,99999,99999,2026-05-30 20:19:08.002173,7.61999988555908,1.0845,0,"aoml_apex",1023.18370748198
"5907206",3,7,5,56,1,7,1,0.00060299999313429,3,195.776426856995,1,1.95461364594162,11.5799999237061,1,27.9741992950439,36.0201988220215,0.0791999995708466,"3",0.138810083270073,0.00060299999313429,"3",180.52229309082,-65.0486,18.1412,11.9276241789556,49,48,49,48,49,49,7,10056,1,18,-65,99999,99999,2026-05-30 20:19:08.002173,11.5799999237061,1.0845,0,"aoml_apex",1023.22011521439
"5907206",3,7,2,56,1,7,1,0.000592000025790185,3,195.889119804382,1,1.95449681359849,16.9099998474121,1,27.8661003112793,36.0241012573242,0.0791999995708466,"3",0.138810083270073,0.000592000025790185,"3",180.626205444336,-65.0486,18.1412,11.9276241789556,49,48,49,48,49,49,7,10056,1,18,-65,99999,99999,2026-05-30 20:19:08.002173,16.9099998474121,1.0845,0,"aoml_apex",1023.28127939883
"5907206",3,24,4,73,1,24,1,0.000820000015664846,3,196.233553138733,1,1.95442217354798,21.6499996185303,1,27.8068008422852,36.0233001708984,0.20160000026226,"3",0.138810083270073,0.000820000015664846,"3",180.943801879883,-65.0486,18.1412,11.9276241789556,49,48,49,48,49,49,24,10056,1,18,-65,99999,99999,2026-05-30 20:19:08.002173,21.6499996185303,1.0845,0,"aoml_apex",1023.32035886048
"5907206",3,10,2,59,1,10,1,0.000636000011581928,3,196.501318862915,1,1.95433452490503,26.6200008392334,1,27.7653007507324,36.0379981994629,0.10080000013113,"3",0.138810083270073,0.000636000011581928,"3",181.190704345703,-65.0486,18.1412,11.9276241789556,49,48,49,48,49,49,10,10056,1,18,-65,99999,99999,2026-05-30 20:19:08.002173,26.6200008392334,1.0845,0,"aoml_apex",1023.36625307133
"5907206",3,13,2,62,1,13,1,0.000636000011581928,3,196.485813240051,1,1.95428076192404,31.3600006103516,1,27.7667999267578,36.0490989685059,0.122400000691414,"3",0.138810083270073,0.000636000011581928,"3",181.176406860352,-65.0486,18.1412,11.9276241789556,49,48,49,48,49,49,13,10056,1,18,-65,99999,99999,2026-05-30 20:19:08.002173,31.3600006103516,1.0845,0,"aoml_apex",1023.39440625253
"5907206",3,12,2,61,1,12,1,0.000829999975394458,3,196.479839355469,1,1.95422560430333,36.4300003051758,1,27.7630004882812,36.056999206543,0.115199998021126,"3",0.138810083270073,0.000829999975394458,"3",181.1708984375,-65.0486,18.1412,11.9276241789556,49,48,49,48,49,49,12,10056,1,18,-65,99999,99999,2026-05-30 20:19:08.002173,36.4300003051758,1.0845,0,"aoml_apex",1023.42329135176
"5907206",3,13,2,62,1,13,1,0.000732999993488193,3,196.450664955139,1,1.95417283326107,41.560001373291,1,27.7714004516602,36.0681991577148,0.122400000691414,"3",0.138810083270073,0.000732999993488193,"3",181.143997192383,-65.0486,18.1412,11.9276241789556,49,48,49,48,49,49,13,10056,1,18,-65,99999,99999,2026-05-30 20:19:08.002173,41.560001373291,1.0845,0,"aoml_apex",1023.45092816711
"5907206",3,19,2,68,1,19,1,0.00142500002402812,3,196.578201599121,1,1.95412196108369,46.9799995422363,1,27.7612991333008,36.0684013366699,0.165600001811981,"3",0.138810083270073,0.00142500002402812,"3",181.261596679688,-65.0486,18.1412,11.9276241789556,49,48,49,48,49,49,19,10056,1,18,-65,99999,99999,2026-05-30 20:19:08.002173,46.9799995422363,1.0845,0,"aoml_apex",1023.47757193766
"5907206",3,18,2,67,1,18,1,0.00181399995926768,3,196.49870425415,1,1.9534312969274,51.7999992370605,1,27.4766998291016,36.3984985351562,0.158399999141693,"3",0.138810083270073,0.00181399995926768,"3",181.188293457031,-65.0486,18.1412,11.9276241789556,49,48,49,48,49,49,18,10056,1,18,-65,99999,99999,2026-05-30 20:19:08.002173,51.7999992370605,1.0845,0,"aoml_apex",1023.8394373766
"5907206",3,16,2,65,1,16,1,0.000547999981790781,3,200.416894065857,1,1.9529691136024,56.7299995422363,1,27.2593994140625,36.5985984802246,0.143999993801117,"3",0.138810083270073,0.000547999981790781,"3",184.801193237305,-65.0486,18.1412,11.9276241789556,49,48,49,48,49,49,16,10056,1,18,-65,99999,99999,2026-05-30 20:19:08.002173,56.7299995422363,1.0845,0,"aoml_apex",1024.08173589128
"5907206",3,17,2,66,1,17,1,0.000559000007342547,3,200.149674430847,1,1.95259343310777,61.689998626709,1,27.0077991485596,36.7240982055664,0.151199996471405,"3",0.138810083270073,0.000559000007342547,"3",184.554794311523,-65.0486,18.1412,11.9276241789556,49,48,49,48,49,49,17,10056,1,18,-65,99999,99999,2026-05-30 20:19:08.002173,61.689998626709,1.0845,0,"aoml_apex",1024.27877001347
"5907206",3,18,2,67,1,18,1,0.000579999992623925,3,200.709167610168,1,1.95231051126927,66.879997253418,1,26.8066997528076,36.8058013916016,0.158399999141693,"3",0.138810083270073,0.000579999992623925,"3",185.070693969727,-65.0486,18.1412,11.9276241789556,49,48,49,48,49,49,18,10056,1,18,-65,99999,99999,2026-05-30 20:19:08.002173,66.879997253418,1.0845,0,"aoml_apex",1024.42720481985
"5907206",3,18,2,67,1,18,1,0.000579999992623925,3,199.435753852844,1,1.95218008624724,71.5100021362305,1,26.7264995574951,36.8362007141113,0.158399999141693,"3",0.138810083270073,0.000579999992623925,"3",183.896499633789,-65.0486,18.1412,11.9276241789556,49,48,49,48,49,49,18,10056,1,18,-65,99999,99999,2026-05-30 20:19:08.002173,71.5100021362305,1.0845,0,"aoml_apex",1024.49564673343
"5907206",3,22,2,71,1,22,1,0.000546999974176288,3,199.362875770569,1,1.95198090306311,76.6800003051758,1,26.6221008300781,36.9011993408203,0.187199994921684,"3",0.138810083270073,0.000546999974176288,"3",183.829299926758,-65.0486,18.1412,11.9276241789556,49,48,49,48,49,49,22,10056,1,18,-65,99999,99999,2026-05-30 20:19:08.002173,76.6800003051758,1.0845,0,"aoml_apex",1024.60018787148
"5907206",3,24,2,73,1,24,1,0.00052599998889491,3,198.724977424622,1,1.95186753323119,81.6999969482422,1,26.5653991699219,36.9276008605957,0.20160000026226,"3",0.138810083270073,0.00052599998889491,"3",183.241104125977,-65.0486,18.1412,11.9276241789556,49,48,49,48,49,49,24,10056,1,18,-65,99999,99999,2026-05-30 20:19:08.002173,81.6999969482422,1.0845,0,"aoml_apex",1024.65969946696
"5907206",3,29,2,78,1,29,1,0.000654999981634319,3,197.171535758972,1,1.95174119656888,86.5899963378906,1,26.4990005493164,36.9597015380859,0.23759999871254,"3",0.138810083270073,0.000654999981634319,"3",181.808700561523,-65.0486,18.1412,11.9276241789556,49,48,49,48,49,49,29,10056,1,18,-65,99999,99999,2026-05-30 20:19:08.002173,86.5899963378906,1.0845,0,"aoml_apex",1024.72602592801
"5907206",3,36,2,85,1,36,1,0.000557999999728054,3,196.148958961487,1,1.95156416271087,91.8300018310547,1,26.3833999633789,37.0043983459473,0.287999987602234,"3",0.138810083270073,0.000557999999728054,"3",180.865798950195,-65.0486,18.1412,11.9276241789556,49,48,49,48,49,49,36,10056,1,18,-65,99999,99999,2026-05-30 20:19:08.002173,91.8300018310547,1.0845,0,"aoml_apex",1024.81898274963
"5907206",3,39,2,88,1,39,1,0.000557999999728054,3,196.166102851868,1,1.95147862080039,96.5599975585938,1,26.3591995239258,37.0269012451172,0.309599995613098,"3",0.138810083270073,0.000557999999728054,"3",180.881607055664,-65.0486,18.1412,11.9276241789556,49,48,49,48,49,49,39,10056,1,18,-65,99999,99999,2026-05-30 20:19:08.002173,96.5599975585938,1.0845,0,"aoml_apex",1024.86390508327
"5907206",3,38,2,87,1,38,1,0.000557999999728054,3,195.099375572205,1,1.95139189501772,101.650001525879,1,26.3134002685547,37.0391006469727,0.30239999294281,"3",0.138810083270073,0.000557999999728054,"3",179.897994995117,-65.0486,18.1412,11.9276241789556,49,48,49,48,49,49,38,10056,1,18,-65,99999,99999,2026-05-30 20:19:08.002173,101.650001525879,1.0845,0,"aoml_apex",1024.90945314797
"5907206",3,54,4,103,4,54,4,0.000524999981280416,3,186.546146347046,1,1.95099209080971,111.930000305176,1,25.9493999481201,37.1064987182617,0.417600005865097,"3",0.191690117120743,0.000524999981280416,"3",172.011199951172,-65.0486,18.1412,11.9276241789556,49,48,49,48,49,49,54,10056,1,18,-65,99999,99999,2026-05-30 20:19:08.002173,111.930000305176,1.0845,0,"aoml_apex",1025.11948122247
"5907206",3,36,2,85,1,36,1,0.00108700001146644,3,182.873481536865,1,1.95030993034516,121.550003051758,1,25.2131004333496,37.2220993041992,0.287999987602234,"3",0.132200077176094,0.00108700001146644,"3",168.624694824219,-65.0486,18.1412,11.9276241789556,49,48,49,48,49,49,36,10056,1,18,-65,99999,99999,2026-05-30 20:19:08.002173,121.550003051758,1.0845,0,"aoml_apex",1025.47803755788
"5907206",3,34,2,83,1,34,1,0.000427999999374151,3,183.52397303009,1,1.95005388671193,131.940002441406,1,25.0272998809814,37.2653007507324,0.27360001206398,"3",0.125590071082115,0.000427999999374151,"3",169.224502563477,-65.0486,18.1412,11.9276241789556,49,48,49,48,49,49,34,10056,1,18,-65,99999,99999,2026-05-30 20:19:08.002173,131.940002441406,1.0845,0,"aoml_apex",1025.61268364347
"5907206",3,32,2,81,1,32,1,0.000437999988207594,3,178.008637870789,1,1.94984616064398,141.429992675781,1,24.8647994995117,37.2897987365723,0.259200006723404,"3",0.118980072438717,0.000437999988207594,"3",164.138900756836,-65.0486,18.1412,11.9276241789556,49,48,49,48,49,49,32,10056,1,18,-65,99999,99999,2026-05-30 20:19:08.002173,141.429992675781,1.0845,0,"aoml_apex",1025.72194687372
"5907206",3,18,2,67,1,18,1,0.000395000010030344,3,172.837851882935,1,1.94925823400298,151.25,1,23.800500869751,37.2164001464844,0.158399999141693,"3",0.0727100446820259,0.000395000010030344,"3",159.371002197266,-65.0486,18.1412,11.9276241789556,49,48,49,48,49,49,18,10056,1,18,-65,99999,99999,2026-05-30 20:19:08.002173,151.25,1.0845,0,"aoml_apex",1026.03132058743
"5907206",3,17,2,66,1,17,1,0.00040600000647828,3,170.270190238953,1,1.94898021507277,161.850006103516,1,23.3859996795654,37.1865997314453,0.151199996471405,"3",0.0694050416350365,0.00040600000647828,"3",157.003402709961,-65.0486,18.1412,11.9276241789556,49,48,49,48,49,49,17,10056,1,18,-65,99999,99999,2026-05-30 20:19:08.002173,161.850006103516,1.0845,0,"aoml_apex",1026.17768232467
"5907206",3,10,2,59,1,10,1,0.000352000002749264,3,166.759548431396,1,1.9485366729492,171.710006713867,1,22.520299911499,37.1045989990234,0.10080000013113,"3",0.046270027756691,0.000352000002749264,"3",153.766296386719,-65.0486,18.1412,11.9276241789556,49,48,49,48,49,49,10,10056,1,18,-65,99999,99999,2026-05-30 20:19:08.002173,171.710006713867,1.0845,0,"aoml_apex",1026.41126942349
"5907206",3,8,2,57,1,8,1,0.000296999991405755,3,166.996617324829,1,1.94814207064377,181.210006713867,1,21.6429004669189,36.9943008422852,0.0864000022411346,"3",0.0396600253880024,0.000296999991405755,"3",153.984893798828,-65.0486,18.1412,11.9276241789556,49,48,49,48,49,49,8,10056,1,18,-65,99999,99999,2026-05-30 20:19:08.002173,181.210006713867,1.0845,0,"aoml_apex",1026.61917225528
"5907206",3,4,2,53,1,4,1,0.000307999987853691,3,166.43995388031,1,1.94784708462602,191.75,1,21.0981006622314,36.9382019042969,0.0575999990105629,"3",0.0264400150626898,0.000307999987853691,"3",153.471603393555,-65.0486,18.1412,11.9276241789556,49,48,49,48,49,49,4,10056,1,18,-65,99999,99999,2026-05-30 20:19:08.002173,191.75,1.0845,0,"aoml_apex",1026.77464560007
"5907206",3,3,2,52,1,3,1,0.000384000013582408,3,167.093572975159,1,1.9476067441483,201.289993286133,1,20.6056003570557,36.871898651123,0.0504000000655651,"3",0.0231350138783455,0.000384000013582408,"3",154.074295043945,-65.0486,18.1412,11.9276241789556,49,48,49,48,49,49,3,10056,1,18,-65,99999,99999,2026-05-30 20:19:08.002173,201.289993286133,1.0845,0,"aoml_apex",1026.90135265198
"5907206",3,1,2,50,1,1,1,0.000448000006144866,3,169.078425086975,1,1.94727108274915,211.160003662109,1,19.8502998352051,36.779598236084,0.0359999984502792,"3",0.0165250096470118,0.000448000006144866,"3",155.904495239258,-65.0486,18.1412,11.9276241789556,49,48,49,48,49,49,1,10056,1,18,-65,99999,99999,2026-05-30 20:19:08.002173,211.160003662109,1.0845,0,"aoml_apex",1027.07836506071
"5907206",3,0,2,49,1,0,1,0.000232000005780719,3,172.257309448242,1,1.94707284280475,221.880004882812,1,19.4764995574951,36.7252006530762,0.0287999995052814,"3",0.0132200075313449,0.000232000005780719,"3",158.835693359375,-65.0486,18.1412,11.9276241789556,49,48,49,48,49,49,0,10056,1,18,-65,99999,99999,2026-05-30 20:19:08.002173,221.880004882812,1.0845,0,"aoml_apex",1027.18293637079
"5907206",3,1,2,50,1,1,1,0.000264000002061948,3,175.026262870789,1,1.94691556675967,231.449996948242,1,19.2098007202148,36.6873016357422,0.0359999984502792,"3",0.0165250096470118,0.000264000002061948,"3",161.388900756836,-65.0486,18.1412,11.9276241789556,49,48,49,48,49,49,1,10056,1,18,-65,99999,99999,2026-05-30 20:19:08.002173,231.449996948242,1.0845,0,"aoml_apex",1027.26591442724
"5907206",3,1,2,50,1,1,1,0.000243000002228655,3,177.604763557434,1,1.94672107039328,241.690002441406,1,18.8197994232178,36.6301002502441,0.0359999984502792,"3",0.0165250096470118,0.000243000002228655,"3",163.766494750977,-65.0486,18.1412,11.9276241789556,49,48,49,48,49,49,1,10056,1,18,-65,99999,99999,2026-05-30 20:19:08.002173,241.690002441406,1.0845,0,"aoml_apex",1027.36854828204
"5907206",3,0,2,49,1,0,1,0.000254000013228506,3,178.00213444519,1,1.94662962963956,251.559997558594,1,18.7796001434326,36.6234016418457,0.0287999995052814,"3",0.0132200075313449,0.000254000013228506,"3",164.132904052734,-65.0486,18.1412,11.9276241789556,49,48,49,48,49,49,0,10056,1,18,-65,99999,99999,2026-05-30 20:19:08.002173,251.559997558594,1.0845,0,"aoml_apex",1027.41680777268
"5907206",3,0,2,50,1,1,1,0.000264000002061948,3,177.755186302185,1,1.94651196336456,260.970001220703,1,18.6247997283936,36.5987014770508,0.0359999984502792,"3",0.0165250096470118,0.000264000002061948,"3",163.905197143555,-65.0486,18.1412,11.9276241789556,49,48,49,48,49,49,0,10056,1,18,-65,99999,99999,2026-05-30 20:19:08.002173,260.970001220703,1.0845,0,"aoml_apex",1027.47891492174
"5907206",3,0,2,49,1,0,1,0.00028599999495782,3,177.552504478455,1,1.94640667362463,271.570007324219,1,18.5522994995117,36.5866012573242,0.0287999995052814,"3",0.0132200075313449,0.00028599999495782,"3",163.718307495117,-65.0486,18.1412,11.9276241789556,49,48,49,48,49,49,0,10056,1,18,-65,99999,99999,2026-05-30 20:19:08.002173,271.570007324219,1.0845,0,"aoml_apex",1027.53449579762
"5907206",3,0,2,49,1,0,1,0.000264000002061948,3,177.533523742676,1,1.9463081591207,281.720001220703,1,18.4787998199463,36.5721015930176,0.0287999995052814,"3",0.0132200075313449,0.000264000002061948,"3",163.700805664062,-65.0486,18.1412,11.9276241789556,49,48,49,48,49,49,0,10056,1,18,-65,99999,99999,2026-05-30 20:19:08.002173,281.720001220703,1.0845,0,"aoml_apex",1027.58650557348
"5907206",3,0,2,50,1,1,1,0.000523999973665923,3,172.40622631073,1,1.9461749796462,291.420013427734,1,18.2383003234863,36.5283012390137,0.0359999984502792,"3",0.0165250096470118,0.000523999973665923,"3",158.973007202148,-65.0486,18.1412,11.9276241789556,49,48,49,48,49,49,0,10056,1,18,-65,99999,99999,2026-05-30 20:19:08.002173,291.420013427734,1.0845,0,"aoml_apex",1027.65682475457
"5907206",3,0,2,49,1,0,1,0.000253000005614012,3,173.063419807434,1,1.94600767933512,301.190002441406,1,17.8943004608154,36.4740982055664,0.0287999995052814,"3",0.0132200075313449,0.000253000005614012,"3",159.578994750977,-65.0486,18.1412,11.9276241789556,49,48,49,48,49,49,0,10056,1,18,-65,99999,99999,2026-05-30 20:19:08.002173,301.190002441406,1.0845,0,"aoml_apex",1027.74517348427
"5907206",3,0,2,50,1,1,1,0.00028599999495782,3,169.0557706604,1,1.94583648435136,311.910003662109,1,17.5396995544434,36.4150009155273,0.0359999984502792,"3",0.0165250096470118,0.00028599999495782,"3",155.883605957031,-65.0486,18.1412,11.9276241789556,49,48,49,48,49,49,0,10056,1,18,-65,99999,99999,2026-05-30 20:19:08.002173,311.910003662109,1.0845,0,"aoml_apex",1027.83559465774
"5907206",3,0,2,50,1,1,1,0.000253000005614012,3,167.300060874939,1,1.9457031537446,321.540008544922,1,17.3111991882324,36.3779983520508,0.0359999984502792,"3",0.0165250096470118,0.000253000005614012,"3",154.264694213867,-65.0486,18.1412,11.9276241789556,49,48,49,48,49,49,0,10056,1,18,-65,99999,99999,2026-05-30 20:19:08.002173,321.540008544922,1.0845,0,"aoml_apex",1027.90602777762
"5907206",3,0,2,49,1,0,1,0.000264000002061948,3,165.791530906677,1,1.94559123627927,331.459991455078,1,17.1567993164062,36.3488998413086,0.0287999995052814,"3",0.0132200075313449,0.000264000002061948,"3",152.87370300293,-65.0486,18.1412,11.9276241789556,49,48,49,48,49,49,0,10056,1,18,-65,99999,99999,2026-05-30 20:19:08.002173,331.459991455078,1.0845,0,"aoml_apex",1027.96515666096
"5907206",3,0,2,50,1,1,1,0.000264000002061948,3,161.757834960938,1,1.94543936515791,341.630004882812,1,16.8398990631104,36.2943992614746,0.0359999984502792,"3",0.0165250096470118,0.000264000002061948,"3",149.154296875,-65.0486,18.1412,11.9276241789556,49,48,49,48,49,49,0,10056,1,18,-65,99999,99999,2026-05-30 20:19:08.002173,341.630004882812,1.0845,0,"aoml_apex",1028.04540497085
"5907206",3,0,2,49,1,0,1,0.000264000002061948,3,159.037483474731,1,1.9452503596977,351.239990234375,1,16.3369998931885,36.2116012573242,0.0287999995052814,"3",0.0132200075313449,0.000264000002061948,"3",146.645904541016,-65.0486,18.1412,11.9276241789556,49,48,49,48,49,49,0,10056,1,18,-65,99999,99999,2026-05-30 20:19:08.002173,351.239990234375,1.0845,0,"aoml_apex",1028.14529247063
"5907206",3,0,2,49,1,0,1,0.000253000005614012,3,154.258739868164,1,1.94512136502506,361.799987792969,1,16.1124992370605,36.1705017089844,0.0287999995052814,"3",0.0132200075313449,0.000253000005614012,"3",142.239501953125,-65.0486,18.1412,11.9276241789556,49,48,49,48,49,49,0,10056,1,18,-65,99999,99999,2026-05-30 20:19:08.002173,361.799987792969,1.0845,0,"aoml_apex",1028.21347601322
"5907206",3,0,2,50,1,1,1,0.000284999987343326,3,148.300609130859,1,1.94482083367115,381.160003662109,1,15.4027004241943,36.0503997802734,0.0359999984502792,"3",0.0165250096470118,0.000284999987343326,"3",136.74560546875,-65.0486,18.1412,11.9276241789556,49,48,49,48,49,49,0,10056,1,18,-65,99999,99999,2026-05-30 20:19:08.002173,381.160003662109,1.0845,0,"aoml_apex",1028.37236488499
"5907206",3,0,2,50,1,1,1,0.000284999987343326,3,145.591526939392,1,1.9446016403603,401.869995117188,1,15.1515998840332,36.0077018737793,0.0359999984502792,"3",0.0165250096470118,0.000284999987343326,"3",134.247604370117,-65.0486,18.1412,11.9276241789556,49,48,49,48,49,49,0,10056,1,18,-65,99999,99999,2026-05-30 20:19:08.002173,401.869995117188,1.0845,0,"aoml_apex",1028.4882818619
"5907206",3,0,2,50,1,1,1,0.000273000012384728,3,130.894703510284,4,1.94382558659168,451.859985351562,1,13.164999961853,35.6865005493164,0.0359999984502792,"3",0.0165250096470118,0.000273000012384728,"3",120.695899963379,-65.0486,18.1412,11.9276241789556,49,48,49,48,49,49,0,10056,1,18,-65,99999,99999,2026-05-30 20:19:08.002173,451.859985351562,1.0845,0,"aoml_apex",1028.89889596876
"5907206",4,5,2,54,1,5,1,0.00060299999313429,3,195.000252113342,1,1.95459332934859,7.53000020980835,1,27.8724994659424,36.0130996704102,0.064800001680851,"3",0.0297450181096792,0.00060299999313429,"3",179.806594848633,-65.0514,18.1572,19.8789705562058,49,48,49,48,49,49,5,10056,1,18,-65,99999,99999,2026-05-31 08:59:55.000944,7.53000020980835,1.0845,0,"aoml_apex",1023.23075085217
"5907206",4,6,2,55,1,6,1,0.000646999978926033,3,194.9026510849,1,1.95455752262117,11.4799995422363,1,27.8661994934082,36.0127983093262,0.0719999969005585,"3",0.0330500192940235,0.000646999978926033,"3",179.716598510742,-65.0514,18.1572,19.8789705562058,49,48,49,48,49,49,6,10056,1,18,-65,99999,99999,2026-05-31 08:59:55.000944,11.4799995422363,1.0845,0,"aoml_apex",1023.24949603831
"5907206",4,6,2,55,1,6,1,0.000646999978926033,3,195.006225997925,1,1.95450233203443,16.7099990844727,1,27.8684005737305,36.0223999023438,0.0719999969005585,"3",0.0330500192940235,0.000646999978926033,"3",179.812103271484,-65.0514,18.1572,19.8789705562058,49,48,49,48,49,49,6,10056,1,18,-65,99999,99999,2026-05-31 08:59:55.000944,16.7099990844727,1.0845,0,"aoml_apex",1023.27839021722
"5907206",4,9,2,58,1,9,1,0.00085200002649799,3,195.17529851532,1,1.95439138516576,21.8999996185303,1,27.8288993835449,36.0528984069824,0.0935999974608421,"3",0.0429650247097015,0.00085200002649799,"3",179.968002319336,-65.0514,18.1572,19.8789705562058,49,48,49,48,49,49,9,10056,1,18,-65,99999,99999,2026-05-31 08:59:55.000944,21.8999996185303,1.0845,0,"aoml_apex",1023.33647967363
"5907206",4,9,2,58,1,9,1,0.00060299999313429,3,195.217910018921,1,1.95431538268146,26.7800006866455,1,27.7980003356934,36.0646018981934,0.0935999974608421,"3",0.0429650247097015,0.00060299999313429,"3",180.007293701172,-65.0514,18.1572,19.8789705562058,49,48,49,48,49,49,9,10056,1,18,-65,99999,99999,2026-05-31 08:59:55.000944,26.7800006866455,1.0845,0,"aoml_apex",1023.37627678899
"5907206",4,10,2,59,1,10,1,0.000624999986030161,3,195.459546203613,1,1.95427275348213,31.4899997711182,1,27.7945995330811,36.0660018920898,0.10080000013113,"3",0.046270027756691,0.000624999986030161,"3",180.230102539062,-65.0514,18.1572,19.8789705562058,49,48,49,48,49,49,10,10056,1,18,-65,99999,99999,2026-05-31 08:59:55.000944,31.4899997711182,1.0845,0,"aoml_apex",1023.39860003492
"5907206",4,12,2,61,1,12,1,0.000775999971665442,3,195.006225997925,1,1.95420775334653,36.8400001525879,1,27.7597999572754,36.0657005310059,0.115199998021126,"3",0.0528800301253796,0.000775999971665442,"3",179.812103271484,-65.0514,18.1572,19.8789705562058,49,48,49,48,49,49,12,10056,1,18,-65,99999,99999,2026-05-31 08:59:55.000944,36.8400001525879,1.0845,0,"aoml_apex",1023.43263994069
"5907206",4,22,2,71,1,22,1,0.000678999989759177,3,193.318082336426,1,1.954142059533,41.9599990844727,1,27.7590999603271,36.0820007324219,0.187199994921684,"3",0.0859300494194031,0.000678999989759177,"3",178.255493164062,-65.0514,18.1572,19.8789705562058,49,48,49,48,49,49,22,10056,1,18,-65,99999,99999,2026-05-31 08:59:55.000944,41.9599990844727,1.0845,0,"aoml_apex",1023.46704541939
"5907206",4,26,2,75,1,26,1,0.000645999971311539,3,193.329583305359,1,1.95370158205675,46.6500015258789,1,27.5879001617432,36.2877006530762,0.216000005602837,"3",0.0991500541567802,0.000645999971311539,"3",178.266098022461,-65.0514,18.1572,19.8789705562058,49,48,49,48,49,49,26,10056,1,18,-65,99999,99999,2026-05-31 08:59:55.000944,46.6500015258789,1.0845,0,"aoml_apex",1023.69779416082
"5907206",4,20,2,69,1,20,1,0.000581000000238419,3,197.700994033813,1,1.95304963530216,51.7099990844727,1,27.2278003692627,36.5574989318848,0.172800004482269,"3",0.0793200507760048,0.000581000000238419,"3",182.296905517578,-65.0514,18.1572,19.8789705562058,49,48,49,48,49,49,20,10056,1,18,-65,99999,99999,2026-05-31 08:59:55.000944,51.7099990844727,1.0845,0,"aoml_apex",1024.03951433143
"5907206",4,19,2,68,1,19,1,0.000559000007342547,3,198.97733681488,1,1.9525419509704,56.8899993896484,1,26.9127006530762,36.7466011047363,0.165600001811981,"3",0.0760150477290154,0.000559000007342547,"3",183.47380065918,-65.0514,18.1572,19.8789705562058,49,48,49,48,49,49,19,10056,1,18,-65,99999,99999,2026-05-31 08:59:55.000944,56.8899993896484,1.0845,0,"aoml_apex",1024.30577689048
"5907206",4,16,2,65,1,16,1,0.00052599998889491,3,198.731811813354,1,1.95228864632541,61.6199989318848,1,26.7252998352051,36.8162994384766,0.143999993801117,"3",0.066100038588047,0.00052599998889491,"3",183.247406005859,-65.0514,18.1572,19.8789705562058,49,48,49,48,49,49,16,10056,1,18,-65,99999,99999,2026-05-31 08:59:55.000944,61.6199989318848,1.0845,0,"aoml_apex",1024.43867804302
"5907206",4,18,2,67,1,18,1,0.00052599998889491,3,198.878544319153,1,1.95214720128946,66.7200012207031,1,26.6753997802734,36.8646011352539,0.158399999141693,"3",0.0727100446820259,0.00052599998889491,"3",183.382705688477,-65.0514,18.1572,19.8789705562058,49,48,49,48,49,49,18,10056,1,18,-65,99999,99999,2026-05-31 08:59:55.000944,66.7200012207031,1.0845,0,"aoml_apex",1024.51290490745
"5907206",4,19,2,68,1,19,1,0.000537000014446676,3,198.650030822754,1,1.95201566593064,71.6600036621094,1,26.6168994903564,36.9033012390137,0.165600001811981,"3",0.0760150477290154,0.000537000014446676,"3",183.171997070312,-65.0514,18.1572,19.8789705562058,49,48,49,48,49,49,19,10056,1,18,-65,99999,99999,2026-05-31 08:59:55.000944,71.6600036621094,1.0845,0,"aoml_apex",1024.58194107089
"5907206",4,25,2,74,1,25,1,0.00056900002527982,3,197.963646377563,1,1.95191139300805,76.9199981689453,1,26.5667991638184,36.9248008728027,0.208800002932549,"3",0.0958450585603714,0.00056900002527982,"3",182.539093017578,-65.0514,18.1572,19.8789705562058,49,48,49,48,49,49,25,10056,1,18,-65,99999,99999,2026-05-31 08:59:55.000944,76.9199981689453,1.0845,0,"aoml_apex",1024.63667519141
"5907206",4,28,2,77,1,28,1,0.000579999992623925,3,197.052786186218,1,1.95177383368439,81.629997253418,1,26.4866008758545,36.9598999023438,0.230399996042252,"3",0.105760060250759,0.000579999992623925,"3",181.699203491211,-65.0514,18.1572,19.8789705562058,49,48,49,48,49,49,28,10056,1,18,-65,99999,99999,2026-05-31 08:59:55.000944,81.629997253418,1.0845,0,"aoml_apex",1024.70889069384
"5907206",4,32,2,81,1,32,1,0.000557999999728054,3,196.622666496277,1,1.951689726858,86.5299987792969,1,26.4521999359131,36.9761009216309,0.259200006723404,"3",0.118980072438717,0.000557999999728054,"3",181.302597045898,-65.0514,18.1572,19.8789705562058,49,48,49,48,49,49,32,10056,1,18,-65,99999,99999,2026-05-31 08:59:55.000944,86.5299987792969,1.0845,0,"aoml_apex",1024.75304987119
"5907206",4,40,2,89,1,40,1,0.000546999974176288,3,196.351872459412,1,1.95160912747104,91.8099975585938,1,26.4251003265381,36.9907989501953,0.316799998283386,"3",0.145420089364052,0.000546999974176288,"3",181.05290222168,-65.0514,18.1572,19.8789705562058,49,48,49,48,49,49,40,10056,1,18,-65,99999,99999,2026-05-31 08:59:55.000944,91.8099975585938,1.0845,0,"aoml_apex",1024.79537108523
"5907206",4,42,2,91,1,42,1,0.000546999974176288,3,195.537190155029,1,1.95151706942271,96.879997253418,1,26.3843002319336,37.0088996887207,0.331200003623962,"3",0.152030095458031,0.000546999974176288,"3",180.301696777344,-65.0514,18.1572,19.8789705562058,49,48,49,48,49,49,42,10056,1,18,-65,99999,99999,2026-05-31 08:59:55.000944,96.879997253418,1.0845,0,"aoml_apex",1024.84371330231
"5907206",4,39,2,88,1,39,1,0.000536000006832182,3,194.348254737854,1,1.95129544504191,101.569999694824,1,26.2259006500244,37.0699005126953,0.309599995613098,"3",0.142115086317062,0.000536000006832182,"3",179.20539855957,-65.0514,18.1572,19.8789705562058,49,48,49,48,49,49,39,10056,1,18,-65,99999,99999,2026-05-31 08:59:55.000944,101.569999694824,1.0845,0,"aoml_apex",1024.96011307865
"5907206",4,42,2,91,1,42,1,0.000514000013936311,3,191.707930137634,1,1.95106804879782,111.839996337891,1,26.081600189209,37.1094017028809,0.331200003623962,"3",0.152030095458031,0.000514000013936311,"3",176.770797729492,-65.0514,18.1572,19.8789705562058,49,48,49,48,49,49,42,10056,1,18,-65,99999,99999,2026-05-31 08:59:55.000944,111.839996337891,1.0845,0,"aoml_apex",1025.07957179265
"5907206",4,33,2,82,1,33,1,0.000427999999374151,3,183.75258581543,1,1.95049113241233,121.680000305176,1,25.4370002746582,37.1873016357422,0.266400009393692,"3",0.122285075485706,0.000427999999374151,"3",169.435302734375,-65.0514,18.1572,19.8789705562058,49,48,49,48,49,49,33,10056,1,18,-65,99999,99999,2026-05-31 08:59:55.000944,121.680000305176,1.0845,0,"aoml_apex",1025.3827698906
"5907206",4,27,2,76,1,27,1,0.000460000010207295,3,182.511374771118,1,1.95011377570125,131.570007324219,1,25.0713005065918,37.2436981201172,0.223199993371964,"3",0.10245505720377,0.000460000010207295,"3",168.290802001953,-65.0514,18.1572,19.8789705562058,49,48,49,48,49,49,27,10056,1,18,-65,99999,99999,2026-05-31 08:59:55.000944,131.570007324219,1.0845,0,"aoml_apex",1025.58118655452
"5907206",4,25,2,74,1,25,1,0.000514000013936311,3,175.338807907104,1,1.94959903686424,141.529998779297,1,24.4097995758057,37.2773017883301,0.208800002932549,"3",0.0958450585603714,0.000514000013936311,"3",161.677093505859,-65.0514,18.1572,19.8789705562058,49,48,49,48,49,49,25,10056,1,18,-65,99999,99999,2026-05-31 08:59:55.000944,141.529998779297,1.0845,0,"aoml_apex",1025.85196349749
"5907206",4,18,2,67,1,18,1,0.00049200002104044,3,172.725820861816,1,1.94927628228194,151.240005493164,1,23.8915004730225,37.2398986816406,0.158399999141693,"3",0.0727100446820259,0.00049200002104044,"3",159.267700195312,-65.0514,18.1572,19.8789705562058,49,48,49,48,49,49,18,10056,1,18,-65,99999,99999,2026-05-31 08:59:55.000944,151.240005493164,1.0845,0,"aoml_apex",1026.02182060035
"5907206",4,18,2,67,1,18,1,0.000372999988030642,3,170.152301170349,1,1.94893427149652,161.710006713867,1,23.3337001800537,37.1988983154297,0.158399999141693,"3",0.0727100446820259,0.000372999988030642,"3",156.89469909668,-65.0514,18.1572,19.8789705562058,49,48,49,48,49,49,18,10056,1,18,-65,99999,99999,2026-05-31 08:59:55.000944,161.710006713867,1.0845,0,"aoml_apex",1026.20187312129
"5907206",4,14,2,63,1,14,1,0.00044900001375936,3,168.638773658752,1,1.94861856191934,171.860000610352,1,22.7600994110107,37.138599395752,0.129600003361702,"3",0.0594900362193584,0.00044900001375936,"3",155.499099731445,-65.0514,18.1572,19.8789705562058,49,48,49,48,49,49,14,10056,1,18,-65,99999,99999,2026-05-31 08:59:55.000944,171.860000610352,1.0845,0,"aoml_apex",1026.36813539847
"5907206",4,9,2,58,1,9,1,0.000415999995311722,3,165.914185844421,1,1.94822921636859,181.919998168945,1,21.933500289917,37.038200378418,0.0935999974608421,"3",0.0429650247097015,0.000415999995311722,"3",152.986801147461,-65.0514,18.1572,19.8789705562058,49,48,49,48,49,49,9,10056,1,18,-65,99999,99999,2026-05-31 08:59:55.000944,181.919998168945,1.0845,0,"aoml_apex",1026.57325082513
"5907206",4,4,2,53,1,4,1,0.000307999987853691,3,166.17035131073,1,1.94784197064357,191.740005493164,1,21.1021995544434,36.9432983398438,0.0575999990105629,"3",0.0264400150626898,0.000307999987853691,"3",153.223007202148,-65.0514,18.1572,19.8789705562058,49,48,49,48,49,49,4,10056,1,18,-65,99999,99999,2026-05-31 08:59:55.000944,191.740005493164,1.0845,0,"aoml_apex",1026.7773413565
"5907206",4,2,2,51,1,2,1,0.000307999987853691,3,166.911592895508,1,1.94765323538505,201.050003051758,1,20.7383003234863,36.8889007568359,0.0432000011205673,"3",0.0198300126940012,0.000307999987853691,"3",153.906494140625,-65.0514,18.1572,19.8789705562058,49,48,49,48,49,49,2,10056,1,18,-65,99999,99999,2026-05-31 08:59:55.000944,201.050003051758,1.0845,0,"aoml_apex",1026.87684011913
"5907206",4,1,2,50,1,1,1,0.000319000013405457,3,169.464625968933,1,1.9473354854948,211.910003662109,1,20.040599822998,36.7977981567383,0.0359999984502792,"3",0.0165250096470118,0.000319000013405457,"3",156.260604858398,-65.0514,18.1572,19.8789705562058,49,48,49,48,49,49,1,10056,1,18,-65,99999,99999,2026-05-31 08:59:55.000944,211.910003662109,1.0845,0,"aoml_apex",1027.04439727899
"5907206",4,1,2,50,1,1,1,0.00028599999495782,3,172.040098342896,1,1.94705796338784,221.710006713867,1,19.4244003295898,36.7183990478516,0.0359999984502792,"3",0.0165250096470118,0.00028599999495782,"3",158.635406494141,-65.0514,18.1572,19.8789705562058,49,48,49,48,49,49,1,10056,1,18,-65,99999,99999,2026-05-31 08:59:55.000944,221.710006713867,1.0845,0,"aoml_apex",1027.19078610276
"5907206",4,0,2,49,1,0,1,0.000274999998509884,3,174.848072319031,1,1.94690160683373,231.839996337891,1,19.1550006866455,36.6758995056152,0.0287999995052814,"3",0.0132200075313449,0.000274999998509884,"3",161.224594116211,-65.0514,18.1572,19.8789705562058,49,48,49,48,49,49,0,10056,1,18,-65,99999,99999,2026-05-31 08:59:55.000944,231.839996337891,1.0845,0,"aoml_apex",1027.27328026229
"5907206",4,0,2,50,1,1,1,0.000274999998509884,3,175.871311042786,1,1.94672984978237,241.479995727539,1,18.8255996704102,36.6272010803223,0.0359999984502792,"3",0.0165250096470118,0.000274999998509884,"3",162.168106079102,-65.0514,18.1572,19.8789705562058,49,48,49,48,49,49,0,10056,1,18,-65,99999,99999,2026-05-31 08:59:55.000944,241.479995727539,1.0845,0,"aoml_apex",1027.36391504121
"5907206",4,0,2,48,1,-1,1,0.000253000005614012,3,176.887053451538,1,1.94658169286671,251.619995117188,1,18.5785007476807,36.5881996154785,0.0216000005602837,"3",0.0099150063470006,0.000253000005614012,"3",163.104705810547,-65.0514,18.1572,19.8789705562058,49,48,49,48,49,49,0,10056,1,18,-65,99999,99999,2026-05-31 08:59:55.000944,251.619995117188,1.0845,0,"aoml_apex",1027.44210907205
"5907206",4,0,2,49,1,0,1,0.000264000002061948,3,176.170088012695,1,1.94645128124162,261.720001220703,1,18.3806991577148,36.5542984008789,0.0287999995052814,"3",0.0132200075313449,0.000264000002061948,"3",162.443603515625,-65.0514,18.1572,19.8789705562058,49,48,49,48,49,49,0,10056,1,18,-65,99999,99999,2026-05-31 08:59:55.000944,261.720001220703,1.0845,0,"aoml_apex",1027.51094737096
"5907206",4,0,2,49,1,0,1,0.000274999998509884,3,174.448219207764,1,1.94629262900451,271.320007324219,1,18.0802993774414,36.5091018676758,0.0287999995052814,"3",0.0132200075313449,0.000274999998509884,"3",160.855895996094,-65.0514,18.1572,19.8789705562058,49,48,49,48,49,49,0,10056,1,18,-65,99999,99999,2026-05-31 08:59:55.000944,271.320007324219,1.0845,0,"aoml_apex",1027.59470502797
"5907206",4,0,2,50,1,1,1,0.000274999998509884,3,172.937951683044,1,1.94616906002566,281.079986572266,1,17.8866004943848,36.4748001098633,0.0359999984502792,"3",0.0165250096470118,0.000274999998509884,"3",159.463302612305,-65.0514,18.1572,19.8789705562058,49,48,49,48,49,49,0,10056,1,18,-65,99999,99999,2026-05-31 08:59:55.000944,281.079986572266,1.0845,0,"aoml_apex",1027.65995055621
"5907206",4,0,2,50,1,1,1,0.00028599999495782,3,171.442312728882,1,1.94603499859114,291.459991455078,1,17.6868000030518,36.4426002502441,0.0359999984502792,"3",0.0165250096470118,0.00028599999495782,"3",158.084197998047,-65.0514,18.1572,19.8789705562058,49,48,49,48,49,49,0,10056,1,18,-65,99999,99999,2026-05-31 08:59:55.000944,291.459991455078,1.0845,0,"aoml_apex",1027.73074556621
"5907206",4,0,2,50,1,1,1,0.000577999977394938,3,167.69005128479,1,1.94590469769658,301.75,1,17.4717998504639,36.4038009643555,0.0359999984502792,"3",0.0165250096470118,0.000577999977394938,"3",154.624298095703,-65.0514,18.1572,19.8789705562058,49,48,49,48,49,49,0,10056,1,18,-65,99999,99999,2026-05-31 08:59:55.000944,301.75,1.0845,0,"aoml_apex",1027.79956406265
"5907206",4,0,2,49,1,0,1,0.000307000009343028,3,164.57449671936,1,1.94573347909428,311.209991455078,1,17.042200088501,36.3296012878418,0.0287999995052814,"3",0.0132200075313449,0.000307000009343028,"3",151.751495361328,-65.0514,18.1572,19.8789705562058,49,48,49,48,49,49,0,10056,1,18,-65,99999,99999,2026-05-31 08:59:55.000944,311.209991455078,1.0845,0,"aoml_apex",1027.89000728454
"5907206",4,0,2,49,1,0,1,0.000241999994614162,3,161.992636756897,1,1.94557494542006,321.059997558594,1,16.7014999389648,36.2745018005371,0.0287999995052814,"3",0.0132200075313449,0.000241999994614162,"3",149.370803833008,-65.0514,18.1572,19.8789705562058,49,48,49,48,49,49,0,10056,1,18,-65,99999,99999,2026-05-31 08:59:55.000944,321.059997558594,1.0845,0,"aoml_apex",1027.97376410919
"5907206",4,0,2,50,1,1,1,0.000296000012895092,3,159.801180908203,1,1.9454366032848,331.549987792969,1,16.4463005065918,36.2298011779785,0.0359999984502792,"3",0.0165250096470118,0.000296000012895092,"3",147.35009765625,-65.0514,18.1572,19.8789705562058,49,48,49,48,49,49,0,10056,1,18,-65,99999,99999,2026-05-31 08:59:55.000944,331.549987792969,1.0845,0,"aoml_apex",1028.0468644535
"5907206",4,0,2,50,1,1,1,0.000230999998166226,3,156.468630363464,1,1.94529026002528,341.609985351562,1,16.1466007232666,36.1800003051758,0.0359999984502792,"3",0.0165250096470118,0.000230999998166226,"3",144.277206420898,-65.0514,18.1572,19.8789705562058,49,48,49,48,49,49,0,10056,1,18,-65,99999,99999,2026-05-31 08:59:55.000944,341.609985351562,1.0845,0,"aoml_apex",1028.12420392935
"5907206",4,0,2,50,1,1,1,0.000273999990895391,3,152.8876092453,1,1.94516029537702,351.899993896484,1,15.8916997909546,36.1323013305664,0.0359999984502792,"3",0.0165250096470118,0.000273999990895391,"3",140.975204467773,-65.0514,18.1572,19.8789705562058,49,48,49,48,49,49,0,10056,1,18,-65,99999,99999,2026-05-31 08:59:55.000944,351.899993896484,1.0845,0,"aoml_apex",1028.19289739428
"5907206",4,0,2,50,1,1,1,0.000262999994447455,3,150.110629966736,1,1.94503654118669,361.059997558594,1,15.663200378418,36.0955009460449,0.0359999984502792,"3",0.0165250096470118,0.000262999994447455,"3",138.414596557617,-65.0514,18.1572,19.8789705562058,49,48,49,48,49,49,0,10056,1,18,-65,99999,99999,2026-05-31 08:59:55.000944,361.059997558594,1.0845,0,"aoml_apex",1028.25831682307
"5907206",4,0,2,50,1,1,1,0.000262999994447455,3,148.560878540039,1,1.94482036528908,381.709991455078,1,15.4163999557495,36.051700592041,0.0359999984502792,"3",0.0165250096470118,0.000262999994447455,"3",136.985595703125,-65.0514,18.1572,19.8789705562058,49,48,49,48,49,49,0,10056,1,18,-65,99999,99999,2026-05-31 08:59:55.000944,381.709991455078,1.0845,0,"aoml_apex",1028.37261255371
"5907206",4,0,2,50,1,1,1,0.000251999997999519,3,145.165742866516,1,1.94460863634479,401.760009765625,1,15.1766996383667,36.0110015869141,0.0359999984502792,"3",0.0165250096470118,0.000251999997999519,"3",133.854995727539,-65.0514,18.1572,19.8789705562058,49,48,49,48,49,49,0,10056,1,18,-65,99999,99999,2026-05-31 08:59:55.000944,401.760009765625,1.0845,0,"aoml_apex",1028.48458174048
"5907206",4,0,2,50,1,1,1,0.000261999986832961,3,136.599498516083,4,1.94396853072359,451.470001220703,1,13.96399974823,35.8135986328125,0.0359999984502792,"3",0.0165250096470118,0.000261999986832961,"3",125.956199645996,-65.0514,18.1572,19.8789705562058,49,48,49,48,49,49,0,10056,1,18,-65,99999,99999,2026-05-31 08:59:55.000944,451.470001220703,1.0845,0,"aoml_apex",1028.82323884922
"5907206",5,8.22771843823586,5,55,1,6,1,0.000775999971665442,3,195.694116325378,1,1.95475173602465,7.82999992370605,1,28.0781002044678,35.9907989501953,0.0719999969005585,"3",0.109065063297749,0.000775999971665442,"3",180.446395874023,-65.0822,18.1725,17.8911453364816,49,48,49,48,49,49,8.22771843823586,10056,1,18,-65,99999,99999,2026-05-31 21:44:46.002317,7.82999992370605,1.0845,0,"aoml_apex",1023.14783158468
"5907206",5,8.22771843823586,5,55,1,6,1,0.000592999975197017,3,195.71993144989,1,1.95469592586983,11.960000038147,1,28.0478000640869,35.9929008483887,0.0719999969005585,"3",0.109065063297749,0.000592999975197017,"3",180.470199584961,-65.0822,18.1725,17.8911453364816,49,48,49,48,49,49,8.22771843823586,10056,1,18,-65,99999,99999,2026-05-31 21:44:46.002317,11.960000038147,1.0845,0,"aoml_apex",1023.17704433236
"5907206",5,6,5,55,1,6,1,0.000668000022415072,3,195.873713470459,1,1.95460184816923,16.6499996185303,1,27.9768009185791,36.0007019042969,0.0719999969005585,"3",0.109065063297749,0.000668000022415072,"3",180.611999511719,-65.0822,18.1725,17.8911453364816,49,48,49,48,49,49,6,10056,1,18,-65,99999,99999,2026-05-31 21:44:46.002317,16.6499996185303,1.0845,0,"aoml_apex",1023.22629126402
"5907206",5,11,2,60,1,11,1,0.000862999993842095,3,195.946707389832,1,1.95448240217023,21.75,1,27.9015007019043,36.0219993591309,0.108000002801418,"3",0.109065063297749,0.000862999993842095,"3",180.679306030273,-65.0822,18.1725,17.8911453364816,49,48,49,48,49,49,11,10056,1,18,-65,99999,99999,2026-05-31 21:44:46.002317,21.75,1.0845,0,"aoml_apex",1023.28882459071
"5907206",5,11,2,60,1,11,1,0.000592000025790185,3,195.800835388184,1,1.95436913180414,26.7600002288818,1,27.8724994659424,36.059700012207,0.108000002801418,"3",0.109065063297749,0.000592000025790185,"3",180.544799804688,-65.0822,18.1725,17.8911453364816,49,48,49,48,49,49,11,10056,1,18,-65,99999,99999,2026-05-31 21:44:46.002317,26.7600002288818,1.0845,0,"aoml_apex",1023.34813186173
"5907206",5,11,2,60,1,11,1,0.000570999982301146,3,195.711806304932,1,1.95428161444722,31.6399993896484,1,27.8194999694824,36.0698013305664,0.108000002801418,"3",0.109065063297749,0.000570999982301146,"3",180.462707519531,-65.0822,18.1725,17.8911453364816,49,48,49,48,49,49,11,10056,1,18,-65,99999,99999,2026-05-31 21:44:46.002317,31.6399993896484,1.0845,0,"aoml_apex",1023.39395981357
"5907206",5,20,2,69,1,20,1,0.000581000000238419,3,194.008041183472,1,1.95411942234954,36.9599990844727,1,27.7595996856689,36.1263999938965,0.172800004482269,"3",0.109065063297749,0.000581000000238419,"3",178.891693115234,-65.0822,18.1725,17.8911453364816,49,48,49,48,49,49,20,10056,1,18,-65,99999,99999,2026-05-31 21:44:46.002317,36.9599990844727,1.0845,0,"aoml_apex",1023.47890160945
"5907206",5,37,2,86,1,37,1,0.00080899999011308,3,193.03557220459,1,1.95404662449445,41.9300003051758,1,27.7353992462158,36.1383018493652,0.295199990272522,"3",0.109065063297749,0.00080899999011308,"3",177.994995117188,-65.0822,18.1725,17.8911453364816,49,48,49,48,49,49,37,10056,1,18,-65,99999,99999,2026-05-31 21:44:46.002317,41.9300003051758,1.0845,0,"aoml_apex",1023.51703123637
"5907206",5,40,2,89,1,40,1,0.000656999996863306,3,194.962075515747,1,1.95339989652598,46.8400001525879,1,27.3490009307861,36.3935012817383,0.316799998283386,"3",0.109065063297749,0.000656999996863306,"3",179.771392822266,-65.0822,18.1725,17.8911453364816,49,48,49,48,49,49,40,10056,1,18,-65,99999,99999,2026-05-31 21:44:46.002317,46.8400001525879,1.0845,0,"aoml_apex",1023.85589533249
"5907206",5,26,2,75,1,26,1,0.000591000018175691,3,197.712164039612,1,1.95265654238561,51.9000015258789,1,26.9202003479004,36.6983985900879,0.216000005602837,"3",0.109065063297749,0.000591000018175691,"3",182.307205200195,-65.0822,18.1725,17.8911453364816,49,48,49,48,49,49,26,10056,1,18,-65,99999,99999,2026-05-31 21:44:46.002317,51.9000015258789,1.0845,0,"aoml_apex",1024.24566562871
"5907206",5,20,2,69,1,20,1,0.000557999999728054,3,198.757825515747,1,1.95238471455898,56.8600006103516,1,26.7642002105713,36.7929992675781,0.172800004482269,"3",0.109065063297749,0.000557999999728054,"3",183.271392822266,-65.0822,18.1725,17.8911453364816,49,48,49,48,49,49,20,10056,1,18,-65,99999,99999,2026-05-31 21:44:46.002317,56.8600006103516,1.0845,0,"aoml_apex",1024.38826993776
"5907206",5,21,2,70,1,21,1,0.000557999999728054,3,198.794264556885,1,1.95224336756383,61.4300003051758,1,26.6921005249023,36.8348007202148,0.180000007152557,"3",0.109065063297749,0.000557999999728054,"3",183.304992675781,-65.0822,18.1725,17.8911453364816,49,48,49,48,49,49,21,10056,1,18,-65,99999,99999,2026-05-31 21:44:46.002317,61.4300003051758,1.0845,0,"aoml_apex",1024.46243804929
"5907206",5,25,2,74,1,25,1,0.00052599998889491,3,198.830488471985,1,1.95212073722901,66.8000030517578,1,26.6205005645752,36.8592987060547,0.208800002932549,"3",0.109065063297749,0.00052599998889491,"3",183.338394165039,-65.0822,18.1725,17.8911453364816,49,48,49,48,49,49,25,10056,1,18,-65,99999,99999,2026-05-31 21:44:46.002317,66.8000030517578,1.0845,0,"aoml_apex",1024.52679378784
"5907206",5,25,2,74,1,25,1,0.00124000001233071,3,198.855227966309,1,1.95199679068234,71.8899993896484,1,26.5977001190186,36.9070014953613,0.208800002932549,"3",0.109065063297749,0.00124000001233071,"3",183.361206054688,-65.0822,18.1725,17.8911453364816,49,48,49,48,49,49,25,10056,1,18,-65,99999,99999,2026-05-31 21:44:46.002317,71.8899993896484,1.0845,0,"aoml_apex",1024.59184848397
"5907206",5,27,2,76,1,27,1,0.000503999995999038,3,198.754366950989,1,1.9519327860928,76.629997253418,1,26.5832004547119,36.9184989929199,0.223199993371964,"3",0.109065063297749,0.000503999995999038,"3",183.268203735352,-65.0822,18.1725,17.8911453364816,49,48,49,48,49,49,27,10056,1,18,-65,99999,99999,2026-05-31 21:44:46.002317,76.629997253418,1.0845,0,"aoml_apex",1024.6254452252
"5907206",5,29,2,78,1,29,1,0.00052599998889491,3,198.380643379211,1,1.95184140303806,81.7900009155273,1,26.5456008911133,36.9369010925293,0.23759999871254,"3",0.109065063297749,0.00052599998889491,"3",182.923599243164,-65.0822,18.1725,17.8911453364816,49,48,49,48,49,49,29,10056,1,18,-65,99999,99999,2026-05-31 21:44:46.002317,81.7900009155273,1.0845,0,"aoml_apex",1024.67341705478
"5907206",5,30,2,79,1,30,1,0.000536000006832182,3,198.112017150879,1,1.95178109434507,86.9300003051758,1,26.5307006835938,36.9434013366699,0.244800001382828,"3",0.109065063297749,0.000536000006832182,"3",182.675903320312,-65.0822,18.1725,17.8911453364816,49,48,49,48,49,49,30,10056,1,18,-65,99999,99999,2026-05-31 21:44:46.002317,86.9300003051758,1.0845,0,"aoml_apex",1024.70507875839
"5907206",5,29,2,78,1,29,1,0.000536000006832182,3,197.682873802185,1,1.95171253071501,91.9300003051758,1,26.5118999481201,36.9547996520996,0.23759999871254,"3",0.109065063297749,0.000536000006832182,"3",182.280197143555,-65.0822,18.1725,17.8911453364816,49,48,49,48,49,49,29,10056,1,18,-65,99999,99999,2026-05-31 21:44:46.002317,91.9300003051758,1.0845,0,"aoml_apex",1024.74107663146
"5907206",5,32,2,81,1,32,1,0.000557999999728054,3,197.474549057007,1,1.95166064522813,96.8899993896484,1,26.5018005371094,36.9584999084473,0.259200006723404,"3",0.109065063297749,0.000557999999728054,"3",182.088104248047,-65.0822,18.1725,17.8911453364816,49,48,49,48,49,49,32,10056,1,18,-65,99999,99999,2026-05-31 21:44:46.002317,96.8899993896484,1.0845,0,"aoml_apex",1024.76831968204
"5907206",5,32,2,81,1,32,1,0.00056900002527982,3,197.1125415802,1,1.95157610648321,101.910003662109,1,26.4671001434326,36.9742012023926,0.259200006723404,"3",0.109065063297749,0.00056900002527982,"3",181.754302978516,-65.0822,18.1725,17.8911453364816,49,48,49,48,49,49,32,10056,1,18,-65,99999,99999,2026-05-31 21:44:46.002317,101.910003662109,1.0845,0,"aoml_apex",1024.812710791
"5907206",5,48,2,97,1,48,1,0.000557999999728054,3,194.084394378662,1,1.9513827339568,111.919998168945,1,26.3565998077393,37.0054016113281,0.374399989843369,"3",0.109065063297749,0.000557999999728054,"3",178.962097167969,-65.0822,18.1725,17.8911453364816,49,48,49,48,49,49,48,10056,1,18,-65,99999,99999,2026-05-31 21:44:46.002317,111.919998168945,1.0845,0,"aoml_apex",1024.91426474017
"5907206",5,48,2,97,1,48,1,0.000482000003103167,3,185.618572517395,1,1.95064715752814,121.860000610352,1,25.6257991790771,37.1557006835938,0.374399989843369,"3",0.109065063297749,0.000482000003103167,"3",171.155899047852,-65.0822,18.1725,17.8911453364816,49,48,49,48,49,49,48,10056,1,18,-65,99999,99999,2026-05-31 21:44:46.002317,121.860000610352,1.0845,0,"aoml_apex",1025.30075328149
"5907206",5,30,2,79,1,30,1,0.000536000006832182,3,182.86524055481,1,1.95016415504845,131.809997558594,1,25.1364002227783,37.2338981628418,0.244800001382828,"3",0.109065063297749,0.000536000006832182,"3",168.617095947266,-65.0822,18.1725,17.8911453364816,49,48,49,48,49,49,30,10056,1,18,-65,99999,99999,2026-05-31 21:44:46.002317,131.809997558594,1.0845,0,"aoml_apex",1025.55469231784
"5907206",5,33,2,82,1,33,1,0.000460000010207295,3,179.921157989502,1,1.94987250475716,141.929992675781,1,24.8262996673584,37.2529983520508,0.266400009393692,"3",0.109065063297749,0.000460000010207295,"3",165.902404785156,-65.0822,18.1725,17.8911453364816,49,48,49,48,49,49,33,10056,1,18,-65,99999,99999,2026-05-31 21:44:46.002317,141.929992675781,1.0845,0,"aoml_apex",1025.70808866761
"5907206",5,21,2,70,1,21,1,0.000437999988207594,3,172.965603652954,1,1.9493267724796,151.660003662109,1,24.0102005004883,37.2495002746582,0.180000007152557,"3",0.0694050416350365,0.000437999988207594,"3",159.488800048828,-65.0822,18.1725,17.8911453364816,49,48,49,48,49,49,21,10056,1,18,-65,99999,99999,2026-05-31 21:44:46.002317,151.660003662109,1.0845,0,"aoml_apex",1025.99524524867
"5907206",5,14,2,63,1,14,1,0.000330000009853393,3,168.220485900879,1,1.94876936434504,161.669998168945,1,22.9288997650146,37.1567001342773,0.129600003361702,"3",0.046270027756691,0.000330000009853393,"3",155.113403320312,-65.0822,18.1725,17.8911453364816,49,48,49,48,49,49,14,10056,1,18,-65,99999,99999,2026-05-31 21:44:46.002317,161.669998168945,1.0845,0,"aoml_apex",1026.28871152856
"5907206",5,8,2,57,1,8,1,0.000330000009853393,3,166.996848999023,1,1.94839314076339,171.589996337891,1,22.1634006500244,37.0695991516113,0.0864000022411346,"3",0.0264400150626898,0.000330000009853393,"3",153.985107421875,-65.0822,18.1725,17.8911453364816,49,48,49,48,49,49,8,10056,1,18,-65,99999,99999,2026-05-31 21:44:46.002317,171.589996337891,1.0845,0,"aoml_apex",1026.48688201417
"5907206",5,10,2,59,1,10,1,0.000341000006301329,3,166.767474998474,1,1.94823006127239,181.839996337891,1,21.9244995117188,37.0346984863281,0.10080000013113,"3",0.0330500192940235,0.000341000006301329,"3",153.77360534668,-65.0822,18.1725,17.8911453364816,49,48,49,48,49,49,10,10056,1,18,-65,99999,99999,2026-05-31 21:44:46.002317,181.839996337891,1.0845,0,"aoml_apex",1026.57280562327
"5907206",5,6,2,55,1,6,1,0.000350999995134771,3,166.642966667175,1,1.94797792796522,191.860000610352,1,21.4344997406006,36.970401763916,0.0719999969005585,"3",0.0198300126940012,0.000350999995134771,"3",153.658798217773,-65.0822,18.1725,17.8911453364816,49,48,49,48,49,49,6,10056,1,18,-65,99999,99999,2026-05-31 21:44:46.002317,191.860000610352,1.0845,0,"aoml_apex",1026.70567837959
"5907206",5,3,2,52,1,3,1,0.000502999988384545,3,167.422947486877,1,1.94759596225717,201.570007324219,1,20.5786991119385,36.8680992126465,0.0504000000655651,"3",0.0099150063470006,0.000502999988384545,"3",154.378005981445,-65.0822,18.1725,17.8911453364816,49,48,49,48,49,49,3,10056,1,18,-65,99999,99999,2026-05-31 21:44:46.002317,201.570007324219,1.0845,0,"aoml_apex",1026.9070375778
"5907206",5,2,2,51,1,2,1,0.000296999991405755,3,167.879842094421,1,1.94745335375632,211.690002441406,1,20.4081001281738,36.8480987548828,0.0432000011205673,"3",0.00661000376567245,0.000296999991405755,"3",154.799301147461,-65.0822,18.1725,17.8911453364816,49,48,49,48,49,49,2,10056,1,18,-65,99999,99999,2026-05-31 21:44:46.002317,211.690002441406,1.0845,0,"aoml_apex",1026.98223613024
"5907206",5,1,2,50,1,1,1,0.000296999991405755,3,169.125603881836,1,1.94727903364458,221.539993286133,1,20.1079998016357,36.8059005737305,0.0359999984502792,"3",0.00330500188283622,0.000296999991405755,"3",155.947998046875,-65.0822,18.1725,17.8911453364816,49,48,49,48,49,49,1,10056,1,18,-65,99999,99999,2026-05-31 21:44:46.002317,221.539993286133,1.0845,0,"aoml_apex",1027.07417141792
"5907206",5,1,2,50,1,1,1,0.000265000009676442,3,172.238444549561,1,1.94701913923648,231.789993286133,1,19.5470008850098,36.7304000854492,0.0359999984502792,"3",0.00330500188283622,0.000265000009676442,"3",158.818298339844,-65.0822,18.1725,17.8911453364816,49,48,49,48,49,49,1,10056,1,18,-65,99999,99999,2026-05-31 21:44:46.002317,231.789993286133,1.0845,0,"aoml_apex",1027.21126859816
"5907206",5,1,2,50,1,1,1,0.000426999991759658,3,175.936808647156,1,1.94674654676322,240.970001220703,1,18.8563003540039,36.6290016174316,0.0359999984502792,"3",0.00330500188283622,0.000426999991759658,"3",162.228500366211,-65.0822,18.1725,17.8911453364816,49,48,49,48,49,49,1,10056,1,18,-65,99999,99999,2026-05-31 21:44:46.002317,240.970001220703,1.0845,0,"aoml_apex",1027.35510348038
"5907206",5,0,2,49,1,0,1,0.000264000002061948,3,176.592711387634,1,1.94660453504584,251.490005493164,1,18.6849994659424,36.6091003417969,0.0287999995052814,"3",0,0.000264000002061948,"3",162.833297729492,-65.0822,18.1725,17.8911453364816,49,48,49,48,49,49,0,10056,1,18,-65,99999,99999,2026-05-31 21:44:46.002317,251.490005493164,1.0845,0,"aoml_apex",1027.43005268551
"5907206",5,0,2,49,1,0,1,0.000296999991405755,3,176.206742179871,1,1.94646802791632,261.059997558594,1,18.4860000610352,36.5817985534668,0.0287999995052814,"3",0,0.000296999991405755,"3",162.477401733398,-65.0822,18.1725,17.8911453364816,49,48,49,48,49,49,0,10056,1,18,-65,99999,99999,2026-05-31 21:44:46.002317,261.059997558594,1.0845,0,"aoml_apex",1027.50210705541
"5907206",5,0,2,49,1,0,1,0.000361999991582707,3,175.585425086975,1,1.94635552272948,271.670013427734,1,18.3285999298096,36.5462989807129,0.0287999995052814,"3",0,0.000361999991582707,"3",161.904495239258,-65.0822,18.1725,17.8911453364816,49,48,49,48,49,49,0,10056,1,18,-65,99999,99999,2026-05-31 21:44:46.002317,271.670013427734,1.0845,0,"aoml_apex",1027.56149975894
"5907206",5,0,2,49,1,0,1,0.000296999991405755,3,175.230798088074,1,1.94627564910649,279.119995117188,1,18.252799987793,36.5336990356445,0.0287999995052814,"3",0,0.000296999991405755,"3",161.577499389648,-65.0822,18.1725,17.8911453364816,49,48,49,48,49,49,0,10056,1,18,-65,99999,99999,2026-05-31 21:44:46.002317,279.119995117188,1.0845,0,"aoml_apex",1027.60367007529
"5907206",5,0,2,50,1,1,1,0.000253000005614012,3,173.790794036865,1,1.94610590688805,291.760009765625,1,17.9845008850098,36.4897994995117,0.0359999984502792,"3",0.00330500188283622,0.000253000005614012,"3",160.249694824219,-65.0822,18.1725,17.8911453364816,49,48,49,48,49,49,0,10056,1,18,-65,99999,99999,2026-05-31 21:44:46.002317,291.760009765625,1.0845,0,"aoml_apex",1027.69329917822
"5907206",5,0,2,50,1,1,1,0.000274999998509884,3,171.997354454041,1,1.94599494519457,301.089996337891,1,17.8358001708984,36.4641990661621,0.0359999984502792,"3",0.00330500188283622,0.000274999998509884,"3",158.595993041992,-65.0822,18.1725,17.8911453364816,49,48,49,48,49,49,0,10056,1,18,-65,99999,99999,2026-05-31 21:44:46.002317,301.089996337891,1.0845,0,"aoml_apex",1027.75189881083
"5907206",5,0,2,49,1,0,1,0.00028599999495782,3,169.886173713684,1,1.94585329053475,311.130004882812,1,17.590799331665,36.4244995117188,0.0287999995052814,"3",0,0.00028599999495782,"3",156.649307250977,-65.0822,18.1725,17.8911453364816,49,48,49,48,49,49,0,10056,1,18,-65,99999,99999,2026-05-31 21:44:46.002317,311.130004882812,1.0845,0,"aoml_apex",1027.82671732172
"5907206",5,0,2,49,1,0,1,0.000274999998509884,3,166.731466209412,1,1.94570553296604,321.600006103516,1,17.3188991546631,36.3785018920898,0.0287999995052814,"3",0,0.000274999998509884,"3",153.74040222168,-65.0822,18.1725,17.8911453364816,49,48,49,48,49,49,0,10056,1,18,-65,99999,99999,2026-05-31 21:44:46.002317,321.600006103516,1.0845,0,"aoml_apex",1027.90477084741
"5907206",5,0,2,50,1,1,1,0.000284999987343326,3,164.23244631958,1,1.94558067612528,331.140014648438,1,17.0881996154785,36.3359985351562,0.0359999984502792,"3",0.00330500188283622,0.000284999987343326,"3",151.436096191406,-65.0822,18.1725,17.8911453364816,49,48,49,48,49,49,0,10056,1,18,-65,99999,99999,2026-05-31 21:44:46.002317,331.140014648438,1.0845,0,"aoml_apex",1027.97073621388
"5907206",5,0,2,49,1,0,1,0.000318000005790964,3,160.67149811554,1,1.94542418079683,341.429992675781,1,16.7926006317139,36.2910003662109,0.0287999995052814,"3",0,0.000318000005790964,"3",148.152603149414,-65.0822,18.1725,17.8911453364816,49,48,49,48,49,49,0,10056,1,18,-65,99999,99999,2026-05-31 21:44:46.002317,341.429992675781,1.0845,0,"aoml_apex",1028.05342903717
"5907206",5,0,2,50,1,1,1,0.000296000012895092,3,155.031869750977,1,1.94518846211912,351.5,1,16.0785007476807,36.1725997924805,0.0359999984502792,"3",0.00330500188283622,0.000296000012895092,"3",142.952392578125,-65.0822,18.1725,17.8911453364816,49,48,49,48,49,49,0,10056,1,18,-65,99999,99999,2026-05-31 21:44:46.002317,351.5,1.0845,0,"aoml_apex",1028.17800894273
"5907206",5,0,2,50,1,1,1,0.000241999994614162,3,152.495020774841,1,1.94507473474519,361.299987792969,1,15.8507995605469,36.125,0.0359999984502792,"3",0.00330500188283622,0.000241999994614162,"3",140.613204956055,-65.0822,18.1725,17.8911453364816,49,48,49,48,49,49,0,10056,1,18,-65,99999,99999,2026-05-31 21:44:46.002317,361.299987792969,1.0845,0,"aoml_apex",1028.23812590523
"5907206",5,0,2,50,1,1,1,0.000296000012895092,3,147.939031906128,1,1.94483468151593,381.339996337891,1,15.4411001205444,36.051399230957,0.0359999984502792,"3",0.00330500188283622,0.000296000012895092,"3",136.412200927734,-65.0822,18.1725,17.8911453364816,49,48,49,48,49,49,0,10056,1,18,-65,99999,99999,2026-05-31 21:44:46.002317,381.339996337891,1.0845,0,"aoml_apex",1028.36504254494
"5907206",5,0,2,50,1,1,1,0.00031699999817647,3,143.683342437744,1,1.94457155001258,401.179992675781,1,14.9512996673584,35.972900390625,0.0359999984502792,"3",0.00330500188283622,0.00031699999817647,"3",132.488098144531,-65.0822,18.1725,17.8911453364816,49,48,49,48,49,49,0,10056,1,18,-65,99999,99999,2026-05-31 21:44:46.002317,401.179992675781,1.0845,0,"aoml_apex",1028.50419671473
"5907206",5,0,2,50,1,1,1,0.000284000008832663,3,135.34809380722,4,1.94393687820026,451.459991455078,1,13.7681999206543,35.7799987792969,0.0359999984502792,"3",0.00330500188283622,0.000284000008832663,"3",124.802299499512,-65.0822,18.1725,17.8911453364816,49,48,49,48,49,49,0,10056,1,18,-65,99999,99999,2026-05-31 21:44:46.002317,451.459991455078,1.0845,0,"aoml_apex",1028.83999086002
"5907206",6,9,2,58,1,9,1,0.000722000026144087,3,194.450737472534,1,1.95459818229989,7.55999994277954,1,27.8978996276855,36.0205993652344,0.0935999974608421,"3",0.115675069391727,0.000722000026144087,"3",179.299896240234,-65.0709,18.1898,12.0269865928334,49,48,49,48,49,49,9,10056,1,18,-65,99999,99999,2026-06-01 09:46:50.001032,7.55999994277954,1.0845,0,"aoml_apex",1023.22821033563
"5907206",6,19,2,68,1,19,1,0.000711000000592321,3,192.850778938293,1,1.95448182638563,11.5200004577637,1,27.8728008270264,36.0680999755859,0.165600001811981,"3",0.115675069391727,0.000711000000592321,"3",177.824600219727,-65.0709,18.1898,12.0269865928334,49,48,49,48,49,49,19,10056,1,18,-65,99999,99999,2026-06-01 09:46:50.001032,11.5200004577637,1.0845,0,"aoml_apex",1023.28912604859
"5907206",6,19,2,68,1,19,1,0.000754999986384064,3,192.828107963562,1,1.95442342825403,16.9300003051758,1,27.8775005340576,36.0800018310547,0.165600001811981,"3",0.115675069391727,0.000754999986384064,"3",177.803695678711,-65.0709,18.1898,12.0269865928334,49,48,49,48,49,49,19,10056,1,18,-65,99999,99999,2026-06-01 09:46:50.001032,16.9300003051758,1.0845,0,"aoml_apex",1023.3197019065
"5907206",6,26,2,75,1,26,1,0.000775999971665442,3,192.91162651062,1,1.95433054548739,21.8299999237061,1,27.8568992614746,36.1077995300293,0.216000005602837,"3",0.115675069391727,0.000775999971665442,"3",177.880706787109,-65.0709,18.1898,12.0269865928334,49,48,49,48,49,49,26,10056,1,18,-65,99999,99999,2026-06-01 09:46:50.001032,21.8299999237061,1.0845,0,"aoml_apex",1023.36833685482
"5907206",6,25,2,74,1,25,1,0.000645999971311539,3,192.358851882935,1,1.95415195607942,26.9200000762939,1,27.7451992034912,36.154598236084,0.208800002932549,"3",0.115675069391727,0.000645999971311539,"3",177.371002197266,-65.0709,18.1898,12.0269865928334,49,48,49,48,49,49,25,10056,1,18,-65,99999,99999,2026-06-01 09:46:50.001032,26.9200000762939,1.0845,0,"aoml_apex",1023.4618622047
"5907206",6,38,4,87,1,38,1,0.000798000022768974,3,191.160699142456,1,1.95387795603907,31.4599990844727,1,27.5865001678467,36.2507019042969,0.30239999294281,"3",0.115675069391727,0.000798000022768974,"3",176.266204833984,-65.0709,18.1898,12.0269865928334,49,48,49,48,49,49,38,10056,1,18,-65,99999,99999,2026-06-01 09:46:50.001032,31.4599990844727,1.0845,0,"aoml_apex",1023.60538631309
"5907206",6,22,2,71,1,22,1,0.000655999989248812,3,196.97307371521,1,1.95315786453506,36.7000007629395,1,27.2033996582031,36.556999206543,0.187199994921684,"3",0.115675069391727,0.000655999989248812,"3",181.625701904297,-65.0709,18.1898,12.0269865928334,49,48,49,48,49,49,22,10056,1,18,-65,99999,99999,2026-06-01 09:46:50.001032,36.7000007629395,1.0845,0,"aoml_apex",1023.98276980857
"5907206",6,16,2,65,1,16,1,0.000547999981790781,3,199.468403366089,1,1.95263342190143,41.4700012207031,1,26.8943004608154,36.7626991271973,0.143999993801117,"3",0.115675069391727,0.000547999981790781,"3",183.926605224609,-65.0709,18.1898,12.0269865928334,49,48,49,48,49,49,16,10056,1,18,-65,99999,99999,2026-06-01 09:46:50.001032,41.4700012207031,1.0845,0,"aoml_apex",1024.25779338164
"5907206",6,17,2,66,1,17,1,0.00056900002527982,3,198.826698944092,1,1.95248449894475,46.8400001525879,1,26.8059005737305,36.7981986999512,0.151199996471405,"3",0.115675069391727,0.00056900002527982,"3",183.334899902344,-65.0709,18.1898,12.0269865928334,49,48,49,48,49,49,17,10056,1,18,-65,99999,99999,2026-06-01 09:46:50.001032,46.8400001525879,1.0845,0,"aoml_apex",1024.33591717677
"5907206",6,21,2,70,1,21,1,0.000557999999728054,3,197.99293661499,1,1.952411951912,51.9099998474121,1,26.7770004272461,36.8075981140137,0.180000007152557,"3",0.115675069391727,0.000557999999728054,"3",182.566101074219,-65.0709,18.1898,12.0269865928334,49,48,49,48,49,49,21,10056,1,18,-65,99999,99999,2026-06-01 09:46:50.001032,51.9099998474121,1.0845,0,"aoml_apex",1024.37397908848
"5907206",6,22,2,71,1,22,1,0.000557999999728054,3,197.900647544861,1,1.9523375016189,56.9500007629395,1,26.752799987793,36.820499420166,0.187199994921684,"3",0.115675069391727,0.000557999999728054,"3",182.481002807617,-65.0709,18.1898,12.0269865928334,49,48,49,48,49,49,22,10056,1,18,-65,99999,99999,2026-06-01 09:46:50.001032,56.9500007629395,1.0845,0,"aoml_apex",1024.41304248962
"5907206",6,23,2,72,1,23,1,0.000872000004164875,3,197.846303398132,1,1.95226587562174,61.8499984741211,1,26.7311000823975,36.8333015441895,0.194399997591972,"3",0.115675069391727,0.000872000004164875,"3",182.430892944336,-65.0709,18.1898,12.0269865928334,49,48,49,48,49,49,23,10056,1,18,-65,99999,99999,2026-06-01 09:46:50.001032,61.8499984741211,1.0845,0,"aoml_apex",1024.45062682001
"5907206",6,23,2,72,1,23,1,0.00052599998889491,3,197.99684197998,1,1.95213684271967,66.4800033569336,1,26.6506996154785,36.8627014160156,0.194399997591972,"3",0.115675069391727,0.00052599998889491,"3",182.569702148438,-65.0709,18.1898,12.0269865928334,49,48,49,48,49,49,23,10056,1,18,-65,99999,99999,2026-06-01 09:46:50.001032,66.4800033569336,1.0845,0,"aoml_apex",1024.51834125196
"5907206",6,26,2,75,1,26,1,0.000709999992977828,3,197.321528251648,1,1.95204063073484,71.7699966430664,1,26.6142997741699,36.8842010498047,0.216000005602837,"3",0.115675069391727,0.000709999992977828,"3",181.947006225586,-65.0709,18.1898,12.0269865928334,49,48,49,48,49,49,26,10056,1,18,-65,99999,99999,2026-06-01 09:46:50.001032,71.7699966430664,1.0845,0,"aoml_apex",1024.56883761026
"5907206",6,31,2,80,1,31,1,0.000579999992623925,3,196.219884361267,1,1.95191935634854,76.4300003051758,1,26.5485000610352,36.9142990112305,0.252000004053116,"3",0.115675069391727,0.000579999992623925,"3",180.931198120117,-65.0709,18.1898,12.0269865928334,49,48,49,48,49,49,31,10056,1,18,-65,99999,99999,2026-06-01 09:46:50.001032,76.4300003051758,1.0845,0,"aoml_apex",1024.63249493125
"5907206",6,30,2,79,1,30,1,0.00056900002527982,3,195.878926139832,1,1.9518585314181,81.8099975585938,1,26.5366992950439,36.9211006164551,0.244800001382828,"3",0.115675069391727,0.00056900002527982,"3",180.616806030273,-65.0709,18.1898,12.0269865928334,49,48,49,48,49,49,30,10056,1,18,-65,99999,99999,2026-06-01 09:46:50.001032,81.8099975585938,1.0845,0,"aoml_apex",1024.66442511432
"5907206",6,37,2,86,1,37,1,0.00056900002527982,3,195.305648345947,1,1.95178346996403,86.7399978637695,1,26.5102996826172,36.9342002868652,0.295199990272522,"3",0.115675069391727,0.00056900002527982,"3",180.088195800781,-65.0709,18.1898,12.0269865928334,49,48,49,48,49,49,37,10056,1,18,-65,99999,99999,2026-06-01 09:46:50.001032,86.7399978637695,1.0845,0,"aoml_apex",1024.7038315356
"5907206",6,35,2,84,1,35,1,0.000557999999728054,3,194.286447372437,1,1.95171604629209,91.7900009155273,1,26.4860000610352,36.9421997070312,0.280800014734268,"3",0.115675069391727,0.000557999999728054,"3",179.148406982422,-65.0709,18.1898,12.0269865928334,49,48,49,48,49,49,35,10056,1,18,-65,99999,99999,2026-06-01 09:46:50.001032,91.7900009155273,1.0845,0,"aoml_apex",1024.7392307911
"5907206",6,35,2,84,1,35,1,0.00052599998889491,3,193.433588470459,1,1.95155149327891,96.6100006103516,1,26.3959999084473,36.9914016723633,0.280800014734268,"3",0.115675069391727,0.00052599998889491,"3",178.361999511719,-65.0709,18.1898,12.0269865928334,49,48,49,48,49,49,35,10056,1,18,-65,99999,99999,2026-06-01 09:46:50.001032,96.6100006103516,1.0845,0,"aoml_apex",1024.82563585329
"5907206",6,37,2,86,1,37,1,0.000503999995999038,3,191.24550844574,1,1.95130307042478,101.699996948242,1,26.201000213623,37.0533981323242,0.295199990272522,"3",0.122285075485706,0.000503999995999038,"3",176.34440612793,-65.0709,18.1898,12.0269865928334,49,48,49,48,49,49,37,10056,1,18,-65,99999,99999,2026-06-01 09:46:50.001032,101.699996948242,1.0845,0,"aoml_apex",1024.95610769711
"5907206",6,32,2,81,1,32,1,0.000438999995822087,3,188.63912411499,1,1.95098907431307,111.599998474121,1,25.9533004760742,37.1120986938477,0.259200006723404,"3",0.105760060250759,0.000438999995822087,"3",173.941101074219,-65.0709,18.1898,12.0269865928334,49,48,49,48,49,49,32,10056,1,18,-65,99999,99999,2026-06-01 09:46:50.001032,111.599998474121,1.0845,0,"aoml_apex",1025.12106619776
"5907206",6,39,4,88,1,39,1,0.000460000010207295,3,186.852403083801,1,1.95068904939294,121.959999084473,1,25.7098007202148,37.1608009338379,0.309599995613098,"3",0.128895074129105,0.000460000010207295,"3",172.293594360352,-65.0709,18.1898,12.0269865928334,49,48,49,48,49,49,39,10056,1,18,-65,99999,99999,2026-06-01 09:46:50.001032,121.959999084473,1.0845,0,"aoml_apex",1025.27873451815
"5907206",6,31,2,80,1,31,1,0.00044900001375936,3,187.41363381958,1,1.950230904047,131.889999389648,1,25.3290004730225,37.265998840332,0.252000004053116,"3",0.10245505720377,0.00044900001375936,"3",172.811096191406,-65.0709,18.1898,12.0269865928334,49,48,49,48,49,49,31,10056,1,18,-65,99999,99999,2026-06-01 09:46:50.001032,131.889999389648,1.0845,0,"aoml_apex",1025.5195914749
"5907206",6,30,2,79,1,30,1,0.000426999991759658,3,183.458789840698,1,1.94998072146512,141.399993896484,1,25.0615005493164,37.2765007019043,0.244800001382828,"3",0.0991500541567802,0.000426999991759658,"3",169.164398193359,-65.0709,18.1898,12.0269865928334,49,48,49,48,49,49,30,10056,1,18,-65,99999,99999,2026-06-01 09:46:50.001032,141.399993896484,1.0845,0,"aoml_apex",1025.65116566758
"5907206",6,18,2,67,1,18,1,0.000395000010030344,3,174.469367752075,1,1.94940336764813,151.910003662109,1,24.1508007049561,37.2508010864258,0.158399999141693,"3",0.0594900362193584,0.000395000010030344,"3",160.875396728516,-65.0709,18.1898,12.0269865928334,49,48,49,48,49,49,18,10056,1,18,-65,99999,99999,2026-06-01 09:46:50.001032,151.910003662109,1.0845,0,"aoml_apex",1025.95493225854
"5907206",6,18,2,67,1,18,1,0.000395000010030344,3,170.519736442566,1,1.9491967619029,161.429992675781,1,23.8803005218506,37.2328987121582,0.158399999141693,"3",0.0594900362193584,0.000395000010030344,"3",157.233505249023,-65.0709,18.1898,12.0269865928334,49,48,49,48,49,49,18,10056,1,18,-65,99999,99999,2026-06-01 09:46:50.001032,161.429992675781,1.0845,0,"aoml_apex",1026.06367868552
"5907206",6,13,2,62,1,13,1,0.000352000002749264,3,167.805557418823,1,1.94862943019104,171.649993896484,1,22.784200668335,37.1414985656738,0.122400000691414,"3",0.0429650247097015,0.000352000002749264,"3",154.730804443359,-65.0709,18.1898,12.0269865928334,49,48,49,48,49,49,13,10056,1,18,-65,99999,99999,2026-06-01 09:46:50.001032,171.649993896484,1.0845,0,"aoml_apex",1026.36241094025
"5907206",6,7,2,56,1,7,1,0.000296999991405755,3,166.022642463684,1,1.94819801746741,181.809997558594,1,21.8269004821777,37.0205993652344,0.0791999995708466,"3",0.0231350138783455,0.000296999991405755,"3",153.086807250977,-65.0709,18.1898,12.0269865928334,49,48,49,48,49,49,7,10056,1,18,-65,99999,99999,2026-06-01 09:46:50.001032,181.809997558594,1.0845,0,"aoml_apex",1026.58969061057
"5907206",6,2,2,51,1,2,1,0.000296999991405755,3,167.545701713562,1,1.94763213793137,191.610000610352,1,20.4601001739502,36.8572006225586,0.0432000011205673,"3",0.00661000376567245,0.000296999991405755,"3",154.491195678711,-65.0709,18.1898,12.0269865928334,49,48,49,48,49,49,2,10056,1,18,-65,99999,99999,2026-06-01 09:46:50.001032,191.610000610352,1.0845,0,"aoml_apex",1026.88796361938
"5907206",6,1,2,50,1,1,1,0.000296999991405755,3,170.166516036987,1,1.94736094036638,201.449996948242,1,19.8840999603271,36.7845993041992,0.0359999984502792,"3",0.00330500188283622,0.000296999991405755,"3",156.907806396484,-65.0709,18.1898,12.0269865928334,49,48,49,48,49,49,1,10056,1,18,-65,99999,99999,2026-06-01 09:46:50.001032,201.449996948242,1.0845,0,"aoml_apex",1027.03097229819
"5907206",6,1,2,50,1,1,1,0.00028599999495782,3,171.542842781067,1,1.94720720622473,211.389999389648,1,19.6317005157471,36.7459983825684,0.0359999984502792,"3",0.00330500188283622,0.00028599999495782,"3",158.176895141602,-65.0709,18.1898,12.0269865928334,49,48,49,48,49,49,1,10056,1,18,-65,99999,99999,2026-06-01 09:46:50.001032,211.389999389648,1.0845,0,"aoml_apex",1027.11205751833
"5907206",6,0,2,49,1,0,1,0.00028599999495782,3,173.987634361267,1,1.94702933982768,221.429992675781,1,19.317699432373,36.7028999328613,0.0287999995052814,"3",0,0.00028599999495782,"3",160.431198120117,-65.0709,18.1898,12.0269865928334,49,48,49,48,49,49,0,10056,1,18,-65,99999,99999,2026-06-01 09:46:50.001032,221.429992675781,1.0845,0,"aoml_apex",1027.2058869832
"5907206",6,0,2,50,1,1,1,0.000307999987853691,3,175.657657791138,1,1.94685233255321,228.789993286133,1,18.8983001708984,36.6395988464355,0.0359999984502792,"3",0.00330500188283622,0.000307999987853691,"3",161.971099853516,-65.0709,18.1898,12.0269865928334,49,48,49,48,49,49,0,10056,1,18,-65,99999,99999,2026-06-01 09:46:50.001032,228.789993286133,1.0845,0,"aoml_apex",1027.29928025773
"5907206",6,0,2,49,1,0,1,0.000296999991405755,3,175.978890609741,1,1.94663932945802,241.479995727539,1,18.4738006591797,36.5709991455078,0.0287999995052814,"3",0,0.000296999991405755,"3",162.267303466797,-65.0709,18.1898,12.0269865928334,49,48,49,48,49,49,0,10056,1,18,-65,99999,99999,2026-06-01 09:46:50.001032,241.479995727539,1.0845,0,"aoml_apex",1027.41168830532
"5907206",6,0,2,49,1,0,1,0.000329000002238899,3,175.307697372437,1,1.9465294718809,251.429992675781,1,18.3556995391846,36.5505981445312,0.0287999995052814,"3",0,0.000329000002238899,"3",161.648406982422,-65.0709,18.1898,12.0269865928334,49,48,49,48,49,49,0,10056,1,18,-65,99999,99999,2026-06-01 09:46:50.001032,251.429992675781,1.0845,0,"aoml_apex",1027.46967302141
"5907206",7,0,4,54,1,5,1,99999,4,196.021637443542,1,1.95473190249536,6.8600001335144,1,28.0965995788574,36.0181999206543,0.064800001680851,"3",0.0892350524663925,0.000624999986030161,"4",180.748397827148,-65.0758,18.1973,99999,49,48,49,48,49,49,0,10056,1,18,-65,99999,99999,2026-06-01 21:03:07.002257,6.8600001335144,1.0845,0,"aoml_apex",1023.15821287147
"5907206",7,0,4,58,1,9,1,99999,4,196.147982620239,1,1.95465519790829,10.4700002670288,1,28.035400390625,36.024299621582,0.0935999974608421,"3",0.0892350524663925,0.000646999978926033,"4",180.864898681641,-65.0758,18.1973,99999,49,48,49,48,49,49,0,10056,1,18,-65,99999,99999,2026-06-01 21:03:07.002257,10.4700002670288,1.0845,0,"aoml_apex",1023.19836365014
"5907206",7,0,4,58,1,9,1,99999,4,195.839011985779,1,1.95458964597727,15,1,28.0046005249023,36.0307006835938,0.0935999974608421,"3",0.0892350524663925,0.000656999996863306,"4",180.580001831055,-65.0758,18.1973,99999,49,48,49,48,49,49,0,10056,1,18,-65,99999,99999,2026-06-01 21:03:07.002257,15,1.0845,0,"aoml_apex",1023.23267910284
"5907206",7,0,4,61,1,12,1,99999,4,195.291764442444,1,1.95452224998653,20.4899997711182,1,27.9899997711182,36.0400009155273,0.115199998021126,"3",0.0892350524663925,0.000668000022415072,"4",180.075393676758,-65.0758,18.1973,99999,49,48,49,48,49,49,0,10056,1,18,-65,99999,99999,2026-06-01 21:03:07.002257,20.4899997711182,1.0845,0,"aoml_apex",1023.26796229297
"5907206",7,0,4,69,1,20,1,99999,4,194.145457077026,1,1.95442083155475,26.1599998474121,1,27.9342002868652,36.0540008544922,0.172800004482269,"3",0.0892350524663925,0.000700999982655048,"4",179.018402099609,-65.0758,18.1973,99999,49,48,49,48,49,49,0,10056,1,18,-65,99999,99999,2026-06-01 21:03:07.002257,26.1599998474121,1.0845,0,"aoml_apex",1023.32106151826
"5907206",7,0,4,76,1,27,1,99999,4,191.692093551636,1,1.9543498971482,30.8099994659424,1,27.9213008880615,36.0713005065918,0.223199993371964,"3",0.0892350524663925,0.00085200002649799,"4",176.756195068359,-65.0758,18.1973,99999,49,48,49,48,49,49,0,10056,1,18,-65,99999,99999,2026-06-01 21:03:07.002257,30.8099994659424,1.0845,0,"aoml_apex",1023.35820362485
"5907206",7,0,4,90,1,41,1,99999,4,192.462641921997,1,1.95402069040665,36.2200012207031,1,27.7462005615234,36.1935005187988,0.324000000953674,"3",0.135505080223083,0.000841000000946224,"4",177.466705322266,-65.0758,18.1973,99999,49,48,49,48,49,49,0,10056,1,18,-65,99999,99999,2026-06-01 21:03:07.002257,36.2200012207031,1.0845,0,"aoml_apex",1023.53061552474
"5907206",14,0,4,141,4,92,4,99999,4,265.277477142334,1,1.9561537315352,25.9099998474121,1,29.1354999542236,35.3796997070312,0.691200017929077,"3",13.4877128601074,0.0029509998857975,"4",244.608093261719,-65.0841,18.1973,99999,49,48,49,48,49,49,0,10056,1,18,-65,99999,99999,2026-08-13 17:16:25.001847,25.9099998474121,1.0845,0,"aoml_apex",1022.41453100436
"5907206",14,0,4,134,4,85,4,99999,4,232.276580337524,1,1.95585471798577,31.6700000762939,1,29.110200881958,35.5438003540039,0.640799999237061,"3",13.4877128601074,0.00285400007851422,"4",214.178497314453,-65.0841,18.1973,99999,49,48,49,48,49,49,0,10056,1,18,-65,99999,99999,2026-08-13 17:16:25.001847,31.6700000762939,1.0845,0,"aoml_apex",1022.57083903435
"5907206",14,0,4,132,4,83,4,99999,4,237.089264213562,1,1.95532182991394,35.439998626709,1,28.9692993164062,35.8305015563965,0.626399993896484,"3",13.4877128601074,0.00307999993674457,"4",218.616195678711,-65.0841,18.1973,99999,49,48,49,48,49,49,0,10056,1,18,-65,99999,99999,2026-08-13 17:16:25.001847,35.439998626709,1.0845,0,"aoml_apex",1022.84952246865
"5907206",14,0,4,4130,4,4081,4,99999,4,207.365614013672,4,1.95488199516676,42.0099983215332,1,28.8448009490967,36.0439987182617,29.4120006561279,"3",13.4877128601074,0.0437530018389225,"4",191.20849609375,-65.0841,18.1973,99999,49,48,49,48,49,49,0,10056,1,18,-65,99999,99999,2026-08-13 17:16:25.001847,42.0099983215332,1.0845,0,"aoml_apex",1023.07965644207
"5907206",15,0,4,91,1,42,1,99999,4,173.581062698364,1,1.95617224537313,4.44000005722046,1,29.353099822998,35.5866012573242,0.331200003623962,"3",0.138810083270073,0.0035890000872314,"4",160.056304931641,-65.1856,18.2579,99999,49,48,49,48,49,49,0,10056,1,18,-65,99999,99999,2026-08-24 04:22:04.000461,4.44000005722046,1.0845,0,"aoml_apex",1022.40485454721
"5907206",15,0,4,156,4,107,4,99999,4,155.754147148132,1,1.95591890860974,14.5799999237061,1,29.2996997833252,35.6813011169434,0.799199998378754,"3",0.353635191917419,0.00230200006626546,"4",143.618392944336,-65.1856,18.2579,99999,49,48,49,48,49,49,0,10056,1,18,-65,99999,99999,2026-08-24 04:22:04.000461,14.5799999237061,1.0845,0,"aoml_apex",1022.53727963681
"5907206",15,0,4,148,4,99,4,99999,4,151.573950370789,4,1.95579986449733,27.5400009155273,1,29.2964000701904,35.6889991760254,0.741599977016449,"3",0.327195167541504,0.00219399994239211,"4",139.763900756836,-65.1856,18.2579,99999,49,48,49,48,49,49,0,10056,1,18,-65,99999,99999,2026-08-24 04:22:04.000461,27.5400009155273,1.0845,0,"aoml_apex",1022.59951864453
