"FLOAT_NUM","CYCLE_NUMBER","CHLA_FINAL","CHLA_FINAL_QC","CHLA_FLUORESCENCE","CHLA_FLUORESCENCE_QC","CHLA_FLUORESCENCE_ADJUSTED","CHLA_FLUORESCENCE_ADJUSTED_QC","DOXY_FINAL","DOXY_FINAL_QC","PRES","CHLA","CHLA_ADJUSTED","DOXY","LONGITUDE","LATITUDE","MLD","MIN_FLUOCHLA_CYCLE1","MIN_FLUOCHLA_CYCLE2","MIN_FLUOCHLA_CYCLE3","MIN_FLUOCHLA_CYCLE4","MIN_FLUOCHLA_CYCLE5","MEDIAN_FIRST5","CHLA_NOLUT","NEAREST_INDICES","PHYSIO_RATIO","MATCHED_LAT","MATCHED_LON","SCALE_CHLA","DARK_CHLA","DATE_TIME","DOXY_SLOPE","DOXY_DRIFT"
"1902800",1,0.0146,5,0.0511,1,0.0146,1,198.524576499939,1,7.96000003814697,0.0511000007390976,0.120632573962212,183.564102172852,-65.015,18.1502,13.9154872048534,52,52,52,52,53,52,0.0146,10056,1,18,-65,0.0073,47,2026-05-29 19:20:28.002068,1.0815,0
"1902800",1,0.0292,5,0.0657,1,0.0292,1,198.875846168518,1,11.9899997711182,0.065700002014637,0.120632573962212,183.888900756836,-65.015,18.1502,13.9154872048534,52,52,52,52,53,52,0.0292,10056,1,18,-65,0.0073,47,2026-05-29 19:20:28.002068,1.0815,0
"1902800",1,0.0511,2,0.0876,1,0.0511,1,198.874988044739,1,16.6900005340576,0.0876000002026558,0.120632573962212,183.888107299805,-65.015,18.1502,13.9154872048534,52,52,52,52,53,52,0.0511,10056,1,18,-65,0.0073,47,2026-05-29 19:20:28.002068,1.0815,0
"1902800",1,0.0511,2,0.0876,1,0.0511,1,198.883305244446,1,21.5799999237061,0.0876000002026558,0.120632573962212,183.895797729492,-65.015,18.1502,13.9154872048534,52,52,52,52,53,52,0.0511,10056,1,18,-65,0.0073,47,2026-05-29 19:20:28.002068,1.0815,0
"1902800",1,0.073,2,0.1095,1,0.073,1,198.941608154297,1,25.25,0.109499998390675,0.120632573962212,183.94970703125,-65.015,18.1502,13.9154872048534,52,52,52,52,53,52,0.073,10056,1,18,-65,0.0073,47,2026-05-29 19:20:28.002068,1.0815,0
"1902800",1,0.0803,2,0.1168,1,0.0803,1,198.806519668579,1,31.5699996948242,0.116800002753735,0.120632573962212,183.824798583984,-65.015,18.1502,13.9154872048534,52,52,52,52,53,52,0.0803,10056,1,18,-65,0.0073,47,2026-05-29 19:20:28.002068,1.0815,0
"1902800",1,0.1022,2,0.1387,1,0.1022,1,198.873139778137,1,36.8899993896484,0.138699993491173,0.120632573962212,183.88639831543,-65.015,18.1502,13.9154872048534,52,52,52,52,53,52,0.1022,10056,1,18,-65,0.0073,47,2026-05-29 19:20:28.002068,1.0815,0
"1902800",1,0.146,2,0.1825,1,0.146,1,197.939913665771,1,41.9000015258789,0.182500004768372,0.120632573962212,183.023498535156,-65.015,18.1502,13.9154872048534,52,52,52,52,53,52,0.146,10056,1,18,-65,0.0073,47,2026-05-29 19:20:28.002068,1.0815,0
"1902800",1,0.1898,2,0.2263,1,0.1898,1,198.185419578552,1,46.7700004577637,0.226300001144409,0.120632573962212,183.250503540039,-65.015,18.1502,13.9154872048534,52,52,52,52,53,52,0.1898,10056,1,18,-65,0.0073,47,2026-05-29 19:20:28.002068,1.0815,0
"1902800",1,0.1533,2,0.1898,1,0.1533,1,200.635660011291,1,51.7799987792969,0.18979999423027,0.120632573962212,185.516098022461,-65.015,18.1502,13.9154872048534,52,52,52,52,53,52,0.1533,10056,1,18,-65,0.0073,47,2026-05-29 19:20:28.002068,1.0815,0
"1902800",1,0.1022,2,0.1387,1,0.1022,1,202.674826148987,1,56.7200012207031,0.138699993491173,0.120632573962212,187.401596069336,-65.015,18.1502,13.9154872048534,52,52,52,52,53,52,0.1022,10056,1,18,-65,0.0073,47,2026-05-29 19:20:28.002068,1.0815,0
"1902800",1,0.1095,2,0.146,1,0.1095,1,202.460047668457,1,61.7099990844727,0.145999997854233,0.120632573962212,187.203002929688,-65.015,18.1502,13.9154872048534,52,52,52,52,53,52,0.1095,10056,1,18,-65,0.0073,47,2026-05-29 19:20:28.002068,1.0815,0
"1902800",1,0.1241,2,0.1606,1,0.1241,1,201.585982589722,1,66.9700012207031,0.160600006580353,0.120632573962212,186.394805908203,-65.015,18.1502,13.9154872048534,52,52,52,52,53,52,0.1241,10056,1,18,-65,0.0073,47,2026-05-29 19:20:28.002068,1.0815,0
"1902800",1,0.1314,2,0.1679,1,0.1314,1,201.30976574707,1,71.8099975585938,0.167899996042252,0.120632573962212,186.139404296875,-65.015,18.1502,13.9154872048534,52,52,52,52,53,52,0.1314,10056,1,18,-65,0.0073,47,2026-05-29 19:20:28.002068,1.0815,0
"1902800",1,0.1606,2,0.1971,1,0.1606,1,200.364096839905,1,76.620002746582,0.19709999859333,0.120632573962212,185.264999389648,-65.015,18.1502,13.9154872048534,52,52,52,52,53,52,0.1606,10056,1,18,-65,0.0073,47,2026-05-29 19:20:28.002068,1.0815,0
"1902800",1,0.2336,2,0.2701,1,0.2336,1,199.311145957947,1,81.7399978637695,0.270099997520447,0.120632573962212,184.291397094727,-65.015,18.1502,13.9154872048534,52,52,52,52,53,52,0.2336,10056,1,18,-65,0.0073,47,2026-05-29 19:20:28.002068,1.0815,0
"1902800",1,0.2263,2,0.2628,1,0.2263,1,197.988793716431,1,86.8600006103516,0.262800008058548,0.120632573962212,183.068695068359,-65.015,18.1502,13.9154872048534,52,52,52,52,53,52,0.2263,10056,1,18,-65,0.0073,47,2026-05-29 19:20:28.002068,1.0815,0
"1902800",1,0.2555,2,0.292,1,0.2555,1,195.613606109619,1,91.7300033569336,0.291999995708466,0.120632573962212,180.872497558594,-65.015,18.1502,13.9154872048534,52,52,52,52,53,52,0.2555,10056,1,18,-65,0.0073,47,2026-05-29 19:20:28.002068,1.0815,0
"1902800",1,0.3212,2,0.3577,1,0.3212,1,193.785983985901,1,96.9000015258789,0.357699990272522,0.150790706276894,179.182601928711,-65.015,18.1502,13.9154872048534,52,52,52,52,53,52,0.3212,10056,1,18,-65,0.0073,47,2026-05-29 19:20:28.002068,1.0815,0
"1902800",1,0.3796,2,0.4161,1,0.3796,1,191.119875915527,1,101.620002746582,0.41609999537468,0.17759795486927,176.717407226562,-65.015,18.1502,13.9154872048534,52,52,52,52,53,52,0.3796,10056,1,18,-65,0.0073,47,2026-05-29 19:20:28.002068,1.0815,0
"1902800",1,0.2555,2,0.292,1,0.2555,1,186.782621292114,1,111.879997253418,0.291999995708466,0.120632573962212,172.707000732422,-65.015,18.1502,13.9154872048534,52,52,52,52,53,52,0.2555,10056,1,18,-65,0.0073,47,2026-05-29 19:20:28.002068,1.0815,0
"1902800",1,0.2117,2,0.2482,1,0.2117,1,182.499444969177,1,121.5,0.248199999332428,0.10052714496851,168.746597290039,-65.015,18.1502,13.9154872048534,52,52,52,52,53,52,0.2117,10056,1,18,-65,0.0073,47,2026-05-29 19:20:28.002068,1.0815,0
"1902800",1,0.1679,2,0.2044,1,0.1679,1,179.684947494507,1,131.710006713867,0.20440000295639,0.0804217159748077,166.144195556641,-65.015,18.1502,13.9154872048534,52,52,52,52,53,52,0.1679,10056,1,18,-65,0.0073,47,2026-05-29 19:20:28.002068,1.0815,0
"1902800",1,0.1314,2,0.1679,1,0.1314,1,175.182669067383,1,141.649993896484,0.167899996042252,0.0636671930551529,161.981201171875,-65.015,18.1502,13.9154872048534,52,52,52,52,53,52,0.1314,10056,1,18,-65,0.0073,47,2026-05-29 19:20:28.002068,1.0815,0
"1902800",1,0.0949,2,0.1314,1,0.0949,1,171.84689440155,1,151.5,0.131400004029274,0.0469126664102077,158.89680480957,-65.015,18.1502,13.9154872048534,52,52,52,52,53,52,0.0949,10056,1,18,-65,0.0073,47,2026-05-29 19:20:28.002068,1.0815,0
"1902800",1,0.0803,2,0.1168,1,0.0803,1,170.342636421204,1,161.869995117188,0.116800002753735,0.0402108579874039,157.505905151367,-65.015,18.1502,13.9154872048534,52,52,52,52,53,52,0.0803,10056,1,18,-65,0.0073,47,2026-05-29 19:20:28.002068,1.0815,0
"1902800",1,0.0511,2,0.0876,1,0.0511,1,168.993467811584,1,171.699996948242,0.0876000002026558,0.0268072374165058,156.258407592773,-65.015,18.1502,13.9154872048534,52,52,52,52,53,52,0.0511,10056,1,18,-65,0.0073,47,2026-05-29 19:20:28.002068,1.0815,0
"1902800",1,0.0219,2,0.0584,1,0.0219,1,167.981937904358,1,181.570007324219,0.0584000013768673,0.0134036187082529,155.323104858398,-65.015,18.1502,13.9154872048534,52,52,52,52,53,52,0.0219,10056,1,18,-65,0.0073,47,2026-05-29 19:20:28.002068,1.0815,0
"1902800",1,0.0146,2,0.0511,1,0.0146,1,169.184235328674,1,191.5,0.0511000007390976,0.010052714496851,156.434799194336,-65.015,18.1502,13.9154872048534,52,52,52,52,53,52,0.0146,10056,1,18,-65,0.0073,47,2026-05-29 19:20:28.002068,1.0815,0
"1902800",1,0,2,0.0365,1,0,1,170.990981941223,1,201.600006103516,0.0364999994635582,0.00335090467706323,158.105392456055,-65.015,18.1502,13.9154872048534,52,52,52,52,53,52,0,10056,1,18,-65,0.0073,47,2026-05-29 19:20:28.002068,1.0815,0
"1902800",1,0.0146,2,0.0511,1,0.0146,1,171.600200317383,1,210.990005493164,0.0511000007390976,0.010052714496851,158.668701171875,-65.015,18.1502,13.9154872048534,52,52,52,52,53,52,0.0146,10056,1,18,-65,0.0073,47,2026-05-29 19:20:28.002068,1.0815,0
"1902800",1,0,2,0.0292,1,-0.0073,1,173.208819351196,1,220.720001220703,0.0292000006884336,0,160.156097412109,-65.015,18.1502,13.9154872048534,52,52,52,52,53,52,0,10056,1,18,-65,0.0073,47,2026-05-29 19:20:28.002068,1.0815,0
"1902800",1,0,2,0.0219,1,-0.0146,1,176.609811424255,1,231.570007324219,0.0219000000506639,-0.00335090467706323,163.300796508789,-65.015,18.1502,13.9154872048534,52,52,52,52,53,52,0,10056,1,18,-65,0.0073,47,2026-05-29 19:20:28.002068,1.0815,0
"1902800",1,0,2,0.0219,1,-0.0146,1,178.939155418396,1,241.210006713867,0.0219000000506639,-0.00335090467706323,165.454605102539,-65.015,18.1502,13.9154872048534,52,52,52,52,53,52,0,10056,1,18,-65,0.0073,47,2026-05-29 19:20:28.002068,1.0815,0
"1902800",1,0,2,0.0292,1,-0.0073,1,179.469079856873,1,251.830001831055,0.0292000006884336,0,165.944595336914,-65.015,18.1502,13.9154872048534,52,52,52,52,53,52,0,10056,1,18,-65,0.0073,47,2026-05-29 19:20:28.002068,1.0815,0
"1902800",1,0,2,0.0292,1,-0.0073,1,179.475796325684,1,261.589996337891,0.0292000006884336,0,165.950805664062,-65.015,18.1502,13.9154872048534,52,52,52,52,53,52,0,10056,1,18,-65,0.0073,47,2026-05-29 19:20:28.002068,1.0815,0
"1902800",1,0,2,0.0365,1,0,1,180.256309410095,1,271.779998779297,0.0364999994635582,0.00335090467706323,166.672500610352,-65.015,18.1502,13.9154872048534,52,52,52,52,53,52,0,10056,1,18,-65,0.0073,47,2026-05-29 19:20:28.002068,1.0815,0
"1902800",1,0,2,0.0292,1,-0.0073,1,179.977171646118,1,281.339996337891,0.0292000006884336,0,166.414398193359,-65.015,18.1502,13.9154872048534,52,52,52,52,53,52,0,10056,1,18,-65,0.0073,47,2026-05-29 19:20:28.002068,1.0815,0
"1902800",1,0,2,0.0292,1,-0.0073,1,177.035820373535,1,291.279998779297,0.0292000006884336,0,163.694702148438,-65.015,18.1502,13.9154872048534,52,52,52,52,53,52,0,10056,1,18,-65,0.0073,47,2026-05-29 19:20:28.002068,1.0815,0
"1902800",1,0,2,0.0292,1,-0.0073,1,173.551227241516,1,301.779998779297,0.0292000006884336,0,160.472702026367,-65.015,18.1502,13.9154872048534,52,52,52,52,53,52,0,10056,1,18,-65,0.0073,47,2026-05-29 19:20:28.002068,1.0815,0
"1902800",1,0,2,0.0365,1,0,1,171.891764373779,1,311.630004882812,0.0364999994635582,0.00335090467706323,158.938293457031,-65.015,18.1502,13.9154872048534,52,52,52,52,53,52,0,10056,1,18,-65,0.0073,47,2026-05-29 19:20:28.002068,1.0815,0
"1902800",1,0,2,0.0292,1,-0.0073,1,169.522534126282,1,321.730010986328,0.0292000006884336,0,156.747604370117,-65.015,18.1502,13.9154872048534,52,52,52,52,53,52,0,10056,1,18,-65,0.0073,47,2026-05-29 19:20:28.002068,1.0815,0
"1902800",1,0,2,0.0292,1,-0.0073,1,167.838746749878,1,330.910003662109,0.0292000006884336,0,155.190704345703,-65.015,18.1502,13.9154872048534,52,52,52,52,53,52,0,10056,1,18,-65,0.0073,47,2026-05-29 19:20:28.002068,1.0815,0
"1902800",1,0,2,0.0292,1,-0.0073,1,167.704631904602,1,341.350006103516,0.0292000006884336,0,155.066696166992,-65.015,18.1502,13.9154872048534,52,52,52,52,53,52,0,10056,1,18,-65,0.0073,47,2026-05-29 19:20:28.002068,1.0815,0
"1902800",1,0,2,0.0292,1,-0.0073,1,165.901449806213,1,351.200012207031,0.0292000006884336,0,153.399398803711,-65.015,18.1502,13.9154872048534,52,52,52,52,53,52,0,10056,1,18,-65,0.0073,47,2026-05-29 19:20:28.002068,1.0815,0
"1902800",1,0,2,0.0292,1,-0.0073,1,163.647818733215,1,361.230010986328,0.0292000006884336,0,151.31559753418,-65.015,18.1502,13.9154872048534,52,52,52,52,53,52,0,10056,1,18,-65,0.0073,47,2026-05-29 19:20:28.002068,1.0815,0
"1902800",1,0,2,0.0292,1,-0.0073,1,153.686981941223,1,381.880004882812,0.0292000006884336,0,142.105392456055,-65.015,18.1502,13.9154872048534,52,52,52,52,53,52,0,10056,1,18,-65,0.0073,47,2026-05-29 19:20:28.002068,1.0815,0
"1902800",1,0,2,0.0292,1,-0.0073,1,149.757352615356,4,401.649993896484,0.0292000006884336,0,138.471893310547,-65.015,18.1502,13.9154872048534,52,52,52,52,53,52,0,10056,1,18,-65,0.0073,47,2026-05-29 19:20:28.002068,1.0815,0
"1902800",2,0.0365,2,0.073,1,0.0365,1,197.564847564697,1,7.90000009536743,0.0729999989271164,0.0335090458393097,182.676696777344,-65.0226,18.1487,31.8054420927255,52,52,52,52,53,52,0.0365,10056,1,18,-65,0.0073,47,2026-05-30 07:58:24.000835,1.0815,0
"1902800",2,0.0438,2,0.0803,1,0.0438,1,197.620757629395,1,11.5299997329712,0.0803000032901764,0.0368599519133568,182.728393554688,-65.0226,18.1487,31.8054420927255,52,52,52,52,53,52,0.0438,10056,1,18,-65,0.0073,47,2026-05-30 07:58:24.000835,1.0815,0
"1902800",2,0.0438,2,0.0803,1,0.0438,1,197.73572971344,1,16.8600006103516,0.0803000032901764,0.0368599519133568,182.834701538086,-65.0226,18.1487,31.8054420927255,52,52,52,52,53,52,0.0438,10056,1,18,-65,0.0073,47,2026-05-30 07:58:24.000835,1.0815,0
"1902800",2,0.0365,2,0.073,1,0.0365,1,197.786012466431,1,21.3999996185303,0.0729999989271164,0.0335090458393097,182.881195068359,-65.0226,18.1487,31.8054420927255,52,52,52,52,53,52,0.0365,10056,1,18,-65,0.0073,47,2026-05-30 07:58:24.000835,1.0815,0
"1902800",2,0.0438,2,0.0803,1,0.0438,1,197.903146362305,1,26.5400009155273,0.0803000032901764,0.0368599519133568,182.989501953125,-65.0226,18.1487,31.8054420927255,52,52,52,52,53,52,0.0438,10056,1,18,-65,0.0073,47,2026-05-30 07:58:24.000835,1.0815,0
"1902800",2,0.0511,2,0.0876,1,0.0511,1,198.118799468994,1,31.8999996185303,0.0876000002026558,0.0402108579874039,183.188903808594,-65.0226,18.1487,31.8054420927255,52,52,52,52,53,52,0.0511,10056,1,18,-65,0.0073,47,2026-05-30 07:58:24.000835,1.0815,0
"1902800",2,0.0584,2,0.0949,1,0.0584,1,198.201954963684,1,36.6199989318848,0.0948999971151352,0.043561764061451,183.26579284668,-65.0226,18.1487,31.8054420927255,52,52,52,52,53,52,0.0584,10056,1,18,-65,0.0073,47,2026-05-30 07:58:24.000835,1.0815,0
"1902800",2,0.1241,2,0.1606,1,0.1241,1,197.244948921204,1,41.9700012207031,0.160600006580353,0.0737199038267136,182.380905151367,-65.0226,18.1487,31.8054420927255,52,52,52,52,53,52,0.1241,10056,1,18,-65,0.0073,47,2026-05-30 07:58:24.000835,1.0815,0
"1902800",2,0.1314,2,0.1679,1,0.1314,1,198.314435188293,1,46.8400001525879,0.167899996042252,0.0770708099007607,183.36979675293,-65.0226,18.1487,31.8054420927255,52,52,52,52,53,52,0.1314,10056,1,18,-65,0.0073,47,2026-05-30 07:58:24.000835,1.0815,0
"1902800",2,0.146,2,0.1825,1,0.146,1,201.212863769531,1,51.9300003051758,0.182500004768372,0.0837726220488548,186.0498046875,-65.0226,18.1487,31.8054420927255,52,52,52,52,53,52,0.146,10056,1,18,-65,0.0073,47,2026-05-30 07:58:24.000835,1.0815,0
"1902800",2,0.0876,2,0.1241,1,0.0876,1,202.014681427002,1,56.4900016784668,0.124099999666214,0.0569653809070587,186.791198730469,-65.0226,18.1487,31.8054420927255,52,52,52,52,53,52,0.0876,10056,1,18,-65,0.0073,47,2026-05-30 07:58:24.000835,1.0815,0
"1902800",2,0.1241,2,0.1606,1,0.1241,1,201.539363365173,1,61.7999992370605,0.160600006580353,0.0737199038267136,186.351699829102,-65.0226,18.1487,31.8054420927255,52,52,52,52,53,52,0.1241,10056,1,18,-65,0.0073,47,2026-05-30 07:58:24.000835,1.0815,0
"1902800",2,0.1241,2,0.1606,1,0.1241,1,201.053978851318,1,66.5599975585938,0.160600006580353,0.0737199038267136,185.902893066406,-65.0226,18.1487,31.8054420927255,52,52,52,52,53,52,0.1241,10056,1,18,-65,0.0073,47,2026-05-30 07:58:24.000835,1.0815,0
"1902800",2,0.1387,2,0.1752,1,0.1387,1,200.769114761353,1,71.9700012207031,0.175200000405312,0.0804217159748077,185.639495849609,-65.0226,18.1487,31.8054420927255,52,52,52,52,53,52,0.1387,10056,1,18,-65,0.0073,47,2026-05-30 07:58:24.000835,1.0815,0
"1902800",2,0.1533,2,0.1898,1,0.1533,1,200.072417266846,1,76.9499969482422,0.18979999423027,0.0871235281229019,184.995300292969,-65.0226,18.1487,31.8054420927255,52,52,52,52,53,52,0.1533,10056,1,18,-65,0.0073,47,2026-05-30 07:58:24.000835,1.0815,0
"1902800",2,0.1533,2,0.1898,1,0.1533,1,199.695618415833,1,81.4499969482422,0.18979999423027,0.0871235281229019,184.646896362305,-65.0226,18.1487,31.8054420927255,52,52,52,52,53,52,0.1533,10056,1,18,-65,0.0073,47,2026-05-30 07:58:24.000835,1.0815,0
"1902800",2,0.1825,2,0.219,1,0.1825,1,199.206669387817,1,86.7600021362305,0.218999996781349,0.10052714496851,184.194793701172,-65.0226,18.1487,31.8054420927255,52,52,52,52,53,52,0.1825,10056,1,18,-65,0.0073,47,2026-05-30 07:58:24.000835,1.0815,0
"1902800",2,0.1752,2,0.2117,1,0.1752,1,198.672734870911,1,91.7399978637695,0.21170000731945,0.0971762388944626,183.701095581055,-65.0226,18.1487,31.8054420927255,52,52,52,52,53,52,0.1752,10056,1,18,-65,0.0073,47,2026-05-30 07:58:24.000835,1.0815,0
"1902800",2,0.2336,2,0.2701,1,0.2336,1,195.129640800476,1,96.75,0.270099997520447,0.123983472585678,180.425003051758,-65.0226,18.1487,31.8054420927255,52,52,52,52,53,52,0.2336,10056,1,18,-65,0.0073,47,2026-05-30 07:58:24.000835,1.0815,0
"1902800",2,0.3431,2,0.3796,1,0.3431,1,192.720375778198,1,101.790000915527,0.379599988460541,0.174247056245804,178.197296142578,-65.0226,18.1487,31.8054420927255,52,52,52,52,53,52,0.3431,10056,1,18,-65,0.0073,47,2026-05-30 07:58:24.000835,1.0815,0
"1902800",2,0.2044,2,0.2409,1,0.2044,1,186.451352508545,1,111.73999786377,0.240899994969368,0.110579863190651,172.400695800781,-65.0226,18.1487,31.8054420927255,52,52,52,52,53,52,0.2044,10056,1,18,-65,0.0073,47,2026-05-30 07:58:24.000835,1.0815,0
"1902800",2,0.1971,2,0.2336,1,0.1971,1,183.360869224548,1,121.470001220703,0.233600005507469,0.107228949666023,169.543106079102,-65.0226,18.1487,31.8054420927255,52,52,52,52,53,52,0.1971,10056,1,18,-65,0.0073,47,2026-05-30 07:58:24.000835,1.0815,0
"1902800",2,0.1825,2,0.219,1,0.1825,1,177.790490730286,1,131.949996948242,0.218999996781349,0.10052714496851,164.392501831055,-65.0226,18.1487,31.8054420927255,52,52,52,52,53,52,0.1825,10056,1,18,-65,0.0073,47,2026-05-30 07:58:24.000835,1.0815,0
"1902800",2,0.1168,2,0.1533,1,0.1168,1,173.692256584167,1,141.850006103516,0.153300002217293,0.0703689977526665,160.603103637695,-65.0226,18.1487,31.8054420927255,52,52,52,52,53,52,0.1168,10056,1,18,-65,0.0073,47,2026-05-30 07:58:24.000835,1.0815,0
"1902800",2,0.1022,2,0.1387,1,0.1022,1,172.029443733215,1,151.410003662109,0.138699993491173,0.0636671930551529,159.06559753418,-65.0226,18.1487,31.8054420927255,52,52,52,52,53,52,0.1022,10056,1,18,-65,0.0073,47,2026-05-30 07:58:24.000835,1.0815,0
"1902800",2,0.073,2,0.1095,1,0.073,1,170.267897140503,1,161.839996337891,0.109499998390675,0.0502635724842548,157.436798095703,-65.0226,18.1487,31.8054420927255,52,52,52,52,53,52,0.073,10056,1,18,-65,0.0073,47,2026-05-30 07:58:24.000835,1.0815,0
"1902800",2,0.0511,2,0.0876,1,0.0511,1,168.625200691223,1,171.839996337891,0.0876000002026558,0.0402108579874039,155.917892456055,-65.0226,18.1487,31.8054420927255,52,52,52,52,53,52,0.0511,10056,1,18,-65,0.0073,47,2026-05-30 07:58:24.000835,1.0815,0
"1902800",2,0.0219,2,0.0584,1,0.0219,1,168.208499084473,1,181.350006103516,0.0584000013768673,0.0268072374165058,155.532592773438,-65.0226,18.1487,31.8054420927255,52,52,52,52,53,52,0.0219,10056,1,18,-65,0.0073,47,2026-05-30 07:58:24.000835,1.0815,0
"1902800",2,0,2,0.0365,1,0,1,170.108269615173,1,191.419998168945,0.0364999994635582,0.0167545229196548,157.289199829102,-65.0226,18.1487,31.8054420927255,52,52,52,52,53,52,0,10056,1,18,-65,0.0073,47,2026-05-30 07:58:24.000835,1.0815,0
"1902800",2,-0.0073,2,0.0292,1,-0.0073,1,171.331657081604,1,201.100006103516,0.0292000006884336,0.0134036187082529,158.420394897461,-65.0226,18.1487,31.8054420927255,52,52,52,52,53,52,-0.0073,10056,1,18,-65,0.0073,47,2026-05-30 07:58:24.000835,1.0815,0
"1902800",2,-0.0146,2,0.0219,1,-0.0146,1,172.926447120666,1,210.410003662109,0.0219000000506639,0.010052714496851,159.895004272461,-65.0226,18.1487,31.8054420927255,52,52,52,52,53,52,-0.0146,10056,1,18,-65,0.0073,47,2026-05-30 07:58:24.000835,1.0815,0
"1902800",2,-0.0073,2,0.0292,1,-0.0073,1,178.654175811768,1,221.020004272461,0.0292000006884336,0.0134036187082529,165.191101074219,-65.0226,18.1487,31.8054420927255,52,52,52,52,53,52,-0.0073,10056,1,18,-65,0.0073,47,2026-05-30 07:58:24.000835,1.0815,0
"1902800",2,-0.0146,2,0.0219,1,-0.0146,1,179.333677825928,1,231.149993896484,0.0219000000506639,0.010052714496851,165.819396972656,-65.0226,18.1487,31.8054420927255,52,52,52,52,53,52,-0.0146,10056,1,18,-65,0.0073,47,2026-05-30 07:58:24.000835,1.0815,0
"1902800",2,0,2,0.0365,1,0,1,179.967121696472,1,241.380004882812,0.0364999994635582,0.0167545229196548,166.40510559082,-65.0226,18.1487,31.8054420927255,52,52,52,52,53,52,0,10056,1,18,-65,0.0073,47,2026-05-30 07:58:24.000835,1.0815,0
"1902800",2,0,2,0.0365,1,0,1,179.381056159973,1,251.639999389648,0.0364999994635582,0.0167545229196548,165.863204956055,-65.0226,18.1487,31.8054420927255,52,52,52,52,53,52,0,10056,1,18,-65,0.0073,47,2026-05-30 07:58:24.000835,1.0815,0
"1902800",2,-0.0073,2,0.0292,1,-0.0073,1,176.63403691864,1,261.679992675781,0.0292000006884336,0.0134036187082529,163.323196411133,-65.0226,18.1487,31.8054420927255,52,52,52,52,53,52,-0.0073,10056,1,18,-65,0.0073,47,2026-05-30 07:58:24.000835,1.0815,0
"1902800",2,0,2,0.0219,1,-0.0146,1,173.933108825684,1,271.630004882812,0.0219000000506639,0.010052714496851,160.825805664062,-65.0226,18.1487,31.8054420927255,52,52,52,52,53,52,0,10056,1,18,-65,0.0073,47,2026-05-30 07:58:24.000835,1.0815,0
"1902800",2,0,2,0.0219,1,-0.0146,1,174.703885505676,1,281.679992675781,0.0219000000506639,0.010052714496851,161.538497924805,-65.0226,18.1487,31.8054420927255,52,52,52,52,53,52,0,10056,1,18,-65,0.0073,47,2026-05-30 07:58:24.000835,1.0815,0
"1902800",2,0,2,0.0219,1,-0.0146,1,173.737027542114,1,291.320007324219,0.0219000000506639,0.010052714496851,160.644500732422,-65.0226,18.1487,31.8054420927255,52,52,52,52,53,52,0,10056,1,18,-65,0.0073,47,2026-05-30 07:58:24.000835,1.0815,0
"1902800",2,0,2,0.0292,1,-0.0073,1,171.649195884705,1,301.269989013672,0.0292000006884336,0.0134036187082529,158.714004516602,-65.0226,18.1487,31.8054420927255,52,52,52,52,53,52,0,10056,1,18,-65,0.0073,47,2026-05-30 07:58:24.000835,1.0815,0
"1902800",2,0,2,0.0365,1,0,1,167.710044685364,1,311.149993896484,0.0364999994635582,0.0167545229196548,155.071701049805,-65.0226,18.1487,31.8054420927255,52,52,52,52,53,52,0,10056,1,18,-65,0.0073,47,2026-05-30 07:58:24.000835,1.0815,0
"1902800",2,0,2,0.0219,1,-0.0146,1,165.47349357605,1,321.089996337891,0.0219000000506639,0.010052714496851,153.003692626953,-65.0226,18.1487,31.8054420927255,52,52,52,52,53,52,0,10056,1,18,-65,0.0073,47,2026-05-30 07:58:24.000835,1.0815,0
"1902800",2,0,2,0.0365,1,0,1,161.102838134766,1,331.450012207031,0.0364999994635582,0.0167545229196548,148.96240234375,-65.0226,18.1487,31.8054420927255,52,52,52,52,53,52,0,10056,1,18,-65,0.0073,47,2026-05-30 07:58:24.000835,1.0815,0
"1902800",2,0,2,0.0292,1,-0.0073,1,158.94891444397,1,341.459991455078,0.0292000006884336,0.0134036187082529,146.970794677734,-65.0226,18.1487,31.8054420927255,52,52,52,52,53,52,0,10056,1,18,-65,0.0073,47,2026-05-30 07:58:24.000835,1.0815,0
"1902800",2,0,2,0.0292,1,-0.0073,1,154.983705986023,1,351.709991455078,0.0292000006884336,0.0134036187082529,143.304397583008,-65.0226,18.1487,31.8054420927255,52,52,52,52,53,52,0,10056,1,18,-65,0.0073,47,2026-05-30 07:58:24.000835,1.0815,0
"1902800",2,0,2,0.0219,1,-0.0146,1,151.930633598328,1,361.730010986328,0.0219000000506639,0.010052714496851,140.481399536133,-65.0226,18.1487,31.8054420927255,52,52,52,52,53,52,0,10056,1,18,-65,0.0073,47,2026-05-30 07:58:24.000835,1.0815,0
"1902800",2,0,2,0.0292,1,-0.0073,1,145.752670463562,1,381.160003662109,0.0292000006884336,0.0134036187082529,134.768997192383,-65.0226,18.1487,31.8054420927255,52,52,52,52,53,52,0,10056,1,18,-65,0.0073,47,2026-05-30 07:58:24.000835,1.0815,0
"1902800",2,0,2,0.0292,1,-0.0073,1,143.767252578735,1,401.459991455078,0.0292000006884336,0.0134036187082529,132.933197021484,-65.0226,18.1487,31.8054420927255,52,52,52,52,53,52,0,10056,1,18,-65,0.0073,47,2026-05-30 07:58:24.000835,1.0815,0
"1902800",2,0,2,0.0365,1,0,1,135.60820343399,4,451.570007324219,0.0364999994635582,0.0167545229196548,125.388999938965,-65.0226,18.1487,31.8054420927255,52,52,52,52,53,52,0,10056,1,18,-65,0.0073,47,2026-05-30 07:58:24.000835,1.0815,0
"1902800",3,0.0365,5,0.073,1,0.0365,1,198.533652809143,1,7.67999982833862,0.0729999989271164,0.130685284733772,183.572494506836,-65.0256,18.156,11.927614547674,52,52,52,52,53,52,0.0365,10056,1,18,-65,0.0073,47,2026-05-30 20:30:07.00219,1.0815,0
"1902800",3,0.0438,5,0.0803,1,0.0438,1,198.655753921509,1,11.3599996566772,0.0803000032901764,0.130685284733772,183.685394287109,-65.0256,18.156,11.927614547674,52,52,52,52,53,52,0.0438,10056,1,18,-65,0.0073,47,2026-05-30 20:30:07.00219,1.0815,0
"1902800",3,0.0438,2,0.0803,1,0.0438,1,198.813120620728,1,16.7299995422363,0.0803000032901764,0.130685284733772,183.830902099609,-65.0256,18.156,11.927614547674,52,52,52,52,53,52,0.0438,10056,1,18,-65,0.0073,47,2026-05-30 20:30:07.00219,1.0815,0
"1902800",3,0.0803,2,0.1168,1,0.0803,1,198.847511581421,1,21.2399997711182,0.116800002753735,0.130685284733772,183.862701416016,-65.0256,18.156,11.927614547674,52,52,52,52,53,52,0.0803,10056,1,18,-65,0.0073,47,2026-05-30 20:30:07.00219,1.0815,0
"1902800",3,0.0584,2,0.0949,1,0.0584,1,198.762293289185,1,26.4599990844727,0.0948999971151352,0.130685284733772,183.783905029297,-65.0256,18.156,11.927614547674,52,52,52,52,53,52,0.0584,10056,1,18,-65,0.0073,47,2026-05-30 20:30:07.00219,1.0815,0
"1902800",3,0.0876,2,0.1241,1,0.0876,1,198.928521766663,1,31.5699996948242,0.124099999666214,0.130685284733772,183.937606811523,-65.0256,18.156,11.927614547674,52,52,52,52,53,52,0.0876,10056,1,18,-65,0.0073,47,2026-05-30 20:30:07.00219,1.0815,0
"1902800",3,0.0803,2,0.1168,1,0.0803,1,198.776138786316,1,36.6800003051758,0.116800002753735,0.130685284733772,183.79670715332,-65.0256,18.156,11.927614547674,52,52,52,52,53,52,0.0803,10056,1,18,-65,0.0073,47,2026-05-30 20:30:07.00219,1.0815,0
"1902800",3,0.1022,2,0.1387,1,0.1022,1,198.309566986084,1,41.7299995422363,0.138699993491173,0.130685284733772,183.365295410156,-65.0256,18.156,11.927614547674,52,52,52,52,53,52,0.1022,10056,1,18,-65,0.0073,47,2026-05-30 20:30:07.00219,1.0815,0
"1902800",3,0.1752,2,0.2117,1,0.1752,1,196.892260047913,1,46.6699981689453,0.21170000731945,0.130685284733772,182.054794311523,-65.0256,18.156,11.927614547674,52,52,52,52,53,52,0.1752,10056,1,18,-65,0.0073,47,2026-05-30 20:30:07.00219,1.0815,0
"1902800",3,0.1095,2,0.146,1,0.1095,1,201.518817901611,1,52.0099983215332,0.145999997854233,0.130685284733772,186.332702636719,-65.0256,18.156,11.927614547674,52,52,52,52,53,52,0.1095,10056,1,18,-65,0.0073,47,2026-05-30 20:30:07.00219,1.0815,0
"1902800",3,0.0949,2,0.1314,1,0.0949,1,202.16176714325,1,56.8600006103516,0.131400004029274,0.130685284733772,186.927200317383,-65.0256,18.156,11.927614547674,52,52,52,52,53,52,0.0949,10056,1,18,-65,0.0073,47,2026-05-30 20:30:07.00219,1.0815,0
"1902800",3,0.1022,2,0.1387,1,0.1022,1,201.966015907288,1,61.7400016784668,0.138699993491173,0.130685284733772,186.746200561523,-65.0256,18.156,11.927614547674,52,52,52,52,53,52,0.1022,10056,1,18,-65,0.0073,47,2026-05-30 20:30:07.00219,1.0815,0
"1902800",3,0.1241,2,0.1606,1,0.1241,1,201.584678901672,1,66.629997253418,0.160600006580353,0.130685284733772,186.393600463867,-65.0256,18.156,11.927614547674,52,52,52,52,53,52,0.1241,10056,1,18,-65,0.0073,47,2026-05-30 20:30:07.00219,1.0815,0
"1902800",3,0.1387,2,0.1752,1,0.1387,1,201.453270446777,1,71.7399978637695,0.175200000405312,0.130685284733772,186.272094726562,-65.0256,18.156,11.927614547674,52,52,52,52,53,52,0.1387,10056,1,18,-65,0.0073,47,2026-05-30 20:30:07.00219,1.0815,0
"1902800",3,0.1314,2,0.1679,1,0.1314,1,201.060150741577,1,76.5899963378906,0.167899996042252,0.130685284733772,185.908599853516,-65.0256,18.156,11.927614547674,52,52,52,52,53,52,0.1314,10056,1,18,-65,0.0073,47,2026-05-30 20:30:07.00219,1.0815,0
"1902800",3,0.1679,2,0.2044,1,0.1679,1,200.497122528076,1,81.5100021362305,0.20440000295639,0.130685284733772,185.388000488281,-65.0256,18.156,11.927614547674,52,52,52,52,53,52,0.1679,10056,1,18,-65,0.0073,47,2026-05-30 20:30:07.00219,1.0815,0
"1902800",3,0.1898,2,0.2263,1,0.1898,1,199.744729499817,1,86.6900024414062,0.226300001144409,0.130685284733772,184.692306518555,-65.0256,18.156,11.927614547674,52,52,52,52,53,52,0.1898,10056,1,18,-65,0.0073,47,2026-05-30 20:30:07.00219,1.0815,0
"1902800",3,0.2117,2,0.2482,1,0.2117,1,199.280864089966,1,91.75,0.248199999332428,0.130685284733772,184.263397216797,-65.0256,18.156,11.927614547674,52,52,52,52,53,52,0.2117,10056,1,18,-65,0.0073,47,2026-05-30 20:30:07.00219,1.0815,0
"1902800",3,0.2409,2,0.2774,1,0.2409,1,198.595404716492,1,96.8300018310547,0.277399986982346,0.130685284733772,183.629592895508,-65.0256,18.156,11.927614547674,52,52,52,52,53,52,0.2409,10056,1,18,-65,0.0073,47,2026-05-30 20:30:07.00219,1.0815,0
"1902800",3,0.2774,2,0.3139,1,0.2774,1,196.901138328552,1,101.800003051758,0.313899993896484,0.130685284733772,182.063003540039,-65.0256,18.156,11.927614547674,52,52,52,52,53,52,0.2774,10056,1,18,-65,0.0073,47,2026-05-30 20:30:07.00219,1.0815,0
"1902800",3,0.3212,2,0.3577,1,0.3212,1,193.040835502625,1,111.75,0.357699990272522,0.130685284733772,178.493606567383,-65.0256,18.156,11.927614547674,52,52,52,52,53,52,0.3212,10056,1,18,-65,0.0073,47,2026-05-30 20:30:07.00219,1.0815,0
"1902800",3,0.2482,2,0.2847,1,0.2482,1,188.618461601257,1,121.610000610352,0.284700006246567,0.130685284733772,174.404495239258,-65.0256,18.156,11.927614547674,52,52,52,52,53,52,0.2482,10056,1,18,-65,0.0073,47,2026-05-30 20:30:07.00219,1.0815,0
"1902800",3,0.2263,2,0.2628,1,0.2263,1,184.290514320374,1,131.460006713867,0.262800008058548,0.120632573962212,170.402694702148,-65.0256,18.156,11.927614547674,52,52,52,52,53,52,0.2263,10056,1,18,-65,0.0073,47,2026-05-30 20:30:07.00219,1.0815,0
"1902800",3,0.1752,2,0.2117,1,0.1752,1,179.053780952454,1,141.380004882812,0.21170000731945,0.0971762388944626,165.560592651367,-65.0256,18.156,11.927614547674,52,52,52,52,53,52,0.1752,10056,1,18,-65,0.0073,47,2026-05-30 20:30:07.00219,1.0815,0
"1902800",3,0.146,2,0.1825,1,0.146,1,175.109563522339,1,151.699996948242,0.182500004768372,0.0837726220488548,161.913604736328,-65.0256,18.156,11.927614547674,52,52,52,52,53,52,0.146,10056,1,18,-65,0.0073,47,2026-05-30 20:30:07.00219,1.0815,0
"1902800",3,0.1095,2,0.146,1,0.1095,1,173.070496398926,1,161.600006103516,0.145999997854233,0.0670180916786194,160.028198242188,-65.0256,18.156,11.927614547674,52,52,52,52,53,52,0.1095,10056,1,18,-65,0.0073,47,2026-05-30 20:30:07.00219,1.0815,0
"1902800",3,0.1095,2,0.146,1,0.1095,1,171.487835609436,1,171.649993896484,0.145999997854233,0.0670180916786194,158.564804077148,-65.0256,18.156,11.927614547674,52,52,52,52,53,52,0.1095,10056,1,18,-65,0.0073,47,2026-05-30 20:30:07.00219,1.0815,0
"1902800",3,0.0657,2,0.1022,1,0.0657,1,168.790686561584,1,181.279998779297,0.102200001478195,0.0469126664102077,156.070907592773,-65.0256,18.156,11.927614547674,52,52,52,52,53,52,0.0657,10056,1,18,-65,0.0073,47,2026-05-30 20:30:07.00219,1.0815,0
"1902800",3,0.0219,2,0.0584,1,0.0219,1,167.866206710815,1,191.580001831055,0.0584000013768673,0.0268072374165058,155.216094970703,-65.0256,18.156,11.927614547674,52,52,52,52,53,52,0.0219,10056,1,18,-65,0.0073,47,2026-05-30 20:30:07.00219,1.0815,0
"1902800",3,0.0146,2,0.0511,1,0.0146,1,169.411242073059,1,201.820007324219,0.0511000007390976,0.0234563332051039,156.64469909668,-65.0256,18.156,11.927614547674,52,52,52,52,53,52,0.0146,10056,1,18,-65,0.0073,47,2026-05-30 20:30:07.00219,1.0815,0
"1902800",3,0,2,0.0365,1,0,1,171.097405792236,1,211.339996337891,0.0364999994635582,0.0167545229196548,158.203796386719,-65.0256,18.156,11.927614547674,52,52,52,52,53,52,0,10056,1,18,-65,0.0073,47,2026-05-30 20:30:07.00219,1.0815,0
"1902800",3,-0.0073,2,0.0292,1,-0.0073,1,172.687426643372,1,220.880004882812,0.0292000006884336,0.0134036187082529,159.67399597168,-65.0256,18.156,11.927614547674,52,52,52,52,53,52,-0.0073,10056,1,18,-65,0.0073,47,2026-05-30 20:30:07.00219,1.0815,0
"1902800",3,-0.0073,2,0.0292,1,-0.0073,1,173.373001533508,1,231.419998168945,0.0292000006884336,0.0134036187082529,160.307907104492,-65.0256,18.156,11.927614547674,52,52,52,52,53,52,-0.0073,10056,1,18,-65,0.0073,47,2026-05-30 20:30:07.00219,1.0815,0
"1902800",3,-0.0073,2,0.0292,1,-0.0073,1,177.304578140259,1,241.309997558594,0.0292000006884336,0.0134036187082529,163.943206787109,-65.0256,18.156,11.927614547674,52,52,52,52,53,52,-0.0073,10056,1,18,-65,0.0073,47,2026-05-30 20:30:07.00219,1.0815,0
"1902800",3,-0.0146,2,0.0219,1,-0.0146,1,178.667476730347,1,250.580001831055,0.0219000000506639,0.010052714496851,165.203399658203,-65.0256,18.156,11.927614547674,52,52,52,52,53,52,-0.0146,10056,1,18,-65,0.0073,47,2026-05-30 20:30:07.00219,1.0815,0
"1902800",3,0,2,0.0292,1,-0.0073,1,179.833336898804,1,261.350006103516,0.0292000006884336,0.0134036187082529,166.281402587891,-65.0256,18.156,11.927614547674,52,52,52,52,53,52,0,10056,1,18,-65,0.0073,47,2026-05-30 20:30:07.00219,1.0815,0
"1902800",3,0,2,0.0219,1,-0.0146,1,179.920617988586,1,271.140014648438,0.0219000000506639,0.010052714496851,166.362106323242,-65.0256,18.156,11.927614547674,52,52,52,52,53,52,0,10056,1,18,-65,0.0073,47,2026-05-30 20:30:07.00219,1.0815,0
"1902800",3,0,2,0.0219,1,-0.0146,1,178.81347328949,1,281.730010986328,0.0219000000506639,0.010052714496851,165.338394165039,-65.0256,18.156,11.927614547674,52,52,52,52,53,52,0,10056,1,18,-65,0.0073,47,2026-05-30 20:30:07.00219,1.0815,0
"1902800",3,0,2,0.0219,1,-0.0146,1,176.075447845459,1,291.589996337891,0.0219000000506639,0.010052714496851,162.806701660156,-65.0256,18.156,11.927614547674,52,52,52,52,53,52,0,10056,1,18,-65,0.0073,47,2026-05-30 20:30:07.00219,1.0815,0
"1902800",3,0,2,0.0219,1,-0.0146,1,176.038779556274,1,301.149993896484,0.0219000000506639,0.010052714496851,162.772796630859,-65.0256,18.156,11.927614547674,52,52,52,52,53,52,0,10056,1,18,-65,0.0073,47,2026-05-30 20:30:07.00219,1.0815,0
"1902800",3,0,2,0.0292,1,-0.0073,1,173.654829185486,1,311.390014648438,0.0292000006884336,0.0134036187082529,160.568496704102,-65.0256,18.156,11.927614547674,52,52,52,52,53,52,0,10056,1,18,-65,0.0073,47,2026-05-30 20:30:07.00219,1.0815,0
"1902800",3,0,2,0.0292,1,-0.0073,1,170.395955612183,1,321.059997558594,0.0292000006884336,0.0134036187082529,157.555206298828,-65.0256,18.156,11.927614547674,52,52,52,52,53,52,0,10056,1,18,-65,0.0073,47,2026-05-30 20:30:07.00219,1.0815,0
"1902800",3,0,2,0.0292,1,-0.0073,1,165.852998817444,1,331.850006103516,0.0292000006884336,0.0134036187082529,153.354598999023,-65.0256,18.156,11.927614547674,52,52,52,52,53,52,0,10056,1,18,-65,0.0073,47,2026-05-30 20:30:07.00219,1.0815,0
"1902800",3,0,2,0.0292,1,-0.0073,1,163.157467002869,1,341.850006103516,0.0292000006884336,0.0134036187082529,150.862197875977,-65.0256,18.156,11.927614547674,52,52,52,52,53,52,0,10056,1,18,-65,0.0073,47,2026-05-30 20:30:07.00219,1.0815,0
"1902800",3,0,2,0.0292,1,-0.0073,1,159.624538398743,1,351.880004882812,0.0292000006884336,0.0134036187082529,147.595504760742,-65.0256,18.156,11.927614547674,52,52,52,52,53,52,0,10056,1,18,-65,0.0073,47,2026-05-30 20:30:07.00219,1.0815,0
"1902800",3,0,2,0.0365,1,0,1,156.290810028076,1,361.149993896484,0.0364999994635582,0.0167545229196548,144.513000488281,-65.0256,18.156,11.927614547674,52,52,52,52,53,52,0,10056,1,18,-65,0.0073,47,2026-05-30 20:30:07.00219,1.0815,0
"1902800",3,0,2,0.0292,1,-0.0073,1,149.861185592651,1,381.519989013672,0.0292000006884336,0.0134036187082529,138.567901611328,-65.0256,18.156,11.927614547674,52,52,52,52,53,52,0,10056,1,18,-65,0.0073,47,2026-05-30 20:30:07.00219,1.0815,0
"1902800",3,0,2,0.0365,1,0,1,145.378792533875,1,401.209991455078,0.0364999994635582,0.0167545229196548,134.423294067383,-65.0256,18.156,11.927614547674,52,52,52,52,53,52,0,10056,1,18,-65,0.0073,47,2026-05-30 20:30:07.00219,1.0815,0
"1902800",3,0,2,0.0365,1,0,1,132.848972431183,4,451.890014648438,0.0364999994635582,0.0167545229196548,122.837699890137,-65.0256,18.156,11.927614547674,52,52,52,52,53,52,0,10056,1,18,-65,0.0073,47,2026-05-30 20:30:07.00219,1.0815,0
"1902800",4,0.0365,2,0.073,1,0.0365,1,197.455403778076,1,7.80000019073486,0.0729999989271164,0.0335090458393097,182.575500488281,-65.0385,18.151,26.5678190669815,52,52,52,52,53,52,0.0365,10056,1,18,-65,0.0073,47,2026-05-31 09:14:05.000986,1.0815,0
"1902800",4,0.0438,2,0.0803,1,0.0438,1,197.483952896118,1,11.6199998855591,0.0803000032901764,0.0368599519133568,182.601898193359,-65.0385,18.151,26.5678190669815,52,52,52,52,53,52,0.0438,10056,1,18,-65,0.0073,47,2026-05-31 09:14:05.000986,1.0815,0
"1902800",4,0.0876,2,0.1241,1,0.0876,1,197.469562820435,1,16.6900005340576,0.124099999666214,0.0569653809070587,182.588592529297,-65.0385,18.151,26.5678190669815,52,52,52,52,53,52,0.0876,10056,1,18,-65,0.0073,47,2026-05-31 09:14:05.000986,1.0815,0
"1902800",4,0.0365,2,0.073,1,0.0365,1,197.411820991516,1,21.7199993133545,0.0729999989271164,0.0335090458393097,182.535202026367,-65.0385,18.151,26.5678190669815,52,52,52,52,53,52,0.0365,10056,1,18,-65,0.0073,47,2026-05-31 09:14:05.000986,1.0815,0
"1902800",4,0.0438,2,0.0803,1,0.0438,1,197.429990112305,1,26.7299995422363,0.0803000032901764,0.0368599519133568,182.552001953125,-65.0385,18.151,26.5678190669815,52,52,52,52,53,52,0.0438,10056,1,18,-65,0.0073,47,2026-05-31 09:14:05.000986,1.0815,0
"1902800",4,0.0584,2,0.0949,1,0.0584,1,197.365201766968,1,31.9099998474121,0.0948999971151352,0.043561764061451,182.492095947266,-65.0385,18.151,26.5678190669815,52,52,52,52,53,52,0.0584,10056,1,18,-65,0.0073,47,2026-05-31 09:14:05.000986,1.0815,0
"1902800",4,0.1241,2,0.1606,1,0.1241,1,196.811909957886,1,36.9099998474121,0.160600006580353,0.0737199038267136,181.980499267578,-65.0385,18.151,26.5678190669815,52,52,52,52,53,52,0.1241,10056,1,18,-65,0.0073,47,2026-05-31 09:14:05.000986,1.0815,0
"1902800",4,0.1168,2,0.1533,1,0.1168,1,196.126021522522,1,41.6699981689453,0.153300002217293,0.0703689977526665,181.346298217773,-65.0385,18.151,26.5678190669815,52,52,52,52,53,52,0.1168,10056,1,18,-65,0.0073,47,2026-05-31 09:14:05.000986,1.0815,0
"1902800",4,0.146,2,0.1825,1,0.146,1,196.15306892395,1,46.9000015258789,0.182500004768372,0.0837726220488548,181.371307373047,-65.0385,18.151,26.5678190669815,52,52,52,52,53,52,0.146,10056,1,18,-65,0.0073,47,2026-05-31 09:14:05.000986,1.0815,0
"1902800",4,0.1241,2,0.1606,1,0.1241,1,200.623118202209,1,51.6699981689453,0.160600006580353,0.0737199038267136,185.504501342773,-65.0385,18.151,26.5678190669815,52,52,52,52,53,52,0.1241,10056,1,18,-65,0.0073,47,2026-05-31 09:14:05.000986,1.0815,0
"1902800",4,0.0803,2,0.1168,1,0.0803,1,201.216098236084,1,57,0.116800002753735,0.0536144748330116,186.052795410156,-65.0385,18.151,26.5678190669815,52,52,52,52,53,52,0.0803,10056,1,18,-65,0.0073,47,2026-05-31 09:14:05.000986,1.0815,0
"1902800",4,0.1095,2,0.146,1,0.1095,1,201.132711708069,1,61.6199989318848,0.145999997854233,0.0670180916786194,185.975692749023,-65.0385,18.151,26.5678190669815,52,52,52,52,53,52,0.1095,10056,1,18,-65,0.0073,47,2026-05-31 09:14:05.000986,1.0815,0
"1902800",4,0.1022,2,0.1387,1,0.1022,1,201.072593536377,1,66.870002746582,0.138699993491173,0.0636671930551529,185.920104980469,-65.0385,18.151,26.5678190669815,52,52,52,52,53,52,0.1022,10056,1,18,-65,0.0073,47,2026-05-31 09:14:05.000986,1.0815,0
"1902800",4,0.1095,2,0.146,1,0.1095,1,201.004884269714,1,70.4300003051758,0.145999997854233,0.0670180916786194,185.857498168945,-65.0385,18.151,26.5678190669815,52,52,52,52,53,52,0.1095,10056,1,18,-65,0.0073,47,2026-05-31 09:14:05.000986,1.0815,0
"1902800",4,0.1314,2,0.1679,1,0.1314,1,200.837137573242,1,76.7799987792969,0.167899996042252,0.0770708099007607,185.702392578125,-65.0385,18.151,26.5678190669815,52,52,52,52,53,52,0.1314,10056,1,18,-65,0.0073,47,2026-05-31 09:14:05.000986,1.0815,0
"1902800",4,0.1387,2,0.1752,1,0.1387,1,200.235081230164,1,81.5199966430664,0.175200000405312,0.0804217159748077,185.145706176758,-65.0385,18.151,26.5678190669815,52,52,52,52,53,52,0.1387,10056,1,18,-65,0.0073,47,2026-05-31 09:14:05.000986,1.0815,0
"1902800",4,0.1679,2,0.2044,1,0.1679,1,199.455310752869,1,86.5800018310547,0.20440000295639,0.0938253328204155,184.424697875977,-65.0385,18.151,26.5678190669815,52,52,52,52,53,52,0.1679,10056,1,18,-65,0.0073,47,2026-05-31 09:14:05.000986,1.0815,0
"1902800",4,0.2044,2,0.2409,1,0.2044,1,198.246412376404,1,91.5999984741211,0.240899994969368,0.110579863190651,183.306900024414,-65.0385,18.151,26.5678190669815,52,52,52,52,53,52,0.2044,10056,1,18,-65,0.0073,47,2026-05-31 09:14:05.000986,1.0815,0
"1902800",4,0.2628,2,0.2993,1,0.2628,1,197.190755104065,1,96.8600006103516,0.299299985170364,0.137387096881866,182.330795288086,-65.0385,18.151,26.5678190669815,52,52,52,52,53,52,0.2628,10056,1,18,-65,0.0073,47,2026-05-31 09:14:05.000986,1.0815,0
"1902800",4,0.2117,2,0.2482,1,0.2117,1,196.802503601074,1,101.599998474121,0.248199999332428,0.113930761814117,181.971801757812,-65.0385,18.151,26.5678190669815,52,52,52,52,53,52,0.2117,10056,1,18,-65,0.0073,47,2026-05-31 09:14:05.000986,1.0815,0
"1902800",4,0.2117,2,0.2482,1,0.2117,1,193.421941474915,1,111.849998474121,0.248199999332428,0.113930761814117,178.845993041992,-65.0385,18.151,26.5678190669815,52,52,52,52,53,52,0.2117,10056,1,18,-65,0.0073,47,2026-05-31 09:14:05.000986,1.0815,0
"1902800",4,0.2409,2,0.2774,1,0.2409,1,190.904008277893,1,121.919998168945,0.277399986982346,0.127334386110306,176.517807006836,-65.0385,18.151,26.5678190669815,52,52,52,52,53,52,0.2409,10056,1,18,-65,0.0073,47,2026-05-31 09:14:05.000986,1.0815,0
"1902800",4,0.2336,2,0.2701,1,0.2336,1,186.702914794922,1,131.949996948242,0.270099997520447,0.123983472585678,172.63330078125,-65.0385,18.151,26.5678190669815,52,52,52,52,53,52,0.2336,10056,1,18,-65,0.0073,47,2026-05-31 09:14:05.000986,1.0815,0
"1902800",4,0.1606,2,0.1971,1,0.1606,1,179.367425193787,1,141.399993896484,0.19709999859333,0.0904744267463684,165.850601196289,-65.0385,18.151,26.5678190669815,52,52,52,52,53,52,0.1606,10056,1,18,-65,0.0073,47,2026-05-31 09:14:05.000986,1.0815,0
"1902800",4,0.1241,2,0.1606,1,0.1241,1,175.107071662903,1,151.449996948242,0.160600006580353,0.0737199038267136,161.91130065918,-65.0385,18.151,26.5678190669815,52,52,52,52,53,52,0.1241,10056,1,18,-65,0.0073,47,2026-05-31 09:14:05.000986,1.0815,0
"1902800",4,0.0949,2,0.1314,1,0.0949,1,171.763837921143,1,161.550003051758,0.131400004029274,0.0603162869811058,158.820007324219,-65.0385,18.151,26.5678190669815,52,52,52,52,53,52,0.0949,10056,1,18,-65,0.0073,47,2026-05-31 09:14:05.000986,1.0815,0
"1902800",4,0.073,2,0.1095,1,0.073,1,169.204467247009,1,171.699996948242,0.109499998390675,0.0502635724842548,156.453506469727,-65.0385,18.151,26.5678190669815,52,52,52,52,53,52,0.073,10056,1,18,-65,0.0073,47,2026-05-31 09:14:05.000986,1.0815,0
"1902800",4,0.0511,2,0.0876,1,0.0511,1,168.740717353821,1,181.960006713867,0.0876000002026558,0.0402108579874039,156.024703979492,-65.0385,18.151,26.5678190669815,52,52,52,52,53,52,0.0511,10056,1,18,-65,0.0073,47,2026-05-31 09:14:05.000986,1.0815,0
"1902800",4,0.0146,2,0.0511,1,0.0146,1,168.398523994446,1,191.610000610352,0.0511000007390976,0.0234563332051039,155.708297729492,-65.0385,18.151,26.5678190669815,52,52,52,52,53,52,0.0146,10056,1,18,-65,0.0073,47,2026-05-31 09:14:05.000986,1.0815,0
"1902800",4,0,2,0.0365,1,0,1,170.231459884644,1,201.770004272461,0.0364999994635582,0.0167545229196548,157.403106689453,-65.0385,18.151,26.5678190669815,52,52,52,52,53,52,0,10056,1,18,-65,0.0073,47,2026-05-31 09:14:05.000986,1.0815,0
"1902800",4,-0.0073,2,0.0292,1,-0.0073,1,171.823956092834,1,211.389999389648,0.0292000006884336,0.0134036187082529,158.875595092773,-65.0385,18.151,26.5678190669815,52,52,52,52,53,52,-0.0073,10056,1,18,-65,0.0073,47,2026-05-31 09:14:05.000986,1.0815,0
"1902800",4,-0.0073,2,0.0292,1,-0.0073,1,174.218071929932,1,221.339996337891,0.0292000006884336,0.0134036187082529,161.089294433594,-65.0385,18.151,26.5678190669815,52,52,52,52,53,52,-0.0073,10056,1,18,-65,0.0073,47,2026-05-31 09:14:05.000986,1.0815,0
"1902800",4,-0.0073,2,0.0292,1,-0.0073,1,175.420930435181,1,230.970001220703,0.0292000006884336,0.0134036187082529,162.201507568359,-65.0385,18.151,26.5678190669815,52,52,52,52,53,52,-0.0073,10056,1,18,-65,0.0073,47,2026-05-31 09:14:05.000986,1.0815,0
"1902800",4,0,2,0.0219,1,-0.0146,1,177.544225708008,1,241.839996337891,0.0219000000506639,0.010052714496851,164.164794921875,-65.0385,18.151,26.5678190669815,52,52,52,52,53,52,0,10056,1,18,-65,0.0073,47,2026-05-31 09:14:05.000986,1.0815,0
"1902800",4,0,2,0.0219,1,-0.0146,1,177.916799949646,1,251.610000610352,0.0219000000506639,0.010052714496851,164.509292602539,-65.0385,18.151,26.5678190669815,52,52,52,52,53,52,0,10056,1,18,-65,0.0073,47,2026-05-31 09:14:05.000986,1.0815,0
"1902800",4,0,2,0.0219,1,-0.0146,1,177.626853126526,1,261.440002441406,0.0219000000506639,0.010052714496851,164.241195678711,-65.0385,18.151,26.5678190669815,52,52,52,52,53,52,0,10056,1,18,-65,0.0073,47,2026-05-31 09:14:05.000986,1.0815,0
"1902800",4,0,2,0.0365,1,0,1,177.48919026947,1,271.260009765625,0.0364999994635582,0.0167545229196548,164.113906860352,-65.0385,18.151,26.5678190669815,52,52,52,52,53,52,0,10056,1,18,-65,0.0073,47,2026-05-31 09:14:05.000986,1.0815,0
"1902800",4,0,2,0.0292,1,-0.0073,1,176.166078918457,1,280.809997558594,0.0292000006884336,0.0134036187082529,162.890502929688,-65.0385,18.151,26.5678190669815,52,52,52,52,53,52,0,10056,1,18,-65,0.0073,47,2026-05-31 09:14:05.000986,1.0815,0
"1902800",4,0,2,0.0292,1,-0.0073,1,171.917623603821,1,290.899993896484,0.0292000006884336,0.0134036187082529,158.962203979492,-65.0385,18.151,26.5678190669815,52,52,52,52,53,52,0,10056,1,18,-65,0.0073,47,2026-05-31 09:14:05.000986,1.0815,0
"1902800",4,0,2,0.0292,1,-0.0073,1,169.86266468811,1,301.230010986328,0.0292000006884336,0.0134036187082529,157.062103271484,-65.0385,18.151,26.5678190669815,52,52,52,52,53,52,0,10056,1,18,-65,0.0073,47,2026-05-31 09:14:05.000986,1.0815,0
"1902800",4,0,2,0.0219,1,-0.0146,1,166.165124839783,1,311.529998779297,0.0219000000506639,0.010052714496851,153.643203735352,-65.0385,18.151,26.5678190669815,52,52,52,52,53,52,0,10056,1,18,-65,0.0073,47,2026-05-31 09:14:05.000986,1.0815,0
"1902800",4,0,2,0.0292,1,-0.0073,1,162.274424629211,1,321.660003662109,0.0292000006884336,0.0134036187082529,150.045700073242,-65.0385,18.151,26.5678190669815,52,52,52,52,53,52,0,10056,1,18,-65,0.0073,47,2026-05-31 09:14:05.000986,1.0815,0
"1902800",4,0,2,0.0365,1,0,1,160.06242906189,1,331.640014648438,0.0364999994635582,0.0167545229196548,148.000396728516,-65.0385,18.151,26.5678190669815,52,52,52,52,53,52,0,10056,1,18,-65,0.0073,47,2026-05-31 09:14:05.000986,1.0815,0
"1902800",4,0,2,0.0292,1,-0.0073,1,155.563616134644,1,341.209991455078,0.0292000006884336,0.0134036187082529,143.840606689453,-65.0385,18.151,26.5678190669815,52,52,52,52,53,52,0,10056,1,18,-65,0.0073,47,2026-05-31 09:14:05.000986,1.0815,0
"1902800",4,0,2,0.0292,1,-0.0073,1,153.564352752686,1,351.230010986328,0.0292000006884336,0.0134036187082529,141.992004394531,-65.0385,18.151,26.5678190669815,52,52,52,52,53,52,0,10056,1,18,-65,0.0073,47,2026-05-31 09:14:05.000986,1.0815,0
"1902800",4,0,2,0.0292,1,-0.0073,1,151.73640058136,1,361,0.0292000006884336,0.0134036187082529,140.301803588867,-65.0385,18.151,26.5678190669815,52,52,52,52,53,52,0,10056,1,18,-65,0.0073,47,2026-05-31 09:14:05.000986,1.0815,0
"1902800",4,0,2,0.0365,1,0,1,148.05075894928,1,381.869995117188,0.0364999994635582,0.0167545229196548,136.893905639648,-65.0385,18.151,26.5678190669815,52,52,52,52,53,52,0,10056,1,18,-65,0.0073,47,2026-05-31 09:14:05.000986,1.0815,0
"1902800",4,0,2,0.0365,1,0,1,143.913579185486,1,401.600006103516,0.0364999994635582,0.0167545229196548,133.068496704102,-65.0385,18.151,26.5678190669815,52,52,52,52,53,52,0,10056,1,18,-65,0.0073,47,2026-05-31 09:14:05.000986,1.0815,0
"1902800",4,0,2,0.0292,1,-0.0073,1,137.374618228912,4,451.760009765625,0.0292000006884336,0.0134036187082529,127.022300720215,-65.0385,18.151,26.5678190669815,52,52,52,52,53,52,0,10056,1,18,-65,0.0073,47,2026-05-31 09:14:05.000986,1.0815,0
"1902800",5,0.0146,5,0.0511,1,0.0146,1,197.847665359497,1,7.6100001335144,0.0511000007390976,0.110579863190651,182.938201904297,-65.0447,18.1513,14.0148796806939,52,52,52,52,53,52,0.0146,10056,1,18,-65,0.0073,47,2026-05-31 21:52:47.002329,1.0815,0
"1902800",5,0.0365,5,0.073,1,0.0365,1,197.951267303467,1,11.710000038147,0.0729999989271164,0.110579863190651,183.033996582031,-65.0447,18.1513,14.0148796806939,52,52,52,52,53,52,0.0365,10056,1,18,-65,0.0073,47,2026-05-31 21:52:47.002329,1.0815,0
"1902800",5,0.0365,2,0.073,1,0.0365,1,197.937537322998,1,17,0.0729999989271164,0.110579863190651,183.021301269531,-65.0447,18.1513,14.0148796806939,52,52,52,52,53,52,0.0365,10056,1,18,-65,0.0073,47,2026-05-31 21:52:47.002329,1.0815,0
"1902800",5,0.0438,2,0.0803,1,0.0438,1,198.236675971985,1,21.7700004577637,0.0803000032901764,0.110579863190651,183.297897338867,-65.0447,18.1513,14.0148796806939,52,52,52,52,53,52,0.0438,10056,1,18,-65,0.0073,47,2026-05-31 21:52:47.002329,1.0815,0
"1902800",5,0.073,2,0.1095,1,0.073,1,198.171574081421,1,26.3899993896484,0.109499998390675,0.110579863190651,183.237701416016,-65.0447,18.1513,14.0148796806939,52,52,52,52,53,52,0.073,10056,1,18,-65,0.0073,47,2026-05-31 21:52:47.002329,1.0815,0
"1902800",5,0.0584,2,0.0949,1,0.0584,1,197.886809005737,1,31.8500003814697,0.0948999971151352,0.110579863190651,182.974395751953,-65.0447,18.1513,14.0148796806939,52,52,52,52,53,52,0.0584,10056,1,18,-65,0.0073,47,2026-05-31 21:52:47.002329,1.0815,0
"1902800",5,0.0949,2,0.1314,1,0.0949,1,197.880752632141,1,36.3499984741211,0.131400004029274,0.110579863190651,182.968795776367,-65.0447,18.1513,14.0148796806939,52,52,52,52,53,52,0.0949,10056,1,18,-65,0.0073,47,2026-05-31 21:52:47.002329,1.0815,0
"1902800",5,0.1241,2,0.1606,1,0.1241,1,197.023998550415,1,41.939998626709,0.160600006580353,0.110579863190651,182.176605224609,-65.0447,18.1513,14.0148796806939,52,52,52,52,53,52,0.1241,10056,1,18,-65,0.0073,47,2026-05-31 21:52:47.002329,1.0815,0
"1902800",5,0.1387,2,0.1752,1,0.1387,1,196.302415466309,1,46.689998626709,0.175200000405312,0.110579863190651,181.509399414062,-65.0447,18.1513,14.0148796806939,52,52,52,52,53,52,0.1387,10056,1,18,-65,0.0073,47,2026-05-31 21:52:47.002329,1.0815,0
"1902800",5,0.1752,2,0.2117,1,0.1752,1,195.995157646179,1,51.9799995422363,0.21170000731945,0.110579863190651,181.225296020508,-65.0447,18.1513,14.0148796806939,52,52,52,52,53,52,0.1752,10056,1,18,-65,0.0073,47,2026-05-31 21:52:47.002329,1.0815,0
"1902800",5,0.1314,2,0.1679,1,0.1314,1,201.51696963501,1,56.6300010681152,0.167899996042252,0.110579863190651,186.330993652344,-65.0447,18.1513,14.0148796806939,52,52,52,52,53,52,0.1314,10056,1,18,-65,0.0073,47,2026-05-31 21:52:47.002329,1.0815,0
"1902800",5,0.1168,2,0.1533,1,0.1168,1,201.886738471985,1,61.6500015258789,0.153300002217293,0.110579863190651,186.672897338867,-65.0447,18.1513,14.0148796806939,52,52,52,52,53,52,0.1168,10056,1,18,-65,0.0073,47,2026-05-31 21:52:47.002329,1.0815,0
"1902800",5,0.1095,2,0.146,1,0.1095,1,201.638757202148,1,66.8399963378906,0.145999997854233,0.110579863190651,186.443603515625,-65.0447,18.1513,14.0148796806939,52,52,52,52,53,52,0.1095,10056,1,18,-65,0.0073,47,2026-05-31 21:52:47.002329,1.0815,0
"1902800",5,0.1606,2,0.1971,1,0.1606,1,199.534258140564,1,71.870002746582,0.19709999859333,0.110579863190651,184.497695922852,-65.0447,18.1513,14.0148796806939,52,52,52,52,53,52,0.1606,10056,1,18,-65,0.0073,47,2026-05-31 21:52:47.002329,1.0815,0
"1902800",5,0.1971,2,0.2336,1,0.1971,1,199.71594934845,1,76.6500015258789,0.233600005507469,0.110579863190651,184.66569519043,-65.0447,18.1513,14.0148796806939,52,52,52,52,53,52,0.1971,10056,1,18,-65,0.0073,47,2026-05-31 21:52:47.002329,1.0815,0
"1902800",5,0.1825,2,0.219,1,0.1825,1,199.945563468933,1,81.8099975585938,0.218999996781349,0.110579863190651,184.878005981445,-65.0447,18.1513,14.0148796806939,52,52,52,52,53,52,0.1825,10056,1,18,-65,0.0073,47,2026-05-31 21:52:47.002329,1.0815,0
"1902800",5,0.1825,2,0.219,1,0.1825,1,200.32072858429,1,86.8000030517578,0.218999996781349,0.110579863190651,185.224899291992,-65.0447,18.1513,14.0148796806939,52,52,52,52,53,52,0.1825,10056,1,18,-65,0.0073,47,2026-05-31 21:52:47.002329,1.0815,0
"1902800",5,0.1825,2,0.219,1,0.1825,1,200.111676429749,1,91.6699981689453,0.218999996781349,0.110579863190651,185.031600952148,-65.0447,18.1513,14.0148796806939,52,52,52,52,53,52,0.1825,10056,1,18,-65,0.0073,47,2026-05-31 21:52:47.002329,1.0815,0
"1902800",5,0.2263,2,0.2628,1,0.2263,1,199.105014724731,1,96.9599990844727,0.262800008058548,0.110579863190651,184.100799560547,-65.0447,18.1513,14.0148796806939,52,52,52,52,53,52,0.2263,10056,1,18,-65,0.0073,47,2026-05-31 21:52:47.002329,1.0815,0
"1902800",5,0.219,2,0.2555,1,0.219,1,197.866808120728,1,101.690002441406,0.255499988794327,0.110579863190651,182.955902099609,-65.0447,18.1513,14.0148796806939,52,52,52,52,53,52,0.219,10056,1,18,-65,0.0073,47,2026-05-31 21:52:47.002329,1.0815,0
"1902800",5,0.2628,2,0.2993,1,0.2628,1,195.792376396179,1,111.870002746582,0.299299985170364,0.127334386110306,181.037796020508,-65.0447,18.1513,14.0148796806939,52,52,52,52,53,52,0.2628,10056,1,18,-65,0.0073,47,2026-05-31 21:52:47.002329,1.0815,0
"1902800",5,0.2263,2,0.2628,1,0.2263,1,191.897138031006,1,121.870002746582,0.262800008058548,0.110579863190651,177.436096191406,-65.0447,18.1513,14.0148796806939,52,52,52,52,53,52,0.2263,10056,1,18,-65,0.0073,47,2026-05-31 21:52:47.002329,1.0815,0
"1902800",5,0.2774,2,0.3139,1,0.2774,1,188.884298446655,1,131.740005493164,0.313899993896484,0.134036183357239,174.650299072266,-65.0447,18.1513,14.0148796806939,52,52,52,52,53,52,0.2774,10056,1,18,-65,0.0073,47,2026-05-31 21:52:47.002329,1.0815,0
"1902800",5,0.1606,2,0.1971,1,0.1606,1,177.27396622467,1,141.690002441406,0.19709999859333,0.0804217159748077,163.914901733398,-65.0447,18.1513,14.0148796806939,52,52,52,52,53,52,0.1606,10056,1,18,-65,0.0073,47,2026-05-31 21:52:47.002329,1.0815,0
"1902800",5,0.1095,2,0.146,1,0.1095,1,173.899361457825,1,150.720001220703,0.145999997854233,0.0569653809070587,160.79460144043,-65.0447,18.1513,14.0148796806939,52,52,52,52,53,52,0.1095,10056,1,18,-65,0.0073,47,2026-05-31 21:52:47.002329,1.0815,0
"1902800",5,0.0949,2,0.1314,1,0.0949,1,170.749486106873,1,161.580001831055,0.131400004029274,0.0502635724842548,157.882095336914,-65.0447,18.1513,14.0148796806939,52,52,52,52,53,52,0.0949,10056,1,18,-65,0.0073,47,2026-05-31 21:52:47.002329,1.0815,0
"1902800",5,0.0584,2,0.0949,1,0.0584,1,169.095766067505,1,171.759994506836,0.0948999971151352,0.0335090458393097,156.352996826172,-65.0447,18.1513,14.0148796806939,52,52,52,52,53,52,0.0584,10056,1,18,-65,0.0073,47,2026-05-31 21:52:47.002329,1.0815,0
"1902800",5,0.0438,2,0.0803,1,0.0438,1,168.319461090088,1,181.720001220703,0.0803000032901764,0.0268072374165058,155.635192871094,-65.0447,18.1513,14.0148796806939,52,52,52,52,53,52,0.0438,10056,1,18,-65,0.0073,47,2026-05-31 21:52:47.002329,1.0815,0
"1902800",5,0.0219,2,0.0584,1,0.0219,1,167.876157646179,1,191.089996337891,0.0584000013768673,0.0167545229196548,155.225296020508,-65.0447,18.1513,14.0148796806939,52,52,52,52,53,52,0.0219,10056,1,18,-65,0.0073,47,2026-05-31 21:52:47.002329,1.0815,0
"1902800",5,0,2,0.0365,1,0,1,171.444252822876,1,201.690002441406,0.0364999994635582,0.00670180935412645,158.524505615234,-65.0447,18.1513,14.0148796806939,52,52,52,52,53,52,0,10056,1,18,-65,0.0073,47,2026-05-31 21:52:47.002329,1.0815,0
"1902800",5,0,2,0.0365,1,0,1,172.387743415833,1,211.860000610352,0.0364999994635582,0.00670180935412645,159.396896362305,-65.0447,18.1513,14.0148796806939,52,52,52,52,53,52,0,10056,1,18,-65,0.0073,47,2026-05-31 21:52:47.002329,1.0815,0
"1902800",5,-0.0146,2,0.0219,1,-0.0146,1,173.653971061707,1,221.860000610352,0.0219000000506639,0,160.56770324707,-65.0447,18.1513,14.0148796806939,52,52,52,52,53,52,-0.0146,10056,1,18,-65,0.0073,47,2026-05-31 21:52:47.002329,1.0815,0
"1902800",5,0,2,0.0292,1,-0.0073,1,175.51296421051,1,231.520004272461,0.0292000006884336,0.00335090467706323,162.286605834961,-65.0447,18.1513,14.0148796806939,52,52,52,52,53,52,0,10056,1,18,-65,0.0073,47,2026-05-31 21:52:47.002329,1.0815,0
"1902800",5,0,2,0.0219,1,-0.0146,1,175.5685442276,1,241.610000610352,0.0219000000506639,0,162.337997436523,-65.0447,18.1513,14.0148796806939,52,52,52,52,53,52,0,10056,1,18,-65,0.0073,47,2026-05-31 21:52:47.002329,1.0815,0
"1902800",5,0,2,0.0219,1,-0.0146,1,174.938681373596,1,251.929992675781,0.0219000000506639,0,161.755599975586,-65.0447,18.1513,14.0148796806939,52,52,52,52,53,52,0,10056,1,18,-65,0.0073,47,2026-05-31 21:52:47.002329,1.0815,0
"1902800",5,0,2,0.0219,1,-0.0146,1,177.593006744385,1,261.549987792969,0.0219000000506639,0,164.209899902344,-65.0447,18.1513,14.0148796806939,52,52,52,52,53,52,0,10056,1,18,-65,0.0073,47,2026-05-31 21:52:47.002329,1.0815,0
"1902800",5,0,2,0.0292,1,-0.0073,1,178.700349472046,1,271.899993896484,0.0292000006884336,0.00335090467706323,165.233795166016,-65.0447,18.1513,14.0148796806939,52,52,52,52,53,52,0,10056,1,18,-65,0.0073,47,2026-05-31 21:52:47.002329,1.0815,0
"1902800",5,0,2,0.0219,1,-0.0146,1,178.01880116272,1,281.720001220703,0.0219000000506639,0,164.603607177734,-65.0447,18.1513,14.0148796806939,52,52,52,52,53,52,0,10056,1,18,-65,0.0073,47,2026-05-31 21:52:47.002329,1.0815,0
"1902800",5,0,2,0.0292,1,-0.0073,1,177.295914390564,1,291.619995117188,0.0292000006884336,0.00335090467706323,163.935195922852,-65.0447,18.1513,14.0148796806939,52,52,52,52,53,52,0,10056,1,18,-65,0.0073,47,2026-05-31 21:52:47.002329,1.0815,0
"1902800",5,0,2,0.0292,1,-0.0073,1,175.415732185364,1,301.579986572266,0.0292000006884336,0.00335090467706323,162.196701049805,-65.0447,18.1513,14.0148796806939,52,52,52,52,53,52,0,10056,1,18,-65,0.0073,47,2026-05-31 21:52:47.002329,1.0815,0
"1902800",5,0,2,0.0292,1,-0.0073,1,175.313962005615,1,311.140014648438,0.0292000006884336,0.00335090467706323,162.102600097656,-65.0447,18.1513,14.0148796806939,52,52,52,52,53,52,0,10056,1,18,-65,0.0073,47,2026-05-31 21:52:47.002329,1.0815,0
"1902800",5,0,2,0.0292,1,-0.0073,1,172.50768271637,1,321.149993896484,0.0292000006884336,0.00335090467706323,159.507797241211,-65.0447,18.1513,14.0148796806939,52,52,52,52,53,52,0,10056,1,18,-65,0.0073,47,2026-05-31 21:52:47.002329,1.0815,0
"1902800",5,0,2,0.0219,1,-0.0146,1,170.017638542175,1,331.899993896484,0.0219000000506639,0,157.20539855957,-65.0447,18.1513,14.0148796806939,52,52,52,52,53,52,0,10056,1,18,-65,0.0073,47,2026-05-31 21:52:47.002329,1.0815,0
"1902800",5,0,2,0.0292,1,-0.0073,1,166.31221055603,1,341.480010986328,0.0292000006884336,0.00335090467706323,153.779205322266,-65.0447,18.1513,14.0148796806939,52,52,52,52,53,52,0,10056,1,18,-65,0.0073,47,2026-05-31 21:52:47.002329,1.0815,0
"1902800",5,0,2,0.0292,1,-0.0073,1,163.311698249817,1,351.279998779297,0.0292000006884336,0.00335090467706323,151.004806518555,-65.0447,18.1513,14.0148796806939,52,52,52,52,53,52,0,10056,1,18,-65,0.0073,47,2026-05-31 21:52:47.002329,1.0815,0
"1902800",5,0,2,0.0365,1,0,1,160.664930969238,1,361.899993896484,0.0364999994635582,0.00670180935412645,148.557495117188,-65.0447,18.1513,14.0148796806939,52,52,52,52,53,52,0,10056,1,18,-65,0.0073,47,2026-05-31 21:52:47.002329,1.0815,0
"1902800",5,0,2,0.0365,1,0,1,151.195106002808,1,381.600006103516,0.0364999994635582,0.00670180935412645,139.801300048828,-65.0447,18.1513,14.0148796806939,52,52,52,52,53,52,0,10056,1,18,-65,0.0073,47,2026-05-31 21:52:47.002329,1.0815,0
"1902800",5,0,2,0.0292,1,-0.0073,1,145.234198677063,1,401.190002441406,0.0292000006884336,0.00335090467706323,134.289596557617,-65.0447,18.1513,14.0148796806939,52,52,52,52,53,52,0,10056,1,18,-65,0.0073,47,2026-05-31 21:52:47.002329,1.0815,0
"1902800",5,0,2,0.0365,1,0,1,135.783623737335,1,451.600006103516,0.0364999994635582,0.00670180935412645,125.551200866699,-65.0447,18.1513,14.0148796806939,52,52,52,52,53,52,0,10056,1,18,-65,0.0073,47,2026-05-31 21:52:47.002329,1.0815,0
"1902800",5,0,2,0.0365,1,0,1,130.739184356689,4,501.859985351562,0.0364999994635582,0.00670180935412645,120.886901855469,-65.0447,18.1513,14.0148796806939,52,52,52,52,53,52,0,10056,1,18,-65,0.0073,47,2026-05-31 21:52:47.002329,1.0815,0
"1902800",6,0.0292,5,0.0657,1,0.0292,1,197.297294471741,1,7.46000003814697,0.065700002014637,0.113930761814117,182.429306030273,-65.0441,18.1451,21.7673864498164,52,52,52,52,53,52,0.0292,10056,1,18,-65,0.0073,47,2026-06-01 10:27:45.001112,1.0815,0
"1902800",6,0.0292,5,0.0657,1,0.0292,1,197.249058013916,1,11.8299999237061,0.065700002014637,0.113930761814117,182.384704589844,-65.0441,18.1451,21.7673864498164,52,52,52,52,53,52,0.0292,10056,1,18,-65,0.0073,47,2026-06-01 10:27:45.001112,1.0815,0
"1902800",6,0.0365,5,0.073,1,0.0365,1,197.252193466186,1,16.8299999237061,0.0729999989271164,0.113930761814117,182.387603759766,-65.0441,18.1451,21.7673864498164,52,52,52,52,53,52,0.0365,10056,1,18,-65,0.0073,47,2026-06-01 10:27:45.001112,1.0815,0
"1902800",6,0.0803,2,0.1168,1,0.0803,1,197.292739814758,1,21.8099994659424,0.116800002753735,0.113930761814117,182.425094604492,-65.0441,18.1451,21.7673864498164,52,52,52,52,53,52,0.0803,10056,1,18,-65,0.0073,47,2026-06-01 10:27:45.001112,1.0815,0
"1902800",6,0.0657,2,0.1022,1,0.0657,1,197.781144264221,1,26.7999992370605,0.102200001478195,0.113930761814117,182.876693725586,-65.0441,18.1451,21.7673864498164,52,52,52,52,53,52,0.0657,10056,1,18,-65,0.0073,47,2026-06-01 10:27:45.001112,1.0815,0
"1902800",6,0.0657,2,0.1022,1,0.0657,1,197.529813011169,1,31.7199993133545,0.102200001478195,0.113930761814117,182.644302368164,-65.0441,18.1451,21.7673864498164,52,52,52,52,53,52,0.0657,10056,1,18,-65,0.0073,47,2026-06-01 10:27:45.001112,1.0815,0
"1902800",6,0.1168,2,0.1533,1,0.1168,1,196.797206336975,1,36.7900009155273,0.153300002217293,0.113930761814117,181.966903686523,-65.0441,18.1451,21.7673864498164,52,52,52,52,53,52,0.1168,10056,1,18,-65,0.0073,47,2026-06-01 10:27:45.001112,1.0815,0
"1902800",6,0.1971,2,0.2336,1,0.1971,1,196.16506615448,1,41.9599990844727,0.233600005507469,0.113930761814117,181.382400512695,-65.0441,18.1451,21.7673864498164,52,52,52,52,53,52,0.1971,10056,1,18,-65,0.0073,47,2026-06-01 10:27:45.001112,1.0815,0
"1902800",6,0.1314,2,0.1679,1,0.1314,1,199.496187149048,1,46.939998626709,0.167899996042252,0.113930761814117,184.462493896484,-65.0441,18.1451,21.7673864498164,52,52,52,52,53,52,0.1314,10056,1,18,-65,0.0073,47,2026-06-01 10:27:45.001112,1.0815,0
"1902800",6,0.0949,2,0.1314,1,0.0949,1,201.457065994263,1,51.8699989318848,0.131400004029274,0.113930761814117,186.275604248047,-65.0441,18.1451,21.7673864498164,52,52,52,52,53,52,0.0949,10056,1,18,-65,0.0073,47,2026-06-01 10:27:45.001112,1.0815,0
"1902800",6,0.1533,2,0.1898,1,0.1533,1,199.416926216125,1,56.9099998474121,0.18979999423027,0.113930761814117,184.389205932617,-65.0441,18.1451,21.7673864498164,52,52,52,52,53,52,0.1533,10056,1,18,-65,0.0073,47,2026-06-01 10:27:45.001112,1.0815,0
"1902800",6,0.2044,2,0.2409,1,0.2044,1,197.69614050293,1,61.9700012207031,0.240899994969368,0.113930761814117,182.798095703125,-65.0441,18.1451,21.7673864498164,52,52,52,52,53,52,0.2044,10056,1,18,-65,0.0073,47,2026-06-01 10:27:45.001112,1.0815,0
"1902800",6,0.1679,2,0.2044,1,0.1679,1,200.448341491699,1,66.5899963378906,0.20440000295639,0.113930761814117,185.342895507812,-65.0441,18.1451,21.7673864498164,52,52,52,52,53,52,0.1679,10056,1,18,-65,0.0073,47,2026-06-01 10:27:45.001112,1.0815,0
"1902800",6,0.1606,2,0.1971,1,0.1606,1,200.181762039185,1,71.7600021362305,0.19709999859333,0.113930761814117,185.096405029297,-65.0441,18.1451,21.7673864498164,52,52,52,52,53,52,0.1606,10056,1,18,-65,0.0073,47,2026-06-01 10:27:45.001112,1.0815,0
"1902800",6,0.1606,2,0.1971,1,0.1606,1,199.830492370605,1,76.9300003051758,0.19709999859333,0.113930761814117,184.771606445312,-65.0441,18.1451,21.7673864498164,52,52,52,52,53,52,0.1606,10056,1,18,-65,0.0073,47,2026-06-01 10:27:45.001112,1.0815,0
"1902800",6,0.1752,2,0.2117,1,0.1752,1,199.095938415527,1,81.4100036621094,0.21170000731945,0.113930761814117,184.092407226562,-65.0441,18.1451,21.7673864498164,52,52,52,52,53,52,0.1752,10056,1,18,-65,0.0073,47,2026-06-01 10:27:45.001112,1.0815,0
"1902800",6,0.2044,2,0.2409,1,0.2044,1,198.748546806335,1,86.4000015258789,0.240899994969368,0.113930761814117,183.771194458008,-65.0441,18.1451,21.7673864498164,52,52,52,52,53,52,0.2044,10056,1,18,-65,0.0073,47,2026-06-01 10:27:45.001112,1.0815,0
"1902800",6,0.219,2,0.2555,1,0.219,1,198.485317337036,1,91.6699981689453,0.255499988794327,0.113930761814117,183.527801513672,-65.0441,18.1451,21.7673864498164,52,52,52,52,53,52,0.219,10056,1,18,-65,0.0073,47,2026-06-01 10:27:45.001112,1.0815,0
"1902800",6,0.2117,2,0.2482,1,0.2117,1,197.335679008484,1,96.4800033569336,0.248199999332428,0.113930761814117,182.464797973633,-65.0441,18.1451,21.7673864498164,52,52,52,52,53,52,0.2117,10056,1,18,-65,0.0073,47,2026-06-01 10:27:45.001112,1.0815,0
"1902800",6,0.2555,2,0.292,1,0.2555,1,196.361791030884,1,101.860000610352,0.291999995708466,0.113930761814117,181.564300537109,-65.0441,18.1451,21.7673864498164,52,52,52,52,53,52,0.2555,10056,1,18,-65,0.0073,47,2026-06-01 10:27:45.001112,1.0815,0
"1902800",6,0.2482,2,0.2847,1,0.2482,1,193.891104148865,1,111.599998474121,0.284700006246567,0.113930761814117,179.279800415039,-65.0441,18.1451,21.7673864498164,52,52,52,52,53,52,0.2482,10056,1,18,-65,0.0073,47,2026-06-01 10:27:45.001112,1.0815,0
"1902800",6,0.219,2,0.2555,1,0.219,1,192.321958808899,1,121.379997253418,0.255499988794327,0.107228949666023,177.828903198242,-65.0441,18.1451,21.7673864498164,52,52,52,52,53,52,0.219,10056,1,18,-65,0.0073,47,2026-06-01 10:27:45.001112,1.0815,0
"1902800",6,0.2336,2,0.2701,1,0.2336,1,188.4789504776,1,131.880004882812,0.270099997520447,0.113930761814117,174.275497436523,-65.0441,18.1451,21.7673864498164,52,52,52,52,53,52,0.2336,10056,1,18,-65,0.0073,47,2026-06-01 10:27:45.001112,1.0815,0
"1902800",6,0.2263,2,0.2628,1,0.2263,1,183.566884941101,1,141.960006713867,0.262800008058548,0.110579863190651,169.733596801758,-65.0441,18.1451,21.7673864498164,52,52,52,52,53,52,0.2263,10056,1,18,-65,0.0073,47,2026-06-01 10:27:45.001112,1.0815,0
"1902800",6,0.146,2,0.1825,1,0.146,1,173.285604927063,1,151.479995727539,0.182500004768372,0.0737199038267136,160.227096557617,-65.0441,18.1451,21.7673864498164,52,52,52,52,53,52,0.146,10056,1,18,-65,0.0073,47,2026-06-01 10:27:45.001112,1.0815,0
"1902800",6,0.0803,2,0.1168,1,0.0803,1,168.696589988708,1,161.740005493164,0.116800002753735,0.043561764061451,155.983901977539,-65.0441,18.1451,21.7673864498164,52,52,52,52,53,52,0.0803,10056,1,18,-65,0.0073,47,2026-06-01 10:27:45.001112,1.0815,0
"1902800",6,0.0292,2,0.0657,1,0.0292,1,168.502885047913,1,171.470001220703,0.065700002014637,0.0201054289937019,155.804794311523,-65.0441,18.1451,21.7673864498164,52,52,52,52,53,52,0.0292,10056,1,18,-65,0.0073,47,2026-06-01 10:27:45.001112,1.0815,0
"1902800",6,0.0146,2,0.0511,1,0.0146,1,168.175956390381,1,181.369995117188,0.0511000007390976,0.0134036187082529,155.502502441406,-65.0441,18.1451,21.7673864498164,52,52,52,52,53,52,0.0146,10056,1,18,-65,0.0073,47,2026-06-01 10:27:45.001112,1.0815,0
"1902800",6,0.0146,2,0.0511,1,0.0146,1,169.628941474915,1,191.259994506836,0.0511000007390976,0.0134036187082529,156.845993041992,-65.0441,18.1451,21.7673864498164,52,52,52,52,53,52,0.0146,10056,1,18,-65,0.0073,47,2026-06-01 10:27:45.001112,1.0815,0
"1902800",6,0,2,0.0365,1,0,1,171.457553741455,1,201.300003051758,0.0364999994635582,0.00670180935412645,158.536804199219,-65.0441,18.1451,21.7673864498164,52,52,52,52,53,52,0,10056,1,18,-65,0.0073,47,2026-06-01 10:27:45.001112,1.0815,0
"1902800",6,0,2,0.0292,1,-0.0073,1,173.601410980225,1,211.149993896484,0.0292000006884336,0.00335090467706323,160.519104003906,-65.0441,18.1451,21.7673864498164,52,52,52,52,53,52,0,10056,1,18,-65,0.0073,47,2026-06-01 10:27:45.001112,1.0815,0
"1902800",6,0,2,0.0292,1,-0.0073,1,174.806200263977,1,221.699996948242,0.0292000006884336,0.00335090467706323,161.633102416992,-65.0441,18.1451,21.7673864498164,52,52,52,52,53,52,0,10056,1,18,-65,0.0073,47,2026-06-01 10:27:45.001112,1.0815,0
"1902800",6,0,2,0.0219,1,-0.0146,1,177.543582115173,1,231.779998779297,0.0219000000506639,0,164.164199829102,-65.0441,18.1451,21.7673864498164,52,52,52,52,53,52,0,10056,1,18,-65,0.0073,47,2026-06-01 10:27:45.001112,1.0815,0
"1902800",6,0,2,0.0292,1,-0.0073,1,178.414082679749,1,241.169998168945,0.0292000006884336,0.00335090467706323,164.969100952148,-65.0441,18.1451,21.7673864498164,52,52,52,52,53,52,0,10056,1,18,-65,0.0073,47,2026-06-01 10:27:45.001112,1.0815,0
"1902800",6,0,2,0.0292,1,-0.0073,1,178.738965042114,1,250.789993286133,0.0292000006884336,0.00335090467706323,165.269500732422,-65.0441,18.1451,21.7673864498164,52,52,52,52,53,52,0,10056,1,18,-65,0.0073,47,2026-06-01 10:27:45.001112,1.0815,0
"1902800",6,0,2,0.0365,1,0,1,178.577720283508,1,261.609985351562,0.0364999994635582,0.00670180935412645,165.120407104492,-65.0441,18.1451,21.7673864498164,52,52,52,52,53,52,0,10056,1,18,-65,0.0073,47,2026-06-01 10:27:45.001112,1.0815,0
"1902800",6,0,2,0.0292,1,-0.0073,1,178.040749328613,1,271.489990234375,0.0292000006884336,0.00335090467706323,164.623901367188,-65.0441,18.1451,21.7673864498164,52,52,52,52,53,52,0,10056,1,18,-65,0.0073,47,2026-06-01 10:27:45.001112,1.0815,0
"1902800",6,0,2,0.0292,1,-0.0073,1,176.505334854126,1,281.109985351562,0.0292000006884336,0.00335090467706323,163.204193115234,-65.0441,18.1451,21.7673864498164,52,52,52,52,53,52,0,10056,1,18,-65,0.0073,47,2026-06-01 10:27:45.001112,1.0815,0
"1902800",6,0,2,0.0292,1,-0.0073,1,172.561331954956,1,291.709991455078,0.0292000006884336,0.00335090467706323,159.557403564453,-65.0441,18.1451,21.7673864498164,52,52,52,52,53,52,0,10056,1,18,-65,0.0073,47,2026-06-01 10:27:45.001112,1.0815,0
"1902800",6,0,2,0.0292,1,-0.0073,1,170.77826625824,1,301.630004882812,0.0292000006884336,0.00335090467706323,157.908706665039,-65.0441,18.1451,21.7673864498164,52,52,52,52,53,52,0,10056,1,18,-65,0.0073,47,2026-06-01 10:27:45.001112,1.0815,0
"1902800",6,0,2,0.0292,1,-0.0073,1,168.684147193909,1,311.739990234375,0.0292000006884336,0.00335090467706323,155.972396850586,-65.0441,18.1451,21.7673864498164,52,52,52,52,53,52,0,10056,1,18,-65,0.0073,47,2026-06-01 10:27:45.001112,1.0815,0
"1902800",6,0,2,0.0292,1,-0.0073,1,165.684393997192,1,321.730010986328,0.0292000006884336,0.00335090467706323,153.198699951172,-65.0441,18.1451,21.7673864498164,52,52,52,52,53,52,0,10056,1,18,-65,0.0073,47,2026-06-01 10:27:45.001112,1.0815,0
"1902800",6,0,2,0.0292,1,-0.0073,1,160.918325019836,1,331.200012207031,0.0292000006884336,0.00335090467706323,148.791793823242,-65.0441,18.1451,21.7673864498164,52,52,52,52,53,52,0,10056,1,18,-65,0.0073,47,2026-06-01 10:27:45.001112,1.0815,0
"1902800",6,0,2,0.0219,1,-0.0146,1,156.671288909912,1,341.529998779297,0.0219000000506639,0,144.864807128906,-65.0441,18.1451,21.7673864498164,52,52,52,52,53,52,0,10056,1,18,-65,0.0073,47,2026-06-01 10:27:45.001112,1.0815,0
"1902800",6,0,2,0.0292,1,-0.0073,1,152.788476837158,1,351.579986572266,0.0292000006884336,0.00335090467706323,141.274597167969,-65.0441,18.1451,21.7673864498164,52,52,52,52,53,52,0,10056,1,18,-65,0.0073,47,2026-06-01 10:27:45.001112,1.0815,0
"1902800",6,0,2,0.0219,1,-0.0146,1,150.676749732971,1,361.549987792969,0.0219000000506639,0,139.322006225586,-65.0441,18.1451,21.7673864498164,52,52,52,52,53,52,0,10056,1,18,-65,0.0073,47,2026-06-01 10:27:45.001112,1.0815,0
"1902800",6,0,2,0.0292,1,-0.0073,1,145.800263328552,1,381.589996337891,0.0292000006884336,0.00335090467706323,134.813003540039,-65.0441,18.1451,21.7673864498164,52,52,52,52,53,52,0,10056,1,18,-65,0.0073,47,2026-06-01 10:27:45.001112,1.0815,0
"1902800",6,0,2,0.0365,1,0,1,143.233103530884,1,400.959991455078,0.0364999994635582,0.00670180935412645,132.439300537109,-65.0441,18.1451,21.7673864498164,52,52,52,52,53,52,0,10056,1,18,-65,0.0073,47,2026-06-01 10:27:45.001112,1.0815,0
"1902800",6,0,2,0.0365,1,0,1,134.72148102951,1,451.579986572266,0.0364999994635582,0.00670180935412645,124.56909942627,-65.0441,18.1451,21.7673864498164,52,52,52,52,53,52,0,10056,1,18,-65,0.0073,47,2026-06-01 10:27:45.001112,1.0815,0
"1902800",6,0,2,0.0365,1,0,1,129.993268512726,4,501.609985351562,0.0364999994635582,0.00670180935412645,120.197196960449,-65.0441,18.1451,21.7673864498164,52,52,52,52,53,52,0,10056,1,18,-65,0.0073,47,2026-06-01 10:27:45.001112,1.0815,0
"1902800",7,0.0365,2,0.073,1,0.0365,1,198.477412696838,1,7.75,0.0729999989271164,0.0234563332051039,183.520492553711,-65.051,18.1357,21.7673976090133,52,52,52,52,53,52,0.0365,10056,1,18,-65,0.0073,47,2026-06-01 23:12:25.002485,1.0815,0
"1902800",7,0.0438,2,0.0803,1,0.0438,1,198.36765536499,1,11.6400003433228,0.0803000032901764,0.0268072374165058,183.419006347656,-65.051,18.1357,21.7673976090133,52,52,52,52,53,52,0.0438,10056,1,18,-65,0.0073,47,2026-06-01 23:12:25.002485,1.0815,0
"1902800",7,0.0511,2,0.0876,1,0.0511,1,198.450711845398,1,16.8400001525879,0.0876000002026558,0.0301581434905529,183.495803833008,-65.051,18.1357,21.7673976090133,52,52,52,52,53,52,0.0511,10056,1,18,-65,0.0073,47,2026-06-01 23:12:25.002485,1.0815,0
"1902800",7,0.0438,2,0.0803,1,0.0438,1,198.251825157166,1,21.7299995422363,0.0803000032901764,0.0268072374165058,183.311904907227,-65.051,18.1357,21.7673976090133,52,52,52,52,53,52,0.0438,10056,1,18,-65,0.0073,47,2026-06-01 23:12:25.002485,1.0815,0
"1902800",7,0.073,2,0.1095,1,0.073,1,198.706911300659,1,26.4899997711182,0.109499998390675,0.0402108579874039,183.732696533203,-65.051,18.1357,21.7673976090133,52,52,52,52,53,52,0.073,10056,1,18,-65,0.0073,47,2026-06-01 23:12:25.002485,1.0815,0
"1902800",7,0.0876,2,0.1241,1,0.0876,1,198.79678326416,1,31.9500007629395,0.124099999666214,0.0469126664102077,183.815795898438,-65.051,18.1357,21.7673976090133,52,52,52,52,53,52,0.0876,10056,1,18,-65,0.0073,47,2026-06-01 23:12:25.002485,1.0815,0
"1902800",7,0.1022,2,0.1387,1,0.1022,1,198.314220657349,1,36.8300018310547,0.138699993491173,0.0536144748330116,183.369598388672,-65.051,18.1357,21.7673976090133,52,52,52,52,53,52,0.1022,10056,1,18,-65,0.0073,47,2026-06-01 23:12:25.002485,1.0815,0
"1902800",7,0.1752,2,0.2117,1,0.1752,1,199.019680915833,1,41.8499984741211,0.21170000731945,0.0871235281229019,184.021896362305,-65.051,18.1357,21.7673976090133,52,52,52,52,53,52,0.1752,10056,1,18,-65,0.0073,47,2026-06-01 23:12:25.002485,1.0815,0
"1902800",7,0.0949,2,0.1314,1,0.0949,1,202.06130065155,1,46.8600006103516,0.131400004029274,0.0502635724842548,186.83430480957,-65.051,18.1357,21.7673976090133,52,52,52,52,53,52,0.0949,10056,1,18,-65,0.0073,47,2026-06-01 23:12:25.002485,1.0815,0
"1902800",7,0.0803,2,0.1168,1,0.0803,1,202.502112236023,1,51.6599998474121,0.116800002753735,0.043561764061451,187.241897583008,-65.051,18.1357,21.7673976090133,52,52,52,52,53,52,0.0803,10056,1,18,-65,0.0073,47,2026-06-01 23:12:25.002485,1.0815,0
"1902800",7,0.0876,2,0.1241,1,0.0876,1,201.622535362244,1,56.7999992370605,0.124099999666214,0.0469126664102077,186.428604125977,-65.051,18.1357,21.7673976090133,52,52,52,52,53,52,0.0876,10056,1,18,-65,0.0073,47,2026-06-01 23:12:25.002485,1.0815,0
"1902800",7,0.1022,2,0.1387,1,0.1022,1,199.992595252991,1,61.939998626709,0.138699993491173,0.0536144748330116,184.921493530273,-65.051,18.1357,21.7673976090133,52,52,52,52,53,52,0.1022,10056,1,18,-65,0.0073,47,2026-06-01 23:12:25.002485,1.0815,0
"1902800",7,0.1387,2,0.1752,1,0.1387,1,199.426646118164,1,66.870002746582,0.175200000405312,0.0703689977526665,184.398193359375,-65.051,18.1357,21.7673976090133,52,52,52,52,53,52,0.1387,10056,1,18,-65,0.0073,47,2026-06-01 23:12:25.002485,1.0815,0
"1902800",7,0.1679,2,0.2044,1,0.1679,1,199.594722862244,1,71.8899993896484,0.20440000295639,0.0837726220488548,184.553604125977,-65.051,18.1357,21.7673976090133,52,52,52,52,53,52,0.1679,10056,1,18,-65,0.0073,47,2026-06-01 23:12:25.002485,1.0815,0
"1902800",7,0.1971,2,0.2336,1,0.1971,1,200.475388893127,1,76.7799987792969,0.233600005507469,0.0971762388944626,185.367904663086,-65.051,18.1357,21.7673976090133,52,52,52,52,53,52,0.1971,10056,1,18,-65,0.0073,47,2026-06-01 23:12:25.002485,1.0815,0
"1902800",7,0.2263,2,0.2628,1,0.2263,1,200.399362426758,1,81.8399963378906,0.262800008058548,0.110579863190651,185.297607421875,-65.051,18.1357,21.7673976090133,52,52,52,52,53,52,0.2263,10056,1,18,-65,0.0073,47,2026-06-01 23:12:25.002485,1.0815,0
"1902800",7,0.219,2,0.2555,1,0.219,1,199.627051025391,1,86.879997253418,0.255499988794327,0.107228949666023,184.58349609375,-65.051,18.1357,21.7673976090133,52,52,52,52,53,52,0.219,10056,1,18,-65,0.0073,47,2026-06-01 23:12:25.002485,1.0815,0
"1902800",7,0.2701,2,0.3066,1,0.2701,1,197.889729927063,1,91.4899978637695,0.306600004434586,0.130685284733772,182.977096557617,-65.051,18.1357,21.7673976090133,52,52,52,52,53,52,0.2701,10056,1,18,-65,0.0073,47,2026-06-01 23:12:25.002485,1.0815,0
"1902800",7,0.2628,2,0.2993,1,0.2628,1,197.732264213562,1,96.7799987792969,0.299299985170364,0.127334386110306,182.831497192383,-65.051,18.1357,21.7673976090133,52,52,52,52,53,52,0.2628,10056,1,18,-65,0.0073,47,2026-06-01 23:12:25.002485,1.0815,0
"1902800",7,0.2847,2,0.3212,1,0.2847,1,195.475613204956,1,101.709999084473,0.321200013160706,0.137387096881866,180.744903564453,-65.051,18.1357,21.7673976090133,52,52,52,52,53,52,0.2847,10056,1,18,-65,0.0073,47,2026-06-01 23:12:25.002485,1.0815,0
"1902800",7,0.2044,2,0.2409,1,0.2044,1,192.661973854065,1,111.73999786377,0.240899994969368,0.10052714496851,178.143295288086,-65.051,18.1357,21.7673976090133,52,52,52,52,53,52,0.2044,10056,1,18,-65,0.0073,47,2026-06-01 23:12:25.002485,1.0815,0
"1902800",7,0.2774,2,0.3139,1,0.2774,1,189.185384376526,1,121.940002441406,0.313899993896484,0.134036183357239,174.928695678711,-65.051,18.1357,21.7673976090133,52,52,52,52,53,52,0.2774,10056,1,18,-65,0.0073,47,2026-06-01 23:12:25.002485,1.0815,0
"1902800",7,0.2409,2,0.2774,1,0.2409,1,185.839114196777,1,131.949996948242,0.277399986982346,0.117281675338745,171.834594726562,-65.051,18.1357,21.7673976090133,52,52,52,52,53,52,0.2409,10056,1,18,-65,0.0073,47,2026-06-01 23:12:25.002485,1.0815,0
"1902800",7,0.1825,2,0.219,1,0.1825,1,180.979509727478,1,141.929992675781,0.218999996781349,0.0904744267463684,167.341201782227,-65.051,18.1357,21.7673976090133,52,52,52,52,53,52,0.1825,10056,1,18,-65,0.0073,47,2026-06-01 23:12:25.002485,1.0815,0
"1902800",7,0.1387,2,0.1752,1,0.1387,1,177.178037887573,1,151.539993286133,0.175200000405312,0.0703689977526665,163.826202392578,-65.051,18.1357,21.7673976090133,52,52,52,52,53,52,0.1387,10056,1,18,-65,0.0073,47,2026-06-01 23:12:25.002485,1.0815,0
"1902800",7,0.1241,2,0.1606,1,0.1241,1,171.433971839905,1,161.949996948242,0.160600006580353,0.0636671930551529,158.514999389648,-65.051,18.1357,21.7673976090133,52,52,52,52,53,52,0.1241,10056,1,18,-65,0.0073,47,2026-06-01 23:12:25.002485,1.0815,0
"1902800",7,0.1022,2,0.1387,1,0.1022,1,170.311166381836,1,171.600006103516,0.138699993491173,0.0536144748330116,157.476806640625,-65.051,18.1357,21.7673976090133,52,52,52,52,53,52,0.1022,10056,1,18,-65,0.0073,47,2026-06-01 23:12:25.002485,1.0815,0
"1902800",7,0.0803,2,0.1168,1,0.0803,1,167.84642035675,1,181.429992675781,0.116800002753735,0.043561764061451,155.197799682617,-65.051,18.1357,21.7673976090133,52,52,52,52,53,52,0.0803,10056,1,18,-65,0.0073,47,2026-06-01 23:12:25.002485,1.0815,0
"1902800",7,0.0219,2,0.0584,1,0.0219,1,167.686792831421,1,191.899993896484,0.0584000013768673,0.0167545229196548,155.050201416016,-65.051,18.1357,21.7673976090133,52,52,52,52,53,52,0.0219,10056,1,18,-65,0.0073,47,2026-06-01 23:12:25.002485,1.0815,0
"1902800",7,0.0073,2,0.0438,1,0.0073,1,170.253952629089,1,201.509994506836,0.0438000001013279,0.010052714496851,157.423904418945,-65.051,18.1357,21.7673976090133,52,52,52,52,53,52,0.0073,10056,1,18,-65,0.0073,47,2026-06-01 23:12:25.002485,1.0815,0
"1902800",7,-0.0073,2,0.0292,1,-0.0073,1,171.325930755615,1,211.610000610352,0.0292000006884336,0.00335090467706323,158.415100097656,-65.051,18.1357,21.7673976090133,52,52,52,52,53,52,-0.0073,10056,1,18,-65,0.0073,47,2026-06-01 23:12:25.002485,1.0815,0
"1902800",7,-0.0073,2,0.0292,1,-0.0073,1,171.3901745224,1,221.009994506836,0.0292000006884336,0.00335090467706323,158.474502563477,-65.051,18.1357,21.7673976090133,52,52,52,52,53,52,-0.0073,10056,1,18,-65,0.0073,47,2026-06-01 23:12:25.002485,1.0815,0
"1902800",7,-0.0146,2,0.0219,1,-0.0146,1,173.676892868042,1,231.610000610352,0.0219000000506639,0,160.588897705078,-65.051,18.1357,21.7673976090133,52,52,52,52,53,52,-0.0146,10056,1,18,-65,0.0073,47,2026-06-01 23:12:25.002485,1.0815,0
"1902800",7,-0.0073,2,0.0292,1,-0.0073,1,177.928912696838,1,241.649993896484,0.0292000006884336,0.00335090467706323,164.520492553711,-65.051,18.1357,21.7673976090133,52,52,52,52,53,52,-0.0073,10056,1,18,-65,0.0073,47,2026-06-01 23:12:25.002485,1.0815,0
"1902800",7,0,2,0.0219,1,-0.0146,1,177.998569244385,1,251.860000610352,0.0219000000506639,0,164.584899902344,-65.051,18.1357,21.7673976090133,52,52,52,52,53,52,0,10056,1,18,-65,0.0073,47,2026-06-01 23:12:25.002485,1.0815,0
"1902800",7,0,2,0.0292,1,-0.0073,1,177.365026359558,1,260.929992675781,0.0292000006884336,0.00335090467706323,163.999099731445,-65.051,18.1357,21.7673976090133,52,52,52,52,53,52,0,10056,1,18,-65,0.0073,47,2026-06-01 23:12:25.002485,1.0815,0
"1902800",7,0,2,0.0219,1,-0.0146,1,178.59112021637,1,271.350006103516,0.0219000000506639,0,165.132797241211,-65.051,18.1357,21.7673976090133,52,52,52,52,53,52,0,10056,1,18,-65,0.0073,47,2026-06-01 23:12:25.002485,1.0815,0
"1902800",7,0,2,0.0292,1,-0.0073,1,177.784648887634,1,281.079986572266,0.0292000006884336,0.00335090467706323,164.387100219727,-65.051,18.1357,21.7673976090133,52,52,52,52,53,52,0,10056,1,18,-65,0.0073,47,2026-06-01 23:12:25.002485,1.0815,0
"1902800",7,0,2,0.0292,1,-0.0073,1,176.056519615173,1,291.429992675781,0.0292000006884336,0.00335090467706323,162.789199829102,-65.051,18.1357,21.7673976090133,52,52,52,52,53,52,0,10056,1,18,-65,0.0073,47,2026-06-01 23:12:25.002485,1.0815,0
"1902800",7,0,2,0.0292,1,-0.0073,1,174.413295089722,1,300.869995117188,0.0292000006884336,0.00335090467706323,161.269805908203,-65.051,18.1357,21.7673976090133,52,52,52,52,53,52,0,10056,1,18,-65,0.0073,47,2026-06-01 23:12:25.002485,1.0815,0
"1902800",7,0,2,0.0219,1,-0.0146,1,172.379211685181,1,311.779998779297,0.0219000000506639,0,159.389007568359,-65.051,18.1357,21.7673976090133,52,52,52,52,53,52,0,10056,1,18,-65,0.0073,47,2026-06-01 23:12:25.002485,1.0815,0
"1902800",7,0,2,0.0292,1,-0.0073,1,168.842273002624,1,321.630004882812,0.0292000006884336,0.00335090467706323,156.118606567383,-65.051,18.1357,21.7673976090133,52,52,52,52,53,52,0,10056,1,18,-65,0.0073,47,2026-06-01 23:12:25.002485,1.0815,0
"1902800",7,0,2,0.0292,1,-0.0073,1,167.594643539429,1,329.549987792969,0.0292000006884336,0.00335090467706323,154.964996337891,-65.051,18.1357,21.7673976090133,52,52,52,52,53,52,0,10056,1,18,-65,0.0073,47,2026-06-01 23:12:25.002485,1.0815,0
"1902800",7,0,2,0.0219,1,-0.0146,1,167.275058441162,1,341.269989013672,0.0219000000506639,0,154.669494628906,-65.051,18.1357,21.7673976090133,52,52,52,52,53,52,0,10056,1,18,-65,0.0073,47,2026-06-01 23:12:25.002485,1.0815,0
"1902800",7,0,2,0.0292,1,-0.0073,1,160.133702842712,1,351.890014648438,0.0292000006884336,0.00335090467706323,148.066299438477,-65.051,18.1357,21.7673976090133,52,52,52,52,53,52,0,10056,1,18,-65,0.0073,47,2026-06-01 23:12:25.002485,1.0815,0
"1902800",7,0,2,0.0292,1,-0.0073,1,154.355460365295,1,361.369995117188,0.0292000006884336,0.00335090467706323,142.723495483398,-65.051,18.1357,21.7673976090133,52,52,52,52,53,52,0,10056,1,18,-65,0.0073,47,2026-06-01 23:12:25.002485,1.0815,0
"1902800",7,0,2,0.0365,1,0,1,147.202536598206,1,381.209991455078,0.0364999994635582,0.00670180935412645,136.109603881836,-65.051,18.1357,21.7673976090133,52,52,52,52,53,52,0,10056,1,18,-65,0.0073,47,2026-06-01 23:12:25.002485,1.0815,0
"1902800",7,0,2,0.0365,1,0,1,145.516257362366,1,401.040008544922,0.0364999994635582,0.00670180935412645,134.550399780273,-65.051,18.1357,21.7673976090133,52,52,52,52,53,52,0,10056,1,18,-65,0.0073,47,2026-06-01 23:12:25.002485,1.0815,0
"1902800",7,0,2,0.0292,1,-0.0073,1,136.042315052032,1,451.679992675781,0.0292000006884336,0.00335090467706323,125.790397644043,-65.051,18.1357,21.7673976090133,52,52,52,52,53,52,0,10056,1,18,-65,0.0073,47,2026-06-01 23:12:25.002485,1.0815,0
"1902800",7,0,2,0.0365,1,0,1,130.208814353943,4,501.640014648438,0.0364999994635582,0.00670180935412645,120.396499633789,-65.051,18.1357,21.7673976090133,52,52,52,52,53,52,0,10056,1,18,-65,0.0073,47,2026-06-01 23:12:25.002485,1.0815,0
"1902800",8,0.0292,2,0.0657,1,0.0292,1,196.791034446716,1,7.80999994277954,0.065700002014637,0.0201054289937019,181.961196899414,-65.241,18.0912,17.8912246325429,52,52,52,52,53,52,0.0292,10056,1,18,-65,0.0073,47,2026-06-12 04:41:32.000489,1.0815,0
"1902800",8,0.0438,2,0.0803,1,0.0438,1,196.904917373657,1,11.6599998474121,0.0803000032901764,0.0268072374165058,182.066497802734,-65.241,18.0912,17.8912246325429,52,52,52,52,53,52,0.0438,10056,1,18,-65,0.0073,47,2026-06-12 04:41:32.000489,1.0815,0
"1902800",8,0.0365,2,0.073,1,0.0365,1,197.083143081665,1,16.6800003051758,0.0729999989271164,0.0234563332051039,182.231292724609,-65.241,18.0912,17.8912246325429,52,52,52,52,53,52,0.0365,10056,1,18,-65,0.0073,47,2026-06-12 04:41:32.000489,1.0815,0
"1902800",8,0.0876,2,0.1241,1,0.0876,1,197.759410629272,1,21.8799991607666,0.124099999666214,0.0469126664102077,182.856597900391,-65.241,18.0912,17.8912246325429,52,52,52,52,53,52,0.0876,10056,1,18,-65,0.0073,47,2026-06-12 04:41:32.000489,1.0815,0
"1902800",8,0.0803,2,0.1168,1,0.0803,1,198.88439440155,1,26.3999996185303,0.116800002753735,0.043561764061451,183.89680480957,-65.241,18.0912,17.8912246325429,52,52,52,52,53,52,0.0803,10056,1,18,-65,0.0073,47,2026-06-12 04:41:32.000489,1.0815,0
"1902800",8,0.0803,2,0.1168,1,0.0803,1,199.285303230286,1,31.9200000762939,0.116800002753735,0.043561764061451,184.267501831055,-65.241,18.0912,17.8912246325429,52,52,52,52,53,52,0.0803,10056,1,18,-65,0.0073,47,2026-06-12 04:41:32.000489,1.0815,0
"1902800",8,0.0876,2,0.1241,1,0.0876,1,199.722220252991,1,36.8300018310547,0.124099999666214,0.0469126664102077,184.671493530273,-65.241,18.0912,17.8912246325429,52,52,52,52,53,52,0.0876,10056,1,18,-65,0.0073,47,2026-06-12 04:41:32.000489,1.0815,0
"1902800",8,0.0803,2,0.1168,1,0.0803,1,201.582088027954,1,41.9099998474121,0.116800002753735,0.043561764061451,186.391204833984,-65.241,18.0912,17.8912246325429,52,52,52,52,53,52,0.0803,10056,1,18,-65,0.0073,47,2026-06-12 04:41:32.000489,1.0815,0
"1902800",8,0.0949,2,0.1314,1,0.0949,1,201.266711036682,1,46.8800010681152,0.131400004029274,0.0502635724842548,186.099594116211,-65.241,18.0912,17.8912246325429,52,52,52,52,53,52,0.0949,10056,1,18,-65,0.0073,47,2026-06-12 04:41:32.000489,1.0815,0
"1902800",8,0.0949,2,0.1314,1,0.0949,1,200.273135719299,1,51.8800010681152,0.131400004029274,0.0502635724842548,185.180892944336,-65.241,18.0912,17.8912246325429,52,52,52,52,53,52,0.0949,10056,1,18,-65,0.0073,47,2026-06-12 04:41:32.000489,1.0815,0
"1902800",8,0.1241,2,0.1606,1,0.1241,1,199.146105651855,1,56.5800018310547,0.160600006580353,0.0636671930551529,184.138793945312,-65.241,18.0912,17.8912246325429,52,52,52,52,53,52,0.1241,10056,1,18,-65,0.0073,47,2026-06-12 04:41:32.000489,1.0815,0
"1902800",8,0.1314,2,0.1679,1,0.1314,1,199.698539337158,1,61.8499984741211,0.167899996042252,0.0670180916786194,184.649597167969,-65.241,18.0912,17.8912246325429,52,52,52,52,53,52,0.1314,10056,1,18,-65,0.0073,47,2026-06-12 04:41:32.000489,1.0815,0
"1902800",8,0.1387,2,0.1752,1,0.1387,1,199.925447067261,1,66.5800018310547,0.175200000405312,0.0703689977526665,184.859405517578,-65.241,18.0912,17.8912246325429,52,52,52,52,53,52,0.1387,10056,1,18,-65,0.0073,47,2026-06-12 04:41:32.000489,1.0815,0
"1902800",8,0.1168,2,0.1533,1,0.1168,1,200.068093643188,1,71.4400024414062,0.153300002217293,0.0603162869811058,184.991302490234,-65.241,18.0912,17.8912246325429,52,52,52,52,53,52,0.1168,10056,1,18,-65,0.0073,47,2026-06-12 04:41:32.000489,1.0815,0
"1902800",8,0.1606,2,0.1971,1,0.1606,1,200.19311567688,1,76.8000030517578,0.19709999859333,0.0804217159748077,185.106903076172,-65.241,18.0912,17.8912246325429,52,52,52,52,53,52,0.1606,10056,1,18,-65,0.0073,47,2026-06-12 04:41:32.000489,1.0815,0
"1902800",8,0.1533,2,0.1898,1,0.1533,1,200.576399963379,1,81.6100006103516,0.18979999423027,0.0770708099007607,185.461303710938,-65.241,18.0912,17.8912246325429,52,52,52,52,53,52,0.1533,10056,1,18,-65,0.0073,47,2026-06-12 04:41:32.000489,1.0815,0
"1902800",8,0.1752,2,0.2117,1,0.1752,1,200.100751853943,1,86.75,0.21170000731945,0.0871235281229019,185.021499633789,-65.241,18.0912,17.8912246325429,52,52,52,52,53,52,0.1752,10056,1,18,-65,0.0073,47,2026-06-12 04:41:32.000489,1.0815,0
"1902800",8,0.1825,2,0.219,1,0.1825,1,199.597198219299,1,91.9499969482422,0.218999996781349,0.0904744267463684,184.555892944336,-65.241,18.0912,17.8912246325429,52,52,52,52,53,52,0.1825,10056,1,18,-65,0.0073,47,2026-06-12 04:41:32.000489,1.0815,0
"1902800",8,0.219,2,0.2555,1,0.219,1,196.850410011291,1,96.6399993896484,0.255499988794327,0.107228949666023,182.016098022461,-65.241,18.0912,17.8912246325429,52,52,52,52,53,52,0.219,10056,1,18,-65,0.0073,47,2026-06-12 04:41:32.000489,1.0815,0
"1902800",8,0.219,2,0.2555,1,0.219,1,195.195716331482,1,101.050003051758,0.255499988794327,0.107228949666023,180.486099243164,-65.241,18.0912,17.8912246325429,52,52,52,52,53,52,0.219,10056,1,18,-65,0.0073,47,2026-06-12 04:41:32.000489,1.0815,0
"1902800",8,0.2774,2,0.3139,1,0.2774,1,193.014976272583,1,111.629997253418,0.313899993896484,0.134036183357239,178.469696044922,-65.241,18.0912,17.8912246325429,52,52,52,52,53,52,0.2774,10056,1,18,-65,0.0073,47,2026-06-12 04:41:32.000489,1.0815,0
"1902800",8,0.1533,2,0.1898,1,0.1533,1,180.00215625,1,121.889999389648,0.18979999423027,0.0770708099007607,166.4375,-65.241,18.0912,17.8912246325429,52,52,52,52,53,52,0.1533,10056,1,18,-65,0.0073,47,2026-06-12 04:41:32.000489,1.0815,0
"1902800",8,0.1095,2,0.146,1,0.1095,1,175.439099555969,1,131.630004882812,0.145999997854233,0.0569653809070587,162.218307495117,-65.241,18.0912,17.8912246325429,52,52,52,52,53,52,0.1095,10056,1,18,-65,0.0073,47,2026-06-12 04:41:32.000489,1.0815,0
"1902800",8,0.1022,2,0.1387,1,0.1022,1,172.458588134766,1,141.600006103516,0.138699993491173,0.0536144748330116,159.46240234375,-65.241,18.0912,17.8912246325429,52,52,52,52,53,52,0.1022,10056,1,18,-65,0.0073,47,2026-06-12 04:41:32.000489,1.0815,0
"1902800",8,0.0803,2,0.1168,1,0.0803,1,170.869755455017,1,151.830001831055,0.116800002753735,0.043561764061451,157.993301391602,-65.241,18.0912,17.8912246325429,52,52,52,52,53,52,0.0803,10056,1,18,-65,0.0073,47,2026-06-12 04:41:32.000489,1.0815,0
"1902800",8,0.0584,2,0.0949,1,0.0584,1,167.843928497314,1,161.580001831055,0.0948999971151352,0.0335090458393097,155.195495605469,-65.241,18.0912,17.8912246325429,52,52,52,52,53,52,0.0584,10056,1,18,-65,0.0073,47,2026-06-12 04:41:32.000489,1.0815,0
"1902800",8,0.0438,2,0.0803,1,0.0438,1,166.198212112427,1,171.309997558594,0.0803000032901764,0.0268072374165058,153.673797607422,-65.241,18.0912,17.8912246325429,52,52,52,52,53,52,0.0438,10056,1,18,-65,0.0073,47,2026-06-12 04:41:32.000489,1.0815,0
"1902800",8,0.0146,2,0.0511,1,0.0146,1,165.693041244507,1,181.210006713867,0.0511000007390976,0.0134036187082529,153.206695556641,-65.241,18.0912,17.8912246325429,52,52,52,52,53,52,0.0146,10056,1,18,-65,0.0073,47,2026-06-12 04:41:32.000489,1.0815,0
"1902800",8,0.0146,2,0.0511,1,0.0146,1,166.246118522644,1,191.070007324219,0.0511000007390976,0.0134036187082529,153.71809387207,-65.241,18.0912,17.8912246325429,52,52,52,52,53,52,0.0146,10056,1,18,-65,0.0073,47,2026-06-12 04:41:32.000489,1.0815,0
"1902800",8,0.0073,2,0.0438,1,0.0073,1,168.521054168701,1,201.300003051758,0.0438000001013279,0.010052714496851,155.821594238281,-65.241,18.0912,17.8912246325429,52,52,52,52,53,52,0.0073,10056,1,18,-65,0.0073,47,2026-06-12 04:41:32.000489,1.0815,0
"1902800",8,-0.0073,2,0.0292,1,-0.0073,1,170.590832221985,1,211.860000610352,0.0292000006884336,0.00335090467706323,157.735397338867,-65.241,18.0912,17.8912246325429,52,52,52,52,53,52,-0.0073,10056,1,18,-65,0.0073,47,2026-06-12 04:41:32.000489,1.0815,0
"1902800",8,-0.0146,2,0.0219,1,-0.0146,1,172.426458000183,1,221.169998168945,0.0219000000506639,0,159.432693481445,-65.241,18.0912,17.8912246325429,52,52,52,52,53,52,-0.0146,10056,1,18,-65,0.0073,47,2026-06-12 04:41:32.000489,1.0815,0
"1902800",8,0,2,0.0292,1,-0.0073,1,174.668520904541,1,230.970001220703,0.0292000006884336,0.00335090467706323,161.505798339844,-65.241,18.0912,17.8912246325429,52,52,52,52,53,52,0,10056,1,18,-65,0.0073,47,2026-06-12 04:41:32.000489,1.0815,0
"1902800",8,0,2,0.0219,1,-0.0146,1,176.86483921051,1,241.440002441406,0.0219000000506639,0,163.536605834961,-65.241,18.0912,17.8912246325429,52,52,52,52,53,52,0,10056,1,18,-65,0.0073,47,2026-06-12 04:41:32.000489,1.0815,0
"1902800",8,0,2,0.0219,1,-0.0146,1,177.420622879028,1,251.229995727539,0.0219000000506639,0,164.050506591797,-65.241,18.0912,17.8912246325429,52,52,52,52,53,52,0,10056,1,18,-65,0.0073,47,2026-06-12 04:41:32.000489,1.0815,0
"1902800",8,0,2,0.0219,1,-0.0146,1,177.897987236023,1,261.859985351562,0.0219000000506639,0,164.491897583008,-65.241,18.0912,17.8912246325429,52,52,52,52,53,52,0,10056,1,18,-65,0.0073,47,2026-06-12 04:41:32.000489,1.0815,0
"1902800",8,0,2,0.0292,1,-0.0073,1,177.271688896179,1,271.019989013672,0.0292000006884336,0.00335090467706323,163.912796020508,-65.241,18.0912,17.8912246325429,52,52,52,52,53,52,0,10056,1,18,-65,0.0073,47,2026-06-12 04:41:32.000489,1.0815,0
"1902800",8,0,2,0.0292,1,-0.0073,1,175.345861106873,1,281.559997558594,0.0292000006884336,0.00335090467706323,162.132095336914,-65.241,18.0912,17.8912246325429,52,52,52,52,53,52,0,10056,1,18,-65,0.0073,47,2026-06-12 04:41:32.000489,1.0815,0
"1902800",8,0,2,0.0292,1,-0.0073,1,172.674340255737,1,291.149993896484,0.0292000006884336,0.00335090467706323,159.661895751953,-65.241,18.0912,17.8912246325429,52,52,52,52,53,52,0,10056,1,18,-65,0.0073,47,2026-06-12 04:41:32.000489,1.0815,0
"1902800",8,0,2,0.0292,1,-0.0073,1,169.046126907349,1,301.890014648438,0.0292000006884336,0.00335090467706323,156.307098388672,-65.241,18.0912,17.8912246325429,52,52,52,52,53,52,0,10056,1,18,-65,0.0073,47,2026-06-12 04:41:32.000489,1.0815,0
"1902800",8,0,2,0.0292,1,-0.0073,1,167.899838562012,1,311.799987792969,0.0292000006884336,0.00335090467706323,155.247192382812,-65.241,18.0912,17.8912246325429,52,52,52,52,53,52,0,10056,1,18,-65,0.0073,47,2026-06-12 04:41:32.000489,1.0815,0
"1902800",8,0,2,0.0292,1,-0.0073,1,163.912351890564,1,321.329986572266,0.0292000006884336,0.00335090467706323,151.560195922852,-65.241,18.0912,17.8912246325429,52,52,52,52,53,52,0,10056,1,18,-65,0.0073,47,2026-06-12 04:41:32.000489,1.0815,0
"1902800",8,0,2,0.0292,1,-0.0073,1,161.663275474548,1,331.399993896484,0.0292000006884336,0.00335090467706323,149.480606079102,-65.241,18.0912,17.8912246325429,52,52,52,52,53,52,0,10056,1,18,-65,0.0073,47,2026-06-12 04:41:32.000489,1.0815,0
"1902800",8,0,2,0.0365,1,0,1,159.600098373413,1,341.630004882812,0.0364999994635582,0.00670180935412645,147.572906494141,-65.241,18.0912,17.8912246325429,52,52,52,52,53,52,0,10056,1,18,-65,0.0073,47,2026-06-12 04:41:32.000489,1.0815,0
"1902800",8,0,2,0.0219,1,-0.0146,1,158.976720954895,1,350.809997558594,0.0219000000506639,0,146.996505737305,-65.241,18.0912,17.8912246325429,52,52,52,52,53,52,0,10056,1,18,-65,0.0073,47,2026-06-12 04:41:32.000489,1.0815,0
"1902800",8,0,2,0.0292,1,-0.0073,1,154.13776096344,1,360.910003662109,0.0292000006884336,0.00335090467706323,142.522201538086,-65.241,18.0912,17.8912246325429,52,52,52,52,53,52,0,10056,1,18,-65,0.0073,47,2026-06-12 04:41:32.000489,1.0815,0
"1902800",8,0,2,0.0292,1,-0.0073,1,148.159113578796,1,381.059997558594,0.0292000006884336,0.00335090467706323,136.994094848633,-65.241,18.0912,17.8912246325429,52,52,52,52,53,52,0,10056,1,18,-65,0.0073,47,2026-06-12 04:41:32.000489,1.0815,0
"1902800",8,0,2,0.0365,1,0,1,141.002839828491,1,401.929992675781,0.0364999994635582,0.00670180935412645,130.377105712891,-65.241,18.0912,17.8912246325429,52,52,52,52,53,52,0,10056,1,18,-65,0.0073,47,2026-06-12 04:41:32.000489,1.0815,0
"1902800",8,0,2,0.0365,1,0,1,133.700544765472,1,451.350006103516,0.0364999994635582,0.00670180935412645,123.625099182129,-65.241,18.0912,17.8912246325429,52,52,52,52,53,52,0,10056,1,18,-65,0.0073,47,2026-06-12 04:41:32.000489,1.0815,0
"1902800",8,0,2,0.0365,1,0,1,128.911017654419,1,501.410003662109,0.0364999994635582,0.00670180935412645,119.196502685547,-65.241,18.0912,17.8912246325429,52,52,52,52,53,52,0,10056,1,18,-65,0.0073,47,2026-06-12 04:41:32.000489,1.0815,0
"1902800",8,0,2,0.0511,1,0.0146,1,125.935052639008,1,551.179992675781,0.0511000007390976,0.0134036187082529,116.444801330566,-65.241,18.0912,17.8912246325429,52,52,52,52,53,52,0,10056,1,18,-65,0.0073,47,2026-06-12 04:41:32.000489,1.0815,0
"1902800",8,0,2,0.0365,1,0,1,122.550175140381,1,600.849975585938,0.0364999994635582,0.00670180935412645,113.315002441406,-65.241,18.0912,17.8912246325429,52,52,52,52,53,52,0,10056,1,18,-65,0.0073,47,2026-06-12 04:41:32.000489,1.0815,0
"1902800",8,0,2,0.0365,1,0,1,122.557205154419,1,651.510009765625,0.0364999994635582,0.00670180935412645,113.321502685547,-65.241,18.0912,17.8912246325429,52,52,52,52,53,52,0,10056,1,18,-65,0.0073,47,2026-06-12 04:41:32.000489,1.0815,0
"1902800",8,0,2,0.0365,1,0,1,124.578416702271,1,701.299987792969,0.0364999994635582,0.00670180935412645,115.190399169922,-65.241,18.0912,17.8912246325429,52,52,52,52,53,52,0,10056,1,18,-65,0.0073,47,2026-06-12 04:41:32.000489,1.0815,0
"1902800",8,0,2,0.0365,1,0,1,127.736287456512,1,751.710021972656,0.0364999994635582,0.00670180935412645,118.110298156738,-65.241,18.0912,17.8912246325429,52,52,52,52,53,52,0,10056,1,18,-65,0.0073,47,2026-06-12 04:41:32.000489,1.0815,0
"1902800",8,0,2,0.0438,1,0.0073,1,133.483059894562,1,801.039978027344,0.0438000001013279,0.010052714496851,123.424003601074,-65.241,18.0912,17.8912246325429,52,52,52,52,53,52,0,10056,1,18,-65,0.0073,47,2026-06-12 04:41:32.000489,1.0815,0
"1902800",8,0,2,0.0438,1,0.0073,1,143.076941505432,1,851.900024414062,0.0438000001013279,0.010052714496851,132.294906616211,-65.241,18.0912,17.8912246325429,52,52,52,52,53,52,0,10056,1,18,-65,0.0073,47,2026-06-12 04:41:32.000489,1.0815,0
"1902800",8,0,2,0.0438,1,0.0073,1,150.559071258545,1,901.359985351562,0.0438000001013279,0.010052714496851,139.213195800781,-65.241,18.0912,17.8912246325429,52,52,52,52,53,52,0,10056,1,18,-65,0.0073,47,2026-06-12 04:41:32.000489,1.0815,0
"1902800",8,0,2,0.0365,1,0,1,161.337733016968,1,950.849975585938,0.0364999994635582,0.00670180935412645,149.179595947266,-65.241,18.0912,17.8912246325429,52,52,52,52,53,52,0,10056,1,18,-65,0.0073,47,2026-06-12 04:41:32.000489,1.0815,0
"1902800",8,0,2,0.0365,1,0,1,166.810235893249,1,998.869995117188,0.0364999994635582,0.00670180935412645,154.239700317383,-65.241,18.0912,17.8912246325429,52,52,52,52,53,52,0,10056,1,18,-65,0.0073,47,2026-06-12 04:41:32.000489,1.0815,0
"1902800",8,0,2,0.0438,1,0.0073,1,182.041437904358,4,1098.33996582031,0.0438000001013279,0.010052714496851,168.323104858398,-65.241,18.0912,17.8912246325429,52,52,52,52,53,52,0,10056,1,18,-65,0.0073,47,2026-06-12 04:41:32.000489,1.0815,0
"1902800",9,0.0292,5,0.0657,1,0.0292,1,195.406715766907,1,7.84999990463257,0.065700002014637,0.157492533326149,180.681198120117,-65.404,18.0172,35.8804127731115,52,52,52,52,53,52,0.0292,10056,1,18,-65,0.0073,47,2026-06-22 10:42:42.001134,1.0815,0
"1902800",9,0.0365,5,0.073,1,0.0365,1,195.354799278259,1,11.9300003051758,0.0729999989271164,0.157492533326149,180.633193969727,-65.404,18.0172,35.8804127731115,52,52,52,52,53,52,0.0365,10056,1,18,-65,0.0073,47,2026-06-22 10:42:42.001134,1.0815,0
"1902800",9,0.0292,5,0.0657,1,0.0292,1,195.328742019653,1,16.4400005340576,0.065700002014637,0.157492533326149,180.609100341797,-65.404,18.0172,35.8804127731115,52,52,52,52,53,52,0.0292,10056,1,18,-65,0.0073,47,2026-06-22 10:42:42.001134,1.0815,0
"1902800",9,0.0292,5,0.0657,1,0.0292,1,195.332851112366,1,21.5699996948242,0.065700002014637,0.157492533326149,180.612899780273,-65.404,18.0172,35.8804127731115,52,52,52,52,53,52,0.0292,10056,1,18,-65,0.0073,47,2026-06-22 10:42:42.001134,1.0815,0
"1902800",9,0.0292,5,0.0657,1,0.0292,1,195.321827522278,1,26.5400009155273,0.065700002014637,0.157492533326149,180.60270690918,-65.404,18.0172,35.8804127731115,52,52,52,52,53,52,0.0292,10056,1,18,-65,0.0073,47,2026-06-22 10:42:42.001134,1.0815,0
"1902800",9,0.0438,5,0.0803,1,0.0438,1,195.319335662842,1,31.6399993896484,0.0803000032901764,0.157492533326149,180.600402832031,-65.404,18.0172,35.8804127731115,52,52,52,52,53,52,0.0438,10056,1,18,-65,0.0073,47,2026-06-22 10:42:42.001134,1.0815,0
"1902800",9,0.0803,2,0.1168,1,0.0803,1,195.528602348328,1,36.9099998474121,0.116800002753735,0.157492533326149,180.793899536133,-65.404,18.0172,35.8804127731115,52,52,52,52,53,52,0.0803,10056,1,18,-65,0.0073,47,2026-06-22 10:42:42.001134,1.0815,0
"1902800",9,0.1022,2,0.1387,1,0.1022,1,197.416144615173,1,42,0.138699993491173,0.157492533326149,182.539199829102,-65.404,18.0172,35.8804127731115,52,52,52,52,53,52,0.1022,10056,1,18,-65,0.0073,47,2026-06-22 10:42:42.001134,1.0815,0
"1902800",9,0.1022,2,0.1387,1,0.1022,1,200.637062713623,1,46.5,0.138699993491173,0.157492533326149,185.517395019531,-65.404,18.0172,35.8804127731115,52,52,52,52,53,52,0.1022,10056,1,18,-65,0.0073,47,2026-06-22 10:42:42.001134,1.0815,0
"1902800",9,0.1241,2,0.1606,1,0.1241,1,200.363981323242,1,51.9500007629395,0.160600006580353,0.157492533326149,185.264892578125,-65.404,18.0172,35.8804127731115,52,52,52,52,53,52,0.1241,10056,1,18,-65,0.0073,47,2026-06-22 10:42:42.001134,1.0815,0
"1902800",9,0.1095,2,0.146,1,0.1095,1,200.533345252991,1,56.5400009155273,0.145999997854233,0.157492533326149,185.421493530273,-65.404,18.0172,35.8804127731115,52,52,52,52,53,52,0.1095,10056,1,18,-65,0.0073,47,2026-06-22 10:42:42.001134,1.0815,0
"1902800",9,0.1387,2,0.1752,1,0.1387,1,201.690888221741,1,61.4700012207031,0.175200000405312,0.157492533326149,186.491806030273,-65.404,18.0172,35.8804127731115,52,52,52,52,53,52,0.1387,10056,1,18,-65,0.0073,47,2026-06-22 10:42:42.001134,1.0815,0
"1902800",9,0.1241,2,0.1606,1,0.1241,1,200.337164955139,1,66.4800033569336,0.160600006580353,0.157492533326149,185.240097045898,-65.404,18.0172,35.8804127731115,52,52,52,52,53,52,0.1241,10056,1,18,-65,0.0073,47,2026-06-22 10:42:42.001134,1.0815,0
"1902800",9,0.1679,2,0.2044,1,0.1679,1,198.828038772583,1,71.9300003051758,0.20440000295639,0.157492533326149,183.844696044922,-65.404,18.0172,35.8804127731115,52,52,52,52,53,52,0.1679,10056,1,18,-65,0.0073,47,2026-06-22 10:42:42.001134,1.0815,0
"1902800",9,0.1898,2,0.2263,1,0.1898,1,196.815920036316,1,76.5699996948242,0.226300001144409,0.157492533326149,181.98420715332,-65.404,18.0172,35.8804127731115,52,52,52,52,53,52,0.1898,10056,1,18,-65,0.0073,47,2026-06-22 10:42:42.001134,1.0815,0
"1902800",9,0.3139,2,0.3504,1,0.3139,1,195.597598800659,1,81.8199996948242,0.350400000810623,0.157492533326149,180.857696533203,-65.404,18.0172,35.8804127731115,52,52,52,52,53,52,0.3139,10056,1,18,-65,0.0073,47,2026-06-22 10:42:42.001134,1.0815,0
"1902800",9,0.3358,2,0.3723,1,0.3358,1,194.365118522644,1,86.5800018310547,0.372299998998642,0.157492533326149,179.71809387207,-65.404,18.0172,35.8804127731115,52,52,52,52,53,52,0.3358,10056,1,18,-65,0.0073,47,2026-06-22 10:42:42.001134,1.0815,0
"1902800",9,0.3577,2,0.3942,1,0.3577,1,194.03764528656,1,91.6500015258789,0.394199997186661,0.170896142721176,179.415298461914,-65.404,18.0172,35.8804127731115,52,52,52,52,53,52,0.3577,10056,1,18,-65,0.0073,47,2026-06-22 10:42:42.001134,1.0815,0
"1902800",9,0.3285,2,0.365,1,0.3285,1,193.583301750183,1,96.7600021362305,0.365000009536743,0.157492533326149,178.995193481445,-65.404,18.0172,35.8804127731115,52,52,52,52,53,52,0.3285,10056,1,18,-65,0.0073,47,2026-06-22 10:42:42.001134,1.0815,0
"1902800",9,0.292,2,0.3285,1,0.292,1,192.320325073242,1,101.699996948242,0.328500002622604,0.140737995505333,177.827392578125,-65.404,18.0172,35.8804127731115,52,52,52,52,53,52,0.292,10056,1,18,-65,0.0073,47,2026-06-22 10:42:42.001134,1.0815,0
"1902800",9,0.292,2,0.3285,1,0.292,1,189.172958084106,1,111.709999084473,0.328500002622604,0.140737995505333,174.917205810547,-65.404,18.0172,35.8804127731115,52,52,52,52,53,52,0.292,10056,1,18,-65,0.0073,47,2026-06-22 10:42:42.001134,1.0815,0
"1902800",9,0.1606,2,0.1971,1,0.1606,1,180.658191879272,1,121.75,0.19709999859333,0.0804217159748077,167.044097900391,-65.404,18.0172,35.8804127731115,52,52,52,52,53,52,0.1606,10056,1,18,-65,0.0073,47,2026-06-22 10:42:42.001134,1.0815,0
"1902800",9,0.1387,2,0.1752,1,0.1387,1,177.716626075745,1,131.490005493164,0.175200000405312,0.0703689977526665,164.324203491211,-65.404,18.0172,35.8804127731115,52,52,52,52,53,52,0.1387,10056,1,18,-65,0.0073,47,2026-06-22 10:42:42.001134,1.0815,0
"1902800",9,0.1022,2,0.1387,1,0.1022,1,172.456970901489,1,141.740005493164,0.138699993491173,0.0536144748330116,159.460906982422,-65.404,18.0172,35.8804127731115,52,52,52,52,53,52,0.1022,10056,1,18,-65,0.0073,47,2026-06-22 10:42:42.001134,1.0815,0
"1902800",9,0.0876,2,0.1241,1,0.0876,1,169.952751182556,1,151.5,0.124099999666214,0.0469126664102077,157.145401000977,-65.404,18.0172,35.8804127731115,52,52,52,52,53,52,0.0876,10056,1,18,-65,0.0073,47,2026-06-22 10:42:42.001134,1.0815,0
"1902800",9,0.0584,2,0.0949,1,0.0584,1,169.153408882141,1,161.470001220703,0.0948999971151352,0.0335090458393097,156.406295776367,-65.404,18.0172,35.8804127731115,52,52,52,52,53,52,0.0584,10056,1,18,-65,0.0073,47,2026-06-22 10:42:42.001134,1.0815,0
"1902800",9,0.0438,2,0.0803,1,0.0438,1,167.547826286316,1,171.320007324219,0.0803000032901764,0.0268072374165058,154.92170715332,-65.404,18.0172,35.8804127731115,52,52,52,52,53,52,0.0438,10056,1,18,-65,0.0073,47,2026-06-22 10:42:42.001134,1.0815,0
"1902800",9,0.0073,2,0.0438,1,0.0073,1,167.118780899048,1,181.589996337891,0.0438000001013279,0.010052714496851,154.524993896484,-65.404,18.0172,35.8804127731115,52,52,52,52,53,52,0.0073,10056,1,18,-65,0.0073,47,2026-06-22 10:42:42.001134,1.0815,0
"1902800",9,0,2,0.0365,1,0,1,171.615663047791,1,191.710006713867,0.0364999994635582,0.00670180935412645,158.682998657227,-65.404,18.0172,35.8804127731115,52,52,52,52,53,52,0,10056,1,18,-65,0.0073,47,2026-06-22 10:42:42.001134,1.0815,0
"1902800",9,0,2,0.0292,1,-0.0073,1,174.804797561646,1,201,0.0292000006884336,0.00335090467706323,161.631805419922,-65.404,18.0172,35.8804127731115,52,52,52,52,53,52,0,10056,1,18,-65,0.0073,47,2026-06-22 10:42:42.001134,1.0815,0
"1902800",9,0,2,0.0219,1,-0.0146,1,176.907448356628,1,211.029998779297,0.0219000000506639,0,163.57600402832,-65.404,18.0172,35.8804127731115,52,52,52,52,53,52,0,10056,1,18,-65,0.0073,47,2026-06-22 10:42:42.001134,1.0815,0
"1902800",9,0,2,0.0292,1,-0.0073,1,178.136248603821,1,221.089996337891,0.0292000006884336,0.00335090467706323,164.712203979492,-65.404,18.0172,35.8804127731115,52,52,52,52,53,52,0,10056,1,18,-65,0.0073,47,2026-06-22 10:42:42.001134,1.0815,0
"1902800",9,0,2,0.0219,1,-0.0146,1,177.543037536621,1,229.860000610352,0.0219000000506639,0,164.163696289062,-65.404,18.0172,35.8804127731115,52,52,52,52,53,52,0,10056,1,18,-65,0.0073,47,2026-06-22 10:42:42.001134,1.0815,0
"1902800",9,0,2,0.0292,1,-0.0073,1,176.67091973877,1,241.25,0.0292000006884336,0.00335090467706323,163.357299804688,-65.404,18.0172,35.8804127731115,52,52,52,52,53,52,0,10056,1,18,-65,0.0073,47,2026-06-22 10:42:42.001134,1.0815,0
"1902800",9,0,2,0.0292,1,-0.0073,1,176.400759269714,1,251.199996948242,0.0292000006884336,0.00335090467706323,163.107498168945,-65.404,18.0172,35.8804127731115,52,52,52,52,53,52,0,10056,1,18,-65,0.0073,47,2026-06-22 10:42:42.001134,1.0815,0
"1902800",9,0,2,0.0292,1,-0.0073,1,175.978430351257,1,261.880004882812,0.0292000006884336,0.00335090467706323,162.716995239258,-65.404,18.0172,35.8804127731115,52,52,52,52,53,52,0,10056,1,18,-65,0.0073,47,2026-06-22 10:42:42.001134,1.0815,0
"1902800",9,0,2,0.0292,1,-0.0073,1,173.927266983032,1,271.429992675781,0.0292000006884336,0.00335090467706323,160.820404052734,-65.404,18.0172,35.8804127731115,52,52,52,52,53,52,0,10056,1,18,-65,0.0073,47,2026-06-22 10:42:42.001134,1.0815,0
"1902800",9,0,2,0.0219,1,-0.0146,1,172.844892356873,1,281.869995117188,0.0219000000506639,0,159.819595336914,-65.404,18.0172,35.8804127731115,52,52,52,52,53,52,0,10056,1,18,-65,0.0073,47,2026-06-22 10:42:42.001134,1.0815,0
"1902800",9,0,2,0.0219,1,-0.0146,1,169.159250724792,1,291.459991455078,0.0219000000506639,0,156.411697387695,-65.404,18.0172,35.8804127731115,52,52,52,52,53,52,0,10056,1,18,-65,0.0073,47,2026-06-22 10:42:42.001134,1.0815,0
"1902800",9,0,2,0.0292,1,-0.0073,1,164.271740730286,1,301.380004882812,0.0292000006884336,0.00335090467706323,151.892501831055,-65.404,18.0172,35.8804127731115,52,52,52,52,53,52,0,10056,1,18,-65,0.0073,47,2026-06-22 10:42:42.001134,1.0815,0
"1902800",9,0,2,0.0292,1,-0.0073,1,162.668204429626,1,311.679992675781,0.0292000006884336,0.00335090467706323,150.409805297852,-65.404,18.0172,35.8804127731115,52,52,52,52,53,52,0,10056,1,18,-65,0.0073,47,2026-06-22 10:42:42.001134,1.0815,0
"1902800",9,0,2,0.0292,1,-0.0073,1,159.550013648987,1,321.339996337891,0.0292000006884336,0.00335090467706323,147.526596069336,-65.404,18.0172,35.8804127731115,52,52,52,52,53,52,0,10056,1,18,-65,0.0073,47,2026-06-22 10:42:42.001134,1.0815,0
"1902800",9,0,2,0.0365,1,0,1,155.369152084351,1,331.320007324219,0.0364999994635582,0.00670180935412645,143.660797119141,-65.404,18.0172,35.8804127731115,52,52,52,52,53,52,0,10056,1,18,-65,0.0073,47,2026-06-22 10:42:42.001134,1.0815,0
"1902800",9,0,2,0.0292,1,-0.0073,1,149.73616355896,1,341.190002441406,0.0292000006884336,0.00335090467706323,138.452301025391,-65.404,18.0172,35.8804127731115,52,52,52,52,53,52,0,10056,1,18,-65,0.0073,47,2026-06-22 10:42:42.001134,1.0815,0
"1902800",9,0,2,0.0292,1,-0.0073,1,145.60850566864,1,351.640014648438,0.0292000006884336,0.00335090467706323,134.635696411133,-65.404,18.0172,35.8804127731115,52,52,52,52,53,52,0,10056,1,18,-65,0.0073,47,2026-06-22 10:42:42.001134,1.0815,0
"1902800",9,0,2,0.0292,1,-0.0073,1,146.325550598145,1,361.839996337891,0.0292000006884336,0.00335090467706323,135.298706054688,-65.404,18.0172,35.8804127731115,52,52,52,52,53,52,0,10056,1,18,-65,0.0073,47,2026-06-22 10:42:42.001134,1.0815,0
"1902800",9,0,2,0.0292,1,-0.0073,1,146.227674980164,1,381.309997558594,0.0292000006884336,0.00335090467706323,135.208206176758,-65.404,18.0172,35.8804127731115,52,52,52,52,53,52,0,10056,1,18,-65,0.0073,47,2026-06-22 10:42:42.001134,1.0815,0
"1902800",9,0,2,0.0292,1,-0.0073,1,143.410471115112,1,401.160003662109,0.0292000006884336,0.00335090467706323,132.603302001953,-65.404,18.0172,35.8804127731115,52,52,52,52,53,52,0,10056,1,18,-65,0.0073,47,2026-06-22 10:42:42.001134,1.0815,0
"1902800",9,0,2,0.0365,1,0,1,134.933668636322,1,451.540008544922,0.0364999994635582,0.00670180935412645,124.765296936035,-65.404,18.0172,35.8804127731115,52,52,52,52,53,52,0,10056,1,18,-65,0.0073,47,2026-06-22 10:42:42.001134,1.0815,0
"1902800",9,0,2,0.0292,1,-0.0073,1,129.245628170013,1,501.260009765625,0.0292000006884336,0.00335090467706323,119.505897521973,-65.404,18.0172,35.8804127731115,52,52,52,52,53,52,0,10056,1,18,-65,0.0073,47,2026-06-22 10:42:42.001134,1.0815,0
"1902800",9,0,2,0.0365,1,0,1,123.317280040741,1,551.390014648438,0.0364999994635582,0.00670180935412645,114.024299621582,-65.404,18.0172,35.8804127731115,52,52,52,52,53,52,0,10056,1,18,-65,0.0073,47,2026-06-22 10:42:42.001134,1.0815,0
"1902800",9,0,2,0.0365,1,0,1,121.649499973297,1,601.700012207031,0.0364999994635582,0.00670180935412645,112.482200622559,-65.404,18.0172,35.8804127731115,52,52,52,52,53,52,0,10056,1,18,-65,0.0073,47,2026-06-22 10:42:42.001134,1.0815,0
"1902800",9,0,2,0.0438,1,0.0073,1,120.936902435303,1,651.530029296875,0.0438000001013279,0.010052714496851,111.823303222656,-65.404,18.0172,35.8804127731115,52,52,52,52,53,52,0,10056,1,18,-65,0.0073,47,2026-06-22 10:42:42.001134,1.0815,0
"1902800",9,0,2,0.0438,1,0.0073,1,123.838350952148,1,701.340026855469,0.0438000001013279,0.010052714496851,114.506103515625,-65.404,18.0172,35.8804127731115,52,52,52,52,53,52,0,10056,1,18,-65,0.0073,47,2026-06-22 10:42:42.001134,1.0815,0
"1902800",9,0,2,0.0438,1,0.0073,1,127.951288719177,1,751.609985351562,0.0438000001013279,0.010052714496851,118.309097290039,-65.404,18.0172,35.8804127731115,52,52,52,52,53,52,0,10056,1,18,-65,0.0073,47,2026-06-22 10:42:42.001134,1.0815,0
"1902800",9,0,2,0.0438,1,0.0073,1,132.164379432678,1,801.47998046875,0.0438000001013279,0.010052714496851,122.204696655273,-65.404,18.0172,35.8804127731115,52,52,52,52,53,52,0,10056,1,18,-65,0.0073,47,2026-06-22 10:42:42.001134,1.0815,0
"1902800",9,0,2,0.0365,1,0,1,140.142174682617,1,851.150024414062,0.0364999994635582,0.00670180935412645,129.581298828125,-65.404,18.0172,35.8804127731115,52,52,52,52,53,52,0,10056,1,18,-65,0.0073,47,2026-06-22 10:42:42.001134,1.0815,0
"1902800",9,0,2,0.0365,1,0,1,152.161749435425,1,901.510009765625,0.0364999994635582,0.00670180935412645,140.695098876953,-65.404,18.0172,35.8804127731115,52,52,52,52,53,52,0,10056,1,18,-65,0.0073,47,2026-06-22 10:42:42.001134,1.0815,0
"1902800",9,0,2,0.0365,1,0,1,165.013423713684,1,951.210021972656,0.0364999994635582,0.00670180935412645,152.57829284668,-65.404,18.0172,35.8804127731115,52,52,52,52,53,52,0,10056,1,18,-65,0.0073,47,2026-06-22 10:42:42.001134,1.0815,0
"1902800",9,0,2,0.0511,1,0.0146,1,176.574776870728,1,999.799987792969,0.0511000007390976,0.0134036187082529,163.268402099609,-65.404,18.0172,35.8804127731115,52,52,52,52,53,52,0,10056,1,18,-65,0.0073,47,2026-06-22 10:42:42.001134,1.0815,0
"1902800",9,0,2,0.0365,1,0,1,191.917039901733,1,1100.06994628906,0.0364999994635582,0.00670180935412645,177.454498291016,-65.404,18.0172,35.8804127731115,52,52,52,52,53,52,0,10056,1,18,-65,0.0073,47,2026-06-22 10:42:42.001134,1.0815,0
"1902800",9,0,2,0.0438,1,0.0073,1,198.953605384827,1,1200.15002441406,0.0438000001013279,0.010052714496851,183.960800170898,-65.404,18.0172,35.8804127731115,52,52,52,52,53,52,0,10056,1,18,-65,0.0073,47,2026-06-22 10:42:42.001134,1.0815,0
"1902800",9,0,2,0.0438,1,0.0073,1,204.207319702148,1,1298.81005859375,0.0438000001013279,0.010052714496851,188.818603515625,-65.404,18.0172,35.8804127731115,52,52,52,52,53,52,0,10056,1,18,-65,0.0073,47,2026-06-22 10:42:42.001134,1.0815,0
"1902800",9,0,2,0.0365,1,0,1,214.750641014099,4,1400,0.0364999994635582,0.00670180935412645,198.567398071289,-65.404,18.0172,35.8804127731115,52,52,52,52,53,52,0,10056,1,18,-65,0.0073,47,2026-06-22 10:42:42.001134,1.0815,0
"1902800",10,0.0219,5,0.0584,1,0.0219,1,195.645505210876,1,7.88000011444092,0.0584000013768673,0.0999143794178963,180.901992797852,-65.5954,18.0073,11.9277110078671,52,52,52,52,53,52,0.0219,10055,1,18,-66,0.0073,47,2026-07-02 16:56:15.001798,1.0815,0
"1902800",10,0.0365,5,0.073,1,0.0365,1,195.517463241577,1,11.789999961853,0.0729999989271164,0.0999143794178963,180.783599853516,-65.5954,18.0073,11.9277110078671,52,52,52,52,53,52,0.0365,10055,1,18,-66,0.0073,47,2026-07-02 16:56:15.001798,1.0815,0
"1902800",10,0.0292,2,0.0657,1,0.0292,1,195.758860061645,1,16.6900005340576,0.065700002014637,0.0999143794178963,181.006805419922,-65.5954,18.0073,11.9277110078671,52,52,52,52,53,52,0.0292,10055,1,18,-66,0.0073,47,2026-07-02 16:56:15.001798,1.0815,0
"1902800",10,0.0292,2,0.0657,1,0.0292,1,196.031396873474,1,21.6299991607666,0.065700002014637,0.0999143794178963,181.258804321289,-65.5954,18.0073,11.9277110078671,52,52,52,52,53,52,0.0292,10055,1,18,-66,0.0073,47,2026-07-02 16:56:15.001798,1.0815,0
"1902800",10,0.0219,2,0.0584,1,0.0219,1,196.460524772644,1,26.9699993133545,0.0584000013768673,0.0999143794178963,181.65559387207,-65.5954,18.0073,11.9277110078671,52,52,52,52,53,52,0.0219,10055,1,18,-66,0.0073,47,2026-07-02 16:56:15.001798,1.0815,0
"1902800",10,0.0438,2,0.0803,1,0.0438,1,197.59697769928,1,31.7399997711182,0.0803000032901764,0.0999143794178963,182.706405639648,-65.5954,18.0073,11.9277110078671,52,52,52,52,53,52,0.0438,10055,1,18,-66,0.0073,47,2026-07-02 16:56:15.001798,1.0815,0
"1902800",10,0.0584,2,0.0949,1,0.0584,1,202.172790733337,1,36.8600006103516,0.0948999971151352,0.0999143794178963,186.937393188477,-65.5954,18.0073,11.9277110078671,52,52,52,52,53,52,0.0584,10055,1,18,-66,0.0073,47,2026-07-02 16:56:15.001798,1.0815,0
"1902800",10,0.0949,2,0.1314,1,0.0949,1,202.609839775085,1,41.9799995422363,0.131400004029274,0.0999143794178963,187.341506958008,-65.5954,18.0073,11.9277110078671,52,52,52,52,53,52,0.0949,10055,1,18,-66,0.0073,47,2026-07-02 16:56:15.001798,1.0815,0
"1902800",10,0.0803,2,0.1168,1,0.0803,1,202.011215927124,1,46.6599998474121,0.116800002753735,0.0999143794178963,186.787994384766,-65.5954,18.0073,11.9277110078671,52,52,52,52,53,52,0.0803,10055,1,18,-66,0.0073,47,2026-07-02 16:56:15.001798,1.0815,0
"1902800",10,0.0876,2,0.1241,1,0.0876,1,202.423494895935,1,51.5,0.124099999666214,0.0999143794178963,187.169204711914,-65.5954,18.0073,11.9277110078671,52,52,52,52,53,52,0.0876,10055,1,18,-66,0.0073,47,2026-07-02 16:56:15.001798,1.0815,0
"1902800",10,0.1022,2,0.1387,1,0.1022,1,202.548731460571,1,55.7799987792969,0.138699993491173,0.0999143794178963,187.285003662109,-65.5954,18.0073,11.9277110078671,52,52,52,52,53,52,0.1022,10055,1,18,-66,0.0073,47,2026-07-02 16:56:15.001798,1.0815,0
"1902800",10,0.0949,2,0.1314,1,0.0949,1,202.865923713684,1,61.9199981689453,0.131400004029274,0.0999143794178963,187.57829284668,-65.5954,18.0073,11.9277110078671,52,52,52,52,53,52,0.0949,10055,1,18,-66,0.0073,47,2026-07-02 16:56:15.001798,1.0815,0
"1902800",10,0.1022,2,0.1387,1,0.1022,1,203.223365272522,1,66.8099975585938,0.138699993491173,0.0999143794178963,187.908798217773,-65.5954,18.0073,11.9277110078671,52,52,52,52,53,52,0.1022,10055,1,18,-66,0.0073,47,2026-07-02 16:56:15.001798,1.0815,0
"1902800",10,0.1241,2,0.1606,1,0.1241,1,203.326752685547,1,71.9400024414062,0.160600006580353,0.0999143794178963,188.00439453125,-65.5954,18.0073,11.9277110078671,52,52,52,52,53,52,0.1241,10055,1,18,-66,0.0073,47,2026-07-02 16:56:15.001798,1.0815,0
"1902800",10,0.1314,2,0.1679,1,0.1314,1,203.068275901794,1,76.9300003051758,0.167899996042252,0.0999143794178963,187.765396118164,-65.5954,18.0073,11.9277110078671,52,52,52,52,53,52,0.1314,10055,1,18,-66,0.0073,47,2026-07-02 16:56:15.001798,1.0815,0
"1902800",10,0.146,2,0.1825,1,0.146,1,203.194271575928,1,81.9599990844727,0.182500004768372,0.0999143794178963,187.881896972656,-65.5954,18.0073,11.9277110078671,52,52,52,52,53,52,0.146,10055,1,18,-66,0.0073,47,2026-07-02 16:56:15.001798,1.0815,0
"1902800",10,0.146,2,0.1825,1,0.146,1,203.553544898987,1,86.9199981689453,0.182500004768372,0.0999143794178963,188.214096069336,-65.5954,18.0073,11.9277110078671,52,52,52,52,53,52,0.146,10055,1,18,-66,0.0073,47,2026-07-02 16:56:15.001798,1.0815,0
"1902800",10,0.1533,2,0.1898,1,0.1533,1,202.004301429749,1,91.5599975585938,0.18979999423027,0.0999143794178963,186.781600952148,-65.5954,18.0073,11.9277110078671,52,52,52,52,53,52,0.1533,10055,1,18,-66,0.0073,47,2026-07-02 16:56:15.001798,1.0815,0
"1902800",10,0.2044,2,0.2409,1,0.2044,1,198.225965927124,1,96.7099990844727,0.240899994969368,0.0999143794178963,183.287994384766,-65.5954,18.0073,11.9277110078671,52,52,52,52,53,52,0.2044,10055,1,18,-66,0.0073,47,2026-07-02 16:56:15.001798,1.0815,0
"1902800",10,0.2555,2,0.292,1,0.2555,1,196.269212677002,1,101.569999694824,0.291999995708466,0.0999143794178963,181.478698730469,-65.5954,18.0073,11.9277110078671,52,52,52,52,53,52,0.2555,10055,1,18,-66,0.0073,47,2026-07-02 16:56:15.001798,1.0815,0
"1902800",10,0.2263,2,0.2628,1,0.2263,1,191.500239280701,1,111.839996337891,0.262800008058548,0.0999143794178963,177.069107055664,-65.5954,18.0073,11.9277110078671,52,52,52,52,53,52,0.2263,10055,1,18,-66,0.0073,47,2026-07-02 16:56:15.001798,1.0815,0
"1902800",10,0.2409,2,0.2774,1,0.2409,1,186.521009056091,1,121.870002746582,0.277399986982346,0.105969801545143,172.465103149414,-65.5954,18.0073,11.9277110078671,52,52,52,52,53,52,0.2409,10055,1,18,-66,0.0073,47,2026-07-02 16:56:15.001798,1.0815,0
"1902800",10,0.1971,2,0.2336,1,0.1971,1,182.655722511291,1,131.860000610352,0.233600005507469,0.0878035500645638,168.891098022461,-65.5954,18.0073,11.9277110078671,52,52,52,52,53,52,0.1971,10055,1,18,-66,0.0073,47,2026-07-02 16:56:15.001798,1.0815,0
"1902800",10,0.1168,2,0.1533,1,0.1168,1,177.608254943848,1,141.350006103516,0.153300002217293,0.0544987544417381,164.223999023438,-65.5954,18.0073,11.9277110078671,52,52,52,52,53,52,0.1168,10055,1,18,-66,0.0073,47,2026-07-02 16:56:15.001798,1.0815,0
"1902800",10,0.146,2,0.1825,1,0.146,1,174.756445587158,1,151.669998168945,0.182500004768372,0.0666095912456512,161.587097167969,-65.5954,18.0073,11.9277110078671,52,52,52,52,53,52,0.146,10055,1,18,-66,0.0073,47,2026-07-02 16:56:15.001798,1.0815,0
"1902800",10,0.1095,2,0.146,1,0.1095,1,172.23201045227,1,161.509994506836,0.145999997854233,0.0514710433781147,159.252899169922,-65.5954,18.0073,11.9277110078671,52,52,52,52,53,52,0.1095,10055,1,18,-66,0.0073,47,2026-07-02 16:56:15.001798,1.0815,0
"1902800",10,0.1168,2,0.1533,1,0.1168,1,170.646098693848,1,171.639999389648,0.153300002217293,0.0544987544417381,157.786499023438,-65.5954,18.0073,11.9277110078671,52,52,52,52,53,52,0.1168,10055,1,18,-66,0.0073,47,2026-07-02 16:56:15.001798,1.0815,0
"1902800",10,0.0584,2,0.0949,1,0.0584,1,168.942623977661,1,181.399993896484,0.0948999971151352,0.0302770845592022,156.211395263672,-65.5954,18.0073,11.9277110078671,52,52,52,52,53,52,0.0584,10055,1,18,-66,0.0073,47,2026-07-02 16:56:15.001798,1.0815,0
"1902800",10,0.0073,2,0.0438,1,0.0073,1,169.009904182434,1,191.429992675781,0.0438000001013279,0.00908312574028969,156.27360534668,-65.5954,18.0073,11.9277110078671,52,52,52,52,53,52,0.0073,10055,1,18,-66,0.0073,47,2026-07-02 16:56:15.001798,1.0815,0
"1902800",10,0.0146,2,0.0511,1,0.0146,1,170.469820266724,1,201.770004272461,0.0511000007390976,0.0121108340099454,157.623504638672,-65.5954,18.0073,11.9277110078671,52,52,52,52,53,52,0.0146,10055,1,18,-66,0.0073,47,2026-07-02 16:56:15.001798,1.0815,0
"1902800",10,0,2,0.0365,1,0,1,173.407062446594,1,211.600006103516,0.0364999994635582,0.0060554170049727,160.339401245117,-65.5954,18.0073,11.9277110078671,52,52,52,52,53,52,0,10055,1,18,-66,0.0073,47,2026-07-02 16:56:15.001798,1.0815,0
"1902800",10,-0.0073,2,0.0292,1,-0.0073,1,175.473259483337,1,221.039993286133,0.0292000006884336,0.00302770850248635,162.249893188477,-65.5954,18.0073,11.9277110078671,52,52,52,52,53,52,-0.0073,10055,1,18,-66,0.0073,47,2026-07-02 16:56:15.001798,1.0815,0
"1902800",10,0,2,0.0219,1,-0.0146,1,174.90818497467,1,231.300003051758,0.0219000000506639,0,161.727401733398,-65.5954,18.0073,11.9277110078671,52,52,52,52,53,52,0,10055,1,18,-66,0.0073,47,2026-07-02 16:56:15.001798,1.0815,0
"1902800",10,0,2,0.0219,1,-0.0146,1,178.77746509552,1,241.759994506836,0.0219000000506639,0,165.305099487305,-65.5954,18.0073,11.9277110078671,52,52,52,52,53,52,0,10055,1,18,-66,0.0073,47,2026-07-02 16:56:15.001798,1.0815,0
"1902800",10,0,2,0.0219,1,-0.0146,1,181.076510719299,1,251.479995727539,0.0219000000506639,0,167.430892944336,-65.5954,18.0073,11.9277110078671,52,52,52,52,53,52,0,10055,1,18,-66,0.0073,47,2026-07-02 16:56:15.001798,1.0815,0
"1902800",10,0,2,0.0219,1,-0.0146,1,185.368020744324,1,261.519989013672,0.0219000000506639,0,171.399002075195,-65.5954,18.0073,11.9277110078671,52,52,52,52,53,52,0,10055,1,18,-66,0.0073,47,2026-07-02 16:56:15.001798,1.0815,0
"1902800",10,0,2,0.0292,1,-0.0073,1,184.706027755737,1,271.119995117188,0.0292000006884336,0.00302770850248635,170.786895751953,-65.5954,18.0073,11.9277110078671,52,52,52,52,53,52,0,10055,1,18,-66,0.0073,47,2026-07-02 16:56:15.001798,1.0815,0
"1902800",10,0,2,0.0292,1,-0.0073,1,178.089629379272,1,281.890014648438,0.0292000006884336,0.00302770850248635,164.669097900391,-65.5954,18.0073,11.9277110078671,52,52,52,52,53,52,0,10055,1,18,-66,0.0073,47,2026-07-02 16:56:15.001798,1.0815,0
"1902800",10,0,2,0.0292,1,-0.0073,1,166.688349311829,1,291.630004882812,0.0292000006884336,0.00302770850248635,154.126998901367,-65.5954,18.0073,11.9277110078671,52,52,52,52,53,52,0,10055,1,18,-66,0.0073,47,2026-07-02 16:56:15.001798,1.0815,0
"1902800",10,0,2,0.0219,1,-0.0146,1,164.355341789246,1,301.769989013672,0.0219000000506639,0,151.969802856445,-65.5954,18.0073,11.9277110078671,52,52,52,52,53,52,0,10055,1,18,-66,0.0073,47,2026-07-02 16:56:15.001798,1.0815,0
"1902800",10,0,2,0.0292,1,-0.0073,1,163.768847190857,1,311.570007324219,0.0292000006884336,0.00302770850248635,151.427505493164,-65.5954,18.0073,11.9277110078671,52,52,52,52,53,52,0,10055,1,18,-66,0.0073,47,2026-07-02 16:56:15.001798,1.0815,0
"1902800",10,0,2,0.0219,1,-0.0146,1,163.253180809021,1,320.980010986328,0.0219000000506639,0,150.950698852539,-65.5954,18.0073,11.9277110078671,52,52,52,52,53,52,0,10055,1,18,-66,0.0073,47,2026-07-02 16:56:15.001798,1.0815,0
"1902800",10,0,2,0.0219,1,-0.0146,1,160.887069511414,1,331.510009765625,0.0219000000506639,0,148.762893676758,-65.5954,18.0073,11.9277110078671,52,52,52,52,53,52,0,10055,1,18,-66,0.0073,47,2026-07-02 16:56:15.001798,1.0815,0
"1902800",10,0,2,0.0292,1,-0.0073,1,158.224311424255,1,340.929992675781,0.0292000006884336,0.00302770850248635,146.300796508789,-65.5954,18.0073,11.9277110078671,52,52,52,52,53,52,0,10055,1,18,-66,0.0073,47,2026-07-02 16:56:15.001798,1.0815,0
"1902800",10,0,2,0.0292,1,-0.0073,1,156.316652755737,1,351.600006103516,0.0292000006884336,0.00302770850248635,144.536895751953,-65.5954,18.0073,11.9277110078671,52,52,52,52,53,52,0,10055,1,18,-66,0.0073,47,2026-07-02 16:56:15.001798,1.0815,0
"1902800",10,0,2,0.0219,1,-0.0146,1,155.463133140564,1,360.950012207031,0.0219000000506639,0,143.747695922852,-65.5954,18.0073,11.9277110078671,52,52,52,52,53,52,0,10055,1,18,-66,0.0073,47,2026-07-02 16:56:15.001798,1.0815,0
"1902800",10,0,2,0.0292,1,-0.0073,1,151.13518585968,1,381.619995117188,0.0292000006884336,0.00302770850248635,139.745895385742,-65.5954,18.0073,11.9277110078671,52,52,52,52,53,52,0,10055,1,18,-66,0.0073,47,2026-07-02 16:56:15.001798,1.0815,0
"1902800",10,0,2,0.0365,1,0,1,146.36847328949,1,401.480010986328,0.0364999994635582,0.0060554170049727,135.338394165039,-65.5954,18.0073,11.9277110078671,52,52,52,52,53,52,0,10055,1,18,-66,0.0073,47,2026-07-02 16:56:15.001798,1.0815,0
"1902800",10,0,2,0.0292,1,-0.0073,1,134.750030147552,1,451.739990234375,0.0292000006884336,0.00302770850248635,124.595497131348,-65.5954,18.0073,11.9277110078671,52,52,52,52,53,52,0,10055,1,18,-66,0.0073,47,2026-07-02 16:56:15.001798,1.0815,0
"1902800",10,0,2,0.0365,1,0,1,126.613581012726,1,501.859985351562,0.0364999994635582,0.0060554170049727,117.072196960449,-65.5954,18.0073,11.9277110078671,52,52,52,52,53,52,0,10055,1,18,-66,0.0073,47,2026-07-02 16:56:15.001798,1.0815,0
"1902800",10,0,2,0.0365,1,0,1,123.589057743073,1,551.739990234375,0.0364999994635582,0.0060554170049727,114.275596618652,-65.5954,18.0073,11.9277110078671,52,52,52,52,53,52,0,10055,1,18,-66,0.0073,47,2026-07-02 16:56:15.001798,1.0815,0
"1902800",10,0,2,0.0365,1,0,1,121.392533157349,1,601.640014648438,0.0364999994635582,0.0060554170049727,112.244598388672,-65.5954,18.0073,11.9277110078671,52,52,52,52,53,52,0,10055,1,18,-66,0.0073,47,2026-07-02 16:56:15.001798,1.0815,0
"1902800",10,0,2,0.0365,1,0,1,123.163923419952,1,651.25,0.0364999994635582,0.0060554170049727,113.882499694824,-65.5954,18.0073,11.9277110078671,52,52,52,52,53,52,0,10055,1,18,-66,0.0073,47,2026-07-02 16:56:15.001798,1.0815,0
"1902800",10,0,2,0.0438,1,0.0073,1,124.513092029572,1,701.059997558594,0.0438000001013279,0.00908312574028969,115.129997253418,-65.5954,18.0073,11.9277110078671,52,52,52,52,53,52,0,10055,1,18,-66,0.0073,47,2026-07-02 16:56:15.001798,1.0815,0
"1902800",10,0,2,0.0438,1,0.0073,1,127.429466949463,1,751.489990234375,0.0438000001013279,0.00908312574028969,117.826599121094,-65.5954,18.0073,11.9277110078671,52,52,52,52,53,52,0,10055,1,18,-66,0.0073,47,2026-07-02 16:56:15.001798,1.0815,0
"1902800",10,0,2,0.0438,1,0.0073,1,136.386447441101,1,801.369995117188,0.0438000001013279,0.00908312574028969,126.108596801758,-65.5954,18.0073,11.9277110078671,52,52,52,52,53,52,0,10055,1,18,-66,0.0073,47,2026-07-02 16:56:15.001798,1.0815,0
"1902800",10,0,2,0.0438,1,0.0073,1,145.626790306091,1,851.830017089844,0.0438000001013279,0.00908312574028969,134.652603149414,-65.5954,18.0073,11.9277110078671,52,52,52,52,53,52,0,10055,1,18,-66,0.0073,47,2026-07-02 16:56:15.001798,1.0815,0
"1902800",10,0,2,0.0438,1,0.0073,1,156.0463932724,1,901.590026855469,0.0438000001013279,0.00908312574028969,144.287002563477,-65.5954,18.0073,11.9277110078671,52,52,52,52,53,52,0,10055,1,18,-66,0.0073,47,2026-07-02 16:56:15.001798,1.0815,0
"1902800",10,0,2,0.0365,1,0,1,163.531344932556,1,951.700012207031,0.0364999994635582,0.0060554170049727,151.207901000977,-65.5954,18.0073,11.9277110078671,52,52,52,52,53,52,0,10055,1,18,-66,0.0073,47,2026-07-02 16:56:15.001798,1.0815,0
"1902800",10,0,2,0.0365,1,0,1,173.814456710815,1,999.340026855469,0.0364999994635582,0.0060554170049727,160.716094970703,-65.5954,18.0073,11.9277110078671,52,52,52,52,53,52,0,10055,1,18,-66,0.0073,47,2026-07-02 16:56:15.001798,1.0815,0
"1902800",10,0,2,0.0365,1,0,1,188.241134674072,1,1099.32995605469,0.0364999994635582,0.0060554170049727,174.055603027344,-65.5954,18.0073,11.9277110078671,52,52,52,52,53,52,0,10055,1,18,-66,0.0073,47,2026-07-02 16:56:15.001798,1.0815,0
"1902800",10,0,2,0.0438,1,0.0073,1,196.390554679871,1,1200.06994628906,0.0438000001013279,0.00908312574028969,181.590896606445,-65.5954,18.0073,11.9277110078671,52,52,52,52,53,52,0,10055,1,18,-66,0.0073,47,2026-07-02 16:56:15.001798,1.0815,0
"1902800",10,0,2,0.0438,1,0.0073,1,202.986622123718,1,1300.07995605469,0.0438000001013279,0.00908312574028969,187.689895629883,-65.5954,18.0073,11.9277110078671,52,52,52,52,53,52,0,10055,1,18,-66,0.0073,47,2026-07-02 16:56:15.001798,1.0815,0
"1902800",10,0,2,0.0511,1,0.0146,1,207.217881958008,4,1399.86999511719,0.0511000007390976,0.0121108340099454,191.602294921875,-65.5954,18.0073,11.9277110078671,52,52,52,52,53,52,0,10055,1,18,-66,0.0073,47,2026-07-02 16:56:15.001798,1.0815,0
"1902800",11,0.0219,2,0.0584,1,0.0219,1,195.372110275269,1,7.90000009536743,0.0584000013768673,0.0167545229196548,180.649200439453,-65.2929,18.0092,27.8302428751017,52,52,52,52,53,52,0.0219,10056,1,18,-65,0.0073,47,2026-07-12 23:10:42.002482,1.0815,0
"1902800",11,0.0292,2,0.0657,1,0.0292,1,195.36638394928,1,11.7700004577637,0.065700002014637,0.0201054289937019,180.643905639648,-65.2929,18.0092,27.8302428751017,52,52,52,52,53,52,0.0292,10056,1,18,-65,0.0073,47,2026-07-12 23:10:42.002482,1.0815,0
"1902800",11,0.0365,2,0.073,1,0.0365,1,195.362918449402,1,16.7900009155273,0.0729999989271164,0.0234563332051039,180.640701293945,-65.2929,18.0092,27.8302428751017,52,52,52,52,53,52,0.0365,10056,1,18,-65,0.0073,47,2026-07-12 23:10:42.002482,1.0815,0
"1902800",11,0.0365,2,0.073,1,0.0365,1,195.314467460632,1,21.8600006103516,0.0729999989271164,0.0234563332051039,180.595901489258,-65.2929,18.0092,27.8302428751017,52,52,52,52,53,52,0.0365,10056,1,18,-65,0.0073,47,2026-07-12 23:10:42.002482,1.0815,0
"1902800",11,0.0365,2,0.073,1,0.0365,1,195.321596488953,1,26.5499992370605,0.0729999989271164,0.0234563332051039,180.602493286133,-65.2929,18.0092,27.8302428751017,52,52,52,52,53,52,0.0365,10056,1,18,-65,0.0073,47,2026-07-12 23:10:42.002482,1.0815,0
"1902800",11,0.0511,2,0.0876,1,0.0511,1,195.404339424133,1,30.8999996185303,0.0876000002026558,0.0301581434905529,180.679000854492,-65.2929,18.0092,27.8302428751017,52,52,52,52,53,52,0.0511,10056,1,18,-65,0.0073,47,2026-07-12 23:10:42.002482,1.0815,0
"1902800",11,0.0511,2,0.0876,1,0.0511,1,195.51226499176,1,36.8400001525879,0.0876000002026558,0.0301581434905529,180.778793334961,-65.2929,18.0092,27.8302428751017,52,52,52,52,53,52,0.0511,10056,1,18,-65,0.0073,47,2026-07-12 23:10:42.002482,1.0815,0
"1902800",11,0.0949,2,0.1314,1,0.0949,1,197.940887306213,1,41.9300003051758,0.131400004029274,0.0502635724842548,183.024398803711,-65.2929,18.0092,27.8302428751017,52,52,52,52,53,52,0.0949,10056,1,18,-65,0.0073,47,2026-07-12 23:10:42.002482,1.0815,0
"1902800",11,0.1022,2,0.1387,1,0.1022,1,202.138086227417,1,46.8400001525879,0.138699993491173,0.0536144748330116,186.905303955078,-65.2929,18.0092,27.8302428751017,52,52,52,52,53,52,0.1022,10056,1,18,-65,0.0073,47,2026-07-12 23:10:42.002482,1.0815,0
"1902800",11,0.1241,2,0.1606,1,0.1241,1,202.436465766907,1,51.8199996948242,0.160600006580353,0.0636671930551529,187.181198120117,-65.2929,18.0092,27.8302428751017,52,52,52,52,53,52,0.1241,10056,1,18,-65,0.0073,47,2026-07-12 23:10:42.002482,1.0815,0
"1902800",11,0.1679,2,0.2044,1,0.1679,1,202.344646522522,1,56.9500007629395,0.20440000295639,0.0837726220488548,187.096298217773,-65.2929,18.0092,27.8302428751017,52,52,52,52,53,52,0.1679,10056,1,18,-65,0.0073,47,2026-07-12 23:10:42.002482,1.0815,0
"1902800",11,0.1387,2,0.1752,1,0.1387,1,202.523845870972,1,61.5800018310547,0.175200000405312,0.0703689977526665,187.261993408203,-65.2929,18.0092,27.8302428751017,52,52,52,52,53,52,0.1387,10056,1,18,-65,0.0073,47,2026-07-12 23:10:42.002482,1.0815,0
"1902800",11,0.1679,2,0.2044,1,0.1679,1,202.340322898865,1,66.8600006103516,0.20440000295639,0.0837726220488548,187.092300415039,-65.2929,18.0092,27.8302428751017,52,52,52,52,53,52,0.1679,10056,1,18,-65,0.0073,47,2026-07-12 23:10:42.002482,1.0815,0
"1902800",11,0.1679,2,0.2044,1,0.1679,1,198.785759674072,1,71.9100036621094,0.20440000295639,0.0837726220488548,183.805603027344,-65.2929,18.0092,27.8302428751017,52,52,52,52,53,52,0.1679,10056,1,18,-65,0.0073,47,2026-07-12 23:10:42.002482,1.0815,0
"1902800",11,0.2482,2,0.2847,1,0.2482,1,200.118706443787,1,76.9300003051758,0.284700006246567,0.120632573962212,185.038101196289,-65.2929,18.0092,27.8302428751017,52,52,52,52,53,52,0.2482,10056,1,18,-65,0.0073,47,2026-07-12 23:10:42.002482,1.0815,0
"1902800",11,0.1898,2,0.2263,1,0.1898,1,201.43780771637,1,81.8399963378906,0.226300001144409,0.0938253328204155,186.257797241211,-65.2929,18.0092,27.8302428751017,52,52,52,52,53,52,0.1898,10056,1,18,-65,0.0073,47,2026-07-12 23:10:42.002482,1.0815,0
"1902800",11,0.2117,2,0.2482,1,0.2117,1,200.792812179565,1,86.6600036621094,0.248199999332428,0.103878043591976,185.661407470703,-65.2929,18.0092,27.8302428751017,52,52,52,52,53,52,0.2117,10056,1,18,-65,0.0073,47,2026-07-12 23:10:42.002482,1.0815,0
"1902800",11,0.219,2,0.2555,1,0.219,1,200.835520339966,1,91.5999984741211,0.255499988794327,0.107228949666023,185.700897216797,-65.2929,18.0092,27.8302428751017,52,52,52,52,53,52,0.219,10056,1,18,-65,0.0073,47,2026-07-12 23:10:42.002482,1.0815,0
"1902800",11,0.2555,2,0.292,1,0.2555,1,200.489448921204,1,96.8099975585938,0.291999995708466,0.123983472585678,185.380905151367,-65.2929,18.0092,27.8302428751017,52,52,52,52,53,52,0.2555,10056,1,18,-65,0.0073,47,2026-07-12 23:10:42.002482,1.0815,0
"1902800",11,0.219,2,0.2555,1,0.219,1,197.508293907166,1,101.75,0.255499988794327,0.107228949666023,182.624404907227,-65.2929,18.0092,27.8302428751017,52,52,52,52,53,52,0.219,10056,1,18,-65,0.0073,47,2026-07-12 23:10:42.002482,1.0815,0
"1902800",11,0.2263,2,0.2628,1,0.2263,1,191.213625938416,1,111.830001831055,0.262800008058548,0.110579863190651,176.804092407227,-65.2929,18.0092,27.8302428751017,52,52,52,52,53,52,0.2263,10056,1,18,-65,0.0073,47,2026-07-12 23:10:42.002482,1.0815,0
"1902800",11,0.1898,2,0.2263,1,0.1898,1,184.965263648987,1,121.75,0.226300001144409,0.0938253328204155,171.026596069336,-65.2929,18.0092,27.8302428751017,52,52,52,52,53,52,0.1898,10056,1,18,-65,0.0073,47,2026-07-12 23:10:42.002482,1.0815,0
"1902800",11,0.1825,2,0.219,1,0.1825,1,180.49932346344,1,131.869995117188,0.218999996781349,0.0904744267463684,166.897201538086,-65.2929,18.0092,27.8302428751017,52,52,52,52,53,52,0.1825,10056,1,18,-65,0.0073,47,2026-07-12 23:10:42.002482,1.0815,0
"1902800",11,0.1898,2,0.2263,1,0.1898,1,177.047718589783,1,141.800003051758,0.226300001144409,0.0938253328204155,163.705703735352,-65.2929,18.0092,27.8302428751017,52,52,52,52,53,52,0.1898,10056,1,18,-65,0.0073,47,2026-07-12 23:10:42.002482,1.0815,0
"1902800",11,0.1533,2,0.1898,1,0.1533,1,172.143970252991,1,151.720001220703,0.18979999423027,0.0770708099007607,159.171493530273,-65.2929,18.0092,27.8302428751017,52,52,52,52,53,52,0.1533,10056,1,18,-65,0.0073,47,2026-07-12 23:10:42.002482,1.0815,0
"1902800",11,0.0803,2,0.1168,1,0.0803,1,169.310445533752,1,161.710006713867,0.116800002753735,0.043561764061451,156.551498413086,-65.2929,18.0092,27.8302428751017,52,52,52,52,53,52,0.0803,10056,1,18,-65,0.0073,47,2026-07-12 23:10:42.002482,1.0815,0
"1902800",11,0.0365,2,0.073,1,0.0365,1,170.196953407288,1,171.759994506836,0.0729999989271164,0.0234563332051039,157.371200561523,-65.2929,18.0092,27.8302428751017,52,52,52,52,53,52,0.0365,10056,1,18,-65,0.0073,47,2026-07-12 23:10:42.002482,1.0815,0
"1902800",11,0.0292,2,0.0657,1,0.0292,1,170.704616134644,1,181.139999389648,0.065700002014637,0.0201054289937019,157.840606689453,-65.2929,18.0092,27.8302428751017,52,52,52,52,53,52,0.0292,10056,1,18,-65,0.0073,47,2026-07-12 23:10:42.002482,1.0815,0
"1902800",11,0.0073,2,0.0438,1,0.0073,1,171.188911491394,1,191.029998779297,0.0438000001013279,0.010052714496851,158.28840637207,-65.2929,18.0092,27.8302428751017,52,52,52,52,53,52,0.0073,10056,1,18,-65,0.0073,47,2026-07-12 23:10:42.002482,1.0815,0
"1902800",11,-0.0073,2,0.0292,1,-0.0073,1,173.522991668701,1,200.940002441406,0.0292000006884336,0.00335090467706323,160.446594238281,-65.2929,18.0092,27.8302428751017,52,52,52,52,53,52,-0.0073,10056,1,18,-65,0.0073,47,2026-07-12 23:10:42.002482,1.0815,0
"1902800",11,0,2,0.0365,1,0,1,175.352132011414,1,211.330001831055,0.0364999994635582,0.00670180935412645,162.137893676758,-65.2929,18.0092,27.8302428751017,52,52,52,52,53,52,0,10056,1,18,-65,0.0073,47,2026-07-12 23:10:42.002482,1.0815,0
"1902800",11,-0.0073,2,0.0292,1,-0.0073,1,178.90020980072,1,220.880004882812,0.0292000006884336,0.00335090467706323,165.418594360352,-65.2929,18.0092,27.8302428751017,52,52,52,52,53,52,-0.0073,10056,1,18,-65,0.0073,47,2026-07-12 23:10:42.002482,1.0815,0
"1902800",11,-0.0073,2,0.0292,1,-0.0073,1,181.716341011047,1,231.630004882812,0.0292000006884336,0.00335090467706323,168.022506713867,-65.2929,18.0092,27.8302428751017,52,52,52,52,53,52,-0.0073,10056,1,18,-65,0.0073,47,2026-07-12 23:10:42.002482,1.0815,0
"1902800",11,-0.0146,2,0.0219,1,-0.0146,1,183.351776412964,1,241.020004272461,0.0219000000506639,0,169.534698486328,-65.2929,18.0092,27.8302428751017,52,52,52,52,53,52,-0.0146,10056,1,18,-65,0.0073,47,2026-07-12 23:10:42.002482,1.0815,0
"1902800",11,0,2,0.0219,1,-0.0146,1,184.194585983276,1,251.520004272461,0.0219000000506639,0,170.313995361328,-65.2929,18.0092,27.8302428751017,52,52,52,52,53,52,0,10056,1,18,-65,0.0073,47,2026-07-12 23:10:42.002482,1.0815,0
"1902800",11,0,2,0.0292,1,-0.0073,1,184.094664070129,1,261.809997558594,0.0292000006884336,0.00335090467706323,170.221603393555,-65.2929,18.0092,27.8302428751017,52,52,52,52,53,52,0,10056,1,18,-65,0.0073,47,2026-07-12 23:10:42.002482,1.0815,0
"1902800",11,0,2,0.0219,1,-0.0146,1,184.371524505615,1,271.25,0.0219000000506639,0,170.477600097656,-65.2929,18.0092,27.8302428751017,52,52,52,52,53,52,0,10056,1,18,-65,0.0073,47,2026-07-12 23:10:42.002482,1.0815,0
"1902800",11,0,2,0.0219,1,-0.0146,1,181.531184303284,1,281.230010986328,0.0219000000506639,0,167.851303100586,-65.2929,18.0092,27.8302428751017,52,52,52,52,53,52,0,10056,1,18,-65,0.0073,47,2026-07-12 23:10:42.002482,1.0815,0
"1902800",11,0,2,0.0219,1,-0.0146,1,175.389130348206,1,291.25,0.0219000000506639,0,162.172103881836,-65.2929,18.0092,27.8302428751017,52,52,52,52,53,52,0,10056,1,18,-65,0.0073,47,2026-07-12 23:10:42.002482,1.0815,0
"1902800",11,0,2,0.0219,1,-0.0146,1,170.466024719238,1,300.880004882812,0.0219000000506639,0,157.619995117188,-65.2929,18.0092,27.8302428751017,52,52,52,52,53,52,0,10056,1,18,-65,0.0073,47,2026-07-12 23:10:42.002482,1.0815,0
"1902800",11,0,2,0.0219,1,-0.0146,1,168.681127258301,1,311.059997558594,0.0219000000506639,0,155.969604492188,-65.2929,18.0092,27.8302428751017,52,52,52,52,53,52,0,10056,1,18,-65,0.0073,47,2026-07-12 23:10:42.002482,1.0815,0
"1902800",11,0,2,0.0219,1,-0.0146,1,167.448316932678,1,321.380004882812,0.0219000000506639,0,154.829696655273,-65.2929,18.0092,27.8302428751017,52,52,52,52,53,52,0,10056,1,18,-65,0.0073,47,2026-07-12 23:10:42.002482,1.0815,0
"1902800",11,0,2,0.0292,1,-0.0073,1,165.258071502686,1,331.820007324219,0.0292000006884336,0.00335090467706323,152.804504394531,-65.2929,18.0092,27.8302428751017,52,52,52,52,53,52,0,10056,1,18,-65,0.0073,47,2026-07-12 23:10:42.002482,1.0815,0
"1902800",11,0,2,0.0292,1,-0.0073,1,163.035910469055,1,341.070007324219,0.0292000006884336,0.00335090467706323,150.749801635742,-65.2929,18.0092,27.8302428751017,52,52,52,52,53,52,0,10056,1,18,-65,0.0073,47,2026-07-12 23:10:42.002482,1.0815,0
"1902800",11,0,2,0.0292,1,-0.0073,1,159.917835205078,1,351.220001220703,0.0292000006884336,0.00335090467706323,147.86669921875,-65.2929,18.0092,27.8302428751017,52,52,52,52,53,52,0,10056,1,18,-65,0.0073,47,2026-07-12 23:10:42.002482,1.0815,0
"1902800",11,0,2,0.0292,1,-0.0073,1,157.841456199646,1,361.220001220703,0.0292000006884336,0.00335090467706323,145.946792602539,-65.2929,18.0092,27.8302428751017,52,52,52,52,53,52,0,10056,1,18,-65,0.0073,47,2026-07-12 23:10:42.002482,1.0815,0
"1902800",11,0,2,0.0365,1,0,1,152.558334640503,1,381.709991455078,0.0364999994635582,0.00670180935412645,141.061798095703,-65.2929,18.0092,27.8302428751017,52,52,52,52,53,52,0,10056,1,18,-65,0.0073,47,2026-07-12 23:10:42.002482,1.0815,0
"1902800",11,0,2,0.0292,1,-0.0073,1,146.895493309021,1,401.690002441406,0.0292000006884336,0.00335090467706323,135.825698852539,-65.2929,18.0092,27.8302428751017,52,52,52,52,53,52,0,10056,1,18,-65,0.0073,47,2026-07-12 23:10:42.002482,1.0815,0
"1902800",11,0,2,0.0292,1,-0.0073,1,139.555135505676,1,451.089996337891,0.0292000006884336,0.00335090467706323,129.038497924805,-65.2929,18.0092,27.8302428751017,52,52,52,52,53,52,0,10056,1,18,-65,0.0073,47,2026-07-12 23:10:42.002482,1.0815,0
"1902800",11,0,2,0.0292,1,-0.0073,1,133.916090606689,1,501.559997558594,0.0292000006884336,0.00335090467706323,123.824401855469,-65.2929,18.0092,27.8302428751017,52,52,52,52,53,52,0,10056,1,18,-65,0.0073,47,2026-07-12 23:10:42.002482,1.0815,0
"1902800",11,0,2,0.0365,1,0,1,126.900400634766,1,551.239990234375,0.0364999994635582,0.00670180935412645,117.33740234375,-65.2929,18.0092,27.8302428751017,52,52,52,52,53,52,0,10056,1,18,-65,0.0073,47,2026-07-12 23:10:42.002482,1.0815,0
"1902800",11,0,2,0.0365,1,0,1,122.466895877838,1,601.760009765625,0.0364999994635582,0.00670180935412645,113.237998962402,-65.2929,18.0092,27.8302428751017,52,52,52,52,53,52,0,10056,1,18,-65,0.0073,47,2026-07-12 23:10:42.002482,1.0815,0
"1902800",11,0,2,0.0292,1,-0.0073,1,121.955784152985,1,651.119995117188,0.0292000006884336,0.00335090467706323,112.765403747559,-65.2929,18.0092,27.8302428751017,52,52,52,52,53,52,0,10056,1,18,-65,0.0073,47,2026-07-12 23:10:42.002482,1.0815,0
"1902800",11,0,2,0.0511,1,0.0146,1,123.946606567383,1,701.75,0.0511000007390976,0.0134036187082529,114.606201171875,-65.2929,18.0092,27.8302428751017,52,52,52,52,53,52,0,10056,1,18,-65,0.0073,47,2026-07-12 23:10:42.002482,1.0815,0
"1902800",11,0,2,0.0438,1,0.0073,1,126.142809356689,1,751.859985351562,0.0438000001013279,0.010052714496851,116.636901855469,-65.2929,18.0092,27.8302428751017,52,52,52,52,53,52,0,10056,1,18,-65,0.0073,47,2026-07-12 23:10:42.002482,1.0815,0
"1902800",11,0,2,0.0438,1,0.0073,1,130.677209667206,1,801.539978027344,0.0438000001013279,0.010052714496851,120.829597473145,-65.2929,18.0092,27.8302428751017,52,52,52,52,53,52,0,10056,1,18,-65,0.0073,47,2026-07-12 23:10:42.002482,1.0815,0
"1902800",11,0,2,0.0438,1,0.0073,1,136.63011333847,1,851.179992675781,0.0438000001013279,0.010052714496851,126.33390045166,-65.2929,18.0092,27.8302428751017,52,52,52,52,53,52,0,10056,1,18,-65,0.0073,47,2026-07-12 23:10:42.002482,1.0815,0
"1902800",11,0,2,0.0438,1,0.0073,1,146.115739334106,1,901.309997558594,0.0438000001013279,0.010052714496851,135.104705810547,-65.2929,18.0092,27.8302428751017,52,52,52,52,53,52,0,10056,1,18,-65,0.0073,47,2026-07-12 23:10:42.002482,1.0815,0
"1902800",11,0,2,0.0365,1,0,1,159.493559005737,1,951.72998046875,0.0364999994635582,0.00670180935412645,147.474395751953,-65.2929,18.0092,27.8302428751017,52,52,52,52,53,52,0,10056,1,18,-65,0.0073,47,2026-07-12 23:10:42.002482,1.0815,0
"1902800",11,0,2,0.0438,1,0.0073,1,169.364094772339,1,1000.05999755859,0.0438000001013279,0.010052714496851,156.601104736328,-65.2929,18.0092,27.8302428751017,52,52,52,52,53,52,0,10056,1,18,-65,0.0073,47,2026-07-12 23:10:42.002482,1.0815,0
"1902800",11,0,2,0.0292,1,-0.0073,1,184.066973075867,1,1099.63000488281,0.0292000006884336,0.00335090467706323,170.195999145508,-65.2929,18.0092,27.8302428751017,52,52,52,52,53,52,0,10056,1,18,-65,0.0073,47,2026-07-12 23:10:42.002482,1.0815,0
"1902800",11,0,2,0.0438,1,0.0073,1,194.427315994263,1,1199.72998046875,0.0438000001013279,0.010052714496851,179.775604248047,-65.2929,18.0092,27.8302428751017,52,52,52,52,53,52,0,10056,1,18,-65,0.0073,47,2026-07-12 23:10:42.002482,1.0815,0
"1902800",11,0,2,0.0438,1,0.0073,1,201.463221382141,1,1299.5400390625,0.0438000001013279,0.010052714496851,186.281295776367,-65.2929,18.0092,27.8302428751017,52,52,52,52,53,52,0,10056,1,18,-65,0.0073,47,2026-07-12 23:10:42.002482,1.0815,0
"1902800",11,0,2,0.0438,1,0.0073,1,207.409425086975,4,1399.28002929688,0.0438000001013279,0.010052714496851,191.779403686523,-65.2929,18.0092,27.8302428751017,52,52,52,52,53,52,0,10056,1,18,-65,0.0073,47,2026-07-12 23:10:42.002482,1.0815,0
"1902800",12,0.0584,2,0.0949,1,0.0584,1,194.721371910095,1,7.73999977111816,0.0948999971151352,0.0335090458393097,180.047500610352,-65.1565,18.0053,14.0149909450681,52,52,52,52,53,52,0.0584,10056,1,18,-65,0.0073,47,2026-07-23 05:31:29.000581,1.0815,0
"1902800",12,0.0584,2,0.0949,1,0.0584,1,194.608578140259,1,11.8100004196167,0.0948999971151352,0.0335090458393097,179.943206787109,-65.1565,18.0053,14.0149909450681,52,52,52,52,53,52,0.0584,10056,1,18,-65,0.0073,47,2026-07-23 05:31:29.000581,1.0815,0
"1902800",12,0.1168,2,0.1533,1,0.1168,1,193.550098960876,1,16.8299999237061,0.153300002217293,0.0603162869811058,178.964492797852,-65.1565,18.0053,14.0149909450681,52,52,52,52,53,52,0.1168,10056,1,18,-65,0.0073,47,2026-07-23 05:31:29.000581,1.0815,0
"1902800",12,0.1606,2,0.1971,1,0.1606,1,193.018771820068,1,21.8799991607666,0.19709999859333,0.0804217159748077,178.473205566406,-65.1565,18.0053,14.0149909450681,52,52,52,52,53,52,0.1606,10056,1,18,-65,0.0073,47,2026-07-23 05:31:29.000581,1.0815,0
"1902800",12,0.2847,2,0.3212,1,0.2847,1,190.283551780701,1,26.8600006103516,0.321200013160706,0.137387096881866,175.944107055664,-65.1565,18.0053,14.0149909450681,52,52,52,52,53,52,0.2847,10056,1,18,-65,0.0073,47,2026-07-23 05:31:29.000581,1.0815,0
"1902800",12,0.2336,2,0.2701,1,0.2336,1,192.492081848145,1,31.5900001525879,0.270099997520447,0.113930761814117,177.986206054688,-65.1565,18.0053,14.0149909450681,52,52,52,52,53,52,0.2336,10056,1,18,-65,0.0073,47,2026-07-23 05:31:29.000581,1.0815,0
"1902800",12,0.2044,2,0.2409,1,0.2044,1,195.219083702087,1,36.7099990844727,0.240899994969368,0.10052714496851,180.507705688477,-65.1565,18.0053,14.0149909450681,52,52,52,52,53,52,0.2044,10056,1,18,-65,0.0073,47,2026-07-23 05:31:29.000581,1.0815,0
"1902800",12,0.1825,2,0.219,1,0.1825,1,196.386132041931,1,41.9199981689453,0.218999996781349,0.0904744267463684,181.586807250977,-65.1565,18.0053,14.0149909450681,52,52,52,52,53,52,0.1825,10056,1,18,-65,0.0073,47,2026-07-23 05:31:29.000581,1.0815,0
"1902800",12,0.1533,2,0.1898,1,0.1533,1,199.643718429565,1,46.9000015258789,0.18979999423027,0.0770708099007607,184.598907470703,-65.1565,18.0053,14.0149909450681,52,52,52,52,53,52,0.1533,10056,1,18,-65,0.0073,47,2026-07-23 05:31:29.000581,1.0815,0
"1902800",12,0.1314,2,0.1679,1,0.1314,1,200.48263343811,1,51.5400009155273,0.167899996042252,0.0670180916786194,185.374603271484,-65.1565,18.0053,14.0149909450681,52,52,52,52,53,52,0.1314,10056,1,18,-65,0.0073,47,2026-07-23 05:31:29.000581,1.0815,0
"1902800",12,0.146,2,0.1825,1,0.146,1,201.05095891571,1,56.4099998474121,0.182500004768372,0.0737199038267136,185.900100708008,-65.1565,18.0053,14.0149909450681,52,52,52,52,53,52,0.146,10056,1,18,-65,0.0073,47,2026-07-23 05:31:29.000581,1.0815,0
"1902800",12,0.1387,2,0.1752,1,0.1387,1,201.646100761414,1,61.2900009155273,0.175200000405312,0.0703689977526665,186.450393676758,-65.1565,18.0053,14.0149909450681,52,52,52,52,53,52,0.1387,10056,1,18,-65,0.0073,47,2026-07-23 05:31:29.000581,1.0815,0
"1902800",12,0.1606,2,0.1971,1,0.1606,1,201.87452671051,1,66.6600036621094,0.19709999859333,0.0804217159748077,186.661605834961,-65.1565,18.0053,14.0149909450681,52,52,52,52,53,52,0.1606,10056,1,18,-65,0.0073,47,2026-07-23 05:31:29.000581,1.0815,0
"1902800",12,0.1679,2,0.2044,1,0.1679,1,201.908917671204,1,71.870002746582,0.20440000295639,0.0837726220488548,186.693405151367,-65.1565,18.0053,14.0149909450681,52,52,52,52,53,52,0.1679,10056,1,18,-65,0.0073,47,2026-07-23 05:31:29.000581,1.0815,0
"1902800",12,0.1825,2,0.219,1,0.1825,1,201.856143058777,1,76.9800033569336,0.218999996781349,0.0904744267463684,186.644607543945,-65.1565,18.0053,14.0149909450681,52,52,52,52,53,52,0.1825,10056,1,18,-65,0.0073,47,2026-07-23 05:31:29.000581,1.0815,0
"1902800",12,0.1752,2,0.2117,1,0.1752,1,201.92566758728,1,81.5899963378906,0.21170000731945,0.0871235281229019,186.708892822266,-65.1565,18.0053,14.0149909450681,52,52,52,52,53,52,0.1752,10056,1,18,-65,0.0073,47,2026-07-23 05:31:29.000581,1.0815,0
"1902800",12,0.1679,2,0.2044,1,0.1679,1,201.980934059143,1,86.4599990844727,0.20440000295639,0.0837726220488548,186.759994506836,-65.1565,18.0053,14.0149909450681,52,52,52,52,53,52,0.1679,10056,1,18,-65,0.0073,47,2026-07-23 05:31:29.000581,1.0815,0
"1902800",12,0.1971,2,0.2336,1,0.1971,1,201.622535362244,1,91.7399978637695,0.233600005507469,0.0971762388944626,186.428604125977,-65.1565,18.0053,14.0149909450681,52,52,52,52,53,52,0.1971,10056,1,18,-65,0.0073,47,2026-07-23 05:31:29.000581,1.0815,0
"1902800",12,0.1898,2,0.2263,1,0.1898,1,201.141804519653,1,96.7900009155273,0.226300001144409,0.0938253328204155,185.984100341797,-65.1565,18.0053,14.0149909450681,52,52,52,52,53,52,0.1898,10056,1,18,-65,0.0073,47,2026-07-23 05:31:29.000581,1.0815,0
"1902800",12,0.1898,2,0.2263,1,0.1898,1,200.037382713318,1,101.48999786377,0.226300001144409,0.0938253328204155,184.962905883789,-65.1565,18.0053,14.0149909450681,52,52,52,52,53,52,0.1898,10056,1,18,-65,0.0073,47,2026-07-23 05:31:29.000581,1.0815,0
"1902800",12,0.2482,2,0.2847,1,0.2482,1,193.701293769836,1,111.919998168945,0.284700006246567,0.120632573962212,179.104293823242,-65.1565,18.0053,14.0149909450681,52,52,52,52,53,52,0.2482,10056,1,18,-65,0.0073,47,2026-07-23 05:31:29.000581,1.0815,0
"1902800",12,0.2628,2,0.2993,1,0.2628,1,189.071501449585,1,121.360000610352,0.299299985170364,0.127334386110306,174.823394775391,-65.1565,18.0053,14.0149909450681,52,52,52,52,53,52,0.2628,10056,1,18,-65,0.0073,47,2026-07-23 05:31:29.000581,1.0815,0
"1902800",12,0.1971,2,0.2336,1,0.1971,1,189.625667884827,1,131.779998779297,0.233600005507469,0.0971762388944626,175.335800170898,-65.1565,18.0053,14.0149909450681,52,52,52,52,53,52,0.1971,10056,1,18,-65,0.0073,47,2026-07-23 05:31:29.000581,1.0815,0
"1902800",12,0.1533,2,0.1898,1,0.1533,1,184.687429573059,1,141.699996948242,0.18979999423027,0.0770708099007607,170.76969909668,-65.1565,18.0053,14.0149909450681,52,52,52,52,53,52,0.1533,10056,1,18,-65,0.0073,47,2026-07-23 05:31:29.000581,1.0815,0
"1902800",12,0.1387,2,0.1752,1,0.1387,1,180.550365325928,1,151.380004882812,0.175200000405312,0.0703689977526665,166.944396972656,-65.1565,18.0053,14.0149909450681,52,52,52,52,53,52,0.1387,10056,1,18,-65,0.0073,47,2026-07-23 05:31:29.000581,1.0815,0
"1902800",12,0.1387,2,0.1752,1,0.1387,1,176.944974769592,1,160.789993286133,0.175200000405312,0.0703689977526665,163.610702514648,-65.1565,18.0053,14.0149909450681,52,52,52,52,53,52,0.1387,10056,1,18,-65,0.0073,47,2026-07-23 05:31:29.000581,1.0815,0
"1902800",12,0.1095,2,0.146,1,0.1095,1,171.808394348145,1,171.639999389648,0.145999997854233,0.0569653809070587,158.861206054688,-65.1565,18.0053,14.0149909450681,52,52,52,52,53,52,0.1095,10056,1,18,-65,0.0073,47,2026-07-23 05:31:29.000581,1.0815,0
"1902800",12,0.0584,2,0.0949,1,0.0584,1,168.775421859741,1,181.089996337891,0.0948999971151352,0.0335090458393097,156.056793212891,-65.1565,18.0053,14.0149909450681,52,52,52,52,53,52,0.0584,10056,1,18,-65,0.0073,47,2026-07-23 05:31:29.000581,1.0815,0
"1902800",12,0.0511,2,0.0876,1,0.0511,1,168.42004309845,1,191.199996948242,0.0876000002026558,0.0301581434905529,155.72819519043,-65.1565,18.0053,14.0149909450681,52,52,52,52,53,52,0.0511,10056,1,18,-65,0.0073,47,2026-07-23 05:31:29.000581,1.0815,0
"1902800",12,0.0146,2,0.0511,1,0.0146,1,168.269508384705,1,201.160003662109,0.0511000007390976,0.0134036187082529,155.589004516602,-65.1565,18.0053,14.0149909450681,52,52,52,52,53,52,0.0146,10056,1,18,-65,0.0073,47,2026-07-23 05:31:29.000581,1.0815,0
"1902800",12,-0.0073,2,0.0292,1,-0.0073,1,170.858187286377,1,211.259994506836,0.0292000006884336,0.00335090467706323,157.982604980469,-65.1565,18.0053,14.0149909450681,52,52,52,52,53,52,-0.0073,10056,1,18,-65,0.0073,47,2026-07-23 05:31:29.000581,1.0815,0
"1902800",12,-0.0073,2,0.0292,1,-0.0073,1,173.310589530945,1,221.610000610352,0.0292000006884336,0.00335090467706323,160.250198364258,-65.1565,18.0053,14.0149909450681,52,52,52,52,53,52,-0.0073,10056,1,18,-65,0.0073,47,2026-07-23 05:31:29.000581,1.0815,0
"1902800",12,-0.0073,2,0.0292,1,-0.0073,1,175.024873306274,1,231.149993896484,0.0292000006884336,0.00335090467706323,161.835296630859,-65.1565,18.0053,14.0149909450681,52,52,52,52,53,52,-0.0073,10056,1,18,-65,0.0073,47,2026-07-23 05:31:29.000581,1.0815,0
"1902800",12,-0.0146,2,0.0219,1,-0.0146,1,176.469656707764,1,241.479995727539,0.0219000000506639,0,163.171203613281,-65.1565,18.0053,14.0149909450681,52,52,52,52,53,52,-0.0146,10056,1,18,-65,0.0073,47,2026-07-23 05:31:29.000581,1.0815,0
"1902800",12,-0.0073,2,0.0292,1,-0.0073,1,179.866638702393,1,251.25,0.0292000006884336,0.00335090467706323,166.312194824219,-65.1565,18.0053,14.0149909450681,52,52,52,52,53,52,-0.0073,10056,1,18,-65,0.0073,47,2026-07-23 05:31:29.000581,1.0815,0
"1902800",12,0,2,0.0292,1,-0.0073,1,181.169204589844,1,261.670013427734,0.0292000006884336,0.00335090467706323,167.5166015625,-65.1565,18.0053,14.0149909450681,52,52,52,52,53,52,0,10056,1,18,-65,0.0073,47,2026-07-23 05:31:29.000581,1.0815,0
"1902800",12,0,2,0.0219,1,-0.0146,1,180.803874893188,1,271.559997558594,0.0219000000506639,0,167.178802490234,-65.1565,18.0053,14.0149909450681,52,52,52,52,53,52,0,10056,1,18,-65,0.0073,47,2026-07-23 05:31:29.000581,1.0815,0
"1902800",12,0,2,0.0219,1,-0.0146,1,179.626661087036,1,281.609985351562,0.0219000000506639,0,166.090301513672,-65.1565,18.0053,14.0149909450681,52,52,52,52,53,52,0,10056,1,18,-65,0.0073,47,2026-07-23 05:31:29.000581,1.0815,0
"1902800",12,0,2,0.0292,1,-0.0073,1,177.128398727417,1,291.839996337891,0.0292000006884336,0.00335090467706323,163.780303955078,-65.1565,18.0053,14.0149909450681,52,52,52,52,53,52,0,10056,1,18,-65,0.0073,47,2026-07-23 05:31:29.000581,1.0815,0
"1902800",12,0,2,0.0292,1,-0.0073,1,173.673971946716,1,301.480010986328,0.0292000006884336,0.00335090467706323,160.586196899414,-65.1565,18.0053,14.0149909450681,52,52,52,52,53,52,0,10056,1,18,-65,0.0073,47,2026-07-23 05:31:29.000581,1.0815,0
"1902800",12,0,2,0.0292,1,-0.0073,1,169.288167320251,1,311.5,0.0292000006884336,0.00335090467706323,156.530899047852,-65.1565,18.0053,14.0149909450681,52,52,52,52,53,52,0,10056,1,18,-65,0.0073,47,2026-07-23 05:31:29.000581,1.0815,0
"1902800",12,0,2,0.0219,1,-0.0146,1,169.306666488647,1,320.929992675781,0.0219000000506639,0,156.548004150391,-65.1565,18.0053,14.0149909450681,52,52,52,52,53,52,0,10056,1,18,-65,0.0073,47,2026-07-23 05:31:29.000581,1.0815,0
"1902800",12,0,2,0.0292,1,-0.0073,1,164.790427047729,1,331.540008544922,0.0292000006884336,0.00335090467706323,152.372100830078,-65.1565,18.0053,14.0149909450681,52,52,52,52,53,52,0,10056,1,18,-65,0.0073,47,2026-07-23 05:31:29.000581,1.0815,0
"1902800",12,0,2,0.0292,1,-0.0073,1,161.492178794861,1,341.369995117188,0.0292000006884336,0.00335090467706323,149.322402954102,-65.1565,18.0053,14.0149909450681,52,52,52,52,53,52,0,10056,1,18,-65,0.0073,47,2026-07-23 05:31:29.000581,1.0815,0
"1902800",12,0,2,0.0219,1,-0.0146,1,158.299908828735,1,351.420013427734,0.0219000000506639,0,146.370697021484,-65.1565,18.0053,14.0149909450681,52,52,52,52,53,52,0,10056,1,18,-65,0.0073,47,2026-07-23 05:31:29.000581,1.0815,0
"1902800",12,0,2,0.0219,1,-0.0146,1,157.384208244324,1,361.790008544922,0.0219000000506639,0,145.524002075195,-65.1565,18.0053,14.0149909450681,52,52,52,52,53,52,0,10056,1,18,-65,0.0073,47,2026-07-23 05:31:29.000581,1.0815,0
"1902800",12,0,2,0.0292,1,-0.0073,1,148.559807876587,1,381.790008544922,0.0292000006884336,0.00335090467706323,137.364593505859,-65.1565,18.0053,14.0149909450681,52,52,52,52,53,52,0,10056,1,18,-65,0.0073,47,2026-07-23 05:31:29.000581,1.0815,0
"1902800",12,0,2,0.0292,1,-0.0073,1,143.973928390503,1,401.579986572266,0.0292000006884336,0.00335090467706323,133.124298095703,-65.1565,18.0053,14.0149909450681,52,52,52,52,53,52,0,10056,1,18,-65,0.0073,47,2026-07-23 05:31:29.000581,1.0815,0
"1902800",12,0,2,0.0438,1,0.0073,1,135.913183925629,1,451.850006103516,0.0438000001013279,0.010052714496851,125.670997619629,-65.1565,18.0053,14.0149909450681,52,52,52,52,53,52,0,10056,1,18,-65,0.0073,47,2026-07-23 05:31:29.000581,1.0815,0
"1902800",12,0,2,0.0365,1,0,1,129.408292133331,1,500.989990234375,0.0364999994635582,0.00670180935412645,119.656303405762,-65.1565,18.0053,14.0149909450681,52,52,52,52,53,52,0,10056,1,18,-65,0.0073,47,2026-07-23 05:31:29.000581,1.0815,0
"1902800",12,0,2,0.0292,1,-0.0073,1,127.155527435303,1,551.190002441406,0.0292000006884336,0.00335090467706323,117.573303222656,-65.1565,18.0053,14.0149909450681,52,52,52,52,53,52,0,10056,1,18,-65,0.0073,47,2026-07-23 05:31:29.000581,1.0815,0
"1902800",12,0,2,0.0438,1,0.0073,1,123.31814641571,1,601.700012207031,0.0438000001013279,0.010052714496851,114.025100708008,-65.1565,18.0053,14.0149909450681,52,52,52,52,53,52,0,10056,1,18,-65,0.0073,47,2026-07-23 05:31:29.000581,1.0815,0
"1902800",12,0,2,0.0365,1,0,1,120.511545330048,1,651.409973144531,0.0364999994635582,0.00670180935412645,111.430000305176,-65.1565,18.0053,14.0149909450681,52,52,52,52,53,52,0,10056,1,18,-65,0.0073,47,2026-07-23 05:31:29.000581,1.0815,0
"1902800",12,0,2,0.0438,1,0.0073,1,122.695849903107,1,701.859985351562,0.0438000001013279,0.010052714496851,113.449699401855,-65.1565,18.0053,14.0149909450681,52,52,52,52,53,52,0,10056,1,18,-65,0.0073,47,2026-07-23 05:31:29.000581,1.0815,0
"1902800",12,0,2,0.0438,1,0.0073,1,126.379544254303,1,751.859985351562,0.0438000001013279,0.010052714496851,116.855796813965,-65.1565,18.0053,14.0149909450681,52,52,52,52,53,52,0,10056,1,18,-65,0.0073,47,2026-07-23 05:31:29.000581,1.0815,0
"1902800",12,0,2,0.0365,1,0,1,130.064220497131,1,801.570007324219,0.0364999994635582,0.00670180935412645,120.262802124023,-65.1565,18.0053,14.0149909450681,52,52,52,52,53,52,0,10056,1,18,-65,0.0073,47,2026-07-23 05:31:29.000581,1.0815,0
"1902800",12,0,2,0.0438,1,0.0073,1,139.395392463684,1,851.349975585938,0.0438000001013279,0.010052714496851,128.89079284668,-65.1565,18.0053,14.0149909450681,52,52,52,52,53,52,0,10056,1,18,-65,0.0073,47,2026-07-23 05:31:29.000581,1.0815,0
"1902800",12,0,2,0.0438,1,0.0073,1,149.943598480225,1,901.530029296875,0.0438000001013279,0.010052714496851,138.644104003906,-65.1565,18.0053,14.0149909450681,52,52,52,52,53,52,0,10056,1,18,-65,0.0073,47,2026-07-23 05:31:29.000581,1.0815,0
"1902800",12,0,2,0.0438,1,0.0073,1,161.828744842529,1,951.890014648438,0.0438000001013279,0.010052714496851,149.633605957031,-65.1565,18.0053,14.0149909450681,52,52,52,52,53,52,0,10056,1,18,-65,0.0073,47,2026-07-23 05:31:29.000581,1.0815,0
"1902800",12,0,2,0.0438,1,0.0073,1,172.3640625,1,999.599975585938,0.0438000001013279,0.010052714496851,159.375,-65.1565,18.0053,14.0149909450681,52,52,52,52,53,52,0,10056,1,18,-65,0.0073,47,2026-07-23 05:31:29.000581,1.0815,0
"1902800",12,0,2,0.0365,1,0,1,188.307540252686,1,1099.25,0.0364999994635582,0.00670180935412645,174.117004394531,-65.1565,18.0053,14.0149909450681,52,52,52,52,53,52,0,10056,1,18,-65,0.0073,47,2026-07-23 05:31:29.000581,1.0815,0
"1902800",12,0,2,0.0438,1,0.0073,1,198.085481163025,1,1199.92004394531,0.0438000001013279,0.010052714496851,183.158096313477,-65.1565,18.0053,14.0149909450681,52,52,52,52,53,52,0,10056,1,18,-65,0.0073,47,2026-07-23 05:31:29.000581,1.0815,0
"1902800",12,0,2,0.0438,1,0.0073,1,203.494499382019,1,1299.60998535156,0.0438000001013279,0.010052714496851,188.15950012207,-65.1565,18.0053,14.0149909450681,52,52,52,52,53,52,0,10056,1,18,-65,0.0073,47,2026-07-23 05:31:29.000581,1.0815,0
"1902800",12,0,2,0.0511,1,0.0146,1,209.117107910156,4,1399.27001953125,0.0511000007390976,0.0134036187082529,193.3583984375,-65.1565,18.0053,14.0149909450681,52,52,52,52,53,52,0,10056,1,18,-65,0.0073,47,2026-07-23 05:31:29.000581,1.0815,0
"1902800",13,0.0365,5,0.073,1,0.0365,1,195.314681991577,1,7.86999988555908,0.0729999989271164,0.147439807653427,180.596099853516,-65.3917,17.6612,27.8307633706442,52,52,52,52,53,52,0.0365,10056,1,18,-65,0.0073,47,2026-08-02 12:25:39.001324,1.0815,0
"1902800",13,0.0511,5,0.0876,1,0.0511,1,195.294895637512,1,11.7799997329712,0.0876000002026558,0.147439807653427,180.57780456543,-65.3917,17.6612,27.8307633706442,52,52,52,52,53,52,0.0511,10056,1,18,-65,0.0073,47,2026-08-02 12:25:39.001324,1.0815,0
"1902800",13,0.0511,5,0.0876,1,0.0511,1,195.151704483032,1,16.9500007629395,0.0876000002026558,0.147439807653427,180.445404052734,-65.3917,17.6612,27.8307633706442,52,52,52,52,53,52,0.0511,10056,1,18,-65,0.0073,47,2026-08-02 12:25:39.001324,1.0815,0
"1902800",13,0.0584,5,0.0949,1,0.0584,1,195.218869171143,1,21.3999996185303,0.0948999971151352,0.147439807653427,180.507507324219,-65.3917,17.6612,27.8307633706442,52,52,52,52,53,52,0.0584,10056,1,18,-65,0.0073,47,2026-08-02 12:25:39.001324,1.0815,0
"1902800",13,0.0511,5,0.0876,1,0.0511,1,195.129211738586,1,26.5699996948242,0.0876000002026558,0.147439807653427,180.424606323242,-65.3917,17.6612,27.8307633706442,52,52,52,52,53,52,0.0511,10056,1,18,-65,0.0073,47,2026-08-02 12:25:39.001324,1.0815,0
"1902800",13,0.073,2,0.1095,1,0.073,1,195.07955607605,1,31.7199993133545,0.109499998390675,0.147439807653427,180.378692626953,-65.3917,17.6612,27.8307633706442,52,52,52,52,53,52,0.073,10056,1,18,-65,0.0073,47,2026-08-02 12:25:39.001324,1.0815,0
"1902800",13,0.1168,2,0.1533,1,0.1168,1,195.742951766968,1,36.8199996948242,0.153300002217293,0.147439807653427,180.992095947266,-65.3917,17.6612,27.8307633706442,52,52,52,52,53,52,0.1168,10056,1,18,-65,0.0073,47,2026-08-02 12:25:39.001324,1.0815,0
"1902800",13,0.1168,2,0.1533,1,0.1168,1,197.587241294861,1,41.8400001525879,0.153300002217293,0.147439807653427,182.697402954102,-65.3917,17.6612,27.8307633706442,52,52,52,52,53,52,0.1168,10056,1,18,-65,0.0073,47,2026-08-02 12:25:39.001324,1.0815,0
"1902800",13,0.1095,2,0.146,1,0.1095,1,197.888541755676,1,46.9700012207031,0.145999997854233,0.147439807653427,182.975997924805,-65.3917,17.6612,27.8307633706442,52,52,52,52,53,52,0.1095,10056,1,18,-65,0.0073,47,2026-08-02 12:25:39.001324,1.0815,0
"1902800",13,0.1387,2,0.1752,1,0.1387,1,198.878437042236,1,51.7599983215332,0.175200000405312,0.147439807653427,183.891296386719,-65.3917,17.6612,27.8307633706442,52,52,52,52,53,52,0.1387,10056,1,18,-65,0.0073,47,2026-08-02 12:25:39.001324,1.0815,0
"1902800",13,0.1606,2,0.1971,1,0.1606,1,197.729673339844,1,56.9799995422363,0.19709999859333,0.147439807653427,182.8291015625,-65.3917,17.6612,27.8307633706442,52,52,52,52,53,52,0.1606,10056,1,18,-65,0.0073,47,2026-08-02 12:25:39.001324,1.0815,0
"1902800",13,0.1752,2,0.2117,1,0.1752,1,197.522238418579,1,61.7299995422363,0.21170000731945,0.147439807653427,182.637298583984,-65.3917,17.6612,27.8307633706442,52,52,52,52,53,52,0.1752,10056,1,18,-65,0.0073,47,2026-08-02 12:25:39.001324,1.0815,0
"1902800",13,0.1898,2,0.2263,1,0.1898,1,196.508447685242,1,66.8000030517578,0.226300001144409,0.147439807653427,181.699905395508,-65.3917,17.6612,27.8307633706442,52,52,52,52,53,52,0.1898,10056,1,18,-65,0.0073,47,2026-08-02 12:25:39.001324,1.0815,0
"1902800",13,0.2117,2,0.2482,1,0.2117,1,196.684940643311,1,71.6699981689453,0.248199999332428,0.147439807653427,181.863098144531,-65.3917,17.6612,27.8307633706442,52,52,52,52,53,52,0.2117,10056,1,18,-65,0.0073,47,2026-08-02 12:25:39.001324,1.0815,0
"1902800",13,0.2555,2,0.292,1,0.2555,1,195.149542671204,1,76.9300003051758,0.291999995708466,0.147439807653427,180.443405151367,-65.3917,17.6612,27.8307633706442,52,52,52,52,53,52,0.2555,10056,1,18,-65,0.0073,47,2026-08-02 12:25:39.001324,1.0815,0
"1902800",13,0.438,2,0.4745,1,0.438,1,186.980105278015,1,81.5699996948242,0.474500000476837,0.147439807653427,172.889602661133,-65.3917,17.6612,27.8307633706442,52,52,52,52,53,52,0.438,10056,1,18,-65,0.0073,47,2026-08-02 12:25:39.001324,1.0815,0
"1902800",13,0.3869,2,0.4234,1,0.3869,1,184.50780116272,1,86.8300018310547,0.423400014638901,0.147439807653427,170.603607177734,-65.3917,17.6612,27.8307633706442,52,52,52,52,53,52,0.3869,10056,1,18,-65,0.0073,47,2026-08-02 12:25:39.001324,1.0815,0
"1902800",13,0.3066,2,0.3431,1,0.3066,1,182.981793045044,1,91.5400009155273,0.343100011348724,0.147439807653427,169.192596435547,-65.3917,17.6612,27.8307633706442,52,52,52,52,53,52,0.3066,10056,1,18,-65,0.0073,47,2026-08-02 12:25:39.001324,1.0815,0
"1902800",13,0.1606,2,0.1971,1,0.1606,1,182.687951660156,1,96.5899963378906,0.19709999859333,0.0804217159748077,168.9208984375,-65.3917,17.6612,27.8307633706442,52,52,52,52,53,52,0.1606,10056,1,18,-65,0.0073,47,2026-08-02 12:25:39.001324,1.0815,0
"1902800",13,0.1095,2,0.146,1,0.1095,1,184.811477966309,1,101.709999084473,0.145999997854233,0.0569653809070587,170.884399414062,-65.3917,17.6612,27.8307633706442,52,52,52,52,53,52,0.1095,10056,1,18,-65,0.0073,47,2026-08-02 12:25:39.001324,1.0815,0
"1902800",13,0.0876,2,0.1241,1,0.0876,1,183.267531761169,1,111.949996948242,0.124099999666214,0.0469126664102077,169.456802368164,-65.3917,17.6612,27.8307633706442,52,52,52,52,53,52,0.0876,10056,1,18,-65,0.0073,47,2026-08-02 12:25:39.001324,1.0815,0
"1902800",13,0.0657,2,0.1022,1,0.0657,1,183.792059921265,1,121.919998168945,0.102200001478195,0.0368599519133568,169.941802978516,-65.3917,17.6612,27.8307633706442,52,52,52,52,53,52,0.0657,10056,1,18,-65,0.0073,47,2026-08-02 12:25:39.001324,1.0815,0
"1902800",13,0.0511,2,0.0876,1,0.0511,1,182.787675544739,1,131.369995117188,0.0876000002026558,0.0301581434905529,169.013107299805,-65.3917,17.6612,27.8307633706442,52,52,52,52,53,52,0.0511,10056,1,18,-65,0.0073,47,2026-08-02 12:25:39.001324,1.0815,0
"1902800",13,0.0292,2,0.0657,1,0.0292,1,181.770303794861,1,141.839996337891,0.065700002014637,0.0201054289937019,168.072402954102,-65.3917,17.6612,27.8307633706442,52,52,52,52,53,52,0.0292,10056,1,18,-65,0.0073,47,2026-08-02 12:25:39.001324,1.0815,0
"1902800",13,0.0584,2,0.0949,1,0.0584,1,176.787179008484,1,151.940002441406,0.0948999971151352,0.0335090458393097,163.464797973633,-65.3917,17.6612,27.8307633706442,52,52,52,52,53,52,0.0584,10056,1,18,-65,0.0073,47,2026-08-02 12:25:39.001324,1.0815,0
"1902800",13,0.0438,2,0.0803,1,0.0438,1,169.224468132019,1,161.889999389648,0.0803000032901764,0.0268072374165058,156.47200012207,-65.3917,17.6612,27.8307633706442,52,52,52,52,53,52,0.0438,10056,1,18,-65,0.0073,47,2026-08-02 12:25:39.001324,1.0815,0
"1902800",13,0.0073,2,0.0438,1,0.0073,1,155.729828109741,1,171.710006713867,0.0438000001013279,0.010052714496851,143.994293212891,-65.3917,17.6612,27.8307633706442,52,52,52,52,53,52,0.0073,10056,1,18,-65,0.0073,47,2026-08-02 12:25:39.001324,1.0815,0
"1902800",13,0.0073,2,0.0438,1,0.0073,1,153.658647354126,1,181.630004882812,0.0438000001013279,0.010052714496851,142.079193115234,-65.3917,17.6612,27.8307633706442,52,52,52,52,53,52,0.0073,10056,1,18,-65,0.0073,47,2026-08-02 12:25:39.001324,1.0815,0
"1902800",13,0,2,0.0365,1,0,1,151.939495376587,1,191.169998168945,0.0364999994635582,0.00670180935412645,140.489593505859,-65.3917,17.6612,27.8307633706442,52,52,52,52,53,52,0,10056,1,18,-65,0.0073,47,2026-08-02 12:25:39.001324,1.0815,0
"1902800",13,0,2,0.0365,1,0,1,153.717164794922,1,201.089996337891,0.0364999994635582,0.00670180935412645,142.13330078125,-65.3917,17.6612,27.8307633706442,52,52,52,52,53,52,0,10056,1,18,-65,0.0073,47,2026-08-02 12:25:39.001324,1.0815,0
"1902800",13,0,2,0.0365,1,0,1,154.438417831421,1,211.059997558594,0.0364999994635582,0.00670180935412645,142.800201416016,-65.3917,17.6612,27.8307633706442,52,52,52,52,53,52,0,10056,1,18,-65,0.0073,47,2026-08-02 12:25:39.001324,1.0815,0
"1902800",13,-0.0073,2,0.0292,1,-0.0073,1,160.536459938049,1,221.550003051758,0.0292000006884336,0.00335090467706323,148.438705444336,-65.3917,17.6612,27.8307633706442,52,52,52,52,53,52,-0.0073,10056,1,18,-65,0.0073,47,2026-08-02 12:25:39.001324,1.0815,0
"1902800",13,0,2,0.0365,1,0,1,170.163206039429,1,230.630004882812,0.0364999994635582,0.00670180935412645,157.339996337891,-65.3917,17.6612,27.8307633706442,52,52,52,52,53,52,0,10056,1,18,-65,0.0073,47,2026-08-02 12:25:39.001324,1.0815,0
"1902800",13,-0.0146,2,0.0219,1,-0.0146,1,173.402194244385,1,241.179992675781,0.0219000000506639,0,160.334899902344,-65.3917,17.6612,27.8307633706442,52,52,52,52,53,52,-0.0146,10056,1,18,-65,0.0073,47,2026-08-02 12:25:39.001324,1.0815,0
"1902800",13,0,2,0.0292,1,-0.0073,1,175.285511901855,1,251.479995727539,0.0292000006884336,0.00335090467706323,162.076293945312,-65.3917,17.6612,27.8307633706442,52,52,52,52,53,52,0,10056,1,18,-65,0.0073,47,2026-08-02 12:25:39.001324,1.0815,0
"1902800",13,0,2,0.0219,1,-0.0146,1,178.182966842651,1,261.109985351562,0.0219000000506639,0,164.755401611328,-65.3917,17.6612,27.8307633706442,52,52,52,52,53,52,0,10056,1,18,-65,0.0073,47,2026-08-02 12:25:39.001324,1.0815,0
"1902800",13,0,2,0.0219,1,-0.0146,1,174.80544115448,1,271.130004882812,0.0219000000506639,0,161.632400512695,-65.3917,17.6612,27.8307633706442,52,52,52,52,53,52,0,10056,1,18,-65,0.0073,47,2026-08-02 12:25:39.001324,1.0815,0
"1902800",13,0,2,0.0292,1,-0.0073,1,165.622097511291,1,281.140014648438,0.0292000006884336,0.00335090467706323,153.141098022461,-65.3917,17.6612,27.8307633706442,52,52,52,52,53,52,0,10056,1,18,-65,0.0073,47,2026-08-02 12:25:39.001324,1.0815,0
"1902800",13,0,2,0.0219,1,-0.0146,1,169.025795974731,1,291.299987792969,0.0219000000506639,0,156.288299560547,-65.3917,17.6612,27.8307633706442,52,52,52,52,53,52,0,10056,1,18,-65,0.0073,47,2026-08-02 12:25:39.001324,1.0815,0
"1902800",13,0,2,0.0219,1,-0.0146,1,170.160186103821,1,301.109985351562,0.0219000000506639,0,157.337203979492,-65.3917,17.6612,27.8307633706442,52,52,52,52,53,52,0,10056,1,18,-65,0.0073,47,2026-08-02 12:25:39.001324,1.0815,0
"1902800",13,0,2,0.0365,1,0,1,162.139451660156,1,311.25,0.0364999994635582,0.00670180935412645,149.9208984375,-65.3917,17.6612,27.8307633706442,52,52,52,52,53,52,0,10056,1,18,-65,0.0073,47,2026-08-02 12:25:39.001324,1.0815,0
"1902800",13,0,2,0.0292,1,-0.0073,1,153.287261283874,1,321.209991455078,0.0292000006884336,0.00335090467706323,141.735794067383,-65.3917,17.6612,27.8307633706442,52,52,52,52,53,52,0,10056,1,18,-65,0.0073,47,2026-08-02 12:25:39.001324,1.0815,0
"1902800",13,0,2,0.0292,1,-0.0073,1,147.472796081543,1,331.589996337891,0.0292000006884336,0.00335090467706323,136.359497070312,-65.3917,17.6612,27.8307633706442,52,52,52,52,53,52,0,10056,1,18,-65,0.0073,47,2026-08-02 12:25:39.001324,1.0815,0
"1902800",13,0,2,0.0292,1,-0.0073,1,154.924660469055,1,340.989990234375,0.0292000006884336,0.00335090467706323,143.249801635742,-65.3917,17.6612,27.8307633706442,52,52,52,52,53,52,0,10056,1,18,-65,0.0073,47,2026-08-02 12:25:39.001324,1.0815,0
"1902800",13,0,2,0.0292,1,-0.0073,1,153.605559196472,1,351.239990234375,0.0292000006884336,0.00335090467706323,142.03010559082,-65.3917,17.6612,27.8307633706442,52,52,52,52,53,52,0,10056,1,18,-65,0.0073,47,2026-08-02 12:25:39.001324,1.0815,0
"1902800",13,0,2,0.0292,1,-0.0073,1,149.784499031067,1,360.779998779297,0.0292000006884336,0.00335090467706323,138.496994018555,-65.3917,17.6612,27.8307633706442,52,52,52,52,53,52,0,10056,1,18,-65,0.0073,47,2026-08-02 12:25:39.001324,1.0815,0
"1902800",13,0,2,0.0292,1,-0.0073,1,145.796038719177,1,380.799987792969,0.0292000006884336,0.00335090467706323,134.809097290039,-65.3917,17.6612,27.8307633706442,52,52,52,52,53,52,0,10056,1,18,-65,0.0073,47,2026-08-02 12:25:39.001324,1.0815,0
"1902800",13,0,2,0.0292,1,-0.0073,1,143.084070533752,1,401.820007324219,0.0292000006884336,0.00335090467706323,132.301498413086,-65.3917,17.6612,27.8307633706442,52,52,52,52,53,52,0,10056,1,18,-65,0.0073,47,2026-08-02 12:25:39.001324,1.0815,0
"1902800",13,0,2,0.0365,1,0,1,135.508809597015,1,451.790008544922,0.0364999994635582,0.00670180935412645,125.297096252441,-65.3917,17.6612,27.8307633706442,52,52,52,52,53,52,0,10056,1,18,-65,0.0073,47,2026-08-02 12:25:39.001324,1.0815,0
"1902800",13,0,2,0.0365,1,0,1,131.199683280945,1,500.799987792969,0.0364999994635582,0.00670180935412645,121.312698364258,-65.3917,17.6612,27.8307633706442,52,52,52,52,53,52,0,10056,1,18,-65,0.0073,47,2026-08-02 12:25:39.001324,1.0815,0
"1902800",13,0,2,0.0438,1,0.0073,1,125.578914768219,1,551.510009765625,0.0438000001013279,0.010052714496851,116.115501403809,-65.3917,17.6612,27.8307633706442,52,52,52,52,53,52,0,10056,1,18,-65,0.0073,47,2026-08-02 12:25:39.001324,1.0815,0
"1902800",13,0,2,0.0365,1,0,1,121.040075317383,1,601.390014648438,0.0364999994635582,0.00670180935412645,111.918701171875,-65.3917,17.6612,27.8307633706442,52,52,52,52,53,52,0,10056,1,18,-65,0.0073,47,2026-08-02 12:25:39.001324,1.0815,0
"1902800",13,0,2,0.0365,1,0,1,120.790138515472,1,651.47998046875,0.0364999994635582,0.00670180935412645,111.687599182129,-65.3917,17.6612,27.8307633706442,52,52,52,52,53,52,0,10056,1,18,-65,0.0073,47,2026-08-02 12:25:39.001324,1.0815,0
"1902800",13,0,2,0.0365,1,0,1,122.324034770966,1,701.679992675781,0.0364999994635582,0.00670180935412645,113.105903625488,-65.3917,17.6612,27.8307633706442,52,52,52,52,53,52,0,10056,1,18,-65,0.0073,47,2026-08-02 12:25:39.001324,1.0815,0
"1902800",13,0,2,0.0438,1,0.0073,1,125.647044845581,1,751.380004882812,0.0438000001013279,0.010052714496851,116.178497314453,-65.3917,17.6612,27.8307633706442,52,52,52,52,53,52,0,10056,1,18,-65,0.0073,47,2026-08-02 12:25:39.001324,1.0815,0
"1902800",13,0,2,0.0438,1,0.0073,1,132.1657903862,1,801.320007324219,0.0438000001013279,0.010052714496851,122.206001281738,-65.3917,17.6612,27.8307633706442,52,52,52,52,53,52,0,10056,1,18,-65,0.0073,47,2026-08-02 12:25:39.001324,1.0815,0
"1902800",13,0,2,0.0365,1,0,1,139.20667124176,1,851.380004882812,0.0364999994635582,0.00670180935412645,128.716293334961,-65.3917,17.6612,27.8307633706442,52,52,52,52,53,52,0,10056,1,18,-65,0.0073,47,2026-08-02 12:25:39.001324,1.0815,0
"1902800",13,0,2,0.0438,1,0.0073,1,147.355563171387,1,901.890014648438,0.0438000001013279,0.010052714496851,136.251098632812,-65.3917,17.6612,27.8307633706442,52,52,52,52,53,52,0,10056,1,18,-65,0.0073,47,2026-08-02 12:25:39.001324,1.0815,0
"1902800",13,0,2,0.0365,1,0,1,158.053544792175,1,950.940002441406,0.0364999994635582,0.00670180935412645,146.14289855957,-65.3917,17.6612,27.8307633706442,52,52,52,52,53,52,0,10056,1,18,-65,0.0073,47,2026-08-02 12:25:39.001324,1.0815,0
"1902800",13,0,2,0.0365,1,0,1,168.880443008423,1,999.27001953125,0.0364999994635582,0.00670180935412645,156.153900146484,-65.3917,17.6612,27.8307633706442,52,52,52,52,53,52,0,10056,1,18,-65,0.0073,47,2026-08-02 12:25:39.001324,1.0815,0
"1902800",13,0,2,0.0438,1,0.0073,1,186.612399238586,1,1100.0400390625,0.0438000001013279,0.010052714496851,172.549606323242,-65.3917,17.6612,27.8307633706442,52,52,52,52,53,52,0,10056,1,18,-65,0.0073,47,2026-08-02 12:25:39.001324,1.0815,0
"1902800",13,0,2,0.0438,1,0.0073,1,194.875058578491,1,1199.4599609375,0.0438000001013279,0.010052714496851,180.189605712891,-65.3917,17.6612,27.8307633706442,52,52,52,52,53,52,0,10056,1,18,-65,0.0073,47,2026-08-02 12:25:39.001324,1.0815,0
"1902800",13,0,2,0.0438,1,0.0073,1,201.480862426758,1,1299.68994140625,0.0438000001013279,0.010052714496851,186.297607421875,-65.3917,17.6612,27.8307633706442,52,52,52,52,53,52,0,10056,1,18,-65,0.0073,47,2026-08-02 12:25:39.001324,1.0815,0
"1902800",13,0,2,0.0365,1,0,1,207.860517654419,4,1400,0.0364999994635582,0.00670180935412645,192.196502685547,-65.3917,17.6612,27.8307633706442,52,52,52,52,53,52,0,10056,1,18,-65,0.0073,47,2026-08-02 12:25:39.001324,1.0815,0
"1902800",14,0.0219,5,0.0584,1,0.0219,1,194.358748603821,1,7.73999977111816,0.0584000013768673,0.156465590000153,179.712203979492,-65.5398,17.2705,11.9281787907003,52,52,52,52,53,52,0.0219,10321,1,17,-66,0.0073,47,2026-08-12 18:45:49.001997,1.0815,0
"1902800",14,0.0219,5,0.0584,1,0.0219,1,194.222901008606,1,11.8400001525879,0.0584000013768673,0.156465590000153,179.58659362793,-65.5398,17.2705,11.9281787907003,52,52,52,52,53,52,0.0219,10321,1,17,-66,0.0073,47,2026-08-12 18:45:49.001997,1.0815,0
"1902800",14,0.0511,2,0.0876,1,0.0511,1,194.875157592773,1,16.6299991607666,0.0876000002026558,0.156465590000153,180.189697265625,-65.5398,17.2705,11.9281787907003,52,52,52,52,53,52,0.0511,10321,1,17,-66,0.0073,47,2026-08-12 18:45:49.001997,1.0815,0
"1902800",14,0.0584,2,0.0949,1,0.0584,1,195.020626075745,1,21.4099998474121,0.0948999971151352,0.156465590000153,180.324203491211,-65.5398,17.2705,11.9281787907003,52,52,52,52,53,52,0.0584,10321,1,17,-66,0.0073,47,2026-08-12 18:45:49.001997,1.0815,0
"1902800",14,0.0657,2,0.1022,1,0.0657,1,194.948263137817,1,26.9200000762939,0.102200001478195,0.156465590000153,180.257293701172,-65.5398,17.2705,11.9281787907003,52,52,52,52,53,52,0.0657,10321,1,17,-66,0.0073,47,2026-08-12 18:45:49.001997,1.0815,0
"1902800",14,0.1168,2,0.1533,1,0.1168,1,195.009371452332,1,31.6399993896484,0.153300002217293,0.156465590000153,180.31379699707,-65.5398,17.2705,11.9281787907003,52,52,52,52,53,52,0.1168,10321,1,17,-66,0.0073,47,2026-08-12 18:45:49.001997,1.0815,0
"1902800",14,0.0803,2,0.1168,1,0.0803,1,196.420622016907,1,36.9199981689453,0.116800002753735,0.156465590000153,181.618698120117,-65.5398,17.2705,11.9281787907003,52,52,52,52,53,52,0.0803,10321,1,17,-66,0.0073,47,2026-08-12 18:45:49.001997,1.0815,0
"1902800",14,0.0949,2,0.1314,1,0.0949,1,199.807339530945,1,41.5400009155273,0.131400004029274,0.156465590000153,184.750198364258,-65.5398,17.2705,11.9281787907003,52,52,52,52,53,52,0.0949,10321,1,17,-66,0.0073,47,2026-08-12 18:45:49.001997,1.0815,0
"1902800",14,0.1168,2,0.1533,1,0.1168,1,200.530110786438,1,46.75,0.153300002217293,0.156465590000153,185.418502807617,-65.5398,17.2705,11.9281787907003,52,52,52,52,53,52,0.1168,10321,1,17,-66,0.0073,47,2026-08-12 18:45:49.001997,1.0815,0
"1902800",14,0.1679,2,0.2044,1,0.1679,1,202.137112586975,1,51.9300003051758,0.20440000295639,0.156465590000153,186.904403686523,-65.5398,17.2705,11.9281787907003,52,52,52,52,53,52,0.1679,10321,1,17,-66,0.0073,47,2026-08-12 18:45:49.001997,1.0815,0
"1902800",14,0.1825,2,0.219,1,0.1825,1,201.335723991394,1,56.5400009155273,0.218999996781349,0.156465590000153,186.16340637207,-65.5398,17.2705,11.9281787907003,52,52,52,52,53,52,0.1825,10321,1,17,-66,0.0073,47,2026-08-12 18:45:49.001997,1.0815,0
"1902800",14,0.219,2,0.2555,1,0.219,1,196.12861239624,1,61.9300003051758,0.255499988794327,0.156465590000153,181.348693847656,-65.5398,17.2705,11.9281787907003,52,52,52,52,53,52,0.219,10321,1,17,-66,0.0073,47,2026-08-12 18:45:49.001997,1.0815,0
"1902800",14,0.2409,2,0.2774,1,0.2409,1,192.979826202393,1,66.7200012207031,0.277399986982346,0.156465590000153,178.437194824219,-65.5398,17.2705,11.9281787907003,52,52,52,52,53,52,0.2409,10321,1,17,-66,0.0073,47,2026-08-12 18:45:49.001997,1.0815,0
"1902800",14,0.3504,2,0.3869,1,0.3504,1,188.674701713562,1,71.9199981689453,0.386900007724762,0.156465590000153,174.456497192383,-65.5398,17.2705,11.9281787907003,52,52,52,52,53,52,0.3504,10321,1,17,-66,0.0073,47,2026-08-12 18:45:49.001997,1.0815,0
"1902800",14,0.5767,2,0.6132,1,0.5767,1,185.727393081665,1,76.6100006103516,0.613200008869171,0.156465590000153,171.731292724609,-65.5398,17.2705,11.9281787907003,52,52,52,52,53,52,0.5767,10321,1,17,-66,0.0073,47,2026-08-12 18:45:49.001997,1.0815,0
"1902800",14,0.4964,2,0.5329,1,0.4964,1,182.409358474731,1,81.7799987792969,0.532899975776672,0.156465590000153,168.663299560547,-65.5398,17.2705,11.9281787907003,52,52,52,52,53,52,0.4964,10321,1,17,-66,0.0073,47,2026-08-12 18:45:49.001997,1.0815,0
"1902800",14,0.3723,2,0.4088,1,0.3723,1,177.864355384827,1,86.4800033569336,0.408800005912781,0.156465590000153,164.460800170898,-65.5398,17.2705,11.9281787907003,52,52,52,52,53,52,0.3723,10321,1,17,-66,0.0073,47,2026-08-12 18:45:49.001997,1.0815,0
"1902800",14,0.2993,2,0.3358,1,0.2993,1,175.747974609375,1,91.8899993896484,0.335799992084503,0.12694376707077,162.50390625,-65.5398,17.2705,11.9281787907003,52,52,52,52,53,52,0.2993,10321,1,17,-66,0.0073,47,2026-08-12 18:45:49.001997,1.0815,0
"1902800",14,0.2628,2,0.2993,1,0.2628,1,173.881406867981,1,96.5999984741211,0.299299985170364,0.112182877957821,160.77799987793,-65.5398,17.2705,11.9281787907003,52,52,52,52,53,52,0.2628,10321,1,17,-66,0.0073,47,2026-08-12 18:45:49.001997,1.0815,0
"1902800",14,0.1898,2,0.2263,1,0.1898,1,172.293432312012,1,101.790000915527,0.226300001144409,0.0826610624790192,159.309692382812,-65.5398,17.2705,11.9281787907003,52,52,52,52,53,52,0.1898,10321,1,17,-66,0.0073,47,2026-08-12 18:45:49.001997,1.0815,0
"1902800",14,0.1022,2,0.1387,1,0.1022,1,169.690594367981,1,111.860000610352,0.138699993491173,0.0472348928451538,156.90299987793,-65.5398,17.2705,11.9281787907003,52,52,52,52,53,52,0.1022,10321,1,17,-66,0.0073,47,2026-08-12 18:45:49.001997,1.0815,0
"1902800",14,0.0803,2,0.1168,1,0.0803,1,168.88833114624,1,121.519996643066,0.116800002753735,0.0383783504366875,156.161193847656,-65.5398,17.2705,11.9281787907003,52,52,52,52,53,52,0.0803,10321,1,17,-66,0.0073,47,2026-08-12 18:45:49.001997,1.0815,0
"1902800",14,0.0584,2,0.0949,1,0.0584,1,166.304305915833,1,131.919998168945,0.0948999971151352,0.0295218080282211,153.771896362305,-65.5398,17.2705,11.9281787907003,52,52,52,52,53,52,0.0584,10321,1,17,-66,0.0073,47,2026-08-12 18:45:49.001997,1.0815,0
"1902800",14,0.0657,2,0.1022,1,0.0657,1,162.644837059021,1,141.839996337891,0.102200001478195,0.0324739888310432,150.388198852539,-65.5398,17.2705,11.9281787907003,52,52,52,52,53,52,0.0657,10321,1,17,-66,0.0073,47,2026-08-12 18:45:49.001997,1.0815,0
"1902800",14,0.0438,2,0.0803,1,0.0438,1,158.321757980347,1,151.649993896484,0.0803000032901764,0.0236174464225769,146.390899658203,-65.5398,17.2705,11.9281787907003,52,52,52,52,53,52,0.0438,10321,1,17,-66,0.0073,47,2026-08-12 18:45:49.001997,1.0815,0
"1902800",14,0.0292,2,0.0657,1,0.0292,1,155.855724769592,1,161.679992675781,0.065700002014637,0.0177130848169327,144.110702514648,-65.5398,17.2705,11.9281787907003,52,52,52,52,53,52,0.0292,10321,1,17,-66,0.0073,47,2026-08-12 18:45:49.001997,1.0815,0
"1902800",14,0.0073,2,0.0438,1,0.0073,1,154.75854750824,1,171.330001831055,0.0438000001013279,0.00885654240846634,143.096206665039,-65.5398,17.2705,11.9281787907003,52,52,52,52,53,52,0.0073,10321,1,17,-66,0.0073,47,2026-08-12 18:45:49.001997,1.0815,0
"1902800",14,0,2,0.0365,1,0,1,156.189683441162,1,181.910003662109,0.0364999994635582,0.00590436160564423,144.419494628906,-65.5398,17.2705,11.9281787907003,52,52,52,52,53,52,0,10321,1,17,-66,0.0073,47,2026-08-12 18:45:49.001997,1.0815,0
"1902800",14,0,2,0.0292,1,-0.0073,1,157.041701339722,1,191.570007324219,0.0292000006884336,0.00295218080282211,145.207305908203,-65.5398,17.2705,11.9281787907003,52,52,52,52,53,52,0,10321,1,17,-66,0.0073,47,2026-08-12 18:45:49.001997,1.0815,0
"1902800",14,0,2,0.0292,1,-0.0073,1,158.779121452332,1,201.190002441406,0.0292000006884336,0.00295218080282211,146.81379699707,-65.5398,17.2705,11.9281787907003,52,52,52,52,53,52,0,10321,1,17,-66,0.0073,47,2026-08-12 18:45:49.001997,1.0815,0
"1902800",14,0,2,0.0292,1,-0.0073,1,158.949128974915,1,211.910003662109,0.0292000006884336,0.00295218080282211,146.970993041992,-65.5398,17.2705,11.9281787907003,52,52,52,52,53,52,0,10321,1,17,-66,0.0073,47,2026-08-12 18:45:49.001997,1.0815,0
"1902800",14,0,2,0.0292,1,-0.0073,1,157.934364601135,1,221.029998779297,0.0292000006884336,0.00295218080282211,146.032699584961,-65.5398,17.2705,11.9281787907003,52,52,52,52,53,52,0,10321,1,17,-66,0.0073,47,2026-08-12 18:45:49.001997,1.0815,0
"1902800",14,0,2,0.0292,1,-0.0073,1,157.707143325806,1,231.529998779297,0.0292000006884336,0.00295218080282211,145.822601318359,-65.5398,17.2705,11.9281787907003,52,52,52,52,53,52,0,10321,1,17,-66,0.0073,47,2026-08-12 18:45:49.001997,1.0815,0
"1902800",14,0,2,0.0292,1,-0.0073,1,156.065750564575,1,241.110000610352,0.0292000006884336,0.00295218080282211,144.304901123047,-65.5398,17.2705,11.9281787907003,52,52,52,52,53,52,0,10321,1,17,-66,0.0073,47,2026-08-12 18:45:49.001997,1.0815,0
"1902800",14,0,2,0.0219,1,-0.0146,1,156.986649398804,1,251.679992675781,0.0219000000506639,0,145.156402587891,-65.5398,17.2705,11.9281787907003,52,52,52,52,53,52,0,10321,1,17,-66,0.0073,47,2026-08-12 18:45:49.001997,1.0815,0
"1902800",14,0,2,0.0292,1,-0.0073,1,159.347232398987,1,261.779998779297,0.0292000006884336,0.00295218080282211,147.339096069336,-65.5398,17.2705,11.9281787907003,52,52,52,52,53,52,0,10321,1,17,-66,0.0073,47,2026-08-12 18:45:49.001997,1.0815,0
"1902800",14,0,2,0.0292,1,-0.0073,1,158.719217811584,1,269.420013427734,0.0292000006884336,0.00295218080282211,146.758407592773,-65.5398,17.2705,11.9281787907003,52,52,52,52,53,52,0,10321,1,17,-66,0.0073,47,2026-08-12 18:45:49.001997,1.0815,0
"1902800",14,0,2,0.0292,1,-0.0073,1,161.155398216248,1,281.5,0.0292000006884336,0.00295218080282211,149.011001586914,-65.5398,17.2705,11.9281787907003,52,52,52,52,53,52,0,10321,1,17,-66,0.0073,47,2026-08-12 18:45:49.001997,1.0815,0
"1902800",14,0,2,0.0365,1,0,1,159.016722724915,1,291.480010986328,0.0364999994635582,0.00590436160564423,147.033493041992,-65.5398,17.2705,11.9281787907003,52,52,52,52,53,52,0,10321,1,17,-66,0.0073,47,2026-08-12 18:45:49.001997,1.0815,0
"1902800",14,0,2,0.0292,1,-0.0073,1,155.188104469299,1,301.079986572266,0.0292000006884336,0.00295218080282211,143.493392944336,-65.5398,17.2705,11.9281787907003,52,52,52,52,53,52,0,10321,1,17,-66,0.0073,47,2026-08-12 18:45:49.001997,1.0815,0
"1902800",14,0,2,0.0292,1,-0.0073,1,153.897766845703,1,311.299987792969,0.0292000006884336,0.00295218080282211,142.30029296875,-65.5398,17.2705,11.9281787907003,52,52,52,52,53,52,0,10321,1,17,-66,0.0073,47,2026-08-12 18:45:49.001997,1.0815,0
"1902800",14,0,2,0.0292,1,-0.0073,1,154.632650848389,1,321.829986572266,0.0292000006884336,0.00295218080282211,142.979797363281,-65.5398,17.2705,11.9281787907003,52,52,52,52,53,52,0,10321,1,17,-66,0.0073,47,2026-08-12 18:45:49.001997,1.0815,0
"1902800",14,0,2,0.0292,1,-0.0073,1,151.930848129272,1,331.630004882812,0.0292000006884336,0.00295218080282211,140.481597900391,-65.5398,17.2705,11.9281787907003,52,52,52,52,53,52,0,10321,1,17,-66,0.0073,47,2026-08-12 18:45:49.001997,1.0815,0
"1902800",14,0,2,0.0365,1,0,1,150.190276062012,1,341.790008544922,0.0364999994635582,0.00590436160564423,138.872192382812,-65.5398,17.2705,11.9281787907003,52,52,52,52,53,52,0,10321,1,17,-66,0.0073,47,2026-08-12 18:45:49.001997,1.0815,0
"1902800",14,0,2,0.0292,1,-0.0073,1,147.962834266663,1,351.190002441406,0.0292000006884336,0.00295218080282211,136.812606811523,-65.5398,17.2705,11.9281787907003,52,52,52,52,53,52,0,10321,1,17,-66,0.0073,47,2026-08-12 18:45:49.001997,1.0815,0
"1902800",14,0,2,0.0292,1,-0.0073,1,147.335446769714,1,360.890014648438,0.0292000006884336,0.00295218080282211,136.232498168945,-65.5398,17.2705,11.9281787907003,52,52,52,52,53,52,0,10321,1,17,-66,0.0073,47,2026-08-12 18:45:49.001997,1.0815,0
"1902800",14,0,2,0.0219,1,-0.0146,1,144.656681373596,1,381.100006103516,0.0219000000506639,0,133.755599975586,-65.5398,17.2705,11.9281787907003,52,52,52,52,53,52,0,10321,1,17,-66,0.0073,47,2026-08-12 18:45:49.001997,1.0815,0
"1902800",14,0,2,0.0292,1,-0.0073,1,137.317949054718,1,401.420013427734,0.0292000006884336,0.00295218080282211,126.969902038574,-65.5398,17.2705,11.9281787907003,52,52,52,52,53,52,0,10321,1,17,-66,0.0073,47,2026-08-12 18:45:49.001997,1.0815,0
"1902800",14,0,2,0.0365,1,0,1,128.132443599701,1,451.75,0.0364999994635582,0.00590436160564423,118.476600646973,-65.5398,17.2705,11.9281787907003,52,52,52,52,53,52,0,10321,1,17,-66,0.0073,47,2026-08-12 18:45:49.001997,1.0815,0
"1902800",14,0,2,0.0365,1,0,1,122.542171485901,1,501.25,0.0364999994635582,0.00590436160564423,113.307601928711,-65.5398,17.2705,11.9281787907003,52,52,52,52,53,52,0,10321,1,17,-66,0.0073,47,2026-08-12 18:45:49.001997,1.0815,0
"1902800",14,0,2,0.0365,1,0,1,121.89196944809,1,551.599975585938,0.0364999994635582,0.00590436160564423,112.706398010254,-65.5398,17.2705,11.9281787907003,52,52,52,52,53,52,0,10321,1,17,-66,0.0073,47,2026-08-12 18:45:49.001997,1.0815,0
"1902800",14,0,2,0.0438,1,0.0073,1,120.735631153107,1,601.150024414062,0.0438000001013279,0.00885654240846634,111.637199401855,-65.5398,17.2705,11.9281787907003,52,52,52,52,53,52,0,10321,1,17,-66,0.0073,47,2026-08-12 18:45:49.001997,1.0815,0
"1902800",14,0,2,0.0438,1,0.0073,1,121.808591171265,1,651.440002441406,0.0438000001013279,0.00885654240846634,112.629302978516,-65.5398,17.2705,11.9281787907003,52,52,52,52,53,52,0,10321,1,17,-66,0.0073,47,2026-08-12 18:45:49.001997,1.0815,0
"1902800",14,0,2,0.0438,1,0.0073,1,124.973813735962,1,701.659973144531,0.0438000001013279,0.00885654240846634,115.555999755859,-65.5398,17.2705,11.9281787907003,52,52,52,52,53,52,0,10321,1,17,-66,0.0073,47,2026-08-12 18:45:49.001997,1.0815,0
"1902800",14,0,2,0.0438,1,0.0073,1,128.979585044861,1,750.97998046875,0.0438000001013279,0.00885654240846634,119.259902954102,-65.5398,17.2705,11.9281787907003,52,52,52,52,53,52,0,10321,1,17,-66,0.0073,47,2026-08-12 18:45:49.001997,1.0815,0
"1902800",14,0,2,0.0365,1,0,1,134.221830207825,1,801.469970703125,0.0364999994635582,0.00590436160564423,124.10710144043,-65.5398,17.2705,11.9281787907003,52,52,52,52,53,52,0,10321,1,17,-66,0.0073,47,2026-08-12 18:45:49.001997,1.0815,0
"1902800",14,0,2,0.0438,1,0.0073,1,142.118186210632,1,851.489990234375,0.0438000001013279,0.00885654240846634,131.408401489258,-65.5398,17.2705,11.9281787907003,52,52,52,52,53,52,0,10321,1,17,-66,0.0073,47,2026-08-12 18:45:49.001997,1.0815,0
"1902800",14,0,2,0.0365,1,0,1,153.832664955139,1,901.099975585938,0.0364999994635582,0.00590436160564423,142.240097045898,-65.5398,17.2705,11.9281787907003,52,52,52,52,53,52,0,10321,1,17,-66,0.0073,47,2026-08-12 18:45:49.001997,1.0815,0
"1902800",14,0,2,0.0365,1,0,1,165.220858634949,1,951.190002441406,0.0364999994635582,0.00590436160564423,152.770095825195,-65.5398,17.2705,11.9281787907003,52,52,52,52,53,52,0,10321,1,17,-66,0.0073,47,2026-08-12 18:45:49.001997,1.0815,0
"1902800",14,0,2,0.0365,1,0,1,175.112038879395,1,1000.16998291016,0.0364999994635582,0.00590436160564423,161.915893554688,-65.5398,17.2705,11.9281787907003,52,52,52,52,53,52,0,10321,1,17,-66,0.0073,47,2026-08-12 18:45:49.001997,1.0815,0
"1902800",14,0,2,0.0438,1,0.0073,1,188.08495614624,1,1099.94995117188,0.0438000001013279,0.00885654240846634,173.911193847656,-65.5398,17.2705,11.9281787907003,52,52,52,52,53,52,0,10321,1,17,-66,0.0073,47,2026-08-12 18:45:49.001997,1.0815,0
"1902800",14,0,2,0.0365,1,0,1,198.502727348328,1,1199.60998535156,0.0364999994635582,0.00590436160564423,183.543899536133,-65.5398,17.2705,11.9281787907003,52,52,52,52,53,52,0,10321,1,17,-66,0.0073,47,2026-08-12 18:45:49.001997,1.0815,0
"1902800",14,0,2,0.0365,1,0,1,203.593678688049,1,1299.86999511719,0.0364999994635582,0.00590436160564423,188.251205444336,-65.5398,17.2705,11.9281787907003,52,52,52,52,53,52,0,10321,1,17,-66,0.0073,47,2026-08-12 18:45:49.001997,1.0815,0
"1902800",14,0,2,0.0365,1,0,1,205.758295921326,4,1399.63000488281,0.0364999994635582,0.00590436160564423,190.252700805664,-65.5398,17.2705,11.9281787907003,52,52,52,52,53,52,0,10321,1,17,-66,0.0073,47,2026-08-12 18:45:49.001997,1.0815,0
"1902800",15,0.0292,2,0.0657,1,0.0292,1,192.437128921509,1,7.90999984741211,0.065700002014637,0.0184988100081682,177.935394287109,-65.3725,16.9802,9.4433410014585,52,52,52,52,53,52,0.0292,10322,1,17,-65,0.0073,47,2026-08-22 23:42:10.002529,1.0815,0
"1902800",15,0.0511,2,0.0876,1,0.0511,1,191.755795143127,1,11.8299999237061,0.0876000002026558,0.0277482159435749,177.305404663086,-65.3725,16.9802,9.4433410014585,52,52,52,52,53,52,0.0511,10322,1,17,-65,0.0073,47,2026-08-22 23:42:10.002529,1.0815,0
"1902800",15,0.0584,2,0.0949,1,0.0584,1,191.466491912842,1,16.4200000762939,0.0948999971151352,0.0308313500136137,177.037902832031,-65.3725,16.9802,9.4433410014585,52,52,52,52,53,52,0.0584,10322,1,17,-65,0.0073,47,2026-08-22 23:42:10.002529,1.0815,0
"1902800",15,0.0511,2,0.0876,1,0.0511,1,191.367857185364,1,21.6900005340576,0.0876000002026558,0.0277482159435749,176.946701049805,-65.3725,16.9802,9.4433410014585,52,52,52,52,53,52,0.0511,10322,1,17,-65,0.0073,47,2026-08-22 23:42:10.002529,1.0815,0
"1902800",15,0.0511,2,0.0876,1,0.0511,1,191.15113142395,1,26.6599998474121,0.0876000002026558,0.0277482159435749,176.746307373047,-65.3725,16.9802,9.4433410014585,52,52,52,52,53,52,0.0511,10322,1,17,-65,0.0073,47,2026-08-22 23:42:10.002529,1.0815,0
"1902800",15,0.0584,2,0.0949,1,0.0584,1,191.09152482605,1,31.5300006866455,0.0948999971151352,0.0308313500136137,176.691192626953,-65.3725,16.9802,9.4433410014585,52,52,52,52,53,52,0.0584,10322,1,17,-65,0.0073,47,2026-08-22 23:42:10.002529,1.0815,0
"1902800",15,0.073,2,0.1095,1,0.073,1,190.812931640625,1,36.9199981689453,0.109499998390675,0.0369976200163364,176.43359375,-65.3725,16.9802,9.4433410014585,52,52,52,52,53,52,0.073,10322,1,17,-65,0.0073,47,2026-08-22 23:42:10.002529,1.0815,0
"1902800",15,0.073,2,0.1095,1,0.073,1,189.954230278015,1,41.6699981689453,0.109499998390675,0.0369976200163364,175.639602661133,-65.3725,16.9802,9.4433410014585,52,52,52,52,53,52,0.073,10322,1,17,-65,0.0073,47,2026-08-22 23:42:10.002529,1.0815,0
"1902800",15,0.1095,2,0.146,1,0.1095,1,190.428789230347,1,46.7799987792969,0.145999997854233,0.0524132959544659,176.078399658203,-65.3725,16.9802,9.4433410014585,52,52,52,52,53,52,0.1095,10322,1,17,-65,0.0073,47,2026-08-22 23:42:10.002529,1.0815,0
"1902800",15,0.1314,2,0.1679,1,0.1314,1,190.543744812012,1,51.8699989318848,0.167899996042252,0.0616627000272274,176.184692382812,-65.3725,16.9802,9.4433410014585,52,52,52,52,53,52,0.1314,10322,1,17,-65,0.0073,47,2026-08-22 23:42:10.002529,1.0815,0
"1902800",15,0.1387,2,0.1752,1,0.1387,1,191.594649398804,1,56.7599983215332,0.175200000405312,0.0647458359599113,177.156402587891,-65.3725,16.9802,9.4433410014585,52,52,52,52,53,52,0.1387,10322,1,17,-65,0.0073,47,2026-08-22 23:42:10.002529,1.0815,0
"1902800",15,0.2117,2,0.2482,1,0.2117,1,191.283282485962,1,61.9700012207031,0.248199999332428,0.0955771878361702,176.868499755859,-65.3725,16.9802,9.4433410014585,52,52,52,52,53,52,0.2117,10322,1,17,-65,0.0073,47,2026-08-22 23:42:10.002529,1.0815,0
"1902800",15,0.3577,2,0.3942,1,0.3577,1,190.758424278259,1,66,0.394199997186661,0.157239884138107,176.383193969727,-65.3725,16.9802,9.4433410014585,52,52,52,52,53,52,0.3577,10322,1,17,-65,0.0073,47,2026-08-22 23:42:10.002529,1.0815,0
"1902800",15,0.4891,2,0.5256,1,0.4891,1,191.761191421509,1,71.7900009155273,0.525600016117096,0.212736323475838,177.310394287109,-65.3725,16.9802,9.4433410014585,52,52,52,52,53,52,0.4891,10322,1,17,-65,0.0073,47,2026-08-22 23:42:10.002529,1.0815,0
"1902800",15,0.4453,2,0.4818,1,0.4453,1,190.68510420227,1,76.3300018310547,0.481799989938736,0.194237515330315,176.315399169922,-65.3725,16.9802,9.4433410014585,52,52,52,52,53,52,0.4453,10322,1,17,-65,0.0073,47,2026-08-22 23:42:10.002529,1.0815,0
"1902800",15,0.4672,2,0.5037,1,0.4672,1,190.669311424255,1,81.6999969482422,0.503700017929077,0.203486919403076,176.300796508789,-65.3725,16.9802,9.4433410014585,52,52,52,52,53,52,0.4672,10322,1,17,-65,0.0073,47,2026-08-22 23:42:10.002529,1.0815,0
"1902800",15,0.3504,2,0.3869,1,0.3504,1,192.953983474731,1,86.8399963378906,0.386900007724762,0.154156759381294,178.413299560547,-65.3725,16.9802,9.4433410014585,52,52,52,52,53,52,0.3504,10322,1,17,-65,0.0073,47,2026-08-22 23:42:10.002529,1.0815,0
"1902800",15,0.2701,2,0.3066,1,0.2701,1,193.260152137756,1,91.6699981689453,0.306600004434586,0.120242267847061,178.696395874023,-65.3725,16.9802,9.4433410014585,52,52,52,52,53,52,0.2701,10322,1,17,-65,0.0073,47,2026-08-22 23:42:10.002529,1.0815,0
"1902800",15,0.2336,2,0.2701,1,0.2336,1,193.032716331482,1,96.4000015258789,0.270099997520447,0.104826591908932,178.486099243164,-65.3725,16.9802,9.4433410014585,52,52,52,52,53,52,0.2336,10322,1,17,-65,0.0073,47,2026-08-22 23:42:10.002529,1.0815,0
"1902800",15,0.2409,2,0.2774,1,0.2409,1,193.774729362488,1,101.98999786377,0.277399986982346,0.107909731566906,179.17219543457,-65.3725,16.9802,9.4433410014585,52,52,52,52,53,52,0.2409,10322,1,17,-65,0.0073,47,2026-08-22 23:42:10.002529,1.0815,0
"1902800",15,0.1241,2,0.1606,1,0.1241,1,198.024603881836,1,111.970001220703,0.160600006580353,0.0585795678198338,183.101806640625,-65.3725,16.9802,9.4433410014585,52,52,52,52,53,52,0.1241,10322,1,17,-65,0.0073,47,2026-08-22 23:42:10.002529,1.0815,0
"1902800",15,0.0876,2,0.1241,1,0.0876,1,198.658245780945,1,121.379997253418,0.124099999666214,0.0431638918817043,183.687698364258,-65.3725,16.9802,9.4433410014585,52,52,52,52,53,52,0.0876,10322,1,17,-65,0.0073,47,2026-08-22 23:42:10.002529,1.0815,0
"1902800",15,0.0876,2,0.1241,1,0.0876,1,200.556498092651,1,131.279998779297,0.124099999666214,0.0431638918817043,185.442901611328,-65.3725,16.9802,9.4433410014585,52,52,52,52,53,52,0.0876,10322,1,17,-65,0.0073,47,2026-08-22 23:42:10.002529,1.0815,0
"1902800",15,0.0584,2,0.0949,1,0.0584,1,198.826966117859,1,141.75,0.0948999971151352,0.0308313500136137,183.843704223633,-65.3725,16.9802,9.4433410014585,52,52,52,52,53,52,0.0584,10322,1,17,-65,0.0073,47,2026-08-22 23:42:10.002529,1.0815,0
"1902800",15,0.0438,2,0.0803,1,0.0438,1,196.06588684845,1,151.229995727539,0.0803000032901764,0.024665080010891,181.29069519043,-65.3725,16.9802,9.4433410014585,52,52,52,52,53,52,0.0438,10322,1,17,-65,0.0073,47,2026-08-22 23:42:10.002529,1.0815,0
"1902800",15,0.0438,2,0.0803,1,0.0438,1,190.203515235901,1,161.889999389648,0.0803000032901764,0.024665080010891,175.870101928711,-65.3725,16.9802,9.4433410014585,52,52,52,52,53,52,0.0438,10322,1,17,-65,0.0073,47,2026-08-22 23:42:10.002529,1.0815,0
"1902800",15,0.0511,2,0.0876,1,0.0511,1,184.835488929749,1,171.910003662109,0.0876000002026558,0.0277482159435749,170.906600952148,-65.3725,16.9802,9.4433410014585,52,52,52,52,53,52,0.0511,10322,1,17,-65,0.0073,47,2026-08-22 23:42:10.002529,1.0815,0
"1902800",15,0.073,2,0.1095,1,0.073,1,178.232820533752,1,181.619995117188,0.109499998390675,0.0369976200163364,164.801498413086,-65.3725,16.9802,9.4433410014585,52,52,52,52,53,52,0.073,10322,1,17,-65,0.0073,47,2026-08-22 23:42:10.002529,1.0815,0
"1902800",15,0.0219,2,0.0584,1,0.0219,1,166.217998466492,1,191.009994506836,0.0584000013768673,0.0154156750068069,153.692092895508,-65.3725,16.9802,9.4433410014585,52,52,52,52,53,52,0.0219,10322,1,17,-65,0.0073,47,2026-08-22 23:42:10.002529,1.0815,0
"1902800",15,0.0438,2,0.0803,1,0.0438,1,172.963643486023,1,201.110000610352,0.0803000032901764,0.024665080010891,159.929397583008,-65.3725,16.9802,9.4433410014585,52,52,52,52,53,52,0.0438,10322,1,17,-65,0.0073,47,2026-08-22 23:42:10.002529,1.0815,0
"1902800",15,0.0292,2,0.0657,1,0.0292,1,163.077001396179,1,209.089996337891,0.065700002014637,0.0184988100081682,150.787796020508,-65.3725,16.9802,9.4433410014585,52,52,52,52,53,52,0.0292,10322,1,17,-65,0.0073,47,2026-08-22 23:42:10.002529,1.0815,0
"1902800",15,0,2,0.0292,1,-0.0073,1,149.809269104004,1,221.050003051758,0.0292000006884336,0.00308313500136137,138.519897460938,-65.3725,16.9802,9.4433410014585,52,52,52,52,53,52,0,10322,1,17,-65,0.0073,47,2026-08-22 23:42:10.002529,1.0815,0
"1902800",15,0,2,0.0292,1,-0.0073,1,151.535022033691,1,231.789993286133,0.0292000006884336,0.00308313500136137,140.115600585938,-65.3725,16.9802,9.4433410014585,52,52,52,52,53,52,0,10322,1,17,-65,0.0073,47,2026-08-22 23:42:10.002529,1.0815,0
"1902800",15,0,2,0.0292,1,-0.0073,1,156.765055435181,1,241.529998779297,0.0292000006884336,0.00308313500136137,144.951507568359,-65.3725,16.9802,9.4433410014585,52,52,52,52,53,52,0,10322,1,17,-65,0.0073,47,2026-08-22 23:42:10.002529,1.0815,0
"1902800",15,0,2,0.0292,1,-0.0073,1,161.387372177124,1,251.869995117188,0.0292000006884336,0.00308313500136137,149.225494384766,-65.3725,16.9802,9.4433410014585,52,52,52,52,53,52,0,10322,1,17,-65,0.0073,47,2026-08-22 23:42:10.002529,1.0815,0
"1902800",15,0,2,0.0292,1,-0.0073,1,161.909854042053,1,261.350006103516,0.0292000006884336,0.00308313500136137,149.708602905273,-65.3725,16.9802,9.4433410014585,52,52,52,52,53,52,0,10322,1,17,-65,0.0073,47,2026-08-22 23:42:10.002529,1.0815,0
"1902800",15,0,2,0.0219,1,-0.0146,1,163.929233825684,1,271.290008544922,0.0219000000506639,0,151.575805664062,-65.3725,16.9802,9.4433410014585,52,52,52,52,53,52,0,10322,1,17,-65,0.0073,47,2026-08-22 23:42:10.002529,1.0815,0
"1902800",15,0,2,0.0292,1,-0.0073,1,163.064674118042,1,281.799987792969,0.0292000006884336,0.00308313500136137,150.776397705078,-65.3725,16.9802,9.4433410014585,52,52,52,52,53,52,0,10322,1,17,-65,0.0073,47,2026-08-22 23:42:10.002529,1.0815,0
"1902800",15,0,2,0.0292,1,-0.0073,1,157.283411705017,1,291.510009765625,0.0292000006884336,0.00308313500136137,145.430801391602,-65.3725,16.9802,9.4433410014585,52,52,52,52,53,52,0,10322,1,17,-65,0.0073,47,2026-08-22 23:42:10.002529,1.0815,0
"1902800",15,0,2,0.0365,1,0,1,153.094546485901,1,301.489990234375,0.0364999994635582,0.00616627000272274,141.557601928711,-65.3725,16.9802,9.4433410014585,52,52,52,52,53,52,0,10322,1,17,-65,0.0073,47,2026-08-22 23:42:10.002529,1.0815,0
"1902800",15,0,2,0.0292,1,-0.0073,1,154.724255561829,1,311.190002441406,0.0292000006884336,0.00308313500136137,143.064498901367,-65.3725,16.9802,9.4433410014585,52,52,52,52,53,52,0,10322,1,17,-65,0.0073,47,2026-08-22 23:42:10.002529,1.0815,0
"1902800",15,0,2,0.0219,1,-0.0146,1,151.377655334473,1,321.519989013672,0.0219000000506639,0,139.970092773438,-65.3725,16.9802,9.4433410014585,52,52,52,52,53,52,0,10322,1,17,-65,0.0073,47,2026-08-22 23:42:10.002529,1.0815,0
"1902800",15,0,2,0.0292,1,-0.0073,1,147.93027507019,1,331.309997558594,0.0292000006884336,0.00308313500136137,136.782501220703,-65.3725,16.9802,9.4433410014585,52,52,52,52,53,52,0,10322,1,17,-65,0.0073,47,2026-08-22 23:42:10.002529,1.0815,0
"1902800",15,0,2,0.0292,1,-0.0073,1,144.230457893372,1,341.489990234375,0.0292000006884336,0.00308313500136137,133.36149597168,-65.3725,16.9802,9.4433410014585,52,52,52,52,53,52,0,10322,1,17,-65,0.0073,47,2026-08-22 23:42:10.002529,1.0815,0
"1902800",15,0,2,0.0292,1,-0.0073,1,141.858620269775,1,350.910003662109,0.0292000006884336,0.00308313500136137,131.168395996094,-65.3725,16.9802,9.4433410014585,52,52,52,52,53,52,0,10322,1,17,-65,0.0073,47,2026-08-22 23:42:10.002529,1.0815,0
"1902800",15,0,2,0.0365,1,0,1,140.702711036682,1,361.369995117188,0.0364999994635582,0.00616627000272274,130.099594116211,-65.3725,16.9802,9.4433410014585,52,52,52,52,53,52,0,10322,1,17,-65,0.0073,47,2026-08-22 23:42:10.002529,1.0815,0
"1902800",15,0,2,0.0365,1,0,1,131.219799682617,1,381.170013427734,0.0364999994635582,0.00616627000272274,121.331298828125,-65.3725,16.9802,9.4433410014585,52,52,52,52,53,52,0,10322,1,17,-65,0.0073,47,2026-08-22 23:42:10.002529,1.0815,0
"1902800",15,0,2,0.0365,1,0,1,126.805008625031,1,401.869995117188,0.0364999994635582,0.00616627000272274,117.249198913574,-65.3725,16.9802,9.4433410014585,52,52,52,52,53,52,0,10322,1,17,-65,0.0073,47,2026-08-22 23:42:10.002529,1.0815,0
"1902800",15,0,2,0.0365,1,0,1,131.678359577179,1,451.850006103516,0.0364999994635582,0.00616627000272274,121.755302429199,-65.3725,16.9802,9.4433410014585,52,52,52,52,53,52,0,10322,1,17,-65,0.0073,47,2026-08-22 23:42:10.002529,1.0815,0
"1902800",15,0,2,0.0438,1,0.0073,1,122.496963214874,1,501.420013427734,0.0438000001013279,0.00924940500408411,113.265800476074,-65.3725,16.9802,9.4433410014585,52,52,52,52,53,52,0,10322,1,17,-65,0.0073,47,2026-08-22 23:42:10.002529,1.0815,0
"1902800",15,0,2,0.0438,1,0.0073,1,120.552314460754,1,550.97998046875,0.0438000001013279,0.00924940500408411,111.467697143555,-65.3725,16.9802,9.4433410014585,52,52,52,52,53,52,0,10322,1,17,-65,0.0073,47,2026-08-22 23:42:10.002529,1.0815,0
"1902800",15,0,2,0.0365,1,0,1,119.543820991516,1,601.130004882812,0.0364999994635582,0.00616627000272274,110.535202026367,-65.3725,16.9802,9.4433410014585,52,52,52,52,53,52,0,10322,1,17,-65,0.0073,47,2026-08-22 23:42:10.002529,1.0815,0
"1902800",15,0,2,0.0365,1,0,1,121.649285442352,1,651.609985351562,0.0364999994635582,0.00616627000272274,112.482002258301,-65.3725,16.9802,9.4433410014585,52,52,52,52,53,52,0,10322,1,17,-65,0.0073,47,2026-08-22 23:42:10.002529,1.0815,0
"1902800",15,0,2,0.0438,1,0.0073,1,123.980345684051,1,700.969970703125,0.0438000001013279,0.00924940500408411,114.637397766113,-65.3725,16.9802,9.4433410014585,52,52,52,52,53,52,0,10322,1,17,-65,0.0073,47,2026-08-22 23:42:10.002529,1.0815,0
"1902800",15,0,2,0.0438,1,0.0073,1,128.119142681122,1,751.679992675781,0.0438000001013279,0.00924940500408411,118.464302062988,-65.3725,16.9802,9.4433410014585,52,52,52,52,53,52,0,10322,1,17,-65,0.0073,47,2026-08-22 23:42:10.002529,1.0815,0
"1902800",15,0,2,0.0438,1,0.0073,1,136.780978099823,1,801.539978027344,0.0438000001013279,0.00924940500408411,126.47339630127,-65.3725,16.9802,9.4433410014585,52,52,52,52,53,52,0,10322,1,17,-65,0.0073,47,2026-08-22 23:42:10.002529,1.0815,0
"1902800",15,0,2,0.0365,1,0,1,146.623814620972,1,851.789978027344,0.0364999994635582,0.00616627000272274,135.574493408203,-65.3725,16.9802,9.4433410014585,52,52,52,52,53,52,0,10322,1,17,-65,0.0073,47,2026-08-22 23:42:10.002529,1.0815,0
"1902800",15,0,2,0.0365,1,0,1,160.910865943909,1,901.280029296875,0.0364999994635582,0.00616627000272274,148.784896850586,-65.3725,16.9802,9.4433410014585,52,52,52,52,53,52,0,10322,1,17,-65,0.0073,47,2026-08-22 23:42:10.002529,1.0815,0
"1902800",15,0,2,0.0438,1,0.0073,1,171.016296592712,1,951.820007324219,0.0438000001013279,0.00924940500408411,158.128799438477,-65.3725,16.9802,9.4433410014585,52,52,52,52,53,52,0,10322,1,17,-65,0.0073,47,2026-08-22 23:42:10.002529,1.0815,0
"1902800",15,0,2,0.0438,1,0.0073,1,179.647850143433,1,1000.33001708984,0.0438000001013279,0.00924940500408411,166.109893798828,-65.3725,16.9802,9.4433410014585,52,52,52,52,53,52,0,10322,1,17,-65,0.0073,47,2026-08-22 23:42:10.002529,1.0815,0
"1902800",15,0,2,0.0438,1,0.0073,1,190.098494087219,1,1099.86999511719,0.0438000001013279,0.00924940500408411,175.772994995117,-65.3725,16.9802,9.4433410014585,52,52,52,52,53,52,0,10322,1,17,-65,0.0073,47,2026-08-22 23:42:10.002529,1.0815,0
"1902800",15,0,2,0.0438,1,0.0073,1,198.698148536682,1,1200.0400390625,0.0438000001013279,0.00924940500408411,183.724594116211,-65.3725,16.9802,9.4433410014585,52,52,52,52,53,52,0,10322,1,17,-65,0.0073,47,2026-08-22 23:42:10.002529,1.0815,0
"1902800",15,0,2,0.0365,1,0,1,202.009054115295,4,1299.93994140625,0.0364999994635582,0.00616627000272274,186.785995483398,-65.3725,16.9802,9.4433410014585,52,52,52,52,53,52,0,10322,1,17,-65,0.0073,47,2026-08-22 23:42:10.002529,1.0815,0
"1902800",16,0.0365,2,0.073,1,0.0365,1,191.671104927063,1,7.69999980926514,0.0729999989271164,0.0206652656197548,177.227096557617,-65.5557,16.6923,26.7487698061951,52,52,52,52,53,52,0.0365,10321,1,17,-66,0.0073,47,2026-09-02 05:04:01.000542,1.0815,0
"1902800",16,0.0438,2,0.0803,1,0.0438,1,191.136741348267,1,11.75,0.0803000032901764,0.0236174464225769,176.733001708984,-65.5557,16.6923,26.7487698061951,52,52,52,52,53,52,0.0438,10321,1,17,-66,0.0073,47,2026-09-02 05:04:01.000542,1.0815,0
"1902800",16,0.0511,2,0.0876,1,0.0511,1,191.007395690918,1,16.6299991607666,0.0876000002026558,0.026569627225399,176.613403320312,-65.5557,16.6923,26.7487698061951,52,52,52,52,53,52,0.0511,10321,1,17,-66,0.0073,47,2026-09-02 05:04:01.000542,1.0815,0
"1902800",16,0.0438,2,0.0803,1,0.0438,1,190.602691314697,1,21.8199996948242,0.0803000032901764,0.0236174464225769,176.239196777344,-65.5557,16.6923,26.7487698061951,52,52,52,52,53,52,0.0438,10321,1,17,-66,0.0073,47,2026-09-02 05:04:01.000542,1.0815,0
"1902800",16,0.0511,2,0.0876,1,0.0511,1,190.54234210968,1,26.9099998474121,0.0876000002026558,0.026569627225399,176.183395385742,-65.5557,16.6923,26.7487698061951,52,52,52,52,53,52,0.0511,10321,1,17,-66,0.0073,47,2026-09-02 05:04:01.000542,1.0815,0
"1902800",16,0.0438,2,0.0803,1,0.0438,1,189.932381126404,1,31.6900005340576,0.0803000032901764,0.0236174464225769,175.619400024414,-65.5557,16.6923,26.7487698061951,52,52,52,52,53,52,0.0438,10321,1,17,-66,0.0073,47,2026-09-02 05:04:01.000542,1.0815,0
"1902800",16,0.0584,2,0.0949,1,0.0584,1,189.68806338501,1,36.6399993896484,0.0948999971151352,0.0295218080282211,175.393493652344,-65.5557,16.6923,26.7487698061951,52,52,52,52,53,52,0.0584,10321,1,17,-66,0.0073,47,2026-09-02 05:04:01.000542,1.0815,0
"1902800",16,0.0657,2,0.1022,1,0.0657,1,191.705825935364,1,41.9300003051758,0.102200001478195,0.0324739888310432,177.259201049805,-65.5557,16.6923,26.7487698061951,52,52,52,52,53,52,0.0657,10321,1,17,-66,0.0073,47,2026-09-02 05:04:01.000542,1.0815,0
"1902800",16,0.073,2,0.1095,1,0.073,1,193.044944595337,1,47.0099983215332,0.109499998390675,0.0354261696338654,178.497406005859,-65.5557,16.6923,26.7487698061951,52,52,52,52,53,52,0.073,10321,1,17,-66,0.0073,47,2026-09-02 05:04:01.000542,1.0815,0
"1902800",16,0.1314,2,0.1679,1,0.1314,1,193.904619598389,1,51.9300003051758,0.167899996042252,0.0590436160564423,179.292297363281,-65.5557,16.6923,26.7487698061951,52,52,52,52,53,52,0.1314,10321,1,17,-66,0.0073,47,2026-09-02 05:04:01.000542,1.0815,0
"1902800",16,0.1022,2,0.1387,1,0.1022,1,202.283109146118,1,56.9500007629395,0.138699993491173,0.0472348928451538,187.039398193359,-65.5557,16.6923,26.7487698061951,52,52,52,52,53,52,0.1022,10321,1,17,-66,0.0073,47,2026-09-02 05:04:01.000542,1.0815,0
"1902800",16,0.1022,2,0.1387,1,0.1022,1,204.642503974915,1,61.560001373291,0.138699993491173,0.0472348928451538,189.220993041992,-65.5557,16.6923,26.7487698061951,52,52,52,52,53,52,0.1022,10321,1,17,-66,0.0073,47,2026-09-02 05:04:01.000542,1.0815,0
"1902800",16,0.1314,2,0.1679,1,0.1314,1,205.457969100952,1,66.9599990844727,0.167899996042252,0.0590436160564423,189.975006103516,-65.5557,16.6923,26.7487698061951,52,52,52,52,53,52,0.1314,10321,1,17,-66,0.0073,47,2026-09-02 05:04:01.000542,1.0815,0
"1902800",16,0.1387,2,0.1752,1,0.1387,1,202.20805632019,1,71.8899993896484,0.175200000405312,0.0619957968592644,186.970001220703,-65.5557,16.6923,26.7487698061951,52,52,52,52,53,52,0.1387,10321,1,17,-66,0.0073,47,2026-09-02 05:04:01.000542,1.0815,0
"1902800",16,0.1825,2,0.219,1,0.1825,1,190.707167884827,1,76.9199981689453,0.218999996781349,0.0797088816761971,176.335800170898,-65.5557,16.6923,26.7487698061951,52,52,52,52,53,52,0.1825,10321,1,17,-66,0.0073,47,2026-09-02 05:04:01.000542,1.0815,0
"1902800",16,0.6716,2,0.7081,1,0.6716,1,181.872618553162,1,81.8399963378906,0.708100020885468,0.27750501036644,168.167007446289,-65.5557,16.6923,26.7487698061951,52,52,52,52,53,52,0.6716,10321,1,17,-66,0.0073,47,2026-09-02 05:04:01.000542,1.0815,0
"1902800",16,0.6205,2,0.657,1,0.6205,1,179.488882713318,1,86.6600036621094,0.657000005245209,0.256839722394943,165.962905883789,-65.5557,16.6923,26.7487698061951,52,52,52,52,53,52,0.6205,10321,1,17,-66,0.0073,47,2026-09-02 05:04:01.000542,1.0815,0
"1902800",16,0.4672,2,0.5037,1,0.4672,1,178.552620162964,1,91.9300003051758,0.503700017929077,0.194843947887421,165.097198486328,-65.5557,16.6923,26.7487698061951,52,52,52,52,53,52,0.4672,10321,1,17,-66,0.0073,47,2026-09-02 05:04:01.000542,1.0815,0
"1902800",16,0.3942,2,0.4307,1,0.3942,1,177.836119812012,1,96.7799987792969,0.4307000041008,0.165322124958038,164.434692382812,-65.5557,16.6923,26.7487698061951,52,52,52,52,53,52,0.3942,10321,1,17,-66,0.0073,47,2026-09-02 05:04:01.000542,1.0815,0
"1902800",16,0.2263,2,0.2628,1,0.2263,1,174.589028938293,1,101.860000610352,0.262800008058548,0.0974219739437103,161.43229675293,-65.5557,16.6923,26.7487698061951,52,52,52,52,53,52,0.2263,10321,1,17,-66,0.0073,47,2026-09-02 05:04:01.000542,1.0815,0
"1902800",16,0.0949,2,0.1314,1,0.0949,1,176.529345817566,1,111.819999694824,0.131400004029274,0.044282715767622,163.22639465332,-65.5557,16.6923,26.7487698061951,52,52,52,52,53,52,0.0949,10321,1,17,-66,0.0073,47,2026-09-02 05:04:01.000542,1.0815,0
"1902800",16,0.0584,2,0.0949,1,0.0584,1,183.461121185303,1,121.589996337891,0.0948999971151352,0.0295218080282211,169.635803222656,-65.5557,16.6923,26.7487698061951,52,52,52,52,53,52,0.0584,10321,1,17,-66,0.0073,47,2026-09-02 05:04:01.000542,1.0815,0
"1902800",16,0.0292,2,0.0657,1,0.0292,1,187.102750968933,1,131.630004882812,0.065700002014637,0.0177130848169327,173.003005981445,-65.5557,16.6923,26.7487698061951,52,52,52,52,53,52,0.0292,10321,1,17,-66,0.0073,47,2026-09-02 05:04:01.000542,1.0815,0
"1902800",16,0.0584,2,0.0949,1,0.0584,1,182.381568466187,1,140.820007324219,0.0948999971151352,0.0295218080282211,168.637603759766,-65.5557,16.6923,26.7487698061951,52,52,52,52,53,52,0.0584,10321,1,17,-66,0.0073,47,2026-09-02 05:04:01.000542,1.0815,0
"1902800",16,0.0876,2,0.1241,1,0.0876,1,179.675656654358,1,151.899993896484,0.124099999666214,0.0413305312395096,166.135604858398,-65.5557,16.6923,26.7487698061951,52,52,52,52,53,52,0.0876,10321,1,17,-66,0.0073,47,2026-09-02 05:04:01.000542,1.0815,0
"1902800",16,0.0949,2,0.1314,1,0.0949,1,174.800902999878,1,161.369995117188,0.131400004029274,0.044282715767622,161.628204345703,-65.5557,16.6923,26.7487698061951,52,52,52,52,53,52,0.0949,10321,1,17,-66,0.0073,47,2026-09-02 05:04:01.000542,1.0815,0
"1902800",16,0.0438,2,0.0803,1,0.0438,1,169.552056884766,1,171.600006103516,0.0803000032901764,0.0236174464225769,156.77490234375,-65.5557,16.6923,26.7487698061951,52,52,52,52,53,52,0.0438,10321,1,17,-66,0.0073,47,2026-09-02 05:04:01.000542,1.0815,0
"1902800",16,0.0438,2,0.0803,1,0.0438,1,169.553789634705,1,181.919998168945,0.0803000032901764,0.0236174464225769,156.776504516602,-65.5557,16.6923,26.7487698061951,52,52,52,52,53,52,0.0438,10321,1,17,-66,0.0073,47,2026-09-02 05:04:01.000542,1.0815,0
"1902800",16,0.0292,2,0.0657,1,0.0292,1,169.07111151123,1,191.220001220703,0.065700002014637,0.0177130848169327,156.330200195312,-65.5557,16.6923,26.7487698061951,52,52,52,52,53,52,0.0292,10321,1,17,-66,0.0073,47,2026-09-02 05:04:01.000542,1.0815,0
"1902800",16,0.0146,2,0.0511,1,0.0146,1,166.217684921265,1,201.339996337891,0.0511000007390976,0.0118087232112885,153.691802978516,-65.5557,16.6923,26.7487698061951,52,52,52,52,53,52,0.0146,10321,1,17,-66,0.0073,47,2026-09-02 05:04:01.000542,1.0815,0
"1902800",16,0,2,0.0365,1,0,1,166.003434516907,1,211.089996337891,0.0364999994635582,0.00590436160564423,153.493698120117,-65.5557,16.6923,26.7487698061951,52,52,52,52,53,52,0,10321,1,17,-66,0.0073,47,2026-09-02 05:04:01.000542,1.0815,0
"1902800",16,0,2,0.0292,1,-0.0073,1,168.159404502869,1,221.710006713867,0.0292000006884336,0.00295218080282211,155.487197875977,-65.5557,16.6923,26.7487698061951,52,52,52,52,53,52,0,10321,1,17,-66,0.0073,47,2026-09-02 05:04:01.000542,1.0815,0
"1902800",16,0,2,0.0219,1,-0.0146,1,157.526211227417,1,231.679992675781,0.0219000000506639,0,145.655303955078,-65.5557,16.6923,26.7487698061951,52,52,52,52,53,52,0,10321,1,17,-66,0.0073,47,2026-09-02 05:04:01.000542,1.0815,0
"1902800",16,0,2,0.0292,1,-0.0073,1,157.175700668335,1,241.100006103516,0.0292000006884336,0.00295218080282211,145.331207275391,-65.5557,16.6923,26.7487698061951,52,52,52,52,53,52,0,10321,1,17,-66,0.0073,47,2026-09-02 05:04:01.000542,1.0815,0
"1902800",16,0,2,0.0292,1,-0.0073,1,160.064161811829,1,251.630004882812,0.0292000006884336,0.00295218080282211,148.001998901367,-65.5557,16.6923,26.7487698061951,52,52,52,52,53,52,0,10321,1,17,-66,0.0073,47,2026-09-02 05:04:01.000542,1.0815,0
"1902800",16,0,2,0.0292,1,-0.0073,1,160.145386528015,1,261.339996337891,0.0292000006884336,0.00295218080282211,148.077102661133,-65.5557,16.6923,26.7487698061951,52,52,52,52,53,52,0,10321,1,17,-66,0.0073,47,2026-09-02 05:04:01.000542,1.0815,0
"1902800",16,0,2,0.0219,1,-0.0146,1,162.635529716492,1,271.660003662109,0.0219000000506639,0,150.379592895508,-65.5557,16.6923,26.7487698061951,52,52,52,52,53,52,0,10321,1,17,-66,0.0073,47,2026-09-02 05:04:01.000542,1.0815,0
"1902800",16,0,2,0.0365,1,0,1,163.741370727539,1,281.579986572266,0.0364999994635582,0.00590436160564423,151.402099609375,-65.5557,16.6923,26.7487698061951,52,52,52,52,53,52,0,10321,1,17,-66,0.0073,47,2026-09-02 05:04:01.000542,1.0815,0
"1902800",16,0,2,0.0292,1,-0.0073,1,160.242172988892,1,291.100006103516,0.0292000006884336,0.00295218080282211,148.166595458984,-65.5557,16.6923,26.7487698061951,52,52,52,52,53,52,0,10321,1,17,-66,0.0073,47,2026-09-02 05:04:01.000542,1.0815,0
"1902800",16,0,2,0.0292,1,-0.0073,1,162.887207519531,1,301.140014648438,0.0292000006884336,0.00295218080282211,150.6123046875,-65.5557,16.6923,26.7487698061951,52,52,52,52,53,52,0,10321,1,17,-66,0.0073,47,2026-09-02 05:04:01.000542,1.0815,0
"1902800",16,0,2,0.0292,1,-0.0073,1,162.688535362244,1,311.399993896484,0.0292000006884336,0.00295218080282211,150.428604125977,-65.5557,16.6923,26.7487698061951,52,52,52,52,53,52,0,10321,1,17,-66,0.0073,47,2026-09-02 05:04:01.000542,1.0815,0
"1902800",16,0,2,0.0292,1,-0.0073,1,161.087160873413,1,320.970001220703,0.0292000006884336,0.00295218080282211,148.947906494141,-65.5557,16.6923,26.7487698061951,52,52,52,52,53,52,0,10321,1,17,-66,0.0073,47,2026-09-02 05:04:01.000542,1.0815,0
"1902800",16,0,2,0.0219,1,-0.0146,1,159.08768296051,1,331.600006103516,0.0219000000506639,0,147.099105834961,-65.5557,16.6923,26.7487698061951,52,52,52,52,53,52,0,10321,1,17,-66,0.0073,47,2026-09-02 05:04:01.000542,1.0815,0
"1902800",16,0,2,0.0292,1,-0.0073,1,151.01600566864,1,341.929992675781,0.0292000006884336,0.00295218080282211,139.635696411133,-65.5557,16.6923,26.7487698061951,52,52,52,52,53,52,0,10321,1,17,-66,0.0073,47,2026-09-02 05:04:01.000542,1.0815,0
"1902800",16,0,2,0.0219,1,-0.0146,1,148.035725280762,1,350.910003662109,0.0219000000506639,0,136.880004882812,-65.5557,16.6923,26.7487698061951,52,52,52,52,53,52,0,10321,1,17,-66,0.0073,47,2026-09-02 05:04:01.000542,1.0815,0
"1902800",16,0,2,0.0365,1,0,1,143.019513221741,1,361.220001220703,0.0364999994635582,0.00590436160564423,132.241806030273,-65.5557,16.6923,26.7487698061951,52,52,52,52,53,52,0,10321,1,17,-66,0.0073,47,2026-09-02 05:04:01.000542,1.0815,0
"1902800",16,0,2,0.0292,1,-0.0073,1,134.648152702332,1,381.279998779297,0.0292000006884336,0.00295218080282211,124.50129699707,-65.5557,16.6923,26.7487698061951,52,52,52,52,53,52,0,10321,1,17,-66,0.0073,47,2026-09-02 05:04:01.000542,1.0815,0
"1902800",16,0,2,0.0365,1,0,1,131.689713214874,1,400.809997558594,0.0364999994635582,0.00590436160564423,121.765800476074,-65.5557,16.6923,26.7487698061951,52,52,52,52,53,52,0,10321,1,17,-66,0.0073,47,2026-09-02 05:04:01.000542,1.0815,0
"1902800",16,0,2,0.0292,1,-0.0073,1,125.120354873657,1,451.299987792969,0.0292000006884336,0.00295218080282211,115.691497802734,-65.5557,16.6923,26.7487698061951,52,52,52,52,53,52,0,10321,1,17,-66,0.0073,47,2026-09-02 05:04:01.000542,1.0815,0
"1902800",16,0,2,0.0365,1,0,1,121.710715553284,1,500.959991455078,0.0364999994635582,0.00590436160564423,112.538803100586,-65.5557,16.6923,26.7487698061951,52,52,52,52,53,52,0,10321,1,17,-66,0.0073,47,2026-09-02 05:04:01.000542,1.0815,0
"1902800",16,0,2,0.0438,1,0.0073,1,119.221207706451,1,551.119995117188,0.0438000001013279,0.00885654240846634,110.23690032959,-65.5557,16.6923,26.7487698061951,52,52,52,52,53,52,0,10321,1,17,-66,0.0073,47,2026-09-02 05:04:01.000542,1.0815,0
"1902800",16,0,2,0.0438,1,0.0073,1,121.405190483093,1,601.890014648438,0.0438000001013279,0.00885654240846634,112.256301879883,-65.5557,16.6923,26.7487698061951,52,52,52,52,53,52,0,10321,1,17,-66,0.0073,47,2026-09-02 05:04:01.000542,1.0815,0
"1902800",16,0,2,0.0438,1,0.0073,1,123.268721786499,1,651.72998046875,0.0438000001013279,0.00885654240846634,113.979400634766,-65.5557,16.6923,26.7487698061951,52,52,52,52,53,52,0,10321,1,17,-66,0.0073,47,2026-09-02 05:04:01.000542,1.0815,0
"1902800",16,0,2,0.0365,1,0,1,127.548647140503,1,701.47998046875,0.0364999994635582,0.00590436160564423,117.936798095703,-65.5557,16.6923,26.7487698061951,52,52,52,52,53,52,0,10321,1,17,-66,0.0073,47,2026-09-02 05:04:01.000542,1.0815,0
"1902800",16,0,2,0.0438,1,0.0073,1,133.832489547729,1,751.419982910156,0.0438000001013279,0.00885654240846634,123.747100830078,-65.5557,16.6923,26.7487698061951,52,52,52,52,53,52,0,10321,1,17,-66,0.0073,47,2026-09-02 05:04:01.000542,1.0815,0
"1902800",16,0,2,0.0365,1,0,1,141.898093963623,1,801.280029296875,0.0364999994635582,0.00590436160564423,131.204895019531,-65.5557,16.6923,26.7487698061951,52,52,52,52,53,52,0,10321,1,17,-66,0.0073,47,2026-09-02 05:04:01.000542,1.0815,0
"1902800",16,0,2,0.0438,1,0.0073,1,150.601251342773,1,851.909973144531,0.0438000001013279,0.00885654240846634,139.252197265625,-65.5557,16.6923,26.7487698061951,52,52,52,52,53,52,0,10321,1,17,-66,0.0073,47,2026-09-02 05:04:01.000542,1.0815,0
"1902800",16,0,2,0.0438,1,0.0073,1,158.672697601318,1,901.349975585938,0.0438000001013279,0.00885654240846634,146.715393066406,-65.5557,16.6923,26.7487698061951,52,52,52,52,53,52,0,10321,1,17,-66,0.0073,47,2026-09-02 05:04:01.000542,1.0815,0
"1902800",16,0,2,0.0438,1,0.0073,1,174.301573974609,1,951.280029296875,0.0438000001013279,0.00885654240846634,161.16650390625,-65.5557,16.6923,26.7487698061951,52,52,52,52,53,52,0,10321,1,17,-66,0.0073,47,2026-09-02 05:04:01.000542,1.0815,0
"1902800",16,0,2,0.0365,1,0,1,180.861946769714,1,1000.13000488281,0.0364999994635582,0.00590436160564423,167.232498168945,-65.5557,16.6923,26.7487698061951,52,52,52,52,53,52,0,10321,1,17,-66,0.0073,47,2026-09-02 05:04:01.000542,1.0815,0
"1902800",16,0,2,0.0438,1,0.0073,1,194.326304924011,1,1099.90002441406,0.0438000001013279,0.00885654240846634,179.682205200195,-65.5557,16.6923,26.7487698061951,52,52,52,52,53,52,0,10321,1,17,-66,0.0073,47,2026-09-02 05:04:01.000542,1.0815,0
"1902800",16,0,2,0.0438,1,0.0073,1,199.236951255798,1,1200.02001953125,0.0438000001013279,0.00885654240846634,184.222793579102,-65.5557,16.6923,26.7487698061951,52,52,52,52,53,52,0,10321,1,17,-66,0.0073,47,2026-09-02 05:04:01.000542,1.0815,0
"1902800",16,0,2,0.0365,1,0,1,202.316856513977,4,1299.91003417969,0.0364999994635582,0.00590436160564423,187.070602416992,-65.5557,16.6923,26.7487698061951,52,52,52,52,53,52,0,10321,1,17,-66,0.0073,47,2026-09-02 05:04:01.000542,1.0815,0
"1902800",17,0.0438,5,0.0803,1,0.0438,1,192.849721435547,1,7.73999977111816,0.0803000032901764,0.177130863070488,178.31689453125,-65.729,16.5687,36.7080733477416,52,52,52,52,53,52,0.0438,10321,1,17,-66,0.0073,47,2026-09-12 11:48:45.00125,1.0815,0
"1902800",17,0.0438,5,0.0803,1,0.0438,1,192.580765640259,1,11.8699998855591,0.0803000032901764,0.177130863070488,178.068206787109,-65.729,16.5687,36.7080733477416,52,52,52,52,53,52,0.0438,10321,1,17,-66,0.0073,47,2026-09-12 11:48:45.00125,1.0815,0
"1902800",17,0.0438,5,0.0803,1,0.0438,1,192.350078865051,1,16.2399997711182,0.0803000032901764,0.177130863070488,177.854904174805,-65.729,16.5687,36.7080733477416,52,52,52,52,53,52,0.0438,10321,1,17,-66,0.0073,47,2026-09-12 11:48:45.00125,1.0815,0
"1902800",17,0.0438,5,0.0803,1,0.0438,1,192.144162162781,1,21.7299995422363,0.0803000032901764,0.177130863070488,177.664505004883,-65.729,16.5687,36.7080733477416,52,52,52,52,53,52,0.0438,10321,1,17,-66,0.0073,47,2026-09-12 11:48:45.00125,1.0815,0
"1902800",17,0.0438,5,0.0803,1,0.0438,1,191.988198165894,1,26.7700004577637,0.0803000032901764,0.177130863070488,177.520294189453,-65.729,16.5687,36.7080733477416,52,52,52,52,53,52,0.0438,10321,1,17,-66,0.0073,47,2026-09-12 11:48:45.00125,1.0815,0
"1902800",17,0.0511,5,0.0876,1,0.0511,1,192.026698219299,1,31.7199993133545,0.0876000002026558,0.177130863070488,177.555892944336,-65.729,16.5687,36.7080733477416,52,52,52,52,53,52,0.0511,10321,1,17,-66,0.0073,47,2026-09-12 11:48:45.00125,1.0815,0
"1902800",17,0.0511,2,0.0876,1,0.0511,1,193.697630241394,1,36.9300003051758,0.0876000002026558,0.177130863070488,179.10090637207,-65.729,16.5687,36.7080733477416,52,52,52,52,53,52,0.0511,10321,1,17,-66,0.0073,47,2026-09-12 11:48:45.00125,1.0815,0
"1902800",17,0.0584,2,0.0949,1,0.0584,1,195.376004837036,1,41.9099998474121,0.0948999971151352,0.177130863070488,180.652801513672,-65.729,16.5687,36.7080733477416,52,52,52,52,53,52,0.0584,10321,1,17,-66,0.0073,47,2026-09-12 11:48:45.00125,1.0815,0
"1902800",17,0.0803,2,0.1168,1,0.0803,1,196.120839775085,1,46.9599990844727,0.116800002753735,0.177130863070488,181.341506958008,-65.729,16.5687,36.7080733477416,52,52,52,52,53,52,0.0803,10321,1,17,-66,0.0073,47,2026-09-12 11:48:45.00125,1.0815,0
"1902800",17,0.1387,2,0.1752,1,0.1387,1,195.358594825745,1,51.9500007629395,0.175200000405312,0.177130863070488,180.636703491211,-65.729,16.5687,36.7080733477416,52,52,52,52,53,52,0.1387,10321,1,17,-66,0.0073,47,2026-09-12 11:48:45.00125,1.0815,0
"1902800",17,0.146,2,0.1825,1,0.146,1,191.814510612488,1,56.4300003051758,0.182500004768372,0.177130863070488,177.35969543457,-65.729,16.5687,36.7080733477416,52,52,52,52,53,52,0.146,10321,1,17,-66,0.0073,47,2026-09-12 11:48:45.00125,1.0815,0
"1902800",17,0.1971,2,0.2336,1,0.1971,1,191.412199081421,1,61.9300003051758,0.233600005507469,0.177130863070488,176.987701416016,-65.729,16.5687,36.7080733477416,52,52,52,52,53,52,0.1971,10321,1,17,-66,0.0073,47,2026-09-12 11:48:45.00125,1.0815,0
"1902800",17,0.219,2,0.2555,1,0.219,1,191.220342407227,1,66.8399963378906,0.255499988794327,0.177130863070488,176.810302734375,-65.729,16.5687,36.7080733477416,52,52,52,52,53,52,0.219,10321,1,17,-66,0.0073,47,2026-09-12 11:48:45.00125,1.0815,0
"1902800",17,0.2774,2,0.3139,1,0.2774,1,190.007648483276,1,71.8600006103516,0.313899993896484,0.177130863070488,175.688995361328,-65.729,16.5687,36.7080733477416,52,52,52,52,53,52,0.2774,10321,1,17,-66,0.0073,47,2026-09-12 11:48:45.00125,1.0815,0
"1902800",17,0.3504,2,0.3869,1,0.3504,1,188.186511795044,1,76.4499969482422,0.386900007724762,0.177130863070488,174.005096435547,-65.729,16.5687,36.7080733477416,52,52,52,52,53,52,0.3504,10321,1,17,-66,0.0073,47,2026-09-12 11:48:45.00125,1.0815,0
"1902800",17,0.4234,2,0.4599,1,0.4234,1,187.090407188415,1,81.8099975585938,0.459899991750717,0.177130863070488,172.991592407227,-65.729,16.5687,36.7080733477416,52,52,52,52,53,52,0.4234,10321,1,17,-66,0.0073,47,2026-09-12 11:48:45.00125,1.0815,0
"1902800",17,0.5183,2,0.5548,1,0.5183,1,182.946973022461,1,86.9199981689453,0.554799973964691,0.215509206056595,169.160400390625,-65.729,16.5687,36.7080733477416,52,52,52,52,53,52,0.5183,10321,1,17,-66,0.0073,47,2026-09-12 11:48:45.00125,1.0815,0
"1902800",17,0.5256,2,0.5621,1,0.5256,1,179.487694541931,1,91.7900009155273,0.562099993228912,0.218461379408836,165.961807250977,-65.729,16.5687,36.7080733477416,52,52,52,52,53,52,0.5256,10321,1,17,-66,0.0073,47,2026-09-12 11:48:45.00125,1.0815,0
"1902800",17,0.3869,2,0.4234,1,0.3869,1,174.47060785675,1,96.8399963378906,0.423400014638901,0.162369951605797,161.322799682617,-65.729,16.5687,36.7080733477416,52,52,52,52,53,52,0.3869,10321,1,17,-66,0.0073,47,2026-09-12 11:48:45.00125,1.0815,0
"1902800",17,0.3139,2,0.3504,1,0.3139,1,173.852313171387,1,101.819999694824,0.350400000810623,0.132848143577576,160.751098632812,-65.729,16.5687,36.7080733477416,52,52,52,52,53,52,0.3139,10321,1,17,-66,0.0073,47,2026-09-12 11:48:45.00125,1.0815,0
"1902800",17,0.2263,2,0.2628,1,0.2263,1,176.205882659912,1,111.910003662109,0.262800008058548,0.0974219739437103,162.927307128906,-65.729,16.5687,36.7080733477416,52,52,52,52,53,52,0.2263,10321,1,17,-66,0.0073,47,2026-09-12 11:48:45.00125,1.0815,0
"1902800",17,0.1825,2,0.219,1,0.1825,1,169.444659393311,1,121.51000213623,0.218999996781349,0.0797088816761971,156.675598144531,-65.729,16.5687,36.7080733477416,52,52,52,52,53,52,0.1825,10321,1,17,-66,0.0073,47,2026-09-12 11:48:45.00125,1.0815,0
"1902800",17,0.0657,2,0.1022,1,0.0657,1,171.448675460815,1,131.759994506836,0.102200001478195,0.0324739888310432,158.528594970703,-65.729,16.5687,36.7080733477416,52,52,52,52,53,52,0.0657,10321,1,17,-66,0.0073,47,2026-09-12 11:48:45.00125,1.0815,0
"1902800",17,0.0219,2,0.0584,1,0.0219,1,169.876823730469,1,141.449996948242,0.0584000013768673,0.0147609040141106,157.0751953125,-65.729,16.5687,36.7080733477416,52,52,52,52,53,52,0.0219,10321,1,17,-66,0.0073,47,2026-09-12 11:48:45.00125,1.0815,0
"1902800",17,0.0073,2,0.0438,1,0.0073,1,168.104567092895,1,151.210006713867,0.0438000001013279,0.00885654240846634,155.436492919922,-65.729,16.5687,36.7080733477416,52,52,52,52,53,52,0.0073,10321,1,17,-66,0.0073,47,2026-09-12 11:48:45.00125,1.0815,0
"1902800",17,0.0146,2,0.0511,1,0.0146,1,165.527142814636,1,161.839996337891,0.0511000007390976,0.0118087232112885,153.053298950195,-65.729,16.5687,36.7080733477416,52,52,52,52,53,52,0.0146,10321,1,17,-66,0.0073,47,2026-09-12 11:48:45.00125,1.0815,0
"1902800",17,0.0073,2,0.0438,1,0.0073,1,162.390799415588,1,171.699996948242,0.0438000001013279,0.00885654240846634,150.153305053711,-65.729,16.5687,36.7080733477416,52,52,52,52,53,52,0.0073,10321,1,17,-66,0.0073,47,2026-09-12 11:48:45.00125,1.0815,0
"1902800",17,0.0073,2,0.0438,1,0.0073,1,158.386859870911,1,181.490005493164,0.0438000001013279,0.00885654240846634,146.451095581055,-65.729,16.5687,36.7080733477416,52,52,52,52,53,52,0.0073,10321,1,17,-66,0.0073,47,2026-09-12 11:48:45.00125,1.0815,0
"1902800",17,0,2,0.0292,1,-0.0073,1,153.943197898865,1,191.360000610352,0.0292000006884336,0.00295218080282211,142.342300415039,-65.729,16.5687,36.7080733477416,52,52,52,52,53,52,0,10321,1,17,-66,0.0073,47,2026-09-12 11:48:45.00125,1.0815,0
"1902800",17,0,2,0.0292,1,-0.0073,1,154.701119224548,1,201.759994506836,0.0292000006884336,0.00295218080282211,143.043106079102,-65.729,16.5687,36.7080733477416,52,52,52,52,53,52,0,10321,1,17,-66,0.0073,47,2026-09-12 11:48:45.00125,1.0815,0
"1902800",17,0,2,0.0292,1,-0.0073,1,152.741329536438,1,210.979995727539,0.0292000006884336,0.00295218080282211,141.231002807617,-65.729,16.5687,36.7080733477416,52,52,52,52,53,52,0,10321,1,17,-66,0.0073,47,2026-09-12 11:48:45.00125,1.0815,0
"1902800",17,0,2,0.0292,1,-0.0073,1,159.722414016724,1,221.240005493164,0.0292000006884336,0.00295218080282211,147.686004638672,-65.729,16.5687,36.7080733477416,52,52,52,52,53,52,0,10321,1,17,-66,0.0073,47,2026-09-12 11:48:45.00125,1.0815,0
"1902800",17,0,2,0.0292,1,-0.0073,1,157.967352859497,1,231.550003051758,0.0292000006884336,0.00295218080282211,146.063201904297,-65.729,16.5687,36.7080733477416,52,52,52,52,53,52,0,10321,1,17,-66,0.0073,47,2026-09-12 11:48:45.00125,1.0815,0
"1902800",17,0,2,0.0292,1,-0.0073,1,158.438660842896,1,239.440002441406,0.0292000006884336,0.00295218080282211,146.498992919922,-65.729,16.5687,36.7080733477416,52,52,52,52,53,52,0,10321,1,17,-66,0.0073,47,2026-09-12 11:48:45.00125,1.0815,0
"1902800",17,0,2,0.0292,1,-0.0073,1,165.312248817444,1,251.5,0.0292000006884336,0.00295218080282211,152.854598999023,-65.729,16.5687,36.7080733477416,52,52,52,52,53,52,0,10321,1,17,-66,0.0073,47,2026-09-12 11:48:45.00125,1.0815,0
"1902800",17,0,2,0.0292,1,-0.0073,1,164.812375213623,1,261.429992675781,0.0292000006884336,0.00295218080282211,152.392395019531,-65.729,16.5687,36.7080733477416,52,52,52,52,53,52,0,10321,1,17,-66,0.0073,47,2026-09-12 11:48:45.00125,1.0815,0
"1902800",17,0,2,0.0292,1,-0.0073,1,159.626485679626,1,271.790008544922,0.0292000006884336,0.00295218080282211,147.597305297852,-65.729,16.5687,36.7080733477416,52,52,52,52,53,52,0,10321,1,17,-66,0.0073,47,2026-09-12 11:48:45.00125,1.0815,0
"1902800",17,0,2,0.0292,1,-0.0073,1,161.819222969055,1,281.630004882812,0.0292000006884336,0.00295218080282211,149.624801635742,-65.729,16.5687,36.7080733477416,52,52,52,52,53,52,0,10321,1,17,-66,0.0073,47,2026-09-12 11:48:45.00125,1.0815,0
"1902800",17,0,2,0.0292,1,-0.0073,1,158.724300544739,1,291.179992675781,0.0292000006884336,0.00295218080282211,146.763107299805,-65.729,16.5687,36.7080733477416,52,52,52,52,53,52,0,10321,1,17,-66,0.0073,47,2026-09-12 11:48:45.00125,1.0815,0
"1902800",17,0,2,0.0292,1,-0.0073,1,157.030776763916,1,301.179992675781,0.0292000006884336,0.00295218080282211,145.197204589844,-65.729,16.5687,36.7080733477416,52,52,52,52,53,52,0,10321,1,17,-66,0.0073,47,2026-09-12 11:48:45.00125,1.0815,0
"1902800",17,0,2,0.0292,1,-0.0073,1,154.449986000061,1,311.489990234375,0.0292000006884336,0.00295218080282211,142.810897827148,-65.729,16.5687,36.7080733477416,52,52,52,52,53,52,0,10321,1,17,-66,0.0073,47,2026-09-12 11:48:45.00125,1.0815,0
"1902800",17,0,2,0.0219,1,-0.0146,1,153.701157485962,1,320.920013427734,0.0219000000506639,0,142.118499755859,-65.729,16.5687,36.7080733477416,52,52,52,52,53,52,0,10321,1,17,-66,0.0073,47,2026-09-12 11:48:45.00125,1.0815,0
"1902800",17,0,2,0.0292,1,-0.0073,1,150.873029045105,1,331.75,0.0292000006884336,0.00295218080282211,139.503494262695,-65.729,16.5687,36.7080733477416,52,52,52,52,53,52,0,10321,1,17,-66,0.0073,47,2026-09-12 11:48:45.00125,1.0815,0
"1902800",17,0,2,0.0292,1,-0.0073,1,147.87068497467,1,341.329986572266,0.0292000006884336,0.00295218080282211,136.727401733398,-65.729,16.5687,36.7080733477416,52,52,52,52,53,52,0,10321,1,17,-66,0.0073,47,2026-09-12 11:48:45.00125,1.0815,0
"1902800",17,0,2,0.0292,1,-0.0073,1,144.844544471741,1,351.190002441406,0.0292000006884336,0.00295218080282211,133.929306030273,-65.729,16.5687,36.7080733477416,52,52,52,52,53,52,0,10321,1,17,-66,0.0073,47,2026-09-12 11:48:45.00125,1.0815,0
"1902800",17,0,2,0.0365,1,0,1,143.430587516785,1,361.119995117188,0.0364999994635582,0.00590436160564423,132.62190246582,-65.729,16.5687,36.7080733477416,52,52,52,52,53,52,0,10321,1,17,-66,0.0073,47,2026-09-12 11:48:45.00125,1.0815,0
"1902800",17,0,2,0.0292,1,-0.0073,1,136.358550167084,1,381.5,0.0292000006884336,0.00295218080282211,126.082801818848,-65.729,16.5687,36.7080733477416,52,52,52,52,53,52,0,10321,1,17,-66,0.0073,47,2026-09-12 11:48:45.00125,1.0815,0
"1902800",17,0,2,0.0292,1,-0.0073,1,132.162869464874,1,401.899993896484,0.0292000006884336,0.00295218080282211,122.203300476074,-65.729,16.5687,36.7080733477416,52,52,52,52,53,52,0,10321,1,17,-66,0.0073,47,2026-09-12 11:48:45.00125,1.0815,0
"1902800",17,0,2,0.0438,1,0.0073,1,125.260088779449,1,451.720001220703,0.0438000001013279,0.00885654240846634,115.820701599121,-65.729,16.5687,36.7080733477416,52,52,52,52,53,52,0,10321,1,17,-66,0.0073,47,2026-09-12 11:48:45.00125,1.0815,0
"1902800",17,0,2,0.0365,1,0,1,120.273828540802,1,501.850006103516,0.0364999994635582,0.00590436160564423,111.21019744873,-65.729,16.5687,36.7080733477416,52,52,52,52,53,52,0,10321,1,17,-66,0.0073,47,2026-09-12 11:48:45.00125,1.0815,0
"1902800",17,0,2,0.0365,1,0,1,118.490003734589,1,551.780029296875,0.0364999994635582,0.00590436160564423,109.56079864502,-65.729,16.5687,36.7080733477416,52,52,52,52,53,52,0,10321,1,17,-66,0.0073,47,2026-09-12 11:48:45.00125,1.0815,0
"1902800",17,0,2,0.0438,1,0.0073,1,120.694317443848,1,600.909973144531,0.0438000001013279,0.00885654240846634,111.598999023438,-65.729,16.5687,36.7080733477416,52,52,52,52,53,52,0,10321,1,17,-66,0.0073,47,2026-09-12 11:48:45.00125,1.0815,0
"1902800",17,0,2,0.0438,1,0.0073,1,124.27246257019,1,651.359985351562,0.0438000001013279,0.00885654240846634,114.907501220703,-65.729,16.5687,36.7080733477416,52,52,52,52,53,52,0,10321,1,17,-66,0.0073,47,2026-09-12 11:48:45.00125,1.0815,0
"1902800",17,0,2,0.0365,1,0,1,129.006186882019,1,701.219970703125,0.0364999994635582,0.00590436160564423,119.28450012207,-65.729,16.5687,36.7080733477416,52,52,52,52,53,52,0,10321,1,17,-66,0.0073,47,2026-09-12 11:48:45.00125,1.0815,0
"1902800",17,0,2,0.0438,1,0.0073,1,133.28644228363,1,751.200012207031,0.0438000001013279,0.00885654240846634,123.242202758789,-65.729,16.5687,36.7080733477416,52,52,52,52,53,52,0,10321,1,17,-66,0.0073,47,2026-09-12 11:48:45.00125,1.0815,0
"1902800",17,0,2,0.0438,1,0.0073,1,141.737393783569,1,801.869995117188,0.0438000001013279,0.00885654240846634,131.056304931641,-65.729,16.5687,36.7080733477416,52,52,52,52,53,52,0,10321,1,17,-66,0.0073,47,2026-09-12 11:48:45.00125,1.0815,0
"1902800",17,0,2,0.0365,1,0,1,152.049384727478,1,851.52001953125,0.0364999994635582,0.00590436160564423,140.591201782227,-65.729,16.5687,36.7080733477416,52,52,52,52,53,52,0,10321,1,17,-66,0.0073,47,2026-09-12 11:48:45.00125,1.0815,0
"1902800",17,0,2,0.0365,1,0,1,160.306086708069,1,901.619995117188,0.0364999994635582,0.00590436160564423,148.225692749023,-65.729,16.5687,36.7080733477416,52,52,52,52,53,52,0,10321,1,17,-66,0.0073,47,2026-09-12 11:48:45.00125,1.0815,0
"1902800",17,0,2,0.0365,1,0,1,170.680819702148,1,951.869995117188,0.0364999994635582,0.00590436160564423,157.818603515625,-65.729,16.5687,36.7080733477416,52,52,52,52,53,52,0,10321,1,17,-66,0.0073,47,2026-09-12 11:48:45.00125,1.0815,0
"1902800",17,0,2,0.0511,1,0.0146,1,180.249609443665,1,999.510009765625,0.0511000007390976,0.0118087232112885,166.666305541992,-65.729,16.5687,36.7080733477416,52,52,52,52,53,52,0,10321,1,17,-66,0.0073,47,2026-09-12 11:48:45.00125,1.0815,0
"1902800",17,0,2,0.0511,1,0.0146,1,193.459797935486,1,1099.18994140625,0.0511000007390976,0.0118087232112885,178.880996704102,-65.729,16.5687,36.7080733477416,52,52,52,52,53,52,0,10321,1,17,-66,0.0073,47,2026-09-12 11:48:45.00125,1.0815,0
"1902800",17,0,2,0.0438,1,0.0073,1,200.990609710693,1,1199.5,0.0438000001013279,0.00885654240846634,185.844299316406,-65.729,16.5687,36.7080733477416,52,52,52,52,53,52,0,10321,1,17,-66,0.0073,47,2026-09-12 11:48:45.00125,1.0815,0
"1902800",17,0,2,0.0438,1,0.0073,1,202.694397972107,1,1299.10998535156,0.0438000001013279,0.00885654240846634,187.419692993164,-65.729,16.5687,36.7080733477416,52,52,52,52,53,52,0,10321,1,17,-66,0.0073,47,2026-09-12 11:48:45.00125,1.0815,0
"1902800",17,0,2,0.0511,1,0.0146,1,205.388527084351,4,1399.55004882812,0.0511000007390976,0.0118087232112885,189.910797119141,-65.729,16.5687,36.7080733477416,52,52,52,52,53,52,0,10321,1,17,-66,0.0073,47,2026-09-12 11:48:45.00125,1.0815,0
