"FLOAT_NUM","CYCLE_NUMBER","CHLA_FINAL","CHLA_FINAL_QC","CHLA_FLUORESCENCE","CHLA_FLUORESCENCE_QC","CHLA_FLUORESCENCE_ADJUSTED","CHLA_FLUORESCENCE_ADJUSTED_QC","BBP700_FINAL","BBP700_FINAL_QC","DOXY_FINAL","DOXY_FINAL_QC","DOXY_ADJUSTED_ERROR","PRES","PRES_QC","TEMP","PSAL","CHLA","CHLA_QC","CHLA_ADJUSTED","BBP700","BBP700_QC","DOXY","LONGITUDE","LATITUDE","MLD","MIN_FLUOCHLA_CYCLE1","MIN_FLUOCHLA_CYCLE2","MIN_FLUOCHLA_CYCLE3","MIN_FLUOCHLA_CYCLE4","MIN_FLUOCHLA_CYCLE5","MEDIAN_FIRST5","CHLA_NOLUT","NEAREST_INDICES","PHYSIO_RATIO","MATCHED_LAT","MATCHED_LON","SCALE_CHLA","DARK_CHLA","DATE_TIME","PRES_ADJUSTED","DOXY_SLOPE","DOXY_DRIFT","FLOAT_TYPE","DENSITY"
"1902800",1,0.0438,5,0.0511,1,0.0292,1,0.000609999988228083,3,198.524576499939,1,1.95466093575894,7.96000003814697,1,27.9850006103516,36.0125999450684,0.0511000007390976,"3",0.120632573962212,0.000609999988228083,"3",183.564102172852,-65.015,18.1502,13.9154872048534,50,50,50,50,50,50,0.0438,10056,1,18,-65,0.0073,47,2026-05-29 19:20:28.002068,7.96000003814697,1.0815,0,"aoml_apex",1023.19536008093
"1902800",1,0.0438,5,0.0657,1,0.0438,1,0.000668999971821904,3,198.875846168518,1,1.95450401823014,11.9899997711182,1,27.8024005889893,36.019401550293,0.065700002014637,"3",0.120632573962212,0.000668999971821904,"3",183.888900756836,-65.015,18.1502,13.9154872048534,50,50,50,50,50,50,0.0438,10056,1,18,-65,0.0073,47,2026-05-29 19:20:28.002068,11.9899997711182,1.0815,0,"aoml_apex",1023.27750741135
"1902800",1,0.0657,2,0.0876,1,0.0657,1,0.000809999997727573,3,198.874988044739,1,1.95445407234436,16.6900005340576,1,27.7851009368896,36.0199012756348,0.0876000002026558,"3",0.120632573962212,0.000809999997727573,"3",183.888107299805,-65.015,18.1502,13.9154872048534,50,50,50,50,50,50,0.0657,10056,1,18,-65,0.0073,47,2026-05-29 19:20:28.002068,16.6900005340576,1.0815,0,"aoml_apex",1023.3036571696
"1902800",1,0.0657,2,0.0876,1,0.0657,1,0.000656999996863306,3,198.883305244446,1,1.95440668848889,21.5799999237061,1,27.778299331665,36.0220985412598,0.0876000002026558,"3",0.120632573962212,0.000656999996863306,"3",183.895797729492,-65.015,18.1502,13.9154872048534,50,50,50,50,50,50,0.0657,10056,1,18,-65,0.0073,47,2026-05-29 19:20:28.002068,21.5799999237061,1.0815,0,"aoml_apex",1023.32846678209
"1902800",1,0.0876,2,0.1095,1,0.0876,1,0.00389000005088747,3,198.941608154297,1,1.95437204368018,25.25,1,27.7733993530273,36.0232009887695,0.109499998390675,"3",0.120632573962212,0.00389000005088747,"3",183.94970703125,-65.015,18.1502,13.9154872048534,50,50,50,50,50,50,0.0876,10056,1,18,-65,0.0073,47,2026-05-29 19:20:28.002068,25.25,1.0815,0,"aoml_apex",1023.34660714543
"1902800",1,0.0949,2,0.1168,1,0.0949,1,0.00067999999737367,3,198.806519668579,1,1.95431484016649,31.5699996948242,1,27.7651996612549,36.0234985351562,0.116800002753735,"3",0.120632573962212,0.00067999999737367,"3",183.824798583984,-65.015,18.1502,13.9154872048534,50,50,50,50,50,50,0.0949,10056,1,18,-65,0.0073,47,2026-05-29 19:20:28.002068,31.5699996948242,1.0815,0,"aoml_apex",1023.37656087676
"1902800",1,0.1168,2,0.1387,1,0.1168,1,0.00076299998909235,3,198.873139778137,1,1.95426721557514,36.8899993896484,1,27.7604007720947,36.024299621582,0.138699993491173,"3",0.120632573962212,0.00076299998909235,"3",183.88639831543,-65.015,18.1502,13.9154872048534,50,50,50,50,50,50,0.1168,10056,1,18,-65,0.0073,47,2026-05-29 19:20:28.002068,36.8899993896484,1.0815,0,"aoml_apex",1023.40150009189
"1902800",1,0.1606,2,0.1825,1,0.1606,1,0.000727000006008893,3,197.939913665771,1,1.95402010790569,41.9000015258789,1,27.7357997894287,36.1571006774902,0.182500004768372,"3",0.120632573962212,0.000727000006008893,"3",183.023498535156,-65.015,18.1502,13.9154872048534,50,50,50,50,50,50,0.1606,10056,1,18,-65,0.0073,47,2026-05-29 19:20:28.002068,41.9000015258789,1.0815,0,"aoml_apex",1023.53092064318
"1902800",1,0.2044,2,0.2263,1,0.2044,1,0.000832999998237938,3,198.185419578552,1,1.95366886798159,46.7700004577637,1,27.5729007720947,36.3032989501953,0.226300001144409,"3",0.120632573962212,0.000832999998237938,"3",183.250503540039,-65.015,18.1502,13.9154872048534,50,50,50,50,50,50,0.2044,10056,1,18,-65,0.0073,47,2026-05-29 19:20:28.002068,46.7700004577637,1.0815,0,"aoml_apex",1023.71493592273
"1902800",1,0.1679,2,0.1898,1,0.1679,1,0.000632999988738447,3,200.635660011291,1,1.95344182961327,51.7799987792969,1,27.4741992950439,36.3902015686035,0.18979999423027,"3",0.120632573962212,0.000632999988738447,"3",185.516098022461,-65.015,18.1502,13.9154872048534,50,50,50,50,50,50,0.1679,10056,1,18,-65,0.0073,47,2026-05-29 19:20:28.002068,51.7799987792969,1.0815,0,"aoml_apex",1023.83391697717
"1902800",1,0.1168,2,0.1387,1,0.1168,1,0.000597000005654991,3,202.674826148987,1,1.95265803099536,56.7200012207031,1,27.0149002075195,36.7103996276855,0.138699993491173,"3",0.120632573962212,0.000597000005654991,"3",187.401596069336,-65.015,18.1502,13.9154872048534,50,50,50,50,50,50,0.1168,10056,1,18,-65,0.0073,47,2026-05-29 19:20:28.002068,56.7200012207031,1.0815,0,"aoml_apex",1024.24488479455
"1902800",1,0.1241,2,0.146,1,0.1241,1,0.000607999972999096,3,202.460047668457,1,1.95252011358647,61.7099990844727,1,26.9368000030518,36.744701385498,0.145999997854233,"3",0.120632573962212,0.000607999972999096,"3",187.203002929688,-65.015,18.1502,13.9154872048534,50,50,50,50,50,50,0.1241,10056,1,18,-65,0.0073,47,2026-05-29 19:20:28.002068,61.7099990844727,1.0815,0,"aoml_apex",1024.3172329356
"1902800",1,0.1387,2,0.1606,1,0.1387,1,0.000561000022571534,3,201.585982589722,1,1.95233455645998,66.9700012207031,1,26.801399230957,36.7863006591797,0.160600006580353,"3",0.120632573962212,0.000561000022571534,"3",186.394805908203,-65.015,18.1502,13.9154872048534,50,50,50,50,50,50,0.1387,10056,1,18,-65,0.0073,47,2026-05-29 19:20:28.002068,66.9700012207031,1.0815,0,"aoml_apex",1024.41458784935
"1902800",1,0.146,2,0.1679,1,0.146,1,0.000548999989405274,3,201.30976574707,1,1.9519696244254,71.8099975585938,1,26.5666007995605,36.913200378418,0.167899996042252,"3",0.120632573962212,0.000548999989405274,"3",186.139404296875,-65.015,18.1502,13.9154872048534,50,50,50,50,50,50,0.146,10056,1,18,-65,0.0073,47,2026-05-29 19:20:28.002068,71.8099975585938,1.0815,0,"aoml_apex",1024.60610809389
"1902800",1,0.1752,2,0.1971,1,0.1752,1,0.000537000014446676,3,200.364096839905,1,1.95191108423622,76.620002746582,1,26.5547008514404,36.9216003417969,0.19709999859333,"3",0.120632573962212,0.000537000014446676,"3",185.264999389648,-65.015,18.1502,13.9154872048534,50,50,50,50,50,50,0.1752,10056,1,18,-65,0.0073,47,2026-05-29 19:20:28.002068,76.620002746582,1.0815,0,"aoml_apex",1024.63683727817
"1902800",1,0.2482,2,0.2701,1,0.2482,1,0.000584000023081899,3,199.311145957947,1,1.95168787425499,81.7399978637695,1,26.4148006439209,36.9888000488281,0.270099997520447,"3",0.120632573962212,0.000584000023081899,"3",184.291397094727,-65.015,18.1502,13.9154872048534,50,50,50,50,50,50,0.2482,10056,1,18,-65,0.0073,47,2026-05-29 19:20:28.002068,81.7399978637695,1.0815,0,"aoml_apex",1024.75402259875
"1902800",1,0.2409,2,0.2628,1,0.2409,1,0.000561000022571534,3,197.988793716431,1,1.95162922795371,86.8600006103516,1,26.4001998901367,36.9944000244141,0.262800008058548,"3",0.120632573962212,0.000561000022571534,"3",183.068695068359,-65.015,18.1502,13.9154872048534,50,50,50,50,50,50,0.2409,10056,1,18,-65,0.0073,47,2026-05-29 19:20:28.002068,86.8600006103516,1.0815,0,"aoml_apex",1024.78481637468
"1902800",1,0.2701,2,0.292,1,0.2701,1,0.000701999990269542,3,195.613606109619,1,1.95154622566214,91.7300033569336,1,26.3509998321533,37.0037994384766,0.291999995708466,"3",0.120632573962212,0.000701999990269542,"3",180.872497558594,-65.015,18.1502,13.9154872048534,50,50,50,50,50,50,0.2701,10056,1,18,-65,0.0073,47,2026-05-29 19:20:28.002068,91.7300033569336,1.0815,0,"aoml_apex",1024.82840206432
"1902800",1,0.3358,2,0.3577,1,0.3358,1,0.000584000023081899,3,193.785983985901,1,1.95128088849484,96.9000015258789,1,26.1373996734619,37.0694007873535,0.357699990272522,"3",0.150790706276894,0.000584000023081899,"3",179.182601928711,-65.015,18.1502,13.9154872048534,50,50,50,50,50,50,0.3358,10056,1,18,-65,0.0073,47,2026-05-29 19:20:28.002068,96.9000015258789,1.0815,0,"aoml_apex",1024.9677592767
"1902800",1,0.3942,2,0.4161,1,0.3942,1,0.000584000023081899,3,191.119875915527,1,1.95114166072364,101.620002746582,1,26.0265007019043,37.0931015014648,0.41609999537468,"3",0.17759795486927,0.000584000023081899,"3",176.717407226562,-65.015,18.1502,13.9154872048534,50,50,50,50,50,50,0.3942,10056,1,18,-65,0.0073,47,2026-05-29 19:20:28.002068,101.620002746582,1.0815,0,"aoml_apex",1025.0408979829
"1902800",1,0.2701,2,0.292,1,0.2701,1,0.000513000006321818,3,186.782621292114,1,1.95067339180171,111.879997253418,1,25.5785007476807,37.1744995117188,0.291999995708466,"3",0.120632573962212,0.000513000006321818,"3",172.707000732422,-65.015,18.1502,13.9154872048534,50,50,50,50,50,50,0.2701,10056,1,18,-65,0.0073,47,2026-05-29 19:20:28.002068,111.879997253418,1.0815,0,"aoml_apex",1025.28696418663
"1902800",1,0.2263,2,0.2482,1,0.2263,1,0.000513000006321818,3,182.499444969177,1,1.95025031997127,121.5,1,25.0496006011963,37.1969985961914,0.248199999332428,"3",0.10052714496851,0.000513000006321818,"3",168.746597290039,-65.015,18.1502,13.9154872048534,50,50,50,50,50,50,0.2263,10056,1,18,-65,0.0073,47,2026-05-29 19:20:28.002068,121.5,1.0815,0,"aoml_apex",1025.50938180564
"1902800",1,0.1825,2,0.2044,1,0.1825,1,0.000465999997686595,3,179.684947494507,1,1.94987689481318,131.710006713867,1,24.682300567627,37.2495994567871,0.20440000295639,"3",0.0804217159748077,0.000465999997686595,"3",166.144195556641,-65.015,18.1502,13.9154872048534,50,50,50,50,50,50,0.1825,10056,1,18,-65,0.0073,47,2026-05-29 19:20:28.002068,131.710006713867,1.0815,0,"aoml_apex",1025.70577933415
"1902800",1,0.146,2,0.1679,1,0.146,1,0.000513000006321818,3,175.182669067383,1,1.94948696337789,141.649993896484,1,24.1840991973877,37.2641983032227,0.167899996042252,"3",0.0636671930551529,0.000513000006321818,"3",161.981201171875,-65.015,18.1502,13.9154872048534,50,50,50,50,50,50,0.146,10056,1,18,-65,0.0073,47,2026-05-29 19:20:28.002068,141.649993896484,1.0815,0,"aoml_apex",1025.91093840124
"1902800",1,0.1095,2,0.1314,1,0.1095,1,0.000429999985499308,3,171.84689440155,1,1.94908832150521,151.5,1,23.4705009460449,37.2033004760742,0.131400004029274,"3",0.0469126664102077,0.000429999985499308,"3",158.89680480957,-65.015,18.1502,13.9154872048534,50,50,50,50,50,50,0.1095,10056,1,18,-65,0.0073,47,2026-05-29 19:20:28.002068,151.5,1.0815,0,"aoml_apex",1026.12076524858
"1902800",1,0.0949,2,0.1168,1,0.0949,1,0.000395000010030344,3,170.342636421204,1,1.94873846610847,161.869995117188,1,22.8395004272461,37.1426010131836,0.116800002753735,"3",0.0402108579874039,0.000395000010030344,"3",157.505905151367,-65.015,18.1502,13.9154872048534,50,50,50,50,50,50,0.0949,10056,1,18,-65,0.0073,47,2026-05-29 19:20:28.002068,161.869995117188,1.0815,0,"aoml_apex",1026.30498385651
"1902800",1,0.0657,2,0.0876,1,0.0657,1,0.000395000010030344,3,168.993467811584,1,1.94849284099693,171.699996948242,1,22.3533000946045,37.0716018676758,0.0876000002026558,"3",0.0268072374165058,0.000395000010030344,"3",156.258407592773,-65.015,18.1502,13.9154872048534,50,50,50,50,50,50,0.0657,10056,1,18,-65,0.0073,47,2026-05-29 19:20:28.002068,171.699996948242,1.0815,0,"aoml_apex",1026.43435886411
"1902800",1,0.0365,2,0.0584,1,0.0365,1,0.00036000000545755,3,167.981937904358,1,1.94803930288082,181.570007324219,1,21.3862991333008,36.9686012268066,0.0584000013768673,"3",0.0134036187082529,0.00036000000545755,"3",155.323104858398,-65.015,18.1502,13.9154872048534,50,50,50,50,50,50,0.0365,10056,1,18,-65,0.0073,47,2026-05-29 19:20:28.002068,181.570007324219,1.0815,0,"aoml_apex",1026.67333099611
"1902800",1,0.0292,2,0.0511,1,0.0292,1,0.000311999989207834,3,169.184235328674,1,1.9477113366772,191.5,1,20.6923007965088,36.8863983154297,0.0511000007390976,"3",0.010052714496851,0.000311999989207834,"3",156.434799194336,-65.015,18.1502,13.9154872048534,50,50,50,50,50,50,0.0292,10056,1,18,-65,0.0073,47,2026-05-29 19:20:28.002068,191.5,1.0815,0,"aoml_apex",1026.84620782256
"1902800",1,0.0146,2,0.0365,1,0.0146,1,0.000311999989207834,3,170.990981941223,1,1.94747828622464,201.600006103516,1,20.2035999298096,36.8153991699219,0.0364999994635582,"3",0.00335090467706323,0.000311999989207834,"3",158.105392456055,-65.015,18.1502,13.9154872048534,50,50,50,50,50,50,0.0146,10056,1,18,-65,0.0073,47,2026-05-29 19:20:28.002068,201.600006103516,1.0815,0,"aoml_apex",1026.96908825473
"1902800",1,0.0292,2,0.0511,1,0.0292,1,0.000536000006832182,3,171.600200317383,1,1.94736843363185,210.990005493164,1,20.0865993499756,36.796501159668,0.0511000007390976,"3",0.010052714496851,0.000536000006832182,"3",158.668701171875,-65.015,18.1502,13.9154872048534,50,50,50,50,50,50,0.0292,10056,1,18,-65,0.0073,47,2026-05-29 19:20:28.002068,210.990005493164,1.0815,0,"aoml_apex",1027.02702039285
"1902800",1,0,2,0.0292,1,0.0073,1,0.000300999992759898,3,173.208819351196,1,1.94714482949824,220.720001220703,1,19.6333999633789,36.7365989685059,0.0292000006884336,"3",0,0.000300999992759898,"3",160.156097412109,-65.015,18.1502,13.9154872048534,50,50,50,50,50,50,0,10056,1,18,-65,0.0073,47,2026-05-29 19:20:28.002068,220.720001220703,1.0815,0,"aoml_apex",1027.14496102243
"1902800",1,0,2,0.0219,1,0,1,0.000277000013738871,3,176.609811424255,1,1.94696256690655,231.570007324219,1,19.3255004882812,36.6940002441406,0.0219000000506639,"3",-0.00335090467706323,0.000277000013738871,"3",163.300796508789,-65.015,18.1502,13.9154872048534,50,50,50,50,50,50,0,10056,1,18,-65,0.0073,47,2026-05-29 19:20:28.002068,231.570007324219,1.0815,0,"aoml_apex",1027.24111597981
"1902800",1,0,2,0.0219,1,0,1,0.000277000013738871,3,178.939155418396,1,1.94675934339882,241.210006713867,1,18.8868999481201,36.6291999816895,0.0219000000506639,"3",-0.00335090467706323,0.000277000013738871,"3",165.454605102539,-65.015,18.1502,13.9154872048534,50,50,50,50,50,50,0,10056,1,18,-65,0.0073,47,2026-05-29 19:20:28.002068,241.210006713867,1.0815,0,"aoml_apex",1027.34835036581
"1902800",1,0,2,0.0292,1,0.0073,1,0.000277000013738871,3,179.469079856873,1,1.94662810584029,251.830001831055,1,18.715799331665,36.6012992858887,0.0292000006884336,"3",0,0.000277000013738871,"3",165.944595336914,-65.015,18.1502,13.9154872048534,50,50,50,50,50,50,0,10056,1,18,-65,0.0073,47,2026-05-29 19:20:28.002068,251.830001831055,1.0815,0,"aoml_apex",1027.41761202337
"1902800",1,0,2,0.0292,1,0.0073,1,0.000358999997843057,3,179.475796325684,1,1.94651909118593,261.589996337891,1,18.5967998504639,36.5807991027832,0.0292000006884336,"3",0,0.000358999997843057,"3",165.950805664062,-65.015,18.1502,13.9154872048534,50,50,50,50,50,50,0,10056,1,18,-65,0.0073,47,2026-05-29 19:20:28.002068,261.589996337891,1.0815,0,"aoml_apex",1027.47515246896
"1902800",1,0,2,0.0365,1,0.0146,1,0.000277000013738871,3,180.256309410095,1,1.94641580461169,271.779998779297,1,18.5335998535156,36.5727996826172,0.0364999994635582,"3",0.00335090467706323,0.000277000013738871,"3",166.672500610352,-65.015,18.1502,13.9154872048534,50,50,50,50,50,50,0,10056,1,18,-65,0.0073,47,2026-05-29 19:20:28.002068,271.779998779297,1.0815,0,"aoml_apex",1027.52967544825
"1902800",1,0,2,0.0292,1,0.0073,1,0.000277000013738871,3,179.977171646118,1,1.94633120238311,281.339996337891,1,18.5069007873535,36.567798614502,0.0292000006884336,"3",0,0.000277000013738871,"3",166.414398193359,-65.015,18.1502,13.9154872048534,50,50,50,50,50,50,0,10056,1,18,-65,0.0073,47,2026-05-29 19:20:28.002068,281.339996337891,1.0815,0,"aoml_apex",1027.5743396351
"1902800",1,0,2,0.0292,1,0.0073,1,0.000265000009676442,3,177.035820373535,1,1.94623733496719,291.279998779297,1,18.4631004333496,36.5612983703613,0.0292000006884336,"3",0,0.000265000009676442,"3",163.694702148438,-65.015,18.1502,13.9154872048534,50,50,50,50,50,50,0,10056,1,18,-65,0.0073,47,2026-05-29 19:20:28.002068,291.279998779297,1.0815,0,"aoml_apex",1027.62389975101
"1902800",1,0,2,0.0292,1,0.0073,1,0.000300000014249235,3,173.551227241516,1,1.94596495057875,301.779998779297,1,17.6975002288818,36.4356002807617,0.0292000006884336,"3",0,0.000300000014249235,"3",160.472702026367,-65.015,18.1502,13.9154872048534,50,50,50,50,50,50,0,10056,1,18,-65,0.0073,47,2026-05-29 19:20:28.002068,301.779998779297,1.0815,0,"aoml_apex",1027.7677403209
"1902800",1,0,2,0.0365,1,0.0146,1,0.000288000010186806,3,171.891764373779,1,1.94582814198419,311.630004882812,1,17.4284000396729,36.3861999511719,0.0364999994635582,"3",0.00335090467706323,0.000288000010186806,"3",158.938293457031,-65.015,18.1502,13.9154872048534,50,50,50,50,50,50,0,10056,1,18,-65,0.0073,47,2026-05-29 19:20:28.002068,311.630004882812,1.0815,0,"aoml_apex",1027.84000130688
"1902800",1,0,2,0.0292,1,0.0073,1,0.00032299998565577,3,169.522534126282,1,1.94571325167276,321.730010986328,1,17.2751007080078,36.3582992553711,0.0292000006884336,"3",0,0.00032299998565577,"3",156.747604370117,-65.015,18.1502,13.9154872048534,50,50,50,50,50,50,0,10056,1,18,-65,0.0073,47,2026-05-29 19:20:28.002068,321.730010986328,1.0815,0,"aoml_apex",1027.9006931163
"1902800",1,0,2,0.0292,1,0.0073,1,0.000253000005614012,3,167.838746749878,1,1.94556177005295,330.910003662109,1,16.9375,36.3022003173828,0.0292000006884336,"3",0,0.000253000005614012,"3",155.190704345703,-65.015,18.1502,13.9154872048534,50,50,50,50,50,50,0,10056,1,18,-65,0.0073,47,2026-05-29 19:20:28.002068,330.910003662109,1.0815,0,"aoml_apex",1027.98072555958
"1902800",1,0,2,0.0292,1,0.0073,1,0.000288000010186806,3,167.704631904602,1,1.94543588205429,341.350006103516,1,16.7478008270264,36.2691993713379,0.0292000006884336,"3",0,0.000288000010186806,"3",155.066696166992,-65.015,18.1502,13.9154872048534,50,50,50,50,50,50,0,10056,1,18,-65,0.0073,47,2026-05-29 19:20:28.002068,341.350006103516,1.0815,0,"aoml_apex",1028.04724558082
"1902800",1,0,2,0.0292,1,0.0073,1,0.000276000006124377,3,165.901449806213,1,1.94531579883362,351.200012207031,1,16.5958003997803,36.2477989196777,0.0292000006884336,"3",0,0.000276000006124377,"3",153.399398803711,-65.015,18.1502,13.9154872048534,50,50,50,50,50,50,0,10056,1,18,-65,0.0073,47,2026-05-29 19:20:28.002068,351.200012207031,1.0815,0,"aoml_apex",1028.1107063435
"1902800",1,0,2,0.0292,1,0.0073,1,0.000311000010697171,3,163.647818733215,1,1.94519305584267,361.230010986328,1,16.3745994567871,36.2057991027832,0.0292000006884336,"3",0,0.000311000010697171,"3",151.31559753418,-65.015,18.1502,13.9154872048534,50,50,50,50,50,50,0,10056,1,18,-65,0.0073,47,2026-05-29 19:20:28.002068,361.230010986328,1.0815,0,"aoml_apex",1028.175580821
"1902800",1,0,2,0.0292,1,0.0073,1,0.00032299998565577,3,153.686981941223,1,1.94485391229727,381.880004882812,1,15.536600112915,36.0638999938965,0.0292000006884336,"3",0,0.00032299998565577,"3",142.105392456055,-65.015,18.1502,13.9154872048534,50,50,50,50,50,50,0,10056,1,18,-65,0.0073,47,2026-05-29 19:20:28.002068,381.880004882812,1.0815,0,"aoml_apex",1028.35487403658
"1902800",1,0,2,0.0292,1,0.0073,1,0.000322000007145107,3,149.757352615356,4,1.944514300318,401.649993896484,1,14.6142997741699,35.910701751709,0.0292000006884336,"3",0,0.000322000007145107,"3",138.471893310547,-65.015,18.1502,13.9154872048534,50,50,50,50,50,50,0,10056,1,18,-65,0.0073,47,2026-05-29 19:20:28.002068,401.649993896484,1.0815,0,"aoml_apex",1028.53447756745
"1902800",2,0.0511,2,0.073,1,0.0511,1,0.000656999996863306,3,197.564847564697,1,1.9545705195562,7.90000009536743,1,27.843599319458,36.0143013000488,0.0729999989271164,"3",0.0335090458393097,0.000656999996863306,"3",182.676696777344,-65.0226,18.1487,31.8054420927255,50,50,50,50,50,50,0.0511,10056,1,18,-65,0.0073,47,2026-05-30 07:58:24.000835,7.90000009536743,1.0815,0,"aoml_apex",1023.24269193117
"1902800",2,0.0584,2,0.0803,1,0.0584,1,0.000691999972332269,3,197.620757629395,1,1.95453954840739,11.5299997329712,1,27.8442993164062,36.0154991149902,0.0803000032901764,"3",0.0368599519133568,0.000691999972332269,"3",182.728393554688,-65.0226,18.1487,31.8054420927255,50,50,50,50,50,50,0.0584,10056,1,18,-65,0.0073,47,2026-05-30 07:58:24.000835,11.5299997329712,1.0815,0,"aoml_apex",1023.25890598103
"1902800",2,0.0584,2,0.0803,1,0.0584,1,0.000632999988738447,3,197.73572971344,1,1.95449331443911,16.8600006103516,1,27.839599609375,36.0153007507324,0.0803000032901764,"3",0.0368599519133568,0.000632999988738447,"3",182.834701538086,-65.0226,18.1487,31.8054420927255,50,50,50,50,50,50,0.0584,10056,1,18,-65,0.0073,47,2026-05-30 07:58:24.000835,16.8600006103516,1.0815,0,"aoml_apex",1023.28311139501
"1902800",2,0.0511,2,0.073,1,0.0511,1,0.000715999980457127,3,197.786012466431,1,1.95443881553604,21.3999996185303,1,27.8090000152588,36.0140991210938,0.0729999989271164,"3",0.0335090458393097,0.000715999980457127,"3",182.881195068359,-65.0226,18.1487,31.8054420927255,50,50,50,50,50,50,0.0511,10056,1,18,-65,0.0073,47,2026-05-30 07:58:24.000835,21.3999996185303,1.0815,0,"aoml_apex",1023.31164531823
"1902800",2,0.0584,2,0.0803,1,0.0584,1,0.000632999988738447,3,197.903146362305,1,1.95438336579991,26.5400009155273,1,27.7914009094238,36.0158004760742,0.0803000032901764,"3",0.0368599519133568,0.000632999988738447,"3",182.989501953125,-65.0226,18.1487,31.8054420927255,50,50,50,50,50,50,0.0584,10056,1,18,-65,0.0073,47,2026-05-30 07:58:24.000835,26.5400009155273,1.0815,0,"aoml_apex",1023.34067870119
"1902800",2,0.0657,2,0.0876,1,0.0657,1,0.000656999996863306,3,198.118799468994,1,1.9543224459003,31.8999996185303,1,27.7679004669189,36.0175018310547,0.0876000002026558,"3",0.0402108579874039,0.000656999996863306,"3",183.188903808594,-65.0226,18.1487,31.8054420927255,50,50,50,50,50,50,0.0657,10056,1,18,-65,0.0073,47,2026-05-30 07:58:24.000835,31.8999996185303,1.0815,0,"aoml_apex",1023.37257815133
"1902800",2,0.073,2,0.0949,1,0.073,1,0.000715999980457127,3,198.201954963684,1,1.95426096560725,36.6199989318848,1,27.7367000579834,36.0199012756348,0.0948999971151352,"3",0.043561764061451,0.000715999980457127,"3",183.26579284668,-65.0226,18.1487,31.8054420927255,50,50,50,50,50,50,0.073,10056,1,18,-65,0.0073,47,2026-05-30 07:58:24.000835,36.6199989318848,1.0815,0,"aoml_apex",1023.40477305626
"1902800",2,0.1387,2,0.1606,1,0.1387,1,0.000880000006873161,3,197.244948921204,1,1.95414108840316,41.9700012207031,1,27.7313995361328,36.0705986022949,0.160600006580353,"3",0.0737199038267136,0.000880000006873161,"3",182.380905151367,-65.0226,18.1487,31.8054420927255,50,50,50,50,50,50,0.1387,10056,1,18,-65,0.0073,47,2026-05-30 07:58:24.000835,41.9700012207031,1.0815,0,"aoml_apex",1023.46755404151
"1902800",2,0.146,2,0.1679,1,0.146,1,0.000714999972842634,3,198.314435188293,1,1.95350828485488,46.8400001525879,1,27.4862003326416,36.3772010803223,0.167899996042252,"3",0.0770708099007607,0.000714999972842634,"3",183.36979675293,-65.0226,18.1487,31.8054420927255,50,50,50,50,50,50,0.146,10056,1,18,-65,0.0073,47,2026-05-30 07:58:24.000835,46.8400001525879,1.0815,0,"aoml_apex",1023.79908777739
"1902800",2,0.1606,2,0.1825,1,0.1606,1,0.000655999989248812,3,201.212863769531,1,1.95301002994337,51.9300003051758,1,27.2273006439209,36.5835990905762,0.182500004768372,"3",0.0837726220488548,0.000655999989248812,"3",186.0498046875,-65.0226,18.1487,31.8054420927255,50,50,50,50,50,50,0.1606,10056,1,18,-65,0.0073,47,2026-05-30 07:58:24.000835,51.9300003051758,1.0815,0,"aoml_apex",1024.06028096947
"1902800",2,0.1022,2,0.1241,1,0.1022,1,0.000667000014800578,3,202.014681427002,1,1.95253242510166,56.4900016784668,1,26.9073009490967,36.7532005310059,0.124099999666214,"3",0.0569653809070587,0.000667000014800578,"3",186.791198730469,-65.0226,18.1487,31.8054420927255,50,50,50,50,50,50,0.1022,10056,1,18,-65,0.0073,47,2026-05-30 07:58:24.000835,56.4900016784668,1.0815,0,"aoml_apex",1024.31077419668
"1902800",2,0.1387,2,0.1606,1,0.1387,1,0.000584999972488731,3,201.539363365173,1,1.95229561821431,61.7999992370605,1,26.7243003845215,36.810001373291,0.160600006580353,"3",0.0737199038267136,0.000584999972488731,"3",186.351699829102,-65.0226,18.1487,31.8054420927255,50,50,50,50,50,50,0.1387,10056,1,18,-65,0.0073,47,2026-05-30 07:58:24.000835,61.7999992370605,1.0815,0,"aoml_apex",1024.43501964591
"1902800",2,0.1387,2,0.1606,1,0.1387,1,0.000584999972488731,3,201.053978851318,1,1.95221623264956,66.5599975585938,1,26.710599899292,36.8324012756348,0.160600006580353,"3",0.0737199038267136,0.000584999972488731,"3",185.902893066406,-65.0226,18.1487,31.8054420927255,50,50,50,50,50,50,0.1387,10056,1,18,-65,0.0073,47,2026-05-30 07:58:24.000835,66.5599975585938,1.0815,0,"aoml_apex",1024.47667760942
"1902800",2,0.1533,2,0.1752,1,0.1533,1,0.000654999981634319,3,200.769114761353,1,1.9519516672308,71.9700012207031,1,26.5566997528076,36.9206008911133,0.175200000405312,"3",0.0804217159748077,0.000654999981634319,"3",185.639495849609,-65.0226,18.1487,31.8054420927255,50,50,50,50,50,50,0.1533,10056,1,18,-65,0.0073,47,2026-05-30 07:58:24.000835,71.9700012207031,1.0815,0,"aoml_apex",1024.61553407076
"1902800",2,0.1679,2,0.1898,1,0.1679,1,0.000584000023081899,3,200.072417266846,1,1.95187726128659,76.9499969482422,1,26.5316009521484,36.9334983825684,0.18979999423027,"3",0.0871235281229019,0.000584000023081899,"3",184.995300292969,-65.0226,18.1487,31.8054420927255,50,50,50,50,50,50,0.1679,10056,1,18,-65,0.0073,47,2026-05-30 07:58:24.000835,76.9499969482422,1.0815,0,"aoml_apex",1024.65459261598
"1902800",2,0.1679,2,0.1898,1,0.1679,1,0.000607999972999096,3,199.695618415833,1,1.95178379526509,81.4499969482422,1,26.4890003204346,36.9550018310547,0.18979999423027,"3",0.0871235281229019,0.000607999972999096,"3",184.646896362305,-65.0226,18.1487,31.8054420927255,50,50,50,50,50,50,0.1679,10056,1,18,-65,0.0073,47,2026-05-30 07:58:24.000835,81.4499969482422,1.0815,0,"aoml_apex",1024.70366074966
"1902800",2,0.1971,2,0.219,1,0.1971,1,0.000584000023081899,3,199.206669387817,1,1.95167466202002,86.7600021362305,1,26.4340000152588,36.9776000976562,0.218999996781349,"3",0.10052714496851,0.000584000023081899,"3",184.194793701172,-65.0226,18.1487,31.8054420927255,50,50,50,50,50,50,0.1971,10056,1,18,-65,0.0073,47,2026-05-30 07:58:24.000835,86.7600021362305,1.0815,0,"aoml_apex",1024.76095986713
"1902800",2,0.1898,2,0.2117,1,0.1898,1,0.000630999973509461,3,198.672734870911,1,1.95157270033751,91.7399978637695,1,26.3988990783691,37.005500793457,0.21170000731945,"3",0.0971762388944626,0.000630999973509461,"3",183.701095581055,-65.0226,18.1487,31.8054420927255,50,50,50,50,50,50,0.1898,10056,1,18,-65,0.0073,47,2026-05-30 07:58:24.000835,91.7399978637695,1.0815,0,"aoml_apex",1024.81449943121
"1902800",2,0.2482,2,0.2701,1,0.2482,1,0.000595999998040497,3,195.129640800476,1,1.95144157292098,96.75,1,26.3169002532959,37.0337982177734,0.270099997520447,"3",0.123983472585678,0.000595999998040497,"3",180.425003051758,-65.0226,18.1487,31.8054420927255,50,50,50,50,50,50,0.2482,10056,1,18,-65,0.0073,47,2026-05-30 07:58:24.000835,96.75,1.0815,0,"aoml_apex",1024.88336199907
"1902800",2,0.3577,2,0.3796,1,0.3577,1,0.000607000023592263,3,192.720375778198,1,1.95119955427722,101.790000915527,1,26.1110000610352,37.0872001647949,0.379599988460541,"3",0.174247056245804,0.000607000023592263,"3",178.197296142578,-65.0226,18.1487,31.8054420927255,50,50,50,50,50,50,0.3577,10056,1,18,-65,0.0073,47,2026-05-30 07:58:24.000835,101.790000915527,1.0815,0,"aoml_apex",1025.01048425098
"1902800",2,0.219,2,0.2409,1,0.219,1,0.000478000001749024,3,186.451352508545,1,1.95060856565069,111.73999786377,1,25.5485000610352,37.2080001831055,0.240899994969368,"3",0.110579863190651,0.000478000001749024,"3",172.400695800781,-65.0226,18.1487,31.8054420927255,50,50,50,50,50,50,0.219,10056,1,18,-65,0.0073,47,2026-05-30 07:58:24.000835,111.73999786377,1.0815,0,"aoml_apex",1025.32103837698
"1902800",2,0.2117,2,0.2336,1,0.2117,1,0.000478000001749024,3,183.360869224548,1,1.950108593638,121.470001220703,1,24.9785995483398,37.2667999267578,0.233600005507469,"3",0.107228949666023,0.000478000001749024,"3",169.543106079102,-65.0226,18.1487,31.8054420927255,50,50,50,50,50,50,0.2117,10056,1,18,-65,0.0073,47,2026-05-30 07:58:24.000835,121.470001220703,1.0815,0,"aoml_apex",1025.58391185228
"1902800",2,0.1971,2,0.219,1,0.1971,1,0.000441999989561737,3,177.790490730286,1,1.94971344502804,131.949996948242,1,24.4333992004395,37.2616004943848,0.218999996781349,"3",0.10052714496851,0.000441999989561737,"3",164.392501831055,-65.0226,18.1487,31.8054420927255,50,50,50,50,50,50,0.1971,10056,1,18,-65,0.0073,47,2026-05-30 07:58:24.000835,131.949996948242,1.0815,0,"aoml_apex",1025.79176704156
"1902800",2,0.1314,2,0.1533,1,0.1314,1,0.000453999993624166,3,173.692256584167,1,1.94927543237743,141.850006103516,1,23.7371006011963,37.2327995300293,0.153300002217293,"3",0.0703689977526665,0.000453999993624166,"3",160.603103637695,-65.0226,18.1487,31.8054420927255,50,50,50,50,50,50,0.1314,10056,1,18,-65,0.0073,47,2026-05-30 07:58:24.000835,141.850006103516,1.0815,0,"aoml_apex",1026.02226795662
"1902800",2,0.1168,2,0.1387,1,0.1168,1,0.000488999998196959,3,172.029443733215,1,1.94907749097315,151.410003662109,1,23.4405002593994,37.1996002197266,0.138699993491173,"3",0.0636671930551529,0.000488999998196959,"3",159.06559753418,-65.0226,18.1487,31.8054420927255,50,50,50,50,50,50,0.1168,10056,1,18,-65,0.0073,47,2026-05-30 07:58:24.000835,151.410003662109,1.0815,0,"aoml_apex",1026.12646714289
"1902800",2,0.0876,2,0.1095,1,0.0876,1,0.000407000014092773,3,170.267897140503,1,1.94872735436805,161.839996337891,1,22.8129997253418,37.1403007507324,0.109499998390675,"3",0.0502635724842548,0.000407000014092773,"3",157.436798095703,-65.0226,18.1487,31.8054420927255,50,50,50,50,50,50,0.0876,10056,1,18,-65,0.0073,47,2026-05-30 07:58:24.000835,161.839996337891,1.0815,0,"aoml_apex",1026.31083589863
"1902800",2,0.0657,2,0.0876,1,0.0657,1,0.000348000001395121,3,168.625200691223,1,1.94844126314234,171.839996337891,1,22.2134990692139,37.0536994934082,0.0876000002026558,"3",0.0402108579874039,0.000348000001395121,"3",155.917892456055,-65.0226,18.1487,31.8054420927255,50,50,50,50,50,50,0.0657,10056,1,18,-65,0.0073,47,2026-05-30 07:58:24.000835,171.839996337891,1.0815,0,"aoml_apex",1026.46152995883
"1902800",2,0.0365,2,0.0584,1,0.0365,1,0.000323999993270263,3,168.208499084473,1,1.94795121647266,181.350006103516,1,21.1352996826172,36.9388008117676,0.0584000013768673,"3",0.0268072374165058,0.000323999993270263,"3",155.532592773438,-65.0226,18.1487,31.8054420927255,50,50,50,50,50,50,0.0365,10056,1,18,-65,0.0073,47,2026-05-30 07:58:24.000835,181.350006103516,1.0815,0,"aoml_apex",1026.71975719268
"1902800",2,0.0146,2,0.0365,1,0.0146,1,0.000323999993270263,3,170.108269615173,1,1.94762032294696,191.419998168945,1,20.367000579834,36.8331985473633,0.0364999994635582,"3",0.0167545229196548,0.000323999993270263,"3",157.289199829102,-65.0226,18.1487,31.8054420927255,50,50,50,50,50,50,0.0146,10056,1,18,-65,0.0073,47,2026-05-30 07:58:24.000835,191.419998168945,1.0815,0,"aoml_apex",1026.89419310114
"1902800",2,0.0073,2,0.0292,1,0.0073,1,0.000311999989207834,3,171.331657081604,1,1.94732409410978,201.100006103516,1,19.7019996643066,36.7482986450195,0.0292000006884336,"3",0.0134036187082529,0.000311999989207834,"3",158.420394897461,-65.0226,18.1487,31.8054420927255,50,50,50,50,50,50,0.0073,10056,1,18,-65,0.0073,47,2026-05-30 07:58:24.000835,201.100006103516,1.0815,0,"aoml_apex",1027.05040524561
"1902800",2,0,2,0.0219,1,0,1,0.000288999988697469,3,172.926447120666,1,1.94715583133381,210.410003662109,1,19.3477001190186,36.6885986328125,0.0219000000506639,"3",0.010052714496851,0.000288999988697469,"3",159.895004272461,-65.0226,18.1487,31.8054420927255,50,50,50,50,50,50,0,10056,1,18,-65,0.0073,47,2026-05-30 07:58:24.000835,210.410003662109,1.0815,0,"aoml_apex",1027.13915743969
"1902800",2,0.0073,2,0.0292,1,0.0073,1,0.000277000013738871,3,178.654175811768,1,1.94695507801404,221.020004272461,1,18.9773006439209,36.6398010253906,0.0292000006884336,"3",0.0134036187082529,0.000277000013738871,"3",165.191101074219,-65.0226,18.1487,31.8054420927255,50,50,50,50,50,50,0.0073,10056,1,18,-65,0.0073,47,2026-05-30 07:58:24.000835,221.020004272461,1.0815,0,"aoml_apex",1027.24506722573
"1902800",2,0,2,0.0219,1,0,1,0.000265000009676442,3,179.333677825928,1,1.94681975050977,231.149993896484,1,18.8048000335693,36.6169013977051,0.0219000000506639,"3",0.010052714496851,0.000265000009676442,"3",165.819396972656,-65.0226,18.1487,31.8054420927255,50,50,50,50,50,50,0,10056,1,18,-65,0.0073,47,2026-05-30 07:58:24.000835,231.149993896484,1.0815,0,"aoml_apex",1027.31647317442
"1902800",2,0.0146,2,0.0365,1,0.0146,1,0.000265000009676442,3,179.967121696472,1,1.94671197928534,241.380004882812,1,18.701000213623,36.597900390625,0.0364999994635582,"3",0.0167545229196548,0.000265000009676442,"3",166.40510559082,-65.0226,18.1487,31.8054420927255,50,50,50,50,50,50,0.0146,10056,1,18,-65,0.0073,47,2026-05-30 07:58:24.000835,241.380004882812,1.0815,0,"aoml_apex",1027.37334607363
"1902800",2,0.0146,2,0.0365,1,0.0146,1,0.000277000013738871,3,179.381056159973,1,1.94658092230738,251.639999389648,1,18.5312004089355,36.5727005004883,0.0364999994635582,"3",0.0167545229196548,0.000277000013738871,"3",165.863204956055,-65.0226,18.1487,31.8054420927255,50,50,50,50,50,50,0.0146,10056,1,18,-65,0.0073,47,2026-05-30 07:58:24.000835,251.639999389648,1.0815,0,"aoml_apex",1027.44251578779
"1902800",2,0.0073,2,0.0292,1,0.0073,1,0.000300000014249235,3,176.63403691864,1,1.94648026961469,261.679992675781,1,18.452299118042,36.5584983825684,0.0292000006884336,"3",0.0134036187082529,0.000300000014249235,"3",163.323196411133,-65.0226,18.1487,31.8054420927255,50,50,50,50,50,50,0.0073,10056,1,18,-65,0.0073,47,2026-05-30 07:58:24.000835,261.679992675781,1.0815,0,"aoml_apex",1027.49564494476
"1902800",2,0,2,0.0219,1,0,1,0.000300000014249235,3,173.933108825684,1,1.94632973782187,271.630004882812,1,18.1513996124268,36.505298614502,0.0219000000506639,"3",0.010052714496851,0.000300000014249235,"3",160.825805664062,-65.0226,18.1487,31.8054420927255,50,50,50,50,50,50,0,10056,1,18,-65,0.0073,47,2026-05-30 07:58:24.000835,271.630004882812,1.0815,0,"aoml_apex",1027.57511285739
"1902800",2,0,2,0.0219,1,0,1,0.000323999993270263,3,174.703885505676,1,1.94621010274835,281.679992675781,1,18.0170993804932,36.4860992431641,0.0219000000506639,"3",0.010052714496851,0.000323999993270263,"3",161.538497924805,-65.0226,18.1487,31.8054420927255,50,50,50,50,50,50,0,10056,1,18,-65,0.0073,47,2026-05-30 07:58:24.000835,281.679992675781,1.0815,0,"aoml_apex",1027.63827871189
"1902800",2,0,2,0.0219,1,0,1,0.000288000010186806,3,173.737027542114,1,1.9461124457238,291.320007324219,1,17.9206008911133,36.4667015075684,0.0219000000506639,"3",0.010052714496851,0.000288000010186806,"3",160.644500732422,-65.0226,18.1487,31.8054420927255,50,50,50,50,50,50,0,10056,1,18,-65,0.0073,47,2026-05-30 07:58:24.000835,291.320007324219,1.0815,0,"aoml_apex",1027.68984618263
"1902800",2,0,2,0.0292,1,0.0073,1,0.000311999989207834,3,171.649195884705,1,1.94595996214449,301.269989013672,1,17.638599395752,36.4226989746094,0.0292000006884336,"3",0.0134036187082529,0.000311999989207834,"3",158.714004516602,-65.0226,18.1487,31.8054420927255,50,50,50,50,50,50,0,10056,1,18,-65,0.0073,47,2026-05-30 07:58:24.000835,301.269989013672,1.0815,0,"aoml_apex",1027.77037498549
"1902800",2,0,2,0.0365,1,0.0146,1,0.000288000010186806,3,167.710044685364,1,1.945823452614,311.149993896484,1,17.3901996612549,36.3797988891602,0.0364999994635582,"3",0.0167545229196548,0.000288000010186806,"3",155.071701049805,-65.0226,18.1487,31.8054420927255,50,50,50,50,50,50,0,10056,1,18,-65,0.0073,47,2026-05-30 07:58:24.000835,311.149993896484,1.0815,0,"aoml_apex",1027.84247836731
"1902800",2,0,2,0.0219,1,0,1,0.000288000010186806,3,165.47349357605,1,1.94567642520315,321.089996337891,1,17.0797996520996,36.3246002197266,0.0219000000506639,"3",0.010052714496851,0.000288000010186806,"3",153.003692626953,-65.0226,18.1487,31.8054420927255,50,50,50,50,50,50,0,10056,1,18,-65,0.0073,47,2026-05-30 07:58:24.000835,321.089996337891,1.0815,0,"aoml_apex",1027.92014853712
"1902800",2,0,2,0.0365,1,0.0146,1,0.000288000010186806,3,161.102838134766,1,1.94550364623557,331.450012207031,1,16.6741008758545,36.2556991577148,0.0364999994635582,"3",0.0167545229196548,0.000288000010186806,"3",148.96240234375,-65.0226,18.1487,31.8054420927255,50,50,50,50,50,50,0,10056,1,18,-65,0.0073,47,2026-05-30 07:58:24.000835,331.450012207031,1.0815,0,"aoml_apex",1028.01143748554
"1902800",2,0,2,0.0292,1,0.0073,1,0.000264000002061948,3,158.94891444397,1,1.94533470400564,341.459991455078,1,16.2707004547119,36.1887016296387,0.0292000006884336,"3",0.0134036187082529,0.000264000002061948,"3",146.970794677734,-65.0226,18.1487,31.8054420927255,50,50,50,50,50,50,0,10056,1,18,-65,0.0073,47,2026-05-30 07:58:24.000835,341.459991455078,1.0815,0,"aoml_apex",1028.10071494731
"1902800",2,0,2,0.0292,1,0.0073,1,0.000264000002061948,3,154.983705986023,1,1.94522284080976,351.709991455078,1,16.1023998260498,36.155101776123,0.0292000006884336,"3",0.0134036187082529,0.000264000002061948,"3",143.304397583008,-65.0226,18.1487,31.8054420927255,50,50,50,50,50,50,0,10056,1,18,-65,0.0073,47,2026-05-30 07:58:24.000835,351.709991455078,1.0815,0,"aoml_apex",1028.15983754716
"1902800",2,0,2,0.0219,1,0,1,0.000357999990228564,3,151.930633598328,1,1.94503848680457,361.730010986328,1,15.6155996322632,36.0759010314941,0.0219000000506639,"3",0.010052714496851,0.000357999990228564,"3",140.481399536133,-65.0226,18.1487,31.8054420927255,50,50,50,50,50,50,0,10056,1,18,-65,0.0073,47,2026-05-30 07:58:24.000835,361.730010986328,1.0815,0,"aoml_apex",1028.25728825845
"1902800",2,0,2,0.0292,1,0.0073,1,0.000392999994801357,3,145.752670463562,1,1.94477837736936,381.160003662109,1,15.0796003341675,35.9831008911133,0.0292000006884336,"3",0.0134036187082529,0.000392999994801357,"3",134.768997192383,-65.0226,18.1487,31.8054420927255,50,50,50,50,50,50,0,10056,1,18,-65,0.0073,47,2026-05-30 07:58:24.000835,381.160003662109,1.0815,0,"aoml_apex",1028.39481520015
"1902800",2,0,2,0.0292,1,0.0073,1,0.000287000002572313,3,143.767252578735,1,1.94451990872748,401.459991455078,1,14.6183004379272,35.9090995788574,0.0292000006884336,"3",0.0134036187082529,0.000287000002572313,"3",132.933197021484,-65.0226,18.1487,31.8054420927255,50,50,50,50,50,50,0,10056,1,18,-65,0.0073,47,2026-05-30 07:58:24.000835,401.459991455078,1.0815,0,"aoml_apex",1028.531511055
"1902800",2,0,2,0.0365,1,0.0146,1,0.000322000007145107,3,135.60820343399,4,1.94392656672106,451.570007324219,1,13.6141004562378,35.7431983947754,0.0364999994635582,"3",0.0167545229196548,0.000322000007145107,"3",125.388999938965,-65.0226,18.1487,31.8054420927255,50,50,50,50,50,50,0,10056,1,18,-65,0.0073,47,2026-05-30 07:58:24.000835,451.570007324219,1.0815,0,"aoml_apex",1028.84544829979
"1902800",3,0.0584,5,0.073,1,0.0511,1,0.000668999971821904,3,198.533652809143,1,1.95465082375348,7.67999982833862,1,27.9892997741699,36.0231018066406,0.0729999989271164,"3",0.130685284733772,0.000668999971821904,"3",183.572494506836,-65.0256,18.156,11.927614547674,50,50,50,50,50,50,0.0584,10056,1,18,-65,0.0073,47,2026-05-30 20:30:07.00219,7.67999982833862,1.0815,0,"aoml_apex",1023.20065338291
"1902800",3,0.0584,5,0.0803,1,0.0584,1,0.000857000006362796,3,198.655753921509,1,1.95456194186386,11.3599996566772,1,27.8924007415771,36.021800994873,0.0803000032901764,"3",0.130685284733772,0.000857000006362796,"3",183.685394287109,-65.0256,18.156,11.927614547674,50,50,50,50,50,50,0.0584,10056,1,18,-65,0.0073,47,2026-05-30 20:30:07.00219,11.3599996566772,1.0815,0,"aoml_apex",1023.24718248264
"1902800",3,0.0584,2,0.0803,1,0.0584,1,0.00076299998909235,3,198.813120620728,1,1.95445577908261,16.7299995422363,1,27.7978000640869,36.023998260498,0.0803000032901764,"3",0.130685284733772,0.00076299998909235,"3",183.830902099609,-65.0256,18.156,11.927614547674,50,50,50,50,50,50,0.0584,10056,1,18,-65,0.0073,47,2026-05-30 20:30:07.00219,16.7299995422363,1.0815,0,"aoml_apex",1023.30276356458
"1902800",3,0.0949,2,0.1168,1,0.0949,1,0.000951000023633242,3,198.847511581421,1,1.95440659934091,21.2399997711182,1,27.7896003723145,36.0289993286133,0.116800002753735,"3",0.130685284733772,0.000951000023633242,"3",183.862701416016,-65.0256,18.156,11.927614547674,50,50,50,50,50,50,0.0949,10056,1,18,-65,0.0073,47,2026-05-30 20:30:07.00219,21.2399997711182,1.0815,0,"aoml_apex",1023.32851346002
"1902800",3,0.073,2,0.0949,1,0.073,1,0.000857000006362796,3,198.762293289185,1,1.95434989999905,26.4599990844727,1,27.781400680542,36.0351982116699,0.0948999971151352,"3",0.130685284733772,0.000857000006362796,"3",183.783905029297,-65.0256,18.156,11.927614547674,50,50,50,50,50,50,0.073,10056,1,18,-65,0.0073,47,2026-05-30 20:30:07.00219,26.4599990844727,1.0815,0,"aoml_apex",1023.35820213206
"1902800",3,0.1022,2,0.1241,1,0.1022,1,0.000656999996863306,3,198.928521766663,1,1.95427695765004,31.5699996948242,1,27.7569999694824,36.0462989807129,0.124099999666214,"3",0.130685284733772,0.000656999996863306,"3",183.937606811523,-65.0256,18.156,11.927614547674,50,50,50,50,50,50,0.1022,10056,1,18,-65,0.0073,47,2026-05-30 20:30:07.00219,31.5699996948242,1.0815,0,"aoml_apex",1023.39639843318
"1902800",3,0.0949,2,0.1168,1,0.0949,1,0.00067999999737367,3,198.776138786316,1,1.95421630137056,36.6800003051758,1,27.7402992248535,36.0522003173828,0.116800002753735,"3",0.130685284733772,0.00067999999737367,"3",183.79670715332,-65.0256,18.156,11.927614547674,50,50,50,50,50,50,0.0949,10056,1,18,-65,0.0073,47,2026-05-30 20:30:07.00219,36.6800003051758,1.0815,0,"aoml_apex",1023.42816329867
"1902800",3,0.1168,2,0.1387,1,0.1168,1,0.000751000014133751,3,198.309566986084,1,1.95414950443811,41.7299995422363,1,27.7353000640869,36.067798614502,0.138699993491173,"3",0.130685284733772,0.000751000014133751,"3",183.365295410156,-65.0256,18.156,11.927614547674,50,50,50,50,50,50,0.1168,10056,1,18,-65,0.0073,47,2026-05-30 20:30:07.00219,41.7299995422363,1.0815,0,"aoml_apex",1023.4631462218
"1902800",3,0.1898,2,0.2117,1,0.1898,1,0.000950000016018748,3,196.892260047913,1,1.95380348802745,46.6699981689453,1,27.6431999206543,36.2406005859375,0.21170000731945,"3",0.130685284733772,0.000950000016018748,"3",182.054794311523,-65.0256,18.156,11.927614547674,50,50,50,50,50,50,0.1898,10056,1,18,-65,0.0073,47,2026-05-30 20:30:07.00219,46.6699981689453,1.0815,0,"aoml_apex",1023.64440039934
"1902800",3,0.1241,2,0.146,1,0.1241,1,0.000644000014290214,3,201.518817901611,1,1.95310987317878,52.0099983215332,1,27.2956008911133,36.5429992675781,0.145999997854233,"3",0.130685284733772,0.000644000014290214,"3",186.332702636719,-65.0256,18.156,11.927614547674,50,50,50,50,50,50,0.1241,10056,1,18,-65,0.0073,47,2026-05-30 20:30:07.00219,52.0099983215332,1.0815,0,"aoml_apex",1024.00793087227
"1902800",3,0.1095,2,0.1314,1,0.1095,1,0.000572999997530133,3,202.16176714325,1,1.95253150249333,56.8600006103516,1,26.8889007568359,36.7439002990723,0.131400004029274,"3",0.130685284733772,0.000572999997530133,"3",186.927200317383,-65.0256,18.156,11.927614547674,50,50,50,50,50,50,0.1095,10056,1,18,-65,0.0073,47,2026-05-30 20:30:07.00219,56.8600006103516,1.0815,0,"aoml_apex",1024.31125820303
"1902800",3,0.1168,2,0.1387,1,0.1168,1,0.000561000022571534,3,201.966015907288,1,1.95242443661268,61.7400016784668,1,26.8449993133545,36.7719993591309,0.138699993491173,"3",0.130685284733772,0.000561000022571534,"3",186.746200561523,-65.0256,18.156,11.927614547674,50,50,50,50,50,50,0.1168,10056,1,18,-65,0.0073,47,2026-05-30 20:30:07.00219,61.7400016784668,1.0815,0,"aoml_apex",1024.36742876967
"1902800",3,0.1387,2,0.1606,1,0.1387,1,0.000584999972488731,3,201.584678901672,1,1.95221453012282,66.629997253418,1,26.7110996246338,36.8334007263184,0.160600006580353,"3",0.130685284733772,0.000584999972488731,"3",186.393600463867,-65.0256,18.156,11.927614547674,50,50,50,50,50,50,0.1387,10056,1,18,-65,0.0073,47,2026-05-30 20:30:07.00219,66.629997253418,1.0815,0,"aoml_apex",1024.47757105576
"1902800",3,0.1533,2,0.1752,1,0.1533,1,0.000561000022571534,3,201.453270446777,1,1.95199976163133,71.7399978637695,1,26.5974998474121,36.9057006835938,0.175200000405312,"3",0.130685284733772,0.000561000022571534,"3",186.272094726562,-65.0256,18.156,11.927614547674,50,50,50,50,50,50,0.1533,10056,1,18,-65,0.0073,47,2026-05-30 20:30:07.00219,71.7399978637695,1.0815,0,"aoml_apex",1024.59028905237
"1902800",3,0.146,2,0.1679,1,0.146,1,0.000572999997530133,3,201.060150741577,1,1.95194689587265,76.5899963378906,1,26.5872001647949,36.9105987548828,0.167899996042252,"3",0.130685284733772,0.000572999997530133,"3",185.908599853516,-65.0256,18.156,11.927614547674,50,50,50,50,50,50,0.146,10056,1,18,-65,0.0073,47,2026-05-30 20:30:07.00219,76.5899963378906,1.0815,0,"aoml_apex",1024.61803865103
"1902800",3,0.1825,2,0.2044,1,0.1825,1,0.000561000022571534,3,200.497122528076,1,1.95184866454358,81.5100021362305,1,26.5415000915527,36.9317016601562,0.20440000295639,"3",0.130685284733772,0.000561000022571534,"3",185.388000488281,-65.0256,18.156,11.927614547674,50,50,50,50,50,50,0.1825,10056,1,18,-65,0.0073,47,2026-05-30 20:30:07.00219,81.5100021362305,1.0815,0,"aoml_apex",1024.66960493973
"1902800",3,0.2044,2,0.2263,1,0.2044,1,0.000548999989405274,3,199.744729499817,1,1.9517231661349,86.6900024414062,1,26.4775009155273,36.9626007080078,0.226300001144409,"3",0.130685284733772,0.000548999989405274,"3",184.692306518555,-65.0256,18.156,11.927614547674,50,50,50,50,50,50,0.2044,10056,1,18,-65,0.0073,47,2026-05-30 20:30:07.00219,86.6900024414062,1.0815,0,"aoml_apex",1024.73549256512
"1902800",3,0.2263,2,0.2482,1,0.2263,1,0.000584000023081899,3,199.280864089966,1,1.95161058670188,91.75,1,26.4202995300293,36.9880981445312,0.248199999332428,"3",0.130685284733772,0.000584000023081899,"3",184.263397216797,-65.0256,18.156,11.927614547674,50,50,50,50,50,50,0.2263,10056,1,18,-65,0.0073,47,2026-05-30 20:30:07.00219,91.75,1.0815,0,"aoml_apex",1024.79460483963
"1902800",3,0.2555,2,0.2774,1,0.2555,1,0.000595999998040497,3,198.595404716492,1,1.9515196784119,96.8300018310547,1,26.3838996887207,37.0071983337402,0.277399986982346,"3",0.130685284733772,0.000595999998040497,"3",183.629592895508,-65.0256,18.156,11.927614547674,50,50,50,50,50,50,0.2555,10056,1,18,-65,0.0073,47,2026-05-30 20:30:07.00219,96.8300018310547,1.0815,0,"aoml_apex",1024.84234318742
"1902800",3,0.292,2,0.3139,1,0.292,1,0.000561000022571534,3,196.901138328552,1,1.95145455849883,101.800003051758,1,26.3612995147705,37.0148010253906,0.313899993896484,"3",0.130685284733772,0.000561000022571534,"3",182.063003540039,-65.0256,18.156,11.927614547674,50,50,50,50,50,50,0.292,10056,1,18,-65,0.0073,47,2026-05-30 20:30:07.00219,101.800003051758,1.0815,0,"aoml_apex",1024.87654211047
"1902800",3,0.3358,2,0.3577,1,0.3358,1,0.000560000014957041,3,193.040835502625,1,1.95105928768708,111.75,1,26.0755996704102,37.1134986877441,0.357699990272522,"3",0.130685284733772,0.000560000014957041,"3",178.493606567383,-65.0256,18.156,11.927614547674,50,50,50,50,50,50,0.3358,10056,1,18,-65,0.0073,47,2026-05-30 20:30:07.00219,111.75,1.0815,0,"aoml_apex",1025.08417484891
"1902800",3,0.2628,2,0.2847,1,0.2628,1,0.000524999981280416,3,188.618461601257,1,1.95048737677249,121.610000610352,1,25.4195003509521,37.1831016540527,0.284700006246567,"3",0.130685284733772,0.000524999981280416,"3",174.404495239258,-65.0256,18.156,11.927614547674,50,50,50,50,50,50,0.2628,10056,1,18,-65,0.0073,47,2026-05-30 20:30:07.00219,121.610000610352,1.0815,0,"aoml_apex",1025.38474425271
"1902800",3,0.2409,2,0.2628,1,0.2409,1,0.000465999997686595,3,184.290514320374,1,1.950037699445,131.460006713867,1,24.9853992462158,37.2621994018555,0.262800008058548,"3",0.120632573962212,0.000465999997686595,"3",170.402694702148,-65.0256,18.156,11.927614547674,50,50,50,50,50,50,0.2409,10056,1,18,-65,0.0073,47,2026-05-30 20:30:07.00219,131.460006713867,1.0815,0,"aoml_apex",1025.62119725645
"1902800",3,0.1898,2,0.2117,1,0.1898,1,0.000488999998196959,3,179.053780952454,1,1.94969536955281,141.380004882812,1,24.5748996734619,37.2775993347168,0.21170000731945,"3",0.0971762388944626,0.000488999998196959,"3",165.560592651367,-65.0256,18.156,11.927614547674,50,50,50,50,50,50,0.1898,10056,1,18,-65,0.0073,47,2026-05-30 20:30:07.00219,141.380004882812,1.0815,0,"aoml_apex",1025.80127707783
"1902800",3,0.1606,2,0.1825,1,0.1606,1,0.000560000014957041,3,175.109563522339,1,1.94928417802132,151.699996948242,1,23.8675003051758,37.2223014831543,0.182500004768372,"3",0.0837726220488548,0.000560000014957041,"3",161.913604736328,-65.0256,18.156,11.927614547674,50,50,50,50,50,50,0.1606,10056,1,18,-65,0.0073,47,2026-05-30 20:30:07.00219,151.699996948242,1.0815,0,"aoml_apex",1026.01766461274
"1902800",3,0.1241,2,0.146,1,0.1241,1,0.00047699999413453,3,173.070496398926,1,1.94908047463631,161.600006103516,1,23.6124992370605,37.2070999145508,0.145999997854233,"3",0.0670180916786194,0.00047699999413453,"3",160.028198242188,-65.0256,18.156,11.927614547674,50,50,50,50,50,50,0.1241,10056,1,18,-65,0.0073,47,2026-05-30 20:30:07.00219,161.600006103516,1.0815,0,"aoml_apex",1026.12489634282
"1902800",3,0.1241,2,0.146,1,0.1241,1,0.000407000014092773,3,171.487835609436,1,1.94888759620549,171.649993896484,1,23.3824005126953,37.1939010620117,0.145999997854233,"3",0.0670180916786194,0.000407000014092773,"3",158.564804077148,-65.0256,18.156,11.927614547674,50,50,50,50,50,50,0.1241,10056,1,18,-65,0.0073,47,2026-05-30 20:30:07.00219,171.649993896484,1.0815,0,"aoml_apex",1026.22645035764
"1902800",3,0.0803,2,0.1022,1,0.0803,1,0.000372000009519979,3,168.790686561584,1,1.94843728755407,181.279998779297,1,22.4603996276855,37.0964012145996,0.102200001478195,"3",0.0469126664102077,0.000372000009519979,"3",156.070907592773,-65.0256,18.156,11.927614547674,50,50,50,50,50,50,0.0803,10056,1,18,-65,0.0073,47,2026-05-30 20:30:07.00219,181.279998779297,1.0815,0,"aoml_apex",1026.46362434926
"1902800",3,0.0365,2,0.0584,1,0.0365,1,0.000348000001395121,3,167.866206710815,1,1.94795833530574,191.580001831055,1,21.3749008178711,36.9636001586914,0.0584000013768673,"3",0.0268072374165058,0.000348000001395121,"3",155.216094970703,-65.0256,18.156,11.927614547674,50,50,50,50,50,50,0.0365,10056,1,18,-65,0.0073,47,2026-05-30 20:30:07.00219,191.580001831055,1.0815,0,"aoml_apex",1026.71600503513
"1902800",3,0.0292,2,0.0511,1,0.0292,1,0.000335999997332692,3,169.411242073059,1,1.94762679652439,201.820007324219,1,20.6544990539551,36.8726005554199,0.0511000007390976,"3",0.0234563332051039,0.000335999997332692,"3",156.64469909668,-65.0256,18.156,11.927614547674,50,50,50,50,50,50,0.0292,10056,1,18,-65,0.0073,47,2026-05-30 20:30:07.00219,201.820007324219,1.0815,0,"aoml_apex",1026.89077988097
"1902800",3,0.0146,2,0.0365,1,0.0146,1,0.000358999997843057,3,171.097405792236,1,1.94740151464925,211.339996337891,1,20.1963005065918,36.8105010986328,0.0364999994635582,"3",0.0167545229196548,0.000358999997843057,"3",158.203796386719,-65.0256,18.156,11.927614547674,50,50,50,50,50,50,0.0146,10056,1,18,-65,0.0073,47,2026-05-30 20:30:07.00219,211.339996337891,1.0815,0,"aoml_apex",1027.00957401701
"1902800",3,0.0073,2,0.0292,1,0.0073,1,0.000311999989207834,3,172.687426643372,1,1.947178801069,220.880004882812,1,19.7219009399414,36.7430992126465,0.0292000006884336,"3",0.0134036187082529,0.000311999989207834,"3",159.67399597168,-65.0256,18.156,11.927614547674,50,50,50,50,50,50,0.0073,10056,1,18,-65,0.0073,47,2026-05-30 20:30:07.00219,220.880004882812,1.0815,0,"aoml_apex",1027.12704087678
"1902800",3,0.0073,2,0.0292,1,0.0073,1,0.000311999989207834,3,173.373001533508,1,1.94694911657323,231.419998168945,1,19.2513999938965,36.6786003112793,0.0292000006884336,"3",0.0134036187082529,0.000311999989207834,"3",160.307907104492,-65.0256,18.156,11.927614547674,50,50,50,50,50,50,0.0073,10056,1,18,-65,0.0073,47,2026-05-30 20:30:07.00219,231.419998168945,1.0815,0,"aoml_apex",1027.24821258819
"1902800",3,0.0073,2,0.0292,1,0.0073,1,0.000288999988697469,3,177.304578140259,1,1.94682198586456,241.309997558594,1,19.1081008911133,36.6609001159668,0.0292000006884336,"3",0.0134036187082529,0.000288999988697469,"3",163.943206787109,-65.0256,18.156,11.927614547674,50,50,50,50,50,50,0.0073,10056,1,18,-65,0.0073,47,2026-05-30 20:30:07.00219,241.309997558594,1.0815,0,"aoml_apex",1027.31529360237
"1902800",3,0,2,0.0219,1,0,1,0.000300000014249235,3,178.667476730347,1,1.94668658444124,250.580001831055,1,18.8966007232666,36.6293983459473,0.0219000000506639,"3",0.010052714496851,0.000300000014249235,"3",165.203399658203,-65.0256,18.156,11.927614547674,50,50,50,50,50,50,0,10056,1,18,-65,0.0073,47,2026-05-30 20:30:07.00219,250.580001831055,1.0815,0,"aoml_apex",1027.38674832655
"1902800",3,0,2,0.0292,1,0.0073,1,0.000394000002415851,3,179.833336898804,1,1.94654259708816,261.350006103516,1,18.7021007537842,36.6015014648438,0.0292000006884336,"3",0.0134036187082529,0.000394000002415851,"3",166.281402587891,-65.0256,18.156,11.927614547674,50,50,50,50,50,50,0,10056,1,18,-65,0.0073,47,2026-05-30 20:30:07.00219,261.350006103516,1.0815,0,"aoml_apex",1027.46274496731
"1902800",3,0,2,0.0219,1,0,1,0.000311999989207834,3,179.920617988586,1,1.94643385861039,271.140014648438,1,18.5865001678467,36.5817985534668,0.0219000000506639,"3",0.010052714496851,0.000311999989207834,"3",166.362106323242,-65.0256,18.156,11.927614547674,50,50,50,50,50,50,0,10056,1,18,-65,0.0073,47,2026-05-30 20:30:07.00219,271.140014648438,1.0815,0,"aoml_apex",1027.52014467517
"1902800",3,0,2,0.0219,1,0,1,0.000288000010186806,3,178.81347328949,1,1.94631959631557,281.730010986328,1,18.4759998321533,36.5632019042969,0.0219000000506639,"3",0.010052714496851,0.000288000010186806,"3",165.338394165039,-65.0256,18.156,11.927614547674,50,50,50,50,50,50,0,10056,1,18,-65,0.0073,47,2026-05-30 20:30:07.00219,281.730010986328,1.0815,0,"aoml_apex",1027.58046714735
"1902800",3,0,2,0.0219,1,0,1,0.000311999989207834,3,176.075447845459,1,1.94618666161934,291.589996337891,1,18.252799987793,36.5241012573242,0.0219000000506639,"3",0.010052714496851,0.000311999989207834,"3",162.806701660156,-65.0256,18.156,11.927614547674,50,50,50,50,50,50,0,10056,1,18,-65,0.0073,47,2026-05-30 20:30:07.00219,291.589996337891,1.0815,0,"aoml_apex",1027.65065625097
"1902800",3,0,2,0.0219,1,0,1,0.000300000014249235,3,176.038779556274,1,1.94604213873171,301.149993896484,1,17.9759998321533,36.4775009155273,0.0219000000506639,"3",0.010052714496851,0.000300000014249235,"3",162.772796630859,-65.0256,18.156,11.927614547674,50,50,50,50,50,50,0,10056,1,18,-65,0.0073,47,2026-05-30 20:30:07.00219,301.149993896484,1.0815,0,"aoml_apex",1027.72697476297
"1902800",3,0,2,0.0292,1,0.0073,1,0.000288000010186806,3,173.654829185486,1,1.94589750828397,311.390014648438,1,17.756799697876,36.4468002319336,0.0292000006884336,"3",0.0134036187082529,0.000288000010186806,"3",160.568496704102,-65.0256,18.156,11.927614547674,50,50,50,50,50,50,0,10056,1,18,-65,0.0073,47,2026-05-30 20:30:07.00219,311.390014648438,1.0815,0,"aoml_apex",1027.80336142356
"1902800",3,0,2,0.0292,1,0.0073,1,0.000300000014249235,3,170.395955612183,1,1.94577117585476,321.059997558594,1,17.540599822998,36.4081993103027,0.0292000006884336,"3",0.0134036187082529,0.000300000014249235,"3",157.555206298828,-65.0256,18.156,11.927614547674,50,50,50,50,50,50,0,10056,1,18,-65,0.0073,47,2026-05-30 20:30:07.00219,321.059997558594,1.0815,0,"aoml_apex",1027.87009326593
"1902800",3,0,2,0.0292,1,0.0073,1,0.000311999989207834,3,165.852998817444,1,1.9456168189264,331.850006103516,1,17.2045993804932,36.3443984985352,0.0292000006884336,"3",0.0134036187082529,0.000311999989207834,"3",153.354598999023,-65.0256,18.156,11.927614547674,50,50,50,50,50,50,0,10056,1,18,-65,0.0073,47,2026-05-30 20:30:07.00219,331.850006103516,1.0815,0,"aoml_apex",1027.95164008893
"1902800",3,0,2,0.0292,1,0.0073,1,0.000288000010186806,3,163.157467002869,1,1.94546924705808,341.850006103516,1,16.9146003723145,36.2962989807129,0.0292000006884336,"3",0.0134036187082529,0.000288000010186806,"3",150.862197875977,-65.0256,18.156,11.927614547674,50,50,50,50,50,50,0,10056,1,18,-65,0.0073,47,2026-05-30 20:30:07.00219,341.850006103516,1.0815,0,"aoml_apex",1028.02961446159
"1902800",3,0,2,0.0292,1,0.0073,1,0.000276000006124377,3,159.624538398743,1,1.94528225656522,351.880004882812,1,16.4270992279053,36.2140998840332,0.0292000006884336,"3",0.0134036187082529,0.000276000006124377,"3",147.595504760742,-65.0256,18.156,11.927614547674,50,50,50,50,50,50,0,10056,1,18,-65,0.0073,47,2026-05-30 20:30:07.00219,351.880004882812,1.0815,0,"aoml_apex",1028.12843393297
"1902800",3,0,2,0.0365,1,0.0146,1,0.000288000010186806,3,156.290810028076,1,1.945173925413,361.149993896484,1,16.2509002685547,36.1809005737305,0.0364999994635582,"3",0.0167545229196548,0.000288000010186806,"3",144.513000488281,-65.0256,18.156,11.927614547674,50,50,50,50,50,50,0,10056,1,18,-65,0.0073,47,2026-05-30 20:30:07.00219,361.149993896484,1.0815,0,"aoml_apex",1028.18569273972
"1902800",3,0,2,0.0292,1,0.0073,1,0.000299000006634742,3,149.861185592651,1,1.94485583531219,381.519989013672,1,15.4981002807617,36.0530014038086,0.0292000006884336,"3",0.0134036187082529,0.000299000006634742,"3",138.567901611328,-65.0256,18.156,11.927614547674,50,50,50,50,50,50,0,10056,1,18,-65,0.0073,47,2026-05-30 20:30:07.00219,381.519989013672,1.0815,0,"aoml_apex",1028.35385723023
"1902800",3,0,2,0.0365,1,0.0146,1,0.000287000002572313,3,145.378792533875,1,1.9446198219416,401.209991455078,1,15.0982999801636,35.9831008911133,0.0364999994635582,"3",0.0167545229196548,0.000287000002572313,"3",134.423294067383,-65.0256,18.156,11.927614547674,50,50,50,50,50,50,0,10056,1,18,-65,0.0073,47,2026-05-30 20:30:07.00219,401.209991455078,1.0815,0,"aoml_apex",1028.47866582122
"1902800",3,0,2,0.0365,1,0.0146,1,0.000297999999020249,3,132.848972431183,4,1.94385599736076,451.890014648438,1,13.2215995788574,35.6809997558594,0.0364999994635582,"3",0.0167545229196548,0.000297999999020249,"3",122.837699890137,-65.0256,18.156,11.927614547674,50,50,50,50,50,50,0,10056,1,18,-65,0.0073,47,2026-05-30 20:30:07.00219,451.890014648438,1.0815,0,"aoml_apex",1028.88279929968
"1902800",4,0.0511,2,0.073,1,0.0511,1,0.000598000013269484,3,197.455403778076,1,1.95459680561327,7.80000019073486,1,27.8579006195068,36.002799987793,0.0729999989271164,"3",0.0335090458393097,0.000598000013269484,"3",182.575500488281,-65.0385,18.151,26.5678190669815,50,50,50,50,50,50,0.0511,10056,1,18,-65,0.0073,47,2026-05-31 09:14:05.000986,7.80000019073486,1.0815,0,"aoml_apex",1023.22893102881
"1902800",4,0.0584,2,0.0803,1,0.0584,1,0.000751000014133751,3,197.483952896118,1,1.95456459628591,11.6199998855591,1,27.8575000762939,36.0032997131348,0.0803000032901764,"3",0.0368599519133568,0.000751000014133751,"3",182.601898193359,-65.0385,18.151,26.5678190669815,50,50,50,50,50,50,0.0584,10056,1,18,-65,0.0073,47,2026-05-31 09:14:05.000986,11.6199998855591,1.0815,0,"aoml_apex",1023.24579284841
"1902800",4,0.1022,2,0.1241,1,0.1022,1,0.00356100010685623,3,197.469562820435,1,1.95452407072574,16.6900005340576,1,27.8582992553711,36.0029983520508,0.124099999666214,"3",0.0569653809070587,0.00356100010685623,"3",182.588592529297,-65.0385,18.151,26.5678190669815,50,50,50,50,50,50,0.1022,10056,1,18,-65,0.0073,47,2026-05-31 09:14:05.000986,16.6900005340576,1.0815,0,"aoml_apex",1023.26700906649
"1902800",4,0.0511,2,0.073,1,0.0511,1,0.000880000006873161,3,197.411820991516,1,1.95448349517146,21.7199993133545,1,27.8600997924805,36.0033988952637,0.0729999989271164,"3",0.0335090458393097,0.000880000006873161,"3",182.535202026367,-65.0385,18.151,26.5678190669815,50,50,50,50,50,50,0.0511,10056,1,18,-65,0.0073,47,2026-05-31 09:14:05.000986,21.7199993133545,1.0815,0,"aoml_apex",1023.2882523393
"1902800",4,0.0584,2,0.0803,1,0.0584,1,0.000609999988228083,3,197.429990112305,1,1.95438754767107,26.7299995422363,1,27.841100692749,36.0334014892578,0.0803000032901764,"3",0.0368599519133568,0.000609999988228083,"3",182.552001953125,-65.0385,18.151,26.5678190669815,50,50,50,50,50,50,0.0584,10056,1,18,-65,0.0073,47,2026-05-31 09:14:05.000986,26.7299995422363,1.0815,0,"aoml_apex",1023.33848902347
"1902800",4,0.073,2,0.0949,1,0.073,1,0.000598000013269484,3,197.365201766968,1,1.95425499408183,31.9099998474121,1,27.7819995880127,36.070499420166,0.0948999971151352,"3",0.043561764061451,0.000598000013269484,"3",182.492095947266,-65.0385,18.151,26.5678190669815,50,50,50,50,50,50,0.073,10056,1,18,-65,0.0073,47,2026-05-31 09:14:05.000986,31.9099998474121,1.0815,0,"aoml_apex",1023.40790022628
"1902800",4,0.1387,2,0.1606,1,0.1387,1,0.000891999981831759,3,196.811909957886,1,1.95418596964982,36.9099998474121,1,27.7667999267578,36.0834999084473,0.160600006580353,"3",0.0737199038267136,0.000891999981831759,"3",181.980499267578,-65.0385,18.151,26.5678190669815,50,50,50,50,50,50,0.1387,10056,1,18,-65,0.0073,47,2026-05-31 09:14:05.000986,36.9099998474121,1.0815,0,"aoml_apex",1023.44404834632
"1902800",4,0.1314,2,0.1533,1,0.1314,1,0.000691999972332269,3,196.126021522522,1,1.95410471437918,41.6699981689453,1,27.7749004364014,36.1165008544922,0.153300002217293,"3",0.0703689977526665,0.000691999972332269,"3",181.346298217773,-65.0385,18.151,26.5678190669815,50,50,50,50,50,50,0.1314,10056,1,18,-65,0.0073,47,2026-05-31 09:14:05.000986,41.6699981689453,1.0815,0,"aoml_apex",1023.48660503355
"1902800",4,0.1606,2,0.1825,1,0.1606,1,0.00067999999737367,3,196.15306892395,1,1.95379203768197,46.9000015258789,1,27.6329002380371,36.2428016662598,0.182500004768372,"3",0.0837726220488548,0.00067999999737367,"3",181.371307373047,-65.0385,18.151,26.5678190669815,50,50,50,50,50,50,0.1606,10056,1,18,-65,0.0073,47,2026-05-31 09:14:05.000986,46.9000015258789,1.0815,0,"aoml_apex",1023.65039954449
"1902800",4,0.1387,2,0.1606,1,0.1387,1,0.000937999982852489,3,200.623118202209,1,1.95297069988384,51.6699981689453,1,27.1933994293213,36.597900390625,0.160600006580353,"3",0.0737199038267136,0.000937999982852489,"3",185.504501342773,-65.0385,18.151,26.5678190669815,50,50,50,50,50,50,0.1387,10056,1,18,-65,0.0073,47,2026-05-31 09:14:05.000986,51.6699981689453,1.0815,0,"aoml_apex",1024.08090409086
"1902800",4,0.0949,2,0.1168,1,0.0949,1,0.000820000015664846,3,201.216098236084,1,1.95256008653532,57,1,26.9174995422363,36.7354011535645,0.116800002753735,"3",0.0536144748330116,0.000820000015664846,"3",186.052795410156,-65.0385,18.151,26.5678190669815,50,50,50,50,50,50,0.0949,10056,1,18,-65,0.0073,47,2026-05-31 09:14:05.000986,57,1.0815,0,"aoml_apex",1024.29626304042
"1902800",4,0.1241,2,0.146,1,0.1241,1,0.000561000022571534,3,201.132711708069,1,1.95242882325151,61.6199989318848,1,26.8306007385254,36.763500213623,0.145999997854233,"3",0.0670180916786194,0.000561000022571534,"3",185.975692749023,-65.0385,18.151,26.5678190669815,50,50,50,50,50,50,0.1241,10056,1,18,-65,0.0073,47,2026-05-31 09:14:05.000986,61.6199989318848,1.0815,0,"aoml_apex",1024.36512726199
"1902800",4,0.1168,2,0.1387,1,0.1168,1,0.000620000006165355,3,201.072593536377,1,1.952242354848,66.870002746582,1,26.7325992584229,36.8218002319336,0.138699993491173,"3",0.0636671930551529,0.000620000006165355,"3",185.920104980469,-65.0385,18.151,26.5678190669815,50,50,50,50,50,50,0.1168,10056,1,18,-65,0.0073,47,2026-05-31 09:14:05.000986,66.870002746582,1.0815,0,"aoml_apex",1024.46296948399
"1902800",4,0.1241,2,0.146,1,0.1241,1,0.000620000006165355,3,201.004884269714,1,1.9520938680482,70.4300003051758,1,26.6464996337891,36.8684005737305,0.145999997854233,"3",0.0670180916786194,0.000620000006165355,"3",185.857498168945,-65.0385,18.151,26.5678190669815,50,50,50,50,50,50,0.1241,10056,1,18,-65,0.0073,47,2026-05-31 09:14:05.000986,70.4300003051758,1.0815,0,"aoml_apex",1024.54089566897
"1902800",4,0.146,2,0.1679,1,0.146,1,0.000607999972999096,3,200.837137573242,1,1.95193936662382,76.7799987792969,1,26.5820999145508,36.9126014709473,0.167899996042252,"3",0.0770708099007607,0.000607999972999096,"3",185.702392578125,-65.0385,18.151,26.5678190669815,50,50,50,50,50,50,0.146,10056,1,18,-65,0.0073,47,2026-05-31 09:14:05.000986,76.7799987792969,1.0815,0,"aoml_apex",1024.62199092757
"1902800",4,0.1533,2,0.1752,1,0.1533,1,0.000595999998040497,3,200.235081230164,1,1.95186033691823,81.5199966430664,1,26.550199508667,36.9272003173828,0.175200000405312,"3",0.0804217159748077,0.000595999998040497,"3",185.145706176758,-65.0385,18.151,26.5678190669815,50,50,50,50,50,50,0.1533,10056,1,18,-65,0.0073,47,2026-05-31 09:14:05.000986,81.5199966430664,1.0815,0,"aoml_apex",1024.66347728433
"1902800",4,0.1825,2,0.2044,1,0.1825,1,0.000584000023081899,3,199.455310752869,1,1.95175552580185,86.5800018310547,1,26.49880027771,36.9496994018555,0.20440000295639,"3",0.0938253328204155,0.000584000023081899,"3",184.424697875977,-65.0385,18.151,26.5678190669815,50,50,50,50,50,50,0.1825,10056,1,18,-65,0.0073,47,2026-05-31 09:14:05.000986,86.5800018310547,1.0815,0,"aoml_apex",1024.71850268149
"1902800",4,0.219,2,0.2409,1,0.219,1,0.00064300000667572,3,198.246412376404,1,1.9516439394105,91.5999984741211,1,26.44700050354,36.9770011901855,0.240899994969368,"3",0.110579863190651,0.00064300000667572,"3",183.306900024414,-65.0385,18.151,26.5678190669815,50,50,50,50,50,50,0.219,10056,1,18,-65,0.0073,47,2026-05-31 09:14:05.000986,91.5999984741211,1.0815,0,"aoml_apex",1024.77709156523
"1902800",4,0.2774,2,0.2993,1,0.2774,1,0.000548999989405274,3,197.190755104065,1,1.95143701946235,96.8600006103516,1,26.30419921875,37.0309982299805,0.299299985170364,"3",0.137387096881866,0.000548999989405274,"3",182.330795288086,-65.0385,18.151,26.5678190669815,50,50,50,50,50,50,0.2774,10056,1,18,-65,0.0073,47,2026-05-31 09:14:05.000986,96.8600006103516,1.0815,0,"aoml_apex",1024.88575344903
"1902800",4,0.2263,2,0.2482,1,0.2263,1,0.000571999989915639,3,196.802503601074,1,1.95125868495537,101.599998474121,1,26.2574996948242,37.1086006164551,0.248199999332428,"3",0.113930761814117,0.000571999989915639,"3",181.971801757812,-65.0385,18.151,26.5678190669815,50,50,50,50,50,50,0.2263,10056,1,18,-65,0.0073,47,2026-05-31 09:14:05.000986,101.599998474121,1.0815,0,"aoml_apex",1024.9794224725
"1902800",4,0.2263,2,0.2482,1,0.2263,1,0.000490000005811453,3,193.421941474915,1,1.95068496286858,111.849998474121,1,25.7150993347168,37.223201751709,0.248199999332428,"3",0.113930761814117,0.000490000005811453,"3",178.845993041992,-65.0385,18.151,26.5678190669815,50,50,50,50,50,50,0.2263,10056,1,18,-65,0.0073,47,2026-05-31 09:14:05.000986,111.849998474121,1.0815,0,"aoml_apex",1025.28088239267
"1902800",4,0.2555,2,0.2774,1,0.2555,1,0.000500999973155558,3,190.904008277893,1,1.95040176537009,121.919998168945,1,25.4720993041992,37.2625999450684,0.277399986982346,"3",0.127334386110306,0.000500999973155558,"3",176.517807006836,-65.0385,18.151,26.5678190669815,50,50,50,50,50,50,0.2555,10056,1,18,-65,0.0073,47,2026-05-31 09:14:05.000986,121.919998168945,1.0815,0,"aoml_apex",1025.42975273635
"1902800",4,0.2482,2,0.2701,1,0.2482,1,0.000478000001749024,3,186.702914794922,1,1.95003681466216,131.949996948242,1,25.1077995300293,37.310001373291,0.270099997520447,"3",0.123983472585678,0.000478000001749024,"3",172.63330078125,-65.0385,18.151,26.5678190669815,50,50,50,50,50,50,0.2482,10056,1,18,-65,0.0073,47,2026-05-31 09:14:05.000986,131.949996948242,1.0815,0,"aoml_apex",1025.62166260769
"1902800",4,0.1752,2,0.1971,1,0.1752,1,0.000453999993624166,3,179.367425193787,1,1.94969587094422,141.399993896484,1,24.6047992706299,37.2891998291016,0.19709999859333,"3",0.0904744267463684,0.000453999993624166,"3",165.850601196289,-65.0385,18.151,26.5678190669815,50,50,50,50,50,50,0.1752,10056,1,18,-65,0.0073,47,2026-05-31 09:14:05.000986,141.399993896484,1.0815,0,"aoml_apex",1025.80101327876
"1902800",4,0.1387,2,0.1606,1,0.1387,1,0.000453999993624166,3,175.107071662903,1,1.94937263665476,151.449996948242,1,24.0639991760254,37.2402000427246,0.160600006580353,"3",0.0737199038267136,0.000453999993624166,"3",161.91130065918,-65.0385,18.151,26.5678190669815,50,50,50,50,50,50,0.1387,10056,1,18,-65,0.0073,47,2026-05-31 09:14:05.000986,151.449996948242,1.0815,0,"aoml_apex",1025.97110598214
"1902800",4,0.1095,2,0.1314,1,0.1095,1,0.000441999989561737,3,171.763837921143,1,1.94894608670987,161.550003051758,1,23.3201007843018,37.1862983703613,0.131400004029274,"3",0.0603162869811058,0.000441999989561737,"3",158.820007324219,-65.0385,18.151,26.5678190669815,50,50,50,50,50,50,0.1095,10056,1,18,-65,0.0073,47,2026-05-31 09:14:05.000986,161.550003051758,1.0815,0,"aoml_apex",1026.19565191581
"1902800",4,0.0876,2,0.1095,1,0.0876,1,0.000418999989051372,3,169.204467247009,1,1.9486540434786,171.699996948242,1,22.8418998718262,37.1463012695312,0.109499998390675,"3",0.0502635724842548,0.000418999989051372,"3",156.453506469727,-65.0385,18.151,26.5678190669815,50,50,50,50,50,50,0.0876,10056,1,18,-65,0.0073,47,2026-05-31 09:14:05.000986,171.699996948242,1.0815,0,"aoml_apex",1026.34944704179
"1902800",4,0.0657,2,0.0876,1,0.0657,1,0.000395000010030344,3,168.740717353821,1,1.94827390959005,181.960006713867,1,22.0140991210938,37.0372009277344,0.0876000002026558,"3",0.0402108579874039,0.000395000010030344,"3",156.024703979492,-65.0385,18.151,26.5678190669815,50,50,50,50,50,50,0.0657,10056,1,18,-65,0.0073,47,2026-05-31 09:14:05.000986,181.960006713867,1.0815,0,"aoml_apex",1026.54970133067
"1902800",4,0.0292,2,0.0511,1,0.0292,1,0.000335999997332692,3,168.398523994446,1,1.9478151755872,191.610000610352,1,20.9694004058838,36.9141998291016,0.0511000007390976,"3",0.0234563332051039,0.000335999997332692,"3",155.708297729492,-65.0385,18.151,26.5678190669815,50,50,50,50,50,50,0.0292,10056,1,18,-65,0.0073,47,2026-05-31 09:14:05.000986,191.610000610352,1.0815,0,"aoml_apex",1026.79146618573
"1902800",4,0.0146,2,0.0365,1,0.0146,1,0.000348000001395121,3,170.231459884644,1,1.9475401937866,201.770004272461,1,20.3803005218506,36.8344993591309,0.0364999994635582,"3",0.0167545229196548,0.000348000001395121,"3",157.403106689453,-65.0385,18.151,26.5678190669815,50,50,50,50,50,50,0.0146,10056,1,18,-65,0.0073,47,2026-05-31 09:14:05.000986,201.770004272461,1.0815,0,"aoml_apex",1026.93644340731
"1902800",4,0.0073,2,0.0292,1,0.0073,1,0.000323999993270263,3,171.823956092834,1,1.94730820323736,211.389999389648,1,19.9514999389648,36.788200378418,0.0292000006884336,"3",0.0134036187082529,0.000323999993270263,"3",158.875595092773,-65.0385,18.151,26.5678190669815,50,50,50,50,50,50,0.0073,10056,1,18,-65,0.0073,47,2026-05-31 09:14:05.000986,211.389999389648,1.0815,0,"aoml_apex",1027.05878641863
"1902800",4,0.0073,2,0.0292,1,0.0073,1,0.000277000013738871,3,174.218071929932,1,1.94704118337597,221.339996337891,1,19.3066005706787,36.6913986206055,0.0292000006884336,"3",0.0134036187082529,0.000277000013738871,"3",161.089294433594,-65.0385,18.151,26.5678190669815,50,50,50,50,50,50,0.0073,10056,1,18,-65,0.0073,47,2026-05-31 09:14:05.000986,221.339996337891,1.0815,0,"aoml_apex",1027.19963864976
"1902800",4,0.0073,2,0.0292,1,0.0073,1,0.000311999989207834,3,175.420930435181,1,1.94690829406185,230.970001220703,1,19.1135005950928,36.6619987487793,0.0292000006884336,"3",0.0134036187082529,0.000311999989207834,"3",162.201507568359,-65.0385,18.151,26.5678190669815,50,50,50,50,50,50,0.0073,10056,1,18,-65,0.0073,47,2026-05-31 09:14:05.000986,230.970001220703,1.0815,0,"aoml_apex",1027.26975179061
"1902800",4,0,2,0.0219,1,0,1,0.000300000014249235,3,177.544225708008,1,1.94675523192477,241.839996337891,1,18.8743991851807,36.6241989135742,0.0219000000506639,"3",0.010052714496851,0.000300000014249235,"3",164.164794921875,-65.0385,18.151,26.5678190669815,50,50,50,50,50,50,0,10056,1,18,-65,0.0073,47,2026-05-31 09:14:05.000986,241.839996337891,1.0815,0,"aoml_apex",1027.350520087
"1902800",4,0,2,0.0219,1,0,1,0.000311999989207834,3,177.916799949646,1,1.94662332630818,251.610000610352,1,18.6700992584229,36.5904006958008,0.0219000000506639,"3",0.010052714496851,0.000311999989207834,"3",164.509292602539,-65.0385,18.151,26.5678190669815,50,50,50,50,50,50,0,10056,1,18,-65,0.0073,47,2026-05-31 09:14:05.000986,251.610000610352,1.0815,0,"aoml_apex",1027.42013463542
"1902800",4,0,2,0.0219,1,0,1,0.000277000013738871,3,177.626853126526,1,1.94645750591805,261.440002441406,1,18.354700088501,36.5429000854492,0.0219000000506639,"3",0.010052714496851,0.000277000013738871,"3",164.241195678711,-65.0385,18.151,26.5678190669815,50,50,50,50,50,50,0,10056,1,18,-65,0.0073,47,2026-05-31 09:14:05.000986,261.440002441406,1.0815,0,"aoml_apex",1027.50766144093
"1902800",4,0,2,0.0365,1,0.0146,1,0.000300000014249235,3,177.48919026947,1,1.94634732854685,271.260009765625,1,18.2285003662109,36.5209007263184,0.0364999994635582,"3",0.0167545229196548,0.000300000014249235,"3",164.113906860352,-65.0385,18.151,26.5678190669815,50,50,50,50,50,50,0,10056,1,18,-65,0.0073,47,2026-05-31 09:14:05.000986,271.260009765625,1.0815,0,"aoml_apex",1027.56582582473
"1902800",4,0,2,0.0292,1,0.0073,1,0.000288000010186806,3,176.166078918457,1,1.94621737152642,280.809997558594,1,18.0196990966797,36.4869003295898,0.0292000006884336,"3",0.0134036187082529,0.000288000010186806,"3",162.890502929688,-65.0385,18.151,26.5678190669815,50,50,50,50,50,50,0,10056,1,18,-65,0.0073,47,2026-05-31 09:14:05.000986,280.809997558594,1.0815,0,"aoml_apex",1027.63444066446
"1902800",4,0,2,0.0292,1,0.0073,1,0.000288000010186806,3,171.917623603821,1,1.94607461640969,290.899993896484,1,17.7569007873535,36.4413986206055,0.0292000006884336,"3",0.0134036187082529,0.000288000010186806,"3",158.962203979492,-65.0385,18.151,26.5678190669815,50,50,50,50,50,50,0,10056,1,18,-65,0.0073,47,2026-05-31 09:14:05.000986,290.899993896484,1.0815,0,"aoml_apex",1027.70982321829
"1902800",4,0,2,0.0292,1,0.0073,1,0.000288000010186806,3,169.86266468811,1,1.94593470122433,301.230010986328,1,17.5186996459961,36.4012985229492,0.0292000006884336,"3",0.0134036187082529,0.000288000010186806,"3",157.062103271484,-65.0385,18.151,26.5678190669815,50,50,50,50,50,50,0,10056,1,18,-65,0.0073,47,2026-05-31 09:14:05.000986,301.230010986328,1.0815,0,"aoml_apex",1027.78371686452
"1902800",4,0,2,0.0219,1,0,1,0.00032299998565577,3,166.165124839783,1,1.94576200145314,311.529998779297,1,17.1224994659424,36.3338012695312,0.0219000000506639,"3",0.010052714496851,0.00032299998565577,"3",153.643203735352,-65.0385,18.151,26.5678190669815,50,50,50,50,50,50,0,10056,1,18,-65,0.0073,47,2026-05-31 09:14:05.000986,311.529998779297,1.0815,0,"aoml_apex",1027.8749397441
"1902800",4,0,2,0.0292,1,0.0073,1,0.000276000006124377,3,162.274424629211,1,1.9455590209611,321.660003662109,1,16.6047992706299,36.2515983581543,0.0292000006884336,"3",0.0134036187082529,0.000276000006124377,"3",150.045700073242,-65.0385,18.151,26.5678190669815,50,50,50,50,50,50,0,10056,1,18,-65,0.0073,47,2026-05-31 09:14:05.000986,321.660003662109,1.0815,0,"aoml_apex",1027.98217810529
"1902800",4,0,2,0.0365,1,0.0146,1,0.000300000014249235,3,160.06242906189,1,1.94544919487067,331.640014648438,1,16.4309005737305,36.2158012390137,0.0364999994635582,"3",0.0167545229196548,0.000300000014249235,"3",148.000396728516,-65.0385,18.151,26.5678190669815,50,50,50,50,50,50,0,10056,1,18,-65,0.0073,47,2026-05-31 09:14:05.000986,331.640014648438,1.0815,0,"aoml_apex",1028.04021059669
"1902800",4,0,2,0.0292,1,0.0073,1,0.00032299998565577,3,155.563616134644,1,1.94529020987136,341.209991455078,1,16.0690994262695,36.1584014892578,0.0292000006884336,"3",0.0134036187082529,0.00032299998565577,"3",143.840606689453,-65.0385,18.151,26.5678190669815,50,50,50,50,50,50,0,10056,1,18,-65,0.0073,47,2026-05-31 09:14:05.000986,341.209991455078,1.0815,0,"aoml_apex",1028.12423043668
"1902800",4,0,2,0.0292,1,0.0073,1,0.000264000002061948,3,153.564352752686,1,1.94516027020818,351.230010986328,1,15.7890996932983,36.1048011779785,0.0292000006884336,"3",0.0134036187082529,0.000264000002061948,"3",141.992004394531,-65.0385,18.151,26.5678190669815,50,50,50,50,50,50,0,10056,1,18,-65,0.0073,47,2026-05-31 09:14:05.000986,351.230010986328,1.0815,0,"aoml_apex",1028.19291069828
"1902800",4,0,2,0.0292,1,0.0073,1,0.000264000002061948,3,151.73640058136,1,1.94505849086428,361,1,15.6633996963501,36.0807991027832,0.0292000006884336,"3",0.0134036187082529,0.000264000002061948,"3",140.301803588867,-65.0385,18.151,26.5678190669815,50,50,50,50,50,50,0,10056,1,18,-65,0.0073,47,2026-05-31 09:14:05.000986,361,1.0815,0,"aoml_apex",1028.24671309052
"1902800",4,0,2,0.0365,1,0.0146,1,0.000276000006124377,3,148.05075894928,1,1.94480243636202,381.869995117188,1,15.2479000091553,36.0125999450684,0.0364999994635582,"3",0.0167545229196548,0.000276000006124377,"3",136.893905639648,-65.0385,18.151,26.5678190669815,50,50,50,50,50,50,0,10056,1,18,-65,0.0073,47,2026-05-31 09:14:05.000986,381.869995117188,1.0815,0,"aoml_apex",1028.38209301158
"1902800",4,0,2,0.0365,1,0.0146,1,0.000274999998509884,3,143.913579185486,1,1.94453921002735,401.600006103516,1,14.7891998291016,35.9449996948242,0.0364999994635582,"3",0.0167545229196548,0.000274999998509884,"3",133.068496704102,-65.0385,18.151,26.5678190669815,50,50,50,50,50,50,0,10056,1,18,-65,0.0073,47,2026-05-31 09:14:05.000986,401.600006103516,1.0815,0,"aoml_apex",1028.52130195506
"1902800",4,0,2,0.0292,1,0.0073,1,0.00028599999495782,3,137.374618228912,4,1.94394844365363,451.760009765625,1,13.782600402832,35.7743988037109,0.0292000006884336,"3",0.0134036187082529,0.00028599999495782,"3",127.022300720215,-65.0385,18.151,26.5678190669815,50,50,50,50,50,50,0,10056,1,18,-65,0.0073,47,2026-05-31 09:14:05.000986,451.760009765625,1.0815,0,"aoml_apex",1028.83386981242
"1902800",5,0.0511,5,0.0511,1,0.0292,1,0.00067999999737367,3,197.847665359497,1,1.95476638069036,7.6100001335144,1,28.0671997070312,35.9771003723145,0.0511000007390976,"3",0.110579863190651,0.00067999999737367,"3",182.938201904297,-65.0447,18.1513,14.0148796806939,50,50,50,50,50,50,0.0511,10056,1,18,-65,0.0073,47,2026-05-31 21:52:47.002329,7.6100001335144,1.0815,0,"aoml_apex",1023.14016639352
"1902800",5,0.0511,5,0.073,1,0.0511,1,0.000844999973196536,3,197.951267303467,1,1.95473737371225,11.710000038147,1,28.070499420166,35.975399017334,0.0729999989271164,"3",0.110579863190651,0.000844999973196536,"3",183.033996582031,-65.0447,18.1513,14.0148796806939,50,50,50,50,50,50,0.0511,10056,1,18,-65,0.0073,47,2026-05-31 21:52:47.002329,11.710000038147,1.0815,0,"aoml_apex",1023.15534910032
"1902800",5,0.0511,2,0.073,1,0.0511,1,0.000645000021904707,3,197.937537322998,1,1.95461162498651,17,1,27.9559001922607,35.9827995300293,0.0729999989271164,"3",0.110579863190651,0.000645000021904707,"3",183.021301269531,-65.0447,18.1513,14.0148796806939,50,50,50,50,50,50,0.0511,10056,1,18,-65,0.0073,47,2026-05-31 21:52:47.002329,17,1.0815,0,"aoml_apex",1023.22117316467
"1902800",5,0.0584,2,0.0803,1,0.0584,1,0.000704000005498528,3,198.236675971985,1,1.95451101415103,21.7700004577637,1,27.9004001617432,36.0014991760254,0.0803000032901764,"3",0.110579863190651,0.000704000005498528,"3",183.297897338867,-65.0447,18.1513,14.0148796806939,50,50,50,50,50,50,0.0584,10056,1,18,-65,0.0073,47,2026-05-31 21:52:47.002329,21.7700004577637,1.0815,0,"aoml_apex",1023.27384472107
"1902800",5,0.0876,2,0.1095,1,0.0876,1,0.000645000021904707,3,198.171574081421,1,1.95439335028877,26.3899993896484,1,27.871000289917,36.0443000793457,0.109499998390675,"3",0.110579863190651,0.000645000021904707,"3",183.237701416016,-65.0447,18.1513,14.0148796806939,50,50,50,50,50,50,0.0876,10056,1,18,-65,0.0073,47,2026-05-31 21:52:47.002329,26.3899993896484,1.0815,0,"aoml_apex",1023.33545071901
"1902800",5,0.073,2,0.0949,1,0.073,1,0.000585999980103225,3,197.886809005737,1,1.95424140500494,31.8500003814697,1,27.8376998901367,36.1044998168945,0.0948999971151352,"3",0.110579863190651,0.000585999980103225,"3",182.974395751953,-65.0447,18.1513,14.0148796806939,50,50,50,50,50,50,0.073,10056,1,18,-65,0.0073,47,2026-05-31 21:52:47.002329,31.8500003814697,1.0815,0,"aoml_apex",1023.41501662889
"1902800",5,0.1095,2,0.1314,1,0.1095,1,0.000821000023279339,3,197.880752632141,1,1.95416873679005,36.3499984741211,1,27.8290004730225,36.1257019042969,0.131400004029274,"3",0.110579863190651,0.000821000023279339,"3",182.968795776367,-65.0447,18.1513,14.0148796806939,50,50,50,50,50,50,0.1095,10056,1,18,-65,0.0073,47,2026-05-31 21:52:47.002329,36.3499984741211,1.0815,0,"aoml_apex",1023.45307359958
"1902800",5,0.1387,2,0.1606,1,0.1387,1,0.000751000014133751,3,197.023998550415,1,1.954104057577,41.939998626709,1,27.8118991851807,36.1315002441406,0.160600006580353,"3",0.110579863190651,0.000751000014133751,"3",182.176605224609,-65.0447,18.1513,14.0148796806939,50,50,50,50,50,50,0.1387,10056,1,18,-65,0.0073,47,2026-05-31 21:52:47.002329,41.939998626709,1.0815,0,"aoml_apex",1023.48694904196
"1902800",5,0.1533,2,0.1752,1,0.1533,1,0.000656999996863306,3,196.302415466309,1,1.95399485646538,46.689998626709,1,27.7532005310059,36.1549987792969,0.175200000405312,"3",0.110579863190651,0.000656999996863306,"3",181.509399414062,-65.0447,18.1513,14.0148796806939,50,50,50,50,50,50,0.1533,10056,1,18,-65,0.0073,47,2026-05-31 21:52:47.002329,46.689998626709,1.0815,0,"aoml_apex",1023.54414771482
"1902800",5,0.1898,2,0.2117,1,0.1898,1,0.000668000022415072,3,195.995157646179,1,1.95340184161791,51.9799995422363,1,27.4354991912842,36.4001998901367,0.21170000731945,"3",0.110579863190651,0.000668000022415072,"3",181.225296020508,-65.0447,18.1513,14.0148796806939,50,50,50,50,50,50,0.1898,10056,1,18,-65,0.0073,47,2026-05-31 21:52:47.002329,51.9799995422363,1.0815,0,"aoml_apex",1023.85487583215
"1902800",5,0.146,2,0.1679,1,0.146,1,0.000607999972999096,3,201.51696963501,1,1.95241762062816,56.6300010681152,1,26.8143005371094,36.7927017211914,0.167899996042252,"3",0.110579863190651,0.000607999972999096,"3",186.330993652344,-65.0447,18.1513,14.0148796806939,50,50,50,50,50,50,0.146,10056,1,18,-65,0.0073,47,2026-05-31 21:52:47.002329,56.6300010681152,1.0815,0,"aoml_apex",1024.371004886
"1902800",5,0.1314,2,0.1533,1,0.1314,1,0.000584999972488731,3,201.886738471985,1,1.95235343603538,61.6500015258789,1,26.797700881958,36.8017997741699,0.153300002217293,"3",0.110579863190651,0.000584999972488731,"3",186.672897338867,-65.0447,18.1513,14.0148796806939,50,50,50,50,50,50,0.1314,10056,1,18,-65,0.0073,47,2026-05-31 21:52:47.002329,61.6500015258789,1.0815,0,"aoml_apex",1024.4046815936
"1902800",5,0.1241,2,0.146,1,0.1241,1,0.000678999989759177,3,201.638757202148,1,1.952279130479,66.8399963378906,1,26.7754993438721,36.8146018981934,0.145999997854233,"3",0.110579863190651,0.000678999989759177,"3",186.443603515625,-65.0447,18.1513,14.0148796806939,50,50,50,50,50,50,0.1241,10056,1,18,-65,0.0073,47,2026-05-31 21:52:47.002329,66.8399963378906,1.0815,0,"aoml_apex",1024.44367138693
"1902800",5,0.1752,2,0.1971,1,0.1752,1,0.000595999998040497,3,199.534258140564,1,1.95218408329749,71.870002746582,1,26.7348003387451,36.8348999023438,0.19709999859333,"3",0.110579863190651,0.000595999998040497,"3",184.497695922852,-65.0447,18.1513,14.0148796806939,50,50,50,50,50,50,0.1752,10056,1,18,-65,0.0073,47,2026-05-31 21:52:47.002329,71.870002746582,1.0815,0,"aoml_apex",1024.49354910309
"1902800",5,0.2117,2,0.2336,1,0.2117,1,0.000572999997530133,3,199.71594934845,1,1.95196443379528,76.6500015258789,1,26.5884990692139,36.8986015319824,0.233600005507469,"3",0.110579863190651,0.000572999997530133,"3",184.66569519043,-65.0447,18.1513,14.0148796806939,50,50,50,50,50,50,0.2117,10056,1,18,-65,0.0073,47,2026-05-31 21:52:47.002329,76.6500015258789,1.0815,0,"aoml_apex",1024.60883270876
"1902800",5,0.1971,2,0.219,1,0.1971,1,0.000607999972999096,3,199.945563468933,1,1.95185193175733,81.8099975585938,1,26.5386009216309,36.9264984130859,0.218999996781349,"3",0.110579863190651,0.000607999972999096,"3",184.878005981445,-65.0447,18.1513,14.0148796806939,50,50,50,50,50,50,0.1971,10056,1,18,-65,0.0073,47,2026-05-31 21:52:47.002329,81.8099975585938,1.0815,0,"aoml_apex",1024.66788974065
"1902800",5,0.1971,2,0.219,1,0.1971,1,0.000595999998040497,3,200.32072858429,1,1.95179199995805,86.8000030517578,1,26.5268001556396,36.9348983764648,0.218999996781349,"3",0.110579863190651,0.000595999998040497,"3",185.224899291992,-65.0447,18.1513,14.0148796806939,50,50,50,50,50,50,0.1971,10056,1,18,-65,0.0073,47,2026-05-31 21:52:47.002329,86.8000030517578,1.0815,0,"aoml_apex",1024.69935323179
"1902800",5,0.1971,2,0.219,1,0.1971,1,0.000584000023081899,3,200.111676429749,1,1.95173103280553,91.6699981689453,1,26.5137996673584,36.9441986083984,0.218999996781349,"3",0.110579863190651,0.000584000023081899,"3",185.031600952148,-65.0447,18.1513,14.0148796806939,50,50,50,50,50,50,0.1971,10056,1,18,-65,0.0073,47,2026-05-31 21:52:47.002329,91.6699981689453,1.0815,0,"aoml_apex",1024.73136225389
"1902800",5,0.2409,2,0.2628,1,0.2409,1,0.000584000023081899,3,199.105014724731,1,1.9516782985662,96.9599990844727,1,26.5065002441406,36.9477996826172,0.262800008058548,"3",0.110579863190651,0.000584000023081899,"3",184.100799560547,-65.0447,18.1513,14.0148796806939,50,50,50,50,50,50,0.2409,10056,1,18,-65,0.0073,47,2026-05-31 21:52:47.002329,96.9599990844727,1.0815,0,"aoml_apex",1024.75905043843
"1902800",5,0.2336,2,0.2555,1,0.2336,1,0.000548999989405274,3,197.866808120728,1,1.9515289773508,101.690002441406,1,26.4202995300293,36.9884986877441,0.255499988794327,"3",0.110579863190651,0.000548999989405274,"3",182.955902099609,-65.0447,18.1513,14.0148796806939,50,50,50,50,50,50,0.2336,10056,1,18,-65,0.0073,47,2026-05-31 21:52:47.002329,101.690002441406,1.0815,0,"aoml_apex",1024.83745986442
"1902800",5,0.2774,2,0.2993,1,0.2774,1,0.000584000023081899,3,195.792376396179,1,1.95120690337591,111.870002746582,1,26.2201995849609,37.0707015991211,0.299299985170364,"3",0.127334386110306,0.000584000023081899,"3",181.037796020508,-65.0447,18.1513,14.0148796806939,50,50,50,50,50,50,0.2774,10056,1,18,-65,0.0073,47,2026-05-31 21:52:47.002329,111.870002746582,1.0815,0,"aoml_apex",1025.00662361314
"1902800",5,0.2409,2,0.2628,1,0.2409,1,0.000478000001749024,3,191.897138031006,1,1.95063768375159,121.870002746582,1,25.7945995330811,37.2322998046875,0.262800008058548,"3",0.110579863190651,0.000478000001749024,"3",177.436096191406,-65.0447,18.1513,14.0148796806939,50,50,50,50,50,50,0.2409,10056,1,18,-65,0.0073,47,2026-05-31 21:52:47.002329,121.870002746582,1.0815,0,"aoml_apex",1025.30573291985
"1902800",5,0.292,2,0.3139,1,0.292,1,0.000478000001749024,3,188.884298446655,1,1.95022859067942,131.740005493164,1,25.3691997528076,37.2849998474121,0.313899993896484,"3",0.134036183357239,0.000478000001749024,"3",174.650299072266,-65.0447,18.1513,14.0148796806939,50,50,50,50,50,50,0.292,10056,1,18,-65,0.0073,47,2026-05-31 21:52:47.002329,131.740005493164,1.0815,0,"aoml_apex",1025.52080794962
"1902800",5,0.1752,2,0.1971,1,0.1752,1,0.000500999973155558,3,177.27396622467,1,1.9497116086135,141.690002441406,1,24.7119007110596,37.3199005126953,0.19709999859333,"3",0.0804217159748077,0.000500999973155558,"3",163.914901733398,-65.0447,18.1513,14.0148796806939,50,50,50,50,50,50,0.1752,10056,1,18,-65,0.0073,47,2026-05-31 21:52:47.002329,141.690002441406,1.0815,0,"aoml_apex",1025.79273322492
"1902800",5,0.1241,2,0.146,1,0.1241,1,0.00047699999413453,3,173.899361457825,1,1.94923871880939,150.720001220703,1,23.7754993438721,37.2230987548828,0.145999997854233,"3",0.0569653809070587,0.00047699999413453,"3",160.79460144043,-65.0447,18.1513,14.0148796806939,50,50,50,50,50,50,0.1241,10056,1,18,-65,0.0073,47,2026-05-31 21:52:47.002329,150.720001220703,1.0815,0,"aoml_apex",1026.04159290537
"1902800",5,0.1095,2,0.1314,1,0.1095,1,0.000418999989051372,3,170.749486106873,1,1.94885544325743,161.580001831055,1,23.1107006072998,37.1677017211914,0.131400004029274,"3",0.0502635724842548,0.000418999989051372,"3",157.882095336914,-65.0447,18.1513,14.0148796806939,50,50,50,50,50,50,0.1095,10056,1,18,-65,0.0073,47,2026-05-31 21:52:47.002329,161.580001831055,1.0815,0,"aoml_apex",1026.24338142653
"1902800",5,0.073,2,0.0949,1,0.073,1,0.000418999989051372,3,169.095766067505,1,1.94846489050692,171.759994506836,1,22.3243999481201,37.0797004699707,0.0948999971151352,"3",0.0335090458393097,0.000418999989051372,"3",156.352996826172,-65.0447,18.1513,14.0148796806939,50,50,50,50,50,50,0.073,10056,1,18,-65,0.0073,47,2026-05-31 21:52:47.002329,171.759994506836,1.0815,0,"aoml_apex",1026.44908293917
"1902800",5,0.0584,2,0.0803,1,0.0584,1,0.000335999997332692,3,168.319461090088,1,1.94810729388274,181.720001220703,1,21.645299911499,37.0163993835449,0.0803000032901764,"3",0.0268072374165058,0.000335999997332692,"3",155.635192871094,-65.0447,18.1513,14.0148796806939,50,50,50,50,50,50,0.0584,10056,1,18,-65,0.0073,47,2026-05-31 21:52:47.002329,181.720001220703,1.0815,0,"aoml_apex",1026.63749901261
"1902800",5,0.0365,2,0.0584,1,0.0365,1,0.000335999997332692,3,167.876157646179,1,1.9479027500352,191.089996337891,1,21.2052993774414,36.9426002502441,0.0584000013768673,"3",0.0167545229196548,0.000335999997332692,"3",155.225296020508,-65.0447,18.1513,14.0148796806939,50,50,50,50,50,50,0.0365,10056,1,18,-65,0.0073,47,2026-05-31 21:52:47.002329,191.089996337891,1.0815,0,"aoml_apex",1026.74530335966
"1902800",5,0.0146,2,0.0365,1,0.0146,1,0.000311999989207834,3,171.444252822876,1,1.94743206138795,201.690002441406,1,20.0494995117188,36.7923011779785,0.0364999994635582,"3",0.00670180935412645,0.000311999989207834,"3",158.524505615234,-65.0447,18.1513,14.0148796806939,50,50,50,50,50,50,0.0146,10056,1,18,-65,0.0073,47,2026-05-31 21:52:47.002329,201.690002441406,1.0815,0,"aoml_apex",1026.99346470376
"1902800",5,0.0146,2,0.0365,1,0.0146,1,0.000323999993270263,3,172.387743415833,1,1.94730142354748,211.860000610352,1,19.8931999206543,36.7696990966797,0.0364999994635582,"3",0.00670180935412645,0.000323999993270263,"3",159.396896362305,-65.0447,18.1513,14.0148796806939,50,50,50,50,50,50,0.0146,10056,1,18,-65,0.0073,47,2026-05-31 21:52:47.002329,211.860000610352,1.0815,0,"aoml_apex",1027.06236220817
"1902800",5,0,2,0.0219,1,0,1,0.000300999992759898,3,173.653971061707,1,1.94714977958856,221.860000610352,1,19.672700881958,36.7403984069824,0.0219000000506639,"3",0,0.000300999992759898,"3",160.56770324707,-65.0447,18.1513,14.0148796806939,50,50,50,50,50,50,0,10056,1,18,-65,0.0073,47,2026-05-31 21:52:47.002329,221.860000610352,1.0815,0,"aoml_apex",1027.14234979017
"1902800",5,0,2,0.0292,1,0.0073,1,0.000311999989207834,3,175.51296421051,1,1.94698211351347,231.520004272461,1,19.3819999694824,36.7002983093262,0.0292000006884336,"3",0.00335090467706323,0.000311999989207834,"3",162.286605834961,-65.0447,18.1513,14.0148796806939,50,50,50,50,50,50,0,10056,1,18,-65,0.0073,47,2026-05-31 21:52:47.002329,231.520004272461,1.0815,0,"aoml_apex",1027.23080305594
"1902800",5,0,2,0.0219,1,0,1,0.000288999988697469,3,175.5685442276,1,1.94681843734986,241.610000610352,1,19.1070995330811,36.6613006591797,0.0219000000506639,"3",0,0.000288999988697469,"3",162.337997436523,-65.0447,18.1513,14.0148796806939,50,50,50,50,50,50,0,10056,1,18,-65,0.0073,47,2026-05-31 21:52:47.002329,241.610000610352,1.0815,0,"aoml_apex",1027.31716611567
"1902800",5,0,2,0.0219,1,0,1,0.000253000005614012,3,174.938681373596,1,1.94669564173557,251.929992675781,1,18.9433994293213,36.6314010620117,0.0219000000506639,"3",0,0.000253000005614012,"3",161.755599975586,-65.0447,18.1513,14.0148796806939,50,50,50,50,50,50,0,10056,1,18,-65,0.0073,47,2026-05-31 21:52:47.002329,251.929992675781,1.0815,0,"aoml_apex",1027.38196825514
"1902800",5,0,2,0.0219,1,0,1,0.000311999989207834,3,177.593006744385,1,1.9465630845047,261.549987792969,1,18.7672996520996,36.6082992553711,0.0219000000506639,"3",0,0.000311999989207834,"3",164.209899902344,-65.0447,18.1513,14.0148796806939,50,50,50,50,50,50,0,10056,1,18,-65,0.0073,47,2026-05-31 21:52:47.002329,261.549987792969,1.0815,0,"aoml_apex",1027.45193100633
"1902800",5,0,2,0.0292,1,0.0073,1,0.000311999989207834,3,178.700349472046,1,1.94640494014496,271.899993896484,1,18.4818000793457,36.562198638916,0.0292000006884336,"3",0.00335090467706323,0.000311999989207834,"3",165.233795166016,-65.0447,18.1513,14.0148796806939,50,50,50,50,50,50,0,10056,1,18,-65,0.0073,47,2026-05-31 21:52:47.002329,271.899993896484,1.0815,0,"aoml_apex",1027.53541092588
"1902800",5,0,2,0.0219,1,0,1,0.000311999989207834,3,178.01880116272,1,1.94628977313132,281.720001220703,1,18.3509006500244,36.5419006347656,0.0219000000506639,"3",0,0.000311999989207834,"3",164.603607177734,-65.0447,18.1513,14.0148796806939,50,50,50,50,50,50,0,10056,1,18,-65,0.0073,47,2026-05-31 21:52:47.002329,281.720001220703,1.0815,0,"aoml_apex",1027.59621286108
"1902800",5,0,2,0.0292,1,0.0073,1,0.000288000010186806,3,177.295914390564,1,1.94615783524324,291.619995117188,1,18.1490993499756,36.5093002319336,0.0292000006884336,"3",0.00335090467706323,0.000288000010186806,"3",163.935195922852,-65.0447,18.1513,14.0148796806939,50,50,50,50,50,50,0,10056,1,18,-65,0.0073,47,2026-05-31 21:52:47.002329,291.619995117188,1.0815,0,"aoml_apex",1027.66587775242
"1902800",5,0,2,0.0292,1,0.0073,1,0.000288000010186806,3,175.415732185364,1,1.94603710592403,301.579986572266,1,17.9738006591797,36.4777984619141,0.0292000006884336,"3",0.00335090467706323,0.000288000010186806,"3",162.196701049805,-65.0447,18.1513,14.0148796806939,50,50,50,50,50,50,0,10056,1,18,-65,0.0073,47,2026-05-31 21:52:47.002329,301.579986572266,1.0815,0,"aoml_apex",1027.72963265279
"1902800",5,0,2,0.0292,1,0.0073,1,0.000288000010186806,3,175.313962005615,1,1.94593506065483,311.140014648438,1,17.88450050354,36.464298248291,0.0292000006884336,"3",0.00335090467706323,0.000288000010186806,"3",162.102600097656,-65.0447,18.1513,14.0148796806939,50,50,50,50,50,50,0,10056,1,18,-65,0.0073,47,2026-05-31 21:52:47.002329,311.140014648438,1.0815,0,"aoml_apex",1027.78352702427
"1902800",5,0,2,0.0292,1,0.0073,1,0.000265000009676442,3,172.50768271637,1,1.94581086667303,321.149993896484,1,17.7049999237061,36.4339981079102,0.0292000006884336,"3",0.00335090467706323,0.000265000009676442,"3",159.507797241211,-65.0447,18.1513,14.0148796806939,50,50,50,50,50,50,0,10056,1,18,-65,0.0073,47,2026-05-31 21:52:47.002329,321.149993896484,1.0815,0,"aoml_apex",1027.84912668292
"1902800",5,0,2,0.0219,1,0,1,0.000265000009676442,3,170.017638542175,1,1.94567311292836,331.899993896484,1,17.4797992706299,36.3942985534668,0.0219000000506639,"3",0,0.000265000009676442,"3",157.20539855957,-65.0447,18.1513,14.0148796806939,50,50,50,50,50,50,0,10056,1,18,-65,0.0073,47,2026-05-31 21:52:47.002329,331.899993896484,1.0815,0,"aoml_apex",1027.92189844772
"1902800",5,0,2,0.0292,1,0.0073,1,0.000265000009676442,3,166.31221055603,1,1.94550469710585,341.480010986328,1,17.1618995666504,36.353099822998,0.0292000006884336,"3",0.00335090467706323,0.000265000009676442,"3",153.779205322266,-65.0447,18.1513,14.0148796806939,50,50,50,50,50,50,0,10056,1,18,-65,0.0073,47,2026-05-31 21:52:47.002329,341.480010986328,1.0815,0,"aoml_apex",1028.01088220204
"1902800",5,0,2,0.0292,1,0.0073,1,0.000264000002061948,3,163.311698249817,1,1.94537530080597,351.279998779297,1,16.8945007324219,36.3008995056152,0.0292000006884336,"3",0.00335090467706323,0.000264000002061948,"3",151.004806518555,-65.0447,18.1513,14.0148796806939,50,50,50,50,50,50,0,10056,1,18,-65,0.0073,47,2026-05-31 21:52:47.002329,351.279998779297,1.0815,0,"aoml_apex",1028.07926016712
"1902800",5,0,2,0.0365,1,0.0146,1,0.000264000002061948,3,160.664930969238,1,1.94519415379176,361.899993896484,1,16.4106998443604,36.2125015258789,0.0364999994635582,"3",0.00670180935412645,0.000264000002061948,"3",148.557495117188,-65.0447,18.1513,14.0148796806939,50,50,50,50,50,50,0,10056,1,18,-65,0.0073,47,2026-05-31 21:52:47.002329,361.899993896484,1.0815,0,"aoml_apex",1028.17500047561
"1902800",5,0,2,0.0365,1,0.0146,1,0.00032299998565577,3,151.195106002808,1,1.9449161319381,381.600006103516,1,15.8824996948242,36.1279983520508,0.0364999994635582,"3",0.00670180935412645,0.00032299998565577,"3",139.801300048828,-65.0447,18.1513,14.0148796806939,50,50,50,50,50,50,0,10056,1,18,-65,0.0073,47,2026-05-31 21:52:47.002329,381.600006103516,1.0815,0,"aoml_apex",1028.32197602629
"1902800",5,0,2,0.0292,1,0.0073,1,0.000274999998509884,3,145.234198677063,1,1.94459453042052,401.190002441406,1,14.9717998504639,35.9631004333496,0.0292000006884336,"3",0.00335090467706323,0.000274999998509884,"3",134.289596557617,-65.0447,18.1513,14.0148796806939,50,50,50,50,50,50,0,10056,1,18,-65,0.0073,47,2026-05-31 21:52:47.002329,401.190002441406,1.0815,0,"aoml_apex",1028.49204228066
"1902800",5,0,2,0.0365,1,0.0146,1,0.000297999999020249,3,135.783623737335,1,1.94393509382644,451.600006103516,1,13.6773996353149,35.7549018859863,0.0364999994635582,"3",0.00670180935412645,0.000297999999020249,"3",125.551200866699,-65.0447,18.1513,14.0148796806939,50,50,50,50,50,50,0,10056,1,18,-65,0.0073,47,2026-05-31 21:52:47.002329,451.600006103516,1.0815,0,"aoml_apex",1028.84093525119
"1902800",5,0,2,0.0365,1,0.0146,1,0.00028599999495782,3,130.739184356689,4,1.94332191343127,501.859985351562,1,12.5218000411987,35.5713996887207,0.0364999994635582,"3",0.00670180935412645,0.00028599999495782,"3",120.886901855469,-65.0447,18.1513,14.0148796806939,50,50,50,50,50,50,0,10056,1,18,-65,0.0073,47,2026-05-31 21:52:47.002329,501.859985351562,1.0815,0,"aoml_apex",1029.16556756603
"1902800",6,0.0705213595333701,5,0.0657,1,0.0438,1,0.000585999980103225,3,197.297294471741,1,1.95466399126362,7.46000003814697,1,27.9486999511719,35.997501373291,0.065700002014637,"3",0.113930761814117,0.000585999980103225,"3",182.429306030273,-65.0441,18.1451,21.7673864498164,50,50,50,50,50,50,0.0705213595333701,10056,1,18,-65,0.0073,47,2026-06-01 10:27:45.001112,7.46000003814697,1.0815,0,"aoml_apex",1023.19376063559
"1902800",6,0.0705213595333701,5,0.0657,1,0.0438,1,0.000609999988228083,3,197.249058013916,1,1.9546327506458,11.8299999237061,1,27.9521999359131,35.9958992004395,0.065700002014637,"3",0.113930761814117,0.000609999988228083,"3",182.384704589844,-65.0441,18.1451,21.7673864498164,50,50,50,50,50,50,0.0705213595333701,10056,1,18,-65,0.0073,47,2026-06-01 10:27:45.001112,11.8299999237061,1.0815,0,"aoml_apex",1023.21011419624
"1902800",6,0.0511,5,0.073,1,0.0511,1,0.000645000021904707,3,197.252193466186,1,1.95459304824762,16.8299999237061,1,27.9533996582031,35.9956016540527,0.0729999989271164,"3",0.113930761814117,0.000645000021904707,"3",182.387603759766,-65.0441,18.1451,21.7673864498164,50,50,50,50,50,50,0.0511,10056,1,18,-65,0.0073,47,2026-06-01 10:27:45.001112,16.8299999237061,1.0815,0,"aoml_apex",1023.23089800871
"1902800",6,0.0949,2,0.1168,1,0.0949,1,0.000844999973196536,3,197.292739814758,1,1.95454500747167,21.8099994659424,1,27.951099395752,35.999698638916,0.116800002753735,"3",0.113930761814117,0.000844999973196536,"3",182.425094604492,-65.0441,18.1451,21.7673864498164,50,50,50,50,50,50,0.0949,10056,1,18,-65,0.0073,47,2026-06-01 10:27:45.001112,21.8099994659424,1.0815,0,"aoml_apex",1023.25604800839
"1902800",6,0.0803,2,0.1022,1,0.0803,1,0.000738999980967492,3,197.781144264221,1,1.95435488351673,26.7999992370605,1,27.861499786377,36.0646018981934,0.102200001478195,"3",0.113930761814117,0.000738999980967492,"3",182.876693725586,-65.0441,18.1451,21.7673864498164,50,50,50,50,50,50,0.0803,10056,1,18,-65,0.0073,47,2026-06-01 10:27:45.001112,26.7999992370605,1.0815,0,"aoml_apex",1023.35559261434
"1902800",6,0.0803,2,0.1022,1,0.0803,1,0.000704000005498528,3,197.529813011169,1,1.95424660839111,31.7199993133545,1,27.8257007598877,36.0964012145996,0.102200001478195,"3",0.113930761814117,0.000704000005498528,"3",182.644302368164,-65.0441,18.1451,21.7673864498164,50,50,50,50,50,50,0.0803,10056,1,18,-65,0.0073,47,2026-06-01 10:27:45.001112,31.7199993133545,1.0815,0,"aoml_apex",1023.41229167928
"1902800",6,0.1314,2,0.1533,1,0.1314,1,0.000691999972332269,3,196.797206336975,1,1.95418260093477,36.7900009155273,1,27.8113994598389,36.105899810791,0.153300002217293,"3",0.113930761814117,0.000691999972332269,"3",181.966903686523,-65.0441,18.1451,21.7673864498164,50,50,50,50,50,50,0.1314,10056,1,18,-65,0.0073,47,2026-06-01 10:27:45.001112,36.7900009155273,1.0815,0,"aoml_apex",1023.44581260897
"1902800",6,0.2117,2,0.2336,1,0.2117,1,0.000751000014133751,3,196.16506615448,1,1.9539853244709,41.9599990844727,1,27.7467002868652,36.1856994628906,0.233600005507469,"3",0.113930761814117,0.000751000014133751,"3",181.382400512695,-65.0441,18.1451,21.7673864498164,50,50,50,50,50,50,0.2117,10056,1,18,-65,0.0073,47,2026-06-01 10:27:45.001112,41.9599990844727,1.0815,0,"aoml_apex",1023.54914080103
"1902800",6,0.146,2,0.1679,1,0.146,1,0.000632999988738447,3,199.496187149048,1,1.95374262168319,46.939998626709,1,27.6242008209229,36.2732009887695,0.167899996042252,"3",0.113930761814117,0.000632999988738447,"3",184.462493896484,-65.0441,18.1451,21.7673864498164,50,50,50,50,50,50,0.146,10056,1,18,-65,0.0073,47,2026-06-01 10:27:45.001112,46.939998626709,1.0815,0,"aoml_apex",1023.67629072706
"1902800",6,0.1095,2,0.1314,1,0.1095,1,0.000584999972488731,3,201.457065994263,1,1.95269663399401,51.8699989318848,1,27.0104999542236,36.7092018127441,0.131400004029274,"3",0.113930761814117,0.000584999972488731,"3",186.275604248047,-65.0441,18.1451,21.7673864498164,50,50,50,50,50,50,0.1095,10056,1,18,-65,0.0073,47,2026-06-01 10:27:45.001112,51.8699989318848,1.0815,0,"aoml_apex",1024.22463642457
"1902800",6,0.1679,2,0.1898,1,0.1679,1,0.000620000006165355,3,199.416926216125,1,1.9524812956569,56.9099998474121,1,26.8512001037598,36.7625007629395,0.18979999423027,"3",0.113930761814117,0.000620000006165355,"3",184.389205932617,-65.0441,18.1451,21.7673864498164,50,50,50,50,50,50,0.1679,10056,1,18,-65,0.0073,47,2026-06-01 10:27:45.001112,56.9099998474121,1.0815,0,"aoml_apex",1024.33759772695
"1902800",6,0.219,2,0.2409,1,0.219,1,0.00064300000667572,3,197.69614050293,1,1.95230807158703,61.9700012207031,1,26.7451000213623,36.8092002868652,0.240899994969368,"3",0.113930761814117,0.00064300000667572,"3",182.798095703125,-65.0441,18.1451,21.7673864498164,50,50,50,50,50,50,0.219,10056,1,18,-65,0.0073,47,2026-06-01 10:27:45.001112,61.9700012207031,1.0815,0,"aoml_apex",1024.42848498506
"1902800",6,0.1825,2,0.2044,1,0.1825,1,0.000548999989405274,3,200.448341491699,1,1.9520384818543,66.5899963378906,1,26.5856990814209,36.9029998779297,0.20440000295639,"3",0.113930761814117,0.000548999989405274,"3",185.342895507812,-65.0441,18.1451,21.7673864498164,50,50,50,50,50,50,0.1825,10056,1,18,-65,0.0073,47,2026-06-01 10:27:45.001112,66.5899963378906,1.0815,0,"aoml_apex",1024.56996549583
"1902800",6,0.1752,2,0.1971,1,0.1752,1,0.00133700005244464,3,200.181762039185,1,1.95195305589396,71.7600021362305,1,26.5564002990723,36.9207000732422,0.19709999859333,"3",0.113930761814117,0.00133700005244464,"3",185.096405029297,-65.0441,18.1451,21.7673864498164,50,50,50,50,50,50,0.1752,10056,1,18,-65,0.0073,47,2026-06-01 10:27:45.001112,71.7600021362305,1.0815,0,"aoml_apex",1024.6148051363
"1902800",6,0.1752,2,0.1971,1,0.1752,1,0.000572999997530133,3,199.830492370605,1,1.95190669418035,76.9300003051758,1,26.5540008544922,36.9225997924805,0.19709999859333,"3",0.113930761814117,0.000572999997530133,"3",184.771606445312,-65.0441,18.1451,21.7673864498164,50,50,50,50,50,50,0.1752,10056,1,18,-65,0.0073,47,2026-06-01 10:27:45.001112,76.9300003051758,1.0815,0,"aoml_apex",1024.6391418007
"1902800",6,0.1898,2,0.2117,1,0.1898,1,0.000572999997530133,3,199.095938415527,1,1.95183574892888,81.4100036621094,1,26.5293006896973,36.9361000061035,0.21170000731945,"3",0.113930761814117,0.000572999997530133,"3",184.092407226562,-65.0441,18.1451,21.7673864498164,50,50,50,50,50,50,0.1898,10056,1,18,-65,0.0073,47,2026-06-01 10:27:45.001112,81.4100036621094,1.0815,0,"aoml_apex",1024.67638534521
"1902800",6,0.219,2,0.2409,1,0.219,1,0.000561000022571534,3,198.748546806335,1,1.95169231126021,86.4000015258789,1,26.449499130249,36.9738998413086,0.240899994969368,"3",0.113930761814117,0.000561000022571534,"3",183.771194458008,-65.0441,18.1451,21.7673864498164,50,50,50,50,50,50,0.219,10056,1,18,-65,0.0073,47,2026-06-01 10:27:45.001112,86.4000015258789,1.0815,0,"aoml_apex",1024.7516929083
"1902800",6,0.2336,2,0.2555,1,0.2336,1,0.000561000022571534,3,198.485317337036,1,1.95164657949899,91.6699981689453,1,26.4484996795654,36.975399017334,0.255499988794327,"3",0.113930761814117,0.000561000022571534,"3",183.527801513672,-65.0441,18.1451,21.7673864498164,50,50,50,50,50,50,0.2336,10056,1,18,-65,0.0073,47,2026-06-01 10:27:45.001112,91.6699981689453,1.0815,0,"aoml_apex",1024.77570529876
"1902800",6,0.2263,2,0.2482,1,0.2263,1,0.000537000014446676,3,197.335679008484,1,1.95160896041448,96.4800033569336,1,26.4489994049072,36.9744987487793,0.248199999332428,"3",0.113930761814117,0.000537000014446676,"3",182.464797973633,-65.0441,18.1451,21.7673864498164,50,50,50,50,50,50,0.2263,10056,1,18,-65,0.0073,47,2026-06-01 10:27:45.001112,96.4800033569336,1.0815,0,"aoml_apex",1024.7954588071
"1902800",6,0.2701,2,0.292,1,0.2701,1,0.000548999989405274,3,196.361791030884,1,1.95120749339532,101.860000610352,1,26.180700302124,37.1105003356934,0.291999995708466,"3",0.113930761814117,0.000548999989405274,"3",181.564300537109,-65.0441,18.1451,21.7673864498164,50,50,50,50,50,50,0.2701,10056,1,18,-65,0.0073,47,2026-06-01 10:27:45.001112,101.860000610352,1.0815,0,"aoml_apex",1025.00631366466
"1902800",6,0.2628,2,0.2847,1,0.2628,1,0.000513000006321818,3,193.891104148865,1,1.95092180857341,111.599998474121,1,25.9771995544434,37.1688995361328,0.284700006246567,"3",0.113930761814117,0.000513000006321818,"3",179.279800415039,-65.0441,18.1451,21.7673864498164,50,50,50,50,50,50,0.2628,10056,1,18,-65,0.0073,47,2026-06-01 10:27:45.001112,111.599998474121,1.0815,0,"aoml_apex",1025.15641129794
"1902800",6,0.2336,2,0.2555,1,0.2336,1,0.000465999997686595,3,192.321958808899,1,1.95055006232915,121.379997253418,1,25.6578998565674,37.2392997741699,0.255499988794327,"3",0.107228949666023,0.000465999997686595,"3",177.828903198242,-65.0441,18.1451,21.7673864498164,50,50,50,50,50,50,0.2336,10056,1,18,-65,0.0073,47,2026-06-01 10:27:45.001112,121.379997253418,1.0815,0,"aoml_apex",1025.3517910798
"1902800",6,0.2482,2,0.2701,1,0.2482,1,0.000594999990426004,3,188.4789504776,1,1.95018668463413,131.880004882812,1,25.2849006652832,37.2787017822266,0.270099997520447,"3",0.113930761814117,0.000594999990426004,"3",174.275497436523,-65.0441,18.1451,21.7673864498164,50,50,50,50,50,50,0.2482,10056,1,18,-65,0.0073,47,2026-06-01 10:27:45.001112,131.880004882812,1.0815,0,"aoml_apex",1025.54284456886
"1902800",6,0.2409,2,0.2628,1,0.2409,1,0.000500999973155558,3,183.566884941101,1,1.94982710212153,141.960006713867,1,24.9221992492676,37.3233985900879,0.262800008058548,"3",0.110579863190651,0.000500999973155558,"3",169.733596801758,-65.0441,18.1451,21.7673864498164,50,50,50,50,50,50,0.2409,10056,1,18,-65,0.0073,47,2026-06-01 10:27:45.001112,141.960006713867,1.0815,0,"aoml_apex",1025.73197275999
"1902800",6,0.1606,2,0.1825,1,0.1606,1,0.000418999989051372,3,173.285604927063,1,1.94942981059841,151.479995727539,1,24.350700378418,37.3148002624512,0.182500004768372,"3",0.0737199038267136,0.000418999989051372,"3",160.227096557617,-65.0441,18.1451,21.7673864498164,50,50,50,50,50,50,0.1606,10056,1,18,-65,0.0073,47,2026-06-01 10:27:45.001112,151.479995727539,1.0815,0,"aoml_apex",1025.94101574043
"1902800",6,0.0949,2,0.1168,1,0.0949,1,0.00036000000545755,3,168.696589988708,1,1.94865820230596,161.740005493164,1,22.6555004119873,37.1285018920898,0.116800002753735,"3",0.043561764061451,0.00036000000545755,"3",155.983901977539,-65.0441,18.1451,21.7673864498164,50,50,50,50,50,50,0.0949,10056,1,18,-65,0.0073,47,2026-06-01 10:27:45.001112,161.740005493164,1.0815,0,"aoml_apex",1026.34725660625
"1902800",6,0.0438,2,0.0657,1,0.0438,1,0.000429999985499308,3,168.502885047913,1,1.94818456144957,171.470001220703,1,21.5492000579834,36.9855003356934,0.065700002014637,"3",0.0201054289937019,0.000429999985499308,"3",155.804794311523,-65.0441,18.1451,21.7673864498164,50,50,50,50,50,50,0.0438,10056,1,18,-65,0.0073,47,2026-06-01 10:27:45.001112,171.470001220703,1.0815,0,"aoml_apex",1026.5967812166
"1902800",6,0.0292,2,0.0511,1,0.0292,1,0.000383000005967915,3,168.175956390381,1,1.94792221438111,181.369995117188,1,21.0323009490967,36.921199798584,0.0511000007390976,"3",0.0134036187082529,0.000383000005967915,"3",155.502502441406,-65.0441,18.1451,21.7673864498164,50,50,50,50,50,50,0.0292,10056,1,18,-65,0.0073,47,2026-06-01 10:27:45.001112,181.369995117188,1.0815,0,"aoml_apex",1026.73504374785
"1902800",6,0.0292,2,0.0511,1,0.0292,1,0.00036000000545755,3,169.628941474915,1,1.94767171799434,191.259994506836,1,20.529899597168,36.8568000793457,0.0511000007390976,"3",0.0134036187082529,0.00036000000545755,"3",156.845993041992,-65.0441,18.1451,21.7673864498164,50,50,50,50,50,50,0.0292,10056,1,18,-65,0.0073,47,2026-06-01 10:27:45.001112,191.259994506836,1.0815,0,"aoml_apex",1026.86709547723
"1902800",6,0.0146,2,0.0365,1,0.0146,1,0.000311999989207834,3,171.457553741455,1,1.94738641212566,201.300003051758,1,19.8931007385254,36.7709999084473,0.0364999994635582,"3",0.00670180935412645,0.000311999989207834,"3",158.536804199219,-65.0441,18.1451,21.7673864498164,50,50,50,50,50,50,0.0146,10056,1,18,-65,0.0073,47,2026-06-01 10:27:45.001112,201.300003051758,1.0815,0,"aoml_apex",1027.01753876207
"1902800",6,0,2,0.0292,1,0.0073,1,0.000288999988697469,3,173.601410980225,1,1.94718840164166,211.149993896484,1,19.5046997070312,36.7162017822266,0.0292000006884336,"3",0.00335090467706323,0.000288999988697469,"3",160.519104003906,-65.0441,18.1451,21.7673864498164,50,50,50,50,50,50,0,10056,1,18,-65,0.0073,47,2026-06-01 10:27:45.001112,211.149993896484,1.0815,0,"aoml_apex",1027.12197664787
"1902800",6,0,2,0.0292,1,0.0073,1,0.000300000014249235,3,174.806200263977,1,1.94696028738791,221.699996948242,1,19.0161991119385,36.6455993652344,0.0292000006884336,"3",0.00335090467706323,0.000300000014249235,"3",161.633102416992,-65.0441,18.1451,21.7673864498164,50,50,50,50,50,50,0,10056,1,18,-65,0.0073,47,2026-06-01 10:27:45.001112,221.699996948242,1.0815,0,"aoml_apex",1027.24231868296
"1902800",6,0,2,0.0219,1,0,1,0.000288999988697469,3,177.543582115173,1,1.94682130994004,231.779998779297,1,18.8043994903564,36.6120986938477,0.0219000000506639,"3",0,0.000288999988697469,"3",164.164199829102,-65.0441,18.1451,21.7673864498164,50,50,50,50,50,50,0,10056,1,18,-65,0.0073,47,2026-06-01 10:27:45.001112,231.779998779297,1.0815,0,"aoml_apex",1027.31565027999
"1902800",6,0,2,0.0292,1,0.0073,1,0.000300000014249235,3,178.414082679749,1,1.9467250042803,241.169998168945,1,18.7282009124756,36.5993003845215,0.0292000006884336,"3",0.00335090467706323,0.000300000014249235,"3",164.969100952148,-65.0441,18.1451,21.7673864498164,50,50,50,50,50,50,0,10056,1,18,-65,0.0073,47,2026-06-01 10:27:45.001112,241.169998168945,1.0815,0,"aoml_apex",1027.36647220463
"1902800",6,0,2,0.0292,1,0.0073,1,0.000323999993270263,3,178.738965042114,1,1.94659853118889,250.789993286133,1,18.5585994720459,36.5746002197266,0.0292000006884336,"3",0.00335090467706323,0.000323999993270263,"3",165.269500732422,-65.0441,18.1451,21.7673864498164,50,50,50,50,50,50,0,10056,1,18,-65,0.0073,47,2026-06-01 10:27:45.001112,250.789993286133,1.0815,0,"aoml_apex",1027.43322156855
"1902800",6,0,2,0.0365,1,0.0146,1,0.000300000014249235,3,178.577720283508,1,1.94646356674848,261.609985351562,1,18.3740005493164,36.5442008972168,0.0364999994635582,"3",0.00670180935412645,0.000300000014249235,"3",165.120407104492,-65.0441,18.1451,21.7673864498164,50,50,50,50,50,50,0,10056,1,18,-65,0.0073,47,2026-06-01 10:27:45.001112,261.609985351562,1.0815,0,"aoml_apex",1027.50446202337
"1902800",6,0,2,0.0292,1,0.0073,1,0.000300000014249235,3,178.040749328613,1,1.94633747751267,271.489990234375,1,18.2059993743896,36.5189018249512,0.0292000006884336,"3",0.00335090467706323,0.000300000014249235,"3",164.623901367188,-65.0441,18.1451,21.7673864498164,50,50,50,50,50,50,0,10056,1,18,-65,0.0073,47,2026-06-01 10:27:45.001112,271.489990234375,1.0815,0,"aoml_apex",1027.57102666281
"1902800",6,0,2,0.0292,1,0.0073,1,0.000288000010186806,3,176.505334854126,1,1.94624044948985,281.109985351562,1,18.13330078125,36.5069007873535,0.0292000006884336,"3",0.00335090467706323,0.000288000010186806,"3",163.204193115234,-65.0441,18.1451,21.7673864498164,50,50,50,50,50,50,0,10056,1,18,-65,0.0073,47,2026-06-01 10:27:45.001112,281.109985351562,1.0815,0,"aoml_apex",1027.62225526874
"1902800",6,0,2,0.0292,1,0.0073,1,0.000300000014249235,3,172.561331954956,1,1.94607945947593,291.709991455078,1,17.8083000183105,36.4502983093262,0.0292000006884336,"3",0.00335090467706323,0.000300000014249235,"3",159.557403564453,-65.0441,18.1451,21.7673864498164,50,50,50,50,50,50,0,10056,1,18,-65,0.0073,47,2026-06-01 10:27:45.001112,291.709991455078,1.0815,0,"aoml_apex",1027.70726563169
"1902800",6,0,2,0.0292,1,0.0073,1,0.000288000010186806,3,170.77826625824,1,1.94595013203986,301.630004882812,1,17.6002006530762,36.4149017333984,0.0292000006884336,"3",0.00335090467706323,0.000288000010186806,"3",157.908706665039,-65.0441,18.1451,21.7673864498164,50,50,50,50,50,50,0,10056,1,18,-65,0.0073,47,2026-06-01 10:27:45.001112,301.630004882812,1.0815,0,"aoml_apex",1027.77556684019
"1902800",6,0,2,0.0292,1,0.0073,1,0.000276000006124377,3,168.684147193909,1,1.9458256179489,311.739990234375,1,17.4120006561279,36.3819999694824,0.0292000006884336,"3",0.00335090467706323,0.000276000006124377,"3",155.972396850586,-65.0441,18.1451,21.7673864498164,50,50,50,50,50,50,0,10056,1,18,-65,0.0073,47,2026-06-01 10:27:45.001112,311.739990234375,1.0815,0,"aoml_apex",1027.84133457355
"1902800",6,0,2,0.0292,1,0.0073,1,0.000276000006124377,3,165.684393997192,1,1.94570387946235,321.730010986328,1,17.2152996063232,36.3455009460449,0.0292000006884336,"3",0.00335090467706323,0.000276000006124377,"3",153.198699951172,-65.0441,18.1451,21.7673864498164,50,50,50,50,50,50,0,10056,1,18,-65,0.0073,47,2026-06-01 10:27:45.001112,321.730010986328,1.0815,0,"aoml_apex",1027.90564438441
"1902800",6,0,2,0.0292,1,0.0073,1,0.00032299998565577,3,160.918325019836,1,1.94548773887042,331.200012207031,1,16.6350994110107,36.2557983398438,0.0292000006884336,"3",0.00335090467706323,0.00032299998565577,"3",148.791793823242,-65.0441,18.1451,21.7673864498164,50,50,50,50,50,50,0,10056,1,18,-65,0.0073,47,2026-06-01 10:27:45.001112,331.200012207031,1.0815,0,"aoml_apex",1028.0198430658
"1902800",6,0,2,0.0219,1,0,1,0.000299000006634742,3,156.671288909912,1,1.94532831769246,341.529998779297,1,16.2229995727539,36.1778984069824,0.0219000000506639,"3",0,0.000299000006634742,"3",144.864807128906,-65.0441,18.1451,21.7673864498164,50,50,50,50,50,50,0,10056,1,18,-65,0.0073,47,2026-06-01 10:27:45.001112,341.529998779297,1.0815,0,"aoml_apex",1028.10409009641
"1902800",6,0,2,0.0292,1,0.0073,1,0.000311000010697171,3,152.788476837158,1,1.94515354355286,351.579986572266,1,15.7679996490479,36.101001739502,0.0292000006884336,"3",0.00335090467706323,0.000311000010697171,"3",141.274597167969,-65.0441,18.1451,21.7673864498164,50,50,50,50,50,50,0,10056,1,18,-65,0.0073,47,2026-06-01 10:27:45.001112,351.579986572266,1.0815,0,"aoml_apex",1028.19646635554
"1902800",6,0,2,0.0219,1,0,1,0.000334000011207536,3,150.676749732971,1,1.94503925135835,361.549987792969,1,15.6036996841431,36.0727996826172,0.0219000000506639,"3",0,0.000334000011207536,"3",139.322006225586,-65.0441,18.1451,21.7673864498164,50,50,50,50,50,50,0,10056,1,18,-65,0.0073,47,2026-06-01 10:27:45.001112,361.549987792969,1.0815,0,"aoml_apex",1028.25688407227
"1902800",6,0,2,0.0292,1,0.0073,1,0.000274999998509884,3,145.800263328552,1,1.94475470741311,381.589996337891,1,14.9870004653931,35.9695014953613,0.0292000006884336,"3",0.00335090467706323,0.000274999998509884,"3",134.813003540039,-65.0441,18.1451,21.7673864498164,50,50,50,50,50,50,0,10056,1,18,-65,0.0073,47,2026-06-01 10:27:45.001112,381.589996337891,1.0815,0,"aoml_apex",1028.40733197678
"1902800",6,0,2,0.0365,1,0.0146,1,0.000287000002572313,3,143.233103530884,1,1.94453036588903,400.959991455078,1,14.6598997116089,35.9169006347656,0.0364999994635582,"3",0.00670180935412645,0.000287000002572313,"3",132.439300537109,-65.0441,18.1451,21.7673864498164,50,50,50,50,50,50,0,10056,1,18,-65,0.0073,47,2026-06-01 10:27:45.001112,400.959991455078,1.0815,0,"aoml_apex",1028.52597988903
"1902800",6,0,2,0.0365,1,0.0146,1,0.00028599999495782,3,134.72148102951,1,1.94391444243827,451.579986572266,1,13.5425996780396,35.7314987182617,0.0364999994635582,"3",0.00670180935412645,0.00028599999495782,"3",124.56909942627,-65.0441,18.1451,21.7673864498164,50,50,50,50,50,50,0,10056,1,18,-65,0.0073,47,2026-06-01 10:27:45.001112,451.579986572266,1.0815,0,"aoml_apex",1028.85186525564
"1902800",6,0,2,0.0365,1,0.0146,1,0.000296999991405755,3,129.993268512726,4,1.94325412690422,501.609985351562,1,12.1037998199463,35.5088996887207,0.0364999994635582,"3",0.00670180935412645,0.000296999991405755,"3",120.197196960449,-65.0441,18.1451,21.7673864498164,50,50,50,50,50,50,0,10056,1,18,-65,0.0073,47,2026-06-01 10:27:45.001112,501.609985351562,1.0815,0,"aoml_apex",1029.201467945
"1902800",7,0.0511,2,0.073,1,0.0511,1,0.000704000005498528,3,198.477412696838,1,1.95471296077872,7.75,1,28.1112003326416,36.0326995849609,0.0729999989271164,"3",0.0234563332051039,0.000704000005498528,"3",183.520492553711,-65.051,18.1357,21.7673976090133,50,50,50,50,50,50,0.0511,10056,1,18,-65,0.0073,47,2026-06-01 23:12:25.002485,7.75,1.0815,0,"aoml_apex",1023.16812756142
"1902800",7,0.0584,2,0.0803,1,0.0584,1,0.000656999996863306,3,198.36765536499,1,1.95468479651463,11.6400003433228,1,28.1179008483887,36.0331001281738,0.0803000032901764,"3",0.0268072374165058,0.000656999996863306,"3",183.419006347656,-65.051,18.1357,21.7673976090133,50,50,50,50,50,50,0.0584,10056,1,18,-65,0.0073,47,2026-06-01 23:12:25.002485,11.6400003433228,1.0815,0,"aoml_apex",1023.1828699779
"1902800",7,0.0657,2,0.0876,1,0.0657,1,0.000904000014998019,3,198.450711845398,1,1.9546350277167,16.8400001525879,1,28.1019992828369,36.0312004089355,0.0876000002026558,"3",0.0301581434905529,0.000904000014998019,"3",183.495803833008,-65.051,18.1357,21.7673976090133,50,50,50,50,50,50,0.0657,10056,1,18,-65,0.0073,47,2026-06-01 23:12:25.002485,16.8400001525879,1.0815,0,"aoml_apex",1023.20892219776
"1902800",7,0.0584,2,0.0803,1,0.0584,1,0.000727000006008893,3,198.251825157166,1,1.95459789372591,21.7299995422363,1,28.1112995147705,36.0332984924316,0.0803000032901764,"3",0.0268072374165058,0.000727000006008893,"3",183.311904907227,-65.051,18.1357,21.7673976090133,50,50,50,50,50,50,0.0584,10056,1,18,-65,0.0073,47,2026-06-01 23:12:25.002485,21.7299995422363,1.0815,0,"aoml_apex",1023.22836140356
"1902800",7,0.0876,2,0.1095,1,0.0876,1,0.000857000006362796,3,198.706911300659,1,1.95446800647116,26.4899997711182,1,27.9699993133545,36.0349006652832,0.109499998390675,"3",0.0402108579874039,0.000857000006362796,"3",183.732696533203,-65.051,18.1357,21.7673976090133,50,50,50,50,50,50,0.0876,10056,1,18,-65,0.0073,47,2026-06-01 23:12:25.002485,26.4899997711182,1.0815,0,"aoml_apex",1023.29636165856
"1902800",7,0.1022,2,0.1241,1,0.1022,1,0.00158599996939301,3,198.79678326416,1,1.95432840782531,31.9500007629395,1,27.8859996795654,36.0643997192383,0.124099999666214,"3",0.0469126664102077,0.00158599996939301,"3",183.815795898438,-65.051,18.1357,21.7673976090133,50,50,50,50,50,50,0.1022,10056,1,18,-65,0.0073,47,2026-06-01 23:12:25.002485,31.9500007629395,1.0815,0,"aoml_apex",1023.36945622436
"1902800",7,0.1168,2,0.1387,1,0.1168,1,0.000785999989602715,3,198.314220657349,1,1.95420657355517,36.8300018310547,1,27.8295993804932,36.0969009399414,0.138699993491173,"3",0.0536144748330116,0.000785999989602715,"3",183.369598388672,-65.051,18.1357,21.7673976090133,50,50,50,50,50,50,0.1168,10056,1,18,-65,0.0073,47,2026-06-01 23:12:25.002485,36.8300018310547,1.0815,0,"aoml_apex",1023.43325780627
"1902800",7,0.1898,2,0.2117,1,0.1898,1,0.000655999989248812,3,199.019680915833,1,1.95374766719984,41.8499984741211,1,27.6065998077393,36.2910003662109,0.21170000731945,"3",0.0871235281229019,0.000655999989248812,"3",184.021896362305,-65.051,18.1357,21.7673976090133,50,50,50,50,50,50,0.1898,10056,1,18,-65,0.0073,47,2026-06-01 23:12:25.002485,41.8499984741211,1.0815,0,"aoml_apex",1023.67364710226
"1902800",7,0.1095,2,0.1314,1,0.1095,1,0.000620000006165355,3,202.06130065155,1,1.95316570972648,46.8600006103516,1,27.2863006591797,36.5293998718262,0.131400004029274,"3",0.0502635724842548,0.000620000006165355,"3",186.83430480957,-65.051,18.1357,21.7673976090133,50,50,50,50,50,50,0.1095,10056,1,18,-65,0.0073,47,2026-06-01 23:12:25.002485,46.8600006103516,1.0815,0,"aoml_apex",1023.97865682379
"1902800",7,0.0949,2,0.1168,1,0.0949,1,0.000655999989248812,3,202.502112236023,1,1.95290365692485,51.6599998474121,1,27.1795997619629,36.6386985778809,0.116800002753735,"3",0.043561764061451,0.000655999989248812,"3",187.241897583008,-65.051,18.1357,21.7673976090133,50,50,50,50,50,50,0.0949,10056,1,18,-65,0.0073,47,2026-06-01 23:12:25.002485,51.6599998474121,1.0815,0,"aoml_apex",1024.11606067107
"1902800",7,0.1022,2,0.1241,1,0.1022,1,0.000597000005654991,3,201.622535362244,1,1.95264679775835,56.7999992370605,1,26.9890003204346,36.7066993713379,0.124099999666214,"3",0.0469126664102077,0.000597000005654991,"3",186.428604125977,-65.051,18.1357,21.7673976090133,50,50,50,50,50,50,0.1022,10056,1,18,-65,0.0073,47,2026-06-01 23:12:25.002485,56.7999992370605,1.0815,0,"aoml_apex",1024.25077709702
"1902800",7,0.1168,2,0.1387,1,0.1168,1,0.000620000006165355,3,199.992595252991,1,1.95250275806782,61.939998626709,1,26.9037990570068,36.7414016723633,0.138699993491173,"3",0.0536144748330116,0.000620000006165355,"3",184.921493530273,-65.051,18.1357,21.7673976090133,50,50,50,50,50,50,0.1168,10056,1,18,-65,0.0073,47,2026-06-01 23:12:25.002485,61.939998626709,1.0815,0,"aoml_apex",1024.32633794545
"1902800",7,0.1533,2,0.1752,1,0.1533,1,0.000631999981123954,3,199.426646118164,1,1.95236613031504,66.870002746582,1,26.8267993927002,36.7756996154785,0.175200000405312,"3",0.0703689977526665,0.000631999981123954,"3",184.398193359375,-65.051,18.1357,21.7673976090133,50,50,50,50,50,50,0.1533,10056,1,18,-65,0.0073,47,2026-06-01 23:12:25.002485,66.870002746582,1.0815,0,"aoml_apex",1024.39802091694
"1902800",7,0.1825,2,0.2044,1,0.1825,1,0.000678999989759177,3,199.594722862244,1,1.95220217003046,71.8899993896484,1,26.7420997619629,36.8252983093262,0.20440000295639,"3",0.0837726220488548,0.000678999989759177,"3",184.553604125977,-65.051,18.1357,21.7673976090133,50,50,50,50,50,50,0.1825,10056,1,18,-65,0.0073,47,2026-06-01 23:12:25.002485,71.8899993896484,1.0815,0,"aoml_apex",1024.48405739083
"1902800",7,0.2117,2,0.2336,1,0.2117,1,0.00064300000667572,3,200.475388893127,1,1.95202098412846,76.7799987792969,1,26.6467990875244,36.8832015991211,0.233600005507469,"3",0.0971762388944626,0.00064300000667572,"3",185.367904663086,-65.051,18.1357,21.7673976090133,50,50,50,50,50,50,0.2117,10056,1,18,-65,0.0073,47,2026-06-01 23:12:25.002485,76.7799987792969,1.0815,0,"aoml_apex",1024.57914964114
"1902800",7,0.2409,2,0.2628,1,0.2409,1,0.000677999982144684,3,200.399362426758,1,1.95195663617074,81.8399963378906,1,26.6305999755859,36.8923988342285,0.262800008058548,"3",0.110579863190651,0.000677999982144684,"3",185.297607421875,-65.051,18.1357,21.7673976090133,50,50,50,50,50,50,0.2409,10056,1,18,-65,0.0073,47,2026-06-01 23:12:25.002485,81.8399963378906,1.0815,0,"aoml_apex",1024.61292578892
"1902800",7,0.2336,2,0.2555,1,0.2336,1,0.000620000006165355,3,199.627051025391,1,1.95189912796215,86.879997253418,1,26.6196994781494,36.8992004394531,0.255499988794327,"3",0.107228949666023,0.000620000006165355,"3",184.58349609375,-65.051,18.1357,21.7673976090133,50,50,50,50,50,50,0.2336,10056,1,18,-65,0.0073,47,2026-06-01 23:12:25.002485,86.879997253418,1.0815,0,"aoml_apex",1024.643113647
"1902800",7,0.2847,2,0.3066,1,0.2847,1,0.000677999982144684,3,197.889729927063,1,1.95174667048642,91.4899978637695,1,26.512300491333,36.9337005615234,0.306600004434586,"3",0.130685284733772,0.000677999982144684,"3",182.977096557617,-65.051,18.1357,21.7673976090133,50,50,50,50,50,50,0.2847,10056,1,18,-65,0.0073,47,2026-06-01 23:12:25.002485,91.4899978637695,1.0815,0,"aoml_apex",1024.72315195576
"1902800",7,0.2774,2,0.2993,1,0.2774,1,0.000618999998550862,3,197.732264213562,1,1.95157734946838,96.7799987792969,1,26.4207992553711,36.9828987121582,0.299299985170364,"3",0.127334386110306,0.000618999998550862,"3",182.831497192383,-65.051,18.1357,21.7673976090133,50,50,50,50,50,50,0.2774,10056,1,18,-65,0.0073,47,2026-06-01 23:12:25.002485,96.7799987792969,1.0815,0,"aoml_apex",1024.81205807436
"1902800",7,0.2993,2,0.3212,1,0.2993,1,0.000618999998550862,3,195.475613204956,1,1.95143354104045,101.709999084473,1,26.3225002288818,37.013599395752,0.321200013160706,"3",0.137387096881866,0.000618999998550862,"3",180.744903564453,-65.051,18.1357,21.7673976090133,50,50,50,50,50,50,0.2993,10056,1,18,-65,0.0073,47,2026-06-01 23:12:25.002485,101.709999084473,1.0815,0,"aoml_apex",1024.88758030348
"1902800",7,0.219,2,0.2409,1,0.219,1,0.000465999997686595,3,192.661973854065,1,1.9507943247042,111.73999786377,1,25.8146991729736,37.1890983581543,0.240899994969368,"3",0.10052714496851,0.000465999997686595,"3",178.143295288086,-65.051,18.1357,21.7673976090133,50,50,50,50,50,50,0.219,10056,1,18,-65,0.0073,47,2026-06-01 23:12:25.002485,111.73999786377,1.0815,0,"aoml_apex",1025.22340498569
"1902800",7,0.292,2,0.3139,1,0.292,1,0.000513000006321818,3,189.185384376526,1,1.95027043152733,121.940002441406,1,25.3148002624512,37.2891006469727,0.313899993896484,"3",0.134036183357239,0.000513000006321818,"3",174.928695678711,-65.051,18.1357,21.7673976090133,50,50,50,50,50,50,0.292,10056,1,18,-65,0.0073,47,2026-06-01 23:12:25.002485,121.940002441406,1.0815,0,"aoml_apex",1025.49880655973
"1902800",7,0.2555,2,0.2774,1,0.2555,1,0.000653999974019825,3,185.839114196777,1,1.9499707525397,131.949996948242,1,25.0097007751465,37.3158988952637,0.277399986982346,"3",0.117281675338745,0.000653999974019825,"3",171.834594726562,-65.051,18.1357,21.7673976090133,50,50,50,50,50,50,0.2555,10056,1,18,-65,0.0073,47,2026-06-01 23:12:25.002485,131.949996948242,1.0815,0,"aoml_apex",1025.65640915134
"1902800",7,0.1971,2,0.219,1,0.1971,1,0.000429999985499308,3,180.979509727478,1,1.94960058605571,141.929992675781,1,24.538200378418,37.3255996704102,0.218999996781349,"3",0.0904744267463684,0.000429999985499308,"3",167.341201782227,-65.051,18.1357,21.7673976090133,50,50,50,50,50,50,0.1971,10056,1,18,-65,0.0073,47,2026-06-01 23:12:25.002485,141.929992675781,1.0815,0,"aoml_apex",1025.85114833508
"1902800",7,0.1533,2,0.1752,1,0.1533,1,0.000453999993624166,3,177.178037887573,1,1.94937831504275,151.539993286133,1,24.2248992919922,37.2999000549316,0.175200000405312,"3",0.0703689977526665,0.000453999993624166,"3",163.826202392578,-65.051,18.1357,21.7673976090133,50,50,50,50,50,50,0.1533,10056,1,18,-65,0.0073,47,2026-06-01 23:12:25.002485,151.539993286133,1.0815,0,"aoml_apex",1025.9681174078
"1902800",7,0.1387,2,0.1606,1,0.1387,1,0.000429999985499308,3,171.433971839905,1,1.94892798299704,161.949996948242,1,23.2987995147705,37.1883010864258,0.160600006580353,"3",0.0636671930551529,0.000429999985499308,"3",158.514999389648,-65.051,18.1357,21.7673976090133,50,50,50,50,50,50,0.1387,10056,1,18,-65,0.0073,47,2026-06-01 23:12:25.002485,161.949996948242,1.0815,0,"aoml_apex",1026.20518431082
"1902800",7,0.1168,2,0.1387,1,0.1168,1,0.000395000010030344,3,170.311166381836,1,1.94856237296529,171.600006103516,1,22.6891994476318,37.1519012451172,0.138699993491173,"3",0.0536144748330116,0.000395000010030344,"3",157.476806640625,-65.051,18.1357,21.7673976090133,50,50,50,50,50,50,0.1168,10056,1,18,-65,0.0073,47,2026-06-01 23:12:25.002485,171.600006103516,1.0815,0,"aoml_apex",1026.39773186035
"1902800",7,0.0949,2,0.1168,1,0.0949,1,0.000441999989561737,3,167.84642035675,1,1.94829448894846,181.429992675781,1,22.1977996826172,37.095100402832,0.116800002753735,"3",0.043561764061451,0.000441999989561737,"3",155.197799682617,-65.051,18.1357,21.7673976090133,50,50,50,50,50,50,0.0949,10056,1,18,-65,0.0073,47,2026-06-01 23:12:25.002485,181.429992675781,1.0815,0,"aoml_apex",1026.53885813712
"1902800",7,0.0365,2,0.0584,1,0.0365,1,0.000323999993270263,3,167.686792831421,1,1.94791453534107,191.899993896484,1,21.3036003112793,36.9659004211426,0.0584000013768673,"3",0.0167545229196548,0.000323999993270263,"3",155.050201416016,-65.051,18.1357,21.7673976090133,50,50,50,50,50,50,0.0365,10056,1,18,-65,0.0073,47,2026-06-01 23:12:25.002485,191.899993896484,1.0815,0,"aoml_apex",1026.73909132764
"1902800",7,0.0219,2,0.0438,1,0.0219,1,0.000335999997332692,3,170.253952629089,1,1.94751876643331,201.509994506836,1,20.3258991241455,36.8314018249512,0.0438000001013279,"3",0.010052714496851,0.000335999997332692,"3",157.423904418945,-65.051,18.1357,21.7673976090133,50,50,50,50,50,50,0.0219,10056,1,18,-65,0.0073,47,2026-06-01 23:12:25.002485,201.509994506836,1.0815,0,"aoml_apex",1026.9477421585
"1902800",7,0.0073,2,0.0292,1,0.0073,1,0.000429999985499308,3,171.325930755615,1,1.94733599634967,211.610000610352,1,20.0041999816895,36.7863006591797,0.0292000006884336,"3",0.00335090467706323,0.000429999985499308,"3",158.415100097656,-65.051,18.1357,21.7673976090133,50,50,50,50,50,50,0.0073,10056,1,18,-65,0.0073,47,2026-06-01 23:12:25.002485,211.610000610352,1.0815,0,"aoml_apex",1027.04412784905
"1902800",7,0.0073,2,0.0292,1,0.0073,1,0.000300999992759898,3,171.3901745224,1,1.94716173190997,221.009994506836,1,19.7362995147705,36.7592010498047,0.0292000006884336,"3",0.00335090467706323,0.000300999992759898,"3",158.474502563477,-65.051,18.1357,21.7673976090133,50,50,50,50,50,50,0.0073,10056,1,18,-65,0.0073,47,2026-06-01 23:12:25.002485,221.009994506836,1.0815,0,"aoml_apex",1027.1360448514
"1902800",7,0,2,0.0219,1,0,1,0.000288999988697469,3,173.676892868042,1,1.94699619852902,231.610000610352,1,19.4223003387451,36.7039985656738,0.0219000000506639,"3",0,0.000288999988697469,"3",160.588897705078,-65.051,18.1357,21.7673976090133,50,50,50,50,50,50,0,10056,1,18,-65,0.0073,47,2026-06-01 23:12:25.002485,231.610000610352,1.0815,0,"aoml_apex",1027.22337183351
"1902800",7,0.0073,2,0.0292,1,0.0073,1,0.000300000014249235,3,177.928912696838,1,1.946843732425,241.649993896484,1,19.1816997528076,36.6692008972168,0.0292000006884336,"3",0.00335090467706323,0.000300000014249235,"3",164.520492553711,-65.051,18.1357,21.7673976090133,50,50,50,50,50,50,0.0073,10056,1,18,-65,0.0073,47,2026-06-01 23:12:25.002485,241.649993896484,1.0815,0,"aoml_apex",1027.30381832382
"1902800",7,0,2,0.0219,1,0,1,0.000300000014249235,3,177.998569244385,1,1.94668444989987,251.860000610352,1,18.9347991943359,36.6366004943848,0.0219000000506639,"3",0,0.000300000014249235,"3",164.584899902344,-65.051,18.1357,21.7673976090133,50,50,50,50,50,50,0,10056,1,18,-65,0.0073,47,2026-06-01 23:12:25.002485,251.860000610352,1.0815,0,"aoml_apex",1027.38787485711
"1902800",7,0,2,0.0292,1,0.0073,1,0.000323999993270263,3,177.365026359558,1,1.94658318147818,260.929992675781,1,18.8246002197266,36.6174011230469,0.0292000006884336,"3",0.00335090467706323,0.000323999993270263,"3",163.999099731445,-65.051,18.1357,21.7673976090133,50,50,50,50,50,50,0,10056,1,18,-65,0.0073,47,2026-06-01 23:12:25.002485,260.929992675781,1.0815,0,"aoml_apex",1027.44132335576
"1902800",7,0,2,0.0219,1,0,1,0.000300000014249235,3,178.59112021637,1,1.94641121310434,271.350006103516,1,18.4937000274658,36.564998626709,0.0219000000506639,"3",0,0.000300000014249235,"3",165.132797241211,-65.051,18.1357,21.7673976090133,50,50,50,50,50,50,0,10056,1,18,-65,0.0073,47,2026-06-01 23:12:25.002485,271.350006103516,1.0815,0,"aoml_apex",1027.53209935027
"1902800",7,0,2,0.0292,1,0.0073,1,0.000300000014249235,3,177.784648887634,1,1.94626676009213,281.079986572266,1,18.234899520874,36.5227012634277,0.0292000006884336,"3",0.00335090467706323,0.000300000014249235,"3",164.387100219727,-65.051,18.1357,21.7673976090133,50,50,50,50,50,50,0,10056,1,18,-65,0.0073,47,2026-06-01 23:12:25.002485,281.079986572266,1.0815,0,"aoml_apex",1027.60836335988
"1902800",7,0,2,0.0292,1,0.0073,1,0.000311999989207834,3,176.056519615173,1,1.94614760298888,291.429992675781,1,18.0844993591309,36.4959983825684,0.0292000006884336,"3",0.00335090467706323,0.000311999989207834,"3",162.789199829102,-65.051,18.1357,21.7673976090133,50,50,50,50,50,50,0,10056,1,18,-65,0.0073,47,2026-06-01 23:12:25.002485,291.429992675781,1.0815,0,"aoml_apex",1027.67128090819
"1902800",7,0,2,0.0292,1,0.0073,1,0.000288000010186806,3,174.413295089722,1,1.9460498841837,300.869995117188,1,18.0069999694824,36.484001159668,0.0292000006884336,"3",0.00335090467706323,0.000288000010186806,"3",161.269805908203,-65.051,18.1357,21.7673976090133,50,50,50,50,50,50,0,10056,1,18,-65,0.0073,47,2026-06-01 23:12:25.002485,300.869995117188,1.0815,0,"aoml_apex",1027.72288431801
"1902800",7,0,2,0.0219,1,0,1,0.000288000010186806,3,172.379211685181,1,1.94591923134388,311.779998779297,1,17.82200050354,36.451000213623,0.0219000000506639,"3",0,0.000288000010186806,"3",159.389007568359,-65.051,18.1357,21.7673976090133,50,50,50,50,50,50,0,10056,1,18,-65,0.0073,47,2026-06-01 23:12:25.002485,311.779998779297,1.0815,0,"aoml_apex",1027.79188765136
"1902800",7,0,2,0.0292,1,0.0073,1,0.000288000010186806,3,168.842273002624,1,1.94578588196798,321.630004882812,1,17.6004009246826,36.4142990112305,0.0292000006884336,"3",0.00335090467706323,0.000288000010186806,"3",156.118606567383,-65.051,18.1357,21.7673976090133,50,50,50,50,50,50,0,10056,1,18,-65,0.0073,47,2026-06-01 23:12:25.002485,321.630004882812,1.0815,0,"aoml_apex",1027.86232469586
"1902800",7,0,2,0.0292,1,0.0073,1,0.00032299998565577,3,167.594643539429,1,1.94567326080544,329.549987792969,1,17.4167003631592,36.3871002197266,0.0292000006884336,"3",0.00335090467706323,0.00032299998565577,"3",154.964996337891,-65.051,18.1357,21.7673976090133,50,50,50,50,50,50,0,10056,1,18,-65,0.0073,47,2026-06-01 23:12:25.002485,329.549987792969,1.0815,0,"aoml_apex",1027.92182032253
"1902800",7,0,2,0.0219,1,0,1,0.000276000006124377,3,167.275058441162,1,1.9455290852624,341.269989013672,1,17.1651000976562,36.3385009765625,0.0219000000506639,"3",0,0.000276000006124377,"3",154.669494628906,-65.051,18.1357,21.7673976090133,50,50,50,50,50,50,0,10056,1,18,-65,0.0073,47,2026-06-01 23:12:25.002485,341.269989013672,1.0815,0,"aoml_apex",1027.99799558394
"1902800",7,0,2,0.0292,1,0.0073,1,0.000288000010186806,3,160.133702842712,1,1.94531438743173,351.890014648438,1,16.5886993408203,36.2425994873047,0.0292000006884336,"3",0.00335090467706323,0.000288000010186806,"3",148.066299438477,-65.051,18.1357,21.7673976090133,50,50,50,50,50,50,0,10056,1,18,-65,0.0073,47,2026-06-01 23:12:25.002485,351.890014648438,1.0815,0,"aoml_apex",1028.11145227814
"1902800",7,0,2,0.0292,1,0.0073,1,0.000288000010186806,3,154.355460365295,1,1.9451312795905,361.369995117188,1,16.0823001861572,36.1567993164062,0.0292000006884336,"3",0.00335090467706323,0.000288000010186806,"3",142.723495483398,-65.051,18.1357,21.7673976090133,50,50,50,50,50,50,0,10056,1,18,-65,0.0073,47,2026-06-01 23:12:25.002485,361.369995117188,1.0815,0,"aoml_apex",1028.20823508686
"1902800",7,0,2,0.0365,1,0.0146,1,0.000287000002572313,3,147.202536598206,1,1.94482085028622,381.209991455078,1,15.2799997329712,36.0133018493652,0.0364999994635582,"3",0.00670180935412645,0.000287000002572313,"3",136.109603881836,-65.051,18.1357,21.7673976090133,50,50,50,50,50,50,0,10056,1,18,-65,0.0073,47,2026-06-01 23:12:25.002485,381.209991455078,1.0815,0,"aoml_apex",1028.37235609936
"1902800",7,0,2,0.0365,1,0.0146,1,0.000299000006634742,3,145.516257362366,1,1.94456530955399,401.040008544922,1,14.8472003936768,35.9472999572754,0.0364999994635582,"3",0.00670180935412645,0.000299000006634742,"3",134.550399780273,-65.051,18.1357,21.7673976090133,50,50,50,50,50,50,0,10056,1,18,-65,0.0073,47,2026-06-01 23:12:25.002485,401.040008544922,1.0815,0,"aoml_apex",1028.50749736903
"1902800",7,0,2,0.0292,1,0.0073,1,0.000297999999020249,3,136.042315052032,1,1.94392693585087,451.679992675781,1,13.7028999328613,35.7672004699707,0.0292000006884336,"3",0.00335090467706323,0.000297999999020249,"3",125.790397644043,-65.051,18.1357,21.7673976090133,50,50,50,50,50,50,0,10056,1,18,-65,0.0073,47,2026-06-01 23:12:25.002485,451.679992675781,1.0815,0,"aoml_apex",1028.84525293364
"1902800",7,0,2,0.0365,1,0.0146,1,0.000284999987343326,3,130.208814353943,4,1.9432672998566,501.640014648438,1,12.2014999389648,35.5252990722656,0.0364999994635582,"3",0.00670180935412645,0.000284999987343326,"3",120.396499633789,-65.051,18.1357,21.7673976090133,50,50,50,50,50,50,0,10056,1,18,-65,0.0073,47,2026-06-01 23:12:25.002485,501.640014648438,1.0815,0,"aoml_apex",1029.1944912301
"1902800",8,0.0438,2,0.0657,1,0.0438,1,0.000728000013623387,1,196.791034446716,1,1.95499306211429,7.80999994277954,1,28.3386993408203,35.937198638916,0.065700002014637,"3",0.0201054289937019,0.000728000013623387,"1",181.961196899414,-65.241,18.0912,17.8912246325429,50,50,50,50,50,50,0.0438,10056,1,18,-65,0.0073,47,2026-06-12 04:41:32.000489,7.80999994277954,1.0815,0,"aoml_apex",1023.02153330255
"1902800",8,0.0584,2,0.0803,1,0.0584,1,0.000622000021394342,1,196.904917373657,1,1.95495035915809,11.6599998474121,1,28.3414001464844,35.9462013244629,0.0803000032901764,"3",0.0268072374165058,0.000622000021394342,"1",182.066497802734,-65.241,18.0912,17.8912246325429,50,50,50,50,50,50,0.0584,10056,1,18,-65,0.0073,47,2026-06-12 04:41:32.000489,11.6599998474121,1.0815,0,"aoml_apex",1023.04387967238
"1902800",8,0.0511,2,0.073,1,0.0511,1,0.000622000021394342,1,197.083143081665,1,1.95487634561584,16.6800003051758,1,28.3414993286133,35.9692001342773,0.0729999989271164,"3",0.0234563332051039,0.000622000021394342,"1",182.231292724609,-65.241,18.0912,17.8912246325429,50,50,50,50,50,50,0.0511,10056,1,18,-65,0.0073,47,2026-06-12 04:41:32.000489,16.6800003051758,1.0815,0,"aoml_apex",1023.08261312044
"1902800",8,0.1022,2,0.1241,1,0.1022,1,0.000821000023279339,1,197.759410629272,1,1.95461105952374,21.8799991607666,1,28.224100112915,36.0727005004883,0.124099999666214,"3",0.0469126664102077,0.000821000023279339,"1",182.856597900391,-65.241,18.0912,17.8912246325429,50,50,50,50,50,50,0.1022,10056,1,18,-65,0.0073,47,2026-06-12 04:41:32.000489,21.8799991607666,1.0815,0,"aoml_apex",1023.2214691793
"1902800",8,0.0949,2,0.1168,1,0.0949,1,0.000702999997884035,1,198.88439440155,1,1.95409294495995,26.3999996185303,1,27.8932991027832,36.2630004882812,0.116800002753735,"3",0.043561764061451,0.000702999997884035,"1",183.89680480957,-65.241,18.0912,17.8912246325429,50,50,50,50,50,50,0.0949,10056,1,18,-65,0.0073,47,2026-06-12 04:41:32.000489,26.3999996185303,1.0815,0,"aoml_apex",1023.49276945012
"1902800",8,0.0949,2,0.1168,1,0.0949,1,0.000727000006008893,1,199.285303230286,1,1.95401934682832,31.9200000762939,1,27.8553009033203,36.266300201416,0.116800002753735,"3",0.043561764061451,0.000727000006008893,"1",184.267501831055,-65.241,18.0912,17.8912246325429,50,50,50,50,50,50,0.0949,10056,1,18,-65,0.0073,47,2026-06-12 04:41:32.000489,31.9200000762939,1.0815,0,"aoml_apex",1023.53131930158
"1902800",8,0.1022,2,0.1241,1,0.1022,1,0.00104400003328919,1,199.722220252991,1,1.95393769723189,36.8300018310547,1,27.8239994049072,36.2816009521484,0.124099999666214,"3",0.0469126664102077,0.00104400003328919,"1",184.671493530273,-65.241,18.0912,17.8912246325429,50,50,50,50,50,50,0.1022,10056,1,18,-65,0.0073,47,2026-06-12 04:41:32.000489,36.8300018310547,1.0815,0,"aoml_apex",1023.57408981533
"1902800",8,0.0949,2,0.1168,1,0.0949,1,0.000644000014290214,1,201.582088027954,1,1.95368694768725,41.9099998474121,1,27.7394008636475,36.3904991149902,0.116800002753735,"3",0.043561764061451,0.000644000014290214,"1",186.391204833984,-65.241,18.0912,17.8912246325429,50,50,50,50,50,50,0.0949,10056,1,18,-65,0.0073,47,2026-06-12 04:41:32.000489,41.9099998474121,1.0815,0,"aoml_apex",1023.70546231451
"1902800",8,0.1095,2,0.1314,1,0.1095,1,0.000691000022925436,1,201.266711036682,1,1.95352638997242,46.8800010681152,1,27.6580009460449,36.4387016296387,0.131400004029274,"3",0.0502635724842548,0.000691000022925436,"1",186.099594116211,-65.241,18.0912,17.8912246325429,50,50,50,50,50,50,0.1095,10056,1,18,-65,0.0073,47,2026-06-12 04:41:32.000489,46.8800010681152,1.0815,0,"aoml_apex",1023.78959929394
"1902800",8,0.1095,2,0.1314,1,0.1095,1,0.000621000013779849,1,200.273135719299,1,1.95328332840374,51.8800010681152,1,27.5023002624512,36.5121002197266,0.131400004029274,"3",0.0502635724842548,0.000621000013779849,"1",185.180892944336,-65.241,18.0912,17.8912246325429,50,50,50,50,50,50,0.1095,10056,1,18,-65,0.0073,47,2026-06-12 04:41:32.000489,51.8800010681152,1.0815,0,"aoml_apex",1023.91699704642
"1902800",8,0.1387,2,0.1606,1,0.1387,1,0.000620000006165355,1,199.146105651855,1,1.95315839143868,56.5800018310547,1,27.4097003936768,36.532398223877,0.160600006580353,"3",0.0636671930551529,0.000620000006165355,"1",184.138793945312,-65.241,18.0912,17.8912246325429,50,50,50,50,50,50,0.1387,10056,1,18,-65,0.0073,47,2026-06-12 04:41:32.000489,56.5800018310547,1.0815,0,"aoml_apex",1023.9824935687
"1902800",8,0.146,2,0.1679,1,0.146,1,0.000597000005654991,1,199.698539337158,1,1.9528212458404,61.8499984741211,1,27.1884994506836,36.6419982910156,0.167899996042252,"3",0.0670180916786194,0.000597000005654991,"1",184.649597167969,-65.241,18.0912,17.8912246325429,50,50,50,50,50,50,0.146,10056,1,18,-65,0.0073,47,2026-06-12 04:41:32.000489,61.8499984741211,1.0815,0,"aoml_apex",1024.15927943231
"1902800",8,0.1533,2,0.1752,1,0.1533,1,0.000620000006165355,1,199.925447067261,1,1.95274076991836,66.5800018310547,1,27.1562004089355,36.657299041748,0.175200000405312,"3",0.0703689977526665,0.000620000006165355,"1",184.859405517578,-65.241,18.0912,17.8912246325429,50,50,50,50,50,50,0.1533,10056,1,18,-65,0.0073,47,2026-06-12 04:41:32.000489,66.5800018310547,1.0815,0,"aoml_apex",1024.20148685871
"1902800",8,0.1314,2,0.1533,1,0.1314,1,0.000607999972999096,1,200.068093643188,1,1.95266581939834,71.4400024414062,1,27.1270999908447,36.6693992614746,0.153300002217293,"3",0.0603162869811058,0.000607999972999096,"1",184.991302490234,-65.241,18.0912,17.8912246325429,50,50,50,50,50,50,0.1314,10056,1,18,-65,0.0073,47,2026-06-12 04:41:32.000489,71.4400024414062,1.0815,0,"aoml_apex",1024.24079949136
"1902800",8,0.1752,2,0.1971,1,0.1752,1,0.000572999997530133,1,200.19311567688,1,1.95259087130119,76.8000030517578,1,27.1004009246826,36.6796989440918,0.19709999859333,"3",0.0804217159748077,0.000572999997530133,"1",185.106903076172,-65.241,18.0912,17.8912246325429,50,50,50,50,50,50,0.1752,10056,1,18,-65,0.0073,47,2026-06-12 04:41:32.000489,76.8000030517578,1.0815,0,"aoml_apex",1024.28011387107
"1902800",8,0.1679,2,0.1898,1,0.1679,1,0.000607999972999096,1,200.576399963379,1,1.95233639274364,81.6100006103516,1,26.9230003356934,36.7537002563477,0.18979999423027,"3",0.0770708099007607,0.000607999972999096,"1",185.461303710938,-65.241,18.0912,17.8912246325429,50,50,50,50,50,50,0.1679,10056,1,18,-65,0.0073,47,2026-06-12 04:41:32.000489,81.6100006103516,1.0815,0,"aoml_apex",1024.41362432904
"1902800",8,0.1898,2,0.2117,1,0.1898,1,0.000584999972488731,1,200.100751853943,1,1.95213437511143,86.75,1,26.8045997619629,36.8147010803223,0.21170000731945,"3",0.0871235281229019,0.000584999972488731,"1",185.021499633789,-65.241,18.0912,17.8912246325429,50,50,50,50,50,50,0.1898,10056,1,18,-65,0.0073,47,2026-06-12 04:41:32.000489,86.75,1.0815,0,"aoml_apex",1024.51963630108
"1902800",8,0.1971,2,0.219,1,0.1971,1,0.000572999997530133,1,199.597198219299,1,1.95202637424392,91.9499969482422,1,26.7353000640869,36.8308982849121,0.218999996781349,"3",0.0904744267463684,0.000572999997530133,"1",184.555892944336,-65.241,18.0912,17.8912246325429,50,50,50,50,50,50,0.1971,10056,1,18,-65,0.0073,47,2026-06-12 04:41:32.000489,91.9499969482422,1.0815,0,"aoml_apex",1024.57632047859
"1902800",8,0.2336,2,0.2555,1,0.2336,1,0.000572999997530133,1,196.850410011291,1,1.95178525920165,96.6399993896484,1,26.5827007293701,36.907398223877,0.255499988794327,"3",0.107228949666023,0.000572999997530133,"1",182.016098022461,-65.241,18.0912,17.8912246325429,50,50,50,50,50,50,0.2336,10056,1,18,-65,0.0073,47,2026-06-12 04:41:32.000489,96.6399993896484,1.0815,0,"aoml_apex",1024.70289217067
"1902800",8,0.2336,2,0.2555,1,0.2336,1,0.000572999997530133,1,195.195716331482,1,1.95171796858733,101.050003051758,1,26.5639991760254,36.9212989807129,0.255499988794327,"3",0.107228949666023,0.000572999997530133,"1",180.486099243164,-65.241,18.0912,17.8912246325429,50,50,50,50,50,50,0.2336,10056,1,18,-65,0.0073,47,2026-06-12 04:41:32.000489,101.050003051758,1.0815,0,"aoml_apex",1024.73822150011
"1902800",8,0.292,2,0.3139,1,0.292,1,0.000537000014446676,1,193.014976272583,1,1.95132589609461,111.629997253418,1,26.3104991912842,37.0271987915039,0.313899993896484,"3",0.134036183357239,0.000537000014446676,"1",178.469696044922,-65.241,18.0912,17.8912246325429,50,50,50,50,50,50,0.292,10056,1,18,-65,0.0073,47,2026-06-12 04:41:32.000489,111.629997253418,1.0815,0,"aoml_apex",1024.94411825457
"1902800",8,0.1679,2,0.1898,1,0.1679,1,0.000478000001749024,1,180.00215625,1,1.95055598205647,121.889999389648,1,25.5646991729736,37.1936988830566,0.18979999423027,"3",0.0770708099007607,0.000478000001749024,"1",166.4375,-65.241,18.0912,17.8912246325429,50,50,50,50,50,50,0.1679,10056,1,18,-65,0.0073,47,2026-06-12 04:41:32.000489,121.889999389648,1.0815,0,"aoml_apex",1025.34867924755
"1902800",8,0.1241,2,0.146,1,0.1241,1,0.000453999993624166,1,175.439099555969,1,1.94953009598178,131.630004882812,1,24.1208992004395,37.2658996582031,0.145999997854233,"3",0.0569653809070587,0.000453999993624166,"1",162.218307495117,-65.241,18.0912,17.8912246325429,50,50,50,50,50,50,0.1241,10056,1,18,-65,0.0073,47,2026-06-12 04:41:32.000489,131.630004882812,1.0815,0,"aoml_apex",1025.88824051614
"1902800",8,0.1168,2,0.1387,1,0.1168,1,0.000395000010030344,1,172.458588134766,1,1.94929395912854,141.600006103516,1,23.8353004455566,37.2601013183594,0.138699993491173,"3",0.0536144748330116,0.000395000010030344,"1",159.46240234375,-65.241,18.0912,17.8912246325429,50,50,50,50,50,50,0.1168,10056,1,18,-65,0.0073,47,2026-06-12 04:41:32.000489,141.600006103516,1.0815,0,"aoml_apex",1026.01251629289
"1902800",8,0.0949,2,0.1168,1,0.0949,1,0.000372000009519979,1,170.869755455017,1,1.94898299176134,151.830001831055,1,23.3173999786377,37.2148017883301,0.116800002753735,"3",0.043561764061451,0.000372000009519979,"1",157.993301391602,-65.241,18.0912,17.8912246325429,50,50,50,50,50,50,0.0949,10056,1,18,-65,0.0073,47,2026-06-12 04:41:32.000489,151.830001831055,1.0815,0,"aoml_apex",1026.1762203438
"1902800",8,0.073,2,0.0949,1,0.073,1,0.000372000009519979,1,167.843928497314,1,1.94877764585161,161.580001831055,1,23.0069999694824,37.1815986633301,0.0948999971151352,"3",0.0335090458393097,0.000372000009519979,"1",155.195495605469,-65.241,18.0912,17.8912246325429,50,50,50,50,50,50,0.073,10056,1,18,-65,0.0073,47,2026-06-12 04:41:32.000489,161.580001831055,1.0815,0,"aoml_apex",1026.28435022201
"1902800",8,0.0584,2,0.0803,1,0.0584,1,0.000335999997332692,1,166.198212112427,1,1.94839314757044,171.309997558594,1,22.2625007629395,37.1086006164551,0.0803000032901764,"3",0.0268072374165058,0.000335999997332692,"1",153.673797607422,-65.241,18.0912,17.8912246325429,50,50,50,50,50,50,0.0584,10056,1,18,-65,0.0073,47,2026-06-12 04:41:32.000489,171.309997558594,1.0815,0,"aoml_apex",1026.48687842795
"1902800",8,0.0292,2,0.0511,1,0.0292,1,0.000312999996822327,1,165.693041244507,1,1.9480722796783,181.210006713867,1,21.5526008605957,37.0092010498047,0.0511000007390976,"3",0.0134036187082529,0.000312999996822327,"1",153.206695556641,-65.241,18.0912,17.8912246325429,50,50,50,50,50,50,0.0292,10056,1,18,-65,0.0073,47,2026-06-12 04:41:32.000489,181.210006713867,1.0815,0,"aoml_apex",1026.6559515596
"1902800",8,0.0292,2,0.0511,1,0.0292,1,0.000335999997332692,1,166.246118522644,1,1.9478284654016,191.070007324219,1,21.0834007263184,36.9496002197266,0.0511000007390976,"3",0.0134036187082529,0.000335999997332692,"1",153.71809387207,-65.241,18.0912,17.8912246325429,50,50,50,50,50,50,0.0292,10056,1,18,-65,0.0073,47,2026-06-12 04:41:32.000489,191.070007324219,1.0815,0,"aoml_apex",1026.78446050312
"1902800",8,0.0219,2,0.0438,1,0.0219,1,0.000300999992759898,1,168.521054168701,1,1.94758648266173,201.300003051758,1,20.5594997406006,36.8693008422852,0.0438000001013279,"3",0.010052714496851,0.000300999992759898,"1",155.821594238281,-65.241,18.0912,17.8912246325429,50,50,50,50,50,50,0.0219,10056,1,18,-65,0.0073,47,2026-06-12 04:41:32.000489,201.300003051758,1.0815,0,"aoml_apex",1026.91203589924
"1902800",8,0.0073,2,0.0292,1,0.0073,1,0.000323999993270263,1,170.590832221985,1,1.94735688754035,211.860000610352,1,20.0813999176025,36.7976989746094,0.0292000006884336,"3",0.00335090467706323,0.000323999993270263,"1",157.735397338867,-65.241,18.0912,17.8912246325429,50,50,50,50,50,50,0.0073,10056,1,18,-65,0.0073,47,2026-06-12 04:41:32.000489,211.860000610352,1.0815,0,"aoml_apex",1027.03310974813
"1902800",8,0,2,0.0219,1,0,1,0.000311999989207834,1,172.426458000183,1,1.94718371940093,221.169998168945,1,19.7591991424561,36.7510986328125,0.0219000000506639,"3",0,0.000311999989207834,"1",159.432693481445,-65.241,18.0912,17.8912246325429,50,50,50,50,50,50,0,10056,1,18,-65,0.0073,47,2026-06-12 04:41:32.000489,221.169998168945,1.0815,0,"aoml_apex",1027.12444648794
"1902800",8,0,2,0.0292,1,0.0073,1,0.000288999988697469,1,174.668520904541,1,1.9469599582793,230.970001220703,1,19.286600112915,36.6857986450195,0.0292000006884336,"3",0.00335090467706323,0.000288999988697469,"1",161.505798339844,-65.241,18.0912,17.8912246325429,50,50,50,50,50,50,0,10056,1,18,-65,0.0073,47,2026-06-12 04:41:32.000489,230.970001220703,1.0815,0,"aoml_apex",1027.2424923251
"1902800",8,0,2,0.0219,1,0,1,0.000371000001905486,1,176.86483921051,1,1.94677414415214,241.440002441406,1,18.9377994537354,36.6349983215332,0.0219000000506639,"3",0,0.000371000001905486,"1",163.536605834961,-65.241,18.0912,17.8912246325429,50,50,50,50,50,50,0,10056,1,18,-65,0.0073,47,2026-06-12 04:41:32.000489,241.440002441406,1.0815,0,"aoml_apex",1027.34053973736
"1902800",8,0,2,0.0219,1,0,1,0.000335999997332692,1,177.420622879028,1,1.94663996491205,251.229995727539,1,18.7304992675781,36.6015014648438,0.0219000000506639,"3",0,0.000335999997332692,"1",164.050506591797,-65.241,18.0912,17.8912246325429,50,50,50,50,50,50,0,10056,1,18,-65,0.0073,47,2026-06-12 04:41:32.000489,251.229995727539,1.0815,0,"aoml_apex",1027.4113529208
"1902800",8,0,2,0.0219,1,0,1,0.000288000010186806,1,177.897987236023,1,1.94650129773997,261.859985351562,1,18.5349006652832,36.5707015991211,0.0219000000506639,"3",0,0.000288000010186806,"1",164.491897583008,-65.241,18.0912,17.8912246325429,50,50,50,50,50,50,0,10056,1,18,-65,0.0073,47,2026-06-12 04:41:32.000489,261.859985351562,1.0815,0,"aoml_apex",1027.48454487143
"1902800",8,0,2,0.0292,1,0.0073,1,0.000323999993270263,1,177.271688896179,1,1.94637622077815,271.019989013672,1,18.350700378418,36.543098449707,0.0292000006884336,"3",0.00335090467706323,0.000323999993270263,"1",163.912796020508,-65.241,18.0912,17.8912246325429,50,50,50,50,50,50,0,10056,1,18,-65,0.0073,47,2026-06-12 04:41:32.000489,271.019989013672,1.0815,0,"aoml_apex",1027.55057252005
"1902800",8,0,2,0.0292,1,0.0073,1,0.000288000010186806,1,175.345861106873,1,1.94626381524304,281.559997558594,1,18.2376003265381,36.5228996276855,0.0292000006884336,"3",0.00335090467706323,0.000288000010186806,"1",162.132095336914,-65.241,18.0912,17.8912246325429,50,50,50,50,50,50,0,10056,1,18,-65,0.0073,47,2026-06-12 04:41:32.000489,281.559997558594,1.0815,0,"aoml_apex",1027.60991821155
"1902800",8,0,2,0.0292,1,0.0073,1,0.000334999989718199,1,172.674340255737,1,1.94610258174402,291.149993896484,1,17.8890991210938,36.4640998840332,0.0292000006884336,"3",0.00335090467706323,0.000334999989718199,"1",159.661895751953,-65.241,18.0912,17.8912246325429,50,50,50,50,50,50,0,10056,1,18,-65,0.0073,47,2026-06-12 04:41:32.000489,291.149993896484,1.0815,0,"aoml_apex",1027.6950551125
"1902800",8,0,2,0.0292,1,0.0073,1,0.000300000014249235,1,169.046126907349,1,1.94592463541918,301.890014648438,1,17.4962997436523,36.3972015380859,0.0292000006884336,"3",0.00335090467706323,0.000300000014249235,"1",156.307098388672,-65.241,18.0912,17.8912246325429,50,50,50,50,50,50,0,10056,1,18,-65,0.0073,47,2026-06-12 04:41:32.000489,301.890014648438,1.0815,0,"aoml_apex",1027.78903334515
"1902800",8,0,2,0.0292,1,0.0073,1,0.000311999989207834,1,167.899838562012,1,1.94580867895263,311.799987792969,1,17.3481998443604,36.3726997375488,0.0292000006884336,"3",0.00335090467706323,0.000311999989207834,"1",155.247192382812,-65.241,18.0912,17.8912246325429,50,50,50,50,50,50,0,10056,1,18,-65,0.0073,47,2026-06-12 04:41:32.000489,311.799987792969,1.0815,0,"aoml_apex",1027.85028231888
"1902800",8,0,2,0.0292,1,0.0073,1,0.000288000010186806,1,163.912351890564,1,1.94569422193534,321.329986572266,1,17.1849994659424,36.3446998596191,0.0292000006884336,"3",0.00335090467706323,0.000288000010186806,"1",151.560195922852,-65.241,18.0912,17.8912246325429,50,50,50,50,50,50,0,10056,1,18,-65,0.0073,47,2026-06-12 04:41:32.000489,321.329986572266,1.0815,0,"aoml_apex",1027.91074643304
"1902800",8,0,2,0.0292,1,0.0073,1,0.000288000010186806,1,161.663275474548,1,1.9455315710435,331.399993896484,1,16.8143997192383,36.2811012268066,0.0292000006884336,"3",0.00335090467706323,0.000288000010186806,"1",149.480606079102,-65.241,18.0912,17.8912246325429,50,50,50,50,50,50,0,10056,1,18,-65,0.0073,47,2026-06-12 04:41:32.000489,331.399993896484,1.0815,0,"aoml_apex",1027.99668212389
"1902800",8,0,2,0.0365,1,0.0146,1,0.000276000006124377,1,159.600098373413,1,1.94541408992895,341.630004882812,1,16.6571998596191,36.2540016174316,0.0364999994635582,"3",0.00670180935412645,0.000276000006124377,"1",147.572906494141,-65.241,18.0912,17.8912246325429,50,50,50,50,50,50,0,10056,1,18,-65,0.0073,47,2026-06-12 04:41:32.000489,341.630004882812,1.0815,0,"aoml_apex",1028.05876155294
"1902800",8,0,2,0.0219,1,0,1,0.000276000006124377,1,158.976720954895,1,1.94530064454466,350.809997558594,1,16.4764995574951,36.2229995727539,0.0219000000506639,"3",0,0.000276000006124377,"1",146.996505737305,-65.241,18.0912,17.8912246325429,50,50,50,50,50,50,0,10056,1,18,-65,0.0073,47,2026-06-12 04:41:32.000489,350.809997558594,1.0815,0,"aoml_apex",1028.11871553569
"1902800",8,0,2,0.0292,1,0.0073,1,0.000299000006634742,1,154.13776096344,1,1.9451562812901,360.910003662109,1,16.1569995880127,36.1652984619141,0.0292000006884336,"3",0.00335090467706323,0.000299000006634742,"1",142.522201538086,-65.241,18.0912,17.8912246325429,50,50,50,50,50,50,0,10056,1,18,-65,0.0073,47,2026-06-12 04:41:32.000489,360.910003662109,1.0815,0,"aoml_apex",1028.19501920613
"1902800",8,0,2,0.0292,1,0.0073,1,0.000299000006634742,1,148.159113578796,1,1.94483228358792,381.059997558594,1,15.3760995864868,36.035099029541,0.0292000006884336,"3",0.00335090467706323,0.000299000006634742,"1",136.994094848633,-65.241,18.0912,17.8912246325429,50,50,50,50,50,50,0,10056,1,18,-65,0.0073,47,2026-06-12 04:41:32.000489,381.059997558594,1.0815,0,"aoml_apex",1028.36631049249
"1902800",8,0,2,0.0365,1,0.0146,1,0.000287000002572313,1,141.002839828491,1,1.9445241752393,401.929992675781,1,14.6536998748779,35.9137992858887,0.0364999994635582,"3",0.00670180935412645,0.000287000002572313,"1",130.377105712891,-65.241,18.0912,17.8912246325429,50,50,50,50,50,50,0,10056,1,18,-65,0.0073,47,2026-06-12 04:41:32.000489,401.929992675781,1.0815,0,"aoml_apex",1028.52925433744
"1902800",8,0,2,0.0365,1,0.0146,1,0.000297999999020249,1,133.700544765472,1,1.94387979164751,451.350006103516,1,13.3437004089355,35.7014007568359,0.0364999994635582,"3",0.00670180935412645,0.000297999999020249,"1",123.625099182129,-65.241,18.0912,17.8912246325429,50,50,50,50,50,50,0,10056,1,18,-65,0.0073,47,2026-06-12 04:41:32.000489,451.350006103516,1.0815,0,"aoml_apex",1028.87020514007
"1902800",8,0,2,0.0365,1,0.0146,1,0.000320999999530613,1,128.911017654419,1,1.94332664099571,501.410003662109,1,12.495400428772,35.5637016296387,0.0364999994635582,"3",0.00670180935412645,0.000320999999530613,"1",119.196502685547,-65.241,18.0912,17.8912246325429,50,50,50,50,50,50,0,10056,1,18,-65,0.0073,47,2026-06-12 04:41:32.000489,501.410003662109,1.0815,0,"aoml_apex",1029.1630638971
"1902800",8,0,2,0.0511,1,0.0292,1,0.000331999995978549,1,125.935052639008,1,1.94278678436062,551.179992675781,1,11.7237997055054,35.4459991455078,0.0511000007390976,"3",0.0134036187082529,0.000331999995978549,"1",116.444801330566,-65.241,18.0912,17.8912246325429,50,50,50,50,50,50,0,10056,1,18,-65,0.0073,47,2026-06-12 04:41:32.000489,551.179992675781,1.0815,0,"aoml_apex",1029.44904510364
"1902800",8,0,2,0.0365,1,0.0146,1,0.000307000009343028,1,122.550175140381,1,1.94215613378292,600.849975585938,1,10.2867002487183,35.2347984313965,0.0364999994635582,"3",0.00670180935412645,0.000307000009343028,"1",113.315002441406,-65.241,18.0912,17.8912246325429,50,50,50,50,50,50,0,10056,1,18,-65,0.0073,47,2026-06-12 04:41:32.000489,600.849975585938,1.0815,0,"aoml_apex",1029.78332442532
"1902800",8,0,2,0.0365,1,0.0146,1,0.000330000009853393,1,122.557205154419,1,1.9415520267563,651.510009765625,1,9.06869983673096,35.0728988647461,0.0364999994635582,"3",0.00670180935412645,0.000330000009853393,"1",113.321502685547,-65.241,18.0912,17.8912246325429,50,50,50,50,50,50,0,10056,1,18,-65,0.0073,47,2026-06-12 04:41:32.000489,651.510009765625,1.0815,0,"aoml_apex",1030.10373785417
"1902800",8,0,2,0.0365,1,0.0146,1,0.00031699999817647,1,124.578416702271,1,1.94100725325904,701.299987792969,1,8.28730010986328,34.9855003356934,0.0364999994635582,"3",0.00670180935412645,0.00031699999817647,"1",115.190399169922,-65.241,18.0912,17.8912246325429,50,50,50,50,50,50,0,10056,1,18,-65,0.0073,47,2026-06-12 04:41:32.000489,701.299987792969,1.0815,0,"aoml_apex",1030.3928522894
"1902800",8,0,2,0.0365,1,0.0146,1,0.000315999990561977,1,127.736287456512,1,1.94048314489031,751.710021972656,1,7.72429990768433,34.9323997497559,0.0364999994635582,"3",0.00670180935412645,0.000315999990561977,"1",118.110298156738,-65.241,18.0912,17.8912246325429,50,50,50,50,50,50,0,10056,1,18,-65,0.0073,47,2026-06-12 04:41:32.000489,751.710021972656,1.0815,0,"aoml_apex",1030.6711528345
"1902800",8,0,2,0.0438,1,0.0219,1,0.000326999987009913,1,133.483059894562,1,1.93993986012724,801.039978027344,1,7.12109994888306,34.8936996459961,0.0438000001013279,"3",0.010052714496851,0.000326999987009913,"1",123.424003601074,-65.241,18.0912,17.8912246325429,50,50,50,50,50,50,0,10056,1,18,-65,0.0073,47,2026-06-12 04:41:32.000489,801.039978027344,1.0815,0,"aoml_apex",1030.95979473756
"1902800",8,0,2,0.0438,1,0.0219,1,0.000338000012561679,1,143.076941505432,1,1.93937183773539,851.900024414062,1,6.66720008850098,34.8959999084473,0.0438000001013279,"3",0.010052714496851,0.000338000012561679,"1",132.294906616211,-65.241,18.0912,17.8912246325429,50,50,50,50,50,50,0,10056,1,18,-65,0.0073,47,2026-06-12 04:41:32.000489,851.900024414062,1.0815,0,"aoml_apex",1031.26175243186
"1902800",8,0,2,0.0438,1,0.0219,1,0.000303000007988885,1,150.559071258545,1,1.93888558601767,901.359985351562,1,6.52010011672974,34.9123992919922,0.0438000001013279,"3",0.010052714496851,0.000303000007988885,"1",139.213195800781,-65.241,18.0912,17.8912246325429,50,50,50,50,50,50,0,10056,1,18,-65,0.0073,47,2026-06-12 04:41:32.000489,901.359985351562,1.0815,0,"aoml_apex",1031.52038182297
"1902800",8,0,2,0.0365,1,0.0146,1,0.000289999996311963,1,161.337733016968,1,1.93834481816253,950.849975585938,1,6.23420000076294,34.9389991760254,0.0364999994635582,"3",0.00670180935412645,0.000289999996311963,"1",149.179595947266,-65.241,18.0912,17.8912246325429,50,50,50,50,50,50,0,10056,1,18,-65,0.0073,47,2026-06-12 04:41:32.000489,950.849975585938,1.0815,0,"aoml_apex",1031.80815985874
"1902800",8,0,2,0.0365,1,0.0146,1,0.000314000004436821,1,166.810235893249,1,1.9378925709114,998.869995117188,1,6.13019990921021,34.9496994018555,0.0364999994635582,"3",0.00670180935412645,0.000314000004436821,"1",154.239700317383,-65.241,18.0912,17.8912246325429,50,50,50,50,50,50,0,10056,1,18,-65,0.0073,47,2026-06-12 04:41:32.000489,998.869995117188,1.0815,0,"aoml_apex",1032.04895360086
"1902800",8,0,2,0.0438,1,0.0219,1,0.000300999992759898,1,182.041437904358,4,1.93688346169226,1098.33996582031,1,5.56850004196167,34.9556999206543,0.0438000001013279,"3",0.010052714496851,0.000300999992759898,"1",168.323104858398,-65.241,18.0912,17.8912246325429,50,50,50,50,50,50,0,10056,1,18,-65,0.0073,47,2026-06-12 04:41:32.000489,1098.33996582031,1.0815,0,"aoml_apex",1032.5866473415
"1902800",9,0.0584,5,0.0657,1,0.0438,1,0.000538999971468002,1,195.406715766907,1,1.95506793600999,7.84999990463257,1,28.4265003204346,35.9235000610352,0.065700002014637,"3",0.157492533326149,0.000538999971468002,"1",180.681198120117,-65.404,18.0172,35.8804127731115,50,50,50,50,50,50,0.0584,10056,1,18,-65,0.0073,47,2026-06-22 10:42:42.001134,7.84999990463257,1.0815,0,"aoml_apex",1022.98235430208
"1902800",9,0.0584,5,0.073,1,0.0511,1,0.000503999995999038,1,195.354799278259,1,1.95503415279784,11.9300003051758,1,28.4265003204346,35.9238014221191,0.0729999989271164,"3",0.157492533326149,0.000503999995999038,"1",180.633193969727,-65.404,18.0172,35.8804127731115,50,50,50,50,50,50,0.0584,10056,1,18,-65,0.0073,47,2026-06-22 10:42:42.001134,11.9300003051758,1.0815,0,"aoml_apex",1023.00003155331
"1902800",9,0.0584,5,0.0657,1,0.0438,1,0.000585999980103225,1,195.328742019653,1,1.95500187172068,16.4400005340576,1,28.4326000213623,35.9233016967773,0.065700002014637,"3",0.157492533326149,0.000585999980103225,"1",180.609100341797,-65.404,18.0172,35.8804127731115,50,50,50,50,50,50,0.0584,10056,1,18,-65,0.0073,47,2026-06-22 10:42:42.001134,16.4400005340576,1.0815,0,"aoml_apex",1023.01692337497
"1902800",9,0.0584,5,0.0657,1,0.0438,1,0.000515999970957637,1,195.332851112366,1,1.95496130079756,21.5699996948242,1,28.4344997406006,35.9231986999512,0.065700002014637,"3",0.157492533326149,0.000515999970957637,"1",180.612899780273,-65.404,18.0172,35.8804127731115,50,50,50,50,50,50,0.0584,10056,1,18,-65,0.0073,47,2026-06-22 10:42:42.001134,21.5699996948242,1.0815,0,"aoml_apex",1023.03815384175
"1902800",9,0.0584,5,0.0657,1,0.0438,1,0.000585999980103225,1,195.321827522278,1,1.95492041790146,26.5400009155273,1,28.4351997375488,35.923698425293,0.065700002014637,"3",0.157492533326149,0.000585999980103225,"1",180.60270690918,-65.404,18.0172,35.8804127731115,50,50,50,50,50,50,0.0584,10056,1,18,-65,0.0073,47,2026-06-22 10:42:42.001134,26.5400009155273,1.0815,0,"aoml_apex",1023.05954845309
"1902800",9,0.0584,5,0.0803,1,0.0584,1,0.00056299997959286,1,195.319335662842,1,1.95487779893512,31.6399993896484,1,28.4346008300781,35.9240989685059,0.0803000032901764,"3",0.157492533326149,0.00056299997959286,"1",180.600402832031,-65.404,18.0172,35.8804127731115,50,50,50,50,50,50,0.0584,10056,1,18,-65,0.0073,47,2026-06-22 10:42:42.001134,31.6399993896484,1.0815,0,"aoml_apex",1023.08185252779
"1902800",9,0.0949,2,0.1168,1,0.0949,1,0.000515999970957637,1,195.528602348328,1,1.95461827618487,36.9099998474121,1,28.3223991394043,36.0253982543945,0.116800002753735,"3",0.157492533326149,0.000515999970957637,"1",180.793899536133,-65.404,18.0172,35.8804127731115,50,50,50,50,50,50,0.0949,10056,1,18,-65,0.0073,47,2026-06-22 10:42:42.001134,36.9099998474121,1.0815,0,"aoml_apex",1023.21769133547
"1902800",9,0.1168,2,0.1387,1,0.1168,1,0.000645000021904707,1,197.416144615173,1,1.95400675104131,42,1,27.9349994659424,36.252498626709,0.138699993491173,"3",0.157492533326149,0.000645000021904707,"1",182.539199829102,-65.404,18.0172,35.8804127731115,50,50,50,50,50,50,0.1168,10056,1,18,-65,0.0073,47,2026-06-22 10:42:42.001134,42,1.0815,0,"aoml_apex",1023.53791712039
"1902800",9,0.1168,2,0.1387,1,0.1168,1,0.000631999981123954,1,200.637062713623,1,1.953151877992,46.5,1,27.3834991455078,36.5829010009766,0.138699993491173,"3",0.157492533326149,0.000631999981123954,"1",185.517395019531,-65.404,18.0172,35.8804127731115,50,50,50,50,50,50,0.1168,10056,1,18,-65,0.0073,47,2026-06-22 10:42:42.001134,46.5,1.0815,0,"aoml_apex",1023.98590838526
"1902800",9,0.1387,2,0.1606,1,0.1387,1,0.000597000005654991,1,200.363981323242,1,1.95275923813382,51.9500007629395,1,27.0930995941162,36.7005004882812,0.160600006580353,"3",0.157492533326149,0.000597000005654991,"1",185.264892578125,-65.404,18.0172,35.8804127731115,50,50,50,50,50,50,0.1387,10056,1,18,-65,0.0073,47,2026-06-22 10:42:42.001134,51.9500007629395,1.0815,0,"aoml_apex",1024.19180047578
"1902800",9,0.1241,2,0.146,1,0.1241,1,0.000620000006165355,1,200.533345252991,1,1.95257117129006,56.5400009155273,1,26.9768009185791,36.7555999755859,0.145999997854233,"3",0.157492533326149,0.000620000006165355,"1",185.421493530273,-65.404,18.0172,35.8804127731115,50,50,50,50,50,50,0.1241,10056,1,18,-65,0.0073,47,2026-06-22 10:42:42.001134,56.5400009155273,1.0815,0,"aoml_apex",1024.29044810623
"1902800",9,0.1533,2,0.1752,1,0.1533,1,0.000572999997530133,1,201.690888221741,1,1.9522877462747,61.4700012207031,1,26.792200088501,36.8461990356445,0.175200000405312,"3",0.157492533326149,0.000572999997530133,"1",186.491806030273,-65.404,18.0172,35.8804127731115,50,50,50,50,50,50,0.1533,10056,1,18,-65,0.0073,47,2026-06-22 10:42:42.001134,61.4700012207031,1.0815,0,"aoml_apex",1024.43915033342
"1902800",9,0.1387,2,0.1606,1,0.1387,1,0.000654999981634319,1,200.337164955139,1,1.95218680068559,66.4800033569336,1,26.7310009002686,36.8619995117188,0.160600006580353,"3",0.157492533326149,0.000654999981634319,"1",185.240097045898,-65.404,18.0172,35.8804127731115,50,50,50,50,50,50,0.1387,10056,1,18,-65,0.0073,47,2026-06-22 10:42:42.001134,66.4800033569336,1.0815,0,"aoml_apex",1024.49212303741
"1902800",9,0.1825,2,0.2044,1,0.1825,1,0.000620000006165355,1,198.828038772583,1,1.9520670823744,71.9300003051758,1,26.6462001800537,36.8783988952637,0.20440000295639,"3",0.157492533326149,0.000620000006165355,"1",183.844696044922,-65.404,18.0172,35.8804127731115,50,50,50,50,50,50,0.1825,10056,1,18,-65,0.0073,47,2026-06-22 10:42:42.001134,71.9300003051758,1.0815,0,"aoml_apex",1024.55495410911
"1902800",9,0.2044,2,0.2263,1,0.2044,1,0.000654999981634319,1,196.815920036316,1,1.95188572714346,76.5699996948242,1,26.5181999206543,36.9240989685059,0.226300001144409,"3",0.157492533326149,0.000654999981634319,"1",181.98420715332,-65.404,18.0172,35.8804127731115,50,50,50,50,50,50,0.2044,10056,1,18,-65,0.0073,47,2026-06-22 10:42:42.001134,76.5699996948242,1.0815,0,"aoml_apex",1024.65014841158
"1902800",9,0.3285,2,0.3504,1,0.3285,1,0.000690000015310943,1,195.597598800659,1,1.95174777169269,81.8199996948242,1,26.4295997619629,36.9528999328613,0.350400000810623,"3",0.157492533326149,0.000690000015310943,"1",180.857696533203,-65.404,18.0172,35.8804127731115,50,50,50,50,50,50,0.3285,10056,1,18,-65,0.0073,47,2026-06-22 10:42:42.001134,81.8199996948242,1.0815,0,"aoml_apex",1024.72257379111
"1902800",9,0.3504,2,0.3723,1,0.3504,1,0.000748999998904765,1,194.365118522644,1,1.95161079449594,86.5800018310547,1,26.343900680542,36.9850997924805,0.372299998998642,"3",0.157492533326149,0.000748999998904765,"1",179.71809387207,-65.404,18.0172,35.8804127731115,50,50,50,50,50,50,0.3504,10056,1,18,-65,0.0073,47,2026-06-22 10:42:42.001134,86.5800018310547,1.0815,0,"aoml_apex",1024.79449572657
"1902800",9,0.3723,2,0.3942,1,0.3723,1,0.000748999998904765,1,194.03764528656,1,1.95153321268447,91.6500015258789,1,26.3131999969482,36.9973983764648,0.394199997186661,"3",0.170896142721176,0.000748999998904765,"1",179.415298461914,-65.404,18.0172,35.8804127731115,50,50,50,50,50,50,0.3723,10056,1,18,-65,0.0073,47,2026-06-22 10:42:42.001134,91.6500015258789,1.0815,0,"aoml_apex",1024.83523570109
"1902800",9,0.3431,2,0.365,1,0.3431,1,0.000701999990269542,1,193.583301750183,1,1.95146590909231,96.7600021362305,1,26.2966995239258,37.00830078125,0.365000009536743,"3",0.157492533326149,0.000701999990269542,"1",178.995193481445,-65.404,18.0172,35.8804127731115,50,50,50,50,50,50,0.3431,10056,1,18,-65,0.0073,47,2026-06-22 10:42:42.001134,96.7600021362305,1.0815,0,"aoml_apex",1024.87058097278
"1902800",9,0.3066,2,0.3285,1,0.3066,1,0.000607999972999096,1,192.320325073242,1,1.95130842915383,101.699996948242,1,26.1956005096436,37.0474014282227,0.328500002622604,"3",0.140737995505333,0.000607999972999096,"1",177.827392578125,-65.404,18.0172,35.8804127731115,50,50,50,50,50,50,0.3066,10056,1,18,-65,0.0073,47,2026-06-22 10:42:42.001134,101.699996948242,1.0815,0,"aoml_apex",1024.95329293857
"1902800",9,0.3066,2,0.3285,1,0.3066,1,0.000465999997686595,1,189.172958084106,1,1.95100215458626,111.709999084473,1,25.9687004089355,37.1087989807129,0.328500002622604,"3",0.140737995505333,0.000465999997686595,"1",174.917205810547,-65.404,18.0172,35.8804127731115,50,50,50,50,50,50,0.3066,10056,1,18,-65,0.0073,47,2026-06-22 10:42:42.001134,111.709999084473,1.0815,0,"aoml_apex",1025.11419338957
"1902800",9,0.1752,2,0.1971,1,0.1752,1,0.000500999973155558,1,180.658191879272,1,1.95020289741621,121.75,1,25.0464992523193,37.2272987365723,0.19709999859333,"3",0.0804217159748077,0.000500999973155558,"1",167.044097900391,-65.404,18.0172,35.8804127731115,50,50,50,50,50,50,0.1752,10056,1,18,-65,0.0073,47,2026-06-22 10:42:42.001134,121.75,1.0815,0,"aoml_apex",1025.53431883922
"1902800",9,0.1533,2,0.1752,1,0.1533,1,0.000488999998196959,1,177.716626075745,1,1.94988277964875,131.490005493164,1,24.6781997680664,37.2450981140137,0.175200000405312,"3",0.0703689977526665,0.000488999998196959,"1",164.324203491211,-65.404,18.0172,35.8804127731115,50,50,50,50,50,50,0.1533,10056,1,18,-65,0.0073,47,2026-06-22 10:42:42.001134,131.490005493164,1.0815,0,"aoml_apex",1025.70268370711
"1902800",9,0.1168,2,0.1387,1,0.1168,1,0.000453999993624166,1,172.456970901489,1,1.94931772842906,141.740005493164,1,23.8019008636475,37.2295989990234,0.138699993491173,"3",0.0536144748330116,0.000453999993624166,"1",159.460906982422,-65.404,18.0172,35.8804127731115,50,50,50,50,50,50,0.1168,10056,1,18,-65,0.0073,47,2026-06-22 10:42:42.001134,141.740005493164,1.0815,0,"aoml_apex",1026.00000545411
"1902800",9,0.1022,2,0.1241,1,0.1022,1,0.000383000005967915,1,169.952751182556,1,1.94874340206603,151.5,1,22.6077003479004,37.1092987060547,0.124099999666214,"3",0.0469126664102077,0.000383000005967915,"1",157.145401000977,-65.404,18.0172,35.8804127731115,50,50,50,50,50,50,0.1022,10056,1,18,-65,0.0073,47,2026-06-22 10:42:42.001134,151.5,1.0815,0,"aoml_apex",1026.3023843363
"1902800",9,0.073,2,0.0949,1,0.073,1,0.000383000005967915,1,169.153408882141,1,1.94852222763634,161.470001220703,1,22.2434997558594,37.067798614502,0.0948999971151352,"3",0.0335090458393097,0.000383000005967915,"1",156.406295776367,-65.404,18.0172,35.8804127731115,50,50,50,50,50,50,0.073,10056,1,18,-65,0.0073,47,2026-06-22 10:42:42.001134,161.470001220703,1.0815,0,"aoml_apex",1026.41887869357
"1902800",9,0.0584,2,0.0803,1,0.0584,1,0.000323999993270263,1,167.547826286316,1,1.94832990121935,171.320007324219,1,21.9563999176025,37.0372009277344,0.0803000032901764,"3",0.0268072374165058,0.000323999993270263,"1",154.92170715332,-65.404,18.0172,35.8804127731115,50,50,50,50,50,50,0.0584,10056,1,18,-65,0.0073,47,2026-06-22 10:42:42.001134,171.320007324219,1.0815,0,"aoml_apex",1026.52020006895
"1902800",9,0.0219,2,0.0438,1,0.0219,1,0.000323999993270263,1,167.118780899048,1,1.94792524931039,181.589996337891,1,21.0757999420166,36.9337005615234,0.0438000001013279,"3",0.010052714496851,0.000323999993270263,"1",154.524993896484,-65.404,18.0172,35.8804127731115,50,50,50,50,50,50,0.0219,10056,1,18,-65,0.0073,47,2026-06-22 10:42:42.001134,181.589996337891,1.0815,0,"aoml_apex",1026.73344406211
"1902800",9,0.0146,2,0.0365,1,0.0146,1,0.000288999988697469,1,171.615663047791,1,1.94749551276147,191.710006713867,1,19.9703006744385,36.7773017883301,0.0364999994635582,"3",0.00670180935412645,0.000288999988697469,"1",158.682998657227,-65.404,18.0172,35.8804127731115,50,50,50,50,50,50,0.0146,10056,1,18,-65,0.0073,47,2026-06-22 10:42:42.001134,191.710006713867,1.0815,0,"aoml_apex",1026.96000421797
"1902800",9,0,2,0.0292,1,0.0073,1,0.000348000001395121,1,174.804797561646,1,1.9472720104731,201,1,19.5179004669189,36.7207984924316,0.0292000006884336,"3",0.00335090467706323,0.000348000001395121,"1",161.631805419922,-65.404,18.0172,35.8804127731115,50,50,50,50,50,50,0,10056,1,18,-65,0.0073,47,2026-06-22 10:42:42.001134,201,1.0815,0,"aoml_apex",1027.0778757376
"1902800",9,0,2,0.0219,1,0,1,0.000277000013738871,1,176.907448356628,1,1.94709781858749,211.029998779297,1,19.1790008544922,36.6670989990234,0.0219000000506639,"3",0,0.000277000013738871,"1",163.57600402832,-65.404,18.0172,35.8804127731115,50,50,50,50,50,50,0,10056,1,18,-65,0.0073,47,2026-06-22 10:42:42.001134,211.029998779297,1.0815,0,"aoml_apex",1027.16976050587
"1902800",9,0,2,0.0292,1,0.0073,1,0.000311999989207834,1,178.136248603821,1,1.94697195250704,221.089996337891,1,19.0463008880615,36.6512985229492,0.0292000006884336,"3",0.00335090467706323,0.000311999989207834,"1",164.712203979492,-65.404,18.0172,35.8804127731115,50,50,50,50,50,50,0,10056,1,18,-65,0.0073,47,2026-06-22 10:42:42.001134,221.089996337891,1.0815,0,"aoml_apex",1027.23616404678
"1902800",9,0,2,0.0219,1,0,1,0.000288999988697469,1,177.543037536621,1,1.94687049469443,229.860000610352,1,18.9375,36.6343002319336,0.0219000000506639,"3",0,0.000288999988697469,"1",164.163696289062,-65.404,18.0172,35.8804127731115,50,50,50,50,50,50,0,10056,1,18,-65,0.0073,47,2026-06-22 10:42:42.001134,229.860000610352,1.0815,0,"aoml_apex",1027.28969669547
"1902800",9,0,2,0.0292,1,0.0073,1,0.000335999997332692,1,176.67091973877,1,1.94674411862749,241.25,1,18.805700302124,36.6119003295898,0.0292000006884336,"3",0.00335090467706323,0.000335999997332692,"1",163.357299804688,-65.404,18.0172,35.8804127731115,50,50,50,50,50,50,0,10056,1,18,-65,0.0073,47,2026-06-22 10:42:42.001134,241.25,1.0815,0,"aoml_apex",1027.35638488024
"1902800",9,0,2,0.0292,1,0.0073,1,0.000311999989207834,1,176.400759269714,1,1.94664164191367,251.199996948242,1,18.7275009155273,36.5994987487793,0.0292000006884336,"3",0.00335090467706323,0.000311999989207834,"1",163.107498168945,-65.404,18.0172,35.8804127731115,50,50,50,50,50,50,0,10056,1,18,-65,0.0073,47,2026-06-22 10:42:42.001134,251.199996948242,1.0815,0,"aoml_apex",1027.41046782184
"1902800",9,0,2,0.0292,1,0.0073,1,0.000288000010186806,1,175.978430351257,1,1.94649449013739,261.880004882812,1,18.5042991638184,36.564998626709,0.0292000006884336,"3",0.00335090467706323,0.000288000010186806,"1",162.716995239258,-65.404,18.0172,35.8804127731115,50,50,50,50,50,50,0,10056,1,18,-65,0.0073,47,2026-06-22 10:42:42.001134,261.880004882812,1.0815,0,"aoml_apex",1027.48813836038
"1902800",9,0,2,0.0292,1,0.0073,1,0.000277000013738871,1,173.927266983032,1,1.9463739248235,271.429992675781,1,18.3673000335693,36.5479011535645,0.0292000006884336,"3",0.00335090467706323,0.000277000013738871,"1",160.820404052734,-65.404,18.0172,35.8804127731115,50,50,50,50,50,50,0,10056,1,18,-65,0.0073,47,2026-06-22 10:42:42.001134,271.429992675781,1.0815,0,"aoml_apex",1027.55178462503
"1902800",9,0,2,0.0219,1,0,1,0.000277000013738871,1,172.844892356873,1,1.94620832053673,281.869995117188,1,17.9979000091553,36.4799003601074,0.0219000000506639,"3",0,0.000277000013738871,"1",159.819595336914,-65.404,18.0172,35.8804127731115,50,50,50,50,50,50,0,10056,1,18,-65,0.0073,47,2026-06-22 10:42:42.001134,281.869995117188,1.0815,0,"aoml_apex",1027.63921975651
"1902800",9,0,2,0.0219,1,0,1,0.000452999986009672,1,169.159250724792,1,1.9461061475752,291.459991455078,1,17.890100479126,36.4602012634277,0.0219000000506639,"3",0,0.000452999986009672,"1",156.411697387695,-65.404,18.0172,35.8804127731115,50,50,50,50,50,50,0,10056,1,18,-65,0.0073,47,2026-06-22 10:42:42.001134,291.459991455078,1.0815,0,"aoml_apex",1027.69317207694
"1902800",9,0,2,0.0292,1,0.0073,1,0.000288000010186806,1,164.271740730286,1,1.9459673667358,301.380004882812,1,17.6191005706787,36.4105987548828,0.0292000006884336,"3",0.00335090467706323,0.000288000010186806,"1",151.892501831055,-65.404,18.0172,35.8804127731115,50,50,50,50,50,50,0,10056,1,18,-65,0.0073,47,2026-06-22 10:42:42.001134,301.380004882812,1.0815,0,"aoml_apex",1027.76646422126
"1902800",9,0,2,0.0292,1,0.0073,1,0.000300000014249235,1,162.668204429626,1,1.94579827528827,311.679992675781,1,17.2397994995117,36.3456001281738,0.0292000006884336,"3",0.00335090467706323,0.000300000014249235,"1",150.409805297852,-65.404,18.0172,35.8804127731115,50,50,50,50,50,50,0,10056,1,18,-65,0.0073,47,2026-06-22 10:42:42.001134,311.679992675781,1.0815,0,"aoml_apex",1027.85577796018
"1902800",9,0,2,0.0292,1,0.0073,1,0.000276000006124377,1,159.550013648987,1,1.94564405278355,321.339996337891,1,16.9398002624512,36.3008003234863,0.0292000006884336,"3",0.00335090467706323,0.000276000006124377,"1",147.526596069336,-65.404,18.0172,35.8804127731115,50,50,50,50,50,50,0,10056,1,18,-65,0.0073,47,2026-06-22 10:42:42.001134,321.339996337891,1.0815,0,"aoml_apex",1027.93725149196
"1902800",9,0,2,0.0365,1,0.0146,1,0.000288000010186806,1,155.369152084351,1,1.94552249955796,331.320007324219,1,16.7278003692627,36.2603988647461,0.0364999994635582,"3",0.00670180935412645,0.000288000010186806,"1",143.660797119141,-65.404,18.0172,35.8804127731115,50,50,50,50,50,50,0,10056,1,18,-65,0.0073,47,2026-06-22 10:42:42.001134,331.320007324219,1.0815,0,"aoml_apex",1028.00147541569
"1902800",9,0,2,0.0292,1,0.0073,1,0.000251999997999519,1,149.73616355896,1,1.94533686480294,341.190002441406,1,16.1856994628906,36.1623992919922,0.0292000006884336,"3",0.00335090467706323,0.000251999997999519,"1",138.452301025391,-65.404,18.0172,35.8804127731115,50,50,50,50,50,50,0,10056,1,18,-65,0.0073,47,2026-06-22 10:42:42.001134,341.190002441406,1.0815,0,"aoml_apex",1028.09957297684
"1902800",9,0,2,0.0292,1,0.0073,1,0.000299000006634742,1,145.60850566864,1,1.94512024636894,351.640014648438,1,15.6056995391846,36.0742988586426,0.0292000006884336,"3",0.00335090467706323,0.000299000006634742,"1",134.635696411133,-65.404,18.0172,35.8804127731115,50,50,50,50,50,50,0,10056,1,18,-65,0.0073,47,2026-06-22 10:42:42.001134,351.640014648438,1.0815,0,"aoml_apex",1028.21406734803
"1902800",9,0,2,0.0292,1,0.0073,1,0.000287000002572313,1,146.325550598145,1,1.94496787987549,361.839996337891,1,15.3017997741699,36.0293998718262,0.0292000006884336,"3",0.00335090467706323,0.000287000002572313,"1",135.298706054688,-65.404,18.0172,35.8804127731115,50,50,50,50,50,50,0,10056,1,18,-65,0.0073,47,2026-06-22 10:42:42.001134,361.839996337891,1.0815,0,"aoml_apex",1028.29461642731
"1902800",9,0,2,0.0292,1,0.0073,1,0.000287000002572313,1,146.227674980164,1,1.9446949682398,381.309997558594,1,14.7018003463745,35.9283981323242,0.0292000006884336,"3",0.00335090467706323,0.000287000002572313,"1",135.208206176758,-65.404,18.0172,35.8804127731115,50,50,50,50,50,50,0,10056,1,18,-65,0.0073,47,2026-06-22 10:42:42.001134,381.309997558594,1.0815,0,"aoml_apex",1028.43892366846
"1902800",9,0,2,0.0292,1,0.0073,1,0.000322000007145107,1,143.410471115112,1,1.94448360992532,401.160003662109,1,14.4517002105713,35.8874015808105,0.0292000006884336,"3",0.00335090467706323,0.000322000007145107,"1",132.603302001953,-65.404,18.0172,35.8804127731115,50,50,50,50,50,50,0,10056,1,18,-65,0.0073,47,2026-06-22 10:42:42.001134,401.160003662109,1.0815,0,"aoml_apex",1028.55071124864
"1902800",9,0,2,0.0365,1,0.0146,1,0.000297999999020249,1,134.933668636322,1,1.94390211382245,451.540008544922,1,13.4955997467041,35.7271003723145,0.0364999994635582,"3",0.00670180935412645,0.000297999999020249,"1",124.765296936035,-65.404,18.0172,35.8804127731115,50,50,50,50,50,50,0,10056,1,18,-65,0.0073,47,2026-06-22 10:42:42.001134,451.540008544922,1.0815,0,"aoml_apex",1028.85839043985
"1902800",9,0,2,0.0292,1,0.0073,1,0.000273999990895391,1,129.245628170013,1,1.94334668097609,501.260009765625,1,12.6284999847412,35.5863990783691,0.0292000006884336,"3",0.00335090467706323,0.000273999990895391,"1",119.505897521973,-65.404,18.0172,35.8804127731115,50,50,50,50,50,50,0,10056,1,18,-65,0.0073,47,2026-06-22 10:42:42.001134,501.260009765625,1.0815,0,"aoml_apex",1029.15245106728
"1902800",9,0,2,0.0365,1,0.0146,1,0.000284999987343326,1,123.317280040741,1,1.9427582878805,551.390014648438,1,11.4338998794556,35.3902015686035,0.0364999994635582,"3",0.00670180935412645,0.000284999987343326,"1",114.024299621582,-65.404,18.0172,35.8804127731115,50,50,50,50,50,50,0,10056,1,18,-65,0.0073,47,2026-06-22 10:42:42.001134,551.390014648438,1.0815,0,"aoml_apex",1029.46414511604
"1902800",9,0,2,0.0365,1,0.0146,1,0.000295000005280599,1,121.649499973297,1,1.94214770131084,601.700012207031,1,10.1759004592896,35.2092018127441,0.0364999994635582,"3",0.00670180935412645,0.000295000005280599,"1",112.482200622559,-65.404,18.0172,35.8804127731115,50,50,50,50,50,50,0,10056,1,18,-65,0.0073,47,2026-06-22 10:42:42.001134,601.700012207031,1.0815,0,"aoml_apex",1029.78779556782
"1902800",9,0,2,0.0438,1,0.0219,1,0.000330000009853393,1,120.936902435303,1,1.94161656318455,651.530029296875,1,9.47410011291504,35.1208992004395,0.0438000001013279,"3",0.010052714496851,0.000330000009853393,"1",111.823303222656,-65.404,18.0172,35.8804127731115,50,50,50,50,50,50,0,10056,1,18,-65,0.0073,47,2026-06-22 10:42:42.001134,651.530029296875,1.0815,0,"aoml_apex",1030.06949874783
"1902800",9,0,2,0.0438,1,0.0219,1,0.000293999997666106,1,123.838350952148,1,1.94105608771324,701.340026855469,1,8.57789993286133,35.0150985717773,0.0438000001013279,"3",0.010052714496851,0.000293999997666106,"1",114.506103515625,-65.404,18.0172,35.8804127731115,50,50,50,50,50,50,0,10056,1,18,-65,0.0073,47,2026-06-22 10:42:42.001134,701.340026855469,1.0815,0,"aoml_apex",1030.36692894135
"1902800",9,0,2,0.0438,1,0.0219,1,0.000304999994114041,1,127.951288719177,1,1.94049231810825,751.609985351562,1,8.07509994506836,35.0008010864258,0.0438000001013279,"3",0.010052714496851,0.000304999994114041,"1",118.309097290039,-65.404,18.0172,35.8804127731115,50,50,50,50,50,50,0,10056,1,18,-65,0.0073,47,2026-06-22 10:42:42.001134,751.609985351562,1.0815,0,"aoml_apex",1030.66628058067
"1902800",9,0,2,0.0438,1,0.0219,1,0.000303999986499548,1,132.164379432678,1,1.93994833944447,801.47998046875,1,7.18590021133423,34.8984985351562,0.0438000001013279,"3",0.010052714496851,0.000303999986499548,"1",122.204696655273,-65.404,18.0172,35.8804127731115,50,50,50,50,50,50,0,10056,1,18,-65,0.0073,47,2026-06-22 10:42:42.001134,801.47998046875,1.0815,0,"aoml_apex",1030.95528851698
"1902800",9,0,2,0.0365,1,0.0146,1,0.000291000003926456,1,140.142174682617,1,1.93940207186208,851.150024414062,1,6.70279979705811,34.8867988586426,0.0364999994635582,"3",0.00670180935412645,0.000291000003926456,"1",129.581298828125,-65.404,18.0172,35.8804127731115,50,50,50,50,50,50,0,10056,1,18,-65,0.0073,47,2026-06-22 10:42:42.001134,851.150024414062,1.0815,0,"aoml_apex",1031.2456756735
"1902800",9,0,2,0.0365,1,0.0146,1,0.000338000012561679,1,152.161749435425,1,1.93887046236631,901.510009765625,1,6.57490015029907,34.9325981140137,0.0364999994635582,"3",0.00670180935412645,0.000338000012561679,"1",140.695098876953,-65.404,18.0172,35.8804127731115,50,50,50,50,50,50,0,10056,1,18,-65,0.0073,47,2026-06-22 10:42:42.001134,901.510009765625,1.0815,0,"aoml_apex",1031.52842792761
"1902800",9,0,2,0.0365,1,0.0146,1,0.000291000003926456,1,165.013423713684,1,1.93834378004881,951.210021972656,1,6.40520000457764,34.9710006713867,0.0364999994635582,"3",0.00670180935412645,0.000291000003926456,"1",152.57829284668,-65.404,18.0172,35.8804127731115,50,50,50,50,50,50,0,10056,1,18,-65,0.0073,47,2026-06-22 10:42:42.001134,951.210021972656,1.0815,0,"aoml_apex",1031.80871246154
"1902800",9,0,2,0.0511,1,0.0292,1,0.000337000004947186,1,176.574776870728,1,1.93777043115578,999.799987792969,1,5.74599981307983,34.9538993835449,0.0511000007390976,"3",0.0134036187082529,0.000337000004947186,"1",163.268402099609,-65.404,18.0172,35.8804127731115,50,50,50,50,50,50,0,10056,1,18,-65,0.0073,47,2026-06-22 10:42:42.001134,999.799987792969,1.0815,0,"aoml_apex",1032.11400475706
"1902800",9,0,2,0.0365,1,0.0146,1,0.000311999989207834,1,191.917039901733,1,1.93672546165532,1100.06994628906,1,5.04020023345947,34.9552001953125,0.0364999994635582,"3",0.00670180935412645,0.000311999989207834,"1",177.454498291016,-65.404,18.0172,35.8804127731115,50,50,50,50,50,50,0,10056,1,18,-65,0.0073,47,2026-06-22 10:42:42.001134,1100.06994628906,1.0815,0,"aoml_apex",1032.67088681253
"1902800",9,0,2,0.0438,1,0.0219,1,0.000300000014249235,1,198.953605384827,1,1.93579636200078,1200.15002441406,1,4.75239992141724,34.9578018188477,0.0438000001013279,"3",0.010052714496851,0.000300000014249235,"1",183.960800170898,-65.404,18.0172,35.8804127731115,50,50,50,50,50,50,0,10056,1,18,-65,0.0073,47,2026-06-22 10:42:42.001134,1200.15002441406,1.0815,0,"aoml_apex",1033.16652477478
"1902800",9,0,2,0.0438,1,0.0219,1,0.000299000006634742,1,204.207319702148,1,1.93490774048979,1298.81005859375,1,4.5721001625061,34.9617004394531,0.0438000001013279,"3",0.010052714496851,0.000299000006634742,"1",188.818603515625,-65.404,18.0172,35.8804127731115,50,50,50,50,50,50,0,10056,1,18,-65,0.0073,47,2026-06-22 10:42:42.001134,1298.81005859375,1.0815,0,"aoml_apex",1033.64101458074
"1902800",9,0,2,0.0365,1,0.0146,1,0.000274999998509884,1,214.750641014099,4,1.93398684610289,1400,1,4.36429977416992,34.9692001342773,0.0364999994635582,"3",0.00670180935412645,0.000274999998509884,"1",198.567398071289,-65.404,18.0172,35.8804127731115,50,50,50,50,50,50,0,10056,1,18,-65,0.0073,47,2026-06-22 10:42:42.001134,1400,1.0815,0,"aoml_apex",1034.13319693985
"1902800",10,0.0511,5,0.0584,1,0.0365,1,0.001304000033997,1,195.645505210876,1,1.95549526901833,7.88000011444092,1,28.8624992370605,35.8189010620117,0.0584000013768673,"3",0.0999143794178963,0.001304000033997,"1",180.901992797852,-65.5954,18.0073,11.9277110078671,50,50,50,50,50,50,0.0511,10055,1,18,-66,0.0073,47,2026-07-02 16:56:15.001798,7.88000011444092,1.0815,0,"aoml_apex",1022.75880268634
"1902800",10,0.0511,5,0.073,1,0.0511,1,0.000691999972332269,1,195.517463241577,1,1.95542017965817,11.789999961853,1,28.7999000549316,35.8210983276367,0.0729999989271164,"3",0.0999143794178963,0.000691999972332269,"1",180.783599853516,-65.5954,18.0073,11.9277110078671,50,50,50,50,50,50,0.0511,10055,1,18,-66,0.0073,47,2026-07-02 16:56:15.001798,11.789999961853,1.0815,0,"aoml_apex",1022.79807726523
"1902800",10,0.0438,2,0.0657,1,0.0438,1,0.000704000005498528,1,195.758860061645,1,1.95527799474616,16.6900005340576,1,28.7357006072998,35.8637008666992,0.065700002014637,"3",0.0999143794178963,0.000704000005498528,"1",181.006805419922,-65.5954,18.0073,11.9277110078671,50,50,50,50,50,50,0.0438,10055,1,18,-66,0.0073,47,2026-07-02 16:56:15.001798,16.6900005340576,1.0815,0,"aoml_apex",1022.87245362246
"1902800",10,0.0438,2,0.0657,1,0.0438,1,0.000645000021904707,1,196.031396873474,1,1.95518746526867,21.6299991607666,1,28.7024993896484,35.8838996887207,0.065700002014637,"3",0.0999143794178963,0.000645000021904707,"1",181.258804321289,-65.5954,18.0073,11.9277110078671,50,50,50,50,50,50,0.0438,10055,1,18,-66,0.0073,47,2026-07-02 16:56:15.001798,21.6299991607666,1.0815,0,"aoml_apex",1022.91981486551
"1902800",10,0.0365,2,0.0584,1,0.0365,1,0.000691999972332269,1,196.460524772644,1,1.95505972962723,26.9699993133545,1,28.6226997375488,35.9071006774902,0.0584000013768673,"3",0.0999143794178963,0.000691999972332269,"1",181.65559387207,-65.5954,18.0073,11.9277110078671,50,50,50,50,50,50,0.0365,10055,1,18,-66,0.0073,47,2026-07-02 16:56:15.001798,26.9699993133545,1.0815,0,"aoml_apex",1022.98664828074
"1902800",10,0.0584,2,0.0803,1,0.0584,1,0.000715999980457127,1,197.59697769928,1,1.95488578815082,31.7399997711182,1,28.5037994384766,35.9485015869141,0.0803000032901764,"3",0.0999143794178963,0.000715999980457127,"1",182.706405639648,-65.5954,18.0073,11.9277110078671,50,50,50,50,50,50,0.0584,10055,1,18,-66,0.0073,47,2026-07-02 16:56:15.001798,31.7399997711182,1.0815,0,"aoml_apex",1023.07767140292
"1902800",10,0.073,2,0.0949,1,0.073,1,0.000714999972842634,1,202.172790733337,1,1.95408963317853,36.8600006103516,1,28.0547008514404,36.2762985229492,0.0948999971151352,"3",0.0999143794178963,0.000714999972842634,"1",186.937393188477,-65.5954,18.0073,11.9277110078671,50,50,50,50,50,50,0.073,10055,1,18,-66,0.0073,47,2026-07-02 16:56:15.001798,36.8600006103516,1.0815,0,"aoml_apex",1023.49450406059
"1902800",10,0.1095,2,0.1314,1,0.1095,1,0.000691000022925436,1,202.609839775085,1,1.95385512017482,41.9799995422363,1,27.9213008880615,36.3521995544434,0.131400004029274,"3",0.0999143794178963,0.000691000022925436,"1",187.341506958008,-65.5954,18.0073,11.9277110078671,50,50,50,50,50,50,0.1095,10055,1,18,-66,0.0073,47,2026-07-02 16:56:15.001798,41.9799995422363,1.0815,0,"aoml_apex",1023.61734979667
"1902800",10,0.0949,2,0.1168,1,0.0949,1,0.000750000006519258,1,202.011215927124,1,1.95345265490567,46.6599998474121,1,27.6359004974365,36.4817008972168,0.116800002753735,"3",0.0999143794178963,0.000750000006519258,"1",186.787994384766,-65.5954,18.0073,11.9277110078671,50,50,50,50,50,50,0.0949,10055,1,18,-66,0.0073,47,2026-07-02 16:56:15.001798,46.6599998474121,1.0815,0,"aoml_apex",1023.8282432786
"1902800",10,0.1022,2,0.1241,1,0.1022,1,0.000702999997884035,1,202.423494895935,1,1.95324315737952,51.5,1,27.5515003204346,36.5634994506836,0.124099999666214,"3",0.0999143794178963,0.000702999997884035,"1",187.169204711914,-65.5954,18.0073,11.9277110078671,50,50,50,50,50,50,0.1022,10055,1,18,-66,0.0073,47,2026-07-02 16:56:15.001798,51.5,1.0815,0,"aoml_apex",1023.93805525125
"1902800",10,0.1168,2,0.1387,1,0.1168,1,0.000608999980613589,1,202.548731460571,1,1.95314478576212,55.7799987792969,1,27.5564002990723,36.6097984313965,0.138699993491173,"3",0.0999143794178963,0.000608999980613589,"1",187.285003662109,-65.5954,18.0073,11.9277110078671,50,50,50,50,50,50,0.1168,10055,1,18,-66,0.0073,47,2026-07-02 16:56:15.001798,55.7799987792969,1.0815,0,"aoml_apex",1023.98962666743
"1902800",10,0.1095,2,0.1314,1,0.1095,1,0.000607999972999096,1,202.865923713684,1,1.95299950618463,61.9199981689453,1,27.4738998413086,36.6403999328613,0.131400004029274,"3",0.0999143794178963,0.000607999972999096,"1",187.57829284668,-65.5954,18.0073,11.9277110078671,50,50,50,50,50,50,0.1095,10055,1,18,-66,0.0073,47,2026-07-02 16:56:15.001798,61.9199981689453,1.0815,0,"aoml_apex",1024.06579912926
"1902800",10,0.1168,2,0.1387,1,0.1168,1,0.000584999972488731,1,203.223365272522,1,1.9528410993523,66.8099975585938,1,27.3162002563477,36.654899597168,0.138699993491173,"3",0.0999143794178963,0.000584999972488731,"1",187.908798217773,-65.5954,18.0073,11.9277110078671,50,50,50,50,50,50,0.1168,10055,1,18,-66,0.0073,47,2026-07-02 16:56:15.001798,66.8099975585938,1.0815,0,"aoml_apex",1024.14886734171
"1902800",10,0.1387,2,0.1606,1,0.1387,1,0.000572999997530133,1,203.326752685547,1,1.95265554962298,71.9400024414062,1,27.1434001922607,36.6806983947754,0.160600006580353,"3",0.0999143794178963,0.000572999997530133,"1",188.00439453125,-65.5954,18.0073,11.9277110078671,50,50,50,50,50,50,0.1387,10055,1,18,-66,0.0073,47,2026-07-02 16:56:15.001798,71.9400024414062,1.0815,0,"aoml_apex",1024.24618637228
"1902800",10,0.146,2,0.1679,1,0.146,1,0.000644000014290214,1,203.068275901794,1,1.95245212182286,76.9300003051758,1,27.0386009216309,36.7490997314453,0.167899996042252,"3",0.0999143794178963,0.000644000014290214,"1",187.765396118164,-65.5954,18.0073,11.9277110078671,50,50,50,50,50,50,0.146,10055,1,18,-66,0.0073,47,2026-07-02 16:56:15.001798,76.9300003051758,1.0815,0,"aoml_apex",1024.35290353381
"1902800",10,0.1606,2,0.1825,1,0.1606,1,0.000561000022571534,1,203.194271575928,1,1.95231809436566,81.9599990844727,1,26.9654998779297,36.782600402832,0.182500004768372,"3",0.0999143794178963,0.000561000022571534,"1",187.881896972656,-65.5954,18.0073,11.9277110078671,50,50,50,50,50,50,0.1606,10055,1,18,-66,0.0073,47,2026-07-02 16:56:15.001798,81.9599990844727,1.0815,0,"aoml_apex",1024.42322579089
"1902800",10,0.1606,2,0.1825,1,0.1606,1,0.000538000022061169,1,203.553544898987,1,1.95210943183634,86.9199981689453,1,26.7549991607666,36.810001373291,0.182500004768372,"3",0.0999143794178963,0.000538000022061169,"1",188.214096069336,-65.5954,18.0073,11.9277110078671,50,50,50,50,50,50,0.1606,10055,1,18,-66,0.0073,47,2026-07-02 16:56:15.001798,86.9199981689453,1.0815,0,"aoml_apex",1024.53272720403
"1902800",10,0.1679,2,0.1898,1,0.1679,1,0.00052599998889491,1,202.004301429749,1,1.95192399133271,91.5599975585938,1,26.6042995452881,36.8488006591797,0.18979999423027,"3",0.0999143794178963,0.00052599998889491,"1",186.781600952148,-65.5954,18.0073,11.9277110078671,50,50,50,50,50,50,0.1679,10055,1,18,-66,0.0073,47,2026-07-02 16:56:15.001798,91.5599975585938,1.0815,0,"aoml_apex",1024.63006186756
"1902800",10,0.219,2,0.2409,1,0.219,1,0.000561000022571534,1,198.225965927124,1,1.95166513695235,96.7099990844727,1,26.3677005767822,36.8997993469238,0.240899994969368,"3",0.0999143794178963,0.000561000022571534,"1",183.287994384766,-65.5954,18.0073,11.9277110078671,50,50,50,50,50,50,0.219,10055,1,18,-66,0.0073,47,2026-07-02 16:56:15.001798,96.7099990844727,1.0815,0,"aoml_apex",1024.76596119513
"1902800",10,0.2701,2,0.292,1,0.2701,1,0.000537000014446676,1,196.269212677002,1,1.95147520134979,101.569999694824,1,26.308500289917,36.9794998168945,0.291999995708466,"3",0.0999143794178963,0.000537000014446676,"1",181.478698730469,-65.5954,18.0073,11.9277110078671,50,50,50,50,50,50,0.2701,10055,1,18,-66,0.0073,47,2026-07-02 16:56:15.001798,101.569999694824,1.0815,0,"aoml_apex",1024.86570088959
"1902800",10,0.2409,2,0.2628,1,0.2409,1,0.000513000006321818,1,191.500239280701,1,1.95106678605554,111.839996337891,1,26.0384006500244,37.0922012329102,0.262800008058548,"3",0.0999143794178963,0.000513000006321818,"1",177.069107055664,-65.5954,18.0073,11.9277110078671,50,50,50,50,50,50,0.2409,10055,1,18,-66,0.0073,47,2026-07-02 16:56:15.001798,111.839996337891,1.0815,0,"aoml_apex",1025.08023523038
"1902800",10,0.2555,2,0.2774,1,0.2555,1,0.000571999989915639,1,186.521009056091,1,1.95084467156049,121.870002746582,1,25.8766994476318,37.1223983764648,0.277399986982346,"3",0.105969801545143,0.000571999989915639,"1",172.465103149414,-65.5954,18.0073,11.9277110078671,50,50,50,50,50,50,0.2555,10055,1,18,-66,0.0073,47,2026-07-02 16:56:15.001798,121.870002746582,1.0815,0,"aoml_apex",1025.19694630541
"1902800",10,0.2117,2,0.2336,1,0.2117,1,0.000547999981790781,1,182.655722511291,1,1.95019036385189,131.860000610352,1,25.1471996307373,37.219799041748,0.233600005507469,"3",0.0878035500645638,0.000547999981790781,"1",168.891098022461,-65.5954,18.0073,11.9277110078671,50,50,50,50,50,50,0.2117,10055,1,18,-66,0.0073,47,2026-07-02 16:56:15.001798,131.860000610352,1.0815,0,"aoml_apex",1025.54090978572
"1902800",10,0.1314,2,0.1533,1,0.1314,1,0.000478000001749024,1,177.608254943848,1,1.94981380443227,141.350006103516,1,24.6835994720459,37.2392997741699,0.153300002217293,"3",0.0544987544417381,0.000478000001749024,"1",164.223999023438,-65.5954,18.0073,11.9277110078671,50,50,50,50,50,50,0.1314,10055,1,18,-66,0.0073,47,2026-07-02 16:56:15.001798,141.350006103516,1.0815,0,"aoml_apex",1025.73896823053
"1902800",10,0.1606,2,0.1825,1,0.1606,1,0.000441999989561737,1,174.756445587158,1,1.94937449002333,151.669998168945,1,23.9953994750977,37.2103996276855,0.182500004768372,"3",0.0666095912456512,0.000441999989561737,"1",161.587097167969,-65.5954,18.0073,11.9277110078671,50,50,50,50,50,50,0.1606,10055,1,18,-66,0.0073,47,2026-07-02 16:56:15.001798,151.669998168945,1.0815,0,"aoml_apex",1025.9701305397
"1902800",10,0.1241,2,0.146,1,0.1241,1,0.000418999989051372,1,172.23201045227,1,1.94905410327136,161.509994506836,1,23.4939002990723,37.1794013977051,0.145999997854233,"3",0.0514710433781147,0.000418999989051372,"1",159.252899169922,-65.5954,18.0073,11.9277110078671,50,50,50,50,50,50,0.1241,10055,1,18,-66,0.0073,47,2026-07-02 16:56:15.001798,161.509994506836,1.0815,0,"aoml_apex",1026.13878016169
"1902800",10,0.1314,2,0.1533,1,0.1314,1,0.000429999985499308,1,170.646098693848,1,1.94871207594187,171.639999389648,1,22.8584003448486,37.1127014160156,0.153300002217293,"3",0.0544987544417381,0.000429999985499308,"1",157.786499023438,-65.5954,18.0073,11.9277110078671,50,50,50,50,50,50,0.1314,10055,1,18,-66,0.0073,47,2026-07-02 16:56:15.001798,171.639999389648,1.0815,0,"aoml_apex",1026.31888245129
"1902800",10,0.073,2,0.0949,1,0.073,1,0.000323999993270263,1,168.942623977661,1,1.9482506452721,181.399993896484,1,21.8805999755859,37.0065002441406,0.0948999971151352,"3",0.0302770845592022,0.000323999993270263,"1",156.211395263672,-65.5954,18.0073,11.9277110078671,50,50,50,50,50,50,0.073,10055,1,18,-66,0.0073,47,2026-07-02 16:56:15.001798,181.399993896484,1.0815,0,"aoml_apex",1026.56195949606
"1902800",10,0.0219,2,0.0438,1,0.0219,1,0.000335999997332692,1,169.009904182434,1,1.94773159730467,191.429992675781,1,20.744499206543,36.8916015625,0.0438000001013279,"3",0.00908312574028969,0.000335999997332692,"1",156.27360534668,-65.5954,18.0073,11.9277110078671,50,50,50,50,50,50,0.0219,10055,1,18,-66,0.0073,47,2026-07-02 16:56:15.001798,191.429992675781,1.0815,0,"aoml_apex",1026.83552639782
"1902800",10,0.0292,2,0.0511,1,0.0292,1,0.000335999997332692,1,170.469820266724,1,1.94754338116327,201.770004272461,1,20.3579006195068,36.8242988586426,0.0511000007390976,"3",0.0121108340099454,0.000335999997332692,"1",157.623504638672,-65.5954,18.0073,11.9277110078671,50,50,50,50,50,50,0.0292,10055,1,18,-66,0.0073,47,2026-07-02 16:56:15.001798,201.770004272461,1.0815,0,"aoml_apex",1026.9347627088
"1902800",10,0.0146,2,0.0365,1,0.0146,1,0.000300999992759898,1,173.407062446594,1,1.94728749777768,211.600006103516,1,19.8213996887207,36.7555999755859,0.0364999994635582,"3",0.0060554170049727,0.000300999992759898,"1",160.339401245117,-65.5954,18.0073,11.9277110078671,50,50,50,50,50,50,0.0146,10055,1,18,-66,0.0073,47,2026-07-02 16:56:15.001798,211.600006103516,1.0815,0,"aoml_apex",1027.06970710924
"1902800",10,0.0073,2,0.0292,1,0.0073,1,0.000288999988697469,1,175.473259483337,1,1.94709663978245,221.039993286133,1,19.4617004394531,36.7084007263184,0.0292000006884336,"3",0.00302770850248635,0.000288999988697469,"1",162.249893188477,-65.5954,18.0073,11.9277110078671,50,50,50,50,50,50,0.0073,10055,1,18,-66,0.0073,47,2026-07-02 16:56:15.001798,221.039993286133,1.0815,0,"aoml_apex",1027.17038237171
"1902800",10,0,2,0.0219,1,0,1,0.000323999993270263,1,174.90818497467,1,1.94696083187624,231.300003051758,1,19.2940998077393,36.6859016418457,0.0219000000506639,"3",0,0.000323999993270263,"1",161.727401733398,-65.5954,18.0073,11.9277110078671,50,50,50,50,50,50,0,10055,1,18,-66,0.0073,47,2026-07-02 16:56:15.001798,231.300003051758,1.0815,0,"aoml_apex",1027.24203140371
"1902800",10,0,2,0.0219,1,0,1,0.000300000014249235,1,178.77746509552,1,1.94678157625427,241.759994506836,1,18.9755001068115,36.6408996582031,0.0219000000506639,"3",0,0.000300000014249235,"1",165.305099487305,-65.5954,18.0073,11.9277110078671,50,50,50,50,50,50,0,10055,1,18,-66,0.0073,47,2026-07-02 16:56:15.001798,241.759994506836,1.0815,0,"aoml_apex",1027.33661772582
"1902800",10,0,2,0.0219,1,0,1,0.000300000014249235,1,181.076510719299,1,1.94667822206386,251.479995727539,1,18.8990993499756,36.6309013366699,0.0219000000506639,"3",0,0.000300000014249235,"1",167.430892944336,-65.5954,18.0073,11.9277110078671,50,50,50,50,50,50,0,10055,1,18,-66,0.0073,47,2026-07-02 16:56:15.001798,251.479995727539,1.0815,0,"aoml_apex",1027.39116168856
"1902800",10,0,2,0.0219,1,0,1,0.000300000014249235,1,185.368020744324,1,1.94654865637223,261.519989013672,1,18.7371006011963,36.6082000732422,0.0219000000506639,"3",0,0.000300000014249235,"1",171.399002075195,-65.5954,18.0073,11.9277110078671,50,50,50,50,50,50,0,10055,1,18,-66,0.0073,47,2026-07-02 16:56:15.001798,261.519989013672,1.0815,0,"aoml_apex",1027.4595466457
"1902800",10,0,2,0.0292,1,0.0073,1,0.000288999988697469,1,184.706027755737,1,1.94643591672262,271.119995117188,1,18.6051998138428,36.586799621582,0.0292000006884336,"3",0.00302770850248635,0.000288999988697469,"1",170.786895751953,-65.5954,18.0073,11.9277110078671,50,50,50,50,50,50,0,10055,1,18,-66,0.0073,47,2026-07-02 16:56:15.001798,271.119995117188,1.0815,0,"aoml_apex",1027.51905820129
"1902800",10,0,2,0.0292,1,0.0073,1,0.000277000013738871,1,178.089629379272,1,1.94630347690848,281.890014648438,1,18.4265003204346,36.5568008422852,0.0292000006884336,"3",0.00302770850248635,0.000277000013738871,"1",164.669097900391,-65.5954,18.0073,11.9277110078671,50,50,50,50,50,50,0,10055,1,18,-66,0.0073,47,2026-07-02 16:56:15.001798,281.890014648438,1.0815,0,"aoml_apex",1027.58897763303
"1902800",10,0,2,0.0292,1,0.0073,1,0.000265000009676442,1,166.688349311829,1,1.94614981474128,291.630004882812,1,18.0837993621826,36.4930992126465,0.0292000006884336,"3",0.00302770850248635,0.000265000009676442,"1",154.126998901367,-65.5954,18.0073,11.9277110078671,50,50,50,50,50,50,0,10055,1,18,-66,0.0073,47,2026-07-02 16:56:15.001798,291.630004882812,1.0815,0,"aoml_apex",1027.67011298453
"1902800",10,0,2,0.0219,1,0,1,0.000323999993270263,1,164.355341789246,1,1.94602699720257,301.769989013672,1,17.9004993438721,36.4594993591309,0.0219000000506639,"3",0,0.000323999993270263,"1",151.969802856445,-65.5954,18.0073,11.9277110078671,50,50,50,50,50,50,0,10055,1,18,-66,0.0073,47,2026-07-02 16:56:15.001798,301.769989013672,1.0815,0,"aoml_apex",1027.73497123885
"1902800",10,0,2,0.0292,1,0.0073,1,0.000277000013738871,1,163.768847190857,1,1.94589109548408,311.570007324219,1,17.644100189209,36.4132995605469,0.0292000006884336,"3",0.00302770850248635,0.000277000013738871,"1",151.427505493164,-65.5954,18.0073,11.9277110078671,50,50,50,50,50,50,0,10055,1,18,-66,0.0073,47,2026-07-02 16:56:15.001798,311.570007324219,1.0815,0,"aoml_apex",1027.8067486107
"1902800",10,0,2,0.0219,1,0,1,0.000288000010186806,1,163.253180809021,1,1.94573722353146,320.980010986328,1,17.3325996398926,36.3646011352539,0.0219000000506639,"3",0,0.000288000010186806,"1",150.950698852539,-65.5954,18.0073,11.9277110078671,50,50,50,50,50,50,0,10055,1,18,-66,0.0073,47,2026-07-02 16:56:15.001798,320.980010986328,1.0815,0,"aoml_apex",1027.88802918107
"1902800",10,0,2,0.0219,1,0,1,0.000265000009676442,1,160.887069511414,1,1.94559257611848,331.510009765625,1,17.0564002990723,36.3154983520508,0.0219000000506639,"3",0,0.000265000009676442,"1",148.762893676758,-65.5954,18.0073,11.9277110078671,50,50,50,50,50,50,0,10055,1,18,-66,0.0073,47,2026-07-02 16:56:15.001798,331.510009765625,1.0815,0,"aoml_apex",1027.96444874911
"1902800",10,0,2,0.0292,1,0.0073,1,0.000300000014249235,1,158.224311424255,1,1.94544348704657,340.929992675781,1,16.7488994598389,36.2667007446289,0.0292000006884336,"3",0.00302770850248635,0.000300000014249235,"1",146.300796508789,-65.5954,18.0073,11.9277110078671,50,50,50,50,50,50,0,10055,1,18,-66,0.0073,47,2026-07-02 16:56:15.001798,340.929992675781,1.0815,0,"aoml_apex",1028.04322681007
"1902800",10,0,2,0.0292,1,0.0073,1,0.000276000006124377,1,156.316652755737,1,1.94528629864137,351.600006103516,1,16.4165000915527,36.2095985412598,0.0292000006884336,"3",0.00302770850248635,0.000276000006124377,"1",144.536895751953,-65.5954,18.0073,11.9277110078671,50,50,50,50,50,50,0,10055,1,18,-66,0.0073,47,2026-07-02 16:56:15.001798,351.600006103516,1.0815,0,"aoml_apex",1028.126297603
"1902800",10,0,2,0.0219,1,0,1,0.000288000010186806,1,155.463133140564,1,1.94511956428905,360.950012207031,1,16.005199432373,36.1435012817383,0.0219000000506639,"3",0,0.000288000010186806,"1",143.747695922852,-65.5954,18.0073,11.9277110078671,50,50,50,50,50,50,0,10055,1,18,-66,0.0073,47,2026-07-02 16:56:15.001798,360.950012207031,1.0815,0,"aoml_apex",1028.21442790382
"1902800",10,0,2,0.0292,1,0.0073,1,0.000287000002572313,1,151.13518585968,1,1.944810286689,381.619995117188,1,15.335000038147,36.0346984863281,0.0292000006884336,"3",0.00302770850248635,0.000287000002572313,"1",139.745895385742,-65.5954,18.0073,11.9277110078671,50,50,50,50,50,50,0,10055,1,18,-66,0.0073,47,2026-07-02 16:56:15.001798,381.619995117188,1.0815,0,"aoml_apex",1028.37794189425
"1902800",10,0,2,0.0365,1,0.0146,1,0.000322000007145107,1,146.36847328949,1,1.94454811720285,401.480010986328,1,14.8447999954224,35.9558982849121,0.0364999994635582,"3",0.0060554170049727,0.000322000007145107,"1",135.338394165039,-65.5954,18.0073,11.9277110078671,50,50,50,50,50,50,0,10055,1,18,-66,0.0073,47,2026-07-02 16:56:15.001798,401.480010986328,1.0815,0,"aoml_apex",1028.51659072182
"1902800",10,0,2,0.0292,1,0.0073,1,0.000297999999020249,1,134.750030147552,1,1.94391368705958,451.739990234375,1,13.585599899292,35.7430992126465,0.0292000006884336,"3",0.00302770850248635,0.000297999999020249,"1",124.595497131348,-65.5954,18.0073,11.9277110078671,50,50,50,50,50,50,0,10055,1,18,-66,0.0073,47,2026-07-02 16:56:15.001798,451.739990234375,1.0815,0,"aoml_apex",1028.85226505363
"1902800",10,0,2,0.0365,1,0.0146,1,0.000296999991405755,1,126.613581012726,1,1.94324833587368,501.859985351562,1,12.0315999984741,35.4925994873047,0.0364999994635582,"3",0.0060554170049727,0.000296999991405755,"1",117.072196960449,-65.5954,18.0073,11.9277110078671,50,50,50,50,50,50,0,10055,1,18,-66,0.0073,47,2026-07-02 16:56:15.001798,501.859985351562,1.0815,0,"aoml_apex",1029.20453504508
"1902800",10,0,2,0.0365,1,0.0146,1,0.000307999987853691,1,123.589057743073,1,1.94268009047598,551.739990234375,1,11.0207996368408,35.3380012512207,0.0364999994635582,"3",0.0060554170049727,0.000307999987853691,"1",114.275596618652,-65.5954,18.0073,11.9277110078671,50,50,50,50,50,50,0,10055,1,18,-66,0.0073,47,2026-07-02 16:56:15.001798,551.739990234375,1.0815,0,"aoml_apex",1029.50558344888
"1902800",10,0,2,0.0365,1,0.0146,1,0.000342000013915822,1,121.392533157349,1,1.94210217197372,601.640014648438,1,9.89050006866455,35.1731986999512,0.0364999994635582,"3",0.0060554170049727,0.000342000013915822,"1",112.244598388672,-65.5954,18.0073,11.9277110078671,50,50,50,50,50,50,0,10055,1,18,-66,0.0073,47,2026-07-02 16:56:15.001798,601.640014648438,1.0815,0,"aoml_apex",1029.81193722029
"1902800",10,0,2,0.0365,1,0.0146,1,0.000376000010874122,1,123.163923419952,1,1.94151875010221,651.25,1,8.87839984893799,35.0545997619629,0.0364999994635582,"3",0.0060554170049727,0.000376000010874122,"1",113.882499694824,-65.5954,18.0073,11.9277110078671,50,50,50,50,50,50,0,10055,1,18,-66,0.0073,47,2026-07-02 16:56:15.001798,651.25,1.0815,0,"aoml_apex",1030.12139331372
"1902800",10,0,2,0.0438,1,0.0219,1,0.000304999994114041,1,124.513092029572,1,1.94103481881001,701.059997558594,1,8.53219985961914,35.0211982727051,0.0438000001013279,"3",0.00908312574028969,0.000304999994114041,"1",115.129997253418,-65.5954,18.0073,11.9277110078671,50,50,50,50,50,50,0,10055,1,18,-66,0.0073,47,2026-07-02 16:56:15.001798,701.059997558594,1.0815,0,"aoml_apex",1030.37821919451
"1902800",10,0,2,0.0438,1,0.0219,1,0.000304999994114041,1,127.429466949463,1,1.9404868599586,751.489990234375,1,7.76000022888184,34.9385986328125,0.0438000001013279,"3",0.00908312574028969,0.000304999994114041,"1",117.826599121094,-65.5954,18.0073,11.9277110078671,50,50,50,50,50,50,0,10055,1,18,-66,0.0073,47,2026-07-02 16:56:15.001798,751.489990234375,1.0815,0,"aoml_apex",1030.66917961128
"1902800",10,0,2,0.0438,1,0.0219,1,0.000326999987009913,1,136.386447441101,1,1.93988362492035,801.369995117188,1,6.90980005264282,34.8876991271973,0.0438000001013279,"3",0.00908312574028969,0.000326999987009913,"1",126.108596801758,-65.5954,18.0073,11.9277110078671,50,50,50,50,50,50,0,10055,1,18,-66,0.0073,47,2026-07-02 16:56:15.001798,801.369995117188,1.0815,0,"aoml_apex",1030.9896811888
"1902800",10,0,2,0.0438,1,0.0219,1,0.000338000012561679,1,145.626790306091,1,1.93934183236629,851.830017089844,1,6.58729982376099,34.9011001586914,0.0438000001013279,"3",0.00908312574028969,0.000338000012561679,"1",134.652603149414,-65.5954,18.0073,11.9277110078671,50,50,50,50,50,50,0,10055,1,18,-66,0.0073,47,2026-07-02 16:56:15.001798,851.830017089844,1.0815,0,"aoml_apex",1031.27770804577
"1902800",10,0,2,0.0438,1,0.0219,1,0.000314000004436821,1,156.0463932724,1,1.93883493719097,901.590026855469,1,6.39169979095459,34.9203987121582,0.0438000001013279,"3",0.00908312574028969,0.000314000004436821,"1",144.287002563477,-65.5954,18.0073,11.9277110078671,50,50,50,50,50,50,0,10055,1,18,-66,0.0073,47,2026-07-02 16:56:15.001798,901.590026855469,1.0815,0,"aoml_apex",1031.54732857127
"1902800",10,0,2,0.0365,1,0.0146,1,0.000325000000884756,1,163.531344932556,1,1.93831321577989,951.700012207031,1,6.13439989089966,34.9362983703613,0.0364999994635582,"3",0.0060554170049727,0.000325000000884756,"1",151.207901000977,-65.5954,18.0073,11.9277110078671,50,50,50,50,50,50,0,10055,1,18,-66,0.0073,47,2026-07-02 16:56:15.001798,951.700012207031,1.0815,0,"aoml_apex",1031.82498252497
"1902800",10,0,2,0.0365,1,0.0146,1,0.000819000008050352,1,173.814456710815,1,1.93779745791797,999.340026855469,1,5.81220006942749,34.9506988525391,0.0364999994635582,"3",0.0060554170049727,0.000819000008050352,"1",160.716094970703,-65.5954,18.0073,11.9277110078671,50,50,50,50,50,50,0,10055,1,18,-66,0.0073,47,2026-07-02 16:56:15.001798,999.340026855469,1.0815,0,"aoml_apex",1032.09960970269
"1902800",10,0,2,0.0365,1,0.0146,1,0.000300000014249235,1,188.241134674072,1,1.93676656052831,1099.32995605469,1,5.14849996566772,34.951301574707,0.0364999994635582,"3",0.0060554170049727,0.000300000014249235,"1",174.055603027344,-65.5954,18.0073,11.9277110078671,50,50,50,50,50,50,0,10055,1,18,-66,0.0073,47,2026-07-02 16:56:15.001798,1099.32995605469,1.0815,0,"aoml_apex",1032.64897317023
"1902800",10,0,2,0.0438,1,0.0219,1,0.000369999994290993,1,196.390554679871,1,1.93581633820309,1200.06994628906,1,4.81489992141724,34.9560012817383,0.0438000001013279,"3",0.00908312574028969,0.000369999994290993,"1",181.590896606445,-65.5954,18.0073,11.9277110078671,50,50,50,50,50,50,0,10055,1,18,-66,0.0073,47,2026-07-02 16:56:15.001798,1200.06994628906,1.0815,0,"aoml_apex",1033.15586325534
"1902800",10,0,2,0.0438,1,0.0219,1,0.000392999994801357,1,202.986622123718,1,1.93490795307302,1300.07995605469,1,4.60599994659424,34.9603996276855,0.0438000001013279,"3",0.00908312574028969,0.000392999994801357,"1",187.689895629883,-65.5954,18.0073,11.9277110078671,50,50,50,50,50,50,0,10055,1,18,-66,0.0073,47,2026-07-02 16:56:15.001798,1300.07995605469,1.0815,0,"aoml_apex",1033.64090101733
"1902800",10,0,2,0.0511,1,0.0292,1,0.000299000006634742,1,207.217881958008,4,1.93403271619554,1399.86999511719,1,4.50040006637573,34.9635009765625,0.0511000007390976,"3",0.0121108340099454,0.000299000006634742,"1",191.602294921875,-65.5954,18.0073,11.9277110078671,50,50,50,50,50,50,0,10055,1,18,-66,0.0073,47,2026-07-02 16:56:15.001798,1399.86999511719,1.0815,0,"aoml_apex",1034.1086700613
"1902800",11,0.0365,2,0.0584,1,0.0365,1,0.000551000004634261,1,195.372110275269,1,1.9551910778722,7.90000009536743,1,28.7250995635986,35.9695014953613,0.0584000013768673,"3",0.0167545229196548,0.000551000004634261,"1",180.649200439453,-65.2929,18.0092,27.8302428751017,50,50,50,50,50,50,0.0365,10056,1,18,-65,0.0073,47,2026-07-12 23:10:42.002482,7.90000009536743,1.0815,0,"aoml_apex",1022.91792481815
"1902800",11,0.0438,2,0.0657,1,0.0438,1,0.000598000013269484,1,195.36638394928,1,1.95516035163672,11.7700004577637,1,28.7264995574951,35.9695014953613,0.065700002014637,"3",0.0201054289937019,0.000598000013269484,"1",180.643905639648,-65.2929,18.0092,27.8302428751017,50,50,50,50,50,50,0.0438,10056,1,18,-65,0.0073,47,2026-07-12 23:10:42.002482,11.7700004577637,1.0815,0,"aoml_apex",1022.93400043927
"1902800",11,0.0511,2,0.073,1,0.0511,1,0.000585999980103225,1,195.362918449402,1,1.9551169093483,16.7900009155273,1,28.7210998535156,35.9687995910645,0.0729999989271164,"3",0.0234563332051039,0.000585999980103225,"1",180.640701293945,-65.2929,18.0092,27.8302428751017,50,50,50,50,50,50,0.0511,10056,1,18,-65,0.0073,47,2026-07-12 23:10:42.002482,16.7900009155273,1.0815,0,"aoml_apex",1022.95672981861
"1902800",11,0.0511,2,0.073,1,0.0511,1,0.00056299997959286,1,195.314467460632,1,1.95507460437578,21.8600006103516,1,28.7169990539551,35.967601776123,0.0729999989271164,"3",0.0234563332051039,0.00056299997959286,"1",180.595901489258,-65.2929,18.0092,27.8302428751017,50,50,50,50,50,50,0.0511,10056,1,18,-65,0.0073,47,2026-07-12 23:10:42.002482,21.8600006103516,1.0815,0,"aoml_apex",1022.97886511526
"1902800",11,0.0511,2,0.073,1,0.0511,1,0.000551000004634261,1,195.321596488953,1,1.95499105629224,26.5499992370605,1,28.6464004516602,35.9678001403809,0.0729999989271164,"3",0.0234563332051039,0.000551000004634261,"1",180.602493286133,-65.2929,18.0092,27.8302428751017,50,50,50,50,50,50,0.0511,10056,1,18,-65,0.0073,47,2026-07-12 23:10:42.002482,26.5499992370605,1.0815,0,"aoml_apex",1023.02258292328
"1902800",11,0.0657,2,0.0876,1,0.0657,1,0.000585999980103225,1,195.404339424133,1,1.95492839726231,30.8999996185303,1,28.6270008087158,35.978099822998,0.0876000002026558,"3",0.0301581434905529,0.000585999980103225,"1",180.679000854492,-65.2929,18.0092,27.8302428751017,50,50,50,50,50,50,0.0657,10056,1,18,-65,0.0073,47,2026-07-12 23:10:42.002482,30.8999996185303,1.0815,0,"aoml_apex",1023.05537266777
"1902800",11,0.0657,2,0.0876,1,0.0657,1,0.000575000012759119,1,195.51226499176,1,1.95484950795442,36.8400001525879,1,28.6009006500244,35.9877014160156,0.0876000002026558,"3",0.0301581434905529,0.000575000012759119,"1",180.778793334961,-65.2929,18.0092,27.8302428751017,50,50,50,50,50,50,0.0657,10056,1,18,-65,0.0073,47,2026-07-12 23:10:42.002482,36.8400001525879,1.0815,0,"aoml_apex",1023.09665877699
"1902800",11,0.1095,2,0.1314,1,0.1095,1,0.000574000005144626,1,197.940887306213,1,1.95465888561874,41.9300003051758,1,28.5925006866455,36.0877990722656,0.131400004029274,"3",0.0502635724842548,0.000574000005144626,"1",183.024398803711,-65.2929,18.0092,27.8302428751017,50,50,50,50,50,50,0.1095,10056,1,18,-65,0.0073,47,2026-07-12 23:10:42.002482,41.9300003051758,1.0815,0,"aoml_apex",1023.19643325741
"1902800",11,0.1168,2,0.1387,1,0.1168,1,0.000644000014290214,1,202.138086227417,1,1.95391343841367,46.8400001525879,1,28.1047992706299,36.364200592041,0.138699993491173,"3",0.0536144748330116,0.000644000014290214,"1",186.905303955078,-65.2929,18.0092,27.8302428751017,50,50,50,50,50,50,0.1168,10056,1,18,-65,0.0073,47,2026-07-12 23:10:42.002482,46.8400001525879,1.0815,0,"aoml_apex",1023.58679800255
"1902800",11,0.1387,2,0.1606,1,0.1387,1,0.000691000022925436,1,202.436465766907,1,1.95353778126524,51.8199996948242,1,27.8353996276855,36.4798011779785,0.160600006580353,"3",0.0636671930551529,0.000691000022925436,"1",187.181198120117,-65.2929,18.0092,27.8302428751017,50,50,50,50,50,50,0.1387,10056,1,18,-65,0.0073,47,2026-07-12 23:10:42.002482,51.8199996948242,1.0815,0,"aoml_apex",1023.78362946462
"1902800",11,0.1825,2,0.2044,1,0.1825,1,0.000667000014800578,1,202.344646522522,1,1.95330536620569,56.9500007629395,1,27.6704998016357,36.5407981872559,0.20440000295639,"3",0.0837726220488548,0.000667000014800578,"1",187.096298217773,-65.2929,18.0092,27.8302428751017,50,50,50,50,50,50,0.1825,10056,1,18,-65,0.0073,47,2026-07-12 23:10:42.002482,56.9500007629395,1.0815,0,"aoml_apex",1023.90544489468
"1902800",11,0.1533,2,0.1752,1,0.1533,1,0.000607999972999096,1,202.523845870972,1,1.95298960988358,61.5800018310547,1,27.4831008911133,36.6531982421875,0.175200000405312,"3",0.0703689977526665,0.000607999972999096,"1",187.261993408203,-65.2929,18.0092,27.8302428751017,50,50,50,50,50,50,0.1533,10056,1,18,-65,0.0073,47,2026-07-12 23:10:42.002482,61.5800018310547,1.0815,0,"aoml_apex",1024.07098833425
"1902800",11,0.1825,2,0.2044,1,0.1825,1,0.000620000006165355,1,202.340322898865,1,1.95275928435929,66.8600006103516,1,27.2721004486084,36.6926002502441,0.20440000295639,"3",0.0837726220488548,0.000620000006165355,"1",187.092300415039,-65.2929,18.0092,27.8302428751017,50,50,50,50,50,50,0.1825,10056,1,18,-65,0.0073,47,2026-07-12 23:10:42.002482,66.8600006103516,1.0815,0,"aoml_apex",1024.19177623125
"1902800",11,0.1825,2,0.2044,1,0.1825,1,0.000631999981123954,1,198.785759674072,1,1.95246359526196,71.9100036621094,1,27.0610008239746,36.7792015075684,0.20440000295639,"3",0.0837726220488548,0.000631999981123954,"1",183.805603027344,-65.2929,18.0092,27.8302428751017,50,50,50,50,50,50,0.1825,10056,1,18,-65,0.0073,47,2026-07-12 23:10:42.002482,71.9100036621094,1.0815,0,"aoml_apex",1024.34688403584
"1902800",11,0.2628,2,0.2847,1,0.2628,1,0.000607999972999096,1,200.118706443787,1,1.95209890189671,76.9300003051758,1,26.6793003082275,36.8418998718262,0.284700006246567,"3",0.120632573962212,0.000607999972999096,"1",185.038101196289,-65.2929,18.0092,27.8302428751017,50,50,50,50,50,50,0.2628,10056,1,18,-65,0.0073,47,2026-07-12 23:10:42.002482,76.9300003051758,1.0815,0,"aoml_apex",1024.53825370054
"1902800",11,0.2044,2,0.2263,1,0.2044,1,0.000572999997530133,1,201.43780771637,1,1.95193280838188,81.8399963378906,1,26.5734996795654,36.8847999572754,0.226300001144409,"3",0.0938253328204155,0.000572999997530133,"1",186.257797241211,-65.2929,18.0092,27.8302428751017,50,50,50,50,50,50,0.2044,10056,1,18,-65,0.0073,47,2026-07-12 23:10:42.002482,81.8399963378906,1.0815,0,"aoml_apex",1024.62543352502
"1902800",11,0.2263,2,0.2482,1,0.2263,1,0.000537000014446676,1,200.792812179565,1,1.95180756011219,86.6600036621094,1,26.4958992004395,36.9118003845215,0.248199999332428,"3",0.103878043591976,0.000537000014446676,"1",185.661407470703,-65.2929,18.0092,27.8302428751017,50,50,50,50,50,50,0.2263,10056,1,18,-65,0.0073,47,2026-07-12 23:10:42.002482,86.6600036621094,1.0815,0,"aoml_apex",1024.69118414781
"1902800",11,0.2336,2,0.2555,1,0.2336,1,0.000561000022571534,1,200.835520339966,1,1.95166739327757,91.5999984741211,1,26.408899307251,36.9445991516113,0.255499988794327,"3",0.107228949666023,0.000561000022571534,"1",185.700897216797,-65.2929,18.0092,27.8302428751017,50,50,50,50,50,50,0.2336,10056,1,18,-65,0.0073,47,2026-07-12 23:10:42.002482,91.5999984741211,1.0815,0,"aoml_apex",1024.76477646186
"1902800",11,0.2701,2,0.292,1,0.2701,1,0.000501999980770051,1,200.489448921204,1,1.9515408963648,96.8099975585938,1,26.2693004608154,36.9443016052246,0.291999995708466,"3",0.123983472585678,0.000501999980770051,"1",185.380905151367,-65.2929,18.0092,27.8302428751017,50,50,50,50,50,50,0.2701,10056,1,18,-65,0.0073,47,2026-07-12 23:10:42.002482,96.8099975585938,1.0815,0,"aoml_apex",1024.8312006812
"1902800",11,0.2336,2,0.2555,1,0.2336,1,0.000524999981280416,1,197.508293907166,1,1.95132931307077,101.75,1,26.1742000579834,37.0236015319824,0.255499988794327,"3",0.107228949666023,0.000524999981280416,"1",182.624404907227,-65.2929,18.0092,27.8302428751017,50,50,50,50,50,50,0.2336,10056,1,18,-65,0.0073,47,2026-07-12 23:10:42.002482,101.75,1.0815,0,"aoml_apex",1024.94232347314
"1902800",11,0.2409,2,0.2628,1,0.2409,1,0.000465999997686595,1,191.213625938416,1,1.95082302227405,111.830001831055,1,25.7679996490479,37.1492004394531,0.262800008058548,"3",0.110579863190651,0.000465999997686595,"1",176.804092407227,-65.2929,18.0092,27.8302428751017,50,50,50,50,50,50,0.2409,10056,1,18,-65,0.0073,47,2026-07-12 23:10:42.002482,111.830001831055,1.0815,0,"aoml_apex",1025.20832344321
"1902800",11,0.2044,2,0.2263,1,0.2044,1,0.000465999997686595,1,184.965263648987,1,1.95033146703168,121.75,1,25.2045993804932,37.2024993896484,0.226300001144409,"3",0.0938253328204155,0.000465999997686595,"1",171.026596069336,-65.2929,18.0092,27.8302428751017,50,50,50,50,50,50,0.2044,10056,1,18,-65,0.0073,47,2026-07-12 23:10:42.002482,121.75,1.0815,0,"aoml_apex",1025.4667136371
"1902800",11,0.1971,2,0.219,1,0.1971,1,0.000430999993113801,1,180.49932346344,1,1.9497885082676,131.869995117188,1,24.4235000610352,37.2058982849121,0.218999996781349,"3",0.0904744267463684,0.000430999993113801,"1",166.897201538086,-65.2929,18.0092,27.8302428751017,50,50,50,50,50,50,0.1971,10056,1,18,-65,0.0073,47,2026-07-12 23:10:42.002482,131.869995117188,1.0815,0,"aoml_apex",1025.75227596198
"1902800",11,0.2044,2,0.2263,1,0.2044,1,0.000453999993624166,1,177.047718589783,1,1.94946071227296,141.800003051758,1,23.9764995574951,37.1990013122559,0.226300001144409,"3",0.0938253328204155,0.000453999993624166,"1",163.705703735352,-65.2929,18.0092,27.8302428751017,50,50,50,50,50,50,0.2044,10056,1,18,-65,0.0073,47,2026-07-12 23:10:42.002482,141.800003051758,1.0815,0,"aoml_apex",1025.92475314269
"1902800",11,0.1679,2,0.1898,1,0.1679,1,0.000441999989561737,1,172.143970252991,1,1.94894864110305,151.720001220703,1,23.0650005340576,37.141300201416,0.18979999423027,"3",0.0770708099007607,0.000441999989561737,"1",159.171493530273,-65.2929,18.0092,27.8302428751017,50,50,50,50,50,50,0.1679,10056,1,18,-65,0.0073,47,2026-07-12 23:10:42.002482,151.720001220703,1.0815,0,"aoml_apex",1026.19430693056
"1902800",11,0.0949,2,0.1168,1,0.0949,1,0.000348000001395121,1,169.310445533752,1,1.94845864059037,161.710006713867,1,22.0128002166748,37.0237007141113,0.116800002753735,"3",0.043561764061451,0.000348000001395121,"1",156.551498413086,-65.2929,18.0092,27.8302428751017,50,50,50,50,50,50,0.0949,10056,1,18,-65,0.0073,47,2026-07-12 23:10:42.002482,161.710006713867,1.0815,0,"aoml_apex",1026.45237539865
"1902800",11,0.0511,2,0.073,1,0.0511,1,0.000617999990936369,1,170.196953407288,1,1.94809595196677,171.759994506836,1,21.2329006195068,36.9287986755371,0.0729999989271164,"3",0.0234563332051039,0.000617999990936369,"1",157.371200561523,-65.2929,18.0092,27.8302428751017,50,50,50,50,50,50,0.0511,10056,1,18,-65,0.0073,47,2026-07-12 23:10:42.002482,171.759994506836,1.0815,0,"aoml_apex",1026.64347614953
"1902800",11,0.0438,2,0.0657,1,0.0438,1,0.000312999996822327,1,170.704616134644,1,1.9478720586178,181.139999389648,1,20.8101005554199,36.8765983581543,0.065700002014637,"3",0.0201054289937019,0.000312999996822327,"1",157.840606689453,-65.2929,18.0092,27.8302428751017,50,50,50,50,50,50,0.0438,10056,1,18,-65,0.0073,47,2026-07-12 23:10:42.002482,181.139999389648,1.0815,0,"aoml_apex",1026.76148115148
"1902800",11,0.0219,2,0.0438,1,0.0219,1,0.000312999996822327,1,171.188911491394,1,1.9476731974449,191.029998779297,1,20.4592990875244,36.8317985534668,0.0438000001013279,"3",0.010052714496851,0.000312999996822327,"1",158.28840637207,-65.2929,18.0092,27.8302428751017,50,50,50,50,50,50,0.0219,10056,1,18,-65,0.0073,47,2026-07-12 23:10:42.002482,191.029998779297,1.0815,0,"aoml_apex",1026.86631547004
"1902800",11,0.0073,2,0.0292,1,0.0073,1,0.000300999992759898,1,173.522991668701,1,1.94738935781206,200.940002441406,1,19.8663005828857,36.7616004943848,0.0292000006884336,"3",0.00335090467706323,0.000300999992759898,"1",160.446594238281,-65.2929,18.0092,27.8302428751017,50,50,50,50,50,50,0.0073,10056,1,18,-65,0.0073,47,2026-07-12 23:10:42.002482,200.940002441406,1.0815,0,"aoml_apex",1027.01598526093
"1902800",11,0.0146,2,0.0365,1,0.0146,1,0.000358999997843057,1,175.352132011414,1,1.94725172965148,211.330001831055,1,19.7031993865967,36.7405014038086,0.0364999994635582,"3",0.00670180935412645,0.000358999997843057,"1",162.137893676758,-65.2929,18.0092,27.8302428751017,50,50,50,50,50,50,0.0146,10056,1,18,-65,0.0073,47,2026-07-12 23:10:42.002482,211.330001831055,1.0815,0,"aoml_apex",1027.08857285645
"1902800",11,0.0073,2,0.0292,1,0.0073,1,0.000300000014249235,1,178.90020980072,1,1.94706661128957,220.880004882812,1,19.3701992034912,36.6983985900879,0.0292000006884336,"3",0.00335090467706323,0.000300000014249235,"1",165.418594360352,-65.2929,18.0092,27.8302428751017,50,50,50,50,50,50,0.0073,10056,1,18,-65,0.0073,47,2026-07-12 23:10:42.002482,220.880004882812,1.0815,0,"aoml_apex",1027.18622383205
"1902800",11,0.0073,2,0.0292,1,0.0073,1,0.000300000014249235,1,181.716341011047,1,1.94689773714045,231.630004882812,1,19.1061000823975,36.6629981994629,0.0292000006884336,"3",0.00335090467706323,0.000300000014249235,"1",168.022506713867,-65.2929,18.0092,27.8302428751017,50,50,50,50,50,50,0.0073,10056,1,18,-65,0.0073,47,2026-07-12 23:10:42.002482,231.630004882812,1.0815,0,"aoml_apex",1027.27532209141
"1902800",11,0,2,0.0219,1,0,1,0.000265000009676442,1,183.351776412964,1,1.94678793187493,241.020004272461,1,18.976900100708,36.6412010192871,0.0219000000506639,"3",0,0.000265000009676442,"1",169.534698486328,-65.2929,18.0092,27.8302428751017,50,50,50,50,50,50,0,10056,1,18,-65,0.0073,47,2026-07-12 23:10:42.002482,241.020004272461,1.0815,0,"aoml_apex",1027.33326381052
"1902800",11,0,2,0.0219,1,0,1,0.000300000014249235,1,184.194585983276,1,1.94665442435292,251.520004272461,1,18.8125991821289,36.6176986694336,0.0219000000506639,"3",0,0.000300000014249235,"1",170.313995361328,-65.2929,18.0092,27.8302428751017,50,50,50,50,50,50,0,10056,1,18,-65,0.0073,47,2026-07-12 23:10:42.002482,251.520004272461,1.0815,0,"aoml_apex",1027.40372147194
"1902800",11,0,2,0.0292,1,0.0073,1,0.000277000013738871,1,184.094664070129,1,1.9465218898126,261.809997558594,1,18.6340999603271,36.5901985168457,0.0292000006884336,"3",0.00335090467706323,0.000277000013738871,"1",170.221603393555,-65.2929,18.0092,27.8302428751017,50,50,50,50,50,50,0,10056,1,18,-65,0.0073,47,2026-07-12 23:10:42.002482,261.809997558594,1.0815,0,"aoml_apex",1027.47367520873
"1902800",11,0,2,0.0219,1,0,1,0.000277000013738871,1,184.371524505615,1,1.94641739522818,271.25,1,18.5275993347168,36.5727005004883,0.0219000000506639,"3",0,0.000277000013738871,"1",170.477600097656,-65.2929,18.0092,27.8302428751017,50,50,50,50,50,50,0,10056,1,18,-65,0.0073,47,2026-07-12 23:10:42.002482,271.25,1.0815,0,"aoml_apex",1027.52883574879
"1902800",11,0,2,0.0219,1,0,1,0.000323999993270263,1,181.531184303284,1,1.9462900034894,281.230010986328,1,18.3505001068115,36.5443992614746,0.0219000000506639,"3",0,0.000323999993270263,"1",167.851303100586,-65.2929,18.0092,27.8302428751017,50,50,50,50,50,50,0,10056,1,18,-65,0.0073,47,2026-07-12 23:10:42.002482,281.230010986328,1.0815,0,"aoml_apex",1027.59609123733
"1902800",11,0,2,0.0219,1,0,1,0.000277000013738871,1,175.389130348206,1,1.94614712009349,291.25,1,18.0988006591797,36.5021018981934,0.0219000000506639,"3",0,0.000277000013738871,"1",162.172103881836,-65.2929,18.0092,27.8302428751017,50,50,50,50,50,50,0,10056,1,18,-65,0.0073,47,2026-07-12 23:10:42.002482,291.25,1.0815,0,"aoml_apex",1027.67153590317
"1902800",11,0,2,0.0219,1,0,1,0.000288000010186806,1,170.466024719238,1,1.9459949253278,300.880004882812,1,17.7693996429443,36.4435997009277,0.0219000000506639,"3",0,0.000288000010186806,"1",157.619995117188,-65.2929,18.0092,27.8302428751017,50,50,50,50,50,50,0,10056,1,18,-65,0.0073,47,2026-07-12 23:10:42.002482,300.880004882812,1.0815,0,"aoml_apex",1027.75190930321
"1902800",11,0,2,0.0219,1,0,1,0.000288000010186806,1,168.681127258301,1,1.94585170489629,311.059997558594,1,17.4958992004395,36.3950996398926,0.0219000000506639,"3",0,0.000288000010186806,"1",155.969604492188,-65.2929,18.0092,27.8302428751017,50,50,50,50,50,50,0,10056,1,18,-65,0.0073,47,2026-07-12 23:10:42.002482,311.059997558594,1.0815,0,"aoml_apex",1027.82755487865
"1902800",11,0,2,0.0219,1,0,1,0.000288000010186806,1,167.448316932678,1,1.9457338843849,321.380004882812,1,17.3551006317139,36.371898651123,0.0219000000506639,"3",0,0.000288000010186806,"1",154.829696655273,-65.2929,18.0092,27.8302428751017,50,50,50,50,50,50,0,10056,1,18,-65,0.0073,47,2026-07-12 23:10:42.002482,321.380004882812,1.0815,0,"aoml_apex",1027.88979317809
"1902800",11,0,2,0.0292,1,0.0073,1,0.000265000009676442,1,165.258071502686,1,1.94560688428243,331.820007324219,1,17.1697006225586,36.3401985168457,0.0292000006884336,"3",0.00335090467706323,0.000265000009676442,"1",152.804504394531,-65.2929,18.0092,27.8302428751017,50,50,50,50,50,50,0,10056,1,18,-65,0.0073,47,2026-07-12 23:10:42.002482,331.820007324219,1.0815,0,"aoml_apex",1027.95688900825
"1902800",11,0,2,0.0292,1,0.0073,1,0.000264000002061948,1,163.035910469055,1,1.94547541826589,341.070007324219,1,16.9186992645264,36.2977981567383,0.0292000006884336,"3",0.00335090467706323,0.000264000002061948,"1",150.749801635742,-65.2929,18.0092,27.8302428751017,50,50,50,50,50,50,0,10056,1,18,-65,0.0073,47,2026-07-12 23:10:42.002482,341.070007324219,1.0815,0,"aoml_apex",1028.02635346722
"1902800",11,0,2,0.0292,1,0.0073,1,0.000264000002061948,1,159.917835205078,1,1.9453223288828,351.220001220703,1,16.6203002929688,36.2509002685547,0.0292000006884336,"3",0.00335090467706323,0.000264000002061948,"1",147.86669921875,-65.2929,18.0092,27.8302428751017,50,50,50,50,50,50,0,10056,1,18,-65,0.0073,47,2026-07-12 23:10:42.002482,351.220001220703,1.0815,0,"aoml_apex",1028.10725518614
"1902800",11,0,2,0.0292,1,0.0073,1,0.000311000010697171,1,157.841456199646,1,1.94520883402706,361.220001220703,1,16.4382991790771,36.214900970459,0.0292000006884336,"3",0.00335090467706323,0.000311000010697171,"1",145.946792602539,-65.2929,18.0092,27.8302428751017,50,50,50,50,50,50,0,10056,1,18,-65,0.0073,47,2026-07-12 23:10:42.002482,361.220001220703,1.0815,0,"aoml_apex",1028.16724097407
"1902800",11,0,2,0.0365,1,0.0146,1,0.000264000002061948,1,152.558334640503,1,1.94493221879177,381.709991455078,1,15.9200000762939,36.127799987793,0.0364999994635582,"3",0.00670180935412645,0.000264000002061948,"1",141.061798095703,-65.2929,18.0092,27.8302428751017,50,50,50,50,50,50,0,10056,1,18,-65,0.0073,47,2026-07-12 23:10:42.002482,381.709991455078,1.0815,0,"aoml_apex",1028.31347060642
"1902800",11,0,2,0.0292,1,0.0073,1,0.000287000002572313,1,146.895493309021,1,1.94464871465813,401.690002441406,1,15.3432998657227,36.0336990356445,0.0292000006884336,"3",0.00335090467706323,0.000287000002572313,"1",135.825698852539,-65.2929,18.0092,27.8302428751017,50,50,50,50,50,50,0,10056,1,18,-65,0.0073,47,2026-07-12 23:10:42.002482,401.690002441406,1.0815,0,"aoml_apex",1028.46338514748
"1902800",11,0,2,0.0292,1,0.0073,1,0.000274999998509884,1,139.555135505676,1,1.94406632733338,451.089996337891,1,14.4266996383667,35.8814010620117,0.0292000006884336,"3",0.00335090467706323,0.000274999998509884,"1",129.038497924805,-65.2929,18.0092,27.8302428751017,50,50,50,50,50,50,0,10056,1,18,-65,0.0073,47,2026-07-12 23:10:42.002482,451.089996337891,1.0815,0,"aoml_apex",1028.77148370927
"1902800",11,0,2,0.0292,1,0.0073,1,0.000391999987186864,1,133.916090606689,1,1.9434775133131,501.559997558594,1,13.5100002288818,35.7363014221191,0.0292000006884336,"3",0.00335090467706323,0.000391999987186864,"1",123.824401855469,-65.2929,18.0092,27.8302428751017,50,50,50,50,50,50,0,10056,1,18,-65,0.0073,47,2026-07-12 23:10:42.002482,501.559997558594,1.0815,0,"aoml_apex",1029.08316988476
"1902800",11,0,2,0.0365,1,0.0146,1,0.000296999991405755,1,126.900400634766,1,1.94289134385208,551.239990234375,1,12.4032001495361,35.5519981384277,0.0364999994635582,"3",0.00670180935412645,0.000296999991405755,"1",117.33740234375,-65.2929,18.0092,27.8302428751017,50,50,50,50,50,50,0,10056,1,18,-65,0.0073,47,2026-07-12 23:10:42.002482,551.239990234375,1.0815,0,"aoml_apex",1029.39364382297
"1902800",11,0,2,0.0365,1,0.0146,1,0.000472999992780387,1,122.466895877838,1,1.94227730779279,601.760009765625,1,11.0700998306274,35.3386001586914,0.0364999994635582,"3",0.00670180935412645,0.000472999992780387,"1",113.237998962402,-65.2929,18.0092,27.8302428751017,50,50,50,50,50,50,0,10056,1,18,-65,0.0073,47,2026-07-12 23:10:42.002482,601.760009765625,1.0815,0,"aoml_apex",1029.71907872044
"1902800",11,0,2,0.0292,1,0.0073,1,0.000306000001728535,1,121.955784152985,1,1.94160544089682,651.119995117188,1,9.41510009765625,35.1172981262207,0.0292000006884336,"3",0.00335090467706323,0.000306000001728535,"1",112.765403747559,-65.2929,18.0092,27.8302428751017,50,50,50,50,50,50,0,10056,1,18,-65,0.0073,47,2026-07-12 23:10:42.002482,651.119995117188,1.0815,0,"aoml_apex",1030.07539939536
"1902800",11,0,2,0.0511,1,0.0292,1,0.000329000002238899,1,123.946606567383,1,1.94102643033826,701.75,1,8.42500019073486,34.9995994567871,0.0511000007390976,"3",0.0134036187082529,0.000329000002238899,"1",114.606201171875,-65.2929,18.0092,27.8302428751017,50,50,50,50,50,50,0,10056,1,18,-65,0.0073,47,2026-07-12 23:10:42.002482,701.75,1.0815,0,"aoml_apex",1030.38267214706
"1902800",11,0,2,0.0438,1,0.0219,1,0.000315999990561977,1,126.142809356689,1,1.9405062713396,751.859985351562,1,7.8403000831604,34.9401016235352,0.0438000001013279,"3",0.010052714496851,0.000315999990561977,"1",116.636901855469,-65.2929,18.0092,27.8302428751017,50,50,50,50,50,50,0,10056,1,18,-65,0.0073,47,2026-07-12 23:10:42.002482,751.859985351562,1.0815,0,"aoml_apex",1030.65886956363
"1902800",11,0,2,0.0438,1,0.0219,1,0.000315999990561977,1,130.677209667206,1,1.93996870640049,801.539978027344,1,7.23169994354248,34.8936004638672,0.0438000001013279,"3",0.010052714496851,0.000315999990561977,"1",120.829597473145,-65.2929,18.0092,27.8302428751017,50,50,50,50,50,50,0,10056,1,18,-65,0.0073,47,2026-07-12 23:10:42.002482,801.539978027344,1.0815,0,"aoml_apex",1030.94446492949
"1902800",11,0,2,0.0438,1,0.0219,1,0.000349999987520278,1,136.63011333847,1,1.93945891082097,851.179992675781,1,6.89610004425049,34.8863983154297,0.0438000001013279,"3",0.010052714496851,0.000349999987520278,"1",126.33390045166,-65.2929,18.0092,27.8302428751017,50,50,50,50,50,50,0,10056,1,18,-65,0.0073,47,2026-07-12 23:10:42.002482,851.179992675781,1.0815,0,"aoml_apex",1031.21545336241
"1902800",11,0,2,0.0438,1,0.0219,1,0.000419999996665865,1,146.115739334106,1,1.93891745547265,901.309997558594,1,6.56829977035522,34.9005012512207,0.0438000001013279,"3",0.010052714496851,0.000419999996665865,"1",135.104705810547,-65.2929,18.0092,27.8302428751017,50,50,50,50,50,50,0,10056,1,18,-65,0.0073,47,2026-07-12 23:10:42.002482,901.309997558594,1.0815,0,"aoml_apex",1031.50342700508
"1902800",11,0,2,0.0365,1,0.0146,1,0.000314000004436821,1,159.493559005737,1,1.93836397950328,951.72998046875,1,6.31799983978271,34.937198638916,0.0364999994635582,"3",0.00670180935412645,0.000314000004436821,"1",147.474395751953,-65.2929,18.0092,27.8302428751017,50,50,50,50,50,50,0,10056,1,18,-65,0.0073,47,2026-07-12 23:10:42.002482,951.72998046875,1.0815,0,"aoml_apex",1031.79796010887
"1902800",11,0,2,0.0438,1,0.0219,1,0.000300999992759898,1,169.364094772339,1,1.9378127880076,1000.05999755859,1,5.77610015869141,34.9292984008789,0.0438000001013279,"3",0.010052714496851,0.000300999992759898,"1",156.601104736328,-65.2929,18.0092,27.8302428751017,50,50,50,50,50,50,0,10056,1,18,-65,0.0073,47,2026-07-12 23:10:42.002482,1000.05999755859,1.0815,0,"aoml_apex",1032.09144473463
"1902800",11,0,2,0.0292,1,0.0073,1,0.000300000014249235,1,184.066973075867,1,1.9367941504246,1099.63000488281,1,5.19960021972656,34.9402008056641,0.0292000006884336,"3",0.00335090467706323,0.000300000014249235,"1",170.195999145508,-65.2929,18.0092,27.8302428751017,50,50,50,50,50,50,0,10056,1,18,-65,0.0073,47,2026-07-12 23:10:42.002482,1099.63000488281,1.0815,0,"aoml_apex",1032.63426294505
"1902800",11,0,2,0.0438,1,0.0219,1,0.000288000010186806,1,194.427315994263,1,1.93583436536696,1199.72998046875,1,4.85230016708374,34.9524993896484,0.0438000001013279,"3",0.010052714496851,0.000288000010186806,"1",179.775604248047,-65.2929,18.0092,27.8302428751017,50,50,50,50,50,50,0,10056,1,18,-65,0.0073,47,2026-07-12 23:10:42.002482,1199.72998046875,1.0815,0,"aoml_apex",1033.14624214808
"1902800",11,0,2,0.0438,1,0.0219,1,0.000287000002572313,1,201.463221382141,1,1.93491055822595,1299.5400390625,1,4.58820009231567,34.9584999084473,0.0438000001013279,"3",0.010052714496851,0.000287000002572313,"1",186.281295776367,-65.2929,18.0092,27.8302428751017,50,50,50,50,50,50,0,10056,1,18,-65,0.0073,47,2026-07-12 23:10:42.002482,1299.5400390625,1.0815,0,"aoml_apex",1033.63950932891
"1902800",11,0,2,0.0438,1,0.0219,1,0.000264000002061948,1,207.409425086975,4,1.9340253452828,1399.28002929688,1,4.45660018920898,34.9639015197754,0.0438000001013279,"3",0.010052714496851,0.000264000002061948,"1",191.779403686523,-65.2929,18.0092,27.8302428751017,50,50,50,50,50,50,0,10056,1,18,-65,0.0073,47,2026-07-12 23:10:42.002482,1399.28002929688,1.0815,0,"aoml_apex",1034.11261123238
"1902800",12,0.073,2,0.0949,1,0.073,1,0.000645999971311539,1,194.721371910095,1,1.95615072876109,7.73999977111816,1,28.7402992248535,35.3092994689941,0.0948999971151352,"3",0.0335090458393097,0.000645999971311539,"1",180.047500610352,-65.1565,18.0053,14.0149909450681,50,50,50,50,50,50,0.073,10056,1,18,-65,0.0073,47,2026-07-23 05:31:29.000581,7.73999977111816,1.0815,0,"aoml_apex",1022.41610045391
"1902800",12,0.073,2,0.0949,1,0.073,1,0.000682000012602657,1,194.608578140259,1,1.95610647459022,11.8100004196167,1,28.743200302124,35.3181991577148,0.0948999971151352,"3",0.0335090458393097,0.000682000012602657,"1",179.943206787109,-65.1565,18.0053,14.0149909450681,50,50,50,50,50,50,0.073,10056,1,18,-65,0.0073,47,2026-07-23 05:31:29.000581,11.8100004196167,1.0815,0,"aoml_apex",1022.43923118703
"1902800",12,0.1314,2,0.1533,1,0.1314,1,0.000669999979436398,1,193.550098960876,1,1.95576799542669,16.8299999237061,1,28.7859001159668,35.5441017150879,0.153300002217293,"3",0.0603162869811058,0.000669999979436398,"1",178.964492797852,-65.1565,18.0053,14.0149909450681,50,50,50,50,50,50,0.1314,10056,1,18,-65,0.0073,47,2026-07-23 05:31:29.000581,16.8299999237061,1.0815,0,"aoml_apex",1022.6161818154
"1902800",12,0.1752,2,0.1971,1,0.1752,1,0.000752000021748245,1,193.018771820068,1,1.95554956035775,21.8799991607666,1,28.7816009521484,35.6655006408691,0.19709999859333,"3",0.0804217159748077,0.000752000021748245,"1",178.473205566406,-65.1565,18.0053,14.0149909450681,50,50,50,50,50,50,0.1752,10056,1,18,-65,0.0073,47,2026-07-23 05:31:29.000581,21.8799991607666,1.0815,0,"aoml_apex",1022.73040813863
"1902800",12,0.2993,2,0.3212,1,0.2993,1,0.000951000023633242,1,190.283551780701,1,1.95511875207616,26.8600006103516,1,28.6777000427246,35.890998840332,0.321200013160706,"3",0.137387096881866,0.000951000023633242,"1",175.944107055664,-65.1565,18.0053,14.0149909450681,50,50,50,50,50,50,0.2993,10056,1,18,-65,0.0073,47,2026-07-23 05:31:29.000581,26.8600006103516,1.0815,0,"aoml_apex",1022.95576566701
"1902800",12,0.2482,2,0.2701,1,0.2482,1,0.000798000022768974,1,192.492081848145,1,1.95463191143048,31.5900001525879,1,28.5084991455078,36.1282005310059,0.270099997520447,"3",0.113930761814117,0.000798000022768974,"1",177.986206054688,-65.1565,18.0053,14.0149909450681,50,50,50,50,50,50,0.2482,10056,1,18,-65,0.0073,47,2026-07-23 05:31:29.000581,31.5900001525879,1.0815,0,"aoml_apex",1023.21055350842
"1902800",12,0.219,2,0.2409,1,0.219,1,0.000738999980967492,1,195.219083702087,1,1.95448920914002,36.7099990844727,1,28.408899307251,36.1544990539551,0.240899994969368,"3",0.10052714496851,0.000738999980967492,"1",180.507705688477,-65.1565,18.0053,14.0149909450681,50,50,50,50,50,50,0.219,10056,1,18,-65,0.0073,47,2026-07-23 05:31:29.000581,36.7099990844727,1.0815,0,"aoml_apex",1023.28526074595
"1902800",12,0.1971,2,0.219,1,0.1971,1,0.000644000014290214,1,196.386132041931,1,1.95409695346097,41.9199981689453,1,28.2381992340088,36.3228988647461,0.218999996781349,"3",0.0904744267463684,0.000644000014290214,"1",181.586807250977,-65.1565,18.0053,14.0149909450681,50,50,50,50,50,50,0.1971,10056,1,18,-65,0.0073,47,2026-07-23 05:31:29.000581,41.9199981689453,1.0815,0,"aoml_apex",1023.49066992696
"1902800",12,0.1679,2,0.1898,1,0.1679,1,0.000597000005654991,1,199.643718429565,1,1.95358753910589,46.9000015258789,1,27.9720001220703,36.5326995849609,0.18979999423027,"3",0.0770708099007607,0.000597000005654991,"1",184.598907470703,-65.1565,18.0053,14.0149909450681,50,50,50,50,50,50,0.1679,10056,1,18,-65,0.0073,47,2026-07-23 05:31:29.000581,46.9000015258789,1.0815,0,"aoml_apex",1023.75755371339
"1902800",12,0.146,2,0.1679,1,0.146,1,0.000597000005654991,1,200.48263343811,1,1.95331725362444,51.5400009155273,1,27.8083992004395,36.6231994628906,0.167899996042252,"3",0.0670180916786194,0.000597000005654991,"1",185.374603271484,-65.1565,18.0053,14.0149909450681,50,50,50,50,50,50,0.146,10056,1,18,-65,0.0073,47,2026-07-23 05:31:29.000581,51.5400009155273,1.0815,0,"aoml_apex",1023.89921365254
"1902800",12,0.1606,2,0.1825,1,0.1606,1,0.000691000022925436,1,201.05095891571,1,1.95315733096959,56.4099998474121,1,27.6947994232178,36.6575012207031,0.182500004768372,"3",0.0737199038267136,0.000691000022925436,"1",185.900100708008,-65.1565,18.0053,14.0149909450681,50,50,50,50,50,50,0.1606,10056,1,18,-65,0.0073,47,2026-07-23 05:31:29.000581,56.4099998474121,1.0815,0,"aoml_apex",1023.9830495412
"1902800",12,0.1533,2,0.1752,1,0.1533,1,0.000620000006165355,1,201.646100761414,1,1.9530268489565,61.2900009155273,1,27.5755004882812,36.6688995361328,0.175200000405312,"3",0.0703689977526665,0.000620000006165355,"1",186.450393676758,-65.1565,18.0053,14.0149909450681,50,50,50,50,50,50,0.1533,10056,1,18,-65,0.0073,47,2026-07-23 05:31:29.000581,61.2900009155273,1.0815,0,"aoml_apex",1024.05146200043
"1902800",12,0.1752,2,0.1971,1,0.1752,1,0.000597000005654991,1,201.87452671051,1,1.95294266543641,66.6600036621094,1,27.5333995819092,36.6787986755371,0.19709999859333,"3",0.0804217159748077,0.000597000005654991,"1",186.661605834961,-65.1565,18.0053,14.0149909450681,50,50,50,50,50,50,0.1752,10056,1,18,-65,0.0073,47,2026-07-23 05:31:29.000581,66.6600036621094,1.0815,0,"aoml_apex",1024.09560474888
"1902800",12,0.1825,2,0.2044,1,0.1825,1,0.000597000005654991,1,201.908917671204,1,1.95287478618577,71.870002746582,1,27.5013008117676,36.6825981140137,0.20440000295639,"3",0.0837726220488548,0.000597000005654991,"1",186.693405151367,-65.1565,18.0053,14.0149909450681,50,50,50,50,50,50,0.1825,10056,1,18,-65,0.0073,47,2026-07-23 05:31:29.000581,71.870002746582,1.0815,0,"aoml_apex",1024.13120090832
"1902800",12,0.1971,2,0.219,1,0.1971,1,0.000549999997019768,1,201.856143058777,1,1.95278536670593,76.9800033569336,1,27.4512004852295,36.6941986083984,0.218999996781349,"3",0.0904744267463684,0.000549999997019768,"1",186.644607543945,-65.1565,18.0053,14.0149909450681,50,50,50,50,50,50,0.1971,10056,1,18,-65,0.0073,47,2026-07-23 05:31:29.000581,76.9800033569336,1.0815,0,"aoml_apex",1024.1780966301
"1902800",12,0.1898,2,0.2117,1,0.1898,1,0.000548999989405274,1,201.92566758728,1,1.95242400167943,81.5899963378906,1,27.13330078125,36.7827987670898,0.21170000731945,"3",0.0871235281229019,0.000548999989405274,"1",186.708892822266,-65.1565,18.0053,14.0149909450681,50,50,50,50,50,50,0.1898,10056,1,18,-65,0.0073,47,2026-07-23 05:31:29.000581,81.5899963378906,1.0815,0,"aoml_apex",1024.36765696368
"1902800",12,0.1825,2,0.2044,1,0.1825,1,0.000501999980770051,1,201.980934059143,1,1.95217400004148,86.4599990844727,1,26.9083995819092,36.8330001831055,0.20440000295639,"3",0.0837726220488548,0.000501999980770051,"1",186.759994506836,-65.1565,18.0053,14.0149909450681,50,50,50,50,50,50,0.1825,10056,1,18,-65,0.0073,47,2026-07-23 05:31:29.000581,86.4599990844727,1.0815,0,"aoml_apex",1024.49884075779
"1902800",12,0.2117,2,0.2336,1,0.2117,1,0.00052599998889491,1,201.622535362244,1,1.95211820454084,91.7399978637695,1,26.8971996307373,36.837100982666,0.233600005507469,"3",0.0971762388944626,0.00052599998889491,"1",186.428604125977,-65.1565,18.0053,14.0149909450681,50,50,50,50,50,50,0.2117,10056,1,18,-65,0.0073,47,2026-07-23 05:31:29.000581,91.7399978637695,1.0815,0,"aoml_apex",1024.52812301416
"1902800",12,0.2044,2,0.2263,1,0.2044,1,0.000514000013936311,1,201.141804519653,1,1.95198569765221,96.7900009155273,1,26.8010005950928,36.8596992492676,0.226300001144409,"3",0.0938253328204155,0.000514000013936311,"1",185.984100341797,-65.1565,18.0053,14.0149909450681,50,50,50,50,50,50,0.2044,10056,1,18,-65,0.0073,47,2026-07-23 05:31:29.000581,96.7900009155273,1.0815,0,"aoml_apex",1024.59767118455
"1902800",12,0.2044,2,0.2263,1,0.2044,1,0.00052599998889491,1,200.037382713318,1,1.95187828136988,101.48999786377,1,26.7429008483887,36.8830986022949,0.226300001144409,"3",0.0938253328204155,0.00052599998889491,"1",184.962905883789,-65.1565,18.0053,14.0149909450681,50,50,50,50,50,50,0.2044,10056,1,18,-65,0.0073,47,2026-07-23 05:31:29.000581,101.48999786377,1.0815,0,"aoml_apex",1024.65405711485
"1902800",12,0.2628,2,0.2847,1,0.2628,1,0.000561000022571534,1,193.701293769836,1,1.95155298770776,111.919998168945,1,26.5006999969482,36.9477005004883,0.284700006246567,"3",0.120632573962212,0.000561000022571534,"1",179.104293823242,-65.1565,18.0053,14.0149909450681,50,50,50,50,50,50,0.2628,10056,1,18,-65,0.0073,47,2026-07-23 05:31:29.000581,111.919998168945,1.0815,0,"aoml_apex",1024.82485107881
"1902800",12,0.2774,2,0.2993,1,0.2774,1,0.000537000014446676,1,189.071501449585,1,1.95096004997531,121.360000610352,1,25.9925003051758,37.0932998657227,0.299299985170364,"3",0.127334386110306,0.000537000014446676,"1",174.823394775391,-65.1565,18.0053,14.0149909450681,50,50,50,50,50,50,0.2774,10056,1,18,-65,0.0073,47,2026-07-23 05:31:29.000581,121.360000610352,1.0815,0,"aoml_apex",1025.136316874
"1902800",12,0.2117,2,0.2336,1,0.2117,1,0.000465999997686595,1,189.625667884827,1,1.95061819535256,131.779998779297,1,25.701099395752,37.1507987976074,0.233600005507469,"3",0.0971762388944626,0.000465999997686595,"1",175.335800170898,-65.1565,18.0053,14.0149909450681,50,50,50,50,50,50,0.2117,10056,1,18,-65,0.0073,47,2026-07-23 05:31:29.000581,131.779998779297,1.0815,0,"aoml_apex",1025.31597662992
"1902800",12,0.1679,2,0.1898,1,0.1679,1,0.000478000001749024,1,184.687429573059,1,1.95017186915712,141.699996948242,1,25.2252006530762,37.2088012695312,0.18979999423027,"3",0.0770708099007607,0.000478000001749024,"1",170.76969909668,-65.1565,18.0053,14.0149909450681,50,50,50,50,50,50,0.1679,10056,1,18,-65,0.0073,47,2026-07-23 05:31:29.000581,141.699996948242,1.0815,0,"aoml_apex",1025.55063562906
"1902800",12,0.1533,2,0.1752,1,0.1533,1,0.000618999998550862,1,180.550365325928,1,1.94959348366439,151.380004882812,1,24.4018993377686,37.2220993041992,0.175200000405312,"3",0.0703689977526665,0.000618999998550862,"1",166.944396972656,-65.1565,18.0053,14.0149909450681,50,50,50,50,50,50,0.1533,10056,1,18,-65,0.0073,47,2026-07-23 05:31:29.000581,151.380004882812,1.0815,0,"aoml_apex",1025.85488552253
"1902800",12,0.1533,2,0.1752,1,0.1533,1,0.000418999989051372,1,176.944974769592,1,1.94932416735619,160.789993286133,1,23.9815006256104,37.1880989074707,0.175200000405312,"3",0.0703689977526665,0.000418999989051372,"1",163.610702514648,-65.1565,18.0053,14.0149909450681,50,50,50,50,50,50,0.1533,10056,1,18,-65,0.0073,47,2026-07-23 05:31:29.000581,160.789993286133,1.0815,0,"aoml_apex",1025.99661641323
"1902800",12,0.1241,2,0.146,1,0.1241,1,0.000407000014092773,1,171.808394348145,1,1.94889758399799,171.639999389648,1,23.2446002960205,37.13330078125,0.145999997854233,"3",0.0569653809070587,0.000407000014092773,"1",158.861206054688,-65.1565,18.0053,14.0149909450681,50,50,50,50,50,50,0.1241,10056,1,18,-65,0.0073,47,2026-07-23 05:31:29.000581,171.639999389648,1.0815,0,"aoml_apex",1026.22119110907
"1902800",12,0.073,2,0.0949,1,0.073,1,0.000395000010030344,1,168.775421859741,1,1.94844534809798,181.089996337891,1,22.3915004730225,37.0657005310059,0.0948999971151352,"3",0.0335090458393097,0.000395000010030344,"1",156.056793212891,-65.1565,18.0053,14.0149909450681,50,50,50,50,50,50,0.073,10056,1,18,-65,0.0073,47,2026-07-23 05:31:29.000581,181.089996337891,1.0815,0,"aoml_apex",1026.45937796118
"1902800",12,0.0657,2,0.0876,1,0.0657,1,0.00036000000545755,1,168.42004309845,1,1.94819037336184,191.199996948242,1,21.9615001678467,37.0228996276855,0.0876000002026558,"3",0.0301581434905529,0.00036000000545755,"1",155.72819519043,-65.1565,18.0053,14.0149909450681,50,50,50,50,50,50,0.0657,10056,1,18,-65,0.0073,47,2026-07-23 05:31:29.000581,191.199996948242,1.0815,0,"aoml_apex",1026.5937186358
"1902800",12,0.0292,2,0.0511,1,0.0292,1,0.000348000001395121,1,168.269508384705,1,1.94781207480369,201.160003662109,1,21.1308002471924,36.9208984375,0.0511000007390976,"3",0.0134036187082529,0.000348000001395121,"1",155.589004516602,-65.1565,18.0053,14.0149909450681,50,50,50,50,50,50,0.0292,10056,1,18,-65,0.0073,47,2026-07-23 05:31:29.000581,201.160003662109,1.0815,0,"aoml_apex",1026.79310076747
"1902800",12,0.0073,2,0.0292,1,0.0073,1,0.000323999993270263,1,170.858187286377,1,1.94738694509852,211.259994506836,1,20.1161003112793,36.7925987243652,0.0292000006884336,"3",0.00335090467706323,0.000323999993270263,"1",157.982604980469,-65.1565,18.0053,14.0149909450681,50,50,50,50,50,50,0.0073,10056,1,18,-65,0.0073,47,2026-07-23 05:31:29.000581,211.259994506836,1.0815,0,"aoml_apex",1027.01725768159
"1902800",12,0.0073,2,0.0292,1,0.0073,1,0.000323999993270263,1,173.310589530945,1,1.94714497024083,221.610000610352,1,19.628999710083,36.7299003601074,0.0292000006884336,"3",0.00335090467706323,0.000323999993270263,"1",160.250198364258,-65.1565,18.0053,14.0149909450681,50,50,50,50,50,50,0.0073,10056,1,18,-65,0.0073,47,2026-07-23 05:31:29.000581,221.610000610352,1.0815,0,"aoml_apex",1027.14488677884
"1902800",12,0.0073,2,0.0292,1,0.0073,1,0.000383000005967915,1,175.024873306274,1,1.94697102529649,231.149993896484,1,19.3190002441406,36.6883010864258,0.0292000006884336,"3",0.00335090467706323,0.000383000005967915,"1",161.835296630859,-65.1565,18.0053,14.0149909450681,50,50,50,50,50,50,0.0073,10056,1,18,-65,0.0073,47,2026-07-23 05:31:29.000581,231.149993896484,1.0815,0,"aoml_apex",1027.23665324985
"1902800",12,0,2,0.0219,1,0,1,0.000300000014249235,1,176.469656707764,1,1.94682769805118,241.479995727539,1,19.1404991149902,36.6670989990234,0.0219000000506639,"3",0,0.000300000014249235,"1",163.171203613281,-65.1565,18.0053,14.0149909450681,50,50,50,50,50,50,0,10056,1,18,-65,0.0073,47,2026-07-23 05:31:29.000581,241.479995727539,1.0815,0,"aoml_apex",1027.31227935685
"1902800",12,0.0073,2,0.0292,1,0.0073,1,0.000288999988697469,1,179.866638702393,1,1.94668910445462,251.25,1,18.9185009002686,36.6313018798828,0.0292000006884336,"3",0.00335090467706323,0.000288999988697469,"1",166.312194824219,-65.1565,18.0053,14.0149909450681,50,50,50,50,50,50,0.0073,10056,1,18,-65,0.0073,47,2026-07-23 05:31:29.000581,251.25,1.0815,0,"aoml_apex",1027.38541836156
"1902800",12,0,2,0.0292,1,0.0073,1,0.000311999989207834,1,181.169204589844,1,1.94653756368573,261.670013427734,1,18.6842002868652,36.5970993041992,0.0292000006884336,"3",0.00335090467706323,0.000311999989207834,"1",167.5166015625,-65.1565,18.0053,14.0149909450681,50,50,50,50,50,50,0,10056,1,18,-65,0.0073,47,2026-07-23 05:31:29.000581,261.670013427734,1.0815,0,"aoml_apex",1027.46540180455
"1902800",12,0,2,0.0219,1,0,1,0.000300000014249235,1,180.803874893188,1,1.94640718677662,271.559997558594,1,18.4881000518799,36.5647010803223,0.0219000000506639,"3",0,0.000300000014249235,"1",167.178802490234,-65.1565,18.0053,14.0149909450681,50,50,50,50,50,50,0,10056,1,18,-65,0.0073,47,2026-07-23 05:31:29.000581,271.559997558594,1.0815,0,"aoml_apex",1027.53422489779
"1902800",12,0,2,0.0219,1,0,1,0.000334999989718199,1,179.626661087036,1,1.94625235628459,281.609985351562,1,18.2089996337891,36.5209999084473,0.0219000000506639,"3",0,0.000334999989718199,"1",166.090301513672,-65.1565,18.0053,14.0149909450681,50,50,50,50,50,50,0,10056,1,18,-65,0.0073,47,2026-07-23 05:31:29.000581,281.609985351562,1.0815,0,"aoml_apex",1027.61596847493
"1902800",12,0,2,0.0292,1,0.0073,1,0.000265000009676442,1,177.128398727417,1,1.94611242492104,291.839996337891,1,17.987699508667,36.4859008789062,0.0292000006884336,"3",0.00335090467706323,0.000265000009676442,"1",163.780303955078,-65.1565,18.0053,14.0149909450681,50,50,50,50,50,50,0,10056,1,18,-65,0.0073,47,2026-07-23 05:31:29.000581,291.839996337891,1.0815,0,"aoml_apex",1027.68985716801
"1902800",12,0,2,0.0292,1,0.0073,1,0.000288000010186806,1,173.673971946716,1,1.9460027551796,301.480010986328,1,17.8395004272461,36.4578018188477,0.0292000006884336,"3",0.00335090467706323,0.000288000010186806,"1",160.586196899414,-65.1565,18.0053,14.0149909450681,50,50,50,50,50,50,0,10056,1,18,-65,0.0073,47,2026-07-23 05:31:29.000581,301.480010986328,1.0815,0,"aoml_apex",1027.74777408546
"1902800",12,0,2,0.0292,1,0.0073,1,0.000300000014249235,1,169.288167320251,1,1.94586754402493,311.5,1,17.5844993591309,36.4104995727539,0.0292000006884336,"3",0.00335090467706323,0.000300000014249235,"1",156.530899047852,-65.1565,18.0053,14.0149909450681,50,50,50,50,50,50,0,10056,1,18,-65,0.0073,47,2026-07-23 05:31:29.000581,311.5,1.0815,0,"aoml_apex",1027.81918848551
"1902800",12,0,2,0.0219,1,0,1,0.000276000006124377,1,169.306666488647,1,1.94574889644597,320.929992675781,1,17.4190006256104,36.3847999572754,0.0219000000506639,"3",0,0.000276000006124377,"1",156.548004150391,-65.1565,18.0053,14.0149909450681,50,50,50,50,50,50,0,10056,1,18,-65,0.0073,47,2026-07-23 05:31:29.000581,320.929992675781,1.0815,0,"aoml_apex",1027.88186268697
"1902800",12,0,2,0.0292,1,0.0073,1,0.000288000010186806,1,164.790427047729,1,1.94560371941878,331.540008544922,1,17.1457996368408,36.3362998962402,0.0292000006884336,"3",0.00335090467706323,0.000288000010186806,"1",152.372100830078,-65.1565,18.0053,14.0149909450681,50,50,50,50,50,50,0,10056,1,18,-65,0.0073,47,2026-07-23 05:31:29.000581,331.540008544922,1.0815,0,"aoml_apex",1027.95856115934
"1902800",12,0,2,0.0292,1,0.0073,1,0.000288000010186806,1,161.492178794861,1,1.94548905758492,341.369995117188,1,16.9773998260498,36.3054008483887,0.0292000006884336,"3",0.00335090467706323,0.000288000010186806,"1",149.322402954102,-65.1565,18.0053,14.0149909450681,50,50,50,50,50,50,0,10056,1,18,-65,0.0073,47,2026-07-23 05:31:29.000581,341.369995117188,1.0815,0,"aoml_apex",1028.01914624118
"1902800",12,0,2,0.0219,1,0,1,0.000288000010186806,1,158.299908828735,1,1.94529786969326,351.420013427734,1,16.4831008911133,36.2234992980957,0.0219000000506639,"3",0,0.000288000010186806,"1",146.370697021484,-65.1565,18.0053,14.0149909450681,50,50,50,50,50,50,0,10056,1,18,-65,0.0073,47,2026-07-23 05:31:29.000581,351.420013427734,1.0815,0,"aoml_apex",1028.12018208572
"1902800",12,0,2,0.0219,1,0,1,0.000288000010186806,1,157.384208244324,1,1.94514273635461,361.790008544922,1,16.2028007507324,36.1837997436523,0.0219000000506639,"3",0,0.000288000010186806,"1",145.524002075195,-65.1565,18.0053,14.0149909450681,50,50,50,50,50,50,0,10056,1,18,-65,0.0073,47,2026-07-23 05:31:29.000581,361.790008544922,1.0815,0,"aoml_apex",1028.20217900728
"1902800",12,0,2,0.0292,1,0.0073,1,0.000311000010697171,1,148.559807876587,1,1.94483837016996,381.790008544922,1,15.5283002853394,36.0726013183594,0.0292000006884336,"3",0.00335090467706323,0.000311000010697171,"1",137.364593505859,-65.1565,18.0053,14.0149909450681,50,50,50,50,50,50,0,10056,1,18,-65,0.0073,47,2026-07-23 05:31:29.000581,381.790008544922,1.0815,0,"aoml_apex",1028.36309210889
"1902800",12,0,2,0.0292,1,0.0073,1,0.000264000002061948,1,143.973928390503,1,1.94453238826105,401.579986572266,1,14.8365001678467,35.9636993408203,0.0292000006884336,"3",0.00335090467706323,0.000264000002061948,"1",133.124298095703,-65.1565,18.0053,14.0149909450681,50,50,50,50,50,50,0,10056,1,18,-65,0.0073,47,2026-07-23 05:31:29.000581,401.579986572266,1.0815,0,"aoml_apex",1028.52491019116
"1902800",12,0,2,0.0438,1,0.0219,1,0.00028599999495782,1,135.913183925629,1,1.94394847139378,451.850006103516,1,13.8418998718262,35.790599822998,0.0438000001013279,"3",0.010052714496851,0.00028599999495782,"1",125.670997619629,-65.1565,18.0053,14.0149909450681,50,50,50,50,50,50,0,10056,1,18,-65,0.0073,47,2026-07-23 05:31:29.000581,451.850006103516,1.0815,0,"aoml_apex",1028.83385513096
"1902800",12,0,2,0.0365,1,0.0146,1,0.00028599999495782,1,129.408292133331,1,1.94338079892562,500.989990234375,1,12.8708000183105,35.6299018859863,0.0364999994635582,"3",0.00670180935412645,0.00028599999495782,"1",119.656303405762,-65.1565,18.0053,14.0149909450681,50,50,50,50,50,50,0,10056,1,18,-65,0.0073,47,2026-07-23 05:31:29.000581,500.989990234375,1.0815,0,"aoml_apex",1029.13438329003
"1902800",12,0,2,0.0292,1,0.0073,1,0.000284999987343326,1,127.155527435303,1,1.94284944435997,551.190002441406,1,12.163800239563,35.5176010131836,0.0292000006884336,"3",0.00335090467706323,0.000284999987343326,"1",117.573303222656,-65.1565,18.0053,14.0149909450681,50,50,50,50,50,50,0,10056,1,18,-65,0.0073,47,2026-07-23 05:31:29.000581,551.190002441406,1.0815,0,"aoml_apex",1029.41584372682
"1902800",12,0,2,0.0438,1,0.0219,1,0.000284999987343326,1,123.31814641571,1,1.9423146599716,601.700012207031,1,11.40149974823,35.3969993591309,0.0438000001013279,"3",0.010052714496851,0.000284999987343326,"1",114.025100708008,-65.1565,18.0053,14.0149909450681,50,50,50,50,50,50,0,10056,1,18,-65,0.0073,47,2026-07-23 05:31:29.000581,601.700012207031,1.0815,0,"aoml_apex",1029.69927644434
"1902800",12,0,2,0.0365,1,0.0146,1,0.000319000013405457,1,120.511545330048,1,1.94167970516242,651.409973144531,1,9.84189987182617,35.1640014648438,0.0364999994635582,"3",0.00670180935412645,0.000319000013405457,"1",111.430000305176,-65.1565,18.0053,14.0149909450681,50,50,50,50,50,50,0,10056,1,18,-65,0.0073,47,2026-07-23 05:31:29.000581,651.409973144531,1.0815,0,"aoml_apex",1030.03600165492
"1902800",12,0,2,0.0438,1,0.0219,1,0.000306000001728535,1,122.695849903107,1,1.94108471527052,701.859985351562,1,8.78020000457764,35.0372009277344,0.0438000001013279,"3",0.010052714496851,0.000306000001728535,"1",113.449699401855,-65.1565,18.0053,14.0149909450681,50,50,50,50,50,50,0,10056,1,18,-65,0.0073,47,2026-07-23 05:31:29.000581,701.859985351562,1.0815,0,"aoml_apex",1030.35173285637
"1902800",12,0,2,0.0438,1,0.0219,1,0.000327999994624406,1,126.379544254303,1,1.94052175997563,751.859985351562,1,8.07219982147217,34.9786987304688,0.0438000001013279,"3",0.010052714496851,0.000327999994624406,"1",116.855796813965,-65.1565,18.0053,14.0149909450681,50,50,50,50,50,50,0,10056,1,18,-65,0.0073,47,2026-07-23 05:31:29.000581,751.859985351562,1.0815,0,"aoml_apex",1030.6506431678
"1902800",12,0,2,0.0365,1,0.0146,1,0.000327999994624406,1,130.064220497131,1,1.9400005795315,801.570007324219,1,7.43230009078979,34.9127998352051,0.0364999994635582,"3",0.00670180935412645,0.000327999994624406,"1",120.262802124023,-65.1565,18.0053,14.0149909450681,50,50,50,50,50,50,0,10056,1,18,-65,0.0073,47,2026-07-23 05:31:29.000581,801.570007324219,1.0815,0,"aoml_apex",1030.92752708506
"1902800",12,0,2,0.0438,1,0.0219,1,0.000292000011540949,1,139.395392463684,1,1.93942987698853,851.349975585938,1,6.91130018234253,34.9081993103027,0.0438000001013279,"3",0.010052714496851,0.000292000011540949,"1",128.89079284668,-65.1565,18.0053,14.0149909450681,50,50,50,50,50,50,0,10056,1,18,-65,0.0073,47,2026-07-23 05:31:29.000581,851.349975585938,1.0815,0,"aoml_apex",1031.23089095932
"1902800",12,0,2,0.0438,1,0.0219,1,0.000315000012051314,1,149.943598480225,1,1.93889582457433,901.530029296875,1,6.6318998336792,34.9264984130859,0.0438000001013279,"3",0.010052714496851,0.000315000012051314,"1",138.644104003906,-65.1565,18.0053,14.0149909450681,50,50,50,50,50,50,0,10056,1,18,-65,0.0073,47,2026-07-23 05:31:29.000581,901.530029296875,1.0815,0,"aoml_apex",1031.51493476401
"1902800",12,0,2,0.0438,1,0.0219,1,0.000314000004436821,1,161.828744842529,1,1.93835376619365,951.890014648438,1,6.33990001678467,34.9474983215332,0.0438000001013279,"3",0.010052714496851,0.000314000004436821,"1",149.633605957031,-65.1565,18.0053,14.0149909450681,50,50,50,50,50,50,0,10056,1,18,-65,0.0073,47,2026-07-23 05:31:29.000581,951.890014648438,1.0815,0,"aoml_apex",1031.80339671813
"1902800",12,0,2,0.0438,1,0.0219,1,0.000312999996822327,1,172.3640625,1,1.93781302662331,999.599975585938,1,5.86740016937256,34.9491004943848,0.0438000001013279,"3",0.010052714496851,0.000312999996822327,"1",159.375,-65.1565,18.0053,14.0149909450681,50,50,50,50,50,50,0,10056,1,18,-65,0.0073,47,2026-07-23 05:31:29.000581,999.599975585938,1.0815,0,"aoml_apex",1032.0913176464
"1902800",12,0,2,0.0365,1,0.0146,1,0.000311999989207834,1,188.307540252686,1,1.93674830089773,1099.25,1,5.04290008544922,34.9449005126953,0.0364999994635582,"3",0.00670180935412645,0.000311999989207834,"1",174.117004394531,-65.1565,18.0053,14.0149909450681,50,50,50,50,50,50,0,10056,1,18,-65,0.0073,47,2026-07-23 05:31:29.000581,1099.25,1.0815,0,"aoml_apex",1032.65870896748
"1902800",12,0,2,0.0438,1,0.0219,1,0.000311000010697171,1,198.085481163025,1,1.93578801801276,1199.92004394531,1,4.70139980316162,34.9556007385254,0.0438000001013279,"3",0.010052714496851,0.000311000010697171,"1",183.158096313477,-65.1565,18.0053,14.0149909450681,50,50,50,50,50,50,0,10056,1,18,-65,0.0073,47,2026-07-23 05:31:29.000581,1199.92004394531,1.0815,0,"aoml_apex",1033.17097811834
"1902800",12,0,2,0.0438,1,0.0219,1,0.000287000002572313,1,203.494499382019,1,1.93488636103421,1299.60998535156,1,4.51210021972656,34.9608001708984,0.0438000001013279,"3",0.010052714496851,0.000287000002572313,"1",188.15950012207,-65.1565,18.0053,14.0149909450681,50,50,50,50,50,50,0,10056,1,18,-65,0.0073,47,2026-07-23 05:31:29.000581,1299.60998535156,1.0815,0,"aoml_apex",1033.65243575906
"1902800",12,0,2,0.0511,1,0.0292,1,0.000299000006634742,1,209.117107910156,4,1.93400462685194,1399.27001953125,1,4.38259983062744,34.964599609375,0.0511000007390976,"3",0.0134036187082529,0.000299000006634742,"1",193.3583984375,-65.1565,18.0053,14.0149909450681,50,50,50,50,50,50,0,10056,1,18,-65,0.0073,47,2026-07-23 05:31:29.000581,1399.27001953125,1.0815,0,"aoml_apex",1034.12368938097
"1902800",13,0.0657,5,0.073,1,0.0511,1,0.000942000013310462,1,195.314681991577,1,1.95713908893446,7.86999988555908,1,28.9792995452881,34.7271003723145,0.0729999989271164,"3",0.147439807653427,0.000942000013310462,"1",180.596099853516,-65.3917,17.6612,27.8307633706442,50,50,50,50,50,50,0.0657,10056,1,18,-65,0.0073,47,2026-08-02 12:25:39.001324,7.86999988555908,1.0815,0,"aoml_apex",1021.89977774593
"1902800",13,0.0657,5,0.0876,1,0.0657,1,0.000636000011581928,1,195.294895637512,1,1.95710746627187,11.7799997329712,1,28.9794998168945,34.7268981933594,0.0876000002026558,"3",0.147439807653427,0.000636000011581928,"1",180.57780456543,-65.3917,17.6612,27.8307633706442,50,50,50,50,50,50,0.0657,10056,1,18,-65,0.0073,47,2026-08-02 12:25:39.001324,11.7799997329712,1.0815,0,"aoml_apex",1021.91628945642
"1902800",13,0.0657,5,0.0876,1,0.0657,1,0.000612000003457069,1,195.151704483032,1,1.95706276753099,16.9500007629395,1,28.978099822998,34.7279014587402,0.0876000002026558,"3",0.147439807653427,0.000612000003457069,"1",180.445404052734,-65.3917,17.6612,27.8307633706442,50,50,50,50,50,50,0.0657,10056,1,18,-65,0.0073,47,2026-08-02 12:25:39.001324,16.9500007629395,1.0815,0,"aoml_apex",1021.93962972541
"1902800",13,0.0657,5,0.0949,1,0.073,1,0.000577000027988106,1,195.218869171143,1,1.95702546978213,21.3999996185303,1,28.979700088501,34.7291984558105,0.0948999971151352,"3",0.147439807653427,0.000577000027988106,"1",180.507507324219,-65.3917,17.6612,27.8307633706442,50,50,50,50,50,50,0.0657,10056,1,18,-65,0.0073,47,2026-08-02 12:25:39.001324,21.3999996185303,1.0815,0,"aoml_apex",1021.95910624641
"1902800",13,0.0657,5,0.0876,1,0.0657,1,0.000612000003457069,1,195.129211738586,1,1.95698286438084,26.5699996948242,1,28.9801998138428,34.7295989990234,0.0876000002026558,"3",0.147439807653427,0.000612000003457069,"1",180.424606323242,-65.3917,17.6612,27.8307633706442,50,50,50,50,50,50,0.0657,10056,1,18,-65,0.0073,47,2026-08-02 12:25:39.001324,26.5699996948242,1.0815,0,"aoml_apex",1021.98135528017
"1902800",13,0.0876,2,0.1095,1,0.0876,1,0.000623999978415668,1,195.07955607605,1,1.95685486394127,31.7199993133545,1,29.0244007110596,34.8089981079102,0.109499998390675,"3",0.147439807653427,0.000623999978415668,"1",180.378692626953,-65.3917,17.6612,27.8307633706442,50,50,50,50,50,50,0.0876,10056,1,18,-65,0.0073,47,2026-08-02 12:25:39.001324,31.7199993133545,1.0815,0,"aoml_apex",1022.04820441912
"1902800",13,0.1314,2,0.1533,1,0.1314,1,0.000693999987561256,1,195.742951766968,1,1.95662693980346,36.8199996948242,1,28.9888000488281,34.9226989746094,0.153300002217293,"3",0.147439807653427,0.000693999987561256,"1",180.992095947266,-65.3917,17.6612,27.8307633706442,50,50,50,50,50,50,0.1314,10056,1,18,-65,0.0073,47,2026-08-02 12:25:39.001324,36.8199996948242,1.0815,0,"aoml_apex",1022.16726107272
"1902800",13,0.1314,2,0.1533,1,0.1314,1,0.000740999996196479,1,197.587241294861,1,1.95608428694903,41.8400001525879,1,28.7205009460449,35.1525993347168,0.153300002217293,"3",0.147439807653427,0.000740999996196479,"1",182.697402954102,-65.3917,17.6612,27.8307633706442,50,50,50,50,50,50,0.1314,10056,1,18,-65,0.0073,47,2026-08-02 12:25:39.001324,41.8400001525879,1.0815,0,"aoml_apex",1022.45082859873
"1902800",13,0.1241,2,0.146,1,0.1241,1,0.00071699998807162,1,197.888541755676,1,1.95582095870561,46.9700012207031,1,28.613899230957,35.2594985961914,0.145999997854233,"3",0.147439807653427,0.00071699998807162,"1",182.975997924805,-65.3917,17.6612,27.8307633706442,50,50,50,50,50,50,0.1241,10056,1,18,-65,0.0073,47,2026-08-02 12:25:39.001324,46.9700012207031,1.0815,0,"aoml_apex",1022.58848955358
"1902800",13,0.1533,2,0.1752,1,0.1533,1,0.000752000021748245,1,198.878437042236,1,1.95533652534294,51.7599983215332,1,28.5007991790771,35.5195007324219,0.175200000405312,"3",0.147439807653427,0.000752000021748245,"1",183.891296386719,-65.3917,17.6612,27.8307633706442,50,50,50,50,50,50,0.1533,10056,1,18,-65,0.0073,47,2026-08-02 12:25:39.001324,51.7599983215332,1.0815,0,"aoml_apex",1022.84183519214
"1902800",13,0.1752,2,0.1971,1,0.1752,1,0.000738999980967492,1,197.729673339844,1,1.95458478820446,56.9799995422363,1,28.3948001861572,35.9664993286133,0.19709999859333,"3",0.147439807653427,0.000738999980967492,"1",182.8291015625,-65.3917,17.6612,27.8307633706442,50,50,50,50,50,50,0.1752,10056,1,18,-65,0.0073,47,2026-08-02 12:25:39.001324,56.9799995422363,1.0815,0,"aoml_apex",1023.23522216566
"1902800",13,0.1898,2,0.2117,1,0.1898,1,0.000668000022415072,1,197.522238418579,1,1.95420789470268,61.7299995422363,1,28.090799331665,36.0684013366699,0.21170000731945,"3",0.147439807653427,0.000668000022415072,"1",182.637298583984,-65.3917,17.6612,27.8307633706442,50,50,50,50,50,50,0.1898,10056,1,18,-65,0.0073,47,2026-08-02 12:25:39.001324,61.7299995422363,1.0815,0,"aoml_apex",1023.43256591146
"1902800",13,0.2044,2,0.2263,1,0.2044,1,0.00067999999737367,1,196.508447685242,1,1.95384610488324,66.8000030517578,1,28.3265991210938,36.3951988220215,0.226300001144409,"3",0.147439807653427,0.00067999999737367,"1",181.699905395508,-65.3917,17.6612,27.8307633706442,50,50,50,50,50,50,0.2044,10056,1,18,-65,0.0073,47,2026-08-02 12:25:39.001324,66.8000030517578,1.0815,0,"aoml_apex",1023.62207289582
"1902800",13,0.2263,2,0.2482,1,0.2263,1,0.000702999997884035,1,196.684940643311,1,1.95349785776393,71.6699981689453,1,28.0981006622314,36.5097007751465,0.248199999332428,"3",0.147439807653427,0.000702999997884035,"1",181.863098144531,-65.3917,17.6612,27.8307633706442,50,50,50,50,50,50,0.2263,10056,1,18,-65,0.0073,47,2026-08-02 12:25:39.001324,71.6699981689453,1.0815,0,"aoml_apex",1023.80455246022
"1902800",13,0.2701,2,0.292,1,0.2701,1,0.000655999989248812,1,195.149542671204,1,1.95325012268887,76.9300003051758,1,27.8304996490479,36.535400390625,0.291999995708466,"3",0.147439807653427,0.000655999989248812,"1",180.443405151367,-65.3917,17.6612,27.8307633706442,50,50,50,50,50,50,0.2701,10056,1,18,-65,0.0073,47,2026-08-02 12:25:39.001324,76.9300003051758,1.0815,0,"aoml_apex",1023.93440387797
"1902800",13,0.4526,2,0.4745,1,0.4526,1,0.000878999999258667,1,186.980105278015,1,1.95278849575907,81.5699996948242,1,27.2196998596191,36.5662002563477,0.474500000476837,"3",0.147439807653427,0.000878999999258667,"1",172.889602661133,-65.3917,17.6612,27.8307633706442,50,50,50,50,50,50,0.4526,10056,1,18,-65,0.0073,47,2026-08-02 12:25:39.001324,81.5699996948242,1.0815,0,"aoml_apex",1024.17645553702
"1902800",13,0.4015,2,0.4234,1,0.4015,1,0.000773000007029623,1,184.50780116272,1,1.95261609161199,86.8300018310547,1,27.0932006835938,36.6021003723145,0.423400014638901,"3",0.147439807653427,0.000773000007029623,"1",170.603607177734,-65.3917,17.6612,27.8307633706442,50,50,50,50,50,50,0.4015,10056,1,18,-65,0.0073,47,2026-08-02 12:25:39.001324,86.8300018310547,1.0815,0,"aoml_apex",1024.26688410054
"1902800",13,0.3212,2,0.3431,1,0.3212,1,0.000691000022925436,1,182.981793045044,1,1.95234282425157,91.5400009155273,1,26.8097991943359,36.6445999145508,0.343100011348724,"3",0.147439807653427,0.000691000022925436,"1",169.192596435547,-65.3917,17.6612,27.8307633706442,50,50,50,50,50,50,0.3212,10056,1,18,-65,0.0073,47,2026-08-02 12:25:39.001324,91.5400009155273,1.0815,0,"aoml_apex",1024.41024965311
"1902800",13,0.1752,2,0.1971,1,0.1752,1,0.000597000005654991,1,182.687951660156,1,1.95198865880024,96.5899963378906,1,26.4890995025635,36.7265014648438,0.19709999859333,"3",0.0804217159748077,0.000597000005654991,"1",168.9208984375,-65.3917,17.6612,27.8307633706442,50,50,50,50,50,50,0.1752,10056,1,18,-65,0.0073,47,2026-08-02 12:25:39.001324,96.5899963378906,1.0815,0,"aoml_apex",1024.59611687973
"1902800",13,0.1241,2,0.146,1,0.1241,1,0.00052599998889491,1,184.811477966309,1,1.95176178947128,101.709999084473,1,26.4370994567871,36.8334007263184,0.145999997854233,"3",0.0569653809070587,0.00052599998889491,"1",170.884399414062,-65.3917,17.6612,27.8307633706442,50,50,50,50,50,50,0.1241,10056,1,18,-65,0.0073,47,2026-08-02 12:25:39.001324,101.709999084473,1.0815,0,"aoml_apex",1024.71521411523
"1902800",13,0.1022,2,0.1241,1,0.1022,1,0.000724999990779907,1,183.267531761169,1,1.9514247885283,111.949996948242,1,26.2616996765137,36.9360008239746,0.124099999666214,"3",0.0469126664102077,0.000724999990779907,"1",169.456802368164,-65.3917,17.6612,27.8307633706442,50,50,50,50,50,50,0.1022,10056,1,18,-65,0.0073,47,2026-08-02 12:25:39.001324,111.949996948242,1.0815,0,"aoml_apex",1024.89217711964
"1902800",13,0.0803,2,0.1022,1,0.0803,1,0.000407999992603436,1,183.792059921265,1,1.95113656122019,121.919998168945,1,26.0872993469238,37.0069007873535,0.102200001478195,"3",0.0368599519133568,0.000407999992603436,"1",169.941802978516,-65.3917,17.6612,27.8307633706442,50,50,50,50,50,50,0.0803,10056,1,18,-65,0.0073,47,2026-08-02 12:25:39.001324,121.919998168945,1.0815,0,"aoml_apex",1025.04357703658
"1902800",13,0.0657,2,0.0876,1,0.0657,1,0.000372000009519979,1,182.787675544739,1,1.9507842243604,131.369995117188,1,25.8059005737305,37.0811004638672,0.0876000002026558,"3",0.0301581434905529,0.000372000009519979,"1",169.013107299805,-65.3917,17.6612,27.8307633706442,50,50,50,50,50,50,0.0657,10056,1,18,-65,0.0073,47,2026-08-02 12:25:39.001324,131.369995117188,1.0815,0,"aoml_apex",1025.22871316316
"1902800",13,0.0438,2,0.0657,1,0.0438,1,0.000372000009519979,1,181.770303794861,1,1.95040199962979,141.839996337891,1,25.4291000366211,37.1316986083984,0.065700002014637,"3",0.0201054289937019,0.000372000009519979,"1",168.072402954102,-65.3917,17.6612,27.8307633706442,50,50,50,50,50,50,0.0438,10056,1,18,-65,0.0073,47,2026-08-02 12:25:39.001324,141.839996337891,1.0815,0,"aoml_apex",1025.42962957361
"1902800",13,0.073,2,0.0949,1,0.073,1,0.000348000001395121,1,176.787179008484,1,1.94969740993982,151.940002441406,1,24.6019992828369,37.2271995544434,0.0948999971151352,"3",0.0335090458393097,0.000348000001395121,"1",163.464797973633,-65.3917,17.6612,27.8307633706442,50,50,50,50,50,50,0.073,10056,1,18,-65,0.0073,47,2026-08-02 12:25:39.001324,151.940002441406,1.0815,0,"aoml_apex",1025.80020356171
"1902800",13,0.0584,2,0.0803,1,0.0584,1,0.000372000009519979,1,169.224468132019,1,1.94922926740378,161.889999389648,1,23.9153995513916,37.2215995788574,0.0803000032901764,"3",0.0268072374165058,0.000372000009519979,"1",156.47200012207,-65.3917,17.6612,27.8307633706442,50,50,50,50,50,50,0.0584,10056,1,18,-65,0.0073,47,2026-08-02 12:25:39.001324,161.889999389648,1.0815,0,"aoml_apex",1026.04656796675
"1902800",13,0.0219,2,0.0438,1,0.0219,1,0.000312999996822327,1,155.729828109741,1,1.94876709572456,171.710006713867,1,22.8511009216309,37.0713005065918,0.0438000001013279,"3",0.010052714496851,0.000312999996822327,"1",143.994293212891,-65.3917,17.6612,27.8307633706442,50,50,50,50,50,50,0.0219,10056,1,18,-65,0.0073,47,2026-08-02 12:25:39.001324,171.710006713867,1.0815,0,"aoml_apex",1026.28990626322
"1902800",13,0.0219,2,0.0438,1,0.0219,1,0.000325000000884756,1,153.658647354126,1,1.94836306076417,181.630004882812,1,22.2234992980957,37.0560989379883,0.0438000001013279,"3",0.010052714496851,0.000325000000884756,"1",142.079193115234,-65.3917,17.6612,27.8307633706442,50,50,50,50,50,50,0.0219,10056,1,18,-65,0.0073,47,2026-08-02 12:25:39.001324,181.630004882812,1.0815,0,"aoml_apex",1026.50272953521
"1902800",13,0.0146,2,0.0365,1,0.0146,1,0.000372000009519979,1,151.939495376587,1,1.94811971823067,191.169998168945,1,21.7085990905762,36.9776000976562,0.0364999994635582,"3",0.00670180935412645,0.000372000009519979,"1",140.489593505859,-65.3917,17.6612,27.8307633706442,50,50,50,50,50,50,0.0146,10056,1,18,-65,0.0073,47,2026-08-02 12:25:39.001324,191.169998168945,1.0815,0,"aoml_apex",1026.63095151896
"1902800",13,0.0146,2,0.0365,1,0.0146,1,0.000300999992759898,1,153.717164794922,1,1.9478784197857,201.089996337891,1,21.3360004425049,36.9505996704102,0.0364999994635582,"3",0.00670180935412645,0.000300999992759898,"1",142.13330078125,-65.3917,17.6612,27.8307633706442,50,50,50,50,50,50,0.0146,10056,1,18,-65,0.0073,47,2026-08-02 12:25:39.001324,201.089996337891,1.0815,0,"aoml_apex",1026.75812806635
"1902800",13,0.0146,2,0.0365,1,0.0146,1,0.000312999996822327,1,154.438417831421,1,1.94753901975125,211.059997558594,1,20.5925006866455,36.8585014343262,0.0364999994635582,"3",0.00670180935412645,0.000312999996822327,"1",142.800201416016,-65.3917,17.6612,27.8307633706442,50,50,50,50,50,50,0.0146,10056,1,18,-65,0.0073,47,2026-08-02 12:25:39.001324,211.059997558594,1.0815,0,"aoml_apex",1026.93706247562
"1902800",13,0.0073,2,0.0292,1,0.0073,1,0.000559000007342547,1,160.536459938049,1,1.94725842736972,221.550003051758,1,20.0044994354248,36.7835006713867,0.0292000006884336,"3",0.00335090467706323,0.000559000007342547,"1",148.438705444336,-65.3917,17.6612,27.8307633706442,50,50,50,50,50,50,0.0073,10056,1,18,-65,0.0073,47,2026-08-02 12:25:39.001324,221.550003051758,1.0815,0,"aoml_apex",1027.08504012049
"1902800",13,0.0146,2,0.0365,1,0.0146,1,0.000323999993270263,1,170.163206039429,1,1.94705852199981,230.630004882812,1,19.6117000579834,36.7322998046875,0.0364999994635582,"3",0.00670180935412645,0.000323999993270263,"1",157.339996337891,-65.3917,17.6612,27.8307633706442,50,50,50,50,50,50,0.0146,10056,1,18,-65,0.0073,47,2026-08-02 12:25:39.001324,230.630004882812,1.0815,0,"aoml_apex",1027.19049140126
"1902800",13,0,2,0.0219,1,0,1,0.000335999997332692,1,173.402194244385,1,1.94684025747917,241.179992675781,1,19.1867008209229,36.6759986877441,0.0219000000506639,"3",0,0.000335999997332692,"1",160.334899902344,-65.3917,17.6612,27.8307633706442,50,50,50,50,50,50,0,10056,1,18,-65,0.0073,47,2026-08-02 12:25:39.001324,241.179992675781,1.0815,0,"aoml_apex",1027.30565197458
"1902800",13,0,2,0.0292,1,0.0073,1,0.000288999988697469,1,175.285511901855,1,1.94671080609721,251.479995727539,1,19.0104999542236,36.6464004516602,0.0292000006884336,"3",0.00335090467706323,0.000288999988697469,"1",162.076293945312,-65.3917,17.6612,27.8307633706442,50,50,50,50,50,50,0,10056,1,18,-65,0.0073,47,2026-08-02 12:25:39.001324,251.479995727539,1.0815,0,"aoml_apex",1027.37396522169
"1902800",13,0,2,0.0219,1,0,1,0.000288000010186806,1,178.182966842651,1,1.9465089512401,261.109985351562,1,18.5492000579834,36.5745010375977,0.0219000000506639,"3",0,0.000288000010186806,"1",164.755401611328,-65.3917,17.6612,27.8307633706442,50,50,50,50,50,50,0,10056,1,18,-65,0.0073,47,2026-08-02 12:25:39.001324,261.109985351562,1.0815,0,"aoml_apex",1027.48050489356
"1902800",13,0,2,0.0219,1,0,1,0.000358999997843057,1,174.80544115448,1,1.94639076829132,271.130004882812,1,18.3831996917725,36.5433006286621,0.0219000000506639,"3",0,0.000358999997843057,"1",161.632400512695,-65.3917,17.6612,27.8307633706442,50,50,50,50,50,50,0,10056,1,18,-65,0.0073,47,2026-08-02 12:25:39.001324,271.130004882812,1.0815,0,"aoml_apex",1027.54289250752
"1902800",13,0,2,0.0292,1,0.0073,1,0.000334999989718199,1,165.622097511291,1,1.94626084754673,281.140014648438,1,18.1422004699707,36.4956016540527,0.0292000006884336,"3",0.00335090467706323,0.000334999989718199,"1",153.141098022461,-65.3917,17.6612,27.8307633706442,50,50,50,50,50,50,0,10056,1,18,-65,0.0073,47,2026-08-02 12:25:39.001324,281.140014648438,1.0815,0,"aoml_apex",1027.6114851311
"1902800",13,0,2,0.0219,1,0,1,0.000300000014249235,1,169.025795974731,1,1.94610590728317,291.299987792969,1,17.8691997528076,36.4543991088867,0.0219000000506639,"3",0,0.000300000014249235,"1",156.288299560547,-65.3917,17.6612,27.8307633706442,50,50,50,50,50,50,0,10056,1,18,-65,0.0073,47,2026-08-02 12:25:39.001324,291.299987792969,1.0815,0,"aoml_apex",1027.69329896957
"1902800",13,0,2,0.0219,1,0,1,0.000300000014249235,1,170.160186103821,1,1.94597757497031,301.109985351562,1,17.7096996307373,36.434700012207,0.0219000000506639,"3",0,0.000300000014249235,"1",157.337203979492,-65.3917,17.6612,27.8307633706442,50,50,50,50,50,50,0,10056,1,18,-65,0.0073,47,2026-08-02 12:25:39.001324,301.109985351562,1.0815,0,"aoml_apex",1027.76107275055
"1902800",13,0,2,0.0365,1,0.0146,1,0.000300000014249235,1,162.139451660156,1,1.94584247688571,311.25,1,17.4589996337891,36.3884010314941,0.0364999994635582,"3",0.00670180935412645,0.000300000014249235,"1",149.9208984375,-65.3917,17.6612,27.8307633706442,50,50,50,50,50,50,0,10056,1,18,-65,0.0073,47,2026-08-02 12:25:39.001324,311.25,1.0815,0,"aoml_apex",1027.83242927298
"1902800",13,0,2,0.0292,1,0.0073,1,0.000288000010186806,1,153.287261283874,1,1.94569244818019,321.209991455078,1,17.1313991546631,36.3293991088867,0.0292000006884336,"3",0.00335090467706323,0.000288000010186806,"1",141.735794067383,-65.3917,17.6612,27.8307633706442,50,50,50,50,50,50,0,10056,1,18,-65,0.0073,47,2026-08-02 12:25:39.001324,321.209991455078,1.0815,0,"aoml_apex",1027.91168350918
"1902800",13,0,2,0.0292,1,0.0073,1,0.000300000014249235,1,147.472796081543,1,1.94548350183167,331.589996337891,1,16.5032997131348,36.2150993347168,0.0292000006884336,"3",0.00335090467706323,0.000300000014249235,"1",136.359497070312,-65.3917,17.6612,27.8307633706442,50,50,50,50,50,50,0,10056,1,18,-65,0.0073,47,2026-08-02 12:25:39.001324,331.589996337891,1.0815,0,"aoml_apex",1028.02208197448
"1902800",13,0,2,0.0292,1,0.0073,1,0.000334999989718199,1,154.924660469055,1,1.94530708984758,340.989990234375,1,16.1376991271973,36.1692008972168,0.0292000006884336,"3",0.00335090467706323,0.000334999989718199,"1",143.249801635742,-65.3917,17.6612,27.8307633706442,50,50,50,50,50,50,0,10056,1,18,-65,0.0073,47,2026-08-02 12:25:39.001324,340.989990234375,1.0815,0,"aoml_apex",1028.11530911384
"1902800",13,0,2,0.0292,1,0.0073,1,0.000311000010697171,1,153.605559196472,1,1.94518863221543,351.239990234375,1,15.9919004440308,36.1473007202148,0.0292000006884336,"3",0.00335090467706323,0.000311000010697171,"1",142.03010559082,-65.3917,17.6612,27.8307633706442,50,50,50,50,50,50,0,10056,1,18,-65,0.0073,47,2026-08-02 12:25:39.001324,351.239990234375,1.0815,0,"aoml_apex",1028.17791903407
"1902800",13,0,2,0.0292,1,0.0073,1,0.000299000006634742,1,149.784499031067,1,1.94505982293262,360.779998779297,1,15.7179002761841,36.0976982116699,0.0292000006884336,"3",0.00335090467706323,0.000299000006634742,"1",138.496994018555,-65.3917,17.6612,27.8307633706442,50,50,50,50,50,50,0,10056,1,18,-65,0.0073,47,2026-08-02 12:25:39.001324,360.779998779297,1.0815,0,"aoml_apex",1028.24600889887
"1902800",13,0,2,0.0292,1,0.0073,1,0.000299000006634742,1,145.796038719177,1,1.94485545188256,380.799987792969,1,15.4752998352051,36.0504989624023,0.0292000006884336,"3",0.00335090467706323,0.000299000006634742,"1",134.809097290039,-65.3917,17.6612,27.8307633706442,50,50,50,50,50,50,0,10056,1,18,-65,0.0073,47,2026-08-02 12:25:39.001324,380.799987792969,1.0815,0,"aoml_apex",1028.35405997091
"1902800",13,0,2,0.0292,1,0.0073,1,0.000322000007145107,1,143.084070533752,1,1.94459486800281,401.820007324219,1,15.0003004074097,35.967700958252,0.0292000006884336,"3",0.00335090467706323,0.000322000007145107,"1",132.301498413086,-65.3917,17.6612,27.8307633706442,50,50,50,50,50,50,0,10056,1,18,-65,0.0073,47,2026-08-02 12:25:39.001324,401.820007324219,1.0815,0,"aoml_apex",1028.49186373411
"1902800",13,0,2,0.0365,1,0.0146,1,0.000322000007145107,1,135.508809597015,1,1.94396094135384,451.790008544922,1,13.8140001296997,35.7745018005371,0.0364999994635582,"3",0.00670180935412645,0.000322000007145107,"1",125.297096252441,-65.3917,17.6612,27.8307633706442,50,50,50,50,50,50,0,10056,1,18,-65,0.0073,47,2026-08-02 12:25:39.001324,451.790008544922,1.0815,0,"aoml_apex",1028.82725545254
"1902800",13,0,2,0.0365,1,0.0146,1,0.000261999986832961,1,131.199683280945,1,1.94328462558478,500.799987792969,1,12.3731002807617,35.5634994506836,0.0364999994635582,"3",0.00670180935412645,0.000261999986832961,"1",121.312698364258,-65.3917,17.6612,27.8307633706442,50,50,50,50,50,50,0,10056,1,18,-65,0.0073,47,2026-08-02 12:25:39.001324,500.799987792969,1.0815,0,"aoml_apex",1029.18531524848
"1902800",13,0,2,0.0438,1,0.0219,1,0.000296999991405755,1,125.578914768219,1,1.94274722121743,551.510009765625,1,11.5499000549316,35.4266014099121,0.0438000001013279,"3",0.010052714496851,0.000296999991405755,"1",116.115501403809,-65.3917,17.6612,27.8307633706442,50,50,50,50,50,50,0,10056,1,18,-65,0.0073,47,2026-08-02 12:25:39.001324,551.510009765625,1.0815,0,"aoml_apex",1029.47000935443
"1902800",13,0,2,0.0365,1,0.0146,1,0.000342999992426485,1,121.040075317383,1,1.94220228410566,601.390014648438,1,10.413200378418,35.230598449707,0.0364999994635582,"3",0.00670180935412645,0.000342999992426485,"1",111.918701171875,-65.3917,17.6612,27.8307633706442,50,50,50,50,50,50,0,10056,1,18,-65,0.0073,47,2026-08-02 12:25:39.001324,601.390014648438,1.0815,0,"aoml_apex",1029.75885486663
"1902800",13,0,2,0.0365,1,0.0146,1,0.000307000009343028,1,120.790138515472,1,1.94163228004185,651.47998046875,1,9.51550006866455,35.1199989318848,0.0364999994635582,"3",0.00670180935412645,0.000307000009343028,"1",111.687599182129,-65.3917,17.6612,27.8307633706442,50,50,50,50,50,50,0,10056,1,18,-65,0.0073,47,2026-08-02 12:25:39.001324,651.47998046875,1.0815,0,"aoml_apex",1030.06116068327
"1902800",13,0,2,0.0365,1,0.0146,1,0.000365000014426187,1,122.324034770966,1,1.94111134407275,701.679992675781,1,8.88449954986572,35.0433006286621,0.0364999994635582,"3",0.00670180935412645,0.000365000014426187,"1",113.105903625488,-65.3917,17.6612,27.8307633706442,50,50,50,50,50,50,0,10056,1,18,-65,0.0073,47,2026-08-02 12:25:39.001324,701.679992675781,1.0815,0,"aoml_apex",1030.33759815328
"1902800",13,0,2,0.0438,1,0.0219,1,0.00031699999817647,1,125.647044845581,1,1.9405336915205,751.380004882812,1,7.99170017242432,34.9561996459961,0.0438000001013279,"3",0.010052714496851,0.00031699999817647,"1",116.178497314453,-65.3917,17.6612,27.8307633706442,50,50,50,50,50,50,0,10056,1,18,-65,0.0073,47,2026-08-02 12:25:39.001324,751.380004882812,1.0815,0,"aoml_apex",1030.64430612019
"1902800",13,0,2,0.0438,1,0.0219,1,0.000315999990561977,1,132.1657903862,1,1.93995407278161,801.320007324219,1,7.19960021972656,34.8983001708984,0.0438000001013279,"3",0.010052714496851,0.000315999990561977,"1",122.206001281738,-65.3917,17.6612,27.8307633706442,50,50,50,50,50,50,0,10056,1,18,-65,0.0073,47,2026-08-02 12:25:39.001324,801.320007324219,1.0815,0,"aoml_apex",1030.95224163338
"1902800",13,0,2,0.0365,1,0.0146,1,0.000303000007988885,1,139.20667124176,1,1.93944505565489,851.380004882812,1,7.00930023193359,34.9174003601074,0.0364999994635582,"3",0.00670180935412645,0.000303000007988885,"1",128.716293334961,-65.3917,17.6612,27.8307633706442,50,50,50,50,50,50,0,10056,1,18,-65,0.0073,47,2026-08-02 12:25:39.001324,851.380004882812,1.0815,0,"aoml_apex",1031.22282024363
"1902800",13,0,2,0.0438,1,0.0219,1,0.000278999999864027,1,147.355563171387,1,1.93891666239969,901.890014648438,1,6.77990007400513,34.9397010803223,0.0438000001013279,"3",0.010052714496851,0.000278999999864027,"1",136.251098632812,-65.3917,17.6612,27.8307633706442,50,50,50,50,50,50,0,10056,1,18,-65,0.0073,47,2026-08-02 12:25:39.001324,901.890014648438,1.0815,0,"aoml_apex",1031.50384891979
"1902800",13,0,2,0.0365,1,0.0146,1,0.000314000004436821,1,158.053544792175,1,1.93837864855633,950.940002441406,1,6.32119989395142,34.9323997497559,0.0364999994635582,"3",0.00670180935412645,0.000314000004436821,"1",146.14289855957,-65.3917,17.6612,27.8307633706442,50,50,50,50,50,50,0,10056,1,18,-65,0.0073,47,2026-08-02 12:25:39.001324,950.940002441406,1.0815,0,"aoml_apex",1031.79015177946
"1902800",13,0,2,0.0365,1,0.0146,1,0.000302000000374392,1,168.880443008423,1,1.93784956860388,999.27001953125,1,5.94780015945435,34.9415016174316,0.0364999994635582,"3",0.00670180935412645,0.000302000000374392,"1",156.153900146484,-65.3917,17.6612,27.8307633706442,50,50,50,50,50,50,0,10056,1,18,-65,0.0073,47,2026-08-02 12:25:39.001324,999.27001953125,1.0815,0,"aoml_apex",1032.07185552638
"1902800",13,0,2,0.0438,1,0.0219,1,0.000311999989207834,1,186.612399238586,1,1.93677331508452,1100.0400390625,1,5.16639995574951,34.9458999633789,0.0438000001013279,"3",0.010052714496851,0.000311999989207834,"1",172.549606323242,-65.3917,17.6612,27.8307633706442,50,50,50,50,50,50,0,10056,1,18,-65,0.0073,47,2026-08-02 12:25:39.001324,1100.0400390625,1.0815,0,"aoml_apex",1032.64537177533
"1902800",13,0,2,0.0438,1,0.0219,1,0.000300000014249235,1,194.875058578491,1,1.93583940365617,1199.4599609375,1,4.87410020828247,34.9546012878418,0.0438000001013279,"3",0.010052714496851,0.000300000014249235,"1",180.189605712891,-65.3917,17.6612,27.8307633706442,50,50,50,50,50,50,0,10056,1,18,-65,0.0073,47,2026-08-02 12:25:39.001324,1199.4599609375,1.0815,0,"aoml_apex",1033.14355324241
"1902800",13,0,2,0.0438,1,0.0219,1,0.000311000010697171,1,201.480862426758,1,1.93491697555144,1299.68994140625,1,4.62139987945557,34.959300994873,0.0438000001013279,"3",0.010052714496851,0.000311000010697171,"1",186.297607421875,-65.3917,17.6612,27.8307633706442,50,50,50,50,50,50,0,10056,1,18,-65,0.0073,47,2026-08-02 12:25:39.001324,1299.68994140625,1.0815,0,"aoml_apex",1033.63608117088
"1902800",13,0,2,0.0365,1,0.0146,1,0.000287000002572313,1,207.860517654419,4,1.93401652365707,1400,1,4.44360017776489,34.9634017944336,0.0364999994635582,"3",0.00670180935412645,0.000287000002572313,"1",192.196502685547,-65.3917,17.6612,27.8307633706442,50,50,50,50,50,50,0,10056,1,18,-65,0.0073,47,2026-08-02 12:25:39.001324,1400,1.0815,0,"aoml_apex",1034.11732812818
"1902800",14,0.0365,5,0.0584,1,0.0365,1,0.000670999987050891,1,194.358748603821,1,1.95693675977396,7.73999977111816,1,29.323600769043,35.0223999023438,0.0584000013768673,"3",0.156465590000153,0.000670999987050891,"1",179.712203979492,-65.5398,17.2705,11.9281787907003,50,50,50,50,50,50,0.0365,10321,1,17,-66,0.0073,47,2026-08-12 18:45:49.001997,7.73999977111816,1.0815,0,"aoml_apex",1022.00543273101
"1902800",14,0.0365,5,0.0584,1,0.0365,1,0.000659000012092292,1,194.222901008606,1,1.9568569228099,11.8400001525879,1,29.2723007202148,35.0316009521484,0.0584000013768673,"3",0.156465590000153,0.000659000012092292,"1",179.58659362793,-65.5398,17.2705,11.9281787907003,50,50,50,50,50,50,0.0365,10321,1,17,-66,0.0073,47,2026-08-12 18:45:49.001997,11.8400001525879,1.0815,0,"aoml_apex",1022.04712909115
"1902800",14,0.0657,2,0.0876,1,0.0657,1,0.000682000012602657,1,194.875157592773,1,1.95661238827109,16.6299991607666,1,29.1928005218506,35.1389007568359,0.0876000002026558,"3",0.156465590000153,0.000682000012602657,"1",180.189697265625,-65.5398,17.2705,11.9281787907003,50,50,50,50,50,50,0.0657,10321,1,17,-66,0.0073,47,2026-08-12 18:45:49.001997,16.6299991607666,1.0815,0,"aoml_apex",1022.17486303828
"1902800",14,0.073,2,0.0949,1,0.073,1,0.000646999978926033,1,195.020626075745,1,1.95653710470815,21.4099998474121,1,29.1886005401611,35.1622009277344,0.0948999971151352,"3",0.156465590000153,0.000646999978926033,"1",180.324203491211,-65.5398,17.2705,11.9281787907003,50,50,50,50,50,50,0.073,10321,1,17,-66,0.0073,47,2026-08-12 18:45:49.001997,21.4099998474121,1.0815,0,"aoml_apex",1022.21419424516
"1902800",14,0.0803,2,0.1022,1,0.0803,1,0.000658000004477799,1,194.948263137817,1,1.9563673745343,26.9200000762939,1,29.1767997741699,35.2436981201172,0.102200001478195,"3",0.156465590000153,0.000658000004477799,"1",180.257293701172,-65.5398,17.2705,11.9281787907003,50,50,50,50,50,50,0.0803,10321,1,17,-66,0.0073,47,2026-08-12 18:45:49.001997,26.9200000762939,1.0815,0,"aoml_apex",1022.302879323
"1902800",14,0.1314,2,0.1533,1,0.1314,1,0.00084599998081103,1,195.009371452332,1,1.95622325928323,31.6399993896484,1,29.1464996337891,35.3036003112793,0.153300002217293,"3",0.156465590000153,0.00084599998081103,"1",180.31379699707,-65.5398,17.2705,11.9281787907003,50,50,50,50,50,50,0.1314,10321,1,17,-66,0.0073,47,2026-08-12 18:45:49.001997,31.6399993896484,1.0815,0,"aoml_apex",1022.37819252431
"1902800",14,0.0949,2,0.1168,1,0.0949,1,0.000658000004477799,1,196.420622016907,1,1.95615843339059,36.9199981689453,1,29.1443004608154,35.317699432373,0.116800002753735,"3",0.156465590000153,0.000658000004477799,"1",181.618698120117,-65.5398,17.2705,11.9281787907003,50,50,50,50,50,50,0.0949,10321,1,17,-66,0.0073,47,2026-08-12 18:45:49.001997,36.9199981689453,1.0815,0,"aoml_apex",1022.41207351156
"1902800",14,0.1095,2,0.1314,1,0.1095,1,0.000705000013113022,1,199.807339530945,1,1.95571854653063,41.5400009155273,1,28.9605007171631,35.5155982971191,0.131400004029274,"3",0.156465590000153,0.000705000013113022,"1",184.750198364258,-65.5398,17.2705,11.9281787907003,50,50,50,50,50,50,0.1095,10321,1,17,-66,0.0073,47,2026-08-12 18:45:49.001997,41.5400009155273,1.0815,0,"aoml_apex",1022.64203790874
"1902800",14,0.1314,2,0.1533,1,0.1314,1,0.000728000013623387,1,200.530110786438,1,1.95543549219816,46.75,1,28.7677993774414,35.5973014831543,0.153300002217293,"3",0.156465590000153,0.000728000013623387,"1",185.418502807617,-65.5398,17.2705,11.9281787907003,50,50,50,50,50,50,0.1314,10321,1,17,-66,0.0073,47,2026-08-12 18:45:49.001997,46.75,1.0815,0,"aoml_apex",1022.79006798212
"1902800",14,0.1825,2,0.2044,1,0.1825,1,0.00077500002225861,1,202.137112586975,1,1.95495346973866,51.9300003051758,1,28.4946002960205,35.7825012207031,0.20440000295639,"3",0.156465590000153,0.00077500002225861,"1",186.904403686523,-65.5398,17.2705,11.9281787907003,50,50,50,50,50,50,0.1825,10321,1,17,-66,0.0073,47,2026-08-12 18:45:49.001997,51.9300003051758,1.0815,0,"aoml_apex",1023.04225187895
"1902800",14,0.1971,2,0.219,1,0.1971,1,0.000867999973706901,1,201.335723991394,1,1.95385302579592,56.5400009155273,1,27.7873992919922,36.2126007080078,0.218999996781349,"3",0.156465590000153,0.000867999973706901,"1",186.16340637207,-65.5398,17.2705,11.9281787907003,50,50,50,50,50,50,0.1971,10321,1,17,-66,0.0073,47,2026-08-12 18:45:49.001997,56.5400009155273,1.0815,0,"aoml_apex",1023.61844703507
"1902800",14,0.2336,2,0.2555,1,0.2336,1,0.000878999999258667,1,196.12861239624,1,1.95321319258035,61.9300003051758,1,27.2766990661621,36.4066009521484,0.255499988794327,"3",0.156465590000153,0.000878999999258667,"1",181.348693847656,-65.5398,17.2705,11.9281787907003,50,50,50,50,50,50,0.2336,10321,1,17,-66,0.0073,47,2026-08-12 18:45:49.001997,61.9300003051758,1.0815,0,"aoml_apex",1023.95376377621
"1902800",14,0.2555,2,0.2774,1,0.2555,1,0.00080899999011308,1,192.979826202393,1,1.95291721316492,66.7200012207031,1,27.0487995147705,36.4877014160156,0.277399986982346,"3",0.156465590000153,0.00080899999011308,"1",178.437194824219,-65.5398,17.2705,11.9281787907003,50,50,50,50,50,50,0.2555,10321,1,17,-66,0.0073,47,2026-08-12 18:45:49.001997,66.7200012207031,1.0815,0,"aoml_apex",1024.10895173522
"1902800",14,0.365,2,0.3869,1,0.365,1,0.000855999998748302,1,188.674701713562,1,1.95256646028478,71.9199981689453,1,26.7507991790771,36.5752983093262,0.386900007724762,"3",0.156465590000153,0.000855999998748302,"1",174.456497192383,-65.5398,17.2705,11.9281787907003,50,50,50,50,50,50,0.365,10321,1,17,-66,0.0073,47,2026-08-12 18:45:49.001997,71.9199981689453,1.0815,0,"aoml_apex",1024.29291943707
"1902800",14,0.5913,2,0.6132,1,0.5913,1,0.000867000024300069,1,185.727393081665,1,1.95236318383572,76.6100006103516,1,26.618200302124,36.6338996887207,0.613200008869171,"3",0.156465590000153,0.000867000024300069,"1",171.731292724609,-65.5398,17.2705,11.9281787907003,50,50,50,50,50,50,0.5913,10321,1,17,-66,0.0073,47,2026-08-12 18:45:49.001997,76.6100006103516,1.0815,0,"aoml_apex",1024.39956692417
"1902800",14,0.511,2,0.5329,1,0.511,1,0.000831999990623444,1,182.409358474731,1,1.95205447881599,81.7799987792969,1,26.3868999481201,36.7216987609863,0.532899975776672,"3",0.156465590000153,0.000831999990623444,"1",168.663299560547,-65.5398,17.2705,11.9281787907003,50,50,50,50,50,50,0.511,10321,1,17,-66,0.0073,47,2026-08-12 18:45:49.001997,81.7799987792969,1.0815,0,"aoml_apex",1024.56156921045
"1902800",14,0.3869,2,0.4088,1,0.3869,1,0.000783999974373728,1,177.864355384827,1,1.9517493229746,86.4800033569336,1,26.1476993560791,36.8069000244141,0.408800005912781,"3",0.156465590000153,0.000783999974373728,"1",164.460800170898,-65.5398,17.2705,11.9281787907003,50,50,50,50,50,50,0.3869,10321,1,17,-66,0.0073,47,2026-08-12 18:45:49.001997,86.4800033569336,1.0815,0,"aoml_apex",1024.72175932505
"1902800",14,0.3139,2,0.3358,1,0.3139,1,0.000654999981634319,1,175.747974609375,1,1.9515053745455,91.8899993896484,1,25.9256992340088,36.853199005127,0.335799992084503,"3",0.12694376707077,0.000654999981634319,"1",162.50390625,-65.5398,17.2705,11.9281787907003,50,50,50,50,50,50,0.3139,10321,1,17,-66,0.0073,47,2026-08-12 18:45:49.001997,91.8899993896484,1.0815,0,"aoml_apex",1024.84985493099
"1902800",14,0.2774,2,0.2993,1,0.2774,1,0.000701999990269542,1,173.881406867981,1,1.95138889508389,96.5999984741211,1,25.8185005187988,36.8628997802734,0.299299985170364,"3",0.112182877957821,0.000701999990269542,"1",160.77799987793,-65.5398,17.2705,11.9281787907003,50,50,50,50,50,50,0.2774,10321,1,17,-66,0.0073,47,2026-08-12 18:45:49.001997,96.5999984741211,1.0815,0,"aoml_apex",1024.91102877472
"1902800",14,0.2044,2,0.2263,1,0.2044,1,0.000548999989405274,1,172.293432312012,1,1.95110648024424,101.790000915527,1,25.5615997314453,36.9235000610352,0.226300001144409,"3",0.0826610624790192,0.000548999989405274,"1",159.309692382812,-65.5398,17.2705,11.9281787907003,50,50,50,50,50,50,0.2044,10321,1,17,-66,0.0073,47,2026-08-12 18:45:49.001997,101.790000915527,1.0815,0,"aoml_apex",1025.05938053655
"1902800",14,0.1168,2,0.1387,1,0.1168,1,0.000418999989051372,1,169.690594367981,1,1.95044591545921,111.860000610352,1,24.9417991638184,37.0718002319336,0.138699993491173,"3",0.0472348928451538,0.000418999989051372,"1",156.90299987793,-65.5398,17.2705,11.9281787907003,50,50,50,50,50,50,0.1168,10321,1,17,-66,0.0073,47,2026-08-12 18:45:49.001997,111.860000610352,1.0815,0,"aoml_apex",1025.40654121605
"1902800",14,0.0949,2,0.1168,1,0.0949,1,0.000395999988541007,1,168.88833114624,1,1.95009789648523,121.519996643066,1,24.6420001983643,37.1375007629395,0.116800002753735,"3",0.0383783504366875,0.000395999988541007,"1",156.161193847656,-65.5398,17.2705,11.9281787907003,50,50,50,50,50,50,0.0949,10321,1,17,-66,0.0073,47,2026-08-12 18:45:49.001997,121.519996643066,1.0815,0,"aoml_apex",1025.58953763537
"1902800",14,0.073,2,0.0949,1,0.073,1,0.000513000006321818,1,166.304305915833,1,1.94962883886916,131.919998168945,1,24.1285991668701,37.1986999511719,0.0948999971151352,"3",0.0295218080282211,0.000513000006321818,"1",153.771896362305,-65.5398,17.2705,11.9281787907003,50,50,50,50,50,50,0.073,10321,1,17,-66,0.0073,47,2026-08-12 18:45:49.001997,131.919998168945,1.0815,0,"aoml_apex",1025.8362823357
"1902800",14,0.0803,2,0.1022,1,0.0803,1,0.00036000000545755,1,162.644837059021,1,1.94935954021276,141.839996337891,1,23.7689990997314,37.1870002746582,0.102200001478195,"3",0.0324739888310432,0.00036000000545755,"1",150.388198852539,-65.5398,17.2705,11.9281787907003,50,50,50,50,50,50,0.0803,10321,1,17,-66,0.0073,47,2026-08-12 18:45:49.001997,141.839996337891,1.0815,0,"aoml_apex",1025.97799879529
"1902800",14,0.0584,2,0.0803,1,0.0584,1,0.000536000006832182,1,158.321757980347,1,1.94901030390458,151.649993896484,1,23.1695995330811,37.1394004821777,0.0803000032901764,"3",0.0236174464225769,0.000536000006832182,"1",146.390899658203,-65.5398,17.2705,11.9281787907003,50,50,50,50,50,50,0.0584,10321,1,17,-66,0.0073,47,2026-08-12 18:45:49.001997,151.649993896484,1.0815,0,"aoml_apex",1026.16184018795
"1902800",14,0.0438,2,0.0657,1,0.0438,1,0.000325000000884756,1,155.855724769592,1,1.94873162145836,161.679992675781,1,22.67799949646,37.086498260498,0.065700002014637,"3",0.0177130848169327,0.000325000000884756,"1",144.110702514648,-65.5398,17.2705,11.9281787907003,50,50,50,50,50,50,0.0438,10321,1,17,-66,0.0073,47,2026-08-12 18:45:49.001997,161.679992675781,1.0815,0,"aoml_apex",1026.30858861071
"1902800",14,0.0219,2,0.0438,1,0.0219,1,0.000348000001395121,1,154.75854750824,1,1.94851694137678,171.330001831055,1,22.3185005187988,37.0438003540039,0.0438000001013279,"3",0.00885654240846634,0.000348000001395121,"1",143.096206665039,-65.5398,17.2705,11.9281787907003,50,50,50,50,50,50,0.0219,10321,1,17,-66,0.0073,47,2026-08-12 18:45:49.001997,171.330001831055,1.0815,0,"aoml_apex",1026.42166333275
"1902800",14,0.0146,2,0.0365,1,0.0146,1,0.000335999997332692,1,156.189683441162,1,1.9480825909728,181.910003662109,1,21.4447002410889,36.9581985473633,0.0364999994635582,"3",0.00590436160564423,0.000335999997332692,"1",144.419494628906,-65.5398,17.2705,11.9281787907003,50,50,50,50,50,50,0.0146,10321,1,17,-66,0.0073,47,2026-08-12 18:45:49.001997,181.910003662109,1.0815,0,"aoml_apex",1026.65051742045
"1902800",14,0,2,0.0292,1,0.0073,1,0.00036000000545755,1,157.041701339722,1,1.94784456144124,191.570007324219,1,21.0041007995605,36.9067001342773,0.0292000006884336,"3",0.00295218080282211,0.00036000000545755,"1",145.207305908203,-65.5398,17.2705,11.9281787907003,50,50,50,50,50,50,0,10321,1,17,-66,0.0073,47,2026-08-12 18:45:49.001997,191.570007324219,1.0815,0,"aoml_apex",1026.77597565597
"1902800",14,0,2,0.0292,1,0.0073,1,0.000311999989207834,1,158.779121452332,1,1.94754837779003,201.190002441406,1,20.3843994140625,36.8335990905762,0.0292000006884336,"3",0.00295218080282211,0.000311999989207834,"1",146.81379699707,-65.5398,17.2705,11.9281787907003,50,50,50,50,50,50,0,10321,1,17,-66,0.0073,47,2026-08-12 18:45:49.001997,201.190002441406,1.0815,0,"aoml_apex",1026.93212800674
"1902800",14,0,2,0.0292,1,0.0073,1,0.000323999993270263,1,158.949128974915,1,1.94731241199882,211.910003662109,1,19.8959999084473,36.7627983093262,0.0292000006884336,"3",0.00295218080282211,0.000323999993270263,"1",146.970993041992,-65.5398,17.2705,11.9281787907003,50,50,50,50,50,50,0,10321,1,17,-66,0.0073,47,2026-08-12 18:45:49.001997,211.910003662109,1.0815,0,"aoml_apex",1027.05656661793
"1902800",14,0,2,0.0292,1,0.0073,1,0.000348000001395121,1,157.934364601135,1,1.94712420337552,221.029998779297,1,19.4862003326416,36.6978988647461,0.0292000006884336,"3",0.00295218080282211,0.000348000001395121,"1",146.032699584961,-65.5398,17.2705,11.9281787907003,50,50,50,50,50,50,0,10321,1,17,-66,0.0073,47,2026-08-12 18:45:49.001997,221.029998779297,1.0815,0,"aoml_apex",1027.15584169352
"1902800",14,0,2,0.0292,1,0.0073,1,0.00119400001130998,1,157.707143325806,1,1.94694723824846,231.529998779297,1,19.1618995666504,36.6484985351562,0.0292000006884336,"3",0.00295218080282211,0.00119400001130998,"1",145.822601318359,-65.5398,17.2705,11.9281787907003,50,50,50,50,50,50,0,10321,1,17,-66,0.0073,47,2026-08-12 18:45:49.001997,231.529998779297,1.0815,0,"aoml_apex",1027.24920362982
"1902800",14,0,2,0.0292,1,0.0073,1,0.000300000014249235,1,156.065750564575,1,1.94673439964882,241.110000610352,1,18.673900604248,36.5747985839844,0.0292000006884336,"3",0.00295218080282211,0.000300000014249235,"1",144.304901123047,-65.5398,17.2705,11.9281787907003,50,50,50,50,50,50,0,10321,1,17,-66,0.0073,47,2026-08-12 18:45:49.001997,241.110000610352,1.0815,0,"aoml_apex",1027.36151390801
"1902800",14,0,2,0.0219,1,0,1,0.000323999993270263,1,156.986649398804,1,1.94662410578777,251.679992675781,1,18.5690994262695,36.5554008483887,0.0219000000506639,"3",0,0.000323999993270263,"1",145.156402587891,-65.5398,17.2705,11.9281787907003,50,50,50,50,50,50,0,10321,1,17,-66,0.0073,47,2026-08-12 18:45:49.001997,251.679992675781,1.0815,0,"aoml_apex",1027.41972322933
"1902800",14,0,2,0.0292,1,0.0073,1,0.000288000010186806,1,159.347232398987,1,1.94642128028503,261.779998779297,1,18.12380027771,36.4891014099121,0.0292000006884336,"3",0.00295218080282211,0.000288000010186806,"1",147.339096069336,-65.5398,17.2705,11.9281787907003,50,50,50,50,50,50,0,10321,1,17,-66,0.0073,47,2026-08-12 18:45:49.001997,261.779998779297,1.0815,0,"aoml_apex",1027.52678480125
"1902800",14,0,2,0.0292,1,0.0073,1,0.000323999993270263,1,158.719217811584,1,1.94630953977126,269.420013427734,1,17.9356994628906,36.4604988098145,0.0292000006884336,"3",0.00295218080282211,0.000323999993270263,"1",146.758407592773,-65.5398,17.2705,11.9281787907003,50,50,50,50,50,50,0,10321,1,17,-66,0.0073,47,2026-08-12 18:45:49.001997,269.420013427734,1.0815,0,"aoml_apex",1027.58577663605
"1902800",14,0,2,0.0292,1,0.0073,1,0.000429000006988645,1,161.155398216248,1,1.94615395630725,281.5,1,17.7103004455566,36.4249992370605,0.0292000006884336,"3",0.00295218080282211,0.000429000006988645,"1",149.011001586914,-65.5398,17.2705,11.9281787907003,50,50,50,50,50,50,0,10321,1,17,-66,0.0073,47,2026-08-12 18:45:49.001997,281.5,1.0815,0,"aoml_apex",1027.66792602314
"1902800",14,0,2,0.0365,1,0.0146,1,0.000311999989207834,1,159.016722724915,1,1.94603707784593,291.480010986328,1,17.5685997009277,36.4025001525879,0.0364999994635582,"3",0.00590436160564423,0.000311999989207834,"1",147.033493041992,-65.5398,17.2705,11.9281787907003,50,50,50,50,50,50,0,10321,1,17,-66,0.0073,47,2026-08-12 18:45:49.001997,291.480010986328,1.0815,0,"aoml_apex",1027.72964748123
"1902800",14,0,2,0.0292,1,0.0073,1,0.000300000014249235,1,155.188104469299,1,1.94589949845412,301.079986572266,1,17.2859001159668,36.3511009216309,0.0292000006884336,"3",0.00295218080282211,0.000300000014249235,"1",143.493392944336,-65.5398,17.2705,11.9281787907003,50,50,50,50,50,50,0,10321,1,17,-66,0.0073,47,2026-08-12 18:45:49.001997,301.079986572266,1.0815,0,"aoml_apex",1027.80231023692
"1902800",14,0,2,0.0292,1,0.0073,1,0.000300000014249235,1,153.897766845703,1,1.94572854401157,311.299987792969,1,16.8994007110596,36.2869987487793,0.0292000006884336,"3",0.00295218080282211,0.000300000014249235,"1",142.30029296875,-65.5398,17.2705,11.9281787907003,50,50,50,50,50,50,0,10321,1,17,-66,0.0073,47,2026-08-12 18:45:49.001997,311.299987792969,1.0815,0,"aoml_apex",1027.89261439139
"1902800",14,0,2,0.0292,1,0.0073,1,0.00032299998565577,1,154.632650848389,1,1.94560382898647,321.829986572266,1,16.7376003265381,36.2616004943848,0.0292000006884336,"3",0.00295218080282211,0.00032299998565577,"1",142.979797363281,-65.5398,17.2705,11.9281787907003,50,50,50,50,50,50,0,10321,1,17,-66,0.0073,47,2026-08-12 18:45:49.001997,321.829986572266,1.0815,0,"aoml_apex",1027.95850326933
"1902800",14,0,2,0.0292,1,0.0073,1,0.000276000006124377,1,151.930848129272,1,1.94547100985122,331.630004882812,1,16.4874000549316,36.2184982299805,0.0292000006884336,"3",0.00295218080282211,0.000276000006124377,"1",140.481597900391,-65.5398,17.2705,11.9281787907003,50,50,50,50,50,50,0,10321,1,17,-66,0.0073,47,2026-08-12 18:45:49.001997,331.630004882812,1.0815,0,"aoml_apex",1028.02868296297
"1902800",14,0,2,0.0365,1,0.0146,1,0.000311000010697171,1,150.190276062012,1,1.94533921450608,341.790008544922,1,16.2609996795654,36.1806983947754,0.0364999994635582,"3",0.00590436160564423,0.000311000010697171,"1",138.872192382812,-65.5398,17.2705,11.9281787907003,50,50,50,50,50,50,0,10321,1,17,-66,0.0073,47,2026-08-12 18:45:49.001997,341.790008544922,1.0815,0,"aoml_apex",1028.09833117347
"1902800",14,0,2,0.0292,1,0.0073,1,0.000299000006634742,1,147.962834266663,1,1.94522411507587,351.190002441406,1,16.0713005065918,36.1475982666016,0.0292000006884336,"3",0.00295218080282211,0.000299000006634742,"1",136.812606811523,-65.5398,17.2705,11.9281787907003,50,50,50,50,50,50,0,10321,1,17,-66,0.0073,47,2026-08-12 18:45:49.001997,351.190002441406,1.0815,0,"aoml_apex",1028.1591640262
"1902800",14,0,2,0.0292,1,0.0073,1,0.000299000006634742,1,147.335446769714,1,1.94510986248354,360.890014648438,1,15.8983001708984,36.1176986694336,0.0292000006884336,"3",0.00295218080282211,0.000299000006634742,"1",136.232498168945,-65.5398,17.2705,11.9281787907003,50,50,50,50,50,50,0,10321,1,17,-66,0.0073,47,2026-08-12 18:45:49.001997,360.890014648438,1.0815,0,"aoml_apex",1028.21955642463
"1902800",14,0,2,0.0219,1,0,1,0.000311000010697171,1,144.656681373596,1,1.94483565152254,381.100006103516,1,15.387900352478,36.0360984802246,0.0219000000506639,"3",0,0.000311000010697171,"1",133.755599975586,-65.5398,17.2705,11.9281787907003,50,50,50,50,50,50,0,10321,1,17,-66,0.0073,47,2026-08-12 18:45:49.001997,381.100006103516,1.0815,0,"aoml_apex",1028.36452963739
"1902800",14,0,2,0.0292,1,0.0073,1,0.000345999986166134,1,137.317949054718,1,1.94454511820721,401.420013427734,1,14.6422996520996,35.898998260498,0.0292000006884336,"3",0.00295218080282211,0.000345999986166134,"1",126.969902038574,-65.5398,17.2705,11.9281787907003,50,50,50,50,50,50,0,10321,1,17,-66,0.0073,47,2026-08-12 18:45:49.001997,401.420013427734,1.0815,0,"aoml_apex",1028.5181769626
"1902800",14,0,2,0.0365,1,0.0146,1,0.000333000003593042,1,128.132443599701,1,1.94385590633235,451.75,1,13.0249004364014,35.628101348877,0.0364999994635582,"3",0.00590436160564423,0.000333000003593042,"1",118.476600646973,-65.5398,17.2705,11.9281787907003,50,50,50,50,50,50,0,10321,1,17,-66,0.0073,47,2026-08-12 18:45:49.001997,451.75,1.0815,0,"aoml_apex",1028.88284748101
"1902800",14,0,2,0.0365,1,0.0146,1,0.000331999995978549,1,122.542171485901,1,1.94325437388672,501.25,1,11.5918998718262,35.3787994384766,0.0364999994635582,"3",0.00590436160564423,0.000331999995978549,"1",113.307601928711,-65.5398,17.2705,11.9281787907003,50,50,50,50,50,50,0,10321,1,17,-66,0.0073,47,2026-08-12 18:45:49.001997,501.25,1.0815,0,"aoml_apex",1029.20133713621
"1902800",14,0,2,0.0365,1,0.0146,1,0.000342999992426485,1,121.89196944809,1,1.94266221185855,551.599975585938,1,10.8095998764038,35.298900604248,0.0364999994635582,"3",0.00590436160564423,0.000342999992426485,"1",112.706398010254,-65.5398,17.2705,11.9281787907003,50,50,50,50,50,50,0,10321,1,17,-66,0.0073,47,2026-08-12 18:45:49.001997,551.599975585938,1.0815,0,"aoml_apex",1029.51505814621
"1902800",14,0,2,0.0438,1,0.0219,1,0.000307000009343028,1,120.735631153107,1,1.94209784152813,601.150024414062,1,9.77070045471191,35.1510009765625,0.0438000001013279,"3",0.00885654240846634,0.000307000009343028,"1",111.637199401855,-65.5398,17.2705,11.9281787907003,50,50,50,50,50,50,0,10321,1,17,-66,0.0073,47,2026-08-12 18:45:49.001997,601.150024414062,1.0815,0,"aoml_apex",1029.81423347153
"1902800",14,0,2,0.0438,1,0.0219,1,0.000318000005790964,1,121.808591171265,1,1.94155635706083,651.440002441406,1,8.99030017852783,35.0527992248535,0.0438000001013279,"3",0.00885654240846634,0.000318000005790964,"1",112.629302978516,-65.5398,17.2705,11.9281787907003,50,50,50,50,50,50,0,10321,1,17,-66,0.0073,47,2026-08-12 18:45:49.001997,651.440002441406,1.0815,0,"aoml_apex",1030.10144038654
"1902800",14,0,2,0.0438,1,0.0219,1,0.000304999994114041,1,124.973813735962,1,1.94098180622909,701.659973144531,1,8.16619968414307,34.9748001098633,0.0438000001013279,"3",0.00885654240846634,0.000304999994114041,"1",115.555999755859,-65.5398,17.2705,11.9281787907003,50,50,50,50,50,50,0,10321,1,17,-66,0.0073,47,2026-08-12 18:45:49.001997,701.659973144531,1.0815,0,"aoml_apex",1030.40636114234
"1902800",14,0,2,0.0438,1,0.0219,1,0.000315999990561977,1,128.979585044861,1,1.94045366648804,750.97998046875,1,7.60519981384277,34.9319000244141,0.0438000001013279,"3",0.00885654240846634,0.000315999990561977,"1",119.259902954102,-65.5398,17.2705,11.9281787907003,50,50,50,50,50,50,0,10321,1,17,-66,0.0073,47,2026-08-12 18:45:49.001997,750.97998046875,1.0815,0,"aoml_apex",1030.68681027552
"1902800",14,0,2,0.0365,1,0.0146,1,0.000315000012051314,1,134.221830207825,1,1.93993027593819,801.469970703125,1,7.16349983215332,34.9062995910645,0.0364999994635582,"3",0.00590436160564423,0.000315000012051314,"1",124.10710144043,-65.5398,17.2705,11.9281787907003,50,50,50,50,50,50,0,10321,1,17,-66,0.0073,47,2026-08-12 18:45:49.001997,801.469970703125,1.0815,0,"aoml_apex",1030.96488817504
"1902800",14,0,2,0.0438,1,0.0219,1,0.000315000012051314,1,142.118186210632,1,1.93940200809287,851.489990234375,1,6.8289999961853,34.9099006652832,0.0438000001013279,"3",0.00885654240846634,0.000315000012051314,"1",131.408401489258,-65.5398,17.2705,11.9281787907003,50,50,50,50,50,50,0,10321,1,17,-66,0.0073,47,2026-08-12 18:45:49.001997,851.489990234375,1.0815,0,"aoml_apex",1031.24570958175
"1902800",14,0,2,0.0365,1,0.0146,1,0.000303000007988885,1,153.832664955139,1,1.93885757012088,901.099975585938,1,6.60010004043579,34.9486999511719,0.0364999994635582,"3",0.00590436160564423,0.000303000007988885,"1",142.240097045898,-65.5398,17.2705,11.9281787907003,50,50,50,50,50,50,0,10321,1,17,-66,0.0073,47,2026-08-12 18:45:49.001997,901.099975585938,1.0815,0,"aoml_apex",1031.53528697588
"1902800",14,0,2,0.0365,1,0.0146,1,0.000302000000374392,1,165.220858634949,1,1.93830870202224,951.190002441406,1,6.20120000839233,34.9552001953125,0.0364999994635582,"3",0.00590436160564423,0.000302000000374392,"1",152.770095825195,-65.5398,17.2705,11.9281787907003,50,50,50,50,50,50,0,10321,1,17,-66,0.0073,47,2026-08-12 18:45:49.001997,951.190002441406,1.0815,0,"aoml_apex",1031.82738534548
"1902800",14,0,2,0.0365,1,0.0146,1,0.00036000000545755,1,175.112038879395,1,1.93778756457803,1000.16998291016,1,5.83729982376099,34.9574012756348,0.0364999994635582,"3",0.00590436160564423,0.00036000000545755,"1",161.915893554688,-65.5398,17.2705,11.9281787907003,50,50,50,50,50,50,0,10321,1,17,-66,0.0073,47,2026-08-12 18:45:49.001997,1000.16998291016,1.0815,0,"aoml_apex",1032.10487906889
"1902800",14,0,2,0.0438,1,0.0219,1,0.000311999989207834,1,188.08495614624,1,1.93674952000991,1099.94995117188,1,5.05919981002808,34.943000793457,0.0438000001013279,"3",0.00885654240846634,0.000311999989207834,"1",173.911193847656,-65.5398,17.2705,11.9281787907003,50,50,50,50,50,50,0,10321,1,17,-66,0.0073,47,2026-08-12 18:45:49.001997,1099.94995117188,1.0815,0,"aoml_apex",1032.65805894701
"1902800",14,0,2,0.0365,1,0.0146,1,0.000381999998353422,1,198.502727348328,1,1.9357870108686,1199.60998535156,1,4.6971001625061,34.9572982788086,0.0364999994635582,"3",0.00590436160564423,0.000381999998353422,"1",183.543899536133,-65.5398,17.2705,11.9281787907003,50,50,50,50,50,50,0,10321,1,17,-66,0.0073,47,2026-08-12 18:45:49.001997,1199.60998535156,1.0815,0,"aoml_apex",1033.17151565274
"1902800",14,0,2,0.0365,1,0.0146,1,0.00032299998565577,1,203.593678688049,1,1.93487996343113,1299.86999511719,1,4.4967999458313,34.9608993530273,0.0364999994635582,"3",0.00590436160564423,0.00032299998565577,"1",188.251205444336,-65.5398,17.2705,11.9281787907003,50,50,50,50,50,50,0,10321,1,17,-66,0.0073,47,2026-08-12 18:45:49.001997,1299.86999511719,1.0815,0,"aoml_apex",1033.65585348943
"1902800",14,0,2,0.0365,1,0.0146,1,0.000299000006634742,1,205.758295921326,4,1.93400036409134,1399.63000488281,1,4.36920022964478,34.9630012512207,0.0364999994635582,"3",0.00590436160564423,0.000299000006634742,"1",190.252700805664,-65.5398,17.2705,11.9281787907003,50,50,50,50,50,50,0,10321,1,17,-66,0.0073,47,2026-08-12 18:45:49.001997,1399.63000488281,1.0815,0,"aoml_apex",1034.12596870925
"1902800",15,0.0438,2,0.0657,1,0.0438,1,0.000600000028498471,1,192.437128921509,1,1.95668367208027,7.90999984741211,1,29.2908992767334,35.1828994750977,0.065700002014637,"3",0.0184988100081682,0.000600000028498471,"1",177.935394287109,-65.3725,16.9802,9.4433410014585,50,50,50,50,50,50,0.0438,10322,1,17,-65,0.0073,47,2026-08-22 23:42:10.002529,7.90999984741211,1.0815,0,"aoml_apex",1022.13762425568
"1902800",15,0.0657,2,0.0876,1,0.0657,1,0.000623000029008836,1,191.755795143127,1,1.95639279455074,11.8299999237061,1,29.2404003143311,35.3404006958008,0.0876000002026558,"3",0.0277482159435749,0.000623000029008836,"1",177.305404663086,-65.3725,16.9802,9.4433410014585,50,50,50,50,50,50,0.0657,10322,1,17,-65,0.0073,47,2026-08-22 23:42:10.002529,11.8299999237061,1.0815,0,"aoml_apex",1022.28959622562
"1902800",15,0.073,2,0.0949,1,0.073,1,0.000623000029008836,1,191.466491912842,1,1.95627419146983,16.4200000762939,1,29.2035007476807,35.380298614502,0.0948999971151352,"3",0.0308313500136137,0.000623000029008836,"1",177.037902832031,-65.3725,16.9802,9.4433410014585,50,50,50,50,50,50,0.073,10322,1,17,-65,0.0073,47,2026-08-22 23:42:10.002529,16.4200000762939,1.0815,0,"aoml_apex",1022.35157460075
"1902800",15,0.0657,2,0.0876,1,0.0657,1,0.000610999995842576,1,191.367857185364,1,1.95614806440371,21.6900005340576,1,29.226900100708,35.448600769043,0.0876000002026558,"3",0.0277482159435749,0.000610999995842576,"1",176.946701049805,-65.3725,16.9802,9.4433410014585,50,50,50,50,50,50,0.0657,10322,1,17,-65,0.0073,47,2026-08-22 23:42:10.002529,21.6900005340576,1.0815,0,"aoml_apex",1022.4174930284
"1902800",15,0.0657,2,0.0876,1,0.0657,1,0.000752000021748245,1,191.15113142395,1,1.95610013161205,26.6599998474121,1,29.2402992248535,35.4597015380859,0.0876000002026558,"3",0.0277482159435749,0.000752000021748245,"1",176.746307373047,-65.3725,16.9802,9.4433410014585,50,50,50,50,50,50,0.0657,10322,1,17,-65,0.0073,47,2026-08-22 23:42:10.002529,26.6599998474121,1.0815,0,"aoml_apex",1022.44254661533
"1902800",15,0.073,2,0.0949,1,0.073,1,0.000622000021394342,1,191.09152482605,1,1.95593205795379,31.5300006866455,1,29.2243995666504,35.5419006347656,0.0948999971151352,"3",0.0308313500136137,0.000622000021394342,"1",176.691192626953,-65.3725,16.9802,9.4433410014585,50,50,50,50,50,50,0.073,10322,1,17,-65,0.0073,47,2026-08-22 23:42:10.002529,31.5300006866455,1.0815,0,"aoml_apex",1022.53040532109
"1902800",15,0.0876,2,0.1095,1,0.0876,1,0.000668999971821904,1,190.812931640625,1,1.95588487536392,36.9199981689453,1,29.2203998565674,35.5423011779785,0.109499998390675,"3",0.0369976200163364,0.000668999971821904,"1",176.43359375,-65.3725,16.9802,9.4433410014585,50,50,50,50,50,50,0.0876,10322,1,17,-65,0.0073,47,2026-08-22 23:42:10.002529,36.9199981689453,1.0815,0,"aoml_apex",1022.55507222933
"1902800",15,0.0876,2,0.1095,1,0.0876,1,0.000668999971821904,1,189.954230278015,1,1.95572773204382,41.6699981689453,1,29.1735000610352,35.6036987304688,0.109499998390675,"3",0.0369976200163364,0.000668999971821904,"1",175.639602661133,-65.3725,16.9802,9.4433410014585,50,50,50,50,50,50,0.0876,10322,1,17,-65,0.0073,47,2026-08-22 23:42:10.002529,41.6699981689453,1.0815,0,"aoml_apex",1022.63723484143
"1902800",15,0.1241,2,0.146,1,0.1241,1,0.000656999996863306,1,190.428789230347,1,1.95554912579721,46.7799987792969,1,29.1396999359131,35.6838989257812,0.145999997854233,"3",0.0524132959544659,0.000656999996863306,"1",176.078399658203,-65.3725,16.9802,9.4433410014585,50,50,50,50,50,50,0.1241,10322,1,17,-65,0.0073,47,2026-08-22 23:42:10.002529,46.7799987792969,1.0815,0,"aoml_apex",1022.73063540895
"1902800",15,0.146,2,0.1679,1,0.146,1,0.000704000005498528,1,190.543744812012,1,1.95538283818682,51.8699989318848,1,29.0601997375488,35.7351989746094,0.167899996042252,"3",0.0616627000272274,0.000704000005498528,"1",176.184692382812,-65.3725,16.9802,9.4433410014585,50,50,50,50,50,50,0.146,10322,1,17,-65,0.0073,47,2026-08-22 23:42:10.002529,51.8699989318848,1.0815,0,"aoml_apex",1022.8176093918
"1902800",15,0.1533,2,0.1752,1,0.1533,1,0.000714999972842634,1,191.594649398804,1,1.95443838756738,56.7599983215332,1,28.7880992889404,36.2439994812012,0.175200000405312,"3",0.0647458359599113,0.000714999972842634,"1",177.156402587891,-65.3725,16.9802,9.4433410014585,50,50,50,50,50,50,0.1533,10322,1,17,-65,0.0073,47,2026-08-22 23:42:10.002529,56.7599983215332,1.0815,0,"aoml_apex",1023.31186939555
"1902800",15,0.2263,2,0.2482,1,0.2263,1,0.000737999973352998,1,191.283282485962,1,1.95404611106017,61.9700012207031,1,28.7178001403809,36.4565010070801,0.248199999332428,"3",0.0955771878361702,0.000737999973352998,"1",176.868499755859,-65.3725,16.9802,9.4433410014585,50,50,50,50,50,50,0.2263,10322,1,17,-65,0.0073,47,2026-08-22 23:42:10.002529,61.9700012207031,1.0815,0,"aoml_apex",1023.51730017
"1902800",15,0.3723,2,0.3942,1,0.3723,1,0.000831999990623444,1,190.758424278259,1,1.95371383893773,66,1,28.2509994506836,36.4585990905762,0.394199997186661,"3",0.157239884138107,0.000831999990623444,"1",176.383193969727,-65.3725,16.9802,9.4433410014585,50,50,50,50,50,50,0.3723,10322,1,17,-65,0.0073,47,2026-08-22 23:42:10.002529,66,1.0815,0,"aoml_apex",1023.69137185794
"1902800",15,0.5037,2,0.5256,1,0.5037,1,0.00160800002049655,1,191.761191421509,1,1.95338497142507,71.7900009155273,1,27.9382991790771,36.5177001953125,0.525600016117096,"3",0.212736323475838,0.00160800002049655,"1",177.310394287109,-65.3725,16.9802,9.4433410014585,50,50,50,50,50,50,0.5037,10322,1,17,-65,0.0073,47,2026-08-22 23:42:10.002529,71.7900009155273,1.0815,0,"aoml_apex",1023.86371824133
"1902800",15,0.4599,2,0.4818,1,0.4599,1,0.000855999998748302,1,190.68510420227,1,1.95312588552641,76.3300018310547,1,27.6975994110107,36.5675010681152,0.481799989938736,"3",0.194237515330315,0.000855999998748302,"1",176.315399169922,-65.3725,16.9802,9.4433410014585,50,50,50,50,50,50,0.4599,10322,1,17,-65,0.0073,47,2026-08-22 23:42:10.002529,76.3300018310547,1.0815,0,"aoml_apex",1023.99953572934
"1902800",15,0.4818,2,0.5037,1,0.4818,1,0.0007259999983944,1,190.669311424255,1,1.95298022881221,81.6999969482422,1,27.5781002044678,36.5866012573242,0.503700017929077,"3",0.203486919403076,0.0007259999983944,"1",176.300796508789,-65.3725,16.9802,9.4433410014585,50,50,50,50,50,50,0.4818,10322,1,17,-65,0.0073,47,2026-08-22 23:42:10.002529,81.6999969482422,1.0815,0,"aoml_apex",1024.07590742298
"1902800",15,0.365,2,0.3869,1,0.365,1,0.000655999989248812,1,192.953983474731,1,1.95282393772445,86.8399963378906,1,27.4675006866455,36.6184005737305,0.386900007724762,"3",0.154156759381294,0.000655999989248812,"1",178.413299560547,-65.3725,16.9802,9.4433410014585,50,50,50,50,50,50,0.365,10322,1,17,-65,0.0073,47,2026-08-22 23:42:10.002529,86.8399963378906,1.0815,0,"aoml_apex",1024.15786767266
"1902800",15,0.2847,2,0.3066,1,0.2847,1,0.000750000006519258,1,193.260152137756,1,1.95260430083591,91.6699981689453,1,27.286600112915,36.665901184082,0.306600004434586,"3",0.120242267847061,0.000750000006519258,"1",178.696395874023,-65.3725,16.9802,9.4433410014585,50,50,50,50,50,50,0.2847,10322,1,17,-65,0.0073,47,2026-08-22 23:42:10.002529,91.6699981689453,1.0815,0,"aoml_apex",1024.27306912302
"1902800",15,0.2482,2,0.2701,1,0.2482,1,0.000549999997019768,1,193.032716331482,1,1.95251466362427,96.4000015258789,1,27.2325000762939,36.6781997680664,0.270099997520447,"3",0.104826591908932,0.000549999997019768,"1",178.486099243164,-65.3725,16.9802,9.4433410014585,50,50,50,50,50,50,0.2482,10322,1,17,-65,0.0073,47,2026-08-22 23:42:10.002529,96.4000015258789,1.0815,0,"aoml_apex",1024.32009206404
"1902800",15,0.2555,2,0.2774,1,0.2555,1,0.000572999997530133,1,193.774729362488,1,1.9524206951688,101.98999786377,1,27.1956996917725,36.6960983276367,0.277399986982346,"3",0.107909731566906,0.000572999997530133,"1",179.17219543457,-65.3725,16.9802,9.4433410014585,50,50,50,50,50,50,0.2555,10322,1,17,-65,0.0073,47,2026-08-22 23:42:10.002529,101.98999786377,1.0815,0,"aoml_apex",1024.36939177552
"1902800",15,0.1387,2,0.1606,1,0.1387,1,0.000467000005301088,1,198.024603881836,1,1.95184073413023,111.970001220703,1,26.630199432373,36.8018989562988,0.160600006580353,"3",0.0585795678198338,0.000467000005301088,"1",183.101806640625,-65.3725,16.9802,9.4433410014585,50,50,50,50,50,50,0.1387,10322,1,17,-65,0.0073,47,2026-08-22 23:42:10.002529,111.970001220703,1.0815,0,"aoml_apex",1024.67376821666
"1902800",15,0.1022,2,0.1241,1,0.1022,1,0.000491000013425946,1,198.658245780945,1,1.95171025778955,121.379997253418,1,26.5599994659424,36.8096008300781,0.124099999666214,"3",0.0431638918817043,0.000491000013425946,"1",183.687698364258,-65.3725,16.9802,9.4433410014585,50,50,50,50,50,50,0.1022,10322,1,17,-65,0.0073,47,2026-08-22 23:42:10.002529,121.379997253418,1.0815,0,"aoml_apex",1024.74227002585
"1902800",15,0.1022,2,0.1241,1,0.1022,1,0.000467000005301088,1,200.556498092651,1,1.95140794929183,131.279998779297,1,26.3157997131348,36.8608016967773,0.124099999666214,"3",0.0431638918817043,0.000467000005301088,"1",185.442901611328,-65.3725,16.9802,9.4433410014585,50,50,50,50,50,50,0.1022,10322,1,17,-65,0.0073,47,2026-08-22 23:42:10.002529,131.279998779297,1.0815,0,"aoml_apex",1024.90102119642
"1902800",15,0.073,2,0.0949,1,0.073,1,0.000432000000728294,1,198.826966117859,1,1.95113516965873,141.75,1,26.093599319458,36.8979988098145,0.0948999971151352,"3",0.0308313500136137,0.000432000000728294,"1",183.843704223633,-65.3725,16.9802,9.4433410014585,50,50,50,50,50,50,0.073,10322,1,17,-65,0.0073,47,2026-08-22 23:42:10.002529,141.75,1.0815,0,"aoml_apex",1025.04430810389
"1902800",15,0.0584,2,0.0803,1,0.0584,1,0.000418999989051372,1,196.06588684845,1,1.95063405992046,151.229995727539,1,25.6902008056641,37.0248985290527,0.0803000032901764,"3",0.024665080010891,0.000418999989051372,"1",181.29069519043,-65.3725,16.9802,9.4433410014585,50,50,50,50,50,50,0.0584,10322,1,17,-65,0.0073,47,2026-08-22 23:42:10.002529,151.229995727539,1.0815,0,"aoml_apex",1025.30763770297
"1902800",15,0.0584,2,0.0803,1,0.0584,1,0.000349000009009615,1,190.203515235901,1,1.94983672984631,161.889999389648,1,24.7796001434326,37.1456985473633,0.0803000032901764,"3",0.024665080010891,0.000349000009009615,"1",175.870101928711,-65.3725,16.9802,9.4433410014585,50,50,50,50,50,50,0.0584,10322,1,17,-65,0.0073,47,2026-08-22 23:42:10.002529,161.889999389648,1.0815,0,"aoml_apex",1025.72690799483
"1902800",15,0.0657,2,0.0876,1,0.0657,1,0.000488999998196959,1,184.835488929749,1,1.94954839942474,171.910003662109,1,24.6429004669189,37.2341003417969,0.0876000002026558,"3",0.0277482159435749,0.000488999998196959,"1",170.906600952148,-65.3725,16.9802,9.4433410014585,50,50,50,50,50,50,0.0657,10322,1,17,-65,0.0073,47,2026-08-22 23:42:10.002529,171.910003662109,1.0815,0,"aoml_apex",1025.87860890765
"1902800",15,0.0876,2,0.1095,1,0.0876,1,0.00036000000545755,1,178.232820533752,1,1.94907001199387,181.619995117188,1,23.9752006530762,37.2440986633301,0.109499998390675,"3",0.0369976200163364,0.00036000000545755,"1",164.801498413086,-65.3725,16.9802,9.4433410014585,50,50,50,50,50,50,0.0876,10322,1,17,-65,0.0073,47,2026-08-22 23:42:10.002529,181.619995117188,1.0815,0,"aoml_apex",1026.13040459949
"1902800",15,0.0365,2,0.0584,1,0.0365,1,0.000325000000884756,1,166.217998466492,1,1.94874658017953,191.009994506836,1,23.3847007751465,37.1828994750977,0.0584000013768673,"3",0.0154156750068069,0.000325000000884756,"1",153.692092895508,-65.3725,16.9802,9.4433410014585,50,50,50,50,50,50,0.0365,10322,1,17,-65,0.0073,47,2026-08-22 23:42:10.002529,191.009994506836,1.0815,0,"aoml_apex",1026.30071059098
"1902800",15,0.0584,2,0.0803,1,0.0584,1,0.000325000000884756,1,172.963643486023,1,1.94841405578009,201.110000610352,1,22.886100769043,37.1629981994629,0.0803000032901764,"3",0.024665080010891,0.000325000000884756,"1",159.929397583008,-65.3725,16.9802,9.4433410014585,50,50,50,50,50,50,0.0584,10322,1,17,-65,0.0073,47,2026-08-22 23:42:10.002529,201.110000610352,1.0815,0,"aoml_apex",1026.475863314
"1902800",15,0.0438,2,0.0657,1,0.0438,1,0.000323999993270263,1,163.077001396179,1,1.94815453501219,209.089996337891,1,22.3367004394531,37.0876998901367,0.065700002014637,"3",0.0184988100081682,0.000323999993270263,"1",150.787796020508,-65.3725,16.9802,9.4433410014585,50,50,50,50,50,50,0.0438,10322,1,17,-65,0.0073,47,2026-08-22 23:42:10.002529,209.089996337891,1.0815,0,"aoml_apex",1026.61260390593
"1902800",15,0,2,0.0292,1,0.0073,1,0.000300999992759898,1,149.809269104004,1,1.94754413034765,221.050003051758,1,20.7236003875732,36.845401763916,0.0292000006884336,"3",0.00308313500136137,0.000300999992759898,"1",138.519897460938,-65.3725,16.9802,9.4433410014585,50,50,50,50,50,50,0,10322,1,17,-65,0.0073,47,2026-08-22 23:42:10.002529,221.050003051758,1.0815,0,"aoml_apex",1026.9343676659
"1902800",15,0,2,0.0292,1,0.0073,1,0.000323999993270263,1,151.535022033691,1,1.94716921645901,231.789993286133,1,19.8353996276855,36.7274017333984,0.0292000006884336,"3",0.00308313500136137,0.000323999993270263,"1",140.115600585938,-65.3725,16.9802,9.4433410014585,50,50,50,50,50,50,0,10322,1,17,-65,0.0073,47,2026-08-22 23:42:10.002529,231.789993286133,1.0815,0,"aoml_apex",1027.13209673531
"1902800",15,0,2,0.0292,1,0.0073,1,0.000583000015467405,1,156.765055435181,1,1.9468575689635,241.529998779297,1,19.0734996795654,36.6231994628906,0.0292000006884336,"3",0.00308313500136137,0.000583000015467405,"1",144.951507568359,-65.3725,16.9802,9.4433410014585,50,50,50,50,50,50,0,10322,1,17,-65,0.0073,47,2026-08-22 23:42:10.002529,241.529998779297,1.0815,0,"aoml_apex",1027.29651715857
"1902800",15,0,2,0.0292,1,0.0073,1,0.000311999989207834,1,161.387372177124,1,1.94670927684585,251.869995117188,1,18.949499130249,36.6244010925293,0.0292000006884336,"3",0.00308313500136137,0.000311999989207834,"1",149.225494384766,-65.3725,16.9802,9.4433410014585,50,50,50,50,50,50,0,10322,1,17,-65,0.0073,47,2026-08-22 23:42:10.002529,251.869995117188,1.0815,0,"aoml_apex",1027.37477228264
"1902800",15,0,2,0.0292,1,0.0073,1,0.000300000014249235,1,161.909854042053,1,1.94657013303418,261.350006103516,1,18.7131004333496,36.5862007141113,0.0292000006884336,"3",0.00308313500136137,0.000300000014249235,"1",149.708602905273,-65.3725,16.9802,9.4433410014585,50,50,50,50,50,50,0,10322,1,17,-65,0.0073,47,2026-08-22 23:42:10.002529,261.350006103516,1.0815,0,"aoml_apex",1027.4482106034
"1902800",15,0,2,0.0219,1,0,1,0.000277000013738871,1,163.929233825684,1,1.94641654449376,271.290008544922,1,18.4437999725342,36.5448989868164,0.0219000000506639,"3",0,0.000277000013738871,"1",151.575805664062,-65.3725,16.9802,9.4433410014585,50,50,50,50,50,50,0,10322,1,17,-65,0.0073,47,2026-08-22 23:42:10.002529,271.290008544922,1.0815,0,"aoml_apex",1027.52928485828
"1902800",15,0,2,0.0292,1,0.0073,1,0.000288000010186806,1,163.064674118042,1,1.94627154039511,281.799987792969,1,18.2273998260498,36.5127983093262,0.0292000006884336,"3",0.00308313500136137,0.000288000010186806,"1",150.776397705078,-65.3725,16.9802,9.4433410014585,50,50,50,50,50,50,0,10322,1,17,-65,0.0073,47,2026-08-22 23:42:10.002529,281.799987792969,1.0815,0,"aoml_apex",1027.60583941642
"1902800",15,0,2,0.0292,1,0.0073,1,0.000311999989207834,1,157.283411705017,1,1.9461164215398,291.510009765625,1,17.8717994689941,36.4468002319336,0.0292000006884336,"3",0.00308313500136137,0.000311999989207834,"1",145.430801391602,-65.3725,16.9802,9.4433410014585,50,50,50,50,50,50,0,10322,1,17,-65,0.0073,47,2026-08-22 23:42:10.002529,291.510009765625,1.0815,0,"aoml_apex",1027.687746665
"1902800",15,0,2,0.0365,1,0.0146,1,0.000300000014249235,1,153.094546485901,1,1.94595278118807,301.489990234375,1,17.415599822998,36.3539009094238,0.0364999994635582,"3",0.00616627000272274,0.000300000014249235,"1",141.557601928711,-65.3725,16.9802,9.4433410014585,50,50,50,50,50,50,0,10322,1,17,-65,0.0073,47,2026-08-22 23:42:10.002529,301.489990234375,1.0815,0,"aoml_apex",1027.77416766451
"1902800",15,0,2,0.0292,1,0.0073,1,0.000288000010186806,1,154.724255561829,1,1.94580873562496,311.190002441406,1,17.2012996673584,36.328800201416,0.0292000006884336,"3",0.00308313500136137,0.000288000010186806,"1",143.064498901367,-65.3725,16.9802,9.4433410014585,50,50,50,50,50,50,0,10322,1,17,-65,0.0073,47,2026-08-22 23:42:10.002529,311.190002441406,1.0815,0,"aoml_apex",1027.8502523824
"1902800",15,0,2,0.0219,1,0,1,0.000300000014249235,1,151.377655334473,1,1.9456556533747,321.519989013672,1,16.960599899292,36.2984008789062,0.0219000000506639,"3",0,0.000300000014249235,"1",139.970092773438,-65.3725,16.9802,9.4433410014585,50,50,50,50,50,50,0,10322,1,17,-65,0.0073,47,2026-08-22 23:42:10.002529,321.519989013672,1.0815,0,"aoml_apex",1027.93112261722
"1902800",15,0,2,0.0292,1,0.0073,1,0.000334999989718199,1,147.93027507019,1,1.94545694832284,331.309997558594,1,16.406099319458,36.2046012878418,0.0292000006884336,"3",0.00308313500136137,0.000334999989718199,"1",136.782501220703,-65.3725,16.9802,9.4433410014585,50,50,50,50,50,50,0,10322,1,17,-65,0.0073,47,2026-08-22 23:42:10.002529,331.309997558594,1.0815,0,"aoml_apex",1028.03611343041
"1902800",15,0,2,0.0292,1,0.0073,1,0.000334999989718199,1,144.230457893372,1,1.94534579390311,341.489990234375,1,16.1581001281738,36.1459999084473,0.0292000006884336,"3",0.00308313500136137,0.000334999989718199,"1",133.36149597168,-65.3725,16.9802,9.4433410014585,50,50,50,50,50,50,0,10322,1,17,-65,0.0073,47,2026-08-22 23:42:10.002529,341.489990234375,1.0815,0,"aoml_apex",1028.09485401936
"1902800",15,0,2,0.0292,1,0.0073,1,0.000311000010697171,1,141.858620269775,1,1.94519881374017,350.910003662109,1,15.8149995803833,36.0880012512207,0.0292000006884336,"3",0.00308313500136137,0.000311000010697171,"1",131.168395996094,-65.3725,16.9802,9.4433410014585,50,50,50,50,50,50,0,10322,1,17,-65,0.0073,47,2026-08-22 23:42:10.002529,350.910003662109,1.0815,0,"aoml_apex",1028.17253736365
"1902800",15,0,2,0.0365,1,0.0146,1,0.000299000006634742,1,140.702711036682,1,1.94506351065204,361.369995117188,1,15.556300163269,36.0428009033203,0.0364999994635582,"3",0.00616627000272274,0.000299000006634742,"1",130.099594116211,-65.3725,16.9802,9.4433410014585,50,50,50,50,50,50,0,10322,1,17,-65,0.0073,47,2026-08-22 23:42:10.002529,361.369995117188,1.0815,0,"aoml_apex",1028.24405940839
"1902800",15,0,2,0.0365,1,0.0146,1,0.000311000010697171,1,131.219799682617,1,1.94475183822449,381.170013427734,1,14.6529998779297,35.8759002685547,0.0364999994635582,"3",0.00616627000272274,0.000311000010697171,"1",121.331298828125,-65.3725,16.9802,9.4433410014585,50,50,50,50,50,50,0,10322,1,17,-65,0.0073,47,2026-08-22 23:42:10.002529,381.170013427734,1.0815,0,"aoml_apex",1028.40884923701
"1902800",15,0,2,0.0365,1,0.0146,1,0.000345000007655472,1,126.805008625031,1,1.9444720103367,401.869995117188,1,13.9194002151489,35.739200592041,0.0364999994635582,"3",0.00616627000272274,0.000345000007655472,"1",117.249198913574,-65.3725,16.9802,9.4433410014585,50,50,50,50,50,50,0,10322,1,17,-65,0.0073,47,2026-08-22 23:42:10.002529,401.869995117188,1.0815,0,"aoml_apex",1028.55684698371
"1902800",15,0,2,0.0365,1,0.0146,1,0.000368000008165836,1,131.678359577179,1,1.9438201855724,451.850006103516,1,13.0952997207642,35.671199798584,0.0364999994635582,"3",0.00616627000272274,0.000368000008165836,"1",121.755302429199,-65.3725,16.9802,9.4433410014585,50,50,50,50,50,50,0,10322,1,17,-65,0.0073,47,2026-08-22 23:42:10.002529,451.850006103516,1.0815,0,"aoml_apex",1028.90175482515
"1902800",15,0,2,0.0438,1,0.0219,1,0.000296999991405755,1,122.496963214874,1,1.94319193867261,501.420013427734,1,11.4652996063232,35.3884010314941,0.0438000001013279,"3",0.00924940500408411,0.000296999991405755,"1",113.265800476074,-65.3725,16.9802,9.4433410014585,50,50,50,50,50,50,0,10322,1,17,-65,0.0073,47,2026-08-22 23:42:10.002529,501.420013427734,1.0815,0,"aoml_apex",1029.23440561728
"1902800",15,0,2,0.0438,1,0.0219,1,0.000330999988364056,1,120.552314460754,1,1.94265222449195,550.97998046875,1,10.6919002532959,35.2804985046387,0.0438000001013279,"3",0.00924940500408411,0.000330999988364056,"1",111.467697143555,-65.3725,16.9802,9.4433410014585,50,50,50,50,50,50,0,10322,1,17,-65,0.0073,47,2026-08-22 23:42:10.002529,550.97998046875,1.0815,0,"aoml_apex",1029.52035098462
"1902800",15,0,2,0.0365,1,0.0146,1,0.000319000013405457,1,119.543820991516,1,1.9420997769542,601.130004882812,1,9.75909996032715,35.1470985412598,0.0364999994635582,"3",0.00616627000272274,0.000319000013405457,"1",110.535202026367,-65.3725,16.9802,9.4433410014585,50,50,50,50,50,50,0,10322,1,17,-65,0.0073,47,2026-08-22 23:42:10.002529,601.130004882812,1.0815,0,"aoml_apex",1029.81320719608
"1902800",15,0,2,0.0365,1,0.0146,1,0.000306000001728535,1,121.649285442352,1,1.94152536988068,651.609985351562,1,8.85620021820068,35.043098449707,0.0364999994635582,"3",0.00616627000272274,0.000306000001728535,"1",112.482002258301,-65.3725,16.9802,9.4433410014585,50,50,50,50,50,50,0,10322,1,17,-65,0.0073,47,2026-08-22 23:42:10.002529,651.609985351562,1.0815,0,"aoml_apex",1030.11788103645
"1902800",15,0,2,0.0438,1,0.0219,1,0.00031699999817647,1,123.980345684051,1,1.94099873120045,700.969970703125,1,8.1766996383667,34.9695014953613,0.0438000001013279,"3",0.00924940500408411,0.00031699999817647,"1",114.637397766113,-65.3725,16.9802,9.4433410014585,50,50,50,50,50,50,0,10322,1,17,-65,0.0073,47,2026-08-22 23:42:10.002529,700.969970703125,1.0815,0,"aoml_apex",1030.39737628425
"1902800",15,0,2,0.0438,1,0.0219,1,0.000338999991072342,1,128.119142681122,1,1.9404013669788,751.679992675781,1,7.16629981994629,34.8739013671875,0.0438000001013279,"3",0.00924940500408411,0.000338999991072342,"1",118.464302062988,-65.3725,16.9802,9.4433410014585,50,50,50,50,50,50,0,10322,1,17,-65,0.0073,47,2026-08-22 23:42:10.002529,751.679992675781,1.0815,0,"aoml_apex",1030.7145903087
"1902800",15,0,2,0.0438,1,0.0219,1,0.000326999987009913,1,136.780978099823,1,1.93986545121131,801.539978027344,1,6.82469987869263,34.8821983337402,0.0438000001013279,"3",0.00924940500408411,0.000326999987009913,"1",126.47339630127,-65.3725,16.9802,9.4433410014585,50,50,50,50,50,50,0,10322,1,17,-65,0.0073,47,2026-08-22 23:42:10.002529,801.539978027344,1.0815,0,"aoml_apex",1030.99934005791
"1902800",15,0,2,0.0365,1,0.0146,1,0.000314000004436821,1,146.623814620972,1,1.93933346143501,851.789978027344,1,6.31949996948242,34.8550987243652,0.0364999994635582,"3",0.00616627000272274,0.000314000004436821,"1",135.574493408203,-65.3725,16.9802,9.4433410014585,50,50,50,50,50,50,0,10322,1,17,-65,0.0073,47,2026-08-22 23:42:10.002529,851.789978027344,1.0815,0,"aoml_apex",1031.28215944879
"1902800",15,0,2,0.0365,1,0.0146,1,0.000314000004436821,1,160.910865943909,1,1.93875390555517,901.280029296875,1,6.07289981842041,34.915901184082,0.0364999994635582,"3",0.00616627000272274,0.000314000004436821,"1",148.784896850586,-65.3725,16.9802,9.4433410014585,50,50,50,50,50,50,0,10322,1,17,-65,0.0073,47,2026-08-22 23:42:10.002529,901.280029296875,1.0815,0,"aoml_apex",1031.59044284545
"1902800",15,0,2,0.0438,1,0.0219,1,0.000312999996822327,1,171.016296592712,1,1.93819686326282,951.820007324219,1,5.68540000915527,34.9295997619629,0.0438000001013279,"3",0.00924940500408411,0.000312999996822327,"1",158.128799438477,-65.3725,16.9802,9.4433410014585,50,50,50,50,50,50,0,10322,1,17,-65,0.0073,47,2026-08-22 23:42:10.002529,951.820007324219,1.0815,0,"aoml_apex",1031.88692434118
"1902800",15,0,2,0.0438,1,0.0219,1,0.000300999992759898,1,179.647850143433,1,1.93769044681921,1000.33001708984,1,5.41440010070801,34.9434013366699,0.0438000001013279,"3",0.00924940500408411,0.000300999992759898,"1",166.109893798828,-65.3725,16.9802,9.4433410014585,50,50,50,50,50,50,0,10322,1,17,-65,0.0073,47,2026-08-22 23:42:10.002529,1000.33001708984,1.0815,0,"aoml_apex",1032.15660854554
"1902800",15,0,2,0.0438,1,0.0219,1,0.000288000010186806,1,190.098494087219,1,1.93670775797925,1099.86999511719,1,4.91480016708374,34.9457015991211,0.0438000001013279,"3",0.00924940500408411,0.000288000010186806,"1",175.772994995117,-65.3725,16.9802,9.4433410014585,50,50,50,50,50,50,0,10322,1,17,-65,0.0073,47,2026-08-22 23:42:10.002529,1099.86999511719,1.0815,0,"aoml_apex",1032.68032657998
"1902800",15,0,2,0.0438,1,0.0219,1,0.000288000010186806,1,198.698148536682,1,1.93576671629505,1200.0400390625,1,4.62680006027222,34.9560012817383,0.0438000001013279,"3",0.00924940500408411,0.000288000010186806,"1",183.724594116211,-65.3725,16.9802,9.4433410014585,50,50,50,50,50,50,0,10322,1,17,-65,0.0073,47,2026-08-22 23:42:10.002529,1200.0400390625,1.0815,0,"aoml_apex",1033.1823474204
"1902800",15,0,2,0.0365,1,0.0146,1,0.00032299998565577,1,202.009054115295,4,1.9348852938317,1299.93994140625,1,4.51749992370605,34.9606018066406,0.0364999994635582,"3",0.00616627000272274,0.00032299998565577,"1",186.785995483398,-65.3725,16.9802,9.4433410014585,50,50,50,50,50,50,0,10322,1,17,-65,0.0073,47,2026-08-22 23:42:10.002529,1299.93994140625,1.0815,0,"aoml_apex",1033.65300587889
"1902800",16,0.0511,2,0.073,1,0.0511,1,0.000612000003457069,1,191.671104927063,1,1.95690107186023,7.69999980926514,1,29.2801990509033,35.0279998779297,0.0729999989271164,"3",0.0206652656197548,0.000612000003457069,"1",177.227096557617,-65.5557,16.6923,26.7487698061951,50,50,50,50,50,50,0.0511,10321,1,17,-66,0.0073,47,2026-09-02 05:04:01.000542,7.69999980926514,1.0815,0,"aoml_apex",1022.0240709965
"1902800",16,0.0584,2,0.0803,1,0.0584,1,0.000587999995332211,1,191.136741348267,1,1.95686840020302,11.75,1,29.2805004119873,35.0278015136719,0.0803000032901764,"3",0.0236174464225769,0.000587999995332211,"1",176.733001708984,-65.5557,16.6923,26.7487698061951,50,50,50,50,50,50,0.0584,10321,1,17,-66,0.0073,47,2026-09-02 05:04:01.000542,11.75,1.0815,0,"aoml_apex",1022.04113459674
"1902800",16,0.0657,2,0.0876,1,0.0657,1,0.000659000012092292,1,191.007395690918,1,1.95682555134226,16.6299991607666,1,29.2819995880127,35.0304985046387,0.0876000002026558,"3",0.026569627225399,0.000659000012092292,"1",176.613403320312,-65.5557,16.6923,26.7487698061951,50,50,50,50,50,50,0.0657,10321,1,17,-66,0.0073,47,2026-09-02 05:04:01.000542,16.6299991607666,1.0815,0,"aoml_apex",1022.0635143629
"1902800",16,0.0584,2,0.0803,1,0.0584,1,0.000600000028498471,1,190.602691314697,1,1.95675202737849,21.8199996948242,1,29.2919998168945,35.0565986633301,0.0803000032901764,"3",0.0236174464225769,0.000600000028498471,"1",176.239196777344,-65.5557,16.6923,26.7487698061951,50,50,50,50,50,50,0.0584,10321,1,17,-66,0.0073,47,2026-09-02 05:04:01.000542,21.8199996948242,1.0815,0,"aoml_apex",1022.10191788045
"1902800",16,0.0657,2,0.0876,1,0.0657,1,0.000623000029008836,1,190.54234210968,1,1.95669038583082,26.9099998474121,1,29.300199508667,35.0741996765137,0.0876000002026558,"3",0.026569627225399,0.000623000029008836,"1",176.183395385742,-65.5557,16.6923,26.7487698061951,50,50,50,50,50,50,0.0657,10321,1,17,-66,0.0073,47,2026-09-02 05:04:01.000542,26.9099998474121,1.0815,0,"aoml_apex",1022.13411712083
"1902800",16,0.0584,2,0.0803,1,0.0584,1,0.000564999994821846,1,189.932381126404,1,1.95664333948396,31.6900005340576,1,29.3155002593994,35.0866012573242,0.0803000032901764,"3",0.0236174464225769,0.000564999994821846,"1",175.619400024414,-65.5557,16.6923,26.7487698061951,50,50,50,50,50,50,0.0584,10321,1,17,-66,0.0073,47,2026-09-02 05:04:01.000542,31.6900005340576,1.0815,0,"aoml_apex",1022.15869373898
"1902800",16,0.073,2,0.0949,1,0.073,1,0.000600000028498471,1,189.68806338501,1,1.956543532862,36.6399993896484,1,29.3234996795654,35.1315002441406,0.0948999971151352,"3",0.0295218080282211,0.000600000028498471,"1",175.393493652344,-65.5557,16.6923,26.7487698061951,50,50,50,50,50,50,0.073,10321,1,17,-66,0.0073,47,2026-09-02 05:04:01.000542,36.6399993896484,1.0815,0,"aoml_apex",1022.21083579696
"1902800",16,0.0803,2,0.1022,1,0.0803,1,0.000551000004634261,1,191.705825935364,1,1.95538511449419,41.9300003051758,1,29.4363994598389,35.9592018127441,0.102200001478195,"3",0.0324739888310432,0.000551000004634261,"1",177.259201049805,-65.5557,16.6923,26.7487698061951,50,50,50,50,50,50,0.0803,10321,1,17,-66,0.0073,47,2026-09-02 05:04:01.000542,41.9300003051758,1.0815,0,"aoml_apex",1022.81641870704
"1902800",16,0.0876,2,0.1095,1,0.0876,1,0.000644000014290214,1,193.044944595337,1,1.95477052025407,47.0099983215332,1,29.3363990783691,36.3135986328125,0.109499998390675,"3",0.0354261696338654,0.000644000014290214,"1",178.497406005859,-65.5557,16.6923,26.7487698061951,50,50,50,50,50,50,0.0876,10321,1,17,-66,0.0073,47,2026-09-02 05:04:01.000542,47.0099983215332,1.0815,0,"aoml_apex",1023.13799971776
"1902800",16,0.146,2,0.1679,1,0.146,1,0.00311299995519221,1,193.904619598389,1,1.95438528377695,51.9300003051758,1,29.1434993743896,36.467399597168,0.167899996042252,"3",0.0590436160564423,0.00311299995519221,"1",179.292297363281,-65.5557,16.6923,26.7487698061951,50,50,50,50,50,50,0.146,10321,1,17,-66,0.0073,47,2026-09-02 05:04:01.000542,51.9300003051758,1.0815,0,"aoml_apex",1023.33967442433
"1902800",16,0.1168,2,0.1387,1,0.1168,1,0.000631999981123954,1,202.283109146118,1,1.95371338866881,56.9500007629395,1,28.7787990570068,36.7440986633301,0.138699993491173,"3",0.0472348928451538,0.000631999981123954,"1",187.039398193359,-65.5557,16.6923,26.7487698061951,50,50,50,50,50,50,0.1168,10321,1,17,-66,0.0073,47,2026-09-02 05:04:01.000542,56.9500007629395,1.0815,0,"aoml_apex",1023.6916077863
"1902800",16,0.1168,2,0.1387,1,0.1168,1,0.000584999972488731,1,204.642503974915,1,1.95332902320383,61.560001373291,1,28.0345993041992,36.6568984985352,0.138699993491173,"3",0.0472348928451538,0.000584999972488731,"1",189.220993041992,-65.5557,16.6923,26.7487698061951,50,50,50,50,50,50,0.1168,10321,1,17,-66,0.0073,47,2026-09-02 05:04:01.000542,61.560001373291,1.0815,0,"aoml_apex",1023.8930442551
"1902800",16,0.146,2,0.1679,1,0.146,1,0.000620000006165355,1,205.457969100952,1,1.95313306060338,66.9599990844727,1,27.7329998016357,36.6310997009277,0.167899996042252,"3",0.0590436160564423,0.000620000006165355,"1",189.975006103516,-65.5557,16.6923,26.7487698061951,50,50,50,50,50,50,0.146,10321,1,17,-66,0.0073,47,2026-09-02 05:04:01.000542,66.9599990844727,1.0815,0,"aoml_apex",1023.99577393982
"1902800",16,0.1533,2,0.1752,1,0.1533,1,0.000549999997019768,1,202.20805632019,1,1.95278060478749,71.8899993896484,1,27.3006992340088,36.6614990234375,0.175200000405312,"3",0.0619957968592644,0.000549999997019768,"1",186.970001220703,-65.5557,16.6923,26.7487698061951,50,50,50,50,50,50,0.1533,10321,1,17,-66,0.0073,47,2026-09-02 05:04:01.000542,71.8899993896484,1.0815,0,"aoml_apex",1024.1805941214
"1902800",16,0.1971,2,0.219,1,0.1971,1,0.000654999981634319,1,190.707167884827,1,1.95238082057915,76.9199981689453,1,27.0706005096436,36.8125,0.218999996781349,"3",0.0797088816761971,0.000654999981634319,"1",176.335800170898,-65.5557,16.6923,26.7487698061951,50,50,50,50,50,50,0.1971,10321,1,17,-66,0.0073,47,2026-09-02 05:04:01.000542,76.9199981689453,1.0815,0,"aoml_apex",1024.39031305722
"1902800",16,0.6862,2,0.7081,1,0.6862,1,0.000960999983362854,1,181.872618553162,1,1.95214938896048,81.8399963378906,1,26.6751003265381,36.777099609375,0.708100020885468,"3",0.27750501036644,0.000960999983362854,"1",168.167007446289,-65.5557,16.6923,26.7487698061951,50,50,50,50,50,50,0.6862,10321,1,17,-66,0.0073,47,2026-09-02 05:04:01.000542,81.8399963378906,1.0815,0,"aoml_apex",1024.51175678978
"1902800",16,0.6351,2,0.657,1,0.6351,1,0.0010310000507161,1,179.488882713318,1,1.95192070131454,86.6600036621094,1,26.4766006469727,36.8249015808105,0.657000005245209,"3",0.256839722394943,0.0010310000507161,"1",165.962905883789,-65.5557,16.6923,26.7487698061951,50,50,50,50,50,50,0.6351,10321,1,17,-66,0.0073,47,2026-09-02 05:04:01.000542,86.6600036621094,1.0815,0,"aoml_apex",1024.63178891083
"1902800",16,0.4818,2,0.5037,1,0.4818,1,0.000890000024810433,1,178.552620162964,1,1.95172771926548,91.9300003051758,1,26.3896007537842,36.8926010131836,0.503700017929077,"3",0.194843947887421,0.000890000024810433,"1",165.097198486328,-65.5557,16.6923,26.7487698061951,50,50,50,50,50,50,0.4818,10321,1,17,-66,0.0073,47,2026-09-02 05:04:01.000542,91.9300003051758,1.0815,0,"aoml_apex",1024.73310198857
"1902800",16,0.4088,2,0.4307,1,0.4088,1,0.0010659999679774,1,177.836119812012,1,1.95150019939333,96.7799987792969,1,26.1355991363525,36.9166984558105,0.4307000041008,"3",0.165322124958038,0.0010659999679774,"1",164.434692382812,-65.5557,16.6923,26.7487698061951,50,50,50,50,50,50,0.4088,10321,1,17,-66,0.0073,47,2026-09-02 05:04:01.000542,96.7799987792969,1.0815,0,"aoml_apex",1024.85257271393
"1902800",16,0.2409,2,0.2628,1,0.2409,1,0.000724999990779907,1,174.589028938293,1,1.95117207448671,101.860000610352,1,25.888500213623,37.0130004882812,0.262800008058548,"3",0.0974219739437103,0.000724999990779907,"1",161.43229675293,-65.5557,16.6923,26.7487698061951,50,50,50,50,50,50,0.2409,10321,1,17,-66,0.0073,47,2026-09-02 05:04:01.000542,101.860000610352,1.0815,0,"aoml_apex",1025.02492022706
"1902800",16,0.1095,2,0.1314,1,0.1095,1,0.000584000023081899,1,176.529345817566,1,1.95065346232923,111.819999694824,1,25.2775993347168,37.0648002624512,0.131400004029274,"3",0.044282715767622,0.000584000023081899,"1",163.22639465332,-65.5557,16.6923,26.7487698061951,50,50,50,50,50,50,0.1095,10321,1,17,-66,0.0073,47,2026-09-02 05:04:01.000542,111.819999694824,1.0815,0,"aoml_apex",1025.2974393575
"1902800",16,0.073,2,0.0949,1,0.073,1,0.000490000005811453,1,183.461121185303,1,1.95028644395126,121.589996337891,1,24.8766994476318,37.101001739502,0.0948999971151352,"3",0.0295218080282211,0.000490000005811453,"1",169.635803222656,-65.5557,16.6923,26.7487698061951,50,50,50,50,50,50,0.073,10321,1,17,-66,0.0073,47,2026-09-02 05:04:01.000542,121.589996337891,1.0815,0,"aoml_apex",1025.49038691364
"1902800",16,0.0438,2,0.0657,1,0.0438,1,0.000571999989915639,1,187.102750968933,1,1.95002838784733,131.630004882812,1,24.7472991943359,37.1710014343262,0.065700002014637,"3",0.0177130848169327,0.000571999989915639,"1",173.003005981445,-65.5557,16.6923,26.7487698061951,50,50,50,50,50,50,0.0438,10321,1,17,-66,0.0073,47,2026-09-02 05:04:01.000542,131.630004882812,1.0815,0,"aoml_apex",1025.62609470923
"1902800",16,0.073,2,0.0949,1,0.073,1,0.000488999998196959,1,182.381568466187,1,1.9496350518644,140.820007324219,1,24.3027992248535,37.2134017944336,0.0948999971151352,"3",0.0295218080282211,0.000488999998196959,"1",168.637603759766,-65.5557,16.6923,26.7487698061951,50,50,50,50,50,50,0.073,10321,1,17,-66,0.0073,47,2026-09-02 05:04:01.000542,140.820007324219,1.0815,0,"aoml_apex",1025.83301325417
"1902800",16,0.1022,2,0.1241,1,0.1022,1,0.000418999989051372,1,179.675656654358,1,1.94921134178368,151.899993896484,1,23.6868991851807,37.2005004882812,0.124099999666214,"3",0.0413305312395096,0.000418999989051372,"1",166.135604858398,-65.5557,16.6923,26.7487698061951,50,50,50,50,50,50,0.1022,10321,1,17,-66,0.0073,47,2026-09-02 05:04:01.000542,151.899993896484,1.0815,0,"aoml_apex",1026.05600384504
"1902800",16,0.1095,2,0.1314,1,0.1095,1,0.000395000010030344,1,174.800902999878,1,1.94894023428274,161.369995117188,1,23.3031997680664,37.1847991943359,0.131400004029274,"3",0.044282715767622,0.000395000010030344,"1",161.628204345703,-65.5557,16.6923,26.7487698061951,50,50,50,50,50,50,0.1095,10321,1,17,-66,0.0073,47,2026-09-02 05:04:01.000542,161.369995117188,1.0815,0,"aoml_apex",1026.19873345478
"1902800",16,0.0584,2,0.0803,1,0.0584,1,0.00036000000545755,1,169.552056884766,1,1.94863957198989,171.600006103516,1,22.75830078125,37.1248016357422,0.0803000032901764,"3",0.0236174464225769,0.00036000000545755,"1",156.77490234375,-65.5557,16.6923,26.7487698061951,50,50,50,50,50,50,0.0584,10321,1,17,-66,0.0073,47,2026-09-02 05:04:01.000542,171.600006103516,1.0815,0,"aoml_apex",1026.3570691822
"1902800",16,0.0584,2,0.0803,1,0.0584,1,0.000395000010030344,1,169.553789634705,1,1.94815211666359,181.919998168945,1,21.7091007232666,37.0079002380371,0.0803000032901764,"3",0.0236174464225769,0.000395000010030344,"1",156.776504516602,-65.5557,16.6923,26.7487698061951,50,50,50,50,50,50,0.0584,10321,1,17,-66,0.0073,47,2026-09-02 05:04:01.000542,181.919998168945,1.0815,0,"aoml_apex",1026.61387829674
"1902800",16,0.0438,2,0.0657,1,0.0438,1,0.000371000001905486,1,169.07111151123,1,1.94791798421073,191.220001220703,1,21.2402000427246,36.9440994262695,0.065700002014637,"3",0.0177130848169327,0.000371000001905486,"1",156.330200195312,-65.5557,16.6923,26.7487698061951,50,50,50,50,50,50,0.0438,10321,1,17,-66,0.0073,47,2026-09-02 05:04:01.000542,191.220001220703,1.0815,0,"aoml_apex",1026.73727344345
"1902800",16,0.0292,2,0.0511,1,0.0292,1,0.000312999996822327,1,166.217684921265,1,1.94767724277814,201.339996337891,1,20.7789001464844,36.8852996826172,0.0511000007390976,"3",0.0118087232112885,0.000312999996822327,"1",153.691802978516,-65.5557,16.6923,26.7487698061951,50,50,50,50,50,50,0.0292,10321,1,17,-66,0.0073,47,2026-09-02 05:04:01.000542,201.339996337891,1.0815,0,"aoml_apex",1026.86418266469
"1902800",16,0.0146,2,0.0365,1,0.0146,1,0.000311999989207834,1,166.003434516907,1,1.94742276824361,211.089996337891,1,20.2441005706787,36.8142013549805,0.0364999994635582,"3",0.00590436160564423,0.000311999989207834,"1",153.493698120117,-65.5557,16.6923,26.7487698061951,50,50,50,50,50,50,0.0146,10321,1,17,-66,0.0073,47,2026-09-02 05:04:01.000542,211.089996337891,1.0815,0,"aoml_apex",1026.99836553919
"1902800",16,0,2,0.0292,1,0.0073,1,0.000300999992759898,1,168.159404502869,1,1.94713996355566,221.710006713867,1,19.6273002624512,36.7322006225586,0.0292000006884336,"3",0.00295218080282211,0.000300999992759898,"1",155.487197875977,-65.5557,16.6923,26.7487698061951,50,50,50,50,50,50,0,10321,1,17,-66,0.0073,47,2026-09-02 05:04:01.000542,221.710006713867,1.0815,0,"aoml_apex",1027.14752787869
"1902800",16,0,2,0.0219,1,0,1,0.000323999993270263,1,157.526211227417,1,1.94699370994013,231.679992675781,1,19.338399887085,36.6763000488281,0.0219000000506639,"3",0,0.000323999993270263,"1",145.655303955078,-65.5557,16.6923,26.7487698061951,50,50,50,50,50,50,0,10321,1,17,-66,0.0073,47,2026-09-02 05:04:01.000542,231.679992675781,1.0815,0,"aoml_apex",1027.22468479957
"1902800",16,0,2,0.0292,1,0.0073,1,0.000323999993270263,1,157.175700668335,1,1.94688066568644,241.100006103516,1,19.2096004486084,36.6563987731934,0.0292000006884336,"3",0.00295218080282211,0.000323999993270263,"1",145.331207275391,-65.5557,16.6923,26.7487698061951,50,50,50,50,50,50,0,10321,1,17,-66,0.0073,47,2026-09-02 05:04:01.000542,241.100006103516,1.0815,0,"aoml_apex",1027.28432987691
"1902800",16,0,2,0.0292,1,0.0073,1,0.000300000014249235,1,160.064161811829,1,1.94669279880229,251.630004882812,1,18.8600997924805,36.6067008972168,0.0292000006884336,"3",0.00295218080282211,0.000300000014249235,"1",148.001998901367,-65.5557,16.6923,26.7487698061951,50,50,50,50,50,50,0,10321,1,17,-66,0.0073,47,2026-09-02 05:04:01.000542,251.630004882812,1.0815,0,"aoml_apex",1027.38346863486
"1902800",16,0,2,0.0292,1,0.0073,1,0.000300000014249235,1,160.145386528015,1,1.94653185692569,261.339996337891,1,18.5487003326416,36.557201385498,0.0292000006884336,"3",0.00295218080282211,0.000300000014249235,"1",148.077102661133,-65.5557,16.6923,26.7487698061951,50,50,50,50,50,50,0,10321,1,17,-66,0.0073,47,2026-09-02 05:04:01.000542,261.339996337891,1.0815,0,"aoml_apex",1027.46841408429
"1902800",16,0,2,0.0219,1,0,1,0.000288000010186806,1,162.635529716492,1,1.94636425006995,271.660003662109,1,18.2469997406006,36.5130996704102,0.0219000000506639,"3",0,0.000288000010186806,"1",150.379592895508,-65.5557,16.6923,26.7487698061951,50,50,50,50,50,50,0,10321,1,17,-66,0.0073,47,2026-09-02 05:04:01.000542,271.660003662109,1.0815,0,"aoml_apex",1027.55689225597
"1902800",16,0,2,0.0365,1,0.0146,1,0.000300000014249235,1,163.741370727539,1,1.9462183617739,281.579986572266,1,17.9939002990723,36.4733009338379,0.0364999994635582,"3",0.00590436160564423,0.000300000014249235,"1",151.402099609375,-65.5557,16.6923,26.7487698061951,50,50,50,50,50,50,0,10321,1,17,-66,0.0073,47,2026-09-02 05:04:01.000542,281.579986572266,1.0815,0,"aoml_apex",1027.63391779794
"1902800",16,0,2,0.0292,1,0.0073,1,0.000300000014249235,1,160.242172988892,1,1.94606669047432,291.100006103516,1,17.6951007843018,36.4254989624023,0.0292000006884336,"3",0.00295218080282211,0.000300000014249235,"1",148.166595458984,-65.5557,16.6923,26.7487698061951,50,50,50,50,50,50,0,10321,1,17,-66,0.0073,47,2026-09-02 05:04:01.000542,291.100006103516,1.0815,0,"aoml_apex",1027.71400887219
"1902800",16,0,2,0.0292,1,0.0073,1,0.000300000014249235,1,162.887207519531,1,1.94589578747139,301.140014648438,1,17.3087997436523,36.3606986999512,0.0292000006884336,"3",0.00295218080282211,0.000300000014249235,"1",150.6123046875,-65.5557,16.6923,26.7487698061951,50,50,50,50,50,50,0,10321,1,17,-66,0.0073,47,2026-09-02 05:04:01.000542,301.140014648438,1.0815,0,"aoml_apex",1027.80427034015
"1902800",16,0,2,0.0292,1,0.0073,1,0.000300000014249235,1,162.688535362244,1,1.94574415392018,311.399993896484,1,17.0510997772217,36.3240013122559,0.0292000006884336,"3",0.00295218080282211,0.000300000014249235,"1",150.428604125977,-65.5557,16.6923,26.7487698061951,50,50,50,50,50,50,0,10321,1,17,-66,0.0073,47,2026-09-02 05:04:01.000542,311.399993896484,1.0815,0,"aoml_apex",1027.88436802984
"1902800",16,0,2,0.0292,1,0.0073,1,0.000300000014249235,1,161.087160873413,1,1.94561940930514,320.970001220703,1,16.7964992523193,36.2743988037109,0.0292000006884336,"3",0.00295218080282211,0.000300000014249235,"1",148.947906494141,-65.5557,16.6923,26.7487698061951,50,50,50,50,50,50,0,10321,1,17,-66,0.0073,47,2026-09-02 05:04:01.000542,320.970001220703,1.0815,0,"aoml_apex",1027.95027148412
"1902800",16,0,2,0.0219,1,0,1,0.000264000002061948,1,159.08768296051,1,1.94547180886626,331.600006103516,1,16.586799621582,36.2492980957031,0.0219000000506639,"3",0,0.000264000002061948,"1",147.099105834961,-65.5557,16.6923,26.7487698061951,50,50,50,50,50,50,0,10321,1,17,-66,0.0073,47,2026-09-02 05:04:01.000542,331.600006103516,1.0815,0,"aoml_apex",1028.02826074644
"1902800",16,0,2,0.0292,1,0.0073,1,0.000300000014249235,1,151.01600566864,1,1.94533394952514,341.929992675781,1,16.3078994750977,36.1981010437012,0.0292000006884336,"3",0.00295218080282211,0.000300000014249235,"1",139.635696411133,-65.5557,16.6923,26.7487698061951,50,50,50,50,50,50,0,10321,1,17,-66,0.0073,47,2026-09-02 05:04:01.000542,341.929992675781,1.0815,0,"aoml_apex",1028.10111368704
"1902800",16,0,2,0.0219,1,0,1,0.000276000006124377,1,148.035725280762,1,1.94520595834545,350.910003662109,1,16.0356006622314,36.1506996154785,0.0219000000506639,"3",0,0.000276000006124377,"1",136.880004882812,-65.5557,16.6923,26.7487698061951,50,50,50,50,50,50,0,10321,1,17,-66,0.0073,47,2026-09-02 05:04:01.000542,350.910003662109,1.0815,0,"aoml_apex",1028.16876095792
"1902800",16,0,2,0.0365,1,0.0146,1,0.000287000002572313,1,143.019513221741,1,1.94503909779606,361.220001220703,1,15.6463003158569,36.0876998901367,0.0364999994635582,"3",0.00590436160564423,0.000287000002572313,"1",132.241806030273,-65.5557,16.6923,26.7487698061951,50,50,50,50,50,50,0,10321,1,17,-66,0.0073,47,2026-09-02 05:04:01.000542,361.220001220703,1.0815,0,"aoml_apex",1028.25696525392
"1902800",16,0,2,0.0292,1,0.0073,1,0.000311000010697171,1,134.648152702332,1,1.94477679521727,381.279998779297,1,14.8332004547119,35.9108009338379,0.0292000006884336,"3",0.00295218080282211,0.000311000010697171,"1",124.50129699707,-65.5557,16.6923,26.7487698061951,50,50,50,50,50,50,0,10321,1,17,-66,0.0073,47,2026-09-02 05:04:01.000542,381.279998779297,1.0815,0,"aoml_apex",1028.3956518396
"1902800",16,0,2,0.0365,1,0.0146,1,0.000310000003082678,1,131.689713214874,1,1.9445244649577,400.809997558594,1,14.2632999420166,35.8070983886719,0.0364999994635582,"3",0.00590436160564423,0.000310000003082678,"1",121.765800476074,-65.5557,16.6923,26.7487698061951,50,50,50,50,50,50,0,10321,1,17,-66,0.0073,47,2026-09-02 05:04:01.000542,400.809997558594,1.0815,0,"aoml_apex",1028.52910109491
"1902800",16,0,2,0.0292,1,0.0073,1,0.000333000003593042,1,125.120354873657,1,1.9438657772706,451.299987792969,1,12.978099822998,35.611198425293,0.0292000006884336,"3",0.00295218080282211,0.000333000003593042,"1",115.691497802734,-65.5557,16.6923,26.7487698061951,50,50,50,50,50,50,0,10321,1,17,-66,0.0073,47,2026-09-02 05:04:01.000542,451.299987792969,1.0815,0,"aoml_apex",1028.87762282035
"1902800",16,0,2,0.0365,1,0.0146,1,0.000331999995978549,1,121.710715553284,1,1.94317339586407,500.959991455078,1,11.379599571228,35.3820991516113,0.0364999994635582,"3",0.00590436160564423,0.000331999995978549,"1",112.538803100586,-65.5557,16.6923,26.7487698061951,50,50,50,50,50,50,0,10321,1,17,-66,0.0073,47,2026-09-02 05:04:01.000542,500.959991455078,1.0815,0,"aoml_apex",1029.24422712707
"1902800",16,0,2,0.0438,1,0.0219,1,0.000330999988364056,1,119.221207706451,1,1.94255893024001,551.119995117188,1,10.0024995803833,35.1785011291504,0.0438000001013279,"3",0.00885654240846634,0.000330999988364056,"1",110.23690032959,-65.5557,16.6923,26.7487698061951,50,50,50,50,50,50,0,10321,1,17,-66,0.0073,47,2026-09-02 05:04:01.000542,551.119995117188,1.0815,0,"aoml_apex",1029.56979521486
"1902800",16,0,2,0.0438,1,0.0219,1,0.000304999994114041,1,121.405190483093,1,1.94191627089298,601.890014648438,1,8.52880001068115,34.992000579834,0.0438000001013279,"3",0.00885654240846634,0.000304999994114041,"1",112.256301879883,-65.5557,16.6923,26.7487698061951,50,50,50,50,50,50,0,10321,1,17,-66,0.0073,47,2026-09-02 05:04:01.000542,601.890014648438,1.0815,0,"aoml_apex",1029.91052187863
"1902800",16,0,2,0.0438,1,0.0219,1,0.0003629999991972,1,123.268721786499,1,1.94139419955185,651.72998046875,1,7.85410022735596,34.9165992736816,0.0438000001013279,"3",0.00885654240846634,0.0003629999991972,"1",113.979400634766,-65.5557,16.6923,26.7487698061951,50,50,50,50,50,50,0,10321,1,17,-66,0.0073,47,2026-09-02 05:04:01.000542,651.72998046875,1.0815,0,"aoml_apex",1030.18748096686
"1902800",16,0,2,0.0365,1,0.0146,1,0.000338999991072342,1,127.548647140503,1,1.94085535016759,701.47998046875,1,7.19840002059937,34.8618011474609,0.0364999994635582,"3",0.00590436160564423,0.000338999991072342,"1",117.936798095703,-65.5557,16.6923,26.7487698061951,50,50,50,50,50,50,0,10321,1,17,-66,0.0073,47,2026-09-02 05:04:01.000542,701.47998046875,1.0815,0,"aoml_apex",1030.47349707298
"1902800",16,0,2,0.0438,1,0.0219,1,0.000338000012561679,1,133.832489547729,1,1.94032175431121,751.419982910156,1,6.68959999084473,34.8353004455566,0.0438000001013279,"3",0.00885654240846634,0.000338000012561679,"1",123.747100830078,-65.5557,16.6923,26.7487698061951,50,50,50,50,50,50,0,10321,1,17,-66,0.0073,47,2026-09-02 05:04:01.000542,751.419982910156,1.0815,0,"aoml_apex",1030.75688120086
"1902800",16,0,2,0.0365,1,0.0146,1,0.000314000004436821,1,141.898093963623,1,1.93977996851404,801.280029296875,1,6.38810014724731,34.8568000793457,0.0364999994635582,"3",0.00590436160564423,0.000314000004436821,"1",131.204895019531,-65.5557,16.6923,26.7487698061951,50,50,50,50,50,50,0,10321,1,17,-66,0.0073,47,2026-09-02 05:04:01.000542,801.280029296875,1.0815,0,"aoml_apex",1031.04477438856
"1902800",16,0,2,0.0438,1,0.0219,1,0.000395999988541007,1,150.601251342773,1,1.93925410014219,851.909973144531,1,6.12190008163452,34.8706016540527,0.0438000001013279,"3",0.00885654240846634,0.000395999988541007,"1",139.252197265625,-65.5557,16.6923,26.7487698061951,50,50,50,50,50,50,0,10321,1,17,-66,0.0073,47,2026-09-02 05:04:01.000542,851.909973144531,1.0815,0,"aoml_apex",1031.32436324531
"1902800",16,0,2,0.0438,1,0.0219,1,0.000302000000374392,1,158.672697601318,1,1.93874603166794,901.349975585938,1,5.93680000305176,34.8950996398926,0.0438000001013279,"3",0.00885654240846634,0.000302000000374392,"1",146.715393066406,-65.5557,16.6923,26.7487698061951,50,50,50,50,50,50,0,10321,1,17,-66,0.0073,47,2026-09-02 05:04:01.000542,901.349975585938,1.0815,0,"aoml_apex",1031.59463247456
"1902800",16,0,2,0.0438,1,0.0219,1,0.000300999992759898,1,174.301573974609,1,1.93816148675148,951.280029296875,1,5.57959985733032,34.9370994567871,0.0438000001013279,"3",0.00885654240846634,0.000300999992759898,"1",161.16650390625,-65.5557,16.6923,26.7487698061951,50,50,50,50,50,50,0,10321,1,17,-66,0.0073,47,2026-09-02 05:04:01.000542,951.280029296875,1.0815,0,"aoml_apex",1031.90575897376
"1902800",16,0,2,0.0365,1,0.0146,1,0.000311999989207834,1,180.861946769714,1,1.93766462353689,1000.13000488281,1,5.26849985122681,34.9353981018066,0.0364999994635582,"3",0.00590436160564423,0.000311999989207834,"1",167.232498168945,-65.5557,16.6923,26.7487698061951,50,50,50,50,50,50,0,10321,1,17,-66,0.0073,47,2026-09-02 05:04:01.000542,1000.13000488281,1.0815,0,"aoml_apex",1032.17036411044
"1902800",16,0,2,0.0438,1,0.0219,1,0.000300000014249235,1,194.326304924011,1,1.93668370561316,1099.90002441406,1,4.87270021438599,34.9542999267578,0.0438000001013279,"3",0.00885654240846634,0.000300000014249235,"1",179.682205200195,-65.5557,16.6923,26.7487698061951,50,50,50,50,50,50,0,10321,1,17,-66,0.0073,47,2026-09-02 05:04:01.000542,1099.90002441406,1.0815,0,"aoml_apex",1032.6931518055
"1902800",16,0,2,0.0438,1,0.0219,1,0.000288000010186806,1,199.236951255798,1,1.935772334687,1200.02001953125,1,4.65250015258789,34.956901550293,0.0438000001013279,"3",0.00885654240846634,0.000288000010186806,"1",184.222793579102,-65.5557,16.6923,26.7487698061951,50,50,50,50,50,50,0,10321,1,17,-66,0.0073,47,2026-09-02 05:04:01.000542,1200.02001953125,1.0815,0,"aoml_apex",1033.17934870858
"1902800",16,0,2,0.0365,1,0.0146,1,0.000276000006124377,1,202.316856513977,4,1.93488402779339,1299.91003417969,1,4.51119995117188,34.9604988098145,0.0364999994635582,"3",0.00590436160564423,0.000276000006124377,"1",187.070602416992,-65.5557,16.6923,26.7487698061951,50,50,50,50,50,50,0,10321,1,17,-66,0.0073,47,2026-09-02 05:04:01.000542,1299.91003417969,1.0815,0,"aoml_apex",1033.65368222139
"1902800",17,0.0657,5,0.0803,1,0.0584,1,0.000577000027988106,1,192.849721435547,1,1.95764576680729,7.73999977111816,1,29.5930004119873,34.6501998901367,0.0803000032901764,"3",0.177130863070488,0.000577000027988106,"1",178.31689453125,-65.729,16.5687,36.7080733477416,50,50,50,50,50,50,0.0657,10321,1,17,-66,0.0073,47,2026-09-12 11:48:45.00125,7.73999977111816,1.0815,0,"aoml_apex",1021.63528964782
"1902800",17,0.0657,5,0.0803,1,0.0584,1,0.000554000027477741,1,192.580765640259,1,1.95761221147032,11.8699998855591,1,29.5932006835938,34.6501007080078,0.0803000032901764,"3",0.177130863070488,0.000554000027477741,"1",178.068206787109,-65.729,16.5687,36.7080733477416,50,50,50,50,50,50,0.0657,10321,1,17,-66,0.0073,47,2026-09-12 11:48:45.00125,11.8699998855591,1.0815,0,"aoml_apex",1021.6528014493
"1902800",17,0.0657,5,0.0803,1,0.0584,1,0.000554000027477741,1,192.350078865051,1,1.95757800863448,16.2399997711182,1,29.5951995849609,34.6498985290527,0.0803000032901764,"3",0.177130863070488,0.000554000027477741,"1",177.854904174805,-65.729,16.5687,36.7080733477416,50,50,50,50,50,50,0.0657,10321,1,17,-66,0.0073,47,2026-09-12 11:48:45.00125,16.2399997711182,1.0815,0,"aoml_apex",1021.6706517842
"1902800",17,0.0657,5,0.0803,1,0.0584,1,0.000600999977905303,1,192.144162162781,1,1.95753218751031,21.7299995422363,1,29.5951995849609,34.6505012512207,0.0803000032901764,"3",0.177130863070488,0.000600999977905303,"1",177.664505004883,-65.729,16.5687,36.7080733477416,50,50,50,50,50,50,0.0657,10321,1,17,-66,0.0073,47,2026-09-12 11:48:45.00125,21.7299995422363,1.0815,0,"aoml_apex",1021.69456663888
"1902800",17,0.0657,5,0.0803,1,0.0584,1,0.000554000027477741,1,191.988198165894,1,1.95749046524661,26.7700004577637,1,29.5956001281738,34.6510009765625,0.0803000032901764,"3",0.177130863070488,0.000554000027477741,"1",177.520294189453,-65.729,16.5687,36.7080733477416,50,50,50,50,50,50,0.0657,10321,1,17,-66,0.0073,47,2026-09-12 11:48:45.00125,26.7700004577637,1.0815,0,"aoml_apex",1021.71634319968
"1902800",17,0.0657,5,0.0876,1,0.0657,1,0.0020240000449121,1,192.026698219299,1,1.95745217147352,31.7199993133545,1,29.5977001190186,34.6503982543945,0.0876000002026558,"3",0.177130863070488,0.0020240000449121,"1",177.555892944336,-65.729,16.5687,36.7080733477416,50,50,50,50,50,50,0.0657,10321,1,17,-66,0.0073,47,2026-09-12 11:48:45.00125,31.7199993133545,1.0815,0,"aoml_apex",1021.73633110762
"1902800",17,0.0657,2,0.0876,1,0.0657,1,0.000530000019352883,1,193.697630241394,1,1.95738392981244,36.9300003051758,1,29.5837001800537,34.6618995666504,0.0876000002026558,"3",0.177130863070488,0.000530000019352883,"1",179.10090637207,-65.729,16.5687,36.7080733477416,50,50,50,50,50,50,0.0657,10321,1,17,-66,0.0073,47,2026-09-12 11:48:45.00125,36.9300003051758,1.0815,0,"aoml_apex",1021.77195262436
"1902800",17,0.073,2,0.0949,1,0.073,1,0.000564999994821846,1,195.376004837036,1,1.95672093949308,41.9099998474121,1,29.2761001586914,34.9566993713379,0.0948999971151352,"3",0.177130863070488,0.000564999994821846,"1",180.652801513672,-65.729,16.5687,36.7080733477416,50,50,50,50,50,50,0.073,10321,1,17,-66,0.0073,47,2026-09-12 11:48:45.00125,41.9099998474121,1.0815,0,"aoml_apex",1022.11815677617
"1902800",17,0.0949,2,0.1168,1,0.0949,1,0.000612000003457069,1,196.120839775085,1,1.95616128642408,46.9599990844727,1,28.917200088501,35.1571998596191,0.116800002753735,"3",0.177130863070488,0.000612000003457069,"1",181.341506958008,-65.729,16.5687,36.7080733477416,50,50,50,50,50,50,0.0949,10321,1,17,-66,0.0073,47,2026-09-12 11:48:45.00125,46.9599990844727,1.0815,0,"aoml_apex",1022.41058233805
"1902800",17,0.1533,2,0.1752,1,0.1533,1,0.000704000005498528,1,195.358594825745,1,1.95492158257029,51.9500007629395,1,28.2714004516602,35.706298828125,0.175200000405312,"3",0.177130863070488,0.000704000005498528,"1",180.636703491211,-65.729,16.5687,36.7080733477416,50,50,50,50,50,50,0.1533,10321,1,17,-66,0.0073,47,2026-09-12 11:48:45.00125,51.9500007629395,1.0815,0,"aoml_apex",1023.05893895265
"1902800",17,0.1606,2,0.1825,1,0.1606,1,0.000761999981477857,1,191.814510612488,1,1.9540149563177,56.4300003051758,1,27.7560997009277,36.0868988037109,0.182500004768372,"3",0.177130863070488,0.000761999981477857,"1",177.35969543457,-65.729,16.5687,36.7080733477416,50,50,50,50,50,50,0.1606,10321,1,17,-66,0.0073,47,2026-09-12 11:48:45.00125,56.4300003051758,1.0815,0,"aoml_apex",1023.53361909213
"1902800",17,0.2117,2,0.2336,1,0.2117,1,0.000751000014133751,1,191.412199081421,1,1.95394942433367,61.9300003051758,1,27.7136001586914,36.0828018188477,0.233600005507469,"3",0.177130863070488,0.000751000014133751,"1",176.987701416016,-65.729,16.5687,36.7080733477416,50,50,50,50,50,50,0.2117,10321,1,17,-66,0.0073,47,2026-09-12 11:48:45.00125,61.9300003051758,1.0815,0,"aoml_apex",1023.56794658697
"1902800",17,0.2336,2,0.2555,1,0.2336,1,0.000798000022768974,1,191.220342407227,1,1.9537857618862,66.8399963378906,1,27.5960998535156,36.1179008483887,0.255499988794327,"3",0.177130863070488,0.000798000022768974,"1",176.810302734375,-65.729,16.5687,36.7080733477416,50,50,50,50,50,50,0.2336,10321,1,17,-66,0.0073,47,2026-09-12 11:48:45.00125,66.8399963378906,1.0815,0,"aoml_apex",1023.65368763317
"1902800",17,0.292,2,0.3139,1,0.292,1,0.000867999973706901,1,190.007648483276,1,1.95365923015156,71.8600006103516,1,27.5478992462158,36.1566009521484,0.313899993896484,"3",0.177130863070488,0.000867999973706901,"1",175.688995361328,-65.729,16.5687,36.7080733477416,50,50,50,50,50,50,0.292,10321,1,17,-66,0.0073,47,2026-09-12 11:48:45.00125,71.8600006103516,1.0815,0,"aoml_apex",1023.71998613333
"1902800",17,0.365,2,0.3869,1,0.365,1,0.000903000007383525,1,188.186511795044,1,1.95348053932467,76.4499969482422,1,27.430700302124,36.2042999267578,0.386900007724762,"3",0.177130863070488,0.000903000007383525,"1",174.005096435547,-65.729,16.5687,36.7080733477416,50,50,50,50,50,50,0.365,10321,1,17,-66,0.0073,47,2026-09-12 11:48:45.00125,76.4499969482422,1.0815,0,"aoml_apex",1023.81362892482
"1902800",17,0.438,2,0.4599,1,0.438,1,0.000785999989602715,1,187.090407188415,1,1.95334303405169,81.8099975585938,1,27.3304996490479,36.2263984680176,0.459899991750717,"3",0.177130863070488,0.000785999989602715,"1",172.991592407227,-65.729,16.5687,36.7080733477416,50,50,50,50,50,50,0.438,10321,1,17,-66,0.0073,47,2026-09-12 11:48:45.00125,81.8099975585938,1.0815,0,"aoml_apex",1023.8857001228
"1902800",17,0.5329,2,0.5548,1,0.5329,1,0.000797000015154481,1,182.946973022461,1,1.95312198472671,86.9199981689453,1,27.1364002227783,36.2678985595703,0.554799973964691,"3",0.215509206056595,0.000797000015154481,"1",169.160400390625,-65.729,16.5687,36.7080733477416,50,50,50,50,50,50,0.5329,10321,1,17,-66,0.0073,47,2026-09-12 11:48:45.00125,86.9199981689453,1.0815,0,"aoml_apex",1024.00158087404
"1902800",17,0.5402,2,0.5621,1,0.5402,1,0.000784999981988221,1,179.487694541931,1,1.95279568398426,91.7900009155273,1,26.8327007293701,36.3376998901367,0.562099993228912,"3",0.218461379408836,0.000784999981988221,"1",165.961807250977,-65.729,16.5687,36.7080733477416,50,50,50,50,50,50,0.5402,10321,1,17,-66,0.0073,47,2026-09-12 11:48:45.00125,91.7900009155273,1.0815,0,"aoml_apex",1024.17268555174
"1902800",17,0.4015,2,0.4234,1,0.4015,1,0.0007259999983944,1,174.47060785675,1,1.95227473665912,96.8399963378906,1,26.3472003936768,36.4662017822266,0.423400014638901,"3",0.162369951605797,0.0007259999983944,"1",161.322799682617,-65.729,16.5687,36.7080733477416,50,50,50,50,50,50,0.4015,10321,1,17,-66,0.0073,47,2026-09-12 11:48:45.00125,96.8399963378906,1.0815,0,"aoml_apex",1024.44597701579
"1902800",17,0.3285,2,0.3504,1,0.3285,1,0.000655999989248812,1,173.852313171387,1,1.95192134988973,101.819999694824,1,25.9909000396729,36.5345993041992,0.350400000810623,"3",0.132848143577576,0.000655999989248812,"1",160.751098632812,-65.729,16.5687,36.7080733477416,50,50,50,50,50,50,0.3285,10321,1,17,-66,0.0073,47,2026-09-12 11:48:45.00125,101.819999694824,1.0815,0,"aoml_apex",1024.63144845103
"1902800",17,0.2409,2,0.2628,1,0.2409,1,0.000807999982498586,1,176.205882659912,1,1.95148924299031,111.910003662109,1,26.00830078125,36.7851982116699,0.262800008058548,"3",0.0974219739437103,0.000807999982498586,"1",162.927307128906,-65.729,16.5687,36.7080733477416,50,50,50,50,50,50,0.2409,10321,1,17,-66,0.0073,47,2026-09-12 11:48:45.00125,111.910003662109,1.0815,0,"aoml_apex",1024.85832662616
"1902800",17,0.1971,2,0.219,1,0.1971,1,0.000561000022571534,1,169.444659393311,1,1.95110639010546,121.51000213623,1,25.5347003936768,36.8004989624023,0.218999996781349,"3",0.0797088816761971,0.000561000022571534,"1",156.675598144531,-65.729,16.5687,36.7080733477416,50,50,50,50,50,50,0.1971,10321,1,17,-66,0.0073,47,2026-09-12 11:48:45.00125,121.51000213623,1.0815,0,"aoml_apex",1025.05942789306
"1902800",17,0.0803,2,0.1022,1,0.0803,1,0.000430999993113801,1,171.448675460815,1,1.95040573051233,131.759994506836,1,25.016300201416,37.0171012878418,0.102200001478195,"3",0.0324739888310432,0.000430999993113801,"1",158.528594970703,-65.729,16.5687,36.7080733477416,50,50,50,50,50,50,0.0803,10321,1,17,-66,0.0073,47,2026-09-12 11:48:45.00125,131.759994506836,1.0815,0,"aoml_apex",1025.42766805481
"1902800",17,0.0365,2,0.0584,1,0.0365,1,0.000395999988541007,1,169.876823730469,1,1.94998888049682,141.449996948242,1,24.7294006347656,37.1355018615723,0.0584000013768673,"3",0.0147609040141106,0.000395999988541007,"1",157.0751953125,-65.729,16.5687,36.7080733477416,50,50,50,50,50,50,0.0365,10321,1,17,-66,0.0073,47,2026-09-12 11:48:45.00125,141.449996948242,1.0815,0,"aoml_apex",1025.64687419676
"1902800",17,0.0219,2,0.0438,1,0.0219,1,0.000407000014092773,1,168.104567092895,1,1.94957747317447,151.210006713867,1,24.2674007415771,37.1803016662598,0.0438000001013279,"3",0.00885654240846634,0.000407000014092773,"1",155.436492919922,-65.729,16.5687,36.7080733477416,50,50,50,50,50,50,0.0219,10321,1,17,-66,0.0073,47,2026-09-12 11:48:45.00125,151.210006713867,1.0815,0,"aoml_apex",1025.86331013737
"1902800",17,0.0292,2,0.0511,1,0.0292,1,0.000335999997332692,1,165.527142814636,1,1.94926431709645,161.839996337891,1,23.931999206543,37.2041015625,0.0511000007390976,"3",0.0118087232112885,0.000335999997332692,"1",153.053298950195,-65.729,16.5687,36.7080733477416,50,50,50,50,50,50,0.0292,10321,1,17,-66,0.0073,47,2026-09-12 11:48:45.00125,161.839996337891,1.0815,0,"aoml_apex",1026.02811863869
"1902800",17,0.0219,2,0.0438,1,0.0219,1,0.000325000000884756,1,162.390799415588,1,1.9486889414459,171.699996948242,1,22.8850994110107,37.1386985778809,0.0438000001013279,"3",0.00885654240846634,0.000325000000884756,"1",150.153305053711,-65.729,16.5687,36.7080733477416,50,50,50,50,50,50,0.0219,10321,1,17,-66,0.0073,47,2026-09-12 11:48:45.00125,171.699996948242,1.0815,0,"aoml_apex",1026.33106673045
"1902800",17,0.0219,2,0.0438,1,0.0219,1,0.000300999992759898,1,158.386859870911,1,1.94830788887382,181.490005493164,1,22.0454998016357,37.0280990600586,0.0438000001013279,"3",0.00885654240846634,0.000300999992759898,"1",146.451095581055,-65.729,16.5687,36.7080733477416,50,50,50,50,50,50,0.0219,10321,1,17,-66,0.0073,47,2026-09-12 11:48:45.00125,181.490005493164,1.0815,0,"aoml_apex",1026.53179788543
"1902800",17,0,2,0.0292,1,0.0073,1,0.000348000001395121,1,153.943197898865,1,1.94798651307408,191.360000610352,1,21.2614002227783,36.9035987854004,0.0292000006884336,"3",0.00295218080282211,0.000348000001395121,"1",142.342300415039,-65.729,16.5687,36.7080733477416,50,50,50,50,50,50,0,10321,1,17,-66,0.0073,47,2026-09-12 11:48:45.00125,191.360000610352,1.0815,0,"aoml_apex",1026.70115351253
"1902800",17,0,2,0.0292,1,0.0073,1,0.000300999992759898,1,154.701119224548,1,1.94767574171924,201.759994506836,1,20.5032005310059,36.7846984863281,0.0292000006884336,"3",0.00295218080282211,0.000300999992759898,"1",143.043106079102,-65.729,16.5687,36.7080733477416,50,50,50,50,50,50,0,10321,1,17,-66,0.0073,47,2026-09-12 11:48:45.00125,201.759994506836,1.0815,0,"aoml_apex",1026.86497406112
"1902800",17,0,2,0.0292,1,0.0073,1,0.000323999993270263,1,152.741329536438,1,1.9474045846709,210.979995727539,1,19.8770999908447,36.6977005004883,0.0292000006884336,"3",0.00295218080282211,0.000323999993270263,"1",141.231002807617,-65.729,16.5687,36.7080733477416,50,50,50,50,50,50,0,10321,1,17,-66,0.0073,47,2026-09-12 11:48:45.00125,210.979995727539,1.0815,0,"aoml_apex",1027.00795496894
"1902800",17,0,2,0.0292,1,0.0073,1,0.000311999989207834,1,159.722414016724,1,1.94713932001529,221.240005493164,1,19.4946994781494,36.6892013549805,0.0292000006884336,"3",0.00295218080282211,0.000311999989207834,"1",147.686004638672,-65.729,16.5687,36.7080733477416,50,50,50,50,50,50,0,10321,1,17,-66,0.0073,47,2026-09-12 11:48:45.00125,221.240005493164,1.0815,0,"aoml_apex",1027.14786735666
"1902800",17,0,2,0.0292,1,0.0073,1,0.000311999989207834,1,157.967352859497,1,1.94696131493397,231.550003051758,1,19.1695995330811,36.641300201416,0.0292000006884336,"3",0.00295218080282211,0.000311999989207834,"1",146.063201904297,-65.729,16.5687,36.7080733477416,50,50,50,50,50,50,0,10321,1,17,-66,0.0073,47,2026-09-12 11:48:45.00125,231.550003051758,1.0815,0,"aoml_apex",1027.24177653618
"1902800",17,0,2,0.0292,1,0.0073,1,0.000358999997843057,1,158.438660842896,1,1.94683646792614,239.440002441406,1,18.9200992584229,36.5973014831543,0.0292000006884336,"3",0.00295218080282211,0.000358999997843057,"1",146.498992919922,-65.729,16.5687,36.7080733477416,50,50,50,50,50,50,0,10321,1,17,-66,0.0073,47,2026-09-12 11:48:45.00125,239.440002441406,1.0815,0,"aoml_apex",1027.30765164395
"1902800",17,0,2,0.0292,1,0.0073,1,0.000335999997332692,1,165.312248817444,1,1.94659285621722,251.5,1,18.5104999542236,36.5583000183105,0.0292000006884336,"3",0.00295218080282211,0.000335999997332692,"1",152.854598999023,-65.729,16.5687,36.7080733477416,50,50,50,50,50,50,0,10321,1,17,-66,0.0073,47,2026-09-12 11:48:45.00125,251.5,1.0815,0,"aoml_apex",1027.43621688131
"1902800",17,0,2,0.0292,1,0.0073,1,0.000311999989207834,1,164.812375213623,1,1.9463971279924,261.429992675781,1,18.050199508667,36.4833984375,0.0292000006884336,"3",0.00295218080282211,0.000311999989207834,"1",152.392395019531,-65.729,16.5687,36.7080733477416,50,50,50,50,50,50,0,10321,1,17,-66,0.0073,47,2026-09-12 11:48:45.00125,261.429992675781,1.0815,0,"aoml_apex",1027.53953509112
"1902800",17,0,2,0.0292,1,0.0073,1,0.000300000014249235,1,159.626485679626,1,1.94622192884922,271.790008544922,1,17.6686992645264,36.4198989868164,0.0292000006884336,"3",0.00295218080282211,0.000300000014249235,"1",147.597305297852,-65.729,16.5687,36.7080733477416,50,50,50,50,50,50,0,10321,1,17,-66,0.0073,47,2026-09-12 11:48:45.00125,271.790008544922,1.0815,0,"aoml_apex",1027.6320343295
"1902800",17,0,2,0.0292,1,0.0073,1,0.000300000014249235,1,161.819222969055,1,1.94606382250441,281.630004882812,1,17.3481006622314,36.3688011169434,0.0292000006884336,"3",0.00295218080282211,0.000300000014249235,"1",149.624801635742,-65.729,16.5687,36.7080733477416,50,50,50,50,50,50,0,10321,1,17,-66,0.0073,47,2026-09-12 11:48:45.00125,281.630004882812,1.0815,0,"aoml_apex",1027.71552344372
"1902800",17,0,2,0.0292,1,0.0073,1,0.000300000014249235,1,158.724300544739,1,1.9459278413219,291.179992675781,1,17.100700378418,36.3286018371582,0.0292000006884336,"3",0.00295218080282211,0.000300000014249235,"1",146.763107299805,-65.729,16.5687,36.7080733477416,50,50,50,50,50,50,0,10321,1,17,-66,0.0073,47,2026-09-12 11:48:45.00125,291.179992675781,1.0815,0,"aoml_apex",1027.7873400698
"1902800",17,0,2,0.0292,1,0.0073,1,0.000288000010186806,1,157.030776763916,1,1.94580967234735,301.179992675781,1,16.9339008331299,36.2998008728027,0.0292000006884336,"3",0.00295218080282211,0.000288000010186806,"1",145.197204589844,-65.729,16.5687,36.7080733477416,50,50,50,50,50,50,0,10321,1,17,-66,0.0073,47,2026-09-12 11:48:45.00125,301.179992675781,1.0815,0,"aoml_apex",1027.84975757021
"1902800",17,0,2,0.0292,1,0.0073,1,0.000311000010697171,1,154.449986000061,1,1.94564131705393,311.489990234375,1,16.5431003570557,36.2336006164551,0.0292000006884336,"3",0.00295218080282211,0.000311000010697171,"1",142.810897827148,-65.729,16.5687,36.7080733477416,50,50,50,50,50,50,0,10321,1,17,-66,0.0073,47,2026-09-12 11:48:45.00125,311.489990234375,1.0815,0,"aoml_apex",1027.93869685518
"1902800",17,0,2,0.0219,1,0,1,0.000311000010697171,1,153.701157485962,1,1.94552425252048,320.920013427734,1,16.3705997467041,36.2065010070801,0.0219000000506639,"3",0,0.000311000010697171,"1",142.118499755859,-65.729,16.5687,36.7080733477416,50,50,50,50,50,50,0,10321,1,17,-66,0.0073,47,2026-09-12 11:48:45.00125,320.920013427734,1.0815,0,"aoml_apex",1028.00054916249
"1902800",17,0,2,0.0292,1,0.0073,1,0.000299000006634742,1,150.873029045105,1,1.9453595776326,331.75,1,16.0240001678467,36.1507987976074,0.0292000006884336,"3",0.00295218080282211,0.000299000006634742,"1",139.503494262695,-65.729,16.5687,36.7080733477416,50,50,50,50,50,50,0,10321,1,17,-66,0.0073,47,2026-09-12 11:48:45.00125,331.75,1.0815,0,"aoml_apex",1028.08756951447
"1902800",17,0,2,0.0292,1,0.0073,1,0.000276000006124377,1,147.87068497467,1,1.94523570129031,341.329986572266,1,15.7629995346069,36.1015014648438,0.0292000006884336,"3",0.00295218080282211,0.000276000006124377,"1",136.727401733398,-65.729,16.5687,36.7080733477416,50,50,50,50,50,50,0,10321,1,17,-66,0.0073,47,2026-09-12 11:48:45.00125,341.329986572266,1.0815,0,"aoml_apex",1028.15304010376
"1902800",17,0,2,0.0292,1,0.0073,1,0.000311000010697171,1,144.844544471741,1,1.94510230351461,351.190002441406,1,15.4906997680664,36.054500579834,0.0292000006884336,"3",0.00295218080282211,0.000311000010697171,"1",133.929306030273,-65.729,16.5687,36.7080733477416,50,50,50,50,50,50,0,10321,1,17,-66,0.0073,47,2026-09-12 11:48:45.00125,351.190002441406,1.0815,0,"aoml_apex",1028.22355224514
"1902800",17,0,2,0.0365,1,0.0146,1,0.000276000006124377,1,143.430587516785,1,1.94496102627266,361.119995117188,1,15.2061996459961,36.0097007751465,0.0364999994635582,"3",0.00590436160564423,0.000276000006124377,"1",132.62190246582,-65.729,16.5687,36.7080733477416,50,50,50,50,50,50,0,10321,1,17,-66,0.0073,47,2026-09-12 11:48:45.00125,361.119995117188,1.0815,0,"aoml_apex",1028.298239905
"1902800",17,0,2,0.0292,1,0.0073,1,0.000310000003082678,1,136.358550167084,1,1.94467794366584,381.5,1,14.3962001800537,35.850399017334,0.0292000006884336,"3",0.00295218080282211,0.000310000003082678,"1",126.082801818848,-65.729,16.5687,36.7080733477416,50,50,50,50,50,50,0,10321,1,17,-66,0.0073,47,2026-09-12 11:48:45.00125,381.5,1.0815,0,"aoml_apex",1028.44792707932
"1902800",17,0,2,0.0292,1,0.0073,1,0.000345000007655472,1,132.162869464874,1,1.9444063211032,401.899993896484,1,13.7648000717163,35.7406005859375,0.0292000006884336,"3",0.00295218080282211,0.000345000007655472,"1",122.203300476074,-65.729,16.5687,36.7080733477416,50,50,50,50,50,50,0,10321,1,17,-66,0.0073,47,2026-09-12 11:48:45.00125,401.899993896484,1.0815,0,"aoml_apex",1028.59159543632
"1902800",17,0,2,0.0438,1,0.0219,1,0.000344000000040978,1,125.260088779449,1,1.9437222998355,451.720001220703,1,12.1525001525879,35.4874000549316,0.0438000001013279,"3",0.00885654240846634,0.000344000000040978,"1",115.820701599121,-65.729,16.5687,36.7080733477416,50,50,50,50,50,50,0,10321,1,17,-66,0.0073,47,2026-09-12 11:48:45.00125,451.720001220703,1.0815,0,"aoml_apex",1028.953570255
"1902800",17,0,2,0.0365,1,0.0146,1,0.000319000013405457,1,120.273828540802,1,1.9430734170016,501.850006103516,1,10.6124000549316,35.2560997009277,0.0364999994635582,"3",0.00590436160564423,0.000319000013405457,"1",111.21019744873,-65.729,16.5687,36.7080733477416,50,50,50,50,50,50,0,10321,1,17,-66,0.0073,47,2026-09-12 11:48:45.00125,501.850006103516,1.0815,0,"aoml_apex",1029.29718583987
"1902800",17,0,2,0.0365,1,0.0146,1,0.000318000005790964,1,118.490003734589,1,1.94249420785676,551.780029296875,1,9.32460021972656,35.0629997253418,0.0364999994635582,"3",0.00590436160564423,0.000318000005790964,"1",109.56079864502,-65.729,16.5687,36.7080733477416,50,50,50,50,50,50,0,10321,1,17,-66,0.0073,47,2026-09-12 11:48:45.00125,551.780029296875,1.0815,0,"aoml_apex",1029.60409967281
"1902800",17,0,2,0.0438,1,0.0219,1,0.00031699999817647,1,120.694317443848,1,1.94193276876542,600.909973144531,1,8.43089962005615,34.9654006958008,0.0438000001013279,"3",0.00885654240846634,0.00031699999817647,"1",111.598999023438,-65.729,16.5687,36.7080733477416,50,50,50,50,50,50,0,10321,1,17,-66,0.0073,47,2026-09-12 11:48:45.00125,600.909973144531,1.0815,0,"aoml_apex",1029.90177217695
"1902800",17,0,2,0.0438,1,0.0219,1,0.000327999994624406,1,124.27246257019,1,1.94138430659156,651.359985351562,1,7.73290014266968,34.9003982543945,0.0438000001013279,"3",0.00885654240846634,0.000327999994624406,"1",114.907501220703,-65.729,16.5687,36.7080733477416,50,50,50,50,50,50,0,10321,1,17,-66,0.0073,47,2026-09-12 11:48:45.00125,651.359985351562,1.0815,0,"aoml_apex",1030.19273062496
"1902800",17,0,2,0.0365,1,0.0146,1,0.000315000012051314,1,129.006186882019,1,1.94083315260283,701.219970703125,1,7.10570001602173,34.8599014282227,0.0364999994635582,"3",0.00590436160564423,0.000315000012051314,"1",119.28450012207,-65.729,16.5687,36.7080733477416,50,50,50,50,50,50,0,10321,1,17,-66,0.0073,47,2026-09-12 11:48:45.00125,701.219970703125,1.0815,0,"aoml_apex",1030.48528273428
"1902800",17,0,2,0.0438,1,0.0219,1,0.000338000012561679,1,133.28644228363,1,1.9403266294403,751.200012207031,1,6.66400003433228,34.8283004760742,0.0438000001013279,"3",0.00885654240846634,0.000338000012561679,"1",123.242202758789,-65.729,16.5687,36.7080733477416,50,50,50,50,50,50,0,10321,1,17,-66,0.0073,47,2026-09-12 11:48:45.00125,751.200012207031,1.0815,0,"aoml_apex",1030.75429139315
"1902800",17,0,2,0.0438,1,0.0219,1,0.00032600000849925,1,141.737393783569,1,1.93979120353287,801.869995117188,1,6.52390003204346,34.871898651123,0.0438000001013279,"3",0.00885654240846634,0.00032600000849925,"1",131.056304931641,-65.729,16.5687,36.7080733477416,50,50,50,50,50,50,0,10321,1,17,-66,0.0073,47,2026-09-12 11:48:45.00125,801.869995117188,1.0815,0,"aoml_apex",1031.03880271107
"1902800",17,0,2,0.0365,1,0.0146,1,0.000361000013072044,1,152.049384727478,1,1.93926331103663,851.52001953125,1,6.39699983596802,34.9192008972168,0.0364999994635582,"3",0.00590436160564423,0.000361000013072044,"1",140.591201782227,-65.729,16.5687,36.7080733477416,50,50,50,50,50,50,0,10321,1,17,-66,0.0073,47,2026-09-12 11:48:45.00125,851.52001953125,1.0815,0,"aoml_apex",1031.31946477702
"1902800",17,0,2,0.0365,1,0.0146,1,0.000302000000374392,1,160.306086708069,1,1.9387203048301,901.619995117188,1,5.86380004882812,34.8973007202148,0.0364999994635582,"3",0.00590436160564423,0.000302000000374392,"1",148.225692749023,-65.729,16.5687,36.7080733477416,50,50,50,50,50,50,0,10321,1,17,-66,0.0073,47,2026-09-12 11:48:45.00125,901.619995117188,1.0815,0,"aoml_apex",1031.60832174565
"1902800",17,0,2,0.0365,1,0.0146,1,0.000335999997332692,1,170.680819702148,1,1.93818039968474,951.869995117188,1,5.58090019226074,34.9211006164551,0.0364999994635582,"3",0.00590436160564423,0.000335999997332692,"1",157.818603515625,-65.729,16.5687,36.7080733477416,50,50,50,50,50,50,0,10321,1,17,-66,0.0073,47,2026-09-12 11:48:45.00125,951.869995117188,1.0815,0,"aoml_apex",1031.89568954743
"1902800",17,0,2,0.0511,1,0.0292,1,0.000288999988697469,1,180.249609443665,1,1.93768014417202,999.510009765625,1,5.30999994277954,34.9360008239746,0.0511000007390976,"3",0.0118087232112885,0.000288999988697469,"1",166.666305541992,-65.729,16.5687,36.7080733477416,50,50,50,50,50,50,0,10321,1,17,-66,0.0073,47,2026-09-12 11:48:45.00125,999.510009765625,1.0815,0,"aoml_apex",1032.16209652322
"1902800",17,0,2,0.0511,1,0.0292,1,0.000300000014249235,1,193.459797935486,1,1.9366856088021,1099.18994140625,1,4.84590005874634,34.9523010253906,0.0511000007390976,"3",0.0118087232112885,0.000300000014249235,"1",178.880996704102,-65.729,16.5687,36.7080733477416,50,50,50,50,50,50,0,10321,1,17,-66,0.0073,47,2026-09-12 11:48:45.00125,1099.18994140625,1.0815,0,"aoml_apex",1032.69213697367
"1902800",17,0,2,0.0438,1,0.0219,1,0.000288000010186806,1,200.990609710693,1,1.93576509245038,1199.5,1,4.61719989776611,34.9584999084473,0.0438000001013279,"3",0.00885654240846634,0.000288000010186806,"1",185.844299316406,-65.729,16.5687,36.7080733477416,50,50,50,50,50,50,0,10321,1,17,-66,0.0073,47,2026-09-12 11:48:45.00125,1199.5,1.0815,0,"aoml_apex",1033.18321412042
"1902800",17,0,2,0.0438,1,0.0219,1,0.000287000002572313,1,202.694397972107,1,1.93487469857856,1299.10998535156,1,4.44810009002686,34.9600982666016,0.0438000001013279,"3",0.00885654240846634,0.000287000002572313,"1",187.419692993164,-65.729,16.5687,36.7080733477416,50,50,50,50,50,50,0,10321,1,17,-66,0.0073,47,2026-09-12 11:48:45.00125,1299.10998535156,1.0815,0,"aoml_apex",1033.65866609827
"1902800",17,0,2,0.0511,1,0.0292,1,0.000287000002572313,1,205.388527084351,4,1.93399053200844,1399.55004882812,1,4.33190011978149,34.9634017944336,0.0511000007390976,"3",0.0118087232112885,0.000287000002572313,"1",189.910797119141,-65.729,16.5687,36.7080733477416,50,50,50,50,50,50,0,10321,1,17,-66,0.0073,47,2026-09-12 11:48:45.00125,1399.55004882812,1.0815,0,"aoml_apex",1034.13122603191
"1902800",18,0.0438,5,0.0657,1,0.0438,1,0.000567000010050833,1,193.717301078796,1,1.95856999918698,7.61999988555908,1,29.7129001617432,34.0620002746582,0.065700002014637,"3",0.200748294591904,0.000567000010050833,"1",179.119094848633,-66.0183,16.7004,13.9165496361213,50,50,50,50,50,50,0.0438,10321,1,17,-66,0.0073,47,2026-09-22 19:05:19.002046,7.61999988555908,1.0815,0,"aoml_apex",1021.15318871943
"1902800",18,0.0438,5,0.0657,1,0.0438,1,0.000567000010050833,1,193.774514831543,1,1.95849092387366,11.8999996185303,1,29.6797008514404,34.0775985717773,0.065700002014637,"3",0.200748294591904,0.000567000010050833,"1",179.171997070312,-66.0183,16.7004,13.9165496361213,50,50,50,50,50,50,0.0438,10321,1,17,-66,0.0073,47,2026-09-22 19:05:19.002046,11.8999996185303,1.0815,0,"aoml_apex",1021.19441842714
"1902800",18,0.0511,2,0.073,1,0.0511,1,0.000637000019196421,1,194.271137466431,1,1.95813394153931,16.6599998474121,1,29.6455993652344,34.2834014892578,0.0729999989271164,"3",0.200748294591904,0.000637000019196421,"1",179.631195068359,-66.0183,16.7004,13.9165496361213,50,50,50,50,50,50,0.0511,10321,1,17,-66,0.0073,47,2026-09-22 19:05:19.002046,16.6599998474121,1.0815,0,"aoml_apex",1021.38058974034
"1902800",18,0.073,2,0.0949,1,0.073,1,0.000647999986540526,1,194.30001663208,1,1.95787751355975,21.6000003814697,1,29.5813999176025,34.4047012329102,0.0948999971151352,"3",0.200748294591904,0.000647999986540526,"1",179.657897949219,-66.0183,16.7004,13.9165496361213,50,50,50,50,50,50,0.073,10321,1,17,-66,0.0073,47,2026-09-22 19:05:19.002046,21.6000003814697,1.0815,0,"aoml_apex",1021.5143624402
"1902800",18,0.073,2,0.0949,1,0.073,1,0.000624999986030161,1,194.074627120972,1,1.95774545967468,26.9899997711182,1,29.5604000091553,34.4564018249512,0.0948999971151352,"3",0.200748294591904,0.000624999986030161,"1",179.449493408203,-66.0183,16.7004,13.9165496361213,50,50,50,50,50,50,0.073,10321,1,17,-66,0.0073,47,2026-09-22 19:05:19.002046,26.9899997711182,1.0815,0,"aoml_apex",1021.58326564698
"1902800",18,0.0803,2,0.1022,1,0.0803,1,0.00068300002021715,1,195.615454376221,1,1.95736996150543,32,1,29.6303997039795,34.7207984924316,0.102200001478195,"3",0.200748294591904,0.00068300002021715,"1",180.874206542969,-66.0183,16.7004,13.9165496361213,50,50,50,50,50,50,0.0803,10321,1,17,-66,0.0073,47,2026-09-22 19:05:19.002046,32,1.0815,0,"aoml_apex",1021.77924425783
"1902800",18,0.0876,2,0.1095,1,0.0876,1,0.000682000012602657,1,199.606175514221,1,1.95669831283642,36.7599983215332,1,29.1473007202148,34.9440994262695,0.109499998390675,"3",0.200748294591904,0.000682000012602657,"1",184.564193725586,-66.0183,16.7004,13.9165496361213,50,50,50,50,50,50,0.0876,10321,1,17,-66,0.0073,47,2026-09-22 19:05:19.002046,36.7599983215332,1.0815,0,"aoml_apex",1022.12997623574
"1902800",18,0.1022,2,0.1241,1,0.1022,1,0.000693999987561256,1,197.280198005676,1,1.95621280398555,41.9500007629395,1,29.17799949646,35.266300201416,0.124099999666214,"3",0.200748294591904,0.000693999987561256,"1",182.413497924805,-66.0183,16.7004,13.9165496361213,50,50,50,50,50,50,0.1022,10321,1,17,-66,0.0073,47,2026-09-22 19:05:19.002046,41.9500007629395,1.0815,0,"aoml_apex",1022.38365679094
"1902800",18,0.0876,2,0.1095,1,0.0876,1,0.000658000004477799,1,194.557305244446,1,1.95591853447209,46.9000015258789,1,29.3906002044678,35.5386009216309,0.109499998390675,"3",0.200748294591904,0.000658000004477799,"1",179.895797729492,-66.0183,16.7004,13.9165496361213,50,50,50,50,50,50,0.0876,10321,1,17,-66,0.0073,47,2026-09-22 19:05:19.002046,46.9000015258789,1.0815,0,"aoml_apex",1022.53747523274
"1902800",18,0.1022,2,0.1241,1,0.1022,1,0.000622000021394342,1,194.780103881836,1,1.95540146972125,51.8499984741211,1,29.3672008514404,35.8601989746094,0.124099999666214,"3",0.200748294591904,0.000622000021394342,"1",180.101806640625,-66.0183,16.7004,13.9165496361213,50,50,50,50,50,50,0.1022,10321,1,17,-66,0.0073,47,2026-09-22 19:05:19.002046,51.8499984741211,1.0815,0,"aoml_apex",1022.80786374018
"1902800",18,0.1387,2,0.1606,1,0.1387,1,0.000621000013779849,1,195.340854766846,1,1.95448078853983,56.7799987792969,1,29.3204002380371,36.4528999328613,0.160600006580353,"3",0.200748294591904,0.000621000013779849,"1",180.620300292969,-66.0183,16.7004,13.9165496361213,50,50,50,50,50,50,0.1387,10321,1,17,-66,0.0073,47,2026-09-22 19:05:19.002046,56.7799987792969,1.0815,0,"aoml_apex",1023.28966942375
"1902800",18,0.4088,2,0.4307,1,0.4088,1,0.00283199991099536,1,194.807019264221,1,1.95418035998279,61.8600006103516,1,28.4395008087158,36.2402000427246,0.4307000041008,"3",0.200748294591904,0.00283199991099536,"1",180.126693725586,-66.0183,16.7004,13.9165496361213,50,50,50,50,50,50,0.4088,10321,1,17,-66,0.0073,47,2026-09-22 19:05:19.002046,61.8600006103516,1.0815,0,"aoml_apex",1023.44698624318
"1902800",18,0.2482,2,0.2701,1,0.2482,1,0.000691999972332269,1,192.363264266968,1,1.95365905291195,66.8399963378906,1,27.8048000335693,36.2966995239258,0.270099997520447,"3",0.200748294591904,0.000691999972332269,"1",177.867095947266,-66.0183,16.7004,13.9165496361213,50,50,50,50,50,50,0.2482,10321,1,17,-66,0.0073,47,2026-09-22 19:05:19.002046,66.8399963378906,1.0815,0,"aoml_apex",1023.72007900712
"1902800",18,0.2993,2,0.3212,1,0.2993,1,0.000761999981477857,1,190.362713699341,1,1.9530968194996,71.9599990844727,1,27.5177993774414,36.5345993041992,0.321200013160706,"3",0.200748294591904,0.000761999981477857,"1",176.017303466797,-66.0183,16.7004,13.9165496361213,50,50,50,50,50,50,0.2993,10321,1,17,-66,0.0073,47,2026-09-22 19:05:19.002046,71.9599990844727,1.0815,0,"aoml_apex",1024.01477491137
"1902800",18,0.365,2,0.3869,1,0.365,1,0.000760999973863363,1,187.375502311707,1,1.95287232975299,76.4899978637695,1,27.426399230957,36.6257019042969,0.386900007724762,"3",0.200748294591904,0.000760999973863363,"1",173.25520324707,-66.0183,16.7004,13.9165496361213,50,50,50,50,50,50,0.365,10321,1,17,-66,0.0073,47,2026-09-22 19:05:19.002046,76.4899978637695,1.0815,0,"aoml_apex",1024.13248911821
"1902800",18,0.4964,2,0.5183,1,0.4964,1,0.000820000015664846,1,185.772395072937,1,1.95262475972611,81.7200012207031,1,27.077600479126,36.6184005737305,0.518299996852875,"3",0.200748294591904,0.000820000015664846,"1",171.772903442383,-66.0183,16.7004,13.9165496361213,50,50,50,50,50,50,0.4964,10321,1,17,-66,0.0073,47,2026-09-22 19:05:19.002046,81.7200012207031,1.0815,0,"aoml_apex",1024.2623371633
"1902800",18,0.7081,2,0.73,1,0.7081,1,0.000890999974217266,1,183.948007415771,1,1.95251406152078,86.9599990844727,1,26.9412002563477,36.6073989868164,0.730000019073486,"3",0.286361545324326,0.000890999974217266,"1",170.085998535156,-66.0183,16.7004,13.9165496361213,50,50,50,50,50,50,0.7081,10321,1,17,-66,0.0073,47,2026-09-22 19:05:19.002046,86.9599990844727,1.0815,0,"aoml_apex",1024.32040793716
"1902800",18,0.6278,2,0.6497,1,0.6278,1,0.000878999999258667,1,178.448803688049,1,1.95221972673449,91.9899978637695,1,26.4176998138428,36.5616989135742,0.649699985980988,"3",0.253887534141541,0.000878999999258667,"1",165.001205444336,-66.0183,16.7004,13.9165496361213,50,50,50,50,50,50,0.6278,10321,1,17,-66,0.0073,47,2026-09-22 19:05:19.002046,91.9899978637695,1.0815,0,"aoml_apex",1024.47484399998
"1902800",18,0.4672,2,0.4891,1,0.4672,1,0.0007259999983944,1,178.279654289246,1,1.95196485706409,96.6100006103516,1,26.3055000305176,36.665599822998,0.489100009202957,"3",0.188939571380615,0.0007259999983944,"1",164.844802856445,-66.0183,16.7004,13.9165496361213,50,50,50,50,50,50,0.4672,10321,1,17,-66,0.0073,47,2026-09-22 19:05:19.002046,96.6100006103516,1.0815,0,"aoml_apex",1024.60861053009
"1902800",18,0.3869,2,0.4088,1,0.3869,1,0.000820000015664846,1,177.080376800537,1,1.95182739675212,101.419998168945,1,26.2903995513916,36.7276000976562,0.408800005912781,"3",0.156465590000153,0.000820000015664846,"1",163.735900878906,-66.0183,16.7004,13.9165496361213,50,50,50,50,50,50,0.3869,10321,1,17,-66,0.0073,47,2026-09-22 19:05:19.002046,101.419998168945,1.0815,0,"aoml_apex",1024.6807700968
"1902800",18,0.1752,2,0.1971,1,0.1752,1,0.000572999997530133,1,176.354041030884,1,1.95128331100453,111.949996948242,1,25.9633007049561,36.9095001220703,0.19709999859333,"3",0.0708523392677307,0.000572999997530133,"1",163.064300537109,-66.0183,16.7004,13.9165496361213,50,50,50,50,50,50,0.1752,10321,1,17,-66,0.0073,47,2026-09-22 19:05:19.002046,111.949996948242,1.0815,0,"aoml_apex",1024.96648678371
"1902800",18,0.1168,2,0.1387,1,0.1168,1,0.000478000001749024,1,173.046270904541,1,1.95102839250766,121.51000213623,1,25.8124008178711,36.969799041748,0.138699993491173,"3",0.0472348928451538,0.000478000001749024,"1",160.005798339844,-66.0183,16.7004,13.9165496361213,50,50,50,50,50,50,0.1168,10321,1,17,-66,0.0073,47,2026-09-22 19:05:19.002046,121.51000213623,1.0815,0,"aoml_apex",1025.10040739561
"1902800",18,0.1022,2,0.1241,1,0.1022,1,0.00044299999717623,1,169.167683441162,1,1.95064403280665,131.919998168945,1,25.1546001434326,36.9068984985352,0.124099999666214,"3",0.0413305312395096,0.00044299999717623,"1",156.419494628906,-66.0183,16.7004,13.9165496361213,50,50,50,50,50,50,0.1022,10321,1,17,-66,0.0073,47,2026-09-22 19:05:19.002046,131.919998168945,1.0815,0,"aoml_apex",1025.30239570279
"1902800",18,0.0511,2,0.073,1,0.0511,1,0.000395999988541007,1,168.533067901611,1,1.95018850969265,141.539993286133,1,24.6602001190186,36.9682006835938,0.0729999989271164,"3",0.0206652656197548,0.000395999988541007,"1",155.832702636719,-66.0183,16.7004,13.9165496361213,50,50,50,50,50,50,0.0511,10321,1,17,-66,0.0073,47,2026-09-22 19:05:19.002046,141.539993286133,1.0815,0,"aoml_apex",1025.54188482795
"1902800",18,0.0292,2,0.0511,1,0.0292,1,0.000372000009519979,1,164.795295249939,1,1.94969343180986,151.419998168945,1,23.7478008270264,36.8922996520996,0.0511000007390976,"3",0.0118087232112885,0.000372000009519979,"1",152.376602172852,-66.0183,16.7004,13.9165496361213,50,50,50,50,50,50,0.0292,10321,1,17,-66,0.0073,47,2026-09-22 19:05:19.002046,151.419998168945,1.0815,0,"aoml_apex",1025.80229659154
"1902800",18,0.0365,2,0.0584,1,0.0365,1,0.00036000000545755,1,162.644077949524,1,1.94920730918576,161.960006713867,1,23.4393997192383,37.0490989685059,0.0584000013768673,"3",0.0147609040141106,0.00036000000545755,"1",150.387496948242,-66.0183,16.7004,13.9165496361213,50,50,50,50,50,50,0.0365,10321,1,17,-66,0.0073,47,2026-09-22 19:05:19.002046,161.960006713867,1.0815,0,"aoml_apex",1026.05812659068
"1902800",18,0.0219,2,0.0438,1,0.0219,1,0.000418999989051372,1,159.637179222107,1,1.94895498722286,171.619995117188,1,23.154899597168,37.0587005615234,0.0438000001013279,"3",0.00885654240846634,0.000418999989051372,"1",147.607192993164,-66.0183,16.7004,13.9165496361213,50,50,50,50,50,50,0.0219,10321,1,17,-66,0.0073,47,2026-09-22 19:05:19.002046,171.619995117188,1.0815,0,"aoml_apex",1026.19096547216
"1902800",18,0.0292,2,0.0511,1,0.0292,1,0.000335999997332692,1,151.940584533691,1,1.9484198363207,181.949996948242,1,22.0687999725342,36.956600189209,0.0511000007390976,"3",0.0118087232112885,0.000335999997332692,"1",140.490600585938,-66.0183,16.7004,13.9165496361213,50,50,50,50,50,50,0.0292,10321,1,17,-66,0.0073,47,2026-09-22 19:05:19.002046,181.949996948242,1.0815,0,"aoml_apex",1026.47281798193
"1902800",18,0.0292,2,0.0511,1,0.0292,1,0.000348000001395121,1,149.091267036438,1,1.94803135961666,191.570007324219,1,21.1685009002686,36.8372993469238,0.0511000007390976,"3",0.0118087232112885,0.000348000001395121,"1",137.856002807617,-66.0183,16.7004,13.9165496361213,50,50,50,50,50,50,0.0292,10321,1,17,-66,0.0073,47,2026-09-22 19:05:19.002046,191.570007324219,1.0815,0,"aoml_apex",1026.67751734426
"1902800",18,0.0146,2,0.0365,1,0.0146,1,0.00036000000545755,1,148.317453918457,1,1.9476250339603,201.729995727539,1,20.3152008056641,36.752799987793,0.0364999994635582,"3",0.00590436160564423,0.00036000000545755,"1",137.140502929688,-66.0183,16.7004,13.9165496361213,50,50,50,50,50,50,0.0146,10321,1,17,-66,0.0073,47,2026-09-22 19:05:19.002046,201.729995727539,1.0815,0,"aoml_apex",1026.89170919784
"1902800",18,0.0146,2,0.0365,1,0.0146,1,0.000358999997843057,1,149.388359390259,1,1.94724789888151,210.979995727539,1,19.3899002075195,36.6362991333008,0.0364999994635582,"3",0.00590436160564423,0.000358999997843057,"1",138.130706787109,-66.0183,16.7004,13.9165496361213,50,50,50,50,50,50,0.0146,10321,1,17,-66,0.0073,47,2026-09-22 19:05:19.002046,210.979995727539,1.0815,0,"aoml_apex",1027.09059342099
"1902800",18,0.0073,2,0.0292,1,0.0073,1,0.000395000010030344,1,147.96228968811,1,1.94700795409587,221.070007324219,1,18.7777004241943,36.5351982116699,0.0292000006884336,"3",0.00295218080282211,0.000395000010030344,"1",136.812103271484,-66.0183,16.7004,13.9165496361213,50,50,50,50,50,50,0.0073,10321,1,17,-66,0.0073,47,2026-09-22 19:05:19.002046,221.070007324219,1.0815,0,"aoml_apex",1027.21716970527
"1902800",18,0,2,0.0292,1,0.0073,1,0.000358999997843057,1,149.182112640381,1,1.94668956589553,231.809997558594,1,17.781099319458,36.3622016906738,0.0292000006884336,"3",0.00295218080282211,0.000358999997843057,"1",137.940002441406,-66.0183,16.7004,13.9165496361213,50,50,50,50,50,50,0,10321,1,17,-66,0.0073,47,2026-09-22 19:05:19.002046,231.809997558594,1.0815,0,"aoml_apex",1027.38517483138
"1902800",18,0,2,0.0365,1,0.0146,1,0.000394000002415851,1,148.750047317505,1,1.9465684357421,241.610000610352,1,17.6042995452881,36.3321990966797,0.0364999994635582,"3",0.00590436160564423,0.000394000002415851,"1",137.540496826172,-66.0183,16.7004,13.9165496361213,50,50,50,50,50,50,0,10321,1,17,-66,0.0073,47,2026-09-22 19:05:19.002046,241.610000610352,1.0815,0,"aoml_apex",1027.44910647723
"1902800",18,0,2,0.0219,1,0,1,0.000452999986009672,1,147.260492958069,1,1.94645871987187,251.100006103516,1,17.4620990753174,36.3075981140137,0.0219000000506639,"3",0,0.000452999986009672,"1",136.163192749023,-66.0183,16.7004,13.9165496361213,50,50,50,50,50,50,0,10321,1,17,-66,0.0073,47,2026-09-22 19:05:19.002046,251.100006103516,1.0815,0,"aoml_apex",1027.50702061211
"1902800",18,0,2,0.0365,1,0.0146,1,0.000394000002415851,1,145.339978935242,1,1.94634313020272,261.369995117188,1,17.3257999420166,36.2846984863281,0.0364999994635582,"3",0.00590436160564423,0.000394000002415851,"1",134.387405395508,-66.0183,16.7004,13.9165496361213,50,50,50,50,50,50,0,10321,1,17,-66,0.0073,47,2026-09-22 19:05:19.002046,261.369995117188,1.0815,0,"aoml_apex",1027.56804232751
"1902800",18,0,2,0.0365,1,0.0146,1,0.000394000002415851,1,144.196396980286,1,1.94622107613349,271.079986572266,1,17.1327991485596,36.2514991760254,0.0364999994635582,"3",0.00590436160564423,0.000394000002415851,"1",133.330001831055,-66.0183,16.7004,13.9165496361213,50,50,50,50,50,50,0,10321,1,17,-66,0.0073,47,2026-09-22 19:05:19.002046,271.079986572266,1.0815,0,"aoml_apex",1027.63248457537
"1902800",18,0,2,0.0292,1,0.0073,1,0.000358999997843057,1,141.803799362183,1,1.94612060230355,281.109985351562,1,17.0373001098633,36.2330017089844,0.0292000006884336,"3",0.00295218080282211,0.000358999997843057,"1",131.117706298828,-66.0183,16.7004,13.9165496361213,50,50,50,50,50,50,0,10321,1,17,-66,0.0073,47,2026-09-22 19:05:19.002046,281.109985351562,1.0815,0,"aoml_apex",1027.68553892943
"1902800",18,0,2,0.0365,1,0.0146,1,0.000394000002415851,1,140.482305244446,1,1.94589977387163,291.730010986328,1,16.5039005279541,36.1562004089355,0.0364999994635582,"3",0.00590436160564423,0.000394000002415851,"1",129.895797729492,-66.0183,16.7004,13.9165496361213,50,50,50,50,50,50,0,10321,1,17,-66,0.0073,47,2026-09-22 19:05:19.002046,291.730010986328,1.0815,0,"aoml_apex",1027.80216476449
"1902800",18,0,2,0.0365,1,0.0146,1,0.000381999998353422,1,137.372670948029,1,1.94570314196268,301.450012207031,1,15.9062995910645,36.0514984130859,0.0364999994635582,"3",0.00590436160564423,0.000381999998353422,"1",127.020500183105,-66.0183,16.7004,13.9165496361213,50,50,50,50,50,50,0,10321,1,17,-66,0.0073,47,2026-09-22 19:05:19.002046,301.450012207031,1.0815,0,"aoml_apex",1027.90603400195
"1902800",18,0,2,0.0292,1,0.0073,1,0.000392999994801357,1,135.985324081421,1,1.94553060872346,311.679992675781,1,15.5080995559692,35.9911003112793,0.0292000006884336,"3",0.00295218080282211,0.000392999994801357,"1",125.737701416016,-66.0183,16.7004,13.9165496361213,50,50,50,50,50,50,0,10321,1,17,-66,0.0073,47,2026-09-22 19:05:19.002046,311.679992675781,1.0815,0,"aoml_apex",1027.99719060307
"1902800",18,0,2,0.0365,1,0.0146,1,0.000357999990228564,1,133.298332248688,1,1.9453718872561,321.339996337891,1,14.9626998901367,35.8829002380371,0.0364999994635582,"3",0.00590436160564423,0.000357999990228564,"1",123.253196716309,-66.0183,16.7004,13.9165496361213,50,50,50,50,50,50,0,10321,1,17,-66,0.0073,47,2026-09-22 19:05:19.002046,321.339996337891,1.0815,0,"aoml_apex",1028.08106414088
"1902800",18,0,2,0.0292,1,0.0073,1,0.000464000011561438,1,130.727937984467,1,1.94520785762313,331.5,1,14.6998996734619,35.8605995178223,0.0292000006884336,"3",0.00295218080282211,0.000464000011561438,"1",120.876502990723,-66.0183,16.7004,13.9165496361213,50,50,50,50,50,50,0,10321,1,17,-66,0.0073,47,2026-09-22 19:05:19.002046,331.5,1.0815,0,"aoml_apex",1028.16775706624
"1902800",18,0,2,0.0365,1,0.0146,1,0.000380999990738928,1,129.341341976166,1,1.94504659049301,341.170013427734,1,14.1826000213623,35.7672004699707,0.0364999994635582,"3",0.00590436160564423,0.000380999990738928,"1",119.594398498535,-66.0183,16.7004,13.9165496361213,50,50,50,50,50,50,0,10321,1,17,-66,0.0073,47,2026-09-22 19:05:19.002046,341.170013427734,1.0815,0,"aoml_apex",1028.25300420853
"1902800",18,0,2,0.0365,1,0.0146,1,0.000368999986676499,1,128.266442928314,1,1.94491216592852,351.690002441406,1,13.8809003829956,35.7139015197754,0.0364999994635582,"3",0.00590436160564423,0.000368999986676499,"1",118.60050201416,-66.0183,16.7004,13.9165496361213,50,50,50,50,50,50,0,10321,1,17,-66,0.0073,47,2026-09-22 19:05:19.002046,351.690002441406,1.0815,0,"aoml_apex",1028.32407295122
"1902800",18,0,2,0.0365,1,0.0146,1,0.000403999991249293,1,127.754786624908,1,1.94475936930278,361.239990234375,1,13.5166997909546,35.6624984741211,0.0364999994635582,"3",0.00590436160564423,0.000403999991249293,"1",118.127403259277,-66.0183,16.7004,13.9165496361213,50,50,50,50,50,50,0,10321,1,17,-66,0.0073,47,2026-09-22 19:05:19.002046,361.239990234375,1.0815,0,"aoml_apex",1028.40486672499
"1902800",18,0,2,0.0292,1,0.0073,1,0.000380000012228265,1,125.589509296417,1,1.94452473914416,381.170013427734,1,13.1218004226685,35.6007995605469,0.0292000006884336,"3",0.00295218080282211,0.000380000012228265,"1",116.125297546387,-66.0183,16.7004,13.9165496361213,50,50,50,50,50,50,0,10321,1,17,-66,0.0073,47,2026-09-22 19:05:19.002046,381.170013427734,1.0815,0,"aoml_apex",1028.52895606782
"1902800",18,0,2,0.0365,1,0.0146,1,0.000391999987186864,1,122.638966197968,1,1.94428479793017,401.769989013672,1,12.532600402832,35.4889984130859,0.0364999994635582,"3",0.00590436160564423,0.000391999987186864,"1",113.397102355957,-66.0183,16.7004,13.9165496361213,50,50,50,50,50,50,0,10321,1,17,-66,0.0073,47,2026-09-22 19:05:19.002046,401.769989013672,1.0815,0,"aoml_apex",1028.65588525361
"1902800",18,0,2,0.0438,1,0.0219,1,0.000391000008676201,1,118.386071743011,1,1.94365946705844,451.179992675781,1,11.0600996017456,35.2566986083984,0.0438000001013279,"3",0.00885654240846634,0.000391000008676201,"1",109.464698791504,-66.0183,16.7004,13.9165496361213,50,50,50,50,50,50,0,10321,1,17,-66,0.0073,47,2026-09-22 19:05:19.002046,451.179992675781,1.0815,0,"aoml_apex",1028.98683328866
"1902800",18,0,2,0.0438,1,0.0219,1,0.000425000005634502,1,116.496367664337,1,1.94310212593165,500.970001220703,1,10.1684999465942,35.135799407959,0.0438000001013279,"3",0.00885654240846634,0.000425000005634502,"1",107.717399597168,-66.0183,16.7004,13.9165496361213,50,50,50,50,50,50,0,10321,1,17,-66,0.0073,47,2026-09-22 19:05:19.002046,500.970001220703,1.0815,0,"aoml_apex",1029.28197818788
"1902800",18,0,2,0.0438,1,0.0219,1,0.000388999993447214,1,116.302885505676,1,1.94253722119355,551.330017089844,1,9.13589954376221,34.9940986633301,0.0438000001013279,"3",0.00885654240846634,0.000388999993447214,"1",107.538497924805,-66.0183,16.7004,13.9165496361213,50,50,50,50,50,50,0,10321,1,17,-66,0.0073,47,2026-09-22 19:05:19.002046,551.330017089844,1.0815,0,"aoml_apex",1029.58130128963
"1902800",18,0,2,0.0365,1,0.0146,1,0.000410999986343086,1,116.897713806152,1,1.94201414206544,601.909973144531,1,8.394700050354,34.896598815918,0.0364999994635582,"3",0.00590436160564423,0.000410999986343086,"1",108.088500976562,-66.0183,16.7004,13.9165496361213,50,50,50,50,50,50,0,10321,1,17,-66,0.0073,47,2026-09-22 19:05:19.002046,601.909973144531,1.0815,0,"aoml_apex",1029.85861775079
"1902800",18,0,2,0.0438,1,0.0219,1,0.000352000002749264,1,119.082018379211,1,1.94147112995377,651.690002441406,1,7.64389991760254,34.8213005065918,0.0438000001013279,"3",0.00885654240846634,0.000352000002749264,"1",110.108200073242,-66.0183,16.7004,13.9165496361213,50,50,50,50,50,50,0,10321,1,17,-66,0.0073,47,2026-09-22 19:05:19.002046,651.690002441406,1.0815,0,"aoml_apex",1030.14665999572
"1902800",18,0,2,0.0438,1,0.0219,1,0.000338999991072342,1,122.166676322937,1,1.9409616218192,700.919982910156,1,7.22130012512207,34.7975006103516,0.0438000001013279,"3",0.00885654240846634,0.000338999991072342,"1",112.960403442383,-66.0183,16.7004,13.9165496361213,50,50,50,50,50,50,0,10321,1,17,-66,0.0073,47,2026-09-22 19:05:19.002046,700.919982910156,1.0815,0,"aoml_apex",1030.41707652389
"1902800",18,0,2,0.0438,1,0.0219,1,0.000338999991072342,1,128.86483574295,1,1.94041168250904,750.919982910156,1,6.79899978637695,34.7985000610352,0.0438000001013279,"3",0.00885654240846634,0.000338999991072342,"1",119.153800964355,-66.0183,16.7004,13.9165496361213,50,50,50,50,50,50,0,10321,1,17,-66,0.0073,47,2026-09-22 19:05:19.002046,750.919982910156,1.0815,0,"aoml_apex",1030.70911086966
"1902800",18,0,2,0.0438,1,0.0219,1,0.000456000008853152,1,138.907433578491,1,1.93983942335343,801.469970703125,1,6.60340023040771,34.8568992614746,0.0438000001013279,"3",0.00885654240846634,0.000456000008853152,"1",128.439605712891,-66.0183,16.7004,13.9165496361213,50,50,50,50,50,50,0,10321,1,17,-66,0.0073,47,2026-09-22 19:05:19.002046,801.469970703125,1.0815,0,"aoml_apex",1031.01317352473
"1902800",18,0,2,0.0365,1,0.0146,1,0.000302000000374392,1,149.853825531006,1,1.93927502703434,851.400024414062,1,6.4242000579834,34.9171981811523,0.0364999994635582,"3",0.00590436160564423,0.000302000000374392,"1",138.561096191406,-66.0183,16.7004,13.9165496361213,50,50,50,50,50,50,0,10321,1,17,-66,0.0073,47,2026-09-22 19:05:19.002046,851.400024414062,1.0815,0,"aoml_apex",1031.31323413086
"1902800",18,0,2,0.0438,1,0.0219,1,0.000277999992249534,1,166.997867958069,1,1.938702829541,901.559997558594,1,6.08570003509521,34.9514007568359,0.0438000001013279,"3",0.00885654240846634,0.000277999992249534,"1",154.413192749023,-66.0183,16.7004,13.9165496361213,50,50,50,50,50,50,0,10321,1,17,-66,0.0073,47,2026-09-22 19:05:19.002046,901.559997558594,1.0815,0,"aoml_apex",1031.61762056824
"1902800",18,0,2,0.0365,1,0.0146,1,0.000300999992759898,1,174.621258087158,1,1.93816572356444,951.239990234375,1,5.52559995651245,34.9244995117188,0.0364999994635582,"3",0.00590436160564423,0.000300999992759898,"1",161.462097167969,-66.0183,16.7004,13.9165496361213,50,50,50,50,50,50,0,10321,1,17,-66,0.0073,47,2026-09-22 19:05:19.002046,951.239990234375,1.0815,0,"aoml_apex",1031.90350323699
"1902800",18,0,2,0.0365,1,0.0146,1,0.000300999992759898,1,183.529903106689,1,1.93765755876553,999.599975585938,1,5.29020023345947,34.9472007751465,0.0364999994635582,"3",0.00590436160564423,0.000300999992759898,"1",169.699401855469,-66.0183,16.7004,13.9165496361213,50,50,50,50,50,50,0,10321,1,17,-66,0.0073,47,2026-09-22 19:05:19.002046,999.599975585938,1.0815,0,"aoml_apex",1032.17412744189
"1902800",18,0,2,0.0438,1,0.0219,1,0.000276000006124377,1,191.929697227478,1,1.93669376838377,1099.02001953125,1,4.84119987487793,34.9468994140625,0.0438000001013279,"3",0.00885654240846634,0.000276000006124377,"1",177.466201782227,-66.0183,16.7004,13.9165496361213,50,50,50,50,50,50,0,10321,1,17,-66,0.0073,47,2026-09-22 19:05:19.002046,1099.02001953125,1.0815,0,"aoml_apex",1032.68778608663
"1902800",18,0,2,0.0438,1,0.0219,1,0.000299000006634742,1,197.910605438232,1,1.93576627467618,1199.23999023438,1,4.58979988098145,34.9542999267578,0.0438000001013279,"3",0.00885654240846634,0.000299000006634742,"1",182.996398925781,-66.0183,16.7004,13.9165496361213,50,50,50,50,50,50,0,10321,1,17,-66,0.0073,47,2026-09-22 19:05:19.002046,1199.23999023438,1.0815,0,"aoml_apex",1033.18258312697
"1902800",18,0,2,0.0365,1,0.0146,1,0.000287000002572313,1,203.448639266968,1,1.93487656834706,1298.88000488281,1,4.45340013504028,34.9611015319824,0.0364999994635582,"3",0.00590436160564423,0.000287000002572313,"1",188.117095947266,-66.0183,16.7004,13.9165496361213,50,50,50,50,50,50,0,10321,1,17,-66,0.0073,47,2026-09-22 19:05:19.002046,1298.88000488281,1.0815,0,"aoml_apex",1033.65766722193
"1902800",18,0,2,0.0365,1,0.0146,1,0.000264000002061948,1,206.322083244324,4,1.93400015111529,1399.02001953125,1,4.35069990158081,34.9632987976074,0.0364999994635582,"3",0.00590436160564423,0.000264000002061948,"1",190.774002075195,-66.0183,16.7004,13.9165496361213,50,50,50,50,50,50,0,10321,1,17,-66,0.0073,47,2026-09-22 19:05:19.002046,1399.02001953125,1.0815,0,"aoml_apex",1034.12608258932
